23-Jan-26 08:22:18 - Namespace(arch='cifar_tessvgg_model', cpu=False, dataset='CIFAR10', save_path='./experiments/CIFAR10_VGG_Lonic_wn_int8_ternary_int8', data_path='/home/cts3td/Datasets', trials=1, epochs=100, optimizer='Adam', loss='CE', lr=7.8125e-06, lr_conv=7.8125e-06, batch_size=1, val_batch_size=64, label_encoding='class', activation='LinearSpike', seed=1, pretrained_model=None, training_mode='tess', delay_ls=6, scheduler=100, print_freq=5000, factors_stdp=[0.2, 0.5, 1.0, 1.0], pooling='MAX', weight_decay=0, lr_scheduler_type='ReduceLR', experiment_name='CIFAR10', wn=True, avoid_wn=False, low_precision_training=True, forward_intx=8)
23-Jan-26 08:22:18 - => Everything will be saved to ./experiments/CIFAR10_VGG_Lonic_wn_int8_ternary_int8
23-Jan-26 08:22:19 - CUDA GPU will be used for computations
23-Jan-26 08:22:21 - Training set length: 50000
23-Jan-26 08:22:21 - Test set length: 10000
23-Jan-26 08:22:21 - Activation used: None
23-Jan-26 08:22:21 - Total Parameters: 9222.9K
23-Jan-26 08:22:21 - === Model ===
23-Jan-26 08:22:21 - VGGConvModel(
  (conv_block1): LocalLearningSignalGenerationLayer(
    (block): ConvBlock(
      (pool): Identity()
      (conv): Conv2dSTDP(3, 64, kernel_size=(3, 3), stride=(1, 1), padding=(1, 1), bias=False, threshold=0.60, leak=0.50, reset=soft, grad_leak=False, grad_threshold=False, factors=tensor([0.2000, 0.5000, 1.0000, 1.0000], device='cuda:0'))
      (dropout): DropoutLIF(
        Dropout(p=0.0, inplace=False)
        (dropout): Dropout(p=0.0, inplace=False)
      )
    )
  )
  (conv_block2): LocalLearningSignalGenerationLayer(
    (block): ConvBlock(
      (pool): MaxPool2d(kernel_size=2, stride=2, padding=0, dilation=1, ceil_mode=False)
      (conv): Conv2dSTDP(64, 128, kernel_size=(3, 3), stride=(1, 1), padding=(1, 1), bias=False, threshold=0.60, leak=0.50, reset=soft, grad_leak=False, grad_threshold=False, factors=tensor([0.2000, 0.5000, 1.0000, 1.0000], device='cuda:0'))
      (dropout): DropoutLIF(
        Dropout(p=0.0, inplace=False)
        (dropout): Dropout(p=0.0, inplace=False)
      )
    )
  )
  (conv_block3): LocalLearningSignalGenerationLayer(
    (block): ConvBlock(
      (pool): Identity()
      (conv): Conv2dSTDP(128, 256, kernel_size=(3, 3), stride=(1, 1), padding=(1, 1), bias=False, threshold=0.60, leak=0.50, reset=soft, grad_leak=False, grad_threshold=False, factors=tensor([0.2000, 0.5000, 1.0000, 1.0000], device='cuda:0'))
      (dropout): DropoutLIF(
        Dropout(p=0.0, inplace=False)
        (dropout): Dropout(p=0.0, inplace=False)
      )
    )
  )
  (conv_block4): LocalLearningSignalGenerationLayer(
    (block): ConvBlock(
      (pool): MaxPool2d(kernel_size=2, stride=2, padding=0, dilation=1, ceil_mode=False)
      (conv): Conv2dSTDP(256, 256, kernel_size=(3, 3), stride=(1, 1), padding=(1, 1), bias=False, threshold=0.60, leak=0.50, reset=soft, grad_leak=False, grad_threshold=False, factors=tensor([0.2000, 0.5000, 1.0000, 1.0000], device='cuda:0'))
      (dropout): DropoutLIF(
        Dropout(p=0.0, inplace=False)
        (dropout): Dropout(p=0.0, inplace=False)
      )
    )
  )
  (conv_block5): LocalLearningSignalGenerationLayer(
    (block): ConvBlock(
      (pool): Identity()
      (conv): Conv2dSTDP(256, 512, kernel_size=(3, 3), stride=(1, 1), padding=(1, 1), bias=False, threshold=0.60, leak=0.50, reset=soft, grad_leak=False, grad_threshold=False, factors=tensor([0.2000, 0.5000, 1.0000, 1.0000], device='cuda:0'))
      (dropout): DropoutLIF(
        Dropout(p=0.0, inplace=False)
        (dropout): Dropout(p=0.0, inplace=False)
      )
    )
  )
  (conv_block6): LocalLearningSignalGenerationLayer(
    (block): ConvBlock(
      (pool): MaxPool2d(kernel_size=2, stride=2, padding=0, dilation=1, ceil_mode=False)
      (conv): Conv2dSTDP(512, 512, kernel_size=(3, 3), stride=(1, 1), padding=(1, 1), bias=False, threshold=0.60, leak=0.50, reset=soft, grad_leak=False, grad_threshold=False, factors=tensor([0.2000, 0.5000, 1.0000, 1.0000], device='cuda:0'))
      (dropout): DropoutLIF(
        Dropout(p=0.0, inplace=False)
        (dropout): Dropout(p=0.0, inplace=False)
      )
    )
  )
  (conv_block7): LocalLearningSignalGenerationLayer(
    (block): ConvBlock(
      (pool): Identity()
      (conv): Conv2dSTDP(512, 512, kernel_size=(3, 3), stride=(1, 1), padding=(1, 1), bias=False, threshold=0.60, leak=0.50, reset=soft, grad_leak=False, grad_threshold=False, factors=tensor([0.2000, 0.5000, 1.0000, 1.0000], device='cuda:0'))
      (dropout): DropoutLIF(
        Dropout(p=0.0, inplace=False)
        (dropout): Dropout(p=0.0, inplace=False)
      )
    )
  )
  (conv_block8): LocalLearningSignalGenerationLayer(
    (block): ConvBlock(
      (pool): AdaptiveAvgPool2d(output_size=1)
      (conv): Conv2dSTDP(512, 512, kernel_size=(3, 3), stride=(1, 1), padding=(1, 1), bias=False, threshold=0.60, leak=0.50, reset=soft, grad_leak=False, grad_threshold=False, factors=tensor([0.2000, 0.5000, 1.0000, 1.0000], device='cuda:0'))
      (dropout): DropoutLIF(
        Dropout(p=0.0, inplace=False)
        (dropout): Dropout(p=0.0, inplace=False)
      )
    )
  )
  (linear): Linear(in_features=512, out_features=10, bias=True)
)
23-Jan-26 08:22:21 - 
=== Starting model training with 100 epochs:

23-Jan-26 08:22:21 - 	 Epoch 1...
23-Jan-26 08:25:50 - Epoch: [1][ 4999/50000]	Time  0.040 ( 0.042)	Data  0.001 ( 0.001)	Loss 2.2952e+00 (2.4385e+00)	Acc@1 100.00 ( 12.20)	Acc@5 100.00 ( 56.86)
23-Jan-26 08:29:17 - Epoch: [1][ 9999/50000]	Time  0.040 ( 0.042)	Data  0.001 ( 0.001)	Loss 2.3291e+00 (2.7490e+00)	Acc@1   0.00 ( 15.84)	Acc@5   0.00 ( 64.93)
23-Jan-26 08:32:43 - Epoch: [1][14999/50000]	Time  0.041 ( 0.041)	Data  0.001 ( 0.001)	Loss 2.3773e+00 (2.9852e+00)	Acc@1   0.00 ( 18.46)	Acc@5 100.00 ( 69.32)
23-Jan-26 08:36:11 - Epoch: [1][19999/50000]	Time  0.043 ( 0.041)	Data  0.001 ( 0.001)	Loss 1.2083e-01 (3.1177e+00)	Acc@1 100.00 ( 20.64)	Acc@5 100.00 ( 72.18)
23-Jan-26 08:39:37 - Epoch: [1][24999/50000]	Time  0.041 ( 0.041)	Data  0.001 ( 0.001)	Loss 1.2353e+01 (3.2132e+00)	Acc@1   0.00 ( 22.58)	Acc@5 100.00 ( 74.36)
23-Jan-26 08:43:06 - Epoch: [1][29999/50000]	Time  0.039 ( 0.041)	Data  0.001 ( 0.001)	Loss 1.2791e-01 (3.2907e+00)	Acc@1 100.00 ( 24.10)	Acc@5 100.00 ( 76.05)
23-Jan-26 08:46:33 - Epoch: [1][34999/50000]	Time  0.042 ( 0.041)	Data  0.001 ( 0.001)	Loss 9.5040e-01 (3.3450e+00)	Acc@1   0.00 ( 25.57)	Acc@5 100.00 ( 77.45)
23-Jan-26 08:50:00 - Epoch: [1][39999/50000]	Time  0.041 ( 0.041)	Data  0.001 ( 0.001)	Loss 1.0277e+01 (3.3855e+00)	Acc@1   0.00 ( 26.86)	Acc@5 100.00 ( 78.75)
23-Jan-26 08:53:27 - Epoch: [1][44999/50000]	Time  0.039 ( 0.041)	Data  0.001 ( 0.001)	Loss 5.5331e+00 (3.4202e+00)	Acc@1   0.00 ( 28.06)	Acc@5 100.00 ( 79.82)
23-Jan-26 08:56:54 - Epoch: [1][49999/50000]	Time  0.038 ( 0.041)	Data  0.001 ( 0.001)	Loss 1.2451e+01 (3.4521e+00)	Acc@1   0.00 ( 29.17)	Acc@5   0.00 ( 80.68)
23-Jan-26 08:56:54 -  @Training * Acc@1 29.172 Acc@5 80.684 Loss 3.452
23-Jan-26 08:56:54 - One training epoch latency: 2.073e+03s | Avg Power: 177.6W | Energy: 368095.8378J
23-Jan-26 08:57:04 -  @Testing * Acc@1 42.970 Acc@5 90.520 Loss 3.539
23-Jan-26 08:57:04 - Best acc at epoch 1: 42.96999740600586
23-Jan-26 08:57:04 - Last learning rate: [7.8125e-06]
23-Jan-26 08:57:04 - 	 Epoch 2...
23-Jan-26 09:00:32 - Epoch: [2][ 4999/50000]	Time  0.042 ( 0.041)	Data  0.001 ( 0.001)	Loss 9.4648e+00 (3.7377e+00)	Acc@1   0.00 ( 38.22)	Acc@5 100.00 ( 88.52)
23-Jan-26 09:03:58 - Epoch: [2][ 9999/50000]	Time  0.041 ( 0.041)	Data  0.001 ( 0.001)	Loss 2.5747e-01 (3.7335e+00)	Acc@1 100.00 ( 39.61)	Acc@5 100.00 ( 89.21)
23-Jan-26 09:07:27 - Epoch: [2][14999/50000]	Time  0.040 ( 0.041)	Data  0.001 ( 0.001)	Loss 3.4189e-01 (3.7521e+00)	Acc@1 100.00 ( 40.01)	Acc@5 100.00 ( 89.28)
23-Jan-26 09:10:53 - Epoch: [2][19999/50000]	Time  0.040 ( 0.041)	Data  0.001 ( 0.001)	Loss 9.9992e+00 (3.7734e+00)	Acc@1   0.00 ( 40.34)	Acc@5 100.00 ( 89.24)
23-Jan-26 09:14:20 - Epoch: [2][24999/50000]	Time  0.040 ( 0.041)	Data  0.001 ( 0.001)	Loss 1.3113e-06 (3.7554e+00)	Acc@1 100.00 ( 40.66)	Acc@5 100.00 ( 89.58)
23-Jan-26 09:17:47 - Epoch: [2][29999/50000]	Time  0.041 ( 0.041)	Data  0.001 ( 0.001)	Loss 6.9854e-05 (3.7651e+00)	Acc@1 100.00 ( 40.92)	Acc@5 100.00 ( 89.78)
23-Jan-26 09:21:13 - Epoch: [2][34999/50000]	Time  0.040 ( 0.041)	Data  0.001 ( 0.001)	Loss 3.8160e-01 (3.7716e+00)	Acc@1 100.00 ( 41.14)	Acc@5 100.00 ( 89.89)
23-Jan-26 09:24:40 - Epoch: [2][39999/50000]	Time  0.068 ( 0.041)	Data  0.001 ( 0.001)	Loss 5.3585e+00 (3.7619e+00)	Acc@1   0.00 ( 41.52)	Acc@5 100.00 ( 90.06)
23-Jan-26 09:28:07 - Epoch: [2][44999/50000]	Time  0.040 ( 0.041)	Data  0.001 ( 0.001)	Loss 7.6065e-01 (3.7605e+00)	Acc@1 100.00 ( 41.86)	Acc@5 100.00 ( 90.17)
23-Jan-26 09:31:35 - Epoch: [2][49999/50000]	Time  0.039 ( 0.041)	Data  0.001 ( 0.001)	Loss 9.9328e-01 (3.7465e+00)	Acc@1   0.00 ( 42.20)	Acc@5 100.00 ( 90.35)
23-Jan-26 09:31:36 -  @Training * Acc@1 42.204 Acc@5 90.346 Loss 3.746
23-Jan-26 09:31:36 - One training epoch latency: 2.071e+03s | Avg Power: 181.4W | Energy: 375607.1658J
23-Jan-26 09:31:46 -  @Testing * Acc@1 50.980 Acc@5 93.620 Loss 3.465
23-Jan-26 09:31:46 - Best acc at epoch 2: 50.97999954223633
23-Jan-26 09:31:46 - Last learning rate: [7.8125e-06]
23-Jan-26 09:31:46 - 	 Epoch 3...
23-Jan-26 09:35:14 - Epoch: [3][ 4999/50000]	Time  0.041 ( 0.042)	Data  0.001 ( 0.001)	Loss 7.6399e-01 (3.6910e+00)	Acc@1   0.00 ( 46.72)	Acc@5 100.00 ( 92.10)
23-Jan-26 09:38:43 - Epoch: [3][ 9999/50000]	Time  0.040 ( 0.042)	Data  0.001 ( 0.001)	Loss 1.6187e-04 (3.7237e+00)	Acc@1 100.00 ( 46.31)	Acc@5 100.00 ( 91.99)
23-Jan-26 09:42:11 - Epoch: [3][14999/50000]	Time  0.041 ( 0.042)	Data  0.001 ( 0.001)	Loss 9.0402e+00 (3.7047e+00)	Acc@1   0.00 ( 46.48)	Acc@5   0.00 ( 92.07)
23-Jan-26 09:45:39 - Epoch: [3][19999/50000]	Time  0.041 ( 0.042)	Data  0.001 ( 0.001)	Loss 1.8535e-02 (3.7143e+00)	Acc@1 100.00 ( 46.81)	Acc@5 100.00 ( 92.00)
23-Jan-26 09:49:08 - Epoch: [3][24999/50000]	Time  0.040 ( 0.042)	Data  0.001 ( 0.001)	Loss 1.4417e+01 (3.6856e+00)	Acc@1   0.00 ( 47.20)	Acc@5 100.00 ( 92.13)
23-Jan-26 09:52:36 - Epoch: [3][29999/50000]	Time  0.040 ( 0.042)	Data  0.001 ( 0.001)	Loss 6.4124e+00 (3.6803e+00)	Acc@1   0.00 ( 47.50)	Acc@5 100.00 ( 92.17)
23-Jan-26 09:56:06 - Epoch: [3][34999/50000]	Time  0.040 ( 0.042)	Data  0.001 ( 0.001)	Loss 1.3113e-06 (3.6733e+00)	Acc@1 100.00 ( 47.82)	Acc@5 100.00 ( 92.32)
23-Jan-26 09:59:33 - Epoch: [3][39999/50000]	Time  0.045 ( 0.042)	Data  0.001 ( 0.001)	Loss 1.8651e-02 (3.6683e+00)	Acc@1 100.00 ( 48.09)	Acc@5 100.00 ( 92.42)
23-Jan-26 10:03:03 - Epoch: [3][44999/50000]	Time  0.041 ( 0.042)	Data  0.001 ( 0.001)	Loss 7.1285e-05 (3.6636e+00)	Acc@1 100.00 ( 48.30)	Acc@5 100.00 ( 92.54)
23-Jan-26 10:06:31 - Epoch: [3][49999/50000]	Time  0.038 ( 0.042)	Data  0.001 ( 0.001)	Loss 0.0000e+00 (3.6554e+00)	Acc@1 100.00 ( 48.58)	Acc@5 100.00 ( 92.64)
23-Jan-26 10:06:31 -  @Training * Acc@1 48.584 Acc@5 92.636 Loss 3.655
23-Jan-26 10:06:31 - One training epoch latency: 2.085e+03s | Avg Power: 180.6W | Energy: 376523.4272J
23-Jan-26 10:06:41 -  @Testing * Acc@1 55.390 Acc@5 94.840 Loss 3.357
23-Jan-26 10:06:41 - Best acc at epoch 3: 55.38999938964844
23-Jan-26 10:06:41 - Last learning rate: [7.8125e-06]
23-Jan-26 10:06:41 - 	 Epoch 4...
23-Jan-26 10:10:10 - Epoch: [4][ 4999/50000]	Time  0.040 ( 0.042)	Data  0.001 ( 0.001)	Loss 1.0337e+00 (3.4994e+00)	Acc@1   0.00 ( 52.62)	Acc@5 100.00 ( 93.98)
23-Jan-26 10:13:38 - Epoch: [4][ 9999/50000]	Time  0.041 ( 0.042)	Data  0.001 ( 0.001)	Loss 1.0045e-01 (3.4813e+00)	Acc@1 100.00 ( 53.19)	Acc@5 100.00 ( 93.92)
23-Jan-26 10:17:06 - Epoch: [4][14999/50000]	Time  0.040 ( 0.042)	Data  0.001 ( 0.001)	Loss 1.1682e-05 (3.5106e+00)	Acc@1 100.00 ( 52.93)	Acc@5 100.00 ( 93.87)
23-Jan-26 10:20:36 - Epoch: [4][19999/50000]	Time  0.039 ( 0.042)	Data  0.001 ( 0.001)	Loss 3.6019e-04 (3.5271e+00)	Acc@1 100.00 ( 52.96)	Acc@5 100.00 ( 93.70)
23-Jan-26 10:24:03 - Epoch: [4][24999/50000]	Time  0.041 ( 0.042)	Data  0.001 ( 0.001)	Loss 1.4922e+01 (3.5191e+00)	Acc@1   0.00 ( 53.08)	Acc@5   0.00 ( 93.71)
23-Jan-26 10:27:33 - Epoch: [4][29999/50000]	Time  0.040 ( 0.042)	Data  0.001 ( 0.001)	Loss 1.5749e+00 (3.4998e+00)	Acc@1   0.00 ( 53.30)	Acc@5 100.00 ( 93.81)
23-Jan-26 10:31:01 - Epoch: [4][34999/50000]	Time  0.041 ( 0.042)	Data  0.001 ( 0.001)	Loss 2.6822e-05 (3.4880e+00)	Acc@1 100.00 ( 53.53)	Acc@5 100.00 ( 93.89)
23-Jan-26 10:34:29 - Epoch: [4][39999/50000]	Time  0.041 ( 0.042)	Data  0.001 ( 0.001)	Loss 8.9583e-01 (3.4750e+00)	Acc@1   0.00 ( 53.76)	Acc@5 100.00 ( 94.00)
23-Jan-26 10:37:58 - Epoch: [4][44999/50000]	Time  0.039 ( 0.042)	Data  0.001 ( 0.001)	Loss 2.5702e+00 (3.4706e+00)	Acc@1   0.00 ( 53.89)	Acc@5 100.00 ( 94.07)
23-Jan-26 10:41:25 - Epoch: [4][49999/50000]	Time  0.039 ( 0.042)	Data  0.001 ( 0.001)	Loss 6.3757e-04 (3.4594e+00)	Acc@1 100.00 ( 54.07)	Acc@5 100.00 ( 94.14)
23-Jan-26 10:41:25 -  @Training * Acc@1 54.074 Acc@5 94.136 Loss 3.459
23-Jan-26 10:41:25 - One training epoch latency: 2.084e+03s | Avg Power: 181.0W | Energy: 377326.5067J
23-Jan-26 10:41:36 -  @Testing * Acc@1 60.830 Acc@5 95.810 Loss 3.269
23-Jan-26 10:41:36 - Best acc at epoch 4: 60.82999801635742
23-Jan-26 10:41:36 - Last learning rate: [7.8125e-06]
23-Jan-26 10:41:36 - 	 Epoch 5...
23-Jan-26 10:45:06 - Epoch: [5][ 4999/50000]	Time  0.040 ( 0.042)	Data  0.001 ( 0.001)	Loss 6.5373e-01 (3.2831e+00)	Acc@1 100.00 ( 57.42)	Acc@5 100.00 ( 94.64)
23-Jan-26 10:48:33 - Epoch: [5][ 9999/50000]	Time  0.040 ( 0.042)	Data  0.001 ( 0.001)	Loss 2.5018e+01 (3.2810e+00)	Acc@1   0.00 ( 57.74)	Acc@5   0.00 ( 94.80)
23-Jan-26 10:52:03 - Epoch: [5][14999/50000]	Time  0.041 ( 0.042)	Data  0.001 ( 0.001)	Loss 1.1849e-04 (3.2918e+00)	Acc@1 100.00 ( 57.40)	Acc@5 100.00 ( 95.01)
23-Jan-26 10:55:31 - Epoch: [5][19999/50000]	Time  0.040 ( 0.042)	Data  0.001 ( 0.001)	Loss 1.3060e-03 (3.2551e+00)	Acc@1 100.00 ( 57.69)	Acc@5 100.00 ( 95.14)
23-Jan-26 10:58:59 - Epoch: [5][24999/50000]	Time  0.040 ( 0.042)	Data  0.001 ( 0.001)	Loss 3.5880e+00 (3.2724e+00)	Acc@1   0.00 ( 57.75)	Acc@5 100.00 ( 95.08)
23-Jan-26 11:02:28 - Epoch: [5][29999/50000]	Time  0.041 ( 0.042)	Data  0.001 ( 0.001)	Loss 5.7062e+00 (3.2641e+00)	Acc@1   0.00 ( 57.88)	Acc@5 100.00 ( 95.10)
23-Jan-26 11:05:55 - Epoch: [5][34999/50000]	Time  0.040 ( 0.042)	Data  0.001 ( 0.001)	Loss 3.5514e+00 (3.2593e+00)	Acc@1   0.00 ( 57.85)	Acc@5 100.00 ( 95.15)
23-Jan-26 11:09:26 - Epoch: [5][39999/50000]	Time  0.039 ( 0.042)	Data  0.001 ( 0.001)	Loss 3.5763e-07 (3.2459e+00)	Acc@1 100.00 ( 58.08)	Acc@5 100.00 ( 95.20)
23-Jan-26 11:12:52 - Epoch: [5][44999/50000]	Time  0.041 ( 0.042)	Data  0.001 ( 0.001)	Loss 3.2268e+00 (3.2291e+00)	Acc@1   0.00 ( 58.31)	Acc@5 100.00 ( 95.33)
23-Jan-26 11:16:22 - Epoch: [5][49999/50000]	Time  0.038 ( 0.042)	Data  0.001 ( 0.001)	Loss 5.6265e-05 (3.2287e+00)	Acc@1 100.00 ( 58.29)	Acc@5 100.00 ( 95.32)
23-Jan-26 11:16:22 -  @Training * Acc@1 58.288 Acc@5 95.316 Loss 3.229
23-Jan-26 11:16:23 - One training epoch latency: 2.087e+03s | Avg Power: 180.6W | Energy: 376787.0481J
23-Jan-26 11:16:33 -  @Testing * Acc@1 65.020 Acc@5 96.860 Loss 2.926
23-Jan-26 11:16:33 - Best acc at epoch 5: 65.0199966430664
23-Jan-26 11:16:33 - Last learning rate: [7.8125e-06]
23-Jan-26 11:16:33 - 	 Epoch 6...
23-Jan-26 11:20:00 - Epoch: [6][ 4999/50000]	Time  0.040 ( 0.041)	Data  0.001 ( 0.001)	Loss 0.0000e+00 (3.1205e+00)	Acc@1 100.00 ( 61.16)	Acc@5 100.00 ( 95.36)
23-Jan-26 11:23:28 - Epoch: [6][ 9999/50000]	Time  0.040 ( 0.041)	Data  0.001 ( 0.001)	Loss 1.7094e+01 (3.0774e+00)	Acc@1   0.00 ( 61.07)	Acc@5   0.00 ( 95.55)
23-Jan-26 11:26:56 - Epoch: [6][14999/50000]	Time  0.041 ( 0.042)	Data  0.001 ( 0.001)	Loss 5.1771e-04 (3.0883e+00)	Acc@1 100.00 ( 61.04)	Acc@5 100.00 ( 95.62)
23-Jan-26 11:30:21 - Epoch: [6][19999/50000]	Time  0.039 ( 0.041)	Data  0.001 ( 0.001)	Loss 7.7392e-01 (3.0519e+00)	Acc@1   0.00 ( 61.48)	Acc@5 100.00 ( 95.71)
23-Jan-26 11:33:50 - Epoch: [6][24999/50000]	Time  0.040 ( 0.041)	Data  0.001 ( 0.001)	Loss 0.0000e+00 (3.0549e+00)	Acc@1 100.00 ( 61.52)	Acc@5 100.00 ( 95.88)
23-Jan-26 11:37:14 - Epoch: [6][29999/50000]	Time  0.042 ( 0.041)	Data  0.001 ( 0.001)	Loss 3.9570e+00 (3.0762e+00)	Acc@1   0.00 ( 61.39)	Acc@5 100.00 ( 95.84)
23-Jan-26 11:40:43 - Epoch: [6][34999/50000]	Time  0.041 ( 0.041)	Data  0.001 ( 0.001)	Loss 0.0000e+00 (3.0583e+00)	Acc@1 100.00 ( 61.55)	Acc@5 100.00 ( 95.94)
23-Jan-26 11:44:09 - Epoch: [6][39999/50000]	Time  0.042 ( 0.041)	Data  0.001 ( 0.001)	Loss 7.0754e+00 (3.0595e+00)	Acc@1   0.00 ( 61.69)	Acc@5 100.00 ( 96.00)
23-Jan-26 11:47:37 - Epoch: [6][44999/50000]	Time  0.040 ( 0.041)	Data  0.001 ( 0.001)	Loss 7.3988e-03 (3.0443e+00)	Acc@1 100.00 ( 61.80)	Acc@5 100.00 ( 96.07)
23-Jan-26 11:51:04 - Epoch: [6][49999/50000]	Time  0.039 ( 0.041)	Data  0.001 ( 0.001)	Loss 1.2979e-02 (3.0374e+00)	Acc@1 100.00 ( 61.82)	Acc@5 100.00 ( 96.11)
23-Jan-26 11:51:04 -  @Training * Acc@1 61.822 Acc@5 96.106 Loss 3.037
23-Jan-26 11:51:04 - One training epoch latency: 2.071e+03s | Avg Power: 181.2W | Energy: 375316.1715J
23-Jan-26 11:51:14 -  @Testing * Acc@1 66.920 Acc@5 97.360 Loss 2.855
23-Jan-26 11:51:14 - Best acc at epoch 6: 66.91999816894531
23-Jan-26 11:51:14 - Last learning rate: [7.8125e-06]
23-Jan-26 11:51:14 - 	 Epoch 7...
23-Jan-26 11:54:42 - Epoch: [7][ 4999/50000]	Time  0.040 ( 0.041)	Data  0.001 ( 0.001)	Loss 1.9024e-04 (2.9507e+00)	Acc@1 100.00 ( 62.84)	Acc@5 100.00 ( 96.34)
23-Jan-26 11:58:12 - Epoch: [7][ 9999/50000]	Time  0.040 ( 0.042)	Data  0.001 ( 0.001)	Loss 3.5716e+00 (2.8857e+00)	Acc@1   0.00 ( 63.70)	Acc@5 100.00 ( 96.52)
23-Jan-26 12:01:38 - Epoch: [7][14999/50000]	Time  0.040 ( 0.042)	Data  0.001 ( 0.001)	Loss 0.0000e+00 (2.9376e+00)	Acc@1 100.00 ( 63.41)	Acc@5 100.00 ( 96.38)
23-Jan-26 12:05:09 - Epoch: [7][19999/50000]	Time  0.041 ( 0.042)	Data  0.001 ( 0.001)	Loss 1.7432e-02 (2.9294e+00)	Acc@1 100.00 ( 63.47)	Acc@5 100.00 ( 96.43)
23-Jan-26 12:08:37 - Epoch: [7][24999/50000]	Time  0.041 ( 0.042)	Data  0.001 ( 0.001)	Loss 1.2562e+01 (2.9014e+00)	Acc@1   0.00 ( 63.74)	Acc@5 100.00 ( 96.52)
23-Jan-26 12:12:05 - Epoch: [7][29999/50000]	Time  0.040 ( 0.042)	Data  0.001 ( 0.001)	Loss 2.3842e-07 (2.8842e+00)	Acc@1 100.00 ( 64.02)	Acc@5 100.00 ( 96.57)
23-Jan-26 12:15:35 - Epoch: [7][34999/50000]	Time  0.040 ( 0.042)	Data  0.001 ( 0.001)	Loss 3.8861e-05 (2.8802e+00)	Acc@1 100.00 ( 64.20)	Acc@5 100.00 ( 96.58)
23-Jan-26 12:19:02 - Epoch: [7][39999/50000]	Time  0.041 ( 0.042)	Data  0.001 ( 0.001)	Loss 9.5367e-07 (2.8769e+00)	Acc@1 100.00 ( 64.28)	Acc@5 100.00 ( 96.59)
23-Jan-26 12:22:32 - Epoch: [7][44999/50000]	Time  0.040 ( 0.042)	Data  0.001 ( 0.001)	Loss 2.8610e-06 (2.8842e+00)	Acc@1 100.00 ( 64.40)	Acc@5 100.00 ( 96.60)
23-Jan-26 12:25:59 - Epoch: [7][49999/50000]	Time  0.038 ( 0.042)	Data  0.001 ( 0.001)	Loss 4.9612e+00 (2.8698e+00)	Acc@1   0.00 ( 64.54)	Acc@5 100.00 ( 96.65)
23-Jan-26 12:25:59 -  @Training * Acc@1 64.540 Acc@5 96.648 Loss 2.870
23-Jan-26 12:25:59 - One training epoch latency: 2.084e+03s | Avg Power: 180.5W | Energy: 376278.1241J
23-Jan-26 12:26:09 -  @Testing * Acc@1 69.580 Acc@5 97.830 Loss 2.799
23-Jan-26 12:26:09 - Best acc at epoch 7: 69.58000183105469
23-Jan-26 12:26:09 - Last learning rate: [7.8125e-06]
23-Jan-26 12:26:09 - 	 Epoch 8...
23-Jan-26 12:29:40 - Epoch: [8][ 4999/50000]	Time  0.039 ( 0.042)	Data  0.001 ( 0.001)	Loss 0.0000e+00 (2.6873e+00)	Acc@1 100.00 ( 66.70)	Acc@5 100.00 ( 96.84)
23-Jan-26 12:33:08 - Epoch: [8][ 9999/50000]	Time  0.044 ( 0.042)	Data  0.001 ( 0.001)	Loss 1.9596e-04 (2.6988e+00)	Acc@1 100.00 ( 66.88)	Acc@5 100.00 ( 97.06)
23-Jan-26 12:36:37 - Epoch: [8][14999/50000]	Time  0.040 ( 0.042)	Data  0.001 ( 0.001)	Loss 2.3842e-07 (2.7103e+00)	Acc@1 100.00 ( 66.93)	Acc@5 100.00 ( 97.09)
23-Jan-26 12:40:07 - Epoch: [8][19999/50000]	Time  0.041 ( 0.042)	Data  0.001 ( 0.001)	Loss 7.1214e-04 (2.7088e+00)	Acc@1 100.00 ( 67.11)	Acc@5 100.00 ( 97.12)
23-Jan-26 12:43:33 - Epoch: [8][24999/50000]	Time  0.040 ( 0.042)	Data  0.001 ( 0.001)	Loss 7.4991e+00 (2.7108e+00)	Acc@1   0.00 ( 67.00)	Acc@5 100.00 ( 97.13)
23-Jan-26 12:47:04 - Epoch: [8][29999/50000]	Time  0.039 ( 0.042)	Data  0.001 ( 0.001)	Loss 9.7574e+00 (2.7040e+00)	Acc@1   0.00 ( 67.08)	Acc@5 100.00 ( 97.16)
23-Jan-26 12:50:30 - Epoch: [8][34999/50000]	Time  0.041 ( 0.042)	Data  0.001 ( 0.001)	Loss 2.2266e-04 (2.7121e+00)	Acc@1 100.00 ( 67.09)	Acc@5 100.00 ( 97.15)
23-Jan-26 12:54:01 - Epoch: [8][39999/50000]	Time  0.040 ( 0.042)	Data  0.001 ( 0.001)	Loss 3.2424e-05 (2.7086e+00)	Acc@1 100.00 ( 67.13)	Acc@5 100.00 ( 97.12)
23-Jan-26 12:57:28 - Epoch: [8][44999/50000]	Time  0.056 ( 0.042)	Data  0.001 ( 0.001)	Loss 0.0000e+00 (2.7097e+00)	Acc@1 100.00 ( 67.13)	Acc@5 100.00 ( 97.15)
23-Jan-26 13:00:57 - Epoch: [8][49999/50000]	Time  0.039 ( 0.042)	Data  0.001 ( 0.001)	Loss 1.5614e+01 (2.6996e+00)	Acc@1   0.00 ( 67.26)	Acc@5   0.00 ( 97.17)
23-Jan-26 13:00:57 -  @Training * Acc@1 67.264 Acc@5 97.170 Loss 2.700
23-Jan-26 13:00:57 - One training epoch latency: 2.088e+03s | Avg Power: 180.3W | Energy: 376505.3720J
23-Jan-26 13:01:08 -  @Testing * Acc@1 71.380 Acc@5 97.830 Loss 2.687
23-Jan-26 13:01:08 - Best acc at epoch 8: 71.37999725341797
23-Jan-26 13:01:08 - Last learning rate: [7.8125e-06]
23-Jan-26 13:01:08 - 	 Epoch 9...
23-Jan-26 13:04:38 - Epoch: [9][ 4999/50000]	Time  0.039 ( 0.042)	Data  0.001 ( 0.001)	Loss 8.3569e+00 (2.5672e+00)	Acc@1   0.00 ( 68.94)	Acc@5 100.00 ( 97.64)
23-Jan-26 13:08:04 - Epoch: [9][ 9999/50000]	Time  0.040 ( 0.042)	Data  0.001 ( 0.001)	Loss 1.4396e-01 (2.6088e+00)	Acc@1 100.00 ( 69.00)	Acc@5 100.00 ( 97.47)
23-Jan-26 13:11:35 - Epoch: [9][14999/50000]	Time  0.040 ( 0.042)	Data  0.001 ( 0.001)	Loss 0.0000e+00 (2.5761e+00)	Acc@1 100.00 ( 69.11)	Acc@5 100.00 ( 97.41)
23-Jan-26 13:15:01 - Epoch: [9][19999/50000]	Time  0.040 ( 0.042)	Data  0.001 ( 0.001)	Loss 1.5874e-02 (2.5569e+00)	Acc@1 100.00 ( 69.07)	Acc@5 100.00 ( 97.53)
23-Jan-26 13:18:31 - Epoch: [9][24999/50000]	Time  0.039 ( 0.042)	Data  0.001 ( 0.001)	Loss 6.9198e-03 (2.5665e+00)	Acc@1 100.00 ( 69.00)	Acc@5 100.00 ( 97.50)
23-Jan-26 13:21:58 - Epoch: [9][29999/50000]	Time  0.067 ( 0.042)	Data  0.001 ( 0.001)	Loss 2.0776e+01 (2.5637e+00)	Acc@1   0.00 ( 69.15)	Acc@5 100.00 ( 97.46)
23-Jan-26 13:25:27 - Epoch: [9][34999/50000]	Time  0.040 ( 0.042)	Data  0.001 ( 0.001)	Loss 0.0000e+00 (2.5563e+00)	Acc@1 100.00 ( 69.19)	Acc@5 100.00 ( 97.50)
23-Jan-26 13:28:57 - Epoch: [9][39999/50000]	Time  0.041 ( 0.042)	Data  0.001 ( 0.001)	Loss 2.2641e+01 (2.5525e+00)	Acc@1   0.00 ( 69.22)	Acc@5 100.00 ( 97.55)
23-Jan-26 13:32:23 - Epoch: [9][44999/50000]	Time  0.039 ( 0.042)	Data  0.001 ( 0.001)	Loss 0.0000e+00 (2.5574e+00)	Acc@1 100.00 ( 69.29)	Acc@5 100.00 ( 97.52)
23-Jan-26 13:35:53 - Epoch: [9][49999/50000]	Time  0.039 ( 0.042)	Data  0.001 ( 0.001)	Loss 1.8276e+00 (2.5586e+00)	Acc@1   0.00 ( 69.37)	Acc@5 100.00 ( 97.54)
23-Jan-26 13:35:53 -  @Training * Acc@1 69.366 Acc@5 97.540 Loss 2.559
23-Jan-26 13:35:53 - One training epoch latency: 2.085e+03s | Avg Power: 180.5W | Energy: 376440.2266J
23-Jan-26 13:36:04 -  @Testing * Acc@1 73.720 Acc@5 98.060 Loss 2.559
23-Jan-26 13:36:04 - Best acc at epoch 9: 73.72000122070312
23-Jan-26 13:36:04 - Last learning rate: [7.8125e-06]
23-Jan-26 13:36:04 - 	 Epoch 10...
23-Jan-26 13:39:31 - Epoch: [10][ 4999/50000]	Time  0.041 ( 0.041)	Data  0.001 ( 0.001)	Loss 1.1921e-07 (2.4193e+00)	Acc@1 100.00 ( 71.50)	Acc@5 100.00 ( 97.74)
23-Jan-26 13:43:01 - Epoch: [10][ 9999/50000]	Time  0.040 ( 0.042)	Data  0.001 ( 0.001)	Loss 0.0000e+00 (2.5026e+00)	Acc@1 100.00 ( 70.69)	Acc@5 100.00 ( 97.66)
23-Jan-26 13:46:29 - Epoch: [10][14999/50000]	Time  0.044 ( 0.042)	Data  0.001 ( 0.001)	Loss 0.0000e+00 (2.4875e+00)	Acc@1 100.00 ( 70.58)	Acc@5 100.00 ( 97.71)
23-Jan-26 13:49:57 - Epoch: [10][19999/50000]	Time  0.040 ( 0.042)	Data  0.001 ( 0.001)	Loss 1.6164e+01 (2.4901e+00)	Acc@1   0.00 ( 70.54)	Acc@5 100.00 ( 97.81)
23-Jan-26 13:53:28 - Epoch: [10][24999/50000]	Time  0.041 ( 0.042)	Data  0.001 ( 0.001)	Loss 0.0000e+00 (2.4801e+00)	Acc@1 100.00 ( 70.59)	Acc@5 100.00 ( 97.84)
23-Jan-26 13:56:54 - Epoch: [10][29999/50000]	Time  0.039 ( 0.042)	Data  0.001 ( 0.001)	Loss 1.6614e+01 (2.4687e+00)	Acc@1   0.00 ( 70.75)	Acc@5   0.00 ( 97.84)
23-Jan-26 14:00:24 - Epoch: [10][34999/50000]	Time  0.042 ( 0.042)	Data  0.001 ( 0.001)	Loss 2.2544e+00 (2.4657e+00)	Acc@1   0.00 ( 70.70)	Acc@5 100.00 ( 97.81)
23-Jan-26 14:03:51 - Epoch: [10][39999/50000]	Time  0.041 ( 0.042)	Data  0.001 ( 0.001)	Loss 0.0000e+00 (2.4595e+00)	Acc@1 100.00 ( 70.74)	Acc@5 100.00 ( 97.82)
23-Jan-26 14:07:21 - Epoch: [10][44999/50000]	Time  0.040 ( 0.042)	Data  0.001 ( 0.001)	Loss 1.2094e-03 (2.4424e+00)	Acc@1 100.00 ( 70.92)	Acc@5 100.00 ( 97.83)
23-Jan-26 14:10:49 - Epoch: [10][49999/50000]	Time  0.042 ( 0.042)	Data  0.001 ( 0.001)	Loss 0.0000e+00 (2.4407e+00)	Acc@1 100.00 ( 71.00)	Acc@5 100.00 ( 97.84)
23-Jan-26 14:10:49 -  @Training * Acc@1 70.998 Acc@5 97.842 Loss 2.441
23-Jan-26 14:10:49 - One training epoch latency: 2.085e+03s | Avg Power: 180.3W | Energy: 375871.2341J
23-Jan-26 14:11:00 -  @Testing * Acc@1 75.100 Acc@5 98.360 Loss 2.560
23-Jan-26 14:11:00 - Best acc at epoch 10: 75.0999984741211
23-Jan-26 14:11:00 - Last learning rate: [7.8125e-06]
23-Jan-26 14:11:00 - 	 Epoch 11...
23-Jan-26 14:14:29 - Epoch: [11][ 4999/50000]	Time  0.039 ( 0.042)	Data  0.001 ( 0.001)	Loss 1.5542e-01 (2.3452e+00)	Acc@1 100.00 ( 71.90)	Acc@5 100.00 ( 98.30)
23-Jan-26 14:17:59 - Epoch: [11][ 9999/50000]	Time  0.041 ( 0.042)	Data  0.001 ( 0.001)	Loss 4.8056e+00 (2.3168e+00)	Acc@1   0.00 ( 72.35)	Acc@5 100.00 ( 98.28)
23-Jan-26 14:21:25 - Epoch: [11][14999/50000]	Time  0.040 ( 0.042)	Data  0.001 ( 0.001)	Loss 6.1028e-04 (2.3227e+00)	Acc@1 100.00 ( 72.53)	Acc@5 100.00 ( 98.16)
23-Jan-26 14:24:55 - Epoch: [11][19999/50000]	Time  0.040 ( 0.042)	Data  0.001 ( 0.001)	Loss 0.0000e+00 (2.3569e+00)	Acc@1 100.00 ( 72.12)	Acc@5 100.00 ( 98.13)
23-Jan-26 14:28:21 - Epoch: [11][24999/50000]	Time  0.065 ( 0.042)	Data  0.001 ( 0.001)	Loss 0.0000e+00 (2.3649e+00)	Acc@1 100.00 ( 72.21)	Acc@5 100.00 ( 98.08)
23-Jan-26 14:31:52 - Epoch: [11][29999/50000]	Time  0.041 ( 0.042)	Data  0.001 ( 0.001)	Loss 5.6146e-05 (2.3482e+00)	Acc@1 100.00 ( 72.38)	Acc@5 100.00 ( 98.09)
23-Jan-26 14:35:20 - Epoch: [11][34999/50000]	Time  0.042 ( 0.042)	Data  0.001 ( 0.001)	Loss 0.0000e+00 (2.3326e+00)	Acc@1 100.00 ( 72.46)	Acc@5 100.00 ( 98.09)
23-Jan-26 14:38:44 - Epoch: [11][39999/50000]	Time  0.040 ( 0.042)	Data  0.001 ( 0.001)	Loss 5.5168e+00 (2.3342e+00)	Acc@1   0.00 ( 72.43)	Acc@5 100.00 ( 98.07)
23-Jan-26 14:42:05 - Epoch: [11][44999/50000]	Time  0.038 ( 0.041)	Data  0.001 ( 0.001)	Loss 0.0000e+00 (2.3365e+00)	Acc@1 100.00 ( 72.50)	Acc@5 100.00 ( 98.06)
23-Jan-26 14:45:25 - Epoch: [11][49999/50000]	Time  0.038 ( 0.041)	Data  0.001 ( 0.001)	Loss 1.0990e-04 (2.3164e+00)	Acc@1 100.00 ( 72.63)	Acc@5 100.00 ( 98.06)
23-Jan-26 14:45:25 -  @Training * Acc@1 72.632 Acc@5 98.064 Loss 2.316
23-Jan-26 14:45:25 - One training epoch latency: 2.065e+03s | Avg Power: 181.0W | Energy: 373882.7915J
23-Jan-26 14:45:36 -  @Testing * Acc@1 76.520 Acc@5 98.590 Loss 2.326
23-Jan-26 14:45:36 - Best acc at epoch 11: 76.5199966430664
23-Jan-26 14:45:36 - Last learning rate: [7.8125e-06]
23-Jan-26 14:45:36 - 	 Epoch 12...
23-Jan-26 14:48:57 - Epoch: [12][ 4999/50000]	Time  0.062 ( 0.040)	Data  0.001 ( 0.001)	Loss 0.0000e+00 (2.3044e+00)	Acc@1 100.00 ( 72.92)	Acc@5 100.00 ( 98.06)
23-Jan-26 14:52:16 - Epoch: [12][ 9999/50000]	Time  0.039 ( 0.040)	Data  0.001 ( 0.001)	Loss 1.8569e-02 (2.2862e+00)	Acc@1 100.00 ( 73.69)	Acc@5 100.00 ( 98.05)
23-Jan-26 14:55:35 - Epoch: [12][14999/50000]	Time  0.038 ( 0.040)	Data  0.001 ( 0.001)	Loss 4.7684e-07 (2.2559e+00)	Acc@1 100.00 ( 73.89)	Acc@5 100.00 ( 98.13)
23-Jan-26 14:58:48 - Epoch: [12][19999/50000]	Time  0.038 ( 0.040)	Data  0.001 ( 0.001)	Loss 4.8310e+00 (2.2394e+00)	Acc@1   0.00 ( 74.06)	Acc@5 100.00 ( 98.14)
23-Jan-26 15:02:00 - Epoch: [12][24999/50000]	Time  0.037 ( 0.039)	Data  0.001 ( 0.001)	Loss 0.0000e+00 (2.2450e+00)	Acc@1 100.00 ( 74.20)	Acc@5 100.00 ( 98.16)
23-Jan-26 15:05:12 - Epoch: [12][29999/50000]	Time  0.037 ( 0.039)	Data  0.001 ( 0.001)	Loss 2.2650e-05 (2.2400e+00)	Acc@1 100.00 ( 74.12)	Acc@5 100.00 ( 98.19)
23-Jan-26 15:08:24 - Epoch: [12][34999/50000]	Time  0.037 ( 0.039)	Data  0.001 ( 0.001)	Loss 4.6457e+00 (2.2364e+00)	Acc@1   0.00 ( 74.12)	Acc@5 100.00 ( 98.25)
23-Jan-26 15:11:37 - Epoch: [12][39999/50000]	Time  0.038 ( 0.039)	Data  0.001 ( 0.001)	Loss 0.0000e+00 (2.2377e+00)	Acc@1 100.00 ( 74.12)	Acc@5 100.00 ( 98.22)
23-Jan-26 15:14:49 - Epoch: [12][44999/50000]	Time  0.038 ( 0.039)	Data  0.001 ( 0.001)	Loss 2.5874e+01 (2.2263e+00)	Acc@1   0.00 ( 74.22)	Acc@5 100.00 ( 98.22)
23-Jan-26 15:18:01 - Epoch: [12][49999/50000]	Time  0.037 ( 0.039)	Data  0.001 ( 0.001)	Loss 1.2955e-01 (2.2270e+00)	Acc@1 100.00 ( 74.21)	Acc@5 100.00 ( 98.21)
23-Jan-26 15:18:01 -  @Training * Acc@1 74.212 Acc@5 98.212 Loss 2.227
23-Jan-26 15:18:01 - One training epoch latency: 1.946e+03s | Avg Power: 185.0W | Energy: 360013.0214J
23-Jan-26 15:18:12 -  @Testing * Acc@1 77.740 Acc@5 98.510 Loss 2.215
23-Jan-26 15:18:12 - Best acc at epoch 12: 77.73999786376953
23-Jan-26 15:18:12 - Last learning rate: [7.8125e-06]
23-Jan-26 15:18:12 - 	 Epoch 13...
23-Jan-26 15:21:24 - Epoch: [13][ 4999/50000]	Time  0.060 ( 0.039)	Data  0.001 ( 0.001)	Loss 7.1525e-06 (2.1766e+00)	Acc@1 100.00 ( 75.50)	Acc@5 100.00 ( 98.48)
23-Jan-26 15:24:37 - Epoch: [13][ 9999/50000]	Time  0.037 ( 0.039)	Data  0.001 ( 0.001)	Loss 2.9128e-01 (2.0799e+00)	Acc@1 100.00 ( 76.12)	Acc@5 100.00 ( 98.52)
23-Jan-26 15:27:49 - Epoch: [13][14999/50000]	Time  0.037 ( 0.039)	Data  0.001 ( 0.001)	Loss 2.1696e-05 (2.1082e+00)	Acc@1 100.00 ( 75.79)	Acc@5 100.00 ( 98.44)
23-Jan-26 15:31:02 - Epoch: [13][19999/50000]	Time  0.037 ( 0.038)	Data  0.001 ( 0.001)	Loss 1.6235e-04 (2.1115e+00)	Acc@1 100.00 ( 75.61)	Acc@5 100.00 ( 98.38)
23-Jan-26 15:34:14 - Epoch: [13][24999/50000]	Time  0.037 ( 0.038)	Data  0.001 ( 0.001)	Loss 2.8523e-01 (2.1151e+00)	Acc@1 100.00 ( 75.62)	Acc@5 100.00 ( 98.37)
23-Jan-26 15:37:27 - Epoch: [13][29999/50000]	Time  0.038 ( 0.039)	Data  0.001 ( 0.001)	Loss 1.6232e+00 (2.1188e+00)	Acc@1   0.00 ( 75.49)	Acc@5 100.00 ( 98.37)
23-Jan-26 15:40:40 - Epoch: [13][34999/50000]	Time  0.037 ( 0.039)	Data  0.001 ( 0.001)	Loss 4.7684e-07 (2.1237e+00)	Acc@1 100.00 ( 75.42)	Acc@5 100.00 ( 98.37)
23-Jan-26 15:43:52 - Epoch: [13][39999/50000]	Time  0.037 ( 0.039)	Data  0.001 ( 0.001)	Loss 1.8772e+01 (2.1388e+00)	Acc@1   0.00 ( 75.21)	Acc@5 100.00 ( 98.34)
23-Jan-26 15:47:05 - Epoch: [13][44999/50000]	Time  0.037 ( 0.039)	Data  0.001 ( 0.001)	Loss 7.2664e-02 (2.1346e+00)	Acc@1 100.00 ( 75.26)	Acc@5 100.00 ( 98.35)
23-Jan-26 15:50:17 - Epoch: [13][49999/50000]	Time  0.036 ( 0.039)	Data  0.001 ( 0.001)	Loss 0.0000e+00 (2.1345e+00)	Acc@1 100.00 ( 75.28)	Acc@5 100.00 ( 98.36)
23-Jan-26 15:50:17 -  @Training * Acc@1 75.280 Acc@5 98.358 Loss 2.135
23-Jan-26 15:50:17 - One training epoch latency: 1.926e+03s | Avg Power: 185.7W | Energy: 357556.8142J
23-Jan-26 15:50:28 -  @Testing * Acc@1 77.450 Acc@5 98.610 Loss 2.419
23-Jan-26 15:50:28 - Best acc at epoch 13: 77.73999786376953
23-Jan-26 15:50:28 - Last learning rate: [7.8125e-06]
23-Jan-26 15:50:28 - 	 Epoch 14...
23-Jan-26 15:53:41 - Epoch: [14][ 4999/50000]	Time  0.038 ( 0.039)	Data  0.001 ( 0.001)	Loss 1.8220e-01 (2.1128e+00)	Acc@1 100.00 ( 74.96)	Acc@5 100.00 ( 98.50)
23-Jan-26 15:56:53 - Epoch: [14][ 9999/50000]	Time  0.038 ( 0.038)	Data  0.001 ( 0.001)	Loss 0.0000e+00 (2.0649e+00)	Acc@1 100.00 ( 75.56)	Acc@5 100.00 ( 98.54)
23-Jan-26 16:00:05 - Epoch: [14][14999/50000]	Time  0.037 ( 0.038)	Data  0.001 ( 0.001)	Loss 0.0000e+00 (2.0500e+00)	Acc@1 100.00 ( 75.85)	Acc@5 100.00 ( 98.55)
23-Jan-26 16:03:17 - Epoch: [14][19999/50000]	Time  0.037 ( 0.038)	Data  0.001 ( 0.001)	Loss 0.0000e+00 (2.0577e+00)	Acc@1 100.00 ( 75.68)	Acc@5 100.00 ( 98.52)
23-Jan-26 16:06:29 - Epoch: [14][24999/50000]	Time  0.037 ( 0.038)	Data  0.001 ( 0.001)	Loss 1.2561e+01 (2.0554e+00)	Acc@1   0.00 ( 75.81)	Acc@5 100.00 ( 98.54)
23-Jan-26 16:09:41 - Epoch: [14][29999/50000]	Time  0.038 ( 0.038)	Data  0.001 ( 0.001)	Loss 1.5349e+00 (2.0660e+00)	Acc@1   0.00 ( 75.93)	Acc@5 100.00 ( 98.49)
23-Jan-26 16:12:53 - Epoch: [14][34999/50000]	Time  0.038 ( 0.038)	Data  0.001 ( 0.001)	Loss 1.5423e-01 (2.0498e+00)	Acc@1 100.00 ( 76.11)	Acc@5 100.00 ( 98.53)
23-Jan-26 16:16:05 - Epoch: [14][39999/50000]	Time  0.038 ( 0.038)	Data  0.001 ( 0.001)	Loss 0.0000e+00 (2.0524e+00)	Acc@1 100.00 ( 76.18)	Acc@5 100.00 ( 98.51)
23-Jan-26 16:19:17 - Epoch: [14][44999/50000]	Time  0.037 ( 0.038)	Data  0.001 ( 0.001)	Loss 0.0000e+00 (2.0468e+00)	Acc@1 100.00 ( 76.26)	Acc@5 100.00 ( 98.53)
23-Jan-26 16:22:29 - Epoch: [14][49999/50000]	Time  0.036 ( 0.038)	Data  0.001 ( 0.001)	Loss 2.1968e-04 (2.0451e+00)	Acc@1 100.00 ( 76.33)	Acc@5 100.00 ( 98.54)
23-Jan-26 16:22:29 -  @Training * Acc@1 76.328 Acc@5 98.538 Loss 2.045
23-Jan-26 16:22:29 - One training epoch latency: 1.921e+03s | Avg Power: 185.8W | Energy: 356982.1120J
23-Jan-26 16:22:39 -  @Testing * Acc@1 77.640 Acc@5 98.950 Loss 2.292
23-Jan-26 16:22:39 - Best acc at epoch 14: 77.73999786376953
23-Jan-26 16:22:39 - Last learning rate: [7.8125e-06]
23-Jan-26 16:22:39 - 	 Epoch 15...
23-Jan-26 16:25:52 - Epoch: [15][ 4999/50000]	Time  0.037 ( 0.038)	Data  0.001 ( 0.001)	Loss 9.5524e-04 (1.9706e+00)	Acc@1 100.00 ( 76.92)	Acc@5 100.00 ( 98.76)
23-Jan-26 16:29:04 - Epoch: [15][ 9999/50000]	Time  0.037 ( 0.038)	Data  0.001 ( 0.001)	Loss 8.1247e+00 (1.9862e+00)	Acc@1   0.00 ( 77.06)	Acc@5 100.00 ( 98.74)
23-Jan-26 16:32:16 - Epoch: [15][14999/50000]	Time  0.037 ( 0.038)	Data  0.001 ( 0.001)	Loss 0.0000e+00 (1.9936e+00)	Acc@1 100.00 ( 77.29)	Acc@5 100.00 ( 98.71)
23-Jan-26 16:35:28 - Epoch: [15][19999/50000]	Time  0.038 ( 0.038)	Data  0.001 ( 0.001)	Loss 2.6334e-01 (1.9959e+00)	Acc@1 100.00 ( 77.28)	Acc@5 100.00 ( 98.65)
23-Jan-26 16:38:40 - Epoch: [15][24999/50000]	Time  0.037 ( 0.038)	Data  0.001 ( 0.001)	Loss 6.7949e-06 (1.9977e+00)	Acc@1 100.00 ( 77.24)	Acc@5 100.00 ( 98.65)
23-Jan-26 16:41:53 - Epoch: [15][29999/50000]	Time  0.037 ( 0.038)	Data  0.001 ( 0.001)	Loss 1.8002e-01 (1.9832e+00)	Acc@1 100.00 ( 77.30)	Acc@5 100.00 ( 98.66)
23-Jan-26 16:45:05 - Epoch: [15][34999/50000]	Time  0.037 ( 0.038)	Data  0.001 ( 0.001)	Loss 7.3171e+00 (1.9877e+00)	Acc@1   0.00 ( 77.33)	Acc@5 100.00 ( 98.65)
23-Jan-26 16:48:17 - Epoch: [15][39999/50000]	Time  0.038 ( 0.038)	Data  0.001 ( 0.001)	Loss 0.0000e+00 (1.9848e+00)	Acc@1 100.00 ( 77.34)	Acc@5 100.00 ( 98.63)
23-Jan-26 16:51:30 - Epoch: [15][44999/50000]	Time  0.038 ( 0.038)	Data  0.001 ( 0.001)	Loss 3.0065e-03 (1.9768e+00)	Acc@1 100.00 ( 77.37)	Acc@5 100.00 ( 98.66)
23-Jan-26 16:54:43 - Epoch: [15][49999/50000]	Time  0.037 ( 0.038)	Data  0.001 ( 0.001)	Loss 4.7868e+00 (1.9785e+00)	Acc@1   0.00 ( 77.43)	Acc@5 100.00 ( 98.64)
23-Jan-26 16:54:43 -  @Training * Acc@1 77.426 Acc@5 98.644 Loss 1.979
23-Jan-26 16:54:43 - One training epoch latency: 1.923e+03s | Avg Power: 185.6W | Energy: 356938.4808J
23-Jan-26 16:54:53 -  @Testing * Acc@1 80.220 Acc@5 98.790 Loss 2.010
23-Jan-26 16:54:53 - Best acc at epoch 15: 80.22000122070312
23-Jan-26 16:54:53 - Last learning rate: [7.8125e-06]
23-Jan-26 16:54:53 - 	 Epoch 16...
23-Jan-26 16:58:06 - Epoch: [16][ 4999/50000]	Time  0.038 ( 0.039)	Data  0.001 ( 0.001)	Loss 0.0000e+00 (1.8857e+00)	Acc@1 100.00 ( 78.48)	Acc@5 100.00 ( 98.52)
23-Jan-26 17:01:18 - Epoch: [16][ 9999/50000]	Time  0.037 ( 0.038)	Data  0.001 ( 0.001)	Loss 0.0000e+00 (1.9121e+00)	Acc@1 100.00 ( 78.41)	Acc@5 100.00 ( 98.56)
23-Jan-26 17:04:30 - Epoch: [16][14999/50000]	Time  0.037 ( 0.038)	Data  0.001 ( 0.001)	Loss 1.2288e+00 (1.9017e+00)	Acc@1   0.00 ( 78.29)	Acc@5 100.00 ( 98.60)
23-Jan-26 17:07:43 - Epoch: [16][19999/50000]	Time  0.037 ( 0.038)	Data  0.001 ( 0.001)	Loss 2.0371e-04 (1.8904e+00)	Acc@1 100.00 ( 78.38)	Acc@5 100.00 ( 98.71)
23-Jan-26 17:10:55 - Epoch: [16][24999/50000]	Time  0.037 ( 0.038)	Data  0.001 ( 0.001)	Loss 4.0531e-06 (1.8800e+00)	Acc@1 100.00 ( 78.36)	Acc@5 100.00 ( 98.74)
23-Jan-26 17:14:07 - Epoch: [16][29999/50000]	Time  0.037 ( 0.038)	Data  0.001 ( 0.001)	Loss 0.0000e+00 (1.8780e+00)	Acc@1 100.00 ( 78.42)	Acc@5 100.00 ( 98.74)
23-Jan-26 17:17:20 - Epoch: [16][34999/50000]	Time  0.037 ( 0.038)	Data  0.001 ( 0.001)	Loss 6.1277e-03 (1.8849e+00)	Acc@1 100.00 ( 78.47)	Acc@5 100.00 ( 98.73)
23-Jan-26 17:20:32 - Epoch: [16][39999/50000]	Time  0.037 ( 0.038)	Data  0.001 ( 0.001)	Loss 3.5047e-05 (1.8877e+00)	Acc@1 100.00 ( 78.47)	Acc@5 100.00 ( 98.70)
23-Jan-26 17:23:44 - Epoch: [16][44999/50000]	Time  0.037 ( 0.038)	Data  0.001 ( 0.001)	Loss 1.3661e+00 (1.8825e+00)	Acc@1   0.00 ( 78.49)	Acc@5 100.00 ( 98.73)
23-Jan-26 17:26:56 - Epoch: [16][49999/50000]	Time  0.036 ( 0.038)	Data  0.001 ( 0.001)	Loss 5.6384e-05 (1.8889e+00)	Acc@1 100.00 ( 78.40)	Acc@5 100.00 ( 98.75)
23-Jan-26 17:26:56 -  @Training * Acc@1 78.400 Acc@5 98.746 Loss 1.889
23-Jan-26 17:26:56 - One training epoch latency: 1.923e+03s | Avg Power: 185.6W | Energy: 356902.7835J
23-Jan-26 17:27:07 -  @Testing * Acc@1 80.560 Acc@5 98.940 Loss 2.038
23-Jan-26 17:27:07 - Best acc at epoch 16: 80.55999755859375
23-Jan-26 17:27:07 - Last learning rate: [7.8125e-06]
23-Jan-26 17:27:07 - 	 Epoch 17...
23-Jan-26 17:30:19 - Epoch: [17][ 4999/50000]	Time  0.038 ( 0.039)	Data  0.001 ( 0.001)	Loss 0.0000e+00 (1.8225e+00)	Acc@1 100.00 ( 78.74)	Acc@5 100.00 ( 98.96)
23-Jan-26 17:33:32 - Epoch: [17][ 9999/50000]	Time  0.037 ( 0.039)	Data  0.001 ( 0.001)	Loss 0.0000e+00 (1.8411e+00)	Acc@1 100.00 ( 78.77)	Acc@5 100.00 ( 98.99)
23-Jan-26 17:36:44 - Epoch: [17][14999/50000]	Time  0.038 ( 0.039)	Data  0.001 ( 0.001)	Loss 0.0000e+00 (1.8380e+00)	Acc@1 100.00 ( 78.72)	Acc@5 100.00 ( 98.85)
23-Jan-26 17:39:57 - Epoch: [17][19999/50000]	Time  0.037 ( 0.039)	Data  0.001 ( 0.001)	Loss 0.0000e+00 (1.8431e+00)	Acc@1 100.00 ( 78.69)	Acc@5 100.00 ( 98.85)
23-Jan-26 17:43:09 - Epoch: [17][24999/50000]	Time  0.038 ( 0.039)	Data  0.001 ( 0.001)	Loss 0.0000e+00 (1.8243e+00)	Acc@1 100.00 ( 78.91)	Acc@5 100.00 ( 98.83)
23-Jan-26 17:46:22 - Epoch: [17][29999/50000]	Time  0.038 ( 0.039)	Data  0.001 ( 0.001)	Loss 0.0000e+00 (1.8295e+00)	Acc@1 100.00 ( 78.94)	Acc@5 100.00 ( 98.87)
23-Jan-26 17:49:34 - Epoch: [17][34999/50000]	Time  0.061 ( 0.039)	Data  0.001 ( 0.001)	Loss 0.0000e+00 (1.8304e+00)	Acc@1 100.00 ( 79.03)	Acc@5 100.00 ( 98.91)
23-Jan-26 17:52:47 - Epoch: [17][39999/50000]	Time  0.038 ( 0.039)	Data  0.001 ( 0.001)	Loss 4.8294e+00 (1.8327e+00)	Acc@1   0.00 ( 79.03)	Acc@5 100.00 ( 98.88)
23-Jan-26 17:55:59 - Epoch: [17][44999/50000]	Time  0.038 ( 0.039)	Data  0.001 ( 0.001)	Loss 0.0000e+00 (1.8225e+00)	Acc@1 100.00 ( 79.12)	Acc@5 100.00 ( 98.88)
23-Jan-26 17:59:12 - Epoch: [17][49999/50000]	Time  0.037 ( 0.038)	Data  0.001 ( 0.001)	Loss 1.0347e-04 (1.8309e+00)	Acc@1 100.00 ( 79.05)	Acc@5 100.00 ( 98.87)
23-Jan-26 17:59:12 -  @Training * Acc@1 79.054 Acc@5 98.866 Loss 1.831
23-Jan-26 17:59:12 - One training epoch latency: 1.925e+03s | Avg Power: 185.6W | Energy: 357322.4388J
23-Jan-26 17:59:22 -  @Testing * Acc@1 82.060 Acc@5 99.060 Loss 1.835
23-Jan-26 17:59:22 - Best acc at epoch 17: 82.05999755859375
23-Jan-26 17:59:22 - Last learning rate: [7.8125e-06]
23-Jan-26 17:59:22 - 	 Epoch 18...
23-Jan-26 18:02:35 - Epoch: [18][ 4999/50000]	Time  0.037 ( 0.038)	Data  0.001 ( 0.001)	Loss 6.5453e+00 (1.7490e+00)	Acc@1   0.00 ( 80.34)	Acc@5 100.00 ( 98.88)
23-Jan-26 18:05:47 - Epoch: [18][ 9999/50000]	Time  0.038 ( 0.038)	Data  0.001 ( 0.001)	Loss 1.9073e-06 (1.7601e+00)	Acc@1 100.00 ( 80.06)	Acc@5 100.00 ( 98.82)
23-Jan-26 18:09:00 - Epoch: [18][14999/50000]	Time  0.037 ( 0.038)	Data  0.001 ( 0.001)	Loss 0.0000e+00 (1.7913e+00)	Acc@1 100.00 ( 79.66)	Acc@5 100.00 ( 98.79)
23-Jan-26 18:12:12 - Epoch: [18][19999/50000]	Time  0.038 ( 0.038)	Data  0.001 ( 0.001)	Loss 3.4571e-06 (1.7782e+00)	Acc@1 100.00 ( 79.70)	Acc@5 100.00 ( 98.78)
23-Jan-26 18:15:24 - Epoch: [18][24999/50000]	Time  0.038 ( 0.038)	Data  0.001 ( 0.001)	Loss 0.0000e+00 (1.7608e+00)	Acc@1 100.00 ( 79.93)	Acc@5 100.00 ( 98.85)
23-Jan-26 18:18:36 - Epoch: [18][29999/50000]	Time  0.038 ( 0.038)	Data  0.001 ( 0.001)	Loss 0.0000e+00 (1.7516e+00)	Acc@1 100.00 ( 79.88)	Acc@5 100.00 ( 98.88)
23-Jan-26 18:21:49 - Epoch: [18][34999/50000]	Time  0.037 ( 0.038)	Data  0.001 ( 0.001)	Loss 0.0000e+00 (1.7487e+00)	Acc@1 100.00 ( 79.92)	Acc@5 100.00 ( 98.92)
23-Jan-26 18:25:02 - Epoch: [18][39999/50000]	Time  0.038 ( 0.038)	Data  0.001 ( 0.001)	Loss 0.0000e+00 (1.7529e+00)	Acc@1 100.00 ( 79.92)	Acc@5 100.00 ( 98.92)
23-Jan-26 18:28:14 - Epoch: [18][44999/50000]	Time  0.038 ( 0.038)	Data  0.001 ( 0.001)	Loss 1.3873e+01 (1.7578e+00)	Acc@1   0.00 ( 79.87)	Acc@5 100.00 ( 98.93)
23-Jan-26 18:31:27 - Epoch: [18][49999/50000]	Time  0.036 ( 0.038)	Data  0.001 ( 0.001)	Loss 1.1224e+01 (1.7595e+00)	Acc@1   0.00 ( 79.91)	Acc@5 100.00 ( 98.92)
23-Jan-26 18:31:27 -  @Training * Acc@1 79.910 Acc@5 98.916 Loss 1.759
23-Jan-26 18:31:27 - One training epoch latency: 1.924e+03s | Avg Power: 185.8W | Energy: 357477.7112J
23-Jan-26 18:31:37 -  @Testing * Acc@1 81.520 Acc@5 99.050 Loss 1.942
23-Jan-26 18:31:37 - Best acc at epoch 18: 82.05999755859375
23-Jan-26 18:31:37 - Last learning rate: [7.8125e-06]
23-Jan-26 18:31:37 - 	 Epoch 19...
23-Jan-26 18:34:50 - Epoch: [19][ 4999/50000]	Time  0.038 ( 0.039)	Data  0.001 ( 0.001)	Loss 5.9604e-06 (1.6466e+00)	Acc@1 100.00 ( 81.96)	Acc@5 100.00 ( 99.08)
23-Jan-26 18:38:03 - Epoch: [19][ 9999/50000]	Time  0.038 ( 0.039)	Data  0.001 ( 0.001)	Loss 4.7318e-02 (1.6376e+00)	Acc@1 100.00 ( 81.57)	Acc@5 100.00 ( 99.08)
23-Jan-26 18:41:17 - Epoch: [19][14999/50000]	Time  0.038 ( 0.039)	Data  0.001 ( 0.001)	Loss 7.9329e+00 (1.6780e+00)	Acc@1   0.00 ( 81.20)	Acc@5 100.00 ( 99.03)
23-Jan-26 18:44:30 - Epoch: [19][19999/50000]	Time  0.038 ( 0.039)	Data  0.001 ( 0.001)	Loss 3.7995e-03 (1.7067e+00)	Acc@1 100.00 ( 81.03)	Acc@5 100.00 ( 98.96)
23-Jan-26 18:47:43 - Epoch: [19][24999/50000]	Time  0.038 ( 0.039)	Data  0.001 ( 0.001)	Loss 9.8000e+00 (1.6993e+00)	Acc@1   0.00 ( 80.90)	Acc@5 100.00 ( 99.00)
23-Jan-26 18:50:56 - Epoch: [19][29999/50000]	Time  0.037 ( 0.039)	Data  0.001 ( 0.001)	Loss 0.0000e+00 (1.6994e+00)	Acc@1 100.00 ( 80.89)	Acc@5 100.00 ( 98.96)
23-Jan-26 18:54:08 - Epoch: [19][34999/50000]	Time  0.060 ( 0.039)	Data  0.023 ( 0.001)	Loss 6.5542e+00 (1.7044e+00)	Acc@1   0.00 ( 80.91)	Acc@5 100.00 ( 98.98)
23-Jan-26 18:57:21 - Epoch: [19][39999/50000]	Time  0.038 ( 0.039)	Data  0.001 ( 0.001)	Loss 2.3197e-02 (1.7103e+00)	Acc@1 100.00 ( 80.77)	Acc@5 100.00 ( 98.97)
23-Jan-26 19:00:35 - Epoch: [19][44999/50000]	Time  0.038 ( 0.039)	Data  0.001 ( 0.001)	Loss 8.2741e+00 (1.7118e+00)	Acc@1   0.00 ( 80.76)	Acc@5 100.00 ( 98.98)
23-Jan-26 19:03:48 - Epoch: [19][49999/50000]	Time  0.037 ( 0.039)	Data  0.001 ( 0.001)	Loss 6.1407e-03 (1.7036e+00)	Acc@1 100.00 ( 80.85)	Acc@5 100.00 ( 98.98)
23-Jan-26 19:03:48 -  @Training * Acc@1 80.852 Acc@5 98.984 Loss 1.704
23-Jan-26 19:03:48 - One training epoch latency: 1.931e+03s | Avg Power: 185.3W | Energy: 357699.4713J
23-Jan-26 19:03:58 -  @Testing * Acc@1 81.450 Acc@5 98.960 Loss 2.135
23-Jan-26 19:03:58 - Best acc at epoch 19: 82.05999755859375
23-Jan-26 19:03:58 - Last learning rate: [7.8125e-06]
23-Jan-26 19:03:58 - 	 Epoch 20...
23-Jan-26 19:07:11 - Epoch: [20][ 4999/50000]	Time  0.037 ( 0.039)	Data  0.001 ( 0.001)	Loss 0.0000e+00 (1.7035e+00)	Acc@1 100.00 ( 80.42)	Acc@5 100.00 ( 98.98)
23-Jan-26 19:10:23 - Epoch: [20][ 9999/50000]	Time  0.038 ( 0.038)	Data  0.001 ( 0.001)	Loss 0.0000e+00 (1.6600e+00)	Acc@1 100.00 ( 80.58)	Acc@5 100.00 ( 99.07)
23-Jan-26 19:13:35 - Epoch: [20][14999/50000]	Time  0.037 ( 0.038)	Data  0.001 ( 0.001)	Loss 0.0000e+00 (1.6470e+00)	Acc@1 100.00 ( 81.07)	Acc@5 100.00 ( 99.11)
23-Jan-26 19:16:47 - Epoch: [20][19999/50000]	Time  0.037 ( 0.038)	Data  0.001 ( 0.001)	Loss 0.0000e+00 (1.6385e+00)	Acc@1 100.00 ( 81.20)	Acc@5 100.00 ( 99.10)
23-Jan-26 19:20:00 - Epoch: [20][24999/50000]	Time  0.037 ( 0.038)	Data  0.001 ( 0.001)	Loss 0.0000e+00 (1.6420e+00)	Acc@1 100.00 ( 81.20)	Acc@5 100.00 ( 99.09)
23-Jan-26 19:23:12 - Epoch: [20][29999/50000]	Time  0.037 ( 0.038)	Data  0.001 ( 0.001)	Loss 1.9073e-06 (1.6371e+00)	Acc@1 100.00 ( 81.24)	Acc@5 100.00 ( 99.10)
23-Jan-26 19:26:24 - Epoch: [20][34999/50000]	Time  0.037 ( 0.038)	Data  0.001 ( 0.001)	Loss 1.4305e-06 (1.6396e+00)	Acc@1 100.00 ( 81.29)	Acc@5 100.00 ( 99.08)
23-Jan-26 19:29:37 - Epoch: [20][39999/50000]	Time  0.038 ( 0.038)	Data  0.001 ( 0.001)	Loss 1.9073e-06 (1.6449e+00)	Acc@1 100.00 ( 81.25)	Acc@5 100.00 ( 99.06)
23-Jan-26 19:32:49 - Epoch: [20][44999/50000]	Time  0.038 ( 0.038)	Data  0.001 ( 0.001)	Loss 5.0312e-02 (1.6351e+00)	Acc@1 100.00 ( 81.36)	Acc@5 100.00 ( 99.06)
23-Jan-26 19:36:02 - Epoch: [20][49999/50000]	Time  0.036 ( 0.038)	Data  0.001 ( 0.001)	Loss 6.7128e-04 (1.6408e+00)	Acc@1 100.00 ( 81.32)	Acc@5 100.00 ( 99.05)
23-Jan-26 19:36:02 -  @Training * Acc@1 81.320 Acc@5 99.048 Loss 1.641
23-Jan-26 19:36:02 - One training epoch latency: 1.923e+03s | Avg Power: 185.7W | Energy: 357245.4807J
23-Jan-26 19:36:12 -  @Testing * Acc@1 82.650 Acc@5 99.090 Loss 1.944
23-Jan-26 19:36:12 - Best acc at epoch 20: 82.6500015258789
23-Jan-26 19:36:12 - Last learning rate: [7.8125e-06]
23-Jan-26 19:36:12 - 	 Epoch 21...
23-Jan-26 19:39:24 - Epoch: [21][ 4999/50000]	Time  0.038 ( 0.038)	Data  0.001 ( 0.001)	Loss 3.5763e-07 (1.4883e+00)	Acc@1 100.00 ( 82.90)	Acc@5 100.00 ( 99.00)
23-Jan-26 19:42:37 - Epoch: [21][ 9999/50000]	Time  0.037 ( 0.038)	Data  0.001 ( 0.001)	Loss 1.8664e+00 (1.6041e+00)	Acc@1   0.00 ( 82.06)	Acc@5 100.00 ( 98.95)
23-Jan-26 19:45:49 - Epoch: [21][14999/50000]	Time  0.037 ( 0.038)	Data  0.001 ( 0.001)	Loss 2.4866e-02 (1.5927e+00)	Acc@1 100.00 ( 82.03)	Acc@5 100.00 ( 99.09)
23-Jan-26 19:49:01 - Epoch: [21][19999/50000]	Time  0.037 ( 0.038)	Data  0.001 ( 0.001)	Loss 2.4329e+01 (1.5958e+00)	Acc@1   0.00 ( 81.93)	Acc@5 100.00 ( 99.11)
23-Jan-26 19:52:13 - Epoch: [21][24999/50000]	Time  0.037 ( 0.038)	Data  0.001 ( 0.001)	Loss 0.0000e+00 (1.5944e+00)	Acc@1 100.00 ( 81.90)	Acc@5 100.00 ( 99.10)
23-Jan-26 19:55:25 - Epoch: [21][29999/50000]	Time  0.038 ( 0.038)	Data  0.001 ( 0.001)	Loss 0.0000e+00 (1.5949e+00)	Acc@1 100.00 ( 81.90)	Acc@5 100.00 ( 99.11)
23-Jan-26 19:58:37 - Epoch: [21][34999/50000]	Time  0.037 ( 0.038)	Data  0.001 ( 0.001)	Loss 2.0427e-01 (1.5842e+00)	Acc@1 100.00 ( 82.03)	Acc@5 100.00 ( 99.11)
23-Jan-26 20:01:49 - Epoch: [21][39999/50000]	Time  0.037 ( 0.038)	Data  0.001 ( 0.001)	Loss 0.0000e+00 (1.5851e+00)	Acc@1 100.00 ( 81.95)	Acc@5 100.00 ( 99.12)
23-Jan-26 20:05:01 - Epoch: [21][44999/50000]	Time  0.037 ( 0.038)	Data  0.001 ( 0.001)	Loss 1.0654e+00 (1.5916e+00)	Acc@1   0.00 ( 81.88)	Acc@5 100.00 ( 99.11)
23-Jan-26 20:08:13 - Epoch: [21][49999/50000]	Time  0.036 ( 0.038)	Data  0.001 ( 0.001)	Loss 0.0000e+00 (1.5982e+00)	Acc@1 100.00 ( 81.86)	Acc@5 100.00 ( 99.12)
23-Jan-26 20:08:13 -  @Training * Acc@1 81.862 Acc@5 99.122 Loss 1.598
23-Jan-26 20:08:13 - One training epoch latency: 1.921e+03s | Avg Power: 185.6W | Energy: 356573.6836J
23-Jan-26 20:08:24 -  @Testing * Acc@1 82.580 Acc@5 99.200 Loss 1.912
23-Jan-26 20:08:24 - Best acc at epoch 21: 82.6500015258789
23-Jan-26 20:08:24 - Last learning rate: [7.8125e-06]
23-Jan-26 20:08:24 - 	 Epoch 22...
23-Jan-26 20:11:37 - Epoch: [22][ 4999/50000]	Time  0.038 ( 0.039)	Data  0.001 ( 0.001)	Loss 0.0000e+00 (1.4663e+00)	Acc@1 100.00 ( 82.84)	Acc@5 100.00 ( 99.08)
23-Jan-26 20:14:49 - Epoch: [22][ 9999/50000]	Time  0.038 ( 0.039)	Data  0.001 ( 0.001)	Loss 6.0427e-03 (1.4624e+00)	Acc@1 100.00 ( 83.15)	Acc@5 100.00 ( 99.27)
23-Jan-26 20:18:02 - Epoch: [22][14999/50000]	Time  0.061 ( 0.039)	Data  0.001 ( 0.001)	Loss 0.0000e+00 (1.4964e+00)	Acc@1 100.00 ( 82.78)	Acc@5 100.00 ( 99.27)
23-Jan-26 20:21:15 - Epoch: [22][19999/50000]	Time  0.038 ( 0.039)	Data  0.001 ( 0.001)	Loss 0.0000e+00 (1.5255e+00)	Acc@1 100.00 ( 82.71)	Acc@5 100.00 ( 99.21)
23-Jan-26 20:24:28 - Epoch: [22][24999/50000]	Time  0.037 ( 0.039)	Data  0.001 ( 0.001)	Loss 8.3446e-07 (1.5611e+00)	Acc@1 100.00 ( 82.54)	Acc@5 100.00 ( 99.15)
23-Jan-26 20:27:41 - Epoch: [22][29999/50000]	Time  0.038 ( 0.039)	Data  0.001 ( 0.001)	Loss 0.0000e+00 (1.5329e+00)	Acc@1 100.00 ( 82.67)	Acc@5 100.00 ( 99.17)
23-Jan-26 20:30:54 - Epoch: [22][34999/50000]	Time  0.038 ( 0.039)	Data  0.001 ( 0.001)	Loss 2.1347e-02 (1.5373e+00)	Acc@1 100.00 ( 82.62)	Acc@5 100.00 ( 99.20)
23-Jan-26 20:34:07 - Epoch: [22][39999/50000]	Time  0.038 ( 0.039)	Data  0.001 ( 0.001)	Loss 3.2186e-06 (1.5409e+00)	Acc@1 100.00 ( 82.54)	Acc@5 100.00 ( 99.21)
23-Jan-26 20:37:20 - Epoch: [22][44999/50000]	Time  0.038 ( 0.039)	Data  0.001 ( 0.001)	Loss 0.0000e+00 (1.5433e+00)	Acc@1 100.00 ( 82.55)	Acc@5 100.00 ( 99.18)
23-Jan-26 20:40:32 - Epoch: [22][49999/50000]	Time  0.038 ( 0.039)	Data  0.001 ( 0.001)	Loss 1.4873e-02 (1.5455e+00)	Acc@1 100.00 ( 82.57)	Acc@5 100.00 ( 99.18)
23-Jan-26 20:40:32 -  @Training * Acc@1 82.572 Acc@5 99.178 Loss 1.546
23-Jan-26 20:40:33 - One training epoch latency: 1.929e+03s | Avg Power: 185.3W | Energy: 357314.9919J
23-Jan-26 20:40:43 -  @Testing * Acc@1 83.540 Acc@5 99.150 Loss 1.889
23-Jan-26 20:40:43 - Best acc at epoch 22: 83.54000091552734
23-Jan-26 20:40:43 - Last learning rate: [7.8125e-06]
23-Jan-26 20:40:43 - 	 Epoch 23...
23-Jan-26 20:43:56 - Epoch: [23][ 4999/50000]	Time  0.038 ( 0.039)	Data  0.001 ( 0.001)	Loss 8.1051e-02 (1.4308e+00)	Acc@1 100.00 ( 83.10)	Acc@5 100.00 ( 99.46)
23-Jan-26 20:47:08 - Epoch: [23][ 9999/50000]	Time  0.037 ( 0.039)	Data  0.001 ( 0.001)	Loss 9.9093e-02 (1.4929e+00)	Acc@1 100.00 ( 82.90)	Acc@5 100.00 ( 99.42)
23-Jan-26 20:50:21 - Epoch: [23][14999/50000]	Time  0.038 ( 0.039)	Data  0.001 ( 0.001)	Loss 0.0000e+00 (1.4877e+00)	Acc@1 100.00 ( 82.77)	Acc@5 100.00 ( 99.35)
23-Jan-26 20:53:33 - Epoch: [23][19999/50000]	Time  0.037 ( 0.039)	Data  0.001 ( 0.001)	Loss 0.0000e+00 (1.4879e+00)	Acc@1 100.00 ( 82.74)	Acc@5 100.00 ( 99.32)
23-Jan-26 20:56:46 - Epoch: [23][24999/50000]	Time  0.037 ( 0.039)	Data  0.001 ( 0.001)	Loss 2.2982e+01 (1.4951e+00)	Acc@1   0.00 ( 82.80)	Acc@5 100.00 ( 99.28)
23-Jan-26 20:59:58 - Epoch: [23][29999/50000]	Time  0.038 ( 0.039)	Data  0.001 ( 0.001)	Loss 0.0000e+00 (1.4857e+00)	Acc@1 100.00 ( 82.89)	Acc@5 100.00 ( 99.25)
23-Jan-26 21:03:12 - Epoch: [23][34999/50000]	Time  0.038 ( 0.039)	Data  0.001 ( 0.001)	Loss 7.9048e+00 (1.4888e+00)	Acc@1   0.00 ( 82.91)	Acc@5 100.00 ( 99.25)
23-Jan-26 21:06:24 - Epoch: [23][39999/50000]	Time  0.038 ( 0.039)	Data  0.001 ( 0.001)	Loss 0.0000e+00 (1.4893e+00)	Acc@1 100.00 ( 82.96)	Acc@5 100.00 ( 99.24)
23-Jan-26 21:09:37 - Epoch: [23][44999/50000]	Time  0.037 ( 0.039)	Data  0.001 ( 0.001)	Loss 1.1921e-07 (1.5012e+00)	Acc@1 100.00 ( 82.88)	Acc@5 100.00 ( 99.22)
23-Jan-26 21:12:49 - Epoch: [23][49999/50000]	Time  0.037 ( 0.039)	Data  0.001 ( 0.001)	Loss 0.0000e+00 (1.5008e+00)	Acc@1 100.00 ( 82.92)	Acc@5 100.00 ( 99.24)
23-Jan-26 21:12:49 -  @Training * Acc@1 82.922 Acc@5 99.238 Loss 1.501
23-Jan-26 21:12:49 - One training epoch latency: 1.926e+03s | Avg Power: 185.3W | Energy: 356879.9423J
23-Jan-26 21:13:00 -  @Testing * Acc@1 83.390 Acc@5 99.210 Loss 1.910
23-Jan-26 21:13:00 - Best acc at epoch 23: 83.54000091552734
23-Jan-26 21:13:00 - Last learning rate: [3.90625e-06]
23-Jan-26 21:13:00 - 	 Epoch 24...
23-Jan-26 21:16:12 - Epoch: [24][ 4999/50000]	Time  0.037 ( 0.039)	Data  0.001 ( 0.001)	Loss 0.0000e+00 (1.2936e+00)	Acc@1 100.00 ( 85.00)	Acc@5 100.00 ( 99.26)
23-Jan-26 21:19:25 - Epoch: [24][ 9999/50000]	Time  0.037 ( 0.039)	Data  0.001 ( 0.001)	Loss 4.7324e+00 (1.3352e+00)	Acc@1   0.00 ( 84.56)	Acc@5 100.00 ( 99.27)
23-Jan-26 21:22:37 - Epoch: [24][14999/50000]	Time  0.038 ( 0.039)	Data  0.001 ( 0.001)	Loss 0.0000e+00 (1.3232e+00)	Acc@1 100.00 ( 84.55)	Acc@5 100.00 ( 99.32)
23-Jan-26 21:25:50 - Epoch: [24][19999/50000]	Time  0.038 ( 0.039)	Data  0.001 ( 0.001)	Loss 0.0000e+00 (1.3488e+00)	Acc@1 100.00 ( 84.51)	Acc@5 100.00 ( 99.27)
23-Jan-26 21:29:02 - Epoch: [24][24999/50000]	Time  0.038 ( 0.039)	Data  0.001 ( 0.001)	Loss 0.0000e+00 (1.3372e+00)	Acc@1 100.00 ( 84.58)	Acc@5 100.00 ( 99.30)
23-Jan-26 21:32:15 - Epoch: [24][29999/50000]	Time  0.038 ( 0.039)	Data  0.001 ( 0.001)	Loss 7.8390e-03 (1.3301e+00)	Acc@1 100.00 ( 84.57)	Acc@5 100.00 ( 99.32)
23-Jan-26 21:35:28 - Epoch: [24][34999/50000]	Time  0.037 ( 0.039)	Data  0.001 ( 0.001)	Loss 0.0000e+00 (1.3266e+00)	Acc@1 100.00 ( 84.63)	Acc@5 100.00 ( 99.34)
23-Jan-26 21:38:40 - Epoch: [24][39999/50000]	Time  0.038 ( 0.039)	Data  0.001 ( 0.001)	Loss 0.0000e+00 (1.3250e+00)	Acc@1 100.00 ( 84.67)	Acc@5 100.00 ( 99.36)
23-Jan-26 21:41:53 - Epoch: [24][44999/50000]	Time  0.038 ( 0.039)	Data  0.001 ( 0.001)	Loss 0.0000e+00 (1.3200e+00)	Acc@1 100.00 ( 84.67)	Acc@5 100.00 ( 99.38)
23-Jan-26 21:45:05 - Epoch: [24][49999/50000]	Time  0.060 ( 0.039)	Data  0.023 ( 0.001)	Loss 2.3037e+00 (1.3136e+00)	Acc@1   0.00 ( 84.70)	Acc@5 100.00 ( 99.39)
23-Jan-26 21:45:05 -  @Training * Acc@1 84.696 Acc@5 99.388 Loss 1.314
23-Jan-26 21:45:06 - One training epoch latency: 1.926e+03s | Avg Power: 185.4W | Energy: 356982.0838J
23-Jan-26 21:45:16 -  @Testing * Acc@1 84.610 Acc@5 99.370 Loss 1.751
23-Jan-26 21:45:16 - Best acc at epoch 24: 84.61000061035156
23-Jan-26 21:45:16 - Last learning rate: [3.90625e-06]
23-Jan-26 21:45:16 - 	 Epoch 25...
23-Jan-26 21:48:29 - Epoch: [25][ 4999/50000]	Time  0.038 ( 0.039)	Data  0.001 ( 0.001)	Loss 0.0000e+00 (1.2860e+00)	Acc@1 100.00 ( 85.22)	Acc@5 100.00 ( 99.44)
23-Jan-26 21:51:41 - Epoch: [25][ 9999/50000]	Time  0.038 ( 0.039)	Data  0.001 ( 0.001)	Loss 0.0000e+00 (1.2780e+00)	Acc@1 100.00 ( 85.05)	Acc@5 100.00 ( 99.36)
23-Jan-26 21:54:54 - Epoch: [25][14999/50000]	Time  0.038 ( 0.039)	Data  0.001 ( 0.001)	Loss 0.0000e+00 (1.2674e+00)	Acc@1 100.00 ( 85.18)	Acc@5 100.00 ( 99.44)
23-Jan-26 21:58:06 - Epoch: [25][19999/50000]	Time  0.038 ( 0.039)	Data  0.001 ( 0.001)	Loss 0.0000e+00 (1.2717e+00)	Acc@1 100.00 ( 85.14)	Acc@5 100.00 ( 99.40)
23-Jan-26 22:01:19 - Epoch: [25][24999/50000]	Time  0.038 ( 0.039)	Data  0.001 ( 0.001)	Loss 5.0067e-05 (1.2781e+00)	Acc@1 100.00 ( 85.09)	Acc@5 100.00 ( 99.36)
23-Jan-26 22:04:32 - Epoch: [25][29999/50000]	Time  0.037 ( 0.039)	Data  0.001 ( 0.001)	Loss 0.0000e+00 (1.2748e+00)	Acc@1 100.00 ( 85.15)	Acc@5 100.00 ( 99.40)
23-Jan-26 22:07:44 - Epoch: [25][34999/50000]	Time  0.037 ( 0.039)	Data  0.001 ( 0.001)	Loss 8.3920e-05 (1.2686e+00)	Acc@1 100.00 ( 85.20)	Acc@5 100.00 ( 99.39)
23-Jan-26 22:10:57 - Epoch: [25][39999/50000]	Time  0.038 ( 0.039)	Data  0.001 ( 0.001)	Loss 1.4394e+00 (1.2726e+00)	Acc@1   0.00 ( 85.16)	Acc@5 100.00 ( 99.39)
23-Jan-26 22:14:09 - Epoch: [25][44999/50000]	Time  0.038 ( 0.039)	Data  0.001 ( 0.001)	Loss 0.0000e+00 (1.2682e+00)	Acc@1 100.00 ( 85.22)	Acc@5 100.00 ( 99.39)
23-Jan-26 22:17:22 - Epoch: [25][49999/50000]	Time  0.037 ( 0.039)	Data  0.001 ( 0.001)	Loss 0.0000e+00 (1.2764e+00)	Acc@1 100.00 ( 85.18)	Acc@5 100.00 ( 99.39)
23-Jan-26 22:17:23 -  @Training * Acc@1 85.180 Acc@5 99.390 Loss 1.276
23-Jan-26 22:17:23 - One training epoch latency: 1.927e+03s | Avg Power: 185.4W | Energy: 357096.8608J
23-Jan-26 22:17:33 -  @Testing * Acc@1 84.420 Acc@5 99.290 Loss 1.775
23-Jan-26 22:17:33 - Best acc at epoch 25: 84.61000061035156
23-Jan-26 22:17:33 - Last learning rate: [3.90625e-06]
23-Jan-26 22:17:33 - 	 Epoch 26...
23-Jan-26 22:20:46 - Epoch: [26][ 4999/50000]	Time  0.038 ( 0.039)	Data  0.001 ( 0.001)	Loss 1.4876e+00 (1.2168e+00)	Acc@1   0.00 ( 85.62)	Acc@5 100.00 ( 99.46)
23-Jan-26 22:23:58 - Epoch: [26][ 9999/50000]	Time  0.038 ( 0.038)	Data  0.001 ( 0.001)	Loss 1.8008e+01 (1.1834e+00)	Acc@1   0.00 ( 86.31)	Acc@5 100.00 ( 99.39)
23-Jan-26 22:27:10 - Epoch: [26][14999/50000]	Time  0.037 ( 0.038)	Data  0.001 ( 0.001)	Loss 0.0000e+00 (1.1962e+00)	Acc@1 100.00 ( 86.13)	Acc@5 100.00 ( 99.39)
23-Jan-26 22:30:23 - Epoch: [26][19999/50000]	Time  0.038 ( 0.038)	Data  0.001 ( 0.001)	Loss 7.2502e-03 (1.2227e+00)	Acc@1 100.00 ( 85.87)	Acc@5 100.00 ( 99.42)
23-Jan-26 22:33:35 - Epoch: [26][24999/50000]	Time  0.038 ( 0.038)	Data  0.001 ( 0.001)	Loss 0.0000e+00 (1.2283e+00)	Acc@1 100.00 ( 85.78)	Acc@5 100.00 ( 99.42)
23-Jan-26 22:36:48 - Epoch: [26][29999/50000]	Time  0.038 ( 0.038)	Data  0.001 ( 0.001)	Loss 3.7466e+00 (1.2434e+00)	Acc@1   0.00 ( 85.65)	Acc@5 100.00 ( 99.42)
23-Jan-26 22:40:00 - Epoch: [26][34999/50000]	Time  0.037 ( 0.038)	Data  0.001 ( 0.001)	Loss 0.0000e+00 (1.2475e+00)	Acc@1 100.00 ( 85.65)	Acc@5 100.00 ( 99.40)
23-Jan-26 22:43:13 - Epoch: [26][39999/50000]	Time  0.038 ( 0.038)	Data  0.001 ( 0.001)	Loss 0.0000e+00 (1.2530e+00)	Acc@1 100.00 ( 85.55)	Acc@5 100.00 ( 99.40)
23-Jan-26 22:46:25 - Epoch: [26][44999/50000]	Time  0.038 ( 0.038)	Data  0.001 ( 0.001)	Loss 0.0000e+00 (1.2505e+00)	Acc@1 100.00 ( 85.56)	Acc@5 100.00 ( 99.42)
23-Jan-26 22:49:37 - Epoch: [26][49999/50000]	Time  0.036 ( 0.038)	Data  0.001 ( 0.001)	Loss 1.2844e+01 (1.2554e+00)	Acc@1   0.00 ( 85.55)	Acc@5 100.00 ( 99.41)
23-Jan-26 22:49:38 -  @Training * Acc@1 85.546 Acc@5 99.412 Loss 1.255
23-Jan-26 22:49:38 - One training epoch latency: 1.925e+03s | Avg Power: 185.4W | Energy: 356792.2939J
23-Jan-26 22:49:48 -  @Testing * Acc@1 85.230 Acc@5 99.330 Loss 1.686
23-Jan-26 22:49:48 - Best acc at epoch 26: 85.22999572753906
23-Jan-26 22:49:48 - Last learning rate: [3.90625e-06]
23-Jan-26 22:49:48 - 	 Epoch 27...
23-Jan-26 22:53:01 - Epoch: [27][ 4999/50000]	Time  0.037 ( 0.039)	Data  0.001 ( 0.001)	Loss 0.0000e+00 (1.1958e+00)	Acc@1 100.00 ( 85.94)	Acc@5 100.00 ( 99.50)
23-Jan-26 22:56:14 - Epoch: [27][ 9999/50000]	Time  0.038 ( 0.039)	Data  0.001 ( 0.001)	Loss 4.9531e-04 (1.1915e+00)	Acc@1 100.00 ( 86.09)	Acc@5 100.00 ( 99.45)
23-Jan-26 22:59:26 - Epoch: [27][14999/50000]	Time  0.038 ( 0.039)	Data  0.001 ( 0.001)	Loss 0.0000e+00 (1.1711e+00)	Acc@1 100.00 ( 86.16)	Acc@5 100.00 ( 99.48)
23-Jan-26 23:02:39 - Epoch: [27][19999/50000]	Time  0.037 ( 0.039)	Data  0.001 ( 0.001)	Loss 7.6232e-01 (1.1891e+00)	Acc@1   0.00 ( 86.06)	Acc@5 100.00 ( 99.48)
23-Jan-26 23:05:52 - Epoch: [27][24999/50000]	Time  0.038 ( 0.039)	Data  0.001 ( 0.001)	Loss 4.9493e-03 (1.2082e+00)	Acc@1 100.00 ( 85.98)	Acc@5 100.00 ( 99.46)
23-Jan-26 23:09:04 - Epoch: [27][29999/50000]	Time  0.038 ( 0.039)	Data  0.001 ( 0.001)	Loss 0.0000e+00 (1.2130e+00)	Acc@1 100.00 ( 85.95)	Acc@5 100.00 ( 99.47)
23-Jan-26 23:12:17 - Epoch: [27][34999/50000]	Time  0.038 ( 0.039)	Data  0.001 ( 0.001)	Loss 0.0000e+00 (1.2056e+00)	Acc@1 100.00 ( 86.03)	Acc@5 100.00 ( 99.48)
23-Jan-26 23:15:30 - Epoch: [27][39999/50000]	Time  0.038 ( 0.039)	Data  0.001 ( 0.001)	Loss 0.0000e+00 (1.2051e+00)	Acc@1 100.00 ( 86.01)	Acc@5 100.00 ( 99.48)
23-Jan-26 23:18:43 - Epoch: [27][44999/50000]	Time  0.038 ( 0.039)	Data  0.001 ( 0.001)	Loss 0.0000e+00 (1.1980e+00)	Acc@1 100.00 ( 86.07)	Acc@5 100.00 ( 99.48)
23-Jan-26 23:21:55 - Epoch: [27][49999/50000]	Time  0.037 ( 0.039)	Data  0.001 ( 0.001)	Loss 0.0000e+00 (1.2009e+00)	Acc@1 100.00 ( 86.06)	Acc@5 100.00 ( 99.46)
23-Jan-26 23:21:55 -  @Training * Acc@1 86.060 Acc@5 99.462 Loss 1.201
23-Jan-26 23:21:56 - One training epoch latency: 1.927e+03s | Avg Power: 185.4W | Energy: 357351.3142J
23-Jan-26 23:22:06 -  @Testing * Acc@1 85.110 Acc@5 99.410 Loss 1.728
23-Jan-26 23:22:06 - Best acc at epoch 27: 85.22999572753906
23-Jan-26 23:22:06 - Last learning rate: [3.90625e-06]
23-Jan-26 23:22:06 - 	 Epoch 28...
23-Jan-26 23:25:19 - Epoch: [28][ 4999/50000]	Time  0.039 ( 0.039)	Data  0.001 ( 0.001)	Loss 0.0000e+00 (1.1342e+00)	Acc@1 100.00 ( 86.68)	Acc@5 100.00 ( 99.46)
23-Jan-26 23:28:32 - Epoch: [28][ 9999/50000]	Time  0.038 ( 0.039)	Data  0.001 ( 0.001)	Loss 1.1921e-07 (1.1331e+00)	Acc@1 100.00 ( 86.75)	Acc@5 100.00 ( 99.48)
23-Jan-26 23:31:44 - Epoch: [28][14999/50000]	Time  0.038 ( 0.039)	Data  0.001 ( 0.001)	Loss 0.0000e+00 (1.1657e+00)	Acc@1 100.00 ( 86.51)	Acc@5 100.00 ( 99.45)
23-Jan-26 23:34:57 - Epoch: [28][19999/50000]	Time  0.038 ( 0.039)	Data  0.001 ( 0.001)	Loss 0.0000e+00 (1.1641e+00)	Acc@1 100.00 ( 86.53)	Acc@5 100.00 ( 99.43)
23-Jan-26 23:38:10 - Epoch: [28][24999/50000]	Time  0.038 ( 0.039)	Data  0.001 ( 0.001)	Loss 6.4243e+00 (1.1613e+00)	Acc@1   0.00 ( 86.55)	Acc@5 100.00 ( 99.44)
23-Jan-26 23:41:23 - Epoch: [28][29999/50000]	Time  0.038 ( 0.039)	Data  0.001 ( 0.001)	Loss 2.4008e+01 (1.1653e+00)	Acc@1   0.00 ( 86.56)	Acc@5 100.00 ( 99.47)
23-Jan-26 23:44:35 - Epoch: [28][34999/50000]	Time  0.038 ( 0.039)	Data  0.001 ( 0.001)	Loss 0.0000e+00 (1.1720e+00)	Acc@1 100.00 ( 86.47)	Acc@5 100.00 ( 99.46)
23-Jan-26 23:47:48 - Epoch: [28][39999/50000]	Time  0.038 ( 0.039)	Data  0.001 ( 0.001)	Loss 2.3994e+01 (1.1716e+00)	Acc@1   0.00 ( 86.49)	Acc@5 100.00 ( 99.46)
23-Jan-26 23:51:01 - Epoch: [28][44999/50000]	Time  0.038 ( 0.039)	Data  0.001 ( 0.001)	Loss 0.0000e+00 (1.1755e+00)	Acc@1 100.00 ( 86.47)	Acc@5 100.00 ( 99.46)
23-Jan-26 23:54:14 - Epoch: [28][49999/50000]	Time  0.037 ( 0.039)	Data  0.001 ( 0.001)	Loss 1.1062e-04 (1.1708e+00)	Acc@1 100.00 ( 86.43)	Acc@5 100.00 ( 99.47)
23-Jan-26 23:54:14 -  @Training * Acc@1 86.434 Acc@5 99.472 Loss 1.171
23-Jan-26 23:54:14 - One training epoch latency: 1.928e+03s | Avg Power: 185.3W | Energy: 357253.2520J
23-Jan-26 23:54:24 -  @Testing * Acc@1 85.510 Acc@5 99.350 Loss 1.741
23-Jan-26 23:54:24 - Best acc at epoch 28: 85.50999450683594
23-Jan-26 23:54:24 - Last learning rate: [3.90625e-06]
23-Jan-26 23:54:24 - 	 Epoch 29...
23-Jan-26 23:57:37 - Epoch: [29][ 4999/50000]	Time  0.037 ( 0.038)	Data  0.001 ( 0.001)	Loss 0.0000e+00 (1.1457e+00)	Acc@1 100.00 ( 86.58)	Acc@5 100.00 ( 99.48)
24-Jan-26 00:00:49 - Epoch: [29][ 9999/50000]	Time  0.037 ( 0.038)	Data  0.001 ( 0.001)	Loss 0.0000e+00 (1.1274e+00)	Acc@1 100.00 ( 87.01)	Acc@5 100.00 ( 99.58)
24-Jan-26 00:04:01 - Epoch: [29][14999/50000]	Time  0.037 ( 0.038)	Data  0.001 ( 0.001)	Loss 0.0000e+00 (1.1486e+00)	Acc@1 100.00 ( 86.95)	Acc@5 100.00 ( 99.57)
24-Jan-26 00:07:13 - Epoch: [29][19999/50000]	Time  0.039 ( 0.038)	Data  0.001 ( 0.001)	Loss 1.0897e+01 (1.1586e+00)	Acc@1   0.00 ( 86.76)	Acc@5 100.00 ( 99.54)
24-Jan-26 00:10:26 - Epoch: [29][24999/50000]	Time  0.037 ( 0.038)	Data  0.001 ( 0.001)	Loss 1.0958e+01 (1.1692e+00)	Acc@1   0.00 ( 86.69)	Acc@5 100.00 ( 99.55)
24-Jan-26 00:13:38 - Epoch: [29][29999/50000]	Time  0.038 ( 0.038)	Data  0.001 ( 0.001)	Loss 6.7499e+00 (1.1759e+00)	Acc@1   0.00 ( 86.55)	Acc@5 100.00 ( 99.52)
24-Jan-26 00:16:50 - Epoch: [29][34999/50000]	Time  0.060 ( 0.038)	Data  0.001 ( 0.001)	Loss 0.0000e+00 (1.1701e+00)	Acc@1 100.00 ( 86.54)	Acc@5 100.00 ( 99.51)
24-Jan-26 00:20:03 - Epoch: [29][39999/50000]	Time  0.037 ( 0.038)	Data  0.001 ( 0.001)	Loss 0.0000e+00 (1.1746e+00)	Acc@1 100.00 ( 86.55)	Acc@5 100.00 ( 99.51)
24-Jan-26 00:23:15 - Epoch: [29][44999/50000]	Time  0.037 ( 0.038)	Data  0.001 ( 0.001)	Loss 0.0000e+00 (1.1734e+00)	Acc@1 100.00 ( 86.52)	Acc@5 100.00 ( 99.53)
24-Jan-26 00:26:27 - Epoch: [29][49999/50000]	Time  0.037 ( 0.038)	Data  0.001 ( 0.001)	Loss 0.0000e+00 (1.1712e+00)	Acc@1 100.00 ( 86.55)	Acc@5 100.00 ( 99.53)
24-Jan-26 00:26:27 -  @Training * Acc@1 86.548 Acc@5 99.528 Loss 1.171
24-Jan-26 00:26:27 - One training epoch latency: 1.923e+03s | Avg Power: 185.5W | Energy: 356729.8158J
24-Jan-26 00:26:38 -  @Testing * Acc@1 85.310 Acc@5 99.410 Loss 1.797
24-Jan-26 00:26:38 - Best acc at epoch 29: 85.50999450683594
24-Jan-26 00:26:38 - Last learning rate: [3.90625e-06]
24-Jan-26 00:26:38 - 	 Epoch 30...
24-Jan-26 00:29:51 - Epoch: [30][ 4999/50000]	Time  0.038 ( 0.039)	Data  0.001 ( 0.001)	Loss 0.0000e+00 (1.1627e+00)	Acc@1 100.00 ( 86.98)	Acc@5 100.00 ( 99.46)
24-Jan-26 00:33:03 - Epoch: [30][ 9999/50000]	Time  0.039 ( 0.039)	Data  0.001 ( 0.001)	Loss 1.8138e-03 (1.1417e+00)	Acc@1 100.00 ( 86.94)	Acc@5 100.00 ( 99.47)
24-Jan-26 00:36:16 - Epoch: [30][14999/50000]	Time  0.038 ( 0.039)	Data  0.001 ( 0.001)	Loss 0.0000e+00 (1.1326e+00)	Acc@1 100.00 ( 86.93)	Acc@5 100.00 ( 99.49)
24-Jan-26 00:39:29 - Epoch: [30][19999/50000]	Time  0.038 ( 0.039)	Data  0.001 ( 0.001)	Loss 4.0905e+00 (1.1435e+00)	Acc@1   0.00 ( 86.81)	Acc@5 100.00 ( 99.47)
24-Jan-26 00:42:42 - Epoch: [30][24999/50000]	Time  0.037 ( 0.039)	Data  0.001 ( 0.001)	Loss 0.0000e+00 (1.1502e+00)	Acc@1 100.00 ( 86.77)	Acc@5 100.00 ( 99.48)
24-Jan-26 00:45:55 - Epoch: [30][29999/50000]	Time  0.038 ( 0.039)	Data  0.001 ( 0.001)	Loss 0.0000e+00 (1.1567e+00)	Acc@1 100.00 ( 86.75)	Acc@5 100.00 ( 99.49)
24-Jan-26 00:49:08 - Epoch: [30][34999/50000]	Time  0.037 ( 0.039)	Data  0.001 ( 0.001)	Loss 9.6472e-02 (1.1486e+00)	Acc@1 100.00 ( 86.84)	Acc@5 100.00 ( 99.47)
24-Jan-26 00:52:21 - Epoch: [30][39999/50000]	Time  0.038 ( 0.039)	Data  0.001 ( 0.001)	Loss 0.0000e+00 (1.1517e+00)	Acc@1 100.00 ( 86.82)	Acc@5 100.00 ( 99.49)
24-Jan-26 00:55:33 - Epoch: [30][44999/50000]	Time  0.038 ( 0.039)	Data  0.001 ( 0.001)	Loss 1.1921e-07 (1.1660e+00)	Acc@1 100.00 ( 86.76)	Acc@5 100.00 ( 99.49)
24-Jan-26 00:58:46 - Epoch: [30][49999/50000]	Time  0.037 ( 0.039)	Data  0.001 ( 0.001)	Loss 0.0000e+00 (1.1579e+00)	Acc@1 100.00 ( 86.76)	Acc@5 100.00 ( 99.49)
24-Jan-26 00:58:46 -  @Training * Acc@1 86.758 Acc@5 99.490 Loss 1.158
24-Jan-26 00:58:46 - One training epoch latency: 1.929e+03s | Avg Power: 186.0W | Energy: 358814.2550J
24-Jan-26 00:58:57 -  @Testing * Acc@1 85.230 Acc@5 99.400 Loss 1.783
24-Jan-26 00:58:57 - Best acc at epoch 30: 85.50999450683594
24-Jan-26 00:58:57 - Last learning rate: [3.90625e-06]
24-Jan-26 00:58:57 - 	 Epoch 31...
24-Jan-26 01:02:09 - Epoch: [31][ 4999/50000]	Time  0.037 ( 0.039)	Data  0.001 ( 0.001)	Loss 0.0000e+00 (1.0849e+00)	Acc@1 100.00 ( 87.50)	Acc@5 100.00 ( 99.54)
24-Jan-26 01:05:22 - Epoch: [31][ 9999/50000]	Time  0.037 ( 0.039)	Data  0.001 ( 0.001)	Loss 0.0000e+00 (1.0822e+00)	Acc@1 100.00 ( 87.12)	Acc@5 100.00 ( 99.57)
24-Jan-26 01:08:35 - Epoch: [31][14999/50000]	Time  0.037 ( 0.039)	Data  0.001 ( 0.001)	Loss 0.0000e+00 (1.0840e+00)	Acc@1 100.00 ( 87.18)	Acc@5 100.00 ( 99.57)
24-Jan-26 01:11:47 - Epoch: [31][19999/50000]	Time  0.037 ( 0.039)	Data  0.001 ( 0.001)	Loss 0.0000e+00 (1.0906e+00)	Acc@1 100.00 ( 87.12)	Acc@5 100.00 ( 99.58)
24-Jan-26 01:15:00 - Epoch: [31][24999/50000]	Time  0.038 ( 0.039)	Data  0.001 ( 0.001)	Loss 1.1921e-07 (1.1014e+00)	Acc@1 100.00 ( 87.10)	Acc@5 100.00 ( 99.58)
24-Jan-26 01:18:12 - Epoch: [31][29999/50000]	Time  0.038 ( 0.039)	Data  0.001 ( 0.001)	Loss 0.0000e+00 (1.1077e+00)	Acc@1 100.00 ( 87.07)	Acc@5 100.00 ( 99.55)
24-Jan-26 01:21:25 - Epoch: [31][34999/50000]	Time  0.038 ( 0.039)	Data  0.001 ( 0.001)	Loss 0.0000e+00 (1.0983e+00)	Acc@1 100.00 ( 87.17)	Acc@5 100.00 ( 99.54)
24-Jan-26 01:24:38 - Epoch: [31][39999/50000]	Time  0.038 ( 0.039)	Data  0.001 ( 0.001)	Loss 3.0718e+00 (1.1091e+00)	Acc@1   0.00 ( 87.14)	Acc@5 100.00 ( 99.51)
24-Jan-26 01:27:51 - Epoch: [31][44999/50000]	Time  0.038 ( 0.039)	Data  0.001 ( 0.001)	Loss 0.0000e+00 (1.1098e+00)	Acc@1 100.00 ( 87.13)	Acc@5 100.00 ( 99.50)
24-Jan-26 01:31:03 - Epoch: [31][49999/50000]	Time  0.037 ( 0.039)	Data  0.001 ( 0.001)	Loss 0.0000e+00 (1.1157e+00)	Acc@1 100.00 ( 87.07)	Acc@5 100.00 ( 99.50)
24-Jan-26 01:31:03 -  @Training * Acc@1 87.072 Acc@5 99.502 Loss 1.116
24-Jan-26 01:31:03 - One training epoch latency: 1.927e+03s | Avg Power: 186.2W | Energy: 358716.6537J
24-Jan-26 01:31:14 -  @Testing * Acc@1 85.360 Acc@5 99.360 Loss 1.750
24-Jan-26 01:31:14 - Best acc at epoch 31: 85.50999450683594
24-Jan-26 01:31:14 - Last learning rate: [3.90625e-06]
24-Jan-26 01:31:14 - 	 Epoch 32...
24-Jan-26 01:34:26 - Epoch: [32][ 4999/50000]	Time  0.038 ( 0.038)	Data  0.001 ( 0.001)	Loss 8.4358e+00 (1.1582e+00)	Acc@1   0.00 ( 87.04)	Acc@5 100.00 ( 99.46)
24-Jan-26 01:37:38 - Epoch: [32][ 9999/50000]	Time  0.037 ( 0.038)	Data  0.001 ( 0.001)	Loss 0.0000e+00 (1.1181e+00)	Acc@1 100.00 ( 87.06)	Acc@5 100.00 ( 99.51)
24-Jan-26 01:40:50 - Epoch: [32][14999/50000]	Time  0.038 ( 0.038)	Data  0.001 ( 0.001)	Loss 0.0000e+00 (1.1384e+00)	Acc@1 100.00 ( 87.05)	Acc@5 100.00 ( 99.53)
24-Jan-26 01:44:03 - Epoch: [32][19999/50000]	Time  0.037 ( 0.038)	Data  0.001 ( 0.001)	Loss 5.9842e-01 (1.1226e+00)	Acc@1 100.00 ( 87.19)	Acc@5 100.00 ( 99.52)
24-Jan-26 01:47:15 - Epoch: [32][24999/50000]	Time  0.038 ( 0.038)	Data  0.001 ( 0.001)	Loss 0.0000e+00 (1.1205e+00)	Acc@1 100.00 ( 87.24)	Acc@5 100.00 ( 99.52)
24-Jan-26 01:50:27 - Epoch: [32][29999/50000]	Time  0.038 ( 0.038)	Data  0.001 ( 0.001)	Loss 1.9052e-01 (1.1306e+00)	Acc@1 100.00 ( 87.16)	Acc@5 100.00 ( 99.50)
24-Jan-26 01:53:40 - Epoch: [32][34999/50000]	Time  0.038 ( 0.038)	Data  0.001 ( 0.001)	Loss 7.9017e-03 (1.1242e+00)	Acc@1 100.00 ( 87.22)	Acc@5 100.00 ( 99.51)
24-Jan-26 01:56:52 - Epoch: [32][39999/50000]	Time  0.037 ( 0.038)	Data  0.001 ( 0.001)	Loss 0.0000e+00 (1.1327e+00)	Acc@1 100.00 ( 87.18)	Acc@5 100.00 ( 99.53)
24-Jan-26 02:00:05 - Epoch: [32][44999/50000]	Time  0.037 ( 0.038)	Data  0.001 ( 0.001)	Loss 0.0000e+00 (1.1314e+00)	Acc@1 100.00 ( 87.14)	Acc@5 100.00 ( 99.53)
24-Jan-26 02:03:17 - Epoch: [32][49999/50000]	Time  0.036 ( 0.038)	Data  0.001 ( 0.001)	Loss 7.5099e-05 (1.1350e+00)	Acc@1 100.00 ( 87.09)	Acc@5 100.00 ( 99.53)
24-Jan-26 02:03:17 -  @Training * Acc@1 87.092 Acc@5 99.532 Loss 1.135
24-Jan-26 02:03:17 - One training epoch latency: 1.923e+03s | Avg Power: 186.5W | Energy: 358616.1077J
24-Jan-26 02:03:27 -  @Testing * Acc@1 85.830 Acc@5 99.420 Loss 1.677
24-Jan-26 02:03:27 - Best acc at epoch 32: 85.82999420166016
24-Jan-26 02:03:27 - Last learning rate: [3.90625e-06]
24-Jan-26 02:03:27 - 	 Epoch 33...
24-Jan-26 02:06:40 - Epoch: [33][ 4999/50000]	Time  0.038 ( 0.039)	Data  0.001 ( 0.001)	Loss 1.7355e-04 (1.1033e+00)	Acc@1 100.00 ( 86.86)	Acc@5 100.00 ( 99.60)
24-Jan-26 02:09:53 - Epoch: [33][ 9999/50000]	Time  0.038 ( 0.039)	Data  0.001 ( 0.001)	Loss 1.6599e-03 (1.0796e+00)	Acc@1 100.00 ( 87.20)	Acc@5 100.00 ( 99.54)
24-Jan-26 02:13:05 - Epoch: [33][14999/50000]	Time  0.038 ( 0.039)	Data  0.001 ( 0.001)	Loss 2.2173e-05 (1.0759e+00)	Acc@1 100.00 ( 87.35)	Acc@5 100.00 ( 99.56)
24-Jan-26 02:16:17 - Epoch: [33][19999/50000]	Time  0.038 ( 0.038)	Data  0.001 ( 0.001)	Loss 0.0000e+00 (1.0714e+00)	Acc@1 100.00 ( 87.48)	Acc@5 100.00 ( 99.59)
24-Jan-26 02:19:30 - Epoch: [33][24999/50000]	Time  0.038 ( 0.038)	Data  0.001 ( 0.001)	Loss 2.6372e+00 (1.0644e+00)	Acc@1   0.00 ( 87.59)	Acc@5 100.00 ( 99.58)
24-Jan-26 02:22:42 - Epoch: [33][29999/50000]	Time  0.038 ( 0.038)	Data  0.001 ( 0.001)	Loss 0.0000e+00 (1.0671e+00)	Acc@1 100.00 ( 87.59)	Acc@5 100.00 ( 99.55)
24-Jan-26 02:25:55 - Epoch: [33][34999/50000]	Time  0.038 ( 0.038)	Data  0.001 ( 0.001)	Loss 0.0000e+00 (1.0896e+00)	Acc@1 100.00 ( 87.36)	Acc@5 100.00 ( 99.54)
24-Jan-26 02:29:07 - Epoch: [33][39999/50000]	Time  0.038 ( 0.038)	Data  0.001 ( 0.001)	Loss 1.8304e+00 (1.0829e+00)	Acc@1   0.00 ( 87.36)	Acc@5 100.00 ( 99.54)
24-Jan-26 02:32:19 - Epoch: [33][44999/50000]	Time  0.038 ( 0.038)	Data  0.001 ( 0.001)	Loss 0.0000e+00 (1.0786e+00)	Acc@1 100.00 ( 87.44)	Acc@5 100.00 ( 99.54)
24-Jan-26 02:35:32 - Epoch: [33][49999/50000]	Time  0.037 ( 0.038)	Data  0.001 ( 0.001)	Loss 3.9720e-01 (1.0835e+00)	Acc@1 100.00 ( 87.38)	Acc@5 100.00 ( 99.54)
24-Jan-26 02:35:32 -  @Training * Acc@1 87.382 Acc@5 99.540 Loss 1.084
24-Jan-26 02:35:32 - One training epoch latency: 1.925e+03s | Avg Power: 186.4W | Energy: 358667.2803J
24-Jan-26 02:35:43 -  @Testing * Acc@1 85.950 Acc@5 99.490 Loss 1.680
24-Jan-26 02:35:43 - Best acc at epoch 33: 85.94999694824219
24-Jan-26 02:35:43 - Last learning rate: [3.90625e-06]
24-Jan-26 02:35:43 - 	 Epoch 34...
24-Jan-26 02:38:55 - Epoch: [34][ 4999/50000]	Time  0.060 ( 0.039)	Data  0.001 ( 0.001)	Loss 0.0000e+00 (1.0243e+00)	Acc@1 100.00 ( 87.80)	Acc@5 100.00 ( 99.50)
24-Jan-26 02:42:08 - Epoch: [34][ 9999/50000]	Time  0.037 ( 0.039)	Data  0.001 ( 0.001)	Loss 5.2907e-03 (1.0239e+00)	Acc@1 100.00 ( 87.92)	Acc@5 100.00 ( 99.44)
24-Jan-26 02:45:20 - Epoch: [34][14999/50000]	Time  0.038 ( 0.039)	Data  0.001 ( 0.001)	Loss 3.5219e-01 (1.0473e+00)	Acc@1 100.00 ( 87.74)	Acc@5 100.00 ( 99.48)
24-Jan-26 02:48:33 - Epoch: [34][19999/50000]	Time  0.037 ( 0.039)	Data  0.001 ( 0.001)	Loss 0.0000e+00 (1.0544e+00)	Acc@1 100.00 ( 87.70)	Acc@5 100.00 ( 99.52)
24-Jan-26 02:51:46 - Epoch: [34][24999/50000]	Time  0.037 ( 0.039)	Data  0.001 ( 0.001)	Loss 6.1969e-03 (1.0463e+00)	Acc@1 100.00 ( 87.76)	Acc@5 100.00 ( 99.57)
24-Jan-26 02:54:58 - Epoch: [34][29999/50000]	Time  0.038 ( 0.039)	Data  0.001 ( 0.001)	Loss 3.0497e-03 (1.0446e+00)	Acc@1 100.00 ( 87.78)	Acc@5 100.00 ( 99.58)
24-Jan-26 02:58:11 - Epoch: [34][34999/50000]	Time  0.037 ( 0.039)	Data  0.001 ( 0.001)	Loss 0.0000e+00 (1.0575e+00)	Acc@1 100.00 ( 87.72)	Acc@5 100.00 ( 99.55)
24-Jan-26 03:01:24 - Epoch: [34][39999/50000]	Time  0.037 ( 0.039)	Data  0.001 ( 0.001)	Loss 0.0000e+00 (1.0658e+00)	Acc@1 100.00 ( 87.67)	Acc@5 100.00 ( 99.56)
24-Jan-26 03:04:36 - Epoch: [34][44999/50000]	Time  0.038 ( 0.039)	Data  0.001 ( 0.001)	Loss 0.0000e+00 (1.0750e+00)	Acc@1 100.00 ( 87.62)	Acc@5 100.00 ( 99.56)
24-Jan-26 03:07:49 - Epoch: [34][49999/50000]	Time  0.037 ( 0.039)	Data  0.001 ( 0.001)	Loss 0.0000e+00 (1.0744e+00)	Acc@1 100.00 ( 87.69)	Acc@5 100.00 ( 99.56)
24-Jan-26 03:07:49 -  @Training * Acc@1 87.686 Acc@5 99.556 Loss 1.074
24-Jan-26 03:07:49 - One training epoch latency: 1.927e+03s | Avg Power: 185.9W | Energy: 358078.9894J
24-Jan-26 03:08:00 -  @Testing * Acc@1 85.490 Acc@5 99.450 Loss 1.751
24-Jan-26 03:08:00 - Best acc at epoch 34: 85.94999694824219
24-Jan-26 03:08:00 - Last learning rate: [3.90625e-06]
24-Jan-26 03:08:00 - 	 Epoch 35...
24-Jan-26 03:11:13 - Epoch: [35][ 4999/50000]	Time  0.037 ( 0.039)	Data  0.001 ( 0.001)	Loss 2.6187e-04 (9.1305e-01)	Acc@1 100.00 ( 88.74)	Acc@5 100.00 ( 99.68)
24-Jan-26 03:14:25 - Epoch: [35][ 9999/50000]	Time  0.037 ( 0.039)	Data  0.001 ( 0.001)	Loss 2.3842e-06 (9.7583e-01)	Acc@1 100.00 ( 88.40)	Acc@5 100.00 ( 99.63)
24-Jan-26 03:17:38 - Epoch: [35][14999/50000]	Time  0.037 ( 0.039)	Data  0.001 ( 0.001)	Loss 0.0000e+00 (1.0110e+00)	Acc@1 100.00 ( 88.06)	Acc@5 100.00 ( 99.62)
24-Jan-26 03:20:51 - Epoch: [35][19999/50000]	Time  0.037 ( 0.039)	Data  0.001 ( 0.001)	Loss 0.0000e+00 (1.0177e+00)	Acc@1 100.00 ( 87.95)	Acc@5 100.00 ( 99.63)
24-Jan-26 03:24:04 - Epoch: [35][24999/50000]	Time  0.038 ( 0.039)	Data  0.001 ( 0.001)	Loss 0.0000e+00 (1.0422e+00)	Acc@1 100.00 ( 87.78)	Acc@5 100.00 ( 99.64)
24-Jan-26 03:27:16 - Epoch: [35][29999/50000]	Time  0.038 ( 0.039)	Data  0.001 ( 0.001)	Loss 1.9029e+01 (1.0515e+00)	Acc@1   0.00 ( 87.73)	Acc@5 100.00 ( 99.63)
24-Jan-26 03:30:29 - Epoch: [35][34999/50000]	Time  0.038 ( 0.039)	Data  0.001 ( 0.001)	Loss 9.0511e-03 (1.0578e+00)	Acc@1 100.00 ( 87.73)	Acc@5 100.00 ( 99.61)
24-Jan-26 03:33:42 - Epoch: [35][39999/50000]	Time  0.038 ( 0.039)	Data  0.001 ( 0.001)	Loss 0.0000e+00 (1.0583e+00)	Acc@1 100.00 ( 87.75)	Acc@5 100.00 ( 99.60)
24-Jan-26 03:36:55 - Epoch: [35][44999/50000]	Time  0.037 ( 0.039)	Data  0.001 ( 0.001)	Loss 0.0000e+00 (1.0606e+00)	Acc@1 100.00 ( 87.79)	Acc@5 100.00 ( 99.58)
24-Jan-26 03:40:08 - Epoch: [35][49999/50000]	Time  0.036 ( 0.039)	Data  0.001 ( 0.001)	Loss 5.6232e+00 (1.0564e+00)	Acc@1   0.00 ( 87.85)	Acc@5 100.00 ( 99.59)
24-Jan-26 03:40:08 -  @Training * Acc@1 87.854 Acc@5 99.586 Loss 1.056
24-Jan-26 03:40:08 - One training epoch latency: 1.928e+03s | Avg Power: 185.1W | Energy: 356863.4875J
24-Jan-26 03:40:18 -  @Testing * Acc@1 85.880 Acc@5 99.450 Loss 1.733
24-Jan-26 03:40:18 - Best acc at epoch 35: 85.94999694824219
24-Jan-26 03:40:18 - Last learning rate: [3.90625e-06]
24-Jan-26 03:40:18 - 	 Epoch 36...
24-Jan-26 03:43:31 - Epoch: [36][ 4999/50000]	Time  0.037 ( 0.039)	Data  0.001 ( 0.001)	Loss 0.0000e+00 (1.0452e+00)	Acc@1 100.00 ( 87.96)	Acc@5 100.00 ( 99.70)
24-Jan-26 03:46:44 - Epoch: [36][ 9999/50000]	Time  0.037 ( 0.039)	Data  0.001 ( 0.001)	Loss 4.5299e-06 (1.0041e+00)	Acc@1 100.00 ( 88.37)	Acc@5 100.00 ( 99.63)
24-Jan-26 03:49:57 - Epoch: [36][14999/50000]	Time  0.043 ( 0.039)	Data  0.001 ( 0.001)	Loss 1.8974e-03 (1.0500e+00)	Acc@1 100.00 ( 87.99)	Acc@5 100.00 ( 99.61)
24-Jan-26 03:53:10 - Epoch: [36][19999/50000]	Time  0.037 ( 0.039)	Data  0.001 ( 0.001)	Loss 6.8424e-05 (1.0331e+00)	Acc@1 100.00 ( 88.20)	Acc@5 100.00 ( 99.61)
24-Jan-26 03:56:23 - Epoch: [36][24999/50000]	Time  0.037 ( 0.039)	Data  0.001 ( 0.001)	Loss 3.5763e-07 (1.0289e+00)	Acc@1 100.00 ( 88.11)	Acc@5 100.00 ( 99.59)
24-Jan-26 03:59:35 - Epoch: [36][29999/50000]	Time  0.037 ( 0.039)	Data  0.001 ( 0.001)	Loss 2.1458e-06 (1.0362e+00)	Acc@1 100.00 ( 88.08)	Acc@5 100.00 ( 99.59)
24-Jan-26 04:02:48 - Epoch: [36][34999/50000]	Time  0.037 ( 0.039)	Data  0.001 ( 0.001)	Loss 3.5788e-01 (1.0362e+00)	Acc@1 100.00 ( 88.09)	Acc@5 100.00 ( 99.59)
24-Jan-26 04:06:01 - Epoch: [36][39999/50000]	Time  0.038 ( 0.039)	Data  0.001 ( 0.001)	Loss 8.0316e+00 (1.0412e+00)	Acc@1   0.00 ( 88.02)	Acc@5 100.00 ( 99.57)
24-Jan-26 04:09:14 - Epoch: [36][44999/50000]	Time  0.038 ( 0.039)	Data  0.001 ( 0.001)	Loss 0.0000e+00 (1.0338e+00)	Acc@1 100.00 ( 88.07)	Acc@5 100.00 ( 99.59)
24-Jan-26 04:12:26 - Epoch: [36][49999/50000]	Time  0.037 ( 0.039)	Data  0.001 ( 0.001)	Loss 0.0000e+00 (1.0350e+00)	Acc@1 100.00 ( 88.05)	Acc@5 100.00 ( 99.59)
24-Jan-26 04:12:27 -  @Training * Acc@1 88.048 Acc@5 99.586 Loss 1.035
24-Jan-26 04:12:27 - One training epoch latency: 1.928e+03s | Avg Power: 185.0W | Energy: 356802.4446J
24-Jan-26 04:12:37 -  @Testing * Acc@1 86.350 Acc@5 99.440 Loss 1.737
24-Jan-26 04:12:37 - Best acc at epoch 36: 86.3499984741211
24-Jan-26 04:12:37 - Last learning rate: [3.90625e-06]
24-Jan-26 04:12:37 - 	 Epoch 37...
24-Jan-26 04:15:50 - Epoch: [37][ 4999/50000]	Time  0.037 ( 0.039)	Data  0.001 ( 0.001)	Loss 1.1921e-07 (1.0524e+00)	Acc@1 100.00 ( 87.62)	Acc@5 100.00 ( 99.52)
24-Jan-26 04:19:03 - Epoch: [37][ 9999/50000]	Time  0.061 ( 0.039)	Data  0.001 ( 0.001)	Loss 8.2797e+00 (1.0055e+00)	Acc@1   0.00 ( 87.82)	Acc@5 100.00 ( 99.63)
24-Jan-26 04:22:16 - Epoch: [37][14999/50000]	Time  0.038 ( 0.039)	Data  0.001 ( 0.001)	Loss 6.1803e-04 (1.0191e+00)	Acc@1 100.00 ( 88.11)	Acc@5 100.00 ( 99.63)
24-Jan-26 04:25:29 - Epoch: [37][19999/50000]	Time  0.037 ( 0.039)	Data  0.001 ( 0.001)	Loss 0.0000e+00 (1.0056e+00)	Acc@1 100.00 ( 88.28)	Acc@5 100.00 ( 99.62)
24-Jan-26 04:28:43 - Epoch: [37][24999/50000]	Time  0.038 ( 0.039)	Data  0.001 ( 0.001)	Loss 0.0000e+00 (1.0037e+00)	Acc@1 100.00 ( 88.35)	Acc@5 100.00 ( 99.64)
24-Jan-26 04:31:55 - Epoch: [37][29999/50000]	Time  0.037 ( 0.039)	Data  0.001 ( 0.001)	Loss 2.1639e-03 (1.0011e+00)	Acc@1 100.00 ( 88.32)	Acc@5 100.00 ( 99.65)
24-Jan-26 04:35:08 - Epoch: [37][34999/50000]	Time  0.038 ( 0.039)	Data  0.001 ( 0.001)	Loss 0.0000e+00 (1.0081e+00)	Acc@1 100.00 ( 88.29)	Acc@5 100.00 ( 99.64)
24-Jan-26 04:38:21 - Epoch: [37][39999/50000]	Time  0.037 ( 0.039)	Data  0.001 ( 0.001)	Loss 0.0000e+00 (1.0047e+00)	Acc@1 100.00 ( 88.33)	Acc@5 100.00 ( 99.64)
24-Jan-26 04:41:33 - Epoch: [37][44999/50000]	Time  0.038 ( 0.039)	Data  0.001 ( 0.001)	Loss 1.2559e-02 (1.0063e+00)	Acc@1 100.00 ( 88.34)	Acc@5 100.00 ( 99.64)
24-Jan-26 04:44:46 - Epoch: [37][49999/50000]	Time  0.037 ( 0.039)	Data  0.001 ( 0.001)	Loss 0.0000e+00 (1.0070e+00)	Acc@1 100.00 ( 88.38)	Acc@5 100.00 ( 99.63)
24-Jan-26 04:44:46 -  @Training * Acc@1 88.382 Acc@5 99.632 Loss 1.007
24-Jan-26 04:44:46 - One training epoch latency: 1.929e+03s | Avg Power: 185.5W | Energy: 357889.3758J
24-Jan-26 04:44:56 -  @Testing * Acc@1 86.010 Acc@5 99.440 Loss 1.772
24-Jan-26 04:44:56 - Best acc at epoch 37: 86.3499984741211
24-Jan-26 04:44:57 - Last learning rate: [3.90625e-06]
24-Jan-26 04:44:57 - 	 Epoch 38...
24-Jan-26 04:48:09 - Epoch: [38][ 4999/50000]	Time  0.038 ( 0.039)	Data  0.001 ( 0.001)	Loss 0.0000e+00 (9.8472e-01)	Acc@1 100.00 ( 88.54)	Acc@5 100.00 ( 99.68)
24-Jan-26 04:51:22 - Epoch: [38][ 9999/50000]	Time  0.038 ( 0.039)	Data  0.001 ( 0.001)	Loss 0.0000e+00 (1.0212e+00)	Acc@1 100.00 ( 88.12)	Acc@5 100.00 ( 99.59)
24-Jan-26 04:54:35 - Epoch: [38][14999/50000]	Time  0.038 ( 0.039)	Data  0.001 ( 0.001)	Loss 0.0000e+00 (1.0205e+00)	Acc@1 100.00 ( 88.18)	Acc@5 100.00 ( 99.63)
24-Jan-26 04:57:47 - Epoch: [38][19999/50000]	Time  0.038 ( 0.039)	Data  0.001 ( 0.001)	Loss 0.0000e+00 (1.0163e+00)	Acc@1 100.00 ( 88.22)	Acc@5 100.00 ( 99.64)
24-Jan-26 05:01:00 - Epoch: [38][24999/50000]	Time  0.038 ( 0.039)	Data  0.001 ( 0.001)	Loss 0.0000e+00 (1.0200e+00)	Acc@1 100.00 ( 88.12)	Acc@5 100.00 ( 99.63)
24-Jan-26 05:04:13 - Epoch: [38][29999/50000]	Time  0.038 ( 0.039)	Data  0.001 ( 0.001)	Loss 0.0000e+00 (1.0340e+00)	Acc@1 100.00 ( 88.19)	Acc@5 100.00 ( 99.62)
24-Jan-26 05:07:26 - Epoch: [38][34999/50000]	Time  0.037 ( 0.039)	Data  0.001 ( 0.001)	Loss 0.0000e+00 (1.0282e+00)	Acc@1 100.00 ( 88.18)	Acc@5 100.00 ( 99.62)
24-Jan-26 05:10:38 - Epoch: [38][39999/50000]	Time  0.038 ( 0.039)	Data  0.001 ( 0.001)	Loss 0.0000e+00 (1.0266e+00)	Acc@1 100.00 ( 88.19)	Acc@5 100.00 ( 99.62)
24-Jan-26 05:13:51 - Epoch: [38][44999/50000]	Time  0.038 ( 0.039)	Data  0.001 ( 0.001)	Loss 0.0000e+00 (1.0274e+00)	Acc@1 100.00 ( 88.13)	Acc@5 100.00 ( 99.63)
24-Jan-26 05:17:04 - Epoch: [38][49999/50000]	Time  0.037 ( 0.039)	Data  0.001 ( 0.001)	Loss 0.0000e+00 (1.0228e+00)	Acc@1 100.00 ( 88.14)	Acc@5 100.00 ( 99.63)
24-Jan-26 05:17:04 -  @Training * Acc@1 88.136 Acc@5 99.626 Loss 1.023
24-Jan-26 05:17:04 - One training epoch latency: 1.927e+03s | Avg Power: 186.1W | Energy: 358741.5687J
24-Jan-26 05:17:14 -  @Testing * Acc@1 86.040 Acc@5 99.440 Loss 1.766
24-Jan-26 05:17:14 - Best acc at epoch 38: 86.3499984741211
24-Jan-26 05:17:14 - Last learning rate: [1.953125e-06]
24-Jan-26 05:17:14 - 	 Epoch 39...
24-Jan-26 05:20:27 - Epoch: [39][ 4999/50000]	Time  0.038 ( 0.039)	Data  0.001 ( 0.001)	Loss 0.0000e+00 (8.9141e-01)	Acc@1 100.00 ( 89.26)	Acc@5 100.00 ( 99.74)
24-Jan-26 05:23:39 - Epoch: [39][ 9999/50000]	Time  0.037 ( 0.039)	Data  0.001 ( 0.001)	Loss 0.0000e+00 (8.6872e-01)	Acc@1 100.00 ( 89.34)	Acc@5 100.00 ( 99.75)
24-Jan-26 05:26:52 - Epoch: [39][14999/50000]	Time  0.038 ( 0.039)	Data  0.001 ( 0.001)	Loss 0.0000e+00 (8.8033e-01)	Acc@1 100.00 ( 89.47)	Acc@5 100.00 ( 99.74)
24-Jan-26 05:30:04 - Epoch: [39][19999/50000]	Time  0.038 ( 0.039)	Data  0.001 ( 0.001)	Loss 0.0000e+00 (8.9361e-01)	Acc@1 100.00 ( 89.33)	Acc@5 100.00 ( 99.71)
24-Jan-26 05:33:17 - Epoch: [39][24999/50000]	Time  0.038 ( 0.039)	Data  0.001 ( 0.001)	Loss 0.0000e+00 (9.0478e-01)	Acc@1 100.00 ( 89.23)	Acc@5 100.00 ( 99.71)
24-Jan-26 05:36:30 - Epoch: [39][29999/50000]	Time  0.037 ( 0.039)	Data  0.001 ( 0.001)	Loss 0.0000e+00 (8.9740e-01)	Acc@1 100.00 ( 89.34)	Acc@5 100.00 ( 99.70)
24-Jan-26 05:39:42 - Epoch: [39][34999/50000]	Time  0.037 ( 0.039)	Data  0.001 ( 0.001)	Loss 0.0000e+00 (8.8568e-01)	Acc@1 100.00 ( 89.45)	Acc@5 100.00 ( 99.71)
24-Jan-26 05:42:54 - Epoch: [39][39999/50000]	Time  0.041 ( 0.039)	Data  0.004 ( 0.001)	Loss 0.0000e+00 (8.9911e-01)	Acc@1 100.00 ( 89.31)	Acc@5 100.00 ( 99.70)
24-Jan-26 05:46:07 - Epoch: [39][44999/50000]	Time  0.037 ( 0.039)	Data  0.001 ( 0.001)	Loss 3.5697e-04 (9.0344e-01)	Acc@1 100.00 ( 89.25)	Acc@5 100.00 ( 99.70)
24-Jan-26 05:49:19 - Epoch: [39][49999/50000]	Time  0.036 ( 0.039)	Data  0.001 ( 0.001)	Loss 0.0000e+00 (9.0449e-01)	Acc@1 100.00 ( 89.27)	Acc@5 100.00 ( 99.70)
24-Jan-26 05:49:19 -  @Training * Acc@1 89.272 Acc@5 99.698 Loss 0.904
24-Jan-26 05:49:20 - One training epoch latency: 1.925e+03s | Avg Power: 186.3W | Energy: 358583.3496J
24-Jan-26 05:49:30 -  @Testing * Acc@1 86.590 Acc@5 99.470 Loss 1.666
24-Jan-26 05:49:30 - Best acc at epoch 39: 86.58999633789062
24-Jan-26 05:49:30 - Last learning rate: [1.953125e-06]
24-Jan-26 05:49:30 - 	 Epoch 40...
24-Jan-26 05:52:43 - Epoch: [40][ 4999/50000]	Time  0.038 ( 0.039)	Data  0.001 ( 0.001)	Loss 2.2888e-05 (8.0070e-01)	Acc@1 100.00 ( 90.16)	Acc@5 100.00 ( 99.78)
24-Jan-26 05:55:55 - Epoch: [40][ 9999/50000]	Time  0.037 ( 0.039)	Data  0.001 ( 0.001)	Loss 1.2924e-01 (8.9275e-01)	Acc@1 100.00 ( 89.53)	Acc@5 100.00 ( 99.70)
24-Jan-26 05:59:07 - Epoch: [40][14999/50000]	Time  0.037 ( 0.038)	Data  0.001 ( 0.001)	Loss 0.0000e+00 (9.0033e-01)	Acc@1 100.00 ( 89.49)	Acc@5 100.00 ( 99.65)
24-Jan-26 06:02:20 - Epoch: [40][19999/50000]	Time  0.038 ( 0.038)	Data  0.001 ( 0.001)	Loss 2.5946e-02 (8.9680e-01)	Acc@1 100.00 ( 89.53)	Acc@5 100.00 ( 99.64)
24-Jan-26 06:05:32 - Epoch: [40][24999/50000]	Time  0.038 ( 0.038)	Data  0.001 ( 0.001)	Loss 1.2040e-05 (8.9846e-01)	Acc@1 100.00 ( 89.50)	Acc@5 100.00 ( 99.65)
24-Jan-26 06:08:45 - Epoch: [40][29999/50000]	Time  0.038 ( 0.038)	Data  0.001 ( 0.001)	Loss 0.0000e+00 (8.9336e-01)	Acc@1 100.00 ( 89.52)	Acc@5 100.00 ( 99.66)
24-Jan-26 06:11:57 - Epoch: [40][34999/50000]	Time  0.038 ( 0.038)	Data  0.001 ( 0.001)	Loss 0.0000e+00 (8.8605e-01)	Acc@1 100.00 ( 89.53)	Acc@5 100.00 ( 99.65)
24-Jan-26 06:15:10 - Epoch: [40][39999/50000]	Time  0.038 ( 0.038)	Data  0.001 ( 0.001)	Loss 0.0000e+00 (8.8597e-01)	Acc@1 100.00 ( 89.51)	Acc@5 100.00 ( 99.65)
24-Jan-26 06:18:22 - Epoch: [40][44999/50000]	Time  0.038 ( 0.038)	Data  0.001 ( 0.001)	Loss 1.8835e-05 (8.8566e-01)	Acc@1 100.00 ( 89.56)	Acc@5 100.00 ( 99.65)
24-Jan-26 06:21:35 - Epoch: [40][49999/50000]	Time  0.037 ( 0.038)	Data  0.001 ( 0.001)	Loss 1.2994e-05 (8.8895e-01)	Acc@1 100.00 ( 89.55)	Acc@5 100.00 ( 99.66)
24-Jan-26 06:21:35 -  @Training * Acc@1 89.546 Acc@5 99.662 Loss 0.889
24-Jan-26 06:21:35 - One training epoch latency: 1.925e+03s | Avg Power: 186.5W | Energy: 358919.6878J
24-Jan-26 06:21:45 -  @Testing * Acc@1 86.710 Acc@5 99.510 Loss 1.713
24-Jan-26 06:21:45 - Best acc at epoch 40: 86.70999908447266
24-Jan-26 06:21:45 - Last learning rate: [1.953125e-06]
24-Jan-26 06:21:45 - 	 Epoch 41...
24-Jan-26 06:24:58 - Epoch: [41][ 4999/50000]	Time  0.038 ( 0.039)	Data  0.001 ( 0.001)	Loss 0.0000e+00 (9.2648e-01)	Acc@1 100.00 ( 89.20)	Acc@5 100.00 ( 99.54)
24-Jan-26 06:28:10 - Epoch: [41][ 9999/50000]	Time  0.037 ( 0.038)	Data  0.001 ( 0.001)	Loss 0.0000e+00 (8.6376e-01)	Acc@1 100.00 ( 89.75)	Acc@5 100.00 ( 99.64)
24-Jan-26 06:31:23 - Epoch: [41][14999/50000]	Time  0.038 ( 0.038)	Data  0.001 ( 0.001)	Loss 1.2890e-01 (8.7298e-01)	Acc@1 100.00 ( 89.71)	Acc@5 100.00 ( 99.68)
24-Jan-26 06:34:35 - Epoch: [41][19999/50000]	Time  0.038 ( 0.038)	Data  0.001 ( 0.001)	Loss 0.0000e+00 (8.7892e-01)	Acc@1 100.00 ( 89.65)	Acc@5 100.00 ( 99.66)
24-Jan-26 06:37:47 - Epoch: [41][24999/50000]	Time  0.038 ( 0.038)	Data  0.001 ( 0.001)	Loss 6.6993e-05 (8.9526e-01)	Acc@1 100.00 ( 89.44)	Acc@5 100.00 ( 99.65)
24-Jan-26 06:41:00 - Epoch: [41][29999/50000]	Time  0.037 ( 0.038)	Data  0.001 ( 0.001)	Loss 0.0000e+00 (8.8226e-01)	Acc@1 100.00 ( 89.60)	Acc@5 100.00 ( 99.66)
24-Jan-26 06:44:12 - Epoch: [41][34999/50000]	Time  0.038 ( 0.038)	Data  0.001 ( 0.001)	Loss 0.0000e+00 (8.7729e-01)	Acc@1 100.00 ( 89.74)	Acc@5 100.00 ( 99.66)
24-Jan-26 06:47:25 - Epoch: [41][39999/50000]	Time  0.038 ( 0.038)	Data  0.001 ( 0.001)	Loss 0.0000e+00 (8.8349e-01)	Acc@1 100.00 ( 89.64)	Acc@5 100.00 ( 99.66)
24-Jan-26 06:50:37 - Epoch: [41][44999/50000]	Time  0.037 ( 0.038)	Data  0.001 ( 0.001)	Loss 0.0000e+00 (8.8124e-01)	Acc@1 100.00 ( 89.64)	Acc@5 100.00 ( 99.65)
24-Jan-26 06:53:50 - Epoch: [41][49999/50000]	Time  0.036 ( 0.038)	Data  0.001 ( 0.001)	Loss 0.0000e+00 (8.7502e-01)	Acc@1 100.00 ( 89.68)	Acc@5 100.00 ( 99.65)
24-Jan-26 06:53:50 -  @Training * Acc@1 89.676 Acc@5 99.652 Loss 0.875
24-Jan-26 06:53:50 - One training epoch latency: 1.924e+03s | Avg Power: 186.2W | Energy: 358279.1833J
24-Jan-26 06:54:00 -  @Testing * Acc@1 86.540 Acc@5 99.530 Loss 1.735
24-Jan-26 06:54:00 - Best acc at epoch 41: 86.70999908447266
24-Jan-26 06:54:00 - Last learning rate: [1.953125e-06]
24-Jan-26 06:54:00 - 	 Epoch 42...
24-Jan-26 06:57:12 - Epoch: [42][ 4999/50000]	Time  0.038 ( 0.039)	Data  0.001 ( 0.001)	Loss 0.0000e+00 (8.4397e-01)	Acc@1 100.00 ( 89.38)	Acc@5 100.00 ( 99.74)
24-Jan-26 07:00:25 - Epoch: [42][ 9999/50000]	Time  0.037 ( 0.038)	Data  0.001 ( 0.001)	Loss 0.0000e+00 (8.6224e-01)	Acc@1 100.00 ( 89.43)	Acc@5 100.00 ( 99.65)
24-Jan-26 07:03:37 - Epoch: [42][14999/50000]	Time  0.038 ( 0.038)	Data  0.001 ( 0.001)	Loss 2.6226e-06 (8.5294e-01)	Acc@1 100.00 ( 89.73)	Acc@5 100.00 ( 99.69)
24-Jan-26 07:06:50 - Epoch: [42][19999/50000]	Time  0.038 ( 0.038)	Data  0.001 ( 0.001)	Loss 1.1921e-07 (8.5107e-01)	Acc@1 100.00 ( 89.61)	Acc@5 100.00 ( 99.70)
24-Jan-26 07:10:02 - Epoch: [42][24999/50000]	Time  0.037 ( 0.038)	Data  0.001 ( 0.001)	Loss 2.5043e-04 (8.6631e-01)	Acc@1 100.00 ( 89.51)	Acc@5 100.00 ( 99.70)
24-Jan-26 07:13:14 - Epoch: [42][29999/50000]	Time  0.038 ( 0.038)	Data  0.001 ( 0.001)	Loss 1.1921e-07 (8.7875e-01)	Acc@1 100.00 ( 89.52)	Acc@5 100.00 ( 99.70)
24-Jan-26 07:16:27 - Epoch: [42][34999/50000]	Time  0.037 ( 0.038)	Data  0.001 ( 0.001)	Loss 9.3489e+00 (8.7774e-01)	Acc@1   0.00 ( 89.53)	Acc@5 100.00 ( 99.70)
24-Jan-26 07:19:39 - Epoch: [42][39999/50000]	Time  0.038 ( 0.038)	Data  0.001 ( 0.001)	Loss 8.3446e-07 (8.8279e-01)	Acc@1 100.00 ( 89.53)	Acc@5 100.00 ( 99.71)
24-Jan-26 07:22:51 - Epoch: [42][44999/50000]	Time  0.038 ( 0.038)	Data  0.001 ( 0.001)	Loss 2.2754e-04 (8.8777e-01)	Acc@1 100.00 ( 89.51)	Acc@5 100.00 ( 99.70)
24-Jan-26 07:26:03 - Epoch: [42][49999/50000]	Time  0.037 ( 0.038)	Data  0.001 ( 0.001)	Loss 0.0000e+00 (8.8116e-01)	Acc@1 100.00 ( 89.58)	Acc@5 100.00 ( 99.69)
24-Jan-26 07:26:03 -  @Training * Acc@1 89.584 Acc@5 99.694 Loss 0.881
24-Jan-26 07:26:04 - One training epoch latency: 1.923e+03s | Avg Power: 186.3W | Energy: 358261.8540J
24-Jan-26 07:26:14 -  @Testing * Acc@1 86.940 Acc@5 99.450 Loss 1.711
24-Jan-26 07:26:14 - Best acc at epoch 42: 86.93999481201172
24-Jan-26 07:26:14 - Last learning rate: [1.953125e-06]
24-Jan-26 07:26:14 - 	 Epoch 43...
24-Jan-26 07:29:27 - Epoch: [43][ 4999/50000]	Time  0.038 ( 0.039)	Data  0.001 ( 0.001)	Loss 0.0000e+00 (8.8359e-01)	Acc@1 100.00 ( 89.68)	Acc@5 100.00 ( 99.72)
24-Jan-26 07:32:39 - Epoch: [43][ 9999/50000]	Time  0.038 ( 0.039)	Data  0.001 ( 0.001)	Loss 0.0000e+00 (8.6367e-01)	Acc@1 100.00 ( 89.92)	Acc@5 100.00 ( 99.72)
24-Jan-26 07:35:52 - Epoch: [43][14999/50000]	Time  0.038 ( 0.039)	Data  0.001 ( 0.001)	Loss 0.0000e+00 (8.4425e-01)	Acc@1 100.00 ( 89.92)	Acc@5 100.00 ( 99.72)
24-Jan-26 07:39:05 - Epoch: [43][19999/50000]	Time  0.038 ( 0.039)	Data  0.001 ( 0.001)	Loss 0.0000e+00 (8.2786e-01)	Acc@1 100.00 ( 90.10)	Acc@5 100.00 ( 99.72)
24-Jan-26 07:42:17 - Epoch: [43][24999/50000]	Time  0.038 ( 0.039)	Data  0.001 ( 0.001)	Loss 0.0000e+00 (8.3717e-01)	Acc@1 100.00 ( 90.07)	Acc@5 100.00 ( 99.70)
24-Jan-26 07:45:30 - Epoch: [43][29999/50000]	Time  0.038 ( 0.039)	Data  0.001 ( 0.001)	Loss 0.0000e+00 (8.4207e-01)	Acc@1 100.00 ( 90.05)	Acc@5 100.00 ( 99.71)
24-Jan-26 07:48:43 - Epoch: [43][34999/50000]	Time  0.038 ( 0.039)	Data  0.001 ( 0.001)	Loss 0.0000e+00 (8.3960e-01)	Acc@1 100.00 ( 89.97)	Acc@5 100.00 ( 99.70)
24-Jan-26 07:51:55 - Epoch: [43][39999/50000]	Time  0.038 ( 0.039)	Data  0.001 ( 0.001)	Loss 0.0000e+00 (8.4884e-01)	Acc@1 100.00 ( 89.93)	Acc@5 100.00 ( 99.71)
24-Jan-26 07:55:08 - Epoch: [43][44999/50000]	Time  0.037 ( 0.039)	Data  0.001 ( 0.001)	Loss 0.0000e+00 (8.4553e-01)	Acc@1 100.00 ( 89.90)	Acc@5 100.00 ( 99.72)
24-Jan-26 07:58:21 - Epoch: [43][49999/50000]	Time  0.037 ( 0.039)	Data  0.001 ( 0.001)	Loss 0.0000e+00 (8.4597e-01)	Acc@1 100.00 ( 89.92)	Acc@5 100.00 ( 99.72)
24-Jan-26 07:58:21 -  @Training * Acc@1 89.916 Acc@5 99.718 Loss 0.846
24-Jan-26 07:58:21 - One training epoch latency: 1.927e+03s | Avg Power: 186.1W | Energy: 358626.8317J
24-Jan-26 07:58:31 -  @Testing * Acc@1 86.930 Acc@5 99.450 Loss 1.683
24-Jan-26 07:58:31 - Best acc at epoch 43: 86.93999481201172
24-Jan-26 07:58:31 - Last learning rate: [1.953125e-06]
24-Jan-26 07:58:31 - 	 Epoch 44...
24-Jan-26 08:01:43 - Epoch: [44][ 4999/50000]	Time  0.037 ( 0.038)	Data  0.001 ( 0.001)	Loss 0.0000e+00 (7.9771e-01)	Acc@1 100.00 ( 90.56)	Acc@5 100.00 ( 99.76)
24-Jan-26 08:04:55 - Epoch: [44][ 9999/50000]	Time  0.038 ( 0.038)	Data  0.001 ( 0.001)	Loss 0.0000e+00 (8.2235e-01)	Acc@1 100.00 ( 90.29)	Acc@5 100.00 ( 99.70)
24-Jan-26 08:08:08 - Epoch: [44][14999/50000]	Time  0.037 ( 0.038)	Data  0.001 ( 0.001)	Loss 0.0000e+00 (8.2957e-01)	Acc@1 100.00 ( 90.01)	Acc@5 100.00 ( 99.72)
24-Jan-26 08:11:19 - Epoch: [44][19999/50000]	Time  0.037 ( 0.038)	Data  0.001 ( 0.001)	Loss 0.0000e+00 (8.4484e-01)	Acc@1 100.00 ( 89.84)	Acc@5 100.00 ( 99.73)
24-Jan-26 08:14:32 - Epoch: [44][24999/50000]	Time  0.037 ( 0.038)	Data  0.001 ( 0.001)	Loss 1.1805e-03 (8.4087e-01)	Acc@1 100.00 ( 89.86)	Acc@5 100.00 ( 99.72)
24-Jan-26 08:17:44 - Epoch: [44][29999/50000]	Time  0.037 ( 0.038)	Data  0.001 ( 0.001)	Loss 0.0000e+00 (8.4513e-01)	Acc@1 100.00 ( 89.91)	Acc@5 100.00 ( 99.71)
24-Jan-26 08:20:56 - Epoch: [44][34999/50000]	Time  0.038 ( 0.038)	Data  0.001 ( 0.001)	Loss 1.7573e+01 (8.4257e-01)	Acc@1   0.00 ( 89.95)	Acc@5 100.00 ( 99.72)
24-Jan-26 08:24:08 - Epoch: [44][39999/50000]	Time  0.038 ( 0.038)	Data  0.001 ( 0.001)	Loss 7.6291e-05 (8.3975e-01)	Acc@1 100.00 ( 90.01)	Acc@5 100.00 ( 99.73)
24-Jan-26 08:27:20 - Epoch: [44][44999/50000]	Time  0.037 ( 0.038)	Data  0.001 ( 0.001)	Loss 0.0000e+00 (8.4975e-01)	Acc@1 100.00 ( 89.95)	Acc@5 100.00 ( 99.71)
24-Jan-26 08:30:32 - Epoch: [44][49999/50000]	Time  0.037 ( 0.038)	Data  0.001 ( 0.001)	Loss 1.4299e+01 (8.5185e-01)	Acc@1   0.00 ( 89.91)	Acc@5 100.00 ( 99.71)
24-Jan-26 08:30:32 -  @Training * Acc@1 89.912 Acc@5 99.714 Loss 0.852
24-Jan-26 08:30:32 - One training epoch latency: 1.921e+03s | Avg Power: 186.3W | Energy: 357908.6927J
24-Jan-26 08:30:42 -  @Testing * Acc@1 86.760 Acc@5 99.500 Loss 1.735
24-Jan-26 08:30:42 - Best acc at epoch 44: 86.93999481201172
24-Jan-26 08:30:42 - Last learning rate: [1.953125e-06]
24-Jan-26 08:30:42 - 	 Epoch 45...
24-Jan-26 08:33:55 - Epoch: [45][ 4999/50000]	Time  0.060 ( 0.039)	Data  0.001 ( 0.001)	Loss 0.0000e+00 (7.6740e-01)	Acc@1 100.00 ( 90.82)	Acc@5 100.00 ( 99.74)
24-Jan-26 08:37:08 - Epoch: [45][ 9999/50000]	Time  0.038 ( 0.039)	Data  0.001 ( 0.001)	Loss 0.0000e+00 (8.4147e-01)	Acc@1 100.00 ( 90.42)	Acc@5 100.00 ( 99.69)
24-Jan-26 08:40:21 - Epoch: [45][14999/50000]	Time  0.038 ( 0.039)	Data  0.001 ( 0.001)	Loss 2.3842e-07 (8.1618e-01)	Acc@1 100.00 ( 90.52)	Acc@5 100.00 ( 99.71)
24-Jan-26 08:43:34 - Epoch: [45][19999/50000]	Time  0.038 ( 0.039)	Data  0.001 ( 0.001)	Loss 0.0000e+00 (8.2740e-01)	Acc@1 100.00 ( 90.46)	Acc@5 100.00 ( 99.70)
24-Jan-26 08:46:47 - Epoch: [45][24999/50000]	Time  0.037 ( 0.039)	Data  0.001 ( 0.001)	Loss 0.0000e+00 (8.2734e-01)	Acc@1 100.00 ( 90.31)	Acc@5 100.00 ( 99.71)
24-Jan-26 08:50:00 - Epoch: [45][29999/50000]	Time  0.038 ( 0.039)	Data  0.001 ( 0.001)	Loss 4.1723e-06 (8.1851e-01)	Acc@1 100.00 ( 90.32)	Acc@5 100.00 ( 99.71)
24-Jan-26 08:53:13 - Epoch: [45][34999/50000]	Time  0.038 ( 0.039)	Data  0.001 ( 0.001)	Loss 0.0000e+00 (8.2384e-01)	Acc@1 100.00 ( 90.26)	Acc@5 100.00 ( 99.73)
24-Jan-26 08:56:25 - Epoch: [45][39999/50000]	Time  0.038 ( 0.039)	Data  0.001 ( 0.001)	Loss 0.0000e+00 (8.3613e-01)	Acc@1 100.00 ( 90.12)	Acc@5 100.00 ( 99.71)
24-Jan-26 08:59:38 - Epoch: [45][44999/50000]	Time  0.038 ( 0.039)	Data  0.001 ( 0.001)	Loss 2.3315e-04 (8.3389e-01)	Acc@1 100.00 ( 90.14)	Acc@5 100.00 ( 99.71)
24-Jan-26 09:02:51 - Epoch: [45][49999/50000]	Time  0.036 ( 0.039)	Data  0.001 ( 0.001)	Loss 0.0000e+00 (8.3672e-01)	Acc@1 100.00 ( 90.09)	Acc@5 100.00 ( 99.71)
24-Jan-26 09:02:51 -  @Training * Acc@1 90.094 Acc@5 99.708 Loss 0.837
24-Jan-26 09:02:51 - One training epoch latency: 1.929e+03s | Avg Power: 186.0W | Energy: 358799.7321J
24-Jan-26 09:03:01 -  @Testing * Acc@1 86.890 Acc@5 99.480 Loss 1.685
24-Jan-26 09:03:01 - Best acc at epoch 45: 86.93999481201172
24-Jan-26 09:03:01 - Last learning rate: [9.765625e-07]
24-Jan-26 09:03:01 - 	 Epoch 46...
24-Jan-26 09:06:14 - Epoch: [46][ 4999/50000]	Time  0.038 ( 0.039)	Data  0.001 ( 0.001)	Loss 0.0000e+00 (8.3955e-01)	Acc@1 100.00 ( 90.14)	Acc@5 100.00 ( 99.78)
24-Jan-26 09:09:26 - Epoch: [46][ 9999/50000]	Time  0.038 ( 0.038)	Data  0.001 ( 0.001)	Loss 7.9408e+00 (8.2350e-01)	Acc@1   0.00 ( 90.53)	Acc@5 100.00 ( 99.73)
24-Jan-26 09:12:39 - Epoch: [46][14999/50000]	Time  0.037 ( 0.038)	Data  0.001 ( 0.001)	Loss 6.2244e-04 (8.0905e-01)	Acc@1 100.00 ( 90.41)	Acc@5 100.00 ( 99.73)
24-Jan-26 09:15:51 - Epoch: [46][19999/50000]	Time  0.038 ( 0.038)	Data  0.001 ( 0.001)	Loss 4.9119e+00 (8.1358e-01)	Acc@1   0.00 ( 90.38)	Acc@5 100.00 ( 99.72)
24-Jan-26 09:19:03 - Epoch: [46][24999/50000]	Time  0.038 ( 0.038)	Data  0.001 ( 0.001)	Loss 1.1921e-07 (8.1706e-01)	Acc@1 100.00 ( 90.38)	Acc@5 100.00 ( 99.72)
24-Jan-26 09:22:16 - Epoch: [46][29999/50000]	Time  0.038 ( 0.038)	Data  0.001 ( 0.001)	Loss 0.0000e+00 (8.1358e-01)	Acc@1 100.00 ( 90.39)	Acc@5 100.00 ( 99.72)
24-Jan-26 09:25:28 - Epoch: [46][34999/50000]	Time  0.038 ( 0.038)	Data  0.001 ( 0.001)	Loss 4.0499e-01 (8.2135e-01)	Acc@1 100.00 ( 90.30)	Acc@5 100.00 ( 99.71)
24-Jan-26 09:28:40 - Epoch: [46][39999/50000]	Time  0.038 ( 0.038)	Data  0.001 ( 0.001)	Loss 2.0266e-06 (8.2388e-01)	Acc@1 100.00 ( 90.35)	Acc@5 100.00 ( 99.71)
24-Jan-26 09:31:53 - Epoch: [46][44999/50000]	Time  0.038 ( 0.038)	Data  0.001 ( 0.001)	Loss 0.0000e+00 (8.1712e-01)	Acc@1 100.00 ( 90.40)	Acc@5 100.00 ( 99.72)
24-Jan-26 09:35:05 - Epoch: [46][49999/50000]	Time  0.037 ( 0.038)	Data  0.001 ( 0.001)	Loss 0.0000e+00 (8.1933e-01)	Acc@1 100.00 ( 90.36)	Acc@5 100.00 ( 99.72)
24-Jan-26 09:35:05 -  @Training * Acc@1 90.362 Acc@5 99.722 Loss 0.819
24-Jan-26 09:35:05 - One training epoch latency: 1.924e+03s | Avg Power: 186.2W | Energy: 358239.9783J
24-Jan-26 09:35:16 -  @Testing * Acc@1 87.070 Acc@5 99.500 Loss 1.648
24-Jan-26 09:35:16 - Best acc at epoch 46: 87.06999969482422
24-Jan-26 09:35:16 - Last learning rate: [9.765625e-07]
24-Jan-26 09:35:16 - 	 Epoch 47...
24-Jan-26 09:38:28 - Epoch: [47][ 4999/50000]	Time  0.038 ( 0.039)	Data  0.001 ( 0.001)	Loss 0.0000e+00 (7.8390e-01)	Acc@1 100.00 ( 90.86)	Acc@5 100.00 ( 99.66)
24-Jan-26 09:41:41 - Epoch: [47][ 9999/50000]	Time  0.037 ( 0.038)	Data  0.001 ( 0.001)	Loss 0.0000e+00 (7.6012e-01)	Acc@1 100.00 ( 91.02)	Acc@5 100.00 ( 99.72)
24-Jan-26 09:44:53 - Epoch: [47][14999/50000]	Time  0.038 ( 0.038)	Data  0.001 ( 0.001)	Loss 2.8610e-06 (7.4905e-01)	Acc@1 100.00 ( 91.14)	Acc@5 100.00 ( 99.76)
24-Jan-26 09:48:05 - Epoch: [47][19999/50000]	Time  0.038 ( 0.038)	Data  0.001 ( 0.001)	Loss 0.0000e+00 (7.6579e-01)	Acc@1 100.00 ( 90.95)	Acc@5 100.00 ( 99.75)
24-Jan-26 09:51:17 - Epoch: [47][24999/50000]	Time  0.038 ( 0.038)	Data  0.001 ( 0.001)	Loss 0.0000e+00 (7.7021e-01)	Acc@1 100.00 ( 90.81)	Acc@5 100.00 ( 99.75)
24-Jan-26 09:54:30 - Epoch: [47][29999/50000]	Time  0.038 ( 0.038)	Data  0.001 ( 0.001)	Loss 1.2278e-05 (7.6706e-01)	Acc@1 100.00 ( 90.79)	Acc@5 100.00 ( 99.75)
24-Jan-26 09:57:42 - Epoch: [47][34999/50000]	Time  0.037 ( 0.038)	Data  0.001 ( 0.001)	Loss 0.0000e+00 (7.7610e-01)	Acc@1 100.00 ( 90.65)	Acc@5 100.00 ( 99.74)
24-Jan-26 10:00:54 - Epoch: [47][39999/50000]	Time  0.038 ( 0.038)	Data  0.001 ( 0.001)	Loss 0.0000e+00 (7.8480e-01)	Acc@1 100.00 ( 90.59)	Acc@5 100.00 ( 99.74)
24-Jan-26 10:04:07 - Epoch: [47][44999/50000]	Time  0.038 ( 0.038)	Data  0.001 ( 0.001)	Loss 0.0000e+00 (7.8534e-01)	Acc@1 100.00 ( 90.59)	Acc@5 100.00 ( 99.74)
24-Jan-26 10:07:21 - Epoch: [47][49999/50000]	Time  0.037 ( 0.038)	Data  0.001 ( 0.001)	Loss 1.8182e-01 (7.8361e-01)	Acc@1 100.00 ( 90.58)	Acc@5 100.00 ( 99.75)
24-Jan-26 10:07:21 -  @Training * Acc@1 90.584 Acc@5 99.748 Loss 0.784
24-Jan-26 10:07:21 - One training epoch latency: 1.925e+03s | Avg Power: 186.3W | Energy: 358557.0725J
24-Jan-26 10:07:31 -  @Testing * Acc@1 87.110 Acc@5 99.540 Loss 1.661
24-Jan-26 10:07:31 - Best acc at epoch 47: 87.11000061035156
24-Jan-26 10:07:31 - Last learning rate: [9.765625e-07]
24-Jan-26 10:07:31 - 	 Epoch 48...
24-Jan-26 10:10:43 - Epoch: [48][ 4999/50000]	Time  0.037 ( 0.038)	Data  0.001 ( 0.001)	Loss 3.5763e-07 (7.3660e-01)	Acc@1 100.00 ( 91.04)	Acc@5 100.00 ( 99.92)
24-Jan-26 10:13:56 - Epoch: [48][ 9999/50000]	Time  0.038 ( 0.038)	Data  0.001 ( 0.001)	Loss 0.0000e+00 (7.3098e-01)	Acc@1 100.00 ( 91.03)	Acc@5 100.00 ( 99.83)
24-Jan-26 10:17:08 - Epoch: [48][14999/50000]	Time  0.037 ( 0.038)	Data  0.001 ( 0.001)	Loss 0.0000e+00 (7.3521e-01)	Acc@1 100.00 ( 91.13)	Acc@5 100.00 ( 99.79)
24-Jan-26 10:20:20 - Epoch: [48][19999/50000]	Time  0.037 ( 0.038)	Data  0.001 ( 0.001)	Loss 0.0000e+00 (7.6324e-01)	Acc@1 100.00 ( 90.85)	Acc@5 100.00 ( 99.74)
24-Jan-26 10:23:32 - Epoch: [48][24999/50000]	Time  0.037 ( 0.038)	Data  0.001 ( 0.001)	Loss 8.7832e-01 (7.6246e-01)	Acc@1   0.00 ( 90.86)	Acc@5 100.00 ( 99.76)
24-Jan-26 10:26:44 - Epoch: [48][29999/50000]	Time  0.037 ( 0.038)	Data  0.001 ( 0.001)	Loss 1.1921e-07 (7.6963e-01)	Acc@1 100.00 ( 90.78)	Acc@5 100.00 ( 99.74)
24-Jan-26 10:29:58 - Epoch: [48][34999/50000]	Time  0.038 ( 0.038)	Data  0.001 ( 0.001)	Loss 0.0000e+00 (7.6990e-01)	Acc@1 100.00 ( 90.81)	Acc@5 100.00 ( 99.75)
24-Jan-26 10:33:11 - Epoch: [48][39999/50000]	Time  0.038 ( 0.038)	Data  0.001 ( 0.001)	Loss 0.0000e+00 (7.7405e-01)	Acc@1 100.00 ( 90.78)	Acc@5 100.00 ( 99.74)
24-Jan-26 10:36:23 - Epoch: [48][44999/50000]	Time  0.037 ( 0.038)	Data  0.001 ( 0.001)	Loss 0.0000e+00 (7.7284e-01)	Acc@1 100.00 ( 90.83)	Acc@5 100.00 ( 99.74)
24-Jan-26 10:39:34 - Epoch: [48][49999/50000]	Time  0.036 ( 0.038)	Data  0.001 ( 0.001)	Loss 0.0000e+00 (7.7637e-01)	Acc@1 100.00 ( 90.80)	Acc@5 100.00 ( 99.73)
24-Jan-26 10:39:35 -  @Training * Acc@1 90.798 Acc@5 99.730 Loss 0.776
24-Jan-26 10:39:35 - One training epoch latency: 1.924e+03s | Avg Power: 186.2W | Energy: 358070.1461J
24-Jan-26 10:39:45 -  @Testing * Acc@1 86.900 Acc@5 99.510 Loss 1.687
24-Jan-26 10:39:45 - Best acc at epoch 48: 87.11000061035156
24-Jan-26 10:39:45 - Last learning rate: [9.765625e-07]
24-Jan-26 10:39:45 - 	 Epoch 49...
24-Jan-26 10:42:57 - Epoch: [49][ 4999/50000]	Time  0.038 ( 0.038)	Data  0.001 ( 0.001)	Loss 0.0000e+00 (7.8870e-01)	Acc@1 100.00 ( 90.94)	Acc@5 100.00 ( 99.70)
24-Jan-26 10:46:09 - Epoch: [49][ 9999/50000]	Time  0.038 ( 0.038)	Data  0.001 ( 0.001)	Loss 0.0000e+00 (7.7278e-01)	Acc@1 100.00 ( 91.17)	Acc@5 100.00 ( 99.71)
24-Jan-26 10:49:21 - Epoch: [49][14999/50000]	Time  0.038 ( 0.038)	Data  0.001 ( 0.001)	Loss 0.0000e+00 (7.7399e-01)	Acc@1 100.00 ( 91.03)	Acc@5 100.00 ( 99.72)
24-Jan-26 10:52:33 - Epoch: [49][19999/50000]	Time  0.038 ( 0.038)	Data  0.001 ( 0.001)	Loss 0.0000e+00 (7.7324e-01)	Acc@1 100.00 ( 91.06)	Acc@5 100.00 ( 99.72)
24-Jan-26 10:55:45 - Epoch: [49][24999/50000]	Time  0.037 ( 0.038)	Data  0.001 ( 0.001)	Loss 0.0000e+00 (7.6067e-01)	Acc@1 100.00 ( 91.13)	Acc@5 100.00 ( 99.74)
24-Jan-26 10:58:57 - Epoch: [49][29999/50000]	Time  0.037 ( 0.038)	Data  0.001 ( 0.001)	Loss 0.0000e+00 (7.6588e-01)	Acc@1 100.00 ( 91.00)	Acc@5 100.00 ( 99.75)
24-Jan-26 11:02:09 - Epoch: [49][34999/50000]	Time  0.037 ( 0.038)	Data  0.001 ( 0.001)	Loss 0.0000e+00 (7.6912e-01)	Acc@1 100.00 ( 91.01)	Acc@5 100.00 ( 99.74)
24-Jan-26 11:05:21 - Epoch: [49][39999/50000]	Time  0.037 ( 0.038)	Data  0.001 ( 0.001)	Loss 0.0000e+00 (7.7314e-01)	Acc@1 100.00 ( 91.00)	Acc@5 100.00 ( 99.75)
24-Jan-26 11:08:33 - Epoch: [49][44999/50000]	Time  0.037 ( 0.038)	Data  0.001 ( 0.001)	Loss 0.0000e+00 (7.7298e-01)	Acc@1 100.00 ( 90.95)	Acc@5 100.00 ( 99.75)
24-Jan-26 11:11:45 - Epoch: [49][49999/50000]	Time  0.037 ( 0.038)	Data  0.001 ( 0.001)	Loss 0.0000e+00 (7.7357e-01)	Acc@1 100.00 ( 90.91)	Acc@5 100.00 ( 99.76)
24-Jan-26 11:11:45 -  @Training * Acc@1 90.906 Acc@5 99.762 Loss 0.774
24-Jan-26 11:11:45 - One training epoch latency: 1.92e+03s | Avg Power: 185.9W | Energy: 356989.8743J
24-Jan-26 11:11:55 -  @Testing * Acc@1 87.000 Acc@5 99.510 Loss 1.680
24-Jan-26 11:11:55 - Best acc at epoch 49: 87.11000061035156
24-Jan-26 11:11:55 - Last learning rate: [9.765625e-07]
24-Jan-26 11:11:55 - 	 Epoch 50...
24-Jan-26 11:15:08 - Epoch: [50][ 4999/50000]	Time  0.038 ( 0.038)	Data  0.001 ( 0.001)	Loss 0.0000e+00 (7.4332e-01)	Acc@1 100.00 ( 91.36)	Acc@5 100.00 ( 99.78)
24-Jan-26 11:18:20 - Epoch: [50][ 9999/50000]	Time  0.037 ( 0.038)	Data  0.001 ( 0.001)	Loss 0.0000e+00 (7.9365e-01)	Acc@1 100.00 ( 90.90)	Acc@5 100.00 ( 99.69)
24-Jan-26 11:21:33 - Epoch: [50][14999/50000]	Time  0.037 ( 0.038)	Data  0.001 ( 0.001)	Loss 0.0000e+00 (7.9022e-01)	Acc@1 100.00 ( 90.83)	Acc@5 100.00 ( 99.71)
24-Jan-26 11:24:45 - Epoch: [50][19999/50000]	Time  0.037 ( 0.038)	Data  0.001 ( 0.001)	Loss 0.0000e+00 (7.7470e-01)	Acc@1 100.00 ( 90.96)	Acc@5 100.00 ( 99.73)
24-Jan-26 11:27:57 - Epoch: [50][24999/50000]	Time  0.038 ( 0.038)	Data  0.001 ( 0.001)	Loss 1.8253e+01 (7.6682e-01)	Acc@1   0.00 ( 91.10)	Acc@5 100.00 ( 99.75)
24-Jan-26 11:31:09 - Epoch: [50][29999/50000]	Time  0.037 ( 0.038)	Data  0.001 ( 0.001)	Loss 2.7997e-02 (7.7604e-01)	Acc@1 100.00 ( 91.03)	Acc@5 100.00 ( 99.74)
24-Jan-26 11:34:22 - Epoch: [50][34999/50000]	Time  0.037 ( 0.038)	Data  0.001 ( 0.001)	Loss 0.0000e+00 (7.7746e-01)	Acc@1 100.00 ( 91.06)	Acc@5 100.00 ( 99.75)
24-Jan-26 11:37:35 - Epoch: [50][39999/50000]	Time  0.038 ( 0.038)	Data  0.001 ( 0.001)	Loss 5.9605e-07 (7.6791e-01)	Acc@1 100.00 ( 91.09)	Acc@5 100.00 ( 99.75)
24-Jan-26 11:40:47 - Epoch: [50][44999/50000]	Time  0.060 ( 0.038)	Data  0.001 ( 0.001)	Loss 0.0000e+00 (7.6587e-01)	Acc@1 100.00 ( 91.05)	Acc@5 100.00 ( 99.75)
24-Jan-26 11:44:00 - Epoch: [50][49999/50000]	Time  0.037 ( 0.038)	Data  0.001 ( 0.001)	Loss 0.0000e+00 (7.7269e-01)	Acc@1 100.00 ( 90.96)	Acc@5 100.00 ( 99.75)
24-Jan-26 11:44:00 -  @Training * Acc@1 90.960 Acc@5 99.750 Loss 0.773
24-Jan-26 11:44:00 - One training epoch latency: 1.925e+03s | Avg Power: 185.6W | Energy: 357226.8003J
24-Jan-26 11:44:10 -  @Testing * Acc@1 87.110 Acc@5 99.530 Loss 1.661
24-Jan-26 11:44:10 - Best acc at epoch 50: 87.11000061035156
24-Jan-26 11:44:10 - Last learning rate: [9.765625e-07]
24-Jan-26 11:44:10 - 	 Epoch 51...
24-Jan-26 11:47:24 - Epoch: [51][ 4999/50000]	Time  0.037 ( 0.039)	Data  0.001 ( 0.001)	Loss 3.2497e-02 (7.2480e-01)	Acc@1 100.00 ( 91.42)	Acc@5 100.00 ( 99.88)
24-Jan-26 11:50:36 - Epoch: [51][ 9999/50000]	Time  0.037 ( 0.039)	Data  0.001 ( 0.001)	Loss 0.0000e+00 (7.5534e-01)	Acc@1 100.00 ( 91.16)	Acc@5 100.00 ( 99.75)
24-Jan-26 11:53:47 - Epoch: [51][14999/50000]	Time  0.037 ( 0.038)	Data  0.001 ( 0.001)	Loss 3.5642e-03 (7.7657e-01)	Acc@1 100.00 ( 91.10)	Acc@5 100.00 ( 99.74)
24-Jan-26 11:56:58 - Epoch: [51][19999/50000]	Time  0.037 ( 0.038)	Data  0.001 ( 0.001)	Loss 0.0000e+00 (7.7581e-01)	Acc@1 100.00 ( 90.96)	Acc@5 100.00 ( 99.75)
24-Jan-26 12:00:09 - Epoch: [51][24999/50000]	Time  0.037 ( 0.038)	Data  0.001 ( 0.001)	Loss 2.0266e-06 (7.6749e-01)	Acc@1 100.00 ( 91.09)	Acc@5 100.00 ( 99.74)
24-Jan-26 12:03:21 - Epoch: [51][29999/50000]	Time  0.037 ( 0.038)	Data  0.001 ( 0.001)	Loss 0.0000e+00 (7.6025e-01)	Acc@1 100.00 ( 91.09)	Acc@5 100.00 ( 99.75)
24-Jan-26 12:06:32 - Epoch: [51][34999/50000]	Time  0.037 ( 0.038)	Data  0.001 ( 0.001)	Loss 0.0000e+00 (7.5921e-01)	Acc@1 100.00 ( 91.06)	Acc@5 100.00 ( 99.75)
24-Jan-26 12:09:43 - Epoch: [51][39999/50000]	Time  0.037 ( 0.038)	Data  0.001 ( 0.001)	Loss 0.0000e+00 (7.6870e-01)	Acc@1 100.00 ( 90.92)	Acc@5 100.00 ( 99.74)
24-Jan-26 12:12:54 - Epoch: [51][44999/50000]	Time  0.037 ( 0.038)	Data  0.001 ( 0.001)	Loss 0.0000e+00 (7.6871e-01)	Acc@1 100.00 ( 90.91)	Acc@5 100.00 ( 99.74)
24-Jan-26 12:16:05 - Epoch: [51][49999/50000]	Time  0.037 ( 0.038)	Data  0.001 ( 0.001)	Loss 0.0000e+00 (7.6999e-01)	Acc@1 100.00 ( 90.89)	Acc@5 100.00 ( 99.74)
24-Jan-26 12:16:05 -  @Training * Acc@1 90.886 Acc@5 99.744 Loss 0.770
24-Jan-26 12:16:05 - One training epoch latency: 1.915e+03s | Avg Power: 186.2W | Energy: 356506.5404J
24-Jan-26 12:16:16 -  @Testing * Acc@1 87.000 Acc@5 99.520 Loss 1.675
24-Jan-26 12:16:16 - Best acc at epoch 51: 87.11000061035156
24-Jan-26 12:16:16 - Last learning rate: [9.765625e-07]
24-Jan-26 12:16:16 - 	 Epoch 52...
24-Jan-26 12:19:27 - Epoch: [52][ 4999/50000]	Time  0.037 ( 0.038)	Data  0.001 ( 0.001)	Loss 0.0000e+00 (7.3399e-01)	Acc@1 100.00 ( 90.92)	Acc@5 100.00 ( 99.76)
24-Jan-26 12:22:38 - Epoch: [52][ 9999/50000]	Time  0.038 ( 0.038)	Data  0.001 ( 0.001)	Loss 3.4064e-01 (7.9857e-01)	Acc@1 100.00 ( 90.64)	Acc@5 100.00 ( 99.75)
24-Jan-26 12:25:49 - Epoch: [52][14999/50000]	Time  0.037 ( 0.038)	Data  0.001 ( 0.001)	Loss 0.0000e+00 (7.7725e-01)	Acc@1 100.00 ( 90.80)	Acc@5 100.00 ( 99.75)
24-Jan-26 12:29:00 - Epoch: [52][19999/50000]	Time  0.037 ( 0.038)	Data  0.001 ( 0.001)	Loss 0.0000e+00 (7.6684e-01)	Acc@1 100.00 ( 90.88)	Acc@5 100.00 ( 99.72)
24-Jan-26 12:32:11 - Epoch: [52][24999/50000]	Time  0.037 ( 0.038)	Data  0.001 ( 0.001)	Loss 0.0000e+00 (7.7153e-01)	Acc@1 100.00 ( 90.80)	Acc@5 100.00 ( 99.73)
24-Jan-26 12:35:23 - Epoch: [52][29999/50000]	Time  0.037 ( 0.038)	Data  0.001 ( 0.001)	Loss 0.0000e+00 (7.8359e-01)	Acc@1 100.00 ( 90.67)	Acc@5 100.00 ( 99.71)
24-Jan-26 12:38:34 - Epoch: [52][34999/50000]	Time  0.037 ( 0.038)	Data  0.001 ( 0.001)	Loss 0.0000e+00 (7.7765e-01)	Acc@1 100.00 ( 90.73)	Acc@5 100.00 ( 99.71)
24-Jan-26 12:41:46 - Epoch: [52][39999/50000]	Time  0.037 ( 0.038)	Data  0.001 ( 0.001)	Loss 0.0000e+00 (7.6975e-01)	Acc@1 100.00 ( 90.78)	Acc@5 100.00 ( 99.72)
24-Jan-26 12:44:57 - Epoch: [52][44999/50000]	Time  0.037 ( 0.038)	Data  0.001 ( 0.001)	Loss 6.1131e+00 (7.7612e-01)	Acc@1   0.00 ( 90.73)	Acc@5 100.00 ( 99.73)
24-Jan-26 12:48:09 - Epoch: [52][49999/50000]	Time  0.036 ( 0.038)	Data  0.001 ( 0.001)	Loss 1.1921e-07 (7.7279e-01)	Acc@1 100.00 ( 90.76)	Acc@5 100.00 ( 99.74)
24-Jan-26 12:48:09 -  @Training * Acc@1 90.764 Acc@5 99.736 Loss 0.773
24-Jan-26 12:48:09 - One training epoch latency: 1.913e+03s | Avg Power: 186.3W | Energy: 356440.5959J
24-Jan-26 12:48:19 -  @Testing * Acc@1 87.150 Acc@5 99.530 Loss 1.678
24-Jan-26 12:48:19 - Best acc at epoch 52: 87.1500015258789
24-Jan-26 12:48:19 - Last learning rate: [4.8828125e-07]
24-Jan-26 12:48:19 - 	 Epoch 53...
24-Jan-26 12:51:31 - Epoch: [53][ 4999/50000]	Time  0.037 ( 0.038)	Data  0.001 ( 0.001)	Loss 5.9410e-02 (7.4189e-01)	Acc@1 100.00 ( 90.82)	Acc@5 100.00 ( 99.80)
24-Jan-26 12:54:43 - Epoch: [53][ 9999/50000]	Time  0.037 ( 0.038)	Data  0.001 ( 0.001)	Loss 0.0000e+00 (6.9382e-01)	Acc@1 100.00 ( 91.38)	Acc@5 100.00 ( 99.81)
24-Jan-26 12:57:54 - Epoch: [53][14999/50000]	Time  0.061 ( 0.038)	Data  0.001 ( 0.001)	Loss 9.2916e-04 (7.2479e-01)	Acc@1 100.00 ( 91.34)	Acc@5 100.00 ( 99.77)
24-Jan-26 13:01:06 - Epoch: [53][19999/50000]	Time  0.037 ( 0.038)	Data  0.001 ( 0.001)	Loss 0.0000e+00 (7.2959e-01)	Acc@1 100.00 ( 91.26)	Acc@5 100.00 ( 99.78)
24-Jan-26 13:04:18 - Epoch: [53][24999/50000]	Time  0.037 ( 0.038)	Data  0.001 ( 0.001)	Loss 0.0000e+00 (7.2312e-01)	Acc@1 100.00 ( 91.28)	Acc@5 100.00 ( 99.80)
24-Jan-26 13:07:30 - Epoch: [53][29999/50000]	Time  0.037 ( 0.038)	Data  0.001 ( 0.001)	Loss 0.0000e+00 (7.2653e-01)	Acc@1 100.00 ( 91.27)	Acc@5 100.00 ( 99.78)
24-Jan-26 13:10:42 - Epoch: [53][34999/50000]	Time  0.037 ( 0.038)	Data  0.001 ( 0.001)	Loss 0.0000e+00 (7.1848e-01)	Acc@1 100.00 ( 91.34)	Acc@5 100.00 ( 99.79)
24-Jan-26 13:13:54 - Epoch: [53][39999/50000]	Time  0.037 ( 0.038)	Data  0.001 ( 0.001)	Loss 0.0000e+00 (7.2007e-01)	Acc@1 100.00 ( 91.29)	Acc@5 100.00 ( 99.77)
24-Jan-26 13:17:06 - Epoch: [53][44999/50000]	Time  0.037 ( 0.038)	Data  0.001 ( 0.001)	Loss 0.0000e+00 (7.2627e-01)	Acc@1 100.00 ( 91.25)	Acc@5 100.00 ( 99.77)
24-Jan-26 13:20:18 - Epoch: [53][49999/50000]	Time  0.037 ( 0.038)	Data  0.001 ( 0.001)	Loss 5.4836e-06 (7.3302e-01)	Acc@1 100.00 ( 91.20)	Acc@5 100.00 ( 99.77)
24-Jan-26 13:20:18 -  @Training * Acc@1 91.200 Acc@5 99.772 Loss 0.733
24-Jan-26 13:20:18 - One training epoch latency: 1.919e+03s | Avg Power: 186.1W | Energy: 357150.8969J
24-Jan-26 13:20:28 -  @Testing * Acc@1 87.320 Acc@5 99.480 Loss 1.671
24-Jan-26 13:20:28 - Best acc at epoch 53: 87.31999969482422
24-Jan-26 13:20:28 - Last learning rate: [4.8828125e-07]
24-Jan-26 13:20:28 - 	 Epoch 54...
24-Jan-26 13:23:41 - Epoch: [54][ 4999/50000]	Time  0.037 ( 0.038)	Data  0.001 ( 0.001)	Loss 1.5348e-03 (7.0526e-01)	Acc@1 100.00 ( 91.44)	Acc@5 100.00 ( 99.82)
24-Jan-26 13:26:52 - Epoch: [54][ 9999/50000]	Time  0.038 ( 0.038)	Data  0.001 ( 0.001)	Loss 0.0000e+00 (6.8256e-01)	Acc@1 100.00 ( 91.68)	Acc@5 100.00 ( 99.85)
24-Jan-26 13:30:04 - Epoch: [54][14999/50000]	Time  0.037 ( 0.038)	Data  0.001 ( 0.001)	Loss 4.7684e-07 (6.8601e-01)	Acc@1 100.00 ( 91.62)	Acc@5 100.00 ( 99.83)
24-Jan-26 13:33:16 - Epoch: [54][19999/50000]	Time  0.037 ( 0.038)	Data  0.001 ( 0.001)	Loss 0.0000e+00 (7.1185e-01)	Acc@1 100.00 ( 91.60)	Acc@5 100.00 ( 99.81)
24-Jan-26 13:36:28 - Epoch: [54][24999/50000]	Time  0.037 ( 0.038)	Data  0.001 ( 0.001)	Loss 0.0000e+00 (7.2097e-01)	Acc@1 100.00 ( 91.50)	Acc@5 100.00 ( 99.80)
24-Jan-26 13:39:40 - Epoch: [54][29999/50000]	Time  0.037 ( 0.038)	Data  0.001 ( 0.001)	Loss 9.5367e-07 (7.2459e-01)	Acc@1 100.00 ( 91.43)	Acc@5 100.00 ( 99.80)
24-Jan-26 13:42:52 - Epoch: [54][34999/50000]	Time  0.037 ( 0.038)	Data  0.001 ( 0.001)	Loss 0.0000e+00 (7.3051e-01)	Acc@1 100.00 ( 91.41)	Acc@5 100.00 ( 99.80)
24-Jan-26 13:46:04 - Epoch: [54][39999/50000]	Time  0.038 ( 0.038)	Data  0.001 ( 0.001)	Loss 0.0000e+00 (7.3161e-01)	Acc@1 100.00 ( 91.42)	Acc@5 100.00 ( 99.80)
24-Jan-26 13:49:15 - Epoch: [54][44999/50000]	Time  0.038 ( 0.038)	Data  0.001 ( 0.001)	Loss 0.0000e+00 (7.3417e-01)	Acc@1 100.00 ( 91.34)	Acc@5 100.00 ( 99.81)
24-Jan-26 13:52:27 - Epoch: [54][49999/50000]	Time  0.036 ( 0.038)	Data  0.001 ( 0.001)	Loss 0.0000e+00 (7.3969e-01)	Acc@1 100.00 ( 91.33)	Acc@5 100.00 ( 99.80)
24-Jan-26 13:52:27 -  @Training * Acc@1 91.332 Acc@5 99.800 Loss 0.740
24-Jan-26 13:52:27 - One training epoch latency: 1.919e+03s | Avg Power: 186.1W | Energy: 357143.9468J
24-Jan-26 13:52:38 -  @Testing * Acc@1 87.180 Acc@5 99.550 Loss 1.674
24-Jan-26 13:52:38 - Best acc at epoch 54: 87.31999969482422
24-Jan-26 13:52:38 - Last learning rate: [4.8828125e-07]
24-Jan-26 13:52:38 - 	 Epoch 55...
24-Jan-26 13:55:50 - Epoch: [55][ 4999/50000]	Time  0.038 ( 0.038)	Data  0.001 ( 0.001)	Loss 0.0000e+00 (7.3805e-01)	Acc@1 100.00 ( 90.90)	Acc@5 100.00 ( 99.80)
24-Jan-26 13:59:02 - Epoch: [55][ 9999/50000]	Time  0.061 ( 0.038)	Data  0.001 ( 0.001)	Loss 0.0000e+00 (7.6149e-01)	Acc@1 100.00 ( 91.07)	Acc@5 100.00 ( 99.81)
24-Jan-26 14:02:15 - Epoch: [55][14999/50000]	Time  0.037 ( 0.038)	Data  0.001 ( 0.001)	Loss 0.0000e+00 (7.5048e-01)	Acc@1 100.00 ( 91.21)	Acc@5 100.00 ( 99.79)
24-Jan-26 14:05:27 - Epoch: [55][19999/50000]	Time  0.037 ( 0.038)	Data  0.001 ( 0.001)	Loss 0.0000e+00 (7.4437e-01)	Acc@1 100.00 ( 91.06)	Acc@5 100.00 ( 99.78)
24-Jan-26 14:08:39 - Epoch: [55][24999/50000]	Time  0.038 ( 0.038)	Data  0.001 ( 0.001)	Loss 1.2181e-02 (7.3488e-01)	Acc@1 100.00 ( 91.17)	Acc@5 100.00 ( 99.78)
24-Jan-26 14:11:51 - Epoch: [55][29999/50000]	Time  0.061 ( 0.038)	Data  0.001 ( 0.001)	Loss 2.5869e+00 (7.2962e-01)	Acc@1   0.00 ( 91.24)	Acc@5 100.00 ( 99.76)
24-Jan-26 14:15:04 - Epoch: [55][34999/50000]	Time  0.038 ( 0.038)	Data  0.001 ( 0.001)	Loss 0.0000e+00 (7.2041e-01)	Acc@1 100.00 ( 91.28)	Acc@5 100.00 ( 99.77)
24-Jan-26 14:18:16 - Epoch: [55][39999/50000]	Time  0.038 ( 0.038)	Data  0.001 ( 0.001)	Loss 1.1749e-02 (7.1464e-01)	Acc@1 100.00 ( 91.34)	Acc@5 100.00 ( 99.78)
24-Jan-26 14:21:28 - Epoch: [55][44999/50000]	Time  0.038 ( 0.038)	Data  0.001 ( 0.001)	Loss 0.0000e+00 (7.2360e-01)	Acc@1 100.00 ( 91.31)	Acc@5 100.00 ( 99.78)
24-Jan-26 14:24:40 - Epoch: [55][49999/50000]	Time  0.059 ( 0.038)	Data  0.001 ( 0.001)	Loss 1.1921e-07 (7.2189e-01)	Acc@1 100.00 ( 91.30)	Acc@5 100.00 ( 99.78)
24-Jan-26 14:24:40 -  @Training * Acc@1 91.296 Acc@5 99.780 Loss 0.722
24-Jan-26 14:24:40 - One training epoch latency: 1.923e+03s | Avg Power: 186.1W | Energy: 357914.1043J
24-Jan-26 14:24:51 -  @Testing * Acc@1 87.150 Acc@5 99.490 Loss 1.669
24-Jan-26 14:24:51 - Best acc at epoch 55: 87.31999969482422
24-Jan-26 14:24:51 - Last learning rate: [4.8828125e-07]
24-Jan-26 14:24:51 - 	 Epoch 56...
24-Jan-26 14:28:03 - Epoch: [56][ 4999/50000]	Time  0.037 ( 0.038)	Data  0.001 ( 0.001)	Loss 0.0000e+00 (7.4599e-01)	Acc@1 100.00 ( 91.14)	Acc@5 100.00 ( 99.82)
24-Jan-26 14:31:16 - Epoch: [56][ 9999/50000]	Time  0.037 ( 0.038)	Data  0.001 ( 0.001)	Loss 1.3998e+01 (7.3543e-01)	Acc@1   0.00 ( 91.44)	Acc@5 100.00 ( 99.78)
24-Jan-26 14:34:28 - Epoch: [56][14999/50000]	Time  0.037 ( 0.038)	Data  0.001 ( 0.001)	Loss 0.0000e+00 (7.4766e-01)	Acc@1 100.00 ( 91.31)	Acc@5 100.00 ( 99.76)
24-Jan-26 14:37:40 - Epoch: [56][19999/50000]	Time  0.038 ( 0.038)	Data  0.001 ( 0.001)	Loss 0.0000e+00 (7.3911e-01)	Acc@1 100.00 ( 91.39)	Acc@5 100.00 ( 99.76)
24-Jan-26 14:40:52 - Epoch: [56][24999/50000]	Time  0.037 ( 0.038)	Data  0.001 ( 0.001)	Loss 0.0000e+00 (7.2987e-01)	Acc@1 100.00 ( 91.44)	Acc@5 100.00 ( 99.76)
24-Jan-26 14:44:05 - Epoch: [56][29999/50000]	Time  0.037 ( 0.038)	Data  0.001 ( 0.001)	Loss 0.0000e+00 (7.2405e-01)	Acc@1 100.00 ( 91.39)	Acc@5 100.00 ( 99.77)
24-Jan-26 14:47:19 - Epoch: [56][34999/50000]	Time  0.037 ( 0.039)	Data  0.001 ( 0.001)	Loss 5.9605e-07 (7.1052e-01)	Acc@1 100.00 ( 91.48)	Acc@5 100.00 ( 99.79)
24-Jan-26 14:50:32 - Epoch: [56][39999/50000]	Time  0.038 ( 0.039)	Data  0.001 ( 0.001)	Loss 0.0000e+00 (7.1954e-01)	Acc@1 100.00 ( 91.37)	Acc@5 100.00 ( 99.80)
24-Jan-26 14:53:44 - Epoch: [56][44999/50000]	Time  0.038 ( 0.039)	Data  0.001 ( 0.001)	Loss 0.0000e+00 (7.2757e-01)	Acc@1 100.00 ( 91.32)	Acc@5 100.00 ( 99.81)
24-Jan-26 14:56:56 - Epoch: [56][49999/50000]	Time  0.036 ( 0.039)	Data  0.001 ( 0.001)	Loss 6.2929e-02 (7.2821e-01)	Acc@1 100.00 ( 91.31)	Acc@5 100.00 ( 99.80)
24-Jan-26 14:56:56 -  @Training * Acc@1 91.310 Acc@5 99.802 Loss 0.728
24-Jan-26 14:56:56 - One training epoch latency: 1.926e+03s | Avg Power: 185.8W | Energy: 357850.8738J
24-Jan-26 14:57:06 -  @Testing * Acc@1 87.240 Acc@5 99.520 Loss 1.665
24-Jan-26 14:57:06 - Best acc at epoch 56: 87.31999969482422
24-Jan-26 14:57:06 - Last learning rate: [4.8828125e-07]
24-Jan-26 14:57:06 - 	 Epoch 57...
24-Jan-26 15:00:19 - Epoch: [57][ 4999/50000]	Time  0.037 ( 0.038)	Data  0.001 ( 0.001)	Loss 0.0000e+00 (6.6450e-01)	Acc@1 100.00 ( 91.86)	Acc@5 100.00 ( 99.86)
24-Jan-26 15:03:31 - Epoch: [57][ 9999/50000]	Time  0.038 ( 0.038)	Data  0.001 ( 0.001)	Loss 0.0000e+00 (7.0240e-01)	Acc@1 100.00 ( 91.27)	Acc@5 100.00 ( 99.86)
24-Jan-26 15:06:44 - Epoch: [57][14999/50000]	Time  0.038 ( 0.038)	Data  0.001 ( 0.001)	Loss 0.0000e+00 (7.1086e-01)	Acc@1 100.00 ( 91.42)	Acc@5 100.00 ( 99.81)
24-Jan-26 15:09:56 - Epoch: [57][19999/50000]	Time  0.038 ( 0.038)	Data  0.001 ( 0.001)	Loss 1.0851e+01 (7.2242e-01)	Acc@1   0.00 ( 91.28)	Acc@5 100.00 ( 99.75)
24-Jan-26 15:13:08 - Epoch: [57][24999/50000]	Time  0.038 ( 0.038)	Data  0.001 ( 0.001)	Loss 0.0000e+00 (7.1559e-01)	Acc@1 100.00 ( 91.35)	Acc@5 100.00 ( 99.75)
24-Jan-26 15:16:21 - Epoch: [57][29999/50000]	Time  0.037 ( 0.038)	Data  0.001 ( 0.001)	Loss 0.0000e+00 (7.2914e-01)	Acc@1 100.00 ( 91.27)	Acc@5 100.00 ( 99.74)
24-Jan-26 15:19:33 - Epoch: [57][34999/50000]	Time  0.037 ( 0.038)	Data  0.001 ( 0.001)	Loss 0.0000e+00 (7.2741e-01)	Acc@1 100.00 ( 91.25)	Acc@5 100.00 ( 99.75)
24-Jan-26 15:22:46 - Epoch: [57][39999/50000]	Time  0.037 ( 0.038)	Data  0.001 ( 0.001)	Loss 0.0000e+00 (7.3609e-01)	Acc@1 100.00 ( 91.16)	Acc@5 100.00 ( 99.75)
24-Jan-26 15:25:58 - Epoch: [57][44999/50000]	Time  0.037 ( 0.038)	Data  0.001 ( 0.001)	Loss 0.0000e+00 (7.3149e-01)	Acc@1 100.00 ( 91.20)	Acc@5 100.00 ( 99.75)
24-Jan-26 15:29:11 - Epoch: [57][49999/50000]	Time  0.037 ( 0.038)	Data  0.001 ( 0.001)	Loss 0.0000e+00 (7.3165e-01)	Acc@1 100.00 ( 91.16)	Acc@5 100.00 ( 99.75)
24-Jan-26 15:29:11 -  @Training * Acc@1 91.160 Acc@5 99.752 Loss 0.732
24-Jan-26 15:29:11 - One training epoch latency: 1.925e+03s | Avg Power: 186.1W | Energy: 358128.8635J
24-Jan-26 15:29:21 -  @Testing * Acc@1 87.010 Acc@5 99.510 Loss 1.671
24-Jan-26 15:29:21 - Best acc at epoch 57: 87.31999969482422
24-Jan-26 15:29:21 - Last learning rate: [4.8828125e-07]
24-Jan-26 15:29:21 - 	 Epoch 58...
24-Jan-26 15:32:34 - Epoch: [58][ 4999/50000]	Time  0.038 ( 0.038)	Data  0.001 ( 0.001)	Loss 3.3705e+01 (7.7555e-01)	Acc@1   0.00 ( 90.88)	Acc@5   0.00 ( 99.66)
24-Jan-26 15:35:47 - Epoch: [58][ 9999/50000]	Time  0.037 ( 0.039)	Data  0.001 ( 0.001)	Loss 0.0000e+00 (7.1652e-01)	Acc@1 100.00 ( 91.48)	Acc@5 100.00 ( 99.75)
24-Jan-26 15:38:59 - Epoch: [58][14999/50000]	Time  0.038 ( 0.038)	Data  0.001 ( 0.001)	Loss 0.0000e+00 (7.5131e-01)	Acc@1 100.00 ( 91.21)	Acc@5 100.00 ( 99.77)
24-Jan-26 15:42:11 - Epoch: [58][19999/50000]	Time  0.038 ( 0.038)	Data  0.001 ( 0.001)	Loss 0.0000e+00 (7.5013e-01)	Acc@1 100.00 ( 91.17)	Acc@5 100.00 ( 99.77)
24-Jan-26 15:45:23 - Epoch: [58][24999/50000]	Time  0.037 ( 0.038)	Data  0.001 ( 0.001)	Loss 0.0000e+00 (7.3107e-01)	Acc@1 100.00 ( 91.27)	Acc@5 100.00 ( 99.78)
24-Jan-26 15:48:35 - Epoch: [58][29999/50000]	Time  0.037 ( 0.038)	Data  0.001 ( 0.001)	Loss 0.0000e+00 (7.3491e-01)	Acc@1 100.00 ( 91.22)	Acc@5 100.00 ( 99.77)
24-Jan-26 15:51:48 - Epoch: [58][34999/50000]	Time  0.037 ( 0.038)	Data  0.001 ( 0.001)	Loss 0.0000e+00 (7.2836e-01)	Acc@1 100.00 ( 91.29)	Acc@5 100.00 ( 99.77)
24-Jan-26 15:55:00 - Epoch: [58][39999/50000]	Time  0.037 ( 0.038)	Data  0.001 ( 0.001)	Loss 0.0000e+00 (7.2567e-01)	Acc@1 100.00 ( 91.29)	Acc@5 100.00 ( 99.75)
24-Jan-26 15:58:12 - Epoch: [58][44999/50000]	Time  0.037 ( 0.038)	Data  0.001 ( 0.001)	Loss 0.0000e+00 (7.2013e-01)	Acc@1 100.00 ( 91.38)	Acc@5 100.00 ( 99.76)
24-Jan-26 16:01:24 - Epoch: [58][49999/50000]	Time  0.037 ( 0.038)	Data  0.001 ( 0.001)	Loss 0.0000e+00 (7.2296e-01)	Acc@1 100.00 ( 91.38)	Acc@5 100.00 ( 99.74)
24-Jan-26 16:01:24 -  @Training * Acc@1 91.382 Acc@5 99.744 Loss 0.723
24-Jan-26 16:01:24 - One training epoch latency: 1.923e+03s | Avg Power: 186.3W | Energy: 358240.2705J
24-Jan-26 16:01:35 -  @Testing * Acc@1 87.210 Acc@5 99.530 Loss 1.647
24-Jan-26 16:01:35 - Best acc at epoch 58: 87.31999969482422
24-Jan-26 16:01:35 - Last learning rate: [2.44140625e-07]
24-Jan-26 16:01:35 - 	 Epoch 59...
24-Jan-26 16:04:47 - Epoch: [59][ 4999/50000]	Time  0.038 ( 0.038)	Data  0.001 ( 0.001)	Loss 0.0000e+00 (7.0962e-01)	Acc@1 100.00 ( 91.28)	Acc@5 100.00 ( 99.72)
24-Jan-26 16:07:59 - Epoch: [59][ 9999/50000]	Time  0.037 ( 0.038)	Data  0.001 ( 0.001)	Loss 0.0000e+00 (7.6443e-01)	Acc@1 100.00 ( 90.87)	Acc@5 100.00 ( 99.81)
24-Jan-26 16:11:12 - Epoch: [59][14999/50000]	Time  0.037 ( 0.038)	Data  0.001 ( 0.001)	Loss 0.0000e+00 (7.4128e-01)	Acc@1 100.00 ( 90.95)	Acc@5 100.00 ( 99.79)
24-Jan-26 16:14:24 - Epoch: [59][19999/50000]	Time  0.037 ( 0.038)	Data  0.001 ( 0.001)	Loss 0.0000e+00 (7.5011e-01)	Acc@1 100.00 ( 90.96)	Acc@5 100.00 ( 99.79)
24-Jan-26 16:17:36 - Epoch: [59][24999/50000]	Time  0.037 ( 0.038)	Data  0.001 ( 0.001)	Loss 8.4842e+00 (7.3132e-01)	Acc@1   0.00 ( 91.08)	Acc@5 100.00 ( 99.81)
24-Jan-26 16:20:49 - Epoch: [59][29999/50000]	Time  0.037 ( 0.038)	Data  0.001 ( 0.001)	Loss 0.0000e+00 (7.2812e-01)	Acc@1 100.00 ( 91.12)	Acc@5 100.00 ( 99.79)
24-Jan-26 16:24:01 - Epoch: [59][34999/50000]	Time  0.037 ( 0.038)	Data  0.001 ( 0.001)	Loss 0.0000e+00 (7.3235e-01)	Acc@1 100.00 ( 91.18)	Acc@5 100.00 ( 99.80)
24-Jan-26 16:27:13 - Epoch: [59][39999/50000]	Time  0.038 ( 0.038)	Data  0.001 ( 0.001)	Loss 0.0000e+00 (7.3074e-01)	Acc@1 100.00 ( 91.16)	Acc@5 100.00 ( 99.79)
24-Jan-26 16:30:25 - Epoch: [59][44999/50000]	Time  0.062 ( 0.038)	Data  0.001 ( 0.001)	Loss 0.0000e+00 (7.2091e-01)	Acc@1 100.00 ( 91.26)	Acc@5 100.00 ( 99.79)
24-Jan-26 16:33:38 - Epoch: [59][49999/50000]	Time  0.036 ( 0.038)	Data  0.001 ( 0.001)	Loss 0.0000e+00 (7.1488e-01)	Acc@1 100.00 ( 91.29)	Acc@5 100.00 ( 99.80)
24-Jan-26 16:33:38 -  @Training * Acc@1 91.292 Acc@5 99.800 Loss 0.715
24-Jan-26 16:33:38 - One training epoch latency: 1.923e+03s | Avg Power: 186.1W | Energy: 357845.9654J
24-Jan-26 16:33:48 -  @Testing * Acc@1 87.320 Acc@5 99.540 Loss 1.658
24-Jan-26 16:33:48 - Best acc at epoch 59: 87.31999969482422
24-Jan-26 16:33:48 - Last learning rate: [2.44140625e-07]
24-Jan-26 16:33:48 - 	 Epoch 60...
24-Jan-26 16:37:00 - Epoch: [60][ 4999/50000]	Time  0.038 ( 0.038)	Data  0.001 ( 0.001)	Loss 0.0000e+00 (7.1274e-01)	Acc@1 100.00 ( 91.30)	Acc@5 100.00 ( 99.82)
24-Jan-26 16:40:13 - Epoch: [60][ 9999/50000]	Time  0.037 ( 0.038)	Data  0.001 ( 0.001)	Loss 2.3365e-05 (7.2323e-01)	Acc@1 100.00 ( 91.43)	Acc@5 100.00 ( 99.79)
24-Jan-26 16:43:25 - Epoch: [60][14999/50000]	Time  0.037 ( 0.038)	Data  0.001 ( 0.001)	Loss 0.0000e+00 (7.2495e-01)	Acc@1 100.00 ( 91.49)	Acc@5 100.00 ( 99.76)
24-Jan-26 16:46:37 - Epoch: [60][19999/50000]	Time  0.038 ( 0.038)	Data  0.001 ( 0.001)	Loss 1.4305e-06 (7.4060e-01)	Acc@1 100.00 ( 91.38)	Acc@5 100.00 ( 99.74)
24-Jan-26 16:49:51 - Epoch: [60][24999/50000]	Time  0.038 ( 0.039)	Data  0.001 ( 0.001)	Loss 1.1921e-07 (7.3027e-01)	Acc@1 100.00 ( 91.50)	Acc@5 100.00 ( 99.76)
24-Jan-26 16:53:07 - Epoch: [60][29999/50000]	Time  0.038 ( 0.039)	Data  0.001 ( 0.001)	Loss 0.0000e+00 (7.3153e-01)	Acc@1 100.00 ( 91.50)	Acc@5 100.00 ( 99.76)
24-Jan-26 16:56:19 - Epoch: [60][34999/50000]	Time  0.037 ( 0.039)	Data  0.001 ( 0.001)	Loss 0.0000e+00 (7.3560e-01)	Acc@1 100.00 ( 91.43)	Acc@5 100.00 ( 99.75)
24-Jan-26 16:59:31 - Epoch: [60][39999/50000]	Time  0.038 ( 0.039)	Data  0.001 ( 0.001)	Loss 0.0000e+00 (7.3541e-01)	Acc@1 100.00 ( 91.38)	Acc@5 100.00 ( 99.75)
24-Jan-26 17:02:44 - Epoch: [60][44999/50000]	Time  0.038 ( 0.039)	Data  0.001 ( 0.001)	Loss 0.0000e+00 (7.3262e-01)	Acc@1 100.00 ( 91.36)	Acc@5 100.00 ( 99.75)
24-Jan-26 17:05:56 - Epoch: [60][49999/50000]	Time  0.036 ( 0.039)	Data  0.001 ( 0.001)	Loss 2.9024e-02 (7.2855e-01)	Acc@1 100.00 ( 91.36)	Acc@5 100.00 ( 99.75)
24-Jan-26 17:05:56 -  @Training * Acc@1 91.356 Acc@5 99.752 Loss 0.729
24-Jan-26 17:05:56 - One training epoch latency: 1.928e+03s | Avg Power: 185.8W | Energy: 358321.3583J
24-Jan-26 17:06:07 -  @Testing * Acc@1 87.420 Acc@5 99.550 Loss 1.634
24-Jan-26 17:06:07 - Best acc at epoch 60: 87.41999816894531
24-Jan-26 17:06:07 - Last learning rate: [2.44140625e-07]
24-Jan-26 17:06:07 - 	 Epoch 61...
24-Jan-26 17:09:20 - Epoch: [61][ 4999/50000]	Time  0.038 ( 0.039)	Data  0.001 ( 0.001)	Loss 0.0000e+00 (7.1929e-01)	Acc@1 100.00 ( 91.26)	Acc@5 100.00 ( 99.84)
24-Jan-26 17:12:32 - Epoch: [61][ 9999/50000]	Time  0.038 ( 0.039)	Data  0.001 ( 0.001)	Loss 3.5763e-07 (7.0466e-01)	Acc@1 100.00 ( 91.54)	Acc@5 100.00 ( 99.81)
24-Jan-26 17:15:45 - Epoch: [61][14999/50000]	Time  0.038 ( 0.039)	Data  0.001 ( 0.001)	Loss 1.6859e+01 (7.1608e-01)	Acc@1   0.00 ( 91.51)	Acc@5 100.00 ( 99.79)
24-Jan-26 17:18:58 - Epoch: [61][19999/50000]	Time  0.037 ( 0.039)	Data  0.001 ( 0.001)	Loss 0.0000e+00 (7.2673e-01)	Acc@1 100.00 ( 91.48)	Acc@5 100.00 ( 99.76)
24-Jan-26 17:22:11 - Epoch: [61][24999/50000]	Time  0.038 ( 0.039)	Data  0.001 ( 0.001)	Loss 0.0000e+00 (7.2601e-01)	Acc@1 100.00 ( 91.41)	Acc@5 100.00 ( 99.77)
24-Jan-26 17:25:23 - Epoch: [61][29999/50000]	Time  0.038 ( 0.039)	Data  0.001 ( 0.001)	Loss 0.0000e+00 (7.2369e-01)	Acc@1 100.00 ( 91.39)	Acc@5 100.00 ( 99.74)
24-Jan-26 17:28:36 - Epoch: [61][34999/50000]	Time  0.038 ( 0.039)	Data  0.001 ( 0.001)	Loss 0.0000e+00 (7.2215e-01)	Acc@1 100.00 ( 91.40)	Acc@5 100.00 ( 99.75)
24-Jan-26 17:31:49 - Epoch: [61][39999/50000]	Time  0.038 ( 0.039)	Data  0.001 ( 0.001)	Loss 0.0000e+00 (7.1462e-01)	Acc@1 100.00 ( 91.45)	Acc@5 100.00 ( 99.76)
24-Jan-26 17:35:02 - Epoch: [61][44999/50000]	Time  0.038 ( 0.039)	Data  0.001 ( 0.001)	Loss 0.0000e+00 (7.1247e-01)	Acc@1 100.00 ( 91.48)	Acc@5 100.00 ( 99.76)
24-Jan-26 17:38:14 - Epoch: [61][49999/50000]	Time  0.037 ( 0.039)	Data  0.001 ( 0.001)	Loss 0.0000e+00 (7.1189e-01)	Acc@1 100.00 ( 91.46)	Acc@5 100.00 ( 99.76)
24-Jan-26 17:38:15 -  @Training * Acc@1 91.464 Acc@5 99.762 Loss 0.712
24-Jan-26 17:38:15 - One training epoch latency: 1.928e+03s | Avg Power: 186.0W | Energy: 358657.1910J
24-Jan-26 17:38:25 -  @Testing * Acc@1 87.390 Acc@5 99.540 Loss 1.663
24-Jan-26 17:38:25 - Best acc at epoch 61: 87.41999816894531
24-Jan-26 17:38:25 - Last learning rate: [2.44140625e-07]
24-Jan-26 17:38:25 - 	 Epoch 62...
24-Jan-26 17:41:37 - Epoch: [62][ 4999/50000]	Time  0.062 ( 0.039)	Data  0.018 ( 0.001)	Loss 0.0000e+00 (7.3563e-01)	Acc@1 100.00 ( 91.70)	Acc@5 100.00 ( 99.62)
24-Jan-26 17:44:50 - Epoch: [62][ 9999/50000]	Time  0.037 ( 0.038)	Data  0.001 ( 0.001)	Loss 2.7418e-06 (7.2040e-01)	Acc@1 100.00 ( 91.69)	Acc@5 100.00 ( 99.77)
24-Jan-26 17:48:02 - Epoch: [62][14999/50000]	Time  0.037 ( 0.038)	Data  0.001 ( 0.001)	Loss 0.0000e+00 (7.1534e-01)	Acc@1 100.00 ( 91.64)	Acc@5 100.00 ( 99.73)
24-Jan-26 17:51:14 - Epoch: [62][19999/50000]	Time  0.037 ( 0.038)	Data  0.001 ( 0.001)	Loss 1.5003e-03 (7.1310e-01)	Acc@1 100.00 ( 91.69)	Acc@5 100.00 ( 99.75)
24-Jan-26 17:54:27 - Epoch: [62][24999/50000]	Time  0.037 ( 0.038)	Data  0.001 ( 0.001)	Loss 0.0000e+00 (7.0680e-01)	Acc@1 100.00 ( 91.68)	Acc@5 100.00 ( 99.78)
24-Jan-26 17:57:39 - Epoch: [62][29999/50000]	Time  0.037 ( 0.038)	Data  0.001 ( 0.001)	Loss 0.0000e+00 (7.1587e-01)	Acc@1 100.00 ( 91.64)	Acc@5 100.00 ( 99.77)
24-Jan-26 18:00:52 - Epoch: [62][34999/50000]	Time  0.037 ( 0.038)	Data  0.001 ( 0.001)	Loss 6.4622e+00 (7.2193e-01)	Acc@1   0.00 ( 91.52)	Acc@5 100.00 ( 99.77)
24-Jan-26 18:04:04 - Epoch: [62][39999/50000]	Time  0.038 ( 0.038)	Data  0.001 ( 0.001)	Loss 0.0000e+00 (7.1505e-01)	Acc@1 100.00 ( 91.52)	Acc@5 100.00 ( 99.76)
24-Jan-26 18:07:16 - Epoch: [62][44999/50000]	Time  0.037 ( 0.038)	Data  0.001 ( 0.001)	Loss 9.5367e-07 (7.1621e-01)	Acc@1 100.00 ( 91.48)	Acc@5 100.00 ( 99.76)
24-Jan-26 18:10:29 - Epoch: [62][49999/50000]	Time  0.037 ( 0.038)	Data  0.001 ( 0.001)	Loss 0.0000e+00 (7.1762e-01)	Acc@1 100.00 ( 91.46)	Acc@5 100.00 ( 99.77)
24-Jan-26 18:10:29 -  @Training * Acc@1 91.464 Acc@5 99.768 Loss 0.718
24-Jan-26 18:10:29 - One training epoch latency: 1.924e+03s | Avg Power: 186.2W | Energy: 358213.4963J
24-Jan-26 18:10:39 -  @Testing * Acc@1 87.290 Acc@5 99.530 Loss 1.656
24-Jan-26 18:10:39 - Best acc at epoch 62: 87.41999816894531
24-Jan-26 18:10:39 - Last learning rate: [2.44140625e-07]
24-Jan-26 18:10:39 - 	 Epoch 63...
24-Jan-26 18:13:52 - Epoch: [63][ 4999/50000]	Time  0.038 ( 0.039)	Data  0.001 ( 0.001)	Loss 0.0000e+00 (7.1917e-01)	Acc@1 100.00 ( 91.86)	Acc@5 100.00 ( 99.74)
24-Jan-26 18:17:04 - Epoch: [63][ 9999/50000]	Time  0.038 ( 0.039)	Data  0.001 ( 0.001)	Loss 0.0000e+00 (6.9493e-01)	Acc@1 100.00 ( 91.67)	Acc@5 100.00 ( 99.81)
24-Jan-26 18:20:17 - Epoch: [63][14999/50000]	Time  0.038 ( 0.039)	Data  0.001 ( 0.001)	Loss 3.5762e-05 (6.9975e-01)	Acc@1 100.00 ( 91.51)	Acc@5 100.00 ( 99.77)
24-Jan-26 18:23:29 - Epoch: [63][19999/50000]	Time  0.037 ( 0.039)	Data  0.001 ( 0.001)	Loss 0.0000e+00 (7.1183e-01)	Acc@1 100.00 ( 91.41)	Acc@5 100.00 ( 99.75)
24-Jan-26 18:26:42 - Epoch: [63][24999/50000]	Time  0.037 ( 0.039)	Data  0.001 ( 0.001)	Loss 0.0000e+00 (7.0793e-01)	Acc@1 100.00 ( 91.46)	Acc@5 100.00 ( 99.74)
24-Jan-26 18:29:54 - Epoch: [63][29999/50000]	Time  0.048 ( 0.039)	Data  0.011 ( 0.001)	Loss 9.5596e-02 (7.1635e-01)	Acc@1 100.00 ( 91.48)	Acc@5 100.00 ( 99.75)
24-Jan-26 18:33:07 - Epoch: [63][34999/50000]	Time  0.037 ( 0.039)	Data  0.001 ( 0.001)	Loss 1.1541e+01 (7.0268e-01)	Acc@1   0.00 ( 91.49)	Acc@5 100.00 ( 99.75)
24-Jan-26 18:36:19 - Epoch: [63][39999/50000]	Time  0.062 ( 0.039)	Data  0.001 ( 0.001)	Loss 2.9802e-06 (6.9318e-01)	Acc@1 100.00 ( 91.59)	Acc@5 100.00 ( 99.77)
24-Jan-26 18:39:32 - Epoch: [63][44999/50000]	Time  0.037 ( 0.039)	Data  0.001 ( 0.001)	Loss 0.0000e+00 (7.0110e-01)	Acc@1 100.00 ( 91.55)	Acc@5 100.00 ( 99.76)
24-Jan-26 18:42:44 - Epoch: [63][49999/50000]	Time  0.037 ( 0.039)	Data  0.001 ( 0.001)	Loss 0.0000e+00 (7.0338e-01)	Acc@1 100.00 ( 91.49)	Acc@5 100.00 ( 99.76)
24-Jan-26 18:42:44 -  @Training * Acc@1 91.494 Acc@5 99.760 Loss 0.703
24-Jan-26 18:42:44 - One training epoch latency: 1.925e+03s | Avg Power: 186.1W | Energy: 358234.4902J
24-Jan-26 18:42:55 -  @Testing * Acc@1 87.640 Acc@5 99.580 Loss 1.646
24-Jan-26 18:42:55 - Best acc at epoch 63: 87.63999938964844
24-Jan-26 18:42:55 - Last learning rate: [2.44140625e-07]
24-Jan-26 18:42:55 - 	 Epoch 64...
24-Jan-26 18:46:07 - Epoch: [64][ 4999/50000]	Time  0.038 ( 0.039)	Data  0.001 ( 0.001)	Loss 3.5763e-07 (7.1269e-01)	Acc@1 100.00 ( 91.56)	Acc@5 100.00 ( 99.84)
24-Jan-26 18:49:20 - Epoch: [64][ 9999/50000]	Time  0.037 ( 0.038)	Data  0.001 ( 0.001)	Loss 0.0000e+00 (7.0058e-01)	Acc@1 100.00 ( 91.40)	Acc@5 100.00 ( 99.82)
24-Jan-26 18:52:32 - Epoch: [64][14999/50000]	Time  0.037 ( 0.038)	Data  0.001 ( 0.001)	Loss 0.0000e+00 (6.9679e-01)	Acc@1 100.00 ( 91.35)	Acc@5 100.00 ( 99.79)
24-Jan-26 18:55:44 - Epoch: [64][19999/50000]	Time  0.062 ( 0.038)	Data  0.001 ( 0.001)	Loss 0.0000e+00 (6.9726e-01)	Acc@1 100.00 ( 91.42)	Acc@5 100.00 ( 99.78)
24-Jan-26 18:58:57 - Epoch: [64][24999/50000]	Time  0.037 ( 0.038)	Data  0.001 ( 0.001)	Loss 9.0953e-05 (6.8838e-01)	Acc@1 100.00 ( 91.49)	Acc@5 100.00 ( 99.78)
24-Jan-26 19:02:09 - Epoch: [64][29999/50000]	Time  0.037 ( 0.038)	Data  0.001 ( 0.001)	Loss 0.0000e+00 (6.9563e-01)	Acc@1 100.00 ( 91.47)	Acc@5 100.00 ( 99.77)
24-Jan-26 19:05:21 - Epoch: [64][34999/50000]	Time  0.038 ( 0.038)	Data  0.001 ( 0.001)	Loss 0.0000e+00 (7.0071e-01)	Acc@1 100.00 ( 91.43)	Acc@5 100.00 ( 99.77)
24-Jan-26 19:08:34 - Epoch: [64][39999/50000]	Time  0.037 ( 0.038)	Data  0.001 ( 0.001)	Loss 0.0000e+00 (7.0287e-01)	Acc@1 100.00 ( 91.38)	Acc@5 100.00 ( 99.77)
24-Jan-26 19:11:46 - Epoch: [64][44999/50000]	Time  0.037 ( 0.038)	Data  0.001 ( 0.001)	Loss 5.9605e-07 (7.0485e-01)	Acc@1 100.00 ( 91.39)	Acc@5 100.00 ( 99.76)
24-Jan-26 19:14:58 - Epoch: [64][49999/50000]	Time  0.061 ( 0.038)	Data  0.001 ( 0.001)	Loss 0.0000e+00 (7.0588e-01)	Acc@1 100.00 ( 91.41)	Acc@5 100.00 ( 99.76)
24-Jan-26 19:14:58 -  @Training * Acc@1 91.408 Acc@5 99.764 Loss 0.706
24-Jan-26 19:14:59 - One training epoch latency: 1.924e+03s | Avg Power: 186.2W | Energy: 358212.5313J
24-Jan-26 19:15:09 -  @Testing * Acc@1 87.290 Acc@5 99.560 Loss 1.656
24-Jan-26 19:15:09 - Best acc at epoch 64: 87.63999938964844
24-Jan-26 19:15:09 - Last learning rate: [2.44140625e-07]
24-Jan-26 19:15:09 - 	 Epoch 65...
24-Jan-26 19:18:21 - Epoch: [65][ 4999/50000]	Time  0.037 ( 0.039)	Data  0.001 ( 0.001)	Loss 0.0000e+00 (6.6270e-01)	Acc@1 100.00 ( 91.86)	Acc@5 100.00 ( 99.84)
24-Jan-26 19:21:34 - Epoch: [65][ 9999/50000]	Time  0.038 ( 0.039)	Data  0.001 ( 0.001)	Loss 1.7928e+01 (6.9827e-01)	Acc@1   0.00 ( 91.50)	Acc@5 100.00 ( 99.84)
24-Jan-26 19:24:47 - Epoch: [65][14999/50000]	Time  0.038 ( 0.039)	Data  0.001 ( 0.001)	Loss 0.0000e+00 (6.8126e-01)	Acc@1 100.00 ( 91.67)	Acc@5 100.00 ( 99.84)
24-Jan-26 19:27:59 - Epoch: [65][19999/50000]	Time  0.037 ( 0.039)	Data  0.001 ( 0.001)	Loss 9.1707e+00 (6.7228e-01)	Acc@1   0.00 ( 91.74)	Acc@5 100.00 ( 99.83)
24-Jan-26 19:31:12 - Epoch: [65][24999/50000]	Time  0.037 ( 0.039)	Data  0.001 ( 0.001)	Loss 0.0000e+00 (6.8374e-01)	Acc@1 100.00 ( 91.68)	Acc@5 100.00 ( 99.82)
24-Jan-26 19:34:24 - Epoch: [65][29999/50000]	Time  0.038 ( 0.039)	Data  0.001 ( 0.001)	Loss 0.0000e+00 (6.9348e-01)	Acc@1 100.00 ( 91.58)	Acc@5 100.00 ( 99.80)
24-Jan-26 19:37:37 - Epoch: [65][34999/50000]	Time  0.037 ( 0.039)	Data  0.001 ( 0.001)	Loss 0.0000e+00 (6.9191e-01)	Acc@1 100.00 ( 91.64)	Acc@5 100.00 ( 99.80)
24-Jan-26 19:40:49 - Epoch: [65][39999/50000]	Time  0.037 ( 0.039)	Data  0.001 ( 0.001)	Loss 0.0000e+00 (6.8972e-01)	Acc@1 100.00 ( 91.64)	Acc@5 100.00 ( 99.80)
24-Jan-26 19:44:01 - Epoch: [65][44999/50000]	Time  0.037 ( 0.039)	Data  0.001 ( 0.001)	Loss 7.8949e-03 (6.9800e-01)	Acc@1 100.00 ( 91.55)	Acc@5 100.00 ( 99.80)
24-Jan-26 19:47:14 - Epoch: [65][49999/50000]	Time  0.036 ( 0.038)	Data  0.001 ( 0.001)	Loss 0.0000e+00 (7.0252e-01)	Acc@1 100.00 ( 91.54)	Acc@5 100.00 ( 99.79)
24-Jan-26 19:47:14 -  @Training * Acc@1 91.538 Acc@5 99.792 Loss 0.703
24-Jan-26 19:47:14 - One training epoch latency: 1.925e+03s | Avg Power: 185.9W | Energy: 357948.0241J
24-Jan-26 19:47:24 -  @Testing * Acc@1 87.380 Acc@5 99.530 Loss 1.665
24-Jan-26 19:47:24 - Best acc at epoch 65: 87.63999938964844
24-Jan-26 19:47:24 - Last learning rate: [2.44140625e-07]
24-Jan-26 19:47:24 - 	 Epoch 66...
24-Jan-26 19:50:37 - Epoch: [66][ 4999/50000]	Time  0.037 ( 0.039)	Data  0.001 ( 0.001)	Loss 0.0000e+00 (7.3973e-01)	Acc@1 100.00 ( 91.44)	Acc@5 100.00 ( 99.64)
24-Jan-26 19:53:49 - Epoch: [66][ 9999/50000]	Time  0.037 ( 0.038)	Data  0.001 ( 0.001)	Loss 0.0000e+00 (7.0932e-01)	Acc@1 100.00 ( 91.41)	Acc@5 100.00 ( 99.70)
24-Jan-26 19:57:01 - Epoch: [66][14999/50000]	Time  0.062 ( 0.038)	Data  0.001 ( 0.001)	Loss 1.7881e-06 (6.9704e-01)	Acc@1 100.00 ( 91.47)	Acc@5 100.00 ( 99.75)
24-Jan-26 20:00:14 - Epoch: [66][19999/50000]	Time  0.038 ( 0.038)	Data  0.001 ( 0.001)	Loss 0.0000e+00 (6.8805e-01)	Acc@1 100.00 ( 91.41)	Acc@5 100.00 ( 99.75)
24-Jan-26 20:03:26 - Epoch: [66][24999/50000]	Time  0.038 ( 0.038)	Data  0.001 ( 0.001)	Loss 0.0000e+00 (6.8515e-01)	Acc@1 100.00 ( 91.39)	Acc@5 100.00 ( 99.74)
24-Jan-26 20:06:39 - Epoch: [66][29999/50000]	Time  0.037 ( 0.038)	Data  0.001 ( 0.001)	Loss 0.0000e+00 (6.8635e-01)	Acc@1 100.00 ( 91.46)	Acc@5 100.00 ( 99.76)
24-Jan-26 20:09:51 - Epoch: [66][34999/50000]	Time  0.037 ( 0.038)	Data  0.001 ( 0.001)	Loss 5.3674e-03 (7.0590e-01)	Acc@1 100.00 ( 91.30)	Acc@5 100.00 ( 99.76)
24-Jan-26 20:13:04 - Epoch: [66][39999/50000]	Time  0.038 ( 0.038)	Data  0.001 ( 0.001)	Loss 0.0000e+00 (7.0862e-01)	Acc@1 100.00 ( 91.28)	Acc@5 100.00 ( 99.75)
24-Jan-26 20:16:16 - Epoch: [66][44999/50000]	Time  0.038 ( 0.038)	Data  0.001 ( 0.001)	Loss 0.0000e+00 (7.0800e-01)	Acc@1 100.00 ( 91.27)	Acc@5 100.00 ( 99.76)
24-Jan-26 20:19:29 - Epoch: [66][49999/50000]	Time  0.037 ( 0.038)	Data  0.001 ( 0.001)	Loss 0.0000e+00 (7.1200e-01)	Acc@1 100.00 ( 91.28)	Acc@5 100.00 ( 99.76)
24-Jan-26 20:19:29 -  @Training * Acc@1 91.280 Acc@5 99.764 Loss 0.712
24-Jan-26 20:19:29 - One training epoch latency: 1.925e+03s | Avg Power: 185.9W | Energy: 357796.2158J
24-Jan-26 20:19:39 -  @Testing * Acc@1 87.310 Acc@5 99.520 Loss 1.648
24-Jan-26 20:19:39 - Best acc at epoch 66: 87.63999938964844
24-Jan-26 20:19:39 - Last learning rate: [1.220703125e-07]
24-Jan-26 20:19:39 - 	 Epoch 67...
24-Jan-26 20:22:52 - Epoch: [67][ 4999/50000]	Time  0.038 ( 0.039)	Data  0.001 ( 0.001)	Loss 0.0000e+00 (7.4298e-01)	Acc@1 100.00 ( 91.64)	Acc@5 100.00 ( 99.84)
24-Jan-26 20:26:04 - Epoch: [67][ 9999/50000]	Time  0.038 ( 0.039)	Data  0.001 ( 0.001)	Loss 0.0000e+00 (7.0246e-01)	Acc@1 100.00 ( 91.77)	Acc@5 100.00 ( 99.80)
24-Jan-26 20:29:17 - Epoch: [67][14999/50000]	Time  0.037 ( 0.039)	Data  0.001 ( 0.001)	Loss 0.0000e+00 (7.2197e-01)	Acc@1 100.00 ( 91.73)	Acc@5 100.00 ( 99.76)
24-Jan-26 20:32:30 - Epoch: [67][19999/50000]	Time  0.037 ( 0.039)	Data  0.001 ( 0.001)	Loss 0.0000e+00 (7.1090e-01)	Acc@1 100.00 ( 91.68)	Acc@5 100.00 ( 99.73)
24-Jan-26 20:35:43 - Epoch: [67][24999/50000]	Time  0.038 ( 0.039)	Data  0.001 ( 0.001)	Loss 0.0000e+00 (7.0189e-01)	Acc@1 100.00 ( 91.72)	Acc@5 100.00 ( 99.71)
24-Jan-26 20:38:55 - Epoch: [67][29999/50000]	Time  0.040 ( 0.039)	Data  0.001 ( 0.001)	Loss 0.0000e+00 (7.0832e-01)	Acc@1 100.00 ( 91.65)	Acc@5 100.00 ( 99.71)
24-Jan-26 20:42:08 - Epoch: [67][34999/50000]	Time  0.037 ( 0.039)	Data  0.001 ( 0.001)	Loss 4.7684e-07 (7.0066e-01)	Acc@1 100.00 ( 91.71)	Acc@5 100.00 ( 99.73)
24-Jan-26 20:45:21 - Epoch: [67][39999/50000]	Time  0.038 ( 0.039)	Data  0.001 ( 0.001)	Loss 0.0000e+00 (6.8979e-01)	Acc@1 100.00 ( 91.74)	Acc@5 100.00 ( 99.75)
24-Jan-26 20:48:33 - Epoch: [67][44999/50000]	Time  0.037 ( 0.039)	Data  0.001 ( 0.001)	Loss 0.0000e+00 (6.8543e-01)	Acc@1 100.00 ( 91.76)	Acc@5 100.00 ( 99.75)
24-Jan-26 20:51:46 - Epoch: [67][49999/50000]	Time  0.036 ( 0.039)	Data  0.001 ( 0.001)	Loss 0.0000e+00 (6.8783e-01)	Acc@1 100.00 ( 91.74)	Acc@5 100.00 ( 99.76)
24-Jan-26 20:51:46 -  @Training * Acc@1 91.738 Acc@5 99.758 Loss 0.688
24-Jan-26 20:51:46 - One training epoch latency: 1.927e+03s | Avg Power: 185.7W | Energy: 357958.5950J
24-Jan-26 20:51:57 -  @Testing * Acc@1 87.210 Acc@5 99.530 Loss 1.653
24-Jan-26 20:51:57 - Best acc at epoch 67: 87.63999938964844
24-Jan-26 20:51:57 - Last learning rate: [1.220703125e-07]
24-Jan-26 20:51:57 - 	 Epoch 68...
24-Jan-26 20:55:09 - Epoch: [68][ 4999/50000]	Time  0.037 ( 0.038)	Data  0.001 ( 0.001)	Loss 0.0000e+00 (6.9914e-01)	Acc@1 100.00 ( 91.82)	Acc@5 100.00 ( 99.84)
24-Jan-26 20:58:21 - Epoch: [68][ 9999/50000]	Time  0.037 ( 0.038)	Data  0.001 ( 0.001)	Loss 0.0000e+00 (6.7089e-01)	Acc@1 100.00 ( 91.72)	Acc@5 100.00 ( 99.86)
24-Jan-26 21:01:33 - Epoch: [68][14999/50000]	Time  0.038 ( 0.038)	Data  0.001 ( 0.001)	Loss 1.1311e-01 (6.8196e-01)	Acc@1 100.00 ( 91.65)	Acc@5 100.00 ( 99.83)
24-Jan-26 21:04:46 - Epoch: [68][19999/50000]	Time  0.037 ( 0.038)	Data  0.001 ( 0.001)	Loss 0.0000e+00 (6.9502e-01)	Acc@1 100.00 ( 91.69)	Acc@5 100.00 ( 99.81)
24-Jan-26 21:07:58 - Epoch: [68][24999/50000]	Time  0.037 ( 0.038)	Data  0.001 ( 0.001)	Loss 0.0000e+00 (7.0782e-01)	Acc@1 100.00 ( 91.58)	Acc@5 100.00 ( 99.78)
24-Jan-26 21:11:11 - Epoch: [68][29999/50000]	Time  0.037 ( 0.038)	Data  0.001 ( 0.001)	Loss 0.0000e+00 (7.0985e-01)	Acc@1 100.00 ( 91.60)	Acc@5 100.00 ( 99.77)
24-Jan-26 21:14:24 - Epoch: [68][34999/50000]	Time  0.037 ( 0.038)	Data  0.001 ( 0.001)	Loss 0.0000e+00 (7.0009e-01)	Acc@1 100.00 ( 91.57)	Acc@5 100.00 ( 99.79)
24-Jan-26 21:17:36 - Epoch: [68][39999/50000]	Time  0.037 ( 0.038)	Data  0.001 ( 0.001)	Loss 7.8307e+00 (7.0472e-01)	Acc@1   0.00 ( 91.49)	Acc@5 100.00 ( 99.78)
24-Jan-26 21:20:48 - Epoch: [68][44999/50000]	Time  0.037 ( 0.038)	Data  0.001 ( 0.001)	Loss 0.0000e+00 (7.0296e-01)	Acc@1 100.00 ( 91.49)	Acc@5 100.00 ( 99.77)
24-Jan-26 21:24:00 - Epoch: [68][49999/50000]	Time  0.036 ( 0.038)	Data  0.001 ( 0.001)	Loss 0.0000e+00 (7.0030e-01)	Acc@1 100.00 ( 91.53)	Acc@5 100.00 ( 99.77)
24-Jan-26 21:24:00 -  @Training * Acc@1 91.532 Acc@5 99.774 Loss 0.700
24-Jan-26 21:24:00 - One training epoch latency: 1.924e+03s | Avg Power: 185.9W | Energy: 357695.3233J
24-Jan-26 21:24:10 -  @Testing * Acc@1 87.190 Acc@5 99.510 Loss 1.656
24-Jan-26 21:24:10 - Best acc at epoch 68: 87.63999938964844
24-Jan-26 21:24:10 - Last learning rate: [1.220703125e-07]
24-Jan-26 21:24:11 - 	 Epoch 69...
24-Jan-26 21:27:23 - Epoch: [69][ 4999/50000]	Time  0.062 ( 0.039)	Data  0.001 ( 0.001)	Loss 0.0000e+00 (6.8554e-01)	Acc@1 100.00 ( 91.40)	Acc@5 100.00 ( 99.80)
24-Jan-26 21:30:36 - Epoch: [69][ 9999/50000]	Time  0.038 ( 0.039)	Data  0.001 ( 0.001)	Loss 3.4541e-04 (6.8782e-01)	Acc@1 100.00 ( 91.54)	Acc@5 100.00 ( 99.75)
24-Jan-26 21:33:49 - Epoch: [69][14999/50000]	Time  0.038 ( 0.039)	Data  0.001 ( 0.001)	Loss 0.0000e+00 (6.9689e-01)	Acc@1 100.00 ( 91.53)	Acc@5 100.00 ( 99.78)
24-Jan-26 21:37:02 - Epoch: [69][19999/50000]	Time  0.037 ( 0.039)	Data  0.001 ( 0.001)	Loss 0.0000e+00 (7.0252e-01)	Acc@1 100.00 ( 91.47)	Acc@5 100.00 ( 99.79)
24-Jan-26 21:40:14 - Epoch: [69][24999/50000]	Time  0.038 ( 0.039)	Data  0.001 ( 0.001)	Loss 0.0000e+00 (7.0577e-01)	Acc@1 100.00 ( 91.59)	Acc@5 100.00 ( 99.78)
24-Jan-26 21:43:27 - Epoch: [69][29999/50000]	Time  0.038 ( 0.039)	Data  0.001 ( 0.001)	Loss 0.0000e+00 (7.0281e-01)	Acc@1 100.00 ( 91.60)	Acc@5 100.00 ( 99.77)
24-Jan-26 21:46:39 - Epoch: [69][34999/50000]	Time  0.037 ( 0.039)	Data  0.001 ( 0.001)	Loss 0.0000e+00 (7.0415e-01)	Acc@1 100.00 ( 91.54)	Acc@5 100.00 ( 99.76)
24-Jan-26 21:49:52 - Epoch: [69][39999/50000]	Time  0.038 ( 0.039)	Data  0.001 ( 0.001)	Loss 0.0000e+00 (6.9216e-01)	Acc@1 100.00 ( 91.59)	Acc@5 100.00 ( 99.77)
24-Jan-26 21:53:04 - Epoch: [69][44999/50000]	Time  0.058 ( 0.039)	Data  0.001 ( 0.001)	Loss 1.9276e+00 (6.9845e-01)	Acc@1   0.00 ( 91.55)	Acc@5 100.00 ( 99.78)
24-Jan-26 21:56:17 - Epoch: [69][49999/50000]	Time  0.036 ( 0.039)	Data  0.001 ( 0.001)	Loss 4.0054e-05 (7.0131e-01)	Acc@1 100.00 ( 91.54)	Acc@5 100.00 ( 99.77)
24-Jan-26 21:56:17 -  @Training * Acc@1 91.544 Acc@5 99.772 Loss 0.701
24-Jan-26 21:56:17 - One training epoch latency: 1.926e+03s | Avg Power: 185.9W | Energy: 358150.5982J
24-Jan-26 21:56:27 -  @Testing * Acc@1 87.350 Acc@5 99.540 Loss 1.652
24-Jan-26 21:56:27 - Best acc at epoch 69: 87.63999938964844
24-Jan-26 21:56:27 - Last learning rate: [1.220703125e-07]
24-Jan-26 21:56:27 - 	 Epoch 70...
24-Jan-26 21:59:39 - Epoch: [70][ 4999/50000]	Time  0.038 ( 0.038)	Data  0.001 ( 0.001)	Loss 0.0000e+00 (6.4116e-01)	Acc@1 100.00 ( 91.68)	Acc@5 100.00 ( 99.82)
24-Jan-26 22:02:52 - Epoch: [70][ 9999/50000]	Time  0.037 ( 0.038)	Data  0.001 ( 0.001)	Loss 0.0000e+00 (6.5816e-01)	Acc@1 100.00 ( 91.54)	Acc@5 100.00 ( 99.78)
24-Jan-26 22:06:04 - Epoch: [70][14999/50000]	Time  0.037 ( 0.038)	Data  0.001 ( 0.001)	Loss 2.0266e-06 (6.8032e-01)	Acc@1 100.00 ( 91.55)	Acc@5 100.00 ( 99.75)
24-Jan-26 22:09:16 - Epoch: [70][19999/50000]	Time  0.063 ( 0.038)	Data  0.017 ( 0.001)	Loss 0.0000e+00 (6.9938e-01)	Acc@1 100.00 ( 91.47)	Acc@5 100.00 ( 99.75)
24-Jan-26 22:12:28 - Epoch: [70][24999/50000]	Time  0.037 ( 0.038)	Data  0.001 ( 0.001)	Loss 0.0000e+00 (7.1747e-01)	Acc@1 100.00 ( 91.32)	Acc@5 100.00 ( 99.76)
24-Jan-26 22:15:41 - Epoch: [70][29999/50000]	Time  0.037 ( 0.038)	Data  0.001 ( 0.001)	Loss 0.0000e+00 (7.1095e-01)	Acc@1 100.00 ( 91.31)	Acc@5 100.00 ( 99.77)
24-Jan-26 22:18:53 - Epoch: [70][34999/50000]	Time  0.037 ( 0.038)	Data  0.001 ( 0.001)	Loss 0.0000e+00 (7.0248e-01)	Acc@1 100.00 ( 91.45)	Acc@5 100.00 ( 99.77)
24-Jan-26 22:22:05 - Epoch: [70][39999/50000]	Time  0.037 ( 0.038)	Data  0.001 ( 0.001)	Loss 0.0000e+00 (6.9914e-01)	Acc@1 100.00 ( 91.46)	Acc@5 100.00 ( 99.77)
24-Jan-26 22:25:17 - Epoch: [70][44999/50000]	Time  0.037 ( 0.038)	Data  0.001 ( 0.001)	Loss 0.0000e+00 (6.9569e-01)	Acc@1 100.00 ( 91.44)	Acc@5 100.00 ( 99.76)
24-Jan-26 22:28:29 - Epoch: [70][49999/50000]	Time  0.036 ( 0.038)	Data  0.001 ( 0.001)	Loss 4.2054e-03 (6.9246e-01)	Acc@1 100.00 ( 91.46)	Acc@5 100.00 ( 99.76)
24-Jan-26 22:28:29 -  @Training * Acc@1 91.456 Acc@5 99.756 Loss 0.692
24-Jan-26 22:28:29 - One training epoch latency: 1.922e+03s | Avg Power: 186.2W | Energy: 357789.6055J
24-Jan-26 22:28:39 -  @Testing * Acc@1 87.390 Acc@5 99.590 Loss 1.649
24-Jan-26 22:28:39 - Best acc at epoch 70: 87.63999938964844
24-Jan-26 22:28:39 - Last learning rate: [1.220703125e-07]
24-Jan-26 22:28:39 - 	 Epoch 71...
24-Jan-26 22:31:51 - Epoch: [71][ 4999/50000]	Time  0.038 ( 0.038)	Data  0.001 ( 0.001)	Loss 1.5497e-06 (6.6221e-01)	Acc@1 100.00 ( 91.60)	Acc@5 100.00 ( 99.80)
24-Jan-26 22:35:03 - Epoch: [71][ 9999/50000]	Time  0.037 ( 0.038)	Data  0.001 ( 0.001)	Loss 0.0000e+00 (6.7215e-01)	Acc@1 100.00 ( 91.76)	Acc@5 100.00 ( 99.80)
24-Jan-26 22:38:15 - Epoch: [71][14999/50000]	Time  0.038 ( 0.038)	Data  0.001 ( 0.001)	Loss 0.0000e+00 (6.6849e-01)	Acc@1 100.00 ( 91.75)	Acc@5 100.00 ( 99.81)
24-Jan-26 22:41:27 - Epoch: [71][19999/50000]	Time  0.037 ( 0.038)	Data  0.001 ( 0.001)	Loss 0.0000e+00 (6.5813e-01)	Acc@1 100.00 ( 91.86)	Acc@5 100.00 ( 99.81)
24-Jan-26 22:44:39 - Epoch: [71][24999/50000]	Time  0.037 ( 0.038)	Data  0.001 ( 0.001)	Loss 8.3446e-07 (6.6264e-01)	Acc@1 100.00 ( 91.82)	Acc@5 100.00 ( 99.80)
24-Jan-26 22:47:52 - Epoch: [71][29999/50000]	Time  0.038 ( 0.038)	Data  0.001 ( 0.001)	Loss 0.0000e+00 (6.7701e-01)	Acc@1 100.00 ( 91.68)	Acc@5 100.00 ( 99.81)
24-Jan-26 22:51:05 - Epoch: [71][34999/50000]	Time  0.038 ( 0.038)	Data  0.001 ( 0.001)	Loss 0.0000e+00 (6.9087e-01)	Acc@1 100.00 ( 91.54)	Acc@5 100.00 ( 99.78)
24-Jan-26 22:54:17 - Epoch: [71][39999/50000]	Time  0.037 ( 0.038)	Data  0.001 ( 0.001)	Loss 8.7256e-03 (7.0235e-01)	Acc@1 100.00 ( 91.52)	Acc@5 100.00 ( 99.79)
24-Jan-26 22:57:30 - Epoch: [71][44999/50000]	Time  0.037 ( 0.038)	Data  0.001 ( 0.001)	Loss 0.0000e+00 (6.9016e-01)	Acc@1 100.00 ( 91.59)	Acc@5 100.00 ( 99.79)
24-Jan-26 23:00:42 - Epoch: [71][49999/50000]	Time  0.037 ( 0.038)	Data  0.001 ( 0.001)	Loss 0.0000e+00 (6.8609e-01)	Acc@1 100.00 ( 91.62)	Acc@5 100.00 ( 99.80)
24-Jan-26 23:00:42 -  @Training * Acc@1 91.618 Acc@5 99.798 Loss 0.686
24-Jan-26 23:00:42 - One training epoch latency: 1.923e+03s | Avg Power: 186.2W | Energy: 358101.9740J
24-Jan-26 23:00:52 -  @Testing * Acc@1 87.240 Acc@5 99.540 Loss 1.662
24-Jan-26 23:00:52 - Best acc at epoch 71: 87.63999938964844
24-Jan-26 23:00:52 - Last learning rate: [1.220703125e-07]
24-Jan-26 23:00:52 - 	 Epoch 72...
24-Jan-26 23:04:05 - Epoch: [72][ 4999/50000]	Time  0.037 ( 0.039)	Data  0.001 ( 0.001)	Loss 0.0000e+00 (7.7029e-01)	Acc@1 100.00 ( 91.00)	Acc@5 100.00 ( 99.78)
24-Jan-26 23:07:17 - Epoch: [72][ 9999/50000]	Time  0.038 ( 0.038)	Data  0.001 ( 0.001)	Loss 8.3900e-04 (7.3166e-01)	Acc@1 100.00 ( 91.25)	Acc@5 100.00 ( 99.75)
24-Jan-26 23:10:30 - Epoch: [72][14999/50000]	Time  0.037 ( 0.038)	Data  0.001 ( 0.001)	Loss 2.3842e-07 (7.1768e-01)	Acc@1 100.00 ( 91.42)	Acc@5 100.00 ( 99.75)
24-Jan-26 23:13:42 - Epoch: [72][19999/50000]	Time  0.038 ( 0.038)	Data  0.001 ( 0.001)	Loss 1.3577e-04 (6.9763e-01)	Acc@1 100.00 ( 91.63)	Acc@5 100.00 ( 99.76)
24-Jan-26 23:16:56 - Epoch: [72][24999/50000]	Time  0.038 ( 0.039)	Data  0.001 ( 0.001)	Loss 0.0000e+00 (6.9054e-01)	Acc@1 100.00 ( 91.65)	Acc@5 100.00 ( 99.77)
24-Jan-26 23:20:10 - Epoch: [72][29999/50000]	Time  0.038 ( 0.039)	Data  0.001 ( 0.001)	Loss 0.0000e+00 (6.7979e-01)	Acc@1 100.00 ( 91.68)	Acc@5 100.00 ( 99.77)
24-Jan-26 23:23:23 - Epoch: [72][34999/50000]	Time  0.037 ( 0.039)	Data  0.001 ( 0.001)	Loss 0.0000e+00 (6.8915e-01)	Acc@1 100.00 ( 91.65)	Acc@5 100.00 ( 99.77)
24-Jan-26 23:26:35 - Epoch: [72][39999/50000]	Time  0.038 ( 0.039)	Data  0.001 ( 0.001)	Loss 0.0000e+00 (6.8912e-01)	Acc@1 100.00 ( 91.64)	Acc@5 100.00 ( 99.77)
24-Jan-26 23:29:48 - Epoch: [72][44999/50000]	Time  0.038 ( 0.039)	Data  0.001 ( 0.001)	Loss 0.0000e+00 (6.8377e-01)	Acc@1 100.00 ( 91.67)	Acc@5 100.00 ( 99.75)
24-Jan-26 23:33:00 - Epoch: [72][49999/50000]	Time  0.037 ( 0.039)	Data  0.001 ( 0.001)	Loss 1.2613e+00 (6.8513e-01)	Acc@1   0.00 ( 91.67)	Acc@5 100.00 ( 99.76)
24-Jan-26 23:33:00 -  @Training * Acc@1 91.674 Acc@5 99.758 Loss 0.685
24-Jan-26 23:33:00 - One training epoch latency: 1.928e+03s | Avg Power: 185.8W | Energy: 358177.4368J
24-Jan-26 23:33:11 -  @Testing * Acc@1 87.530 Acc@5 99.560 Loss 1.639
24-Jan-26 23:33:11 - Best acc at epoch 72: 87.63999938964844
24-Jan-26 23:33:11 - Last learning rate: [6.103515625e-08]
24-Jan-26 23:33:11 - 	 Epoch 73...
24-Jan-26 23:36:23 - Epoch: [73][ 4999/50000]	Time  0.037 ( 0.038)	Data  0.001 ( 0.001)	Loss 0.0000e+00 (8.1157e-01)	Acc@1 100.00 ( 90.86)	Acc@5 100.00 ( 99.56)
24-Jan-26 23:39:35 - Epoch: [73][ 9999/50000]	Time  0.038 ( 0.038)	Data  0.001 ( 0.001)	Loss 0.0000e+00 (7.3968e-01)	Acc@1 100.00 ( 91.33)	Acc@5 100.00 ( 99.73)
24-Jan-26 23:42:47 - Epoch: [73][14999/50000]	Time  0.038 ( 0.038)	Data  0.001 ( 0.001)	Loss 1.0729e-06 (7.4159e-01)	Acc@1 100.00 ( 91.31)	Acc@5 100.00 ( 99.75)
24-Jan-26 23:46:00 - Epoch: [73][19999/50000]	Time  0.037 ( 0.038)	Data  0.001 ( 0.001)	Loss 0.0000e+00 (7.3701e-01)	Acc@1 100.00 ( 91.27)	Acc@5 100.00 ( 99.77)
24-Jan-26 23:49:12 - Epoch: [73][24999/50000]	Time  0.038 ( 0.038)	Data  0.001 ( 0.001)	Loss 4.0369e-03 (7.2526e-01)	Acc@1 100.00 ( 91.42)	Acc@5 100.00 ( 99.77)
24-Jan-26 23:52:24 - Epoch: [73][29999/50000]	Time  0.038 ( 0.038)	Data  0.001 ( 0.001)	Loss 1.5378e-05 (7.2055e-01)	Acc@1 100.00 ( 91.52)	Acc@5 100.00 ( 99.76)
24-Jan-26 23:55:37 - Epoch: [73][34999/50000]	Time  0.037 ( 0.038)	Data  0.001 ( 0.001)	Loss 0.0000e+00 (7.1563e-01)	Acc@1 100.00 ( 91.64)	Acc@5 100.00 ( 99.75)
24-Jan-26 23:58:49 - Epoch: [73][39999/50000]	Time  0.037 ( 0.038)	Data  0.001 ( 0.001)	Loss 0.0000e+00 (7.2196e-01)	Acc@1 100.00 ( 91.55)	Acc@5 100.00 ( 99.75)
25-Jan-26 00:02:01 - Epoch: [73][44999/50000]	Time  0.037 ( 0.038)	Data  0.001 ( 0.001)	Loss 0.0000e+00 (7.1534e-01)	Acc@1 100.00 ( 91.58)	Acc@5 100.00 ( 99.75)
25-Jan-26 00:05:13 - Epoch: [73][49999/50000]	Time  0.037 ( 0.038)	Data  0.001 ( 0.001)	Loss 0.0000e+00 (7.0553e-01)	Acc@1 100.00 ( 91.65)	Acc@5 100.00 ( 99.77)
25-Jan-26 00:05:13 -  @Training * Acc@1 91.650 Acc@5 99.766 Loss 0.706
25-Jan-26 00:05:13 - One training epoch latency: 1.923e+03s | Avg Power: 186.1W | Energy: 357897.2324J
25-Jan-26 00:05:24 -  @Testing * Acc@1 87.530 Acc@5 99.540 Loss 1.643
25-Jan-26 00:05:24 - Best acc at epoch 73: 87.63999938964844
25-Jan-26 00:05:24 - Last learning rate: [6.103515625e-08]
25-Jan-26 00:05:24 - 	 Epoch 74...
25-Jan-26 00:08:37 - Epoch: [74][ 4999/50000]	Time  0.038 ( 0.039)	Data  0.001 ( 0.001)	Loss 3.8147e-06 (6.3443e-01)	Acc@1 100.00 ( 92.20)	Acc@5 100.00 ( 99.78)
25-Jan-26 00:11:49 - Epoch: [74][ 9999/50000]	Time  0.037 ( 0.039)	Data  0.001 ( 0.001)	Loss 2.0266e-06 (6.5816e-01)	Acc@1 100.00 ( 92.07)	Acc@5 100.00 ( 99.78)
25-Jan-26 00:15:02 - Epoch: [74][14999/50000]	Time  0.038 ( 0.039)	Data  0.001 ( 0.001)	Loss 0.0000e+00 (6.6000e-01)	Acc@1 100.00 ( 91.97)	Acc@5 100.00 ( 99.81)
25-Jan-26 00:18:15 - Epoch: [74][19999/50000]	Time  0.038 ( 0.039)	Data  0.001 ( 0.001)	Loss 0.0000e+00 (6.6130e-01)	Acc@1 100.00 ( 91.93)	Acc@5 100.00 ( 99.82)
25-Jan-26 00:21:28 - Epoch: [74][24999/50000]	Time  0.038 ( 0.039)	Data  0.001 ( 0.001)	Loss 0.0000e+00 (6.7331e-01)	Acc@1 100.00 ( 91.86)	Acc@5 100.00 ( 99.82)
25-Jan-26 00:24:41 - Epoch: [74][29999/50000]	Time  0.038 ( 0.039)	Data  0.001 ( 0.001)	Loss 0.0000e+00 (6.7450e-01)	Acc@1 100.00 ( 91.78)	Acc@5 100.00 ( 99.80)
25-Jan-26 00:27:54 - Epoch: [74][34999/50000]	Time  0.038 ( 0.039)	Data  0.001 ( 0.001)	Loss 0.0000e+00 (6.7860e-01)	Acc@1 100.00 ( 91.80)	Acc@5 100.00 ( 99.78)
25-Jan-26 00:31:07 - Epoch: [74][39999/50000]	Time  0.038 ( 0.039)	Data  0.001 ( 0.001)	Loss 0.0000e+00 (6.7895e-01)	Acc@1 100.00 ( 91.79)	Acc@5 100.00 ( 99.77)
25-Jan-26 00:34:20 - Epoch: [74][44999/50000]	Time  0.038 ( 0.039)	Data  0.001 ( 0.001)	Loss 0.0000e+00 (6.8429e-01)	Acc@1 100.00 ( 91.78)	Acc@5 100.00 ( 99.78)
25-Jan-26 00:37:33 - Epoch: [74][49999/50000]	Time  0.037 ( 0.039)	Data  0.001 ( 0.001)	Loss 0.0000e+00 (6.8821e-01)	Acc@1 100.00 ( 91.75)	Acc@5 100.00 ( 99.78)
25-Jan-26 00:37:33 -  @Training * Acc@1 91.754 Acc@5 99.776 Loss 0.688
25-Jan-26 00:37:33 - One training epoch latency: 1.929e+03s | Avg Power: 185.8W | Energy: 358474.9084J
25-Jan-26 00:37:43 -  @Testing * Acc@1 87.800 Acc@5 99.580 Loss 1.637
25-Jan-26 00:37:43 - Best acc at epoch 74: 87.79999542236328
25-Jan-26 00:37:43 - Last learning rate: [6.103515625e-08]
25-Jan-26 00:37:43 - 	 Epoch 75...
25-Jan-26 00:40:56 - Epoch: [75][ 4999/50000]	Time  0.037 ( 0.039)	Data  0.001 ( 0.001)	Loss 2.7656e-05 (6.6466e-01)	Acc@1 100.00 ( 91.80)	Acc@5 100.00 ( 99.80)
25-Jan-26 00:44:10 - Epoch: [75][ 9999/50000]	Time  0.038 ( 0.039)	Data  0.001 ( 0.001)	Loss 0.0000e+00 (7.1791e-01)	Acc@1 100.00 ( 91.26)	Acc@5 100.00 ( 99.78)
25-Jan-26 00:47:23 - Epoch: [75][14999/50000]	Time  0.038 ( 0.039)	Data  0.001 ( 0.001)	Loss 0.0000e+00 (7.3050e-01)	Acc@1 100.00 ( 91.22)	Acc@5 100.00 ( 99.78)
25-Jan-26 00:50:36 - Epoch: [75][19999/50000]	Time  0.038 ( 0.039)	Data  0.001 ( 0.001)	Loss 0.0000e+00 (7.3762e-01)	Acc@1 100.00 ( 91.24)	Acc@5 100.00 ( 99.77)
25-Jan-26 00:53:49 - Epoch: [75][24999/50000]	Time  0.038 ( 0.039)	Data  0.001 ( 0.001)	Loss 0.0000e+00 (7.2825e-01)	Acc@1 100.00 ( 91.42)	Acc@5 100.00 ( 99.76)
25-Jan-26 00:57:02 - Epoch: [75][29999/50000]	Time  0.038 ( 0.039)	Data  0.001 ( 0.001)	Loss 0.0000e+00 (7.2216e-01)	Acc@1 100.00 ( 91.50)	Acc@5 100.00 ( 99.78)
25-Jan-26 01:00:15 - Epoch: [75][34999/50000]	Time  0.038 ( 0.039)	Data  0.001 ( 0.001)	Loss 0.0000e+00 (7.1144e-01)	Acc@1 100.00 ( 91.54)	Acc@5 100.00 ( 99.80)
25-Jan-26 01:03:29 - Epoch: [75][39999/50000]	Time  0.038 ( 0.039)	Data  0.001 ( 0.001)	Loss 6.6269e+00 (7.0901e-01)	Acc@1   0.00 ( 91.58)	Acc@5 100.00 ( 99.79)
25-Jan-26 01:06:43 - Epoch: [75][44999/50000]	Time  0.038 ( 0.039)	Data  0.001 ( 0.001)	Loss 0.0000e+00 (7.0515e-01)	Acc@1 100.00 ( 91.56)	Acc@5 100.00 ( 99.80)
25-Jan-26 01:09:56 - Epoch: [75][49999/50000]	Time  0.037 ( 0.039)	Data  0.001 ( 0.001)	Loss 0.0000e+00 (7.1112e-01)	Acc@1 100.00 ( 91.53)	Acc@5 100.00 ( 99.79)
25-Jan-26 01:09:56 -  @Training * Acc@1 91.526 Acc@5 99.792 Loss 0.711
25-Jan-26 01:09:56 - One training epoch latency: 1.933e+03s | Avg Power: 185.8W | Energy: 359042.1069J
25-Jan-26 01:10:06 -  @Testing * Acc@1 87.350 Acc@5 99.540 Loss 1.673
25-Jan-26 01:10:06 - Best acc at epoch 75: 87.79999542236328
25-Jan-26 01:10:06 - Last learning rate: [6.103515625e-08]
25-Jan-26 01:10:06 - 	 Epoch 76...
25-Jan-26 01:13:19 - Epoch: [76][ 4999/50000]	Time  0.038 ( 0.038)	Data  0.001 ( 0.001)	Loss 0.0000e+00 (7.0379e-01)	Acc@1 100.00 ( 91.28)	Acc@5 100.00 ( 99.78)
25-Jan-26 01:16:31 - Epoch: [76][ 9999/50000]	Time  0.038 ( 0.038)	Data  0.001 ( 0.001)	Loss 0.0000e+00 (7.0921e-01)	Acc@1 100.00 ( 91.32)	Acc@5 100.00 ( 99.79)
25-Jan-26 01:19:43 - Epoch: [76][14999/50000]	Time  0.038 ( 0.038)	Data  0.001 ( 0.001)	Loss 1.5008e+00 (7.0273e-01)	Acc@1   0.00 ( 91.38)	Acc@5 100.00 ( 99.81)
25-Jan-26 01:22:56 - Epoch: [76][19999/50000]	Time  0.037 ( 0.038)	Data  0.001 ( 0.001)	Loss 0.0000e+00 (6.9651e-01)	Acc@1 100.00 ( 91.40)	Acc@5 100.00 ( 99.80)
25-Jan-26 01:26:08 - Epoch: [76][24999/50000]	Time  0.037 ( 0.038)	Data  0.001 ( 0.001)	Loss 0.0000e+00 (6.8835e-01)	Acc@1 100.00 ( 91.46)	Acc@5 100.00 ( 99.83)
25-Jan-26 01:29:20 - Epoch: [76][29999/50000]	Time  0.038 ( 0.038)	Data  0.001 ( 0.001)	Loss 0.0000e+00 (7.0206e-01)	Acc@1 100.00 ( 91.38)	Acc@5 100.00 ( 99.81)
25-Jan-26 01:32:33 - Epoch: [76][34999/50000]	Time  0.038 ( 0.038)	Data  0.001 ( 0.001)	Loss 0.0000e+00 (7.0703e-01)	Acc@1 100.00 ( 91.34)	Acc@5 100.00 ( 99.80)
25-Jan-26 01:35:45 - Epoch: [76][39999/50000]	Time  0.038 ( 0.038)	Data  0.001 ( 0.001)	Loss 2.3791e-04 (6.9885e-01)	Acc@1 100.00 ( 91.39)	Acc@5 100.00 ( 99.80)
25-Jan-26 01:38:57 - Epoch: [76][44999/50000]	Time  0.038 ( 0.038)	Data  0.001 ( 0.001)	Loss 0.0000e+00 (7.0184e-01)	Acc@1 100.00 ( 91.44)	Acc@5 100.00 ( 99.80)
25-Jan-26 01:42:10 - Epoch: [76][49999/50000]	Time  0.037 ( 0.038)	Data  0.001 ( 0.001)	Loss 0.0000e+00 (6.9747e-01)	Acc@1 100.00 ( 91.51)	Acc@5 100.00 ( 99.79)
25-Jan-26 01:42:10 -  @Training * Acc@1 91.508 Acc@5 99.794 Loss 0.697
25-Jan-26 01:42:10 - One training epoch latency: 1.924e+03s | Avg Power: 185.9W | Energy: 357646.3060J
25-Jan-26 01:42:20 -  @Testing * Acc@1 87.450 Acc@5 99.530 Loss 1.657
25-Jan-26 01:42:20 - Best acc at epoch 76: 87.79999542236328
25-Jan-26 01:42:20 - Last learning rate: [6.103515625e-08]
25-Jan-26 01:42:20 - 	 Epoch 77...
25-Jan-26 01:45:33 - Epoch: [77][ 4999/50000]	Time  0.038 ( 0.039)	Data  0.001 ( 0.001)	Loss 0.0000e+00 (6.5996e-01)	Acc@1 100.00 ( 91.82)	Acc@5 100.00 ( 99.78)
25-Jan-26 01:48:45 - Epoch: [77][ 9999/50000]	Time  0.038 ( 0.039)	Data  0.001 ( 0.001)	Loss 1.1921e-07 (6.7757e-01)	Acc@1 100.00 ( 91.88)	Acc@5 100.00 ( 99.72)
25-Jan-26 01:51:58 - Epoch: [77][14999/50000]	Time  0.038 ( 0.039)	Data  0.001 ( 0.001)	Loss 0.0000e+00 (6.8906e-01)	Acc@1 100.00 ( 91.76)	Acc@5 100.00 ( 99.73)
25-Jan-26 01:55:10 - Epoch: [77][19999/50000]	Time  0.038 ( 0.039)	Data  0.001 ( 0.001)	Loss 0.0000e+00 (6.9732e-01)	Acc@1 100.00 ( 91.63)	Acc@5 100.00 ( 99.75)
25-Jan-26 01:58:23 - Epoch: [77][24999/50000]	Time  0.038 ( 0.038)	Data  0.001 ( 0.001)	Loss 3.7437e-03 (6.9031e-01)	Acc@1 100.00 ( 91.74)	Acc@5 100.00 ( 99.74)
25-Jan-26 02:01:35 - Epoch: [77][29999/50000]	Time  0.037 ( 0.038)	Data  0.001 ( 0.001)	Loss 0.0000e+00 (7.0098e-01)	Acc@1 100.00 ( 91.65)	Acc@5 100.00 ( 99.74)
25-Jan-26 02:04:48 - Epoch: [77][34999/50000]	Time  0.037 ( 0.038)	Data  0.001 ( 0.001)	Loss 1.3254e-01 (7.0365e-01)	Acc@1 100.00 ( 91.61)	Acc@5 100.00 ( 99.76)
25-Jan-26 02:08:00 - Epoch: [77][39999/50000]	Time  0.038 ( 0.038)	Data  0.001 ( 0.001)	Loss 0.0000e+00 (6.9050e-01)	Acc@1 100.00 ( 91.70)	Acc@5 100.00 ( 99.78)
25-Jan-26 02:11:12 - Epoch: [77][44999/50000]	Time  0.038 ( 0.038)	Data  0.001 ( 0.001)	Loss 0.0000e+00 (6.9086e-01)	Acc@1 100.00 ( 91.73)	Acc@5 100.00 ( 99.78)
25-Jan-26 02:14:25 - Epoch: [77][49999/50000]	Time  0.037 ( 0.038)	Data  0.001 ( 0.001)	Loss 0.0000e+00 (6.8914e-01)	Acc@1 100.00 ( 91.72)	Acc@5 100.00 ( 99.79)
25-Jan-26 02:14:25 -  @Training * Acc@1 91.722 Acc@5 99.788 Loss 0.689
25-Jan-26 02:14:25 - One training epoch latency: 1.925e+03s | Avg Power: 185.8W | Energy: 357668.3116J
25-Jan-26 02:14:35 -  @Testing * Acc@1 87.430 Acc@5 99.560 Loss 1.650
25-Jan-26 02:14:35 - Best acc at epoch 77: 87.79999542236328
25-Jan-26 02:14:35 - Last learning rate: [6.103515625e-08]
25-Jan-26 02:14:35 - 	 Epoch 78...
25-Jan-26 02:17:48 - Epoch: [78][ 4999/50000]	Time  0.037 ( 0.039)	Data  0.001 ( 0.001)	Loss 0.0000e+00 (7.2600e-01)	Acc@1 100.00 ( 91.08)	Acc@5 100.00 ( 99.70)
25-Jan-26 02:21:00 - Epoch: [78][ 9999/50000]	Time  0.038 ( 0.039)	Data  0.001 ( 0.001)	Loss 0.0000e+00 (6.8823e-01)	Acc@1 100.00 ( 91.58)	Acc@5 100.00 ( 99.77)
25-Jan-26 02:24:13 - Epoch: [78][14999/50000]	Time  0.038 ( 0.039)	Data  0.001 ( 0.001)	Loss 0.0000e+00 (7.1549e-01)	Acc@1 100.00 ( 91.55)	Acc@5 100.00 ( 99.77)
25-Jan-26 02:27:25 - Epoch: [78][19999/50000]	Time  0.038 ( 0.039)	Data  0.001 ( 0.001)	Loss 0.0000e+00 (7.0216e-01)	Acc@1 100.00 ( 91.62)	Acc@5 100.00 ( 99.77)
25-Jan-26 02:30:38 - Epoch: [78][24999/50000]	Time  0.038 ( 0.039)	Data  0.001 ( 0.001)	Loss 0.0000e+00 (6.9311e-01)	Acc@1 100.00 ( 91.70)	Acc@5 100.00 ( 99.78)
25-Jan-26 02:33:51 - Epoch: [78][29999/50000]	Time  0.038 ( 0.039)	Data  0.001 ( 0.001)	Loss 0.0000e+00 (7.0406e-01)	Acc@1 100.00 ( 91.56)	Acc@5 100.00 ( 99.78)
25-Jan-26 02:37:03 - Epoch: [78][34999/50000]	Time  0.038 ( 0.039)	Data  0.001 ( 0.001)	Loss 0.0000e+00 (6.9378e-01)	Acc@1 100.00 ( 91.59)	Acc@5 100.00 ( 99.78)
25-Jan-26 02:40:16 - Epoch: [78][39999/50000]	Time  0.038 ( 0.039)	Data  0.001 ( 0.001)	Loss 0.0000e+00 (6.8705e-01)	Acc@1 100.00 ( 91.66)	Acc@5 100.00 ( 99.78)
25-Jan-26 02:43:28 - Epoch: [78][44999/50000]	Time  0.038 ( 0.039)	Data  0.001 ( 0.001)	Loss 0.0000e+00 (6.8999e-01)	Acc@1 100.00 ( 91.65)	Acc@5 100.00 ( 99.78)
25-Jan-26 02:46:41 - Epoch: [78][49999/50000]	Time  0.037 ( 0.039)	Data  0.001 ( 0.001)	Loss 0.0000e+00 (6.9095e-01)	Acc@1 100.00 ( 91.63)	Acc@5 100.00 ( 99.78)
25-Jan-26 02:46:41 -  @Training * Acc@1 91.628 Acc@5 99.782 Loss 0.691
25-Jan-26 02:46:41 - One training epoch latency: 1.926e+03s | Avg Power: 185.9W | Energy: 357959.9403J
25-Jan-26 02:46:52 -  @Testing * Acc@1 87.380 Acc@5 99.560 Loss 1.646
25-Jan-26 02:46:52 - Best acc at epoch 78: 87.79999542236328
25-Jan-26 02:46:52 - Last learning rate: [3.0517578125e-08]
25-Jan-26 02:46:52 - 	 Epoch 79...
25-Jan-26 02:50:04 - Epoch: [79][ 4999/50000]	Time  0.037 ( 0.038)	Data  0.001 ( 0.001)	Loss 2.7371e-03 (6.4078e-01)	Acc@1 100.00 ( 92.04)	Acc@5 100.00 ( 99.70)
25-Jan-26 02:53:16 - Epoch: [79][ 9999/50000]	Time  0.038 ( 0.038)	Data  0.001 ( 0.001)	Loss 0.0000e+00 (6.9064e-01)	Acc@1 100.00 ( 91.83)	Acc@5 100.00 ( 99.70)
25-Jan-26 02:56:29 - Epoch: [79][14999/50000]	Time  0.038 ( 0.038)	Data  0.001 ( 0.001)	Loss 4.0222e+00 (7.0397e-01)	Acc@1   0.00 ( 91.69)	Acc@5 100.00 ( 99.69)
25-Jan-26 02:59:41 - Epoch: [79][19999/50000]	Time  0.037 ( 0.038)	Data  0.001 ( 0.001)	Loss 4.5913e+00 (7.1595e-01)	Acc@1   0.00 ( 91.72)	Acc@5 100.00 ( 99.70)
25-Jan-26 03:02:53 - Epoch: [79][24999/50000]	Time  0.037 ( 0.038)	Data  0.001 ( 0.001)	Loss 0.0000e+00 (7.1198e-01)	Acc@1 100.00 ( 91.66)	Acc@5 100.00 ( 99.71)
25-Jan-26 03:06:06 - Epoch: [79][29999/50000]	Time  0.037 ( 0.038)	Data  0.001 ( 0.001)	Loss 2.5034e-06 (7.1021e-01)	Acc@1 100.00 ( 91.69)	Acc@5 100.00 ( 99.71)
25-Jan-26 03:09:18 - Epoch: [79][34999/50000]	Time  0.037 ( 0.038)	Data  0.001 ( 0.001)	Loss 3.5763e-07 (7.0694e-01)	Acc@1 100.00 ( 91.68)	Acc@5 100.00 ( 99.72)
25-Jan-26 03:12:30 - Epoch: [79][39999/50000]	Time  0.037 ( 0.038)	Data  0.001 ( 0.001)	Loss 1.6451e-05 (6.9748e-01)	Acc@1 100.00 ( 91.71)	Acc@5 100.00 ( 99.73)
25-Jan-26 03:15:42 - Epoch: [79][44999/50000]	Time  0.038 ( 0.038)	Data  0.001 ( 0.001)	Loss 0.0000e+00 (6.9518e-01)	Acc@1 100.00 ( 91.72)	Acc@5 100.00 ( 99.74)
25-Jan-26 03:18:54 - Epoch: [79][49999/50000]	Time  0.037 ( 0.038)	Data  0.001 ( 0.001)	Loss 0.0000e+00 (6.9516e-01)	Acc@1 100.00 ( 91.73)	Acc@5 100.00 ( 99.73)
25-Jan-26 03:18:54 -  @Training * Acc@1 91.732 Acc@5 99.730 Loss 0.695
25-Jan-26 03:18:54 - One training epoch latency: 1.923e+03s | Avg Power: 186.0W | Energy: 357594.0108J
25-Jan-26 03:19:05 -  @Testing * Acc@1 87.340 Acc@5 99.560 Loss 1.659
25-Jan-26 03:19:05 - Best acc at epoch 79: 87.79999542236328
25-Jan-26 03:19:05 - Last learning rate: [3.0517578125e-08]
25-Jan-26 03:19:05 - 	 Epoch 80...
25-Jan-26 03:22:17 - Epoch: [80][ 4999/50000]	Time  0.038 ( 0.038)	Data  0.001 ( 0.001)	Loss 3.9428e-02 (6.8024e-01)	Acc@1 100.00 ( 91.90)	Acc@5 100.00 ( 99.70)
25-Jan-26 03:25:29 - Epoch: [80][ 9999/50000]	Time  0.037 ( 0.038)	Data  0.001 ( 0.001)	Loss 0.0000e+00 (6.7006e-01)	Acc@1 100.00 ( 91.88)	Acc@5 100.00 ( 99.79)
25-Jan-26 03:28:40 - Epoch: [80][14999/50000]	Time  0.037 ( 0.038)	Data  0.001 ( 0.001)	Loss 0.0000e+00 (6.7682e-01)	Acc@1 100.00 ( 91.83)	Acc@5 100.00 ( 99.76)
25-Jan-26 03:31:52 - Epoch: [80][19999/50000]	Time  0.037 ( 0.038)	Data  0.001 ( 0.001)	Loss 1.1921e-07 (6.9098e-01)	Acc@1 100.00 ( 91.70)	Acc@5 100.00 ( 99.76)
25-Jan-26 03:35:04 - Epoch: [80][24999/50000]	Time  0.037 ( 0.038)	Data  0.001 ( 0.001)	Loss 0.0000e+00 (6.8829e-01)	Acc@1 100.00 ( 91.60)	Acc@5 100.00 ( 99.78)
25-Jan-26 03:38:16 - Epoch: [80][29999/50000]	Time  0.037 ( 0.038)	Data  0.001 ( 0.001)	Loss 2.3842e-07 (6.8661e-01)	Acc@1 100.00 ( 91.61)	Acc@5 100.00 ( 99.79)
25-Jan-26 03:41:28 - Epoch: [80][34999/50000]	Time  0.037 ( 0.038)	Data  0.001 ( 0.001)	Loss 0.0000e+00 (6.8891e-01)	Acc@1 100.00 ( 91.65)	Acc@5 100.00 ( 99.77)
25-Jan-26 03:44:40 - Epoch: [80][39999/50000]	Time  0.038 ( 0.038)	Data  0.001 ( 0.001)	Loss 0.0000e+00 (6.8935e-01)	Acc@1 100.00 ( 91.69)	Acc@5 100.00 ( 99.78)
25-Jan-26 03:47:51 - Epoch: [80][44999/50000]	Time  0.037 ( 0.038)	Data  0.001 ( 0.001)	Loss 1.4305e-06 (6.9327e-01)	Acc@1 100.00 ( 91.64)	Acc@5 100.00 ( 99.77)
25-Jan-26 03:51:03 - Epoch: [80][49999/50000]	Time  0.036 ( 0.038)	Data  0.001 ( 0.001)	Loss 9.3659e-02 (6.9445e-01)	Acc@1 100.00 ( 91.65)	Acc@5 100.00 ( 99.77)
25-Jan-26 03:51:03 -  @Training * Acc@1 91.652 Acc@5 99.766 Loss 0.694
25-Jan-26 03:51:03 - One training epoch latency: 1.919e+03s | Avg Power: 186.1W | Energy: 357114.8450J
25-Jan-26 03:51:13 -  @Testing * Acc@1 87.440 Acc@5 99.560 Loss 1.654
25-Jan-26 03:51:13 - Best acc at epoch 80: 87.79999542236328
25-Jan-26 03:51:13 - Last learning rate: [3.0517578125e-08]
25-Jan-26 03:51:13 - 	 Epoch 81...
25-Jan-26 03:54:26 - Epoch: [81][ 4999/50000]	Time  0.038 ( 0.038)	Data  0.001 ( 0.001)	Loss 0.0000e+00 (6.9577e-01)	Acc@1 100.00 ( 91.80)	Acc@5 100.00 ( 99.78)
25-Jan-26 03:57:38 - Epoch: [81][ 9999/50000]	Time  0.037 ( 0.038)	Data  0.001 ( 0.001)	Loss 0.0000e+00 (6.7853e-01)	Acc@1 100.00 ( 91.89)	Acc@5 100.00 ( 99.81)
25-Jan-26 04:00:50 - Epoch: [81][14999/50000]	Time  0.037 ( 0.038)	Data  0.001 ( 0.001)	Loss 0.0000e+00 (6.9693e-01)	Acc@1 100.00 ( 91.71)	Acc@5 100.00 ( 99.80)
25-Jan-26 04:04:02 - Epoch: [81][19999/50000]	Time  0.037 ( 0.038)	Data  0.001 ( 0.001)	Loss 0.0000e+00 (7.1553e-01)	Acc@1 100.00 ( 91.49)	Acc@5 100.00 ( 99.76)
25-Jan-26 04:07:14 - Epoch: [81][24999/50000]	Time  0.037 ( 0.038)	Data  0.001 ( 0.001)	Loss 1.6178e+00 (7.0467e-01)	Acc@1   0.00 ( 91.59)	Acc@5 100.00 ( 99.78)
25-Jan-26 04:10:26 - Epoch: [81][29999/50000]	Time  0.037 ( 0.038)	Data  0.001 ( 0.001)	Loss 0.0000e+00 (6.9529e-01)	Acc@1 100.00 ( 91.60)	Acc@5 100.00 ( 99.77)
25-Jan-26 04:13:38 - Epoch: [81][34999/50000]	Time  0.038 ( 0.038)	Data  0.001 ( 0.001)	Loss 4.7482e-01 (7.0338e-01)	Acc@1 100.00 ( 91.60)	Acc@5 100.00 ( 99.76)
25-Jan-26 04:16:50 - Epoch: [81][39999/50000]	Time  0.037 ( 0.038)	Data  0.001 ( 0.001)	Loss 0.0000e+00 (7.0030e-01)	Acc@1 100.00 ( 91.63)	Acc@5 100.00 ( 99.78)
25-Jan-26 04:20:02 - Epoch: [81][44999/50000]	Time  0.061 ( 0.038)	Data  0.001 ( 0.001)	Loss 0.0000e+00 (7.0114e-01)	Acc@1 100.00 ( 91.65)	Acc@5 100.00 ( 99.77)
25-Jan-26 04:23:14 - Epoch: [81][49999/50000]	Time  0.036 ( 0.038)	Data  0.001 ( 0.001)	Loss 0.0000e+00 (6.9839e-01)	Acc@1 100.00 ( 91.66)	Acc@5 100.00 ( 99.78)
25-Jan-26 04:23:15 -  @Training * Acc@1 91.656 Acc@5 99.782 Loss 0.698
25-Jan-26 04:23:15 - One training epoch latency: 1.921e+03s | Avg Power: 186.0W | Energy: 357380.6299J
25-Jan-26 04:23:25 -  @Testing * Acc@1 87.120 Acc@5 99.480 Loss 1.664
25-Jan-26 04:23:25 - Best acc at epoch 81: 87.79999542236328
25-Jan-26 04:23:25 - Last learning rate: [3.0517578125e-08]
25-Jan-26 04:23:25 - 	 Epoch 82...
25-Jan-26 04:26:37 - Epoch: [82][ 4999/50000]	Time  0.038 ( 0.038)	Data  0.001 ( 0.001)	Loss 0.0000e+00 (6.1797e-01)	Acc@1 100.00 ( 92.08)	Acc@5 100.00 ( 99.86)
25-Jan-26 04:29:49 - Epoch: [82][ 9999/50000]	Time  0.037 ( 0.038)	Data  0.001 ( 0.001)	Loss 0.0000e+00 (6.6336e-01)	Acc@1 100.00 ( 92.04)	Acc@5 100.00 ( 99.81)
25-Jan-26 04:33:01 - Epoch: [82][14999/50000]	Time  0.037 ( 0.038)	Data  0.001 ( 0.001)	Loss 0.0000e+00 (6.5895e-01)	Acc@1 100.00 ( 91.96)	Acc@5 100.00 ( 99.77)
25-Jan-26 04:36:13 - Epoch: [82][19999/50000]	Time  0.038 ( 0.038)	Data  0.001 ( 0.001)	Loss 4.2570e-02 (6.6597e-01)	Acc@1 100.00 ( 91.92)	Acc@5 100.00 ( 99.75)
25-Jan-26 04:39:25 - Epoch: [82][24999/50000]	Time  0.037 ( 0.038)	Data  0.001 ( 0.001)	Loss 0.0000e+00 (6.6641e-01)	Acc@1 100.00 ( 91.88)	Acc@5 100.00 ( 99.75)
25-Jan-26 04:42:37 - Epoch: [82][29999/50000]	Time  0.037 ( 0.038)	Data  0.001 ( 0.001)	Loss 0.0000e+00 (6.7147e-01)	Acc@1 100.00 ( 91.82)	Acc@5 100.00 ( 99.77)
25-Jan-26 04:45:49 - Epoch: [82][34999/50000]	Time  0.037 ( 0.038)	Data  0.001 ( 0.001)	Loss 0.0000e+00 (6.7710e-01)	Acc@1 100.00 ( 91.84)	Acc@5 100.00 ( 99.77)
25-Jan-26 04:49:01 - Epoch: [82][39999/50000]	Time  0.037 ( 0.038)	Data  0.001 ( 0.001)	Loss 0.0000e+00 (6.7431e-01)	Acc@1 100.00 ( 91.80)	Acc@5 100.00 ( 99.78)
25-Jan-26 04:52:13 - Epoch: [82][44999/50000]	Time  0.037 ( 0.038)	Data  0.001 ( 0.001)	Loss 0.0000e+00 (6.7712e-01)	Acc@1 100.00 ( 91.74)	Acc@5 100.00 ( 99.77)
25-Jan-26 04:55:25 - Epoch: [82][49999/50000]	Time  0.037 ( 0.038)	Data  0.001 ( 0.001)	Loss 6.5325e-05 (6.7310e-01)	Acc@1 100.00 ( 91.79)	Acc@5 100.00 ( 99.77)
25-Jan-26 04:55:25 -  @Training * Acc@1 91.794 Acc@5 99.772 Loss 0.673
25-Jan-26 04:55:25 - One training epoch latency: 1.92e+03s | Avg Power: 186.1W | Energy: 357297.5762J
25-Jan-26 04:55:35 -  @Testing * Acc@1 87.120 Acc@5 99.520 Loss 1.667
25-Jan-26 04:55:35 - Best acc at epoch 82: 87.79999542236328
25-Jan-26 04:55:35 - Last learning rate: [3.0517578125e-08]
25-Jan-26 04:55:35 - 	 Epoch 83...
25-Jan-26 04:58:47 - Epoch: [83][ 4999/50000]	Time  0.037 ( 0.038)	Data  0.001 ( 0.001)	Loss 3.1158e+00 (6.6661e-01)	Acc@1   0.00 ( 92.10)	Acc@5 100.00 ( 99.74)
25-Jan-26 05:02:00 - Epoch: [83][ 9999/50000]	Time  0.038 ( 0.038)	Data  0.001 ( 0.001)	Loss 0.0000e+00 (6.7654e-01)	Acc@1 100.00 ( 91.77)	Acc@5 100.00 ( 99.73)
25-Jan-26 05:05:12 - Epoch: [83][14999/50000]	Time  0.037 ( 0.038)	Data  0.001 ( 0.001)	Loss 0.0000e+00 (6.5028e-01)	Acc@1 100.00 ( 91.98)	Acc@5 100.00 ( 99.79)
25-Jan-26 05:08:24 - Epoch: [83][19999/50000]	Time  0.037 ( 0.038)	Data  0.001 ( 0.001)	Loss 0.0000e+00 (6.6485e-01)	Acc@1 100.00 ( 91.85)	Acc@5 100.00 ( 99.79)
25-Jan-26 05:11:36 - Epoch: [83][24999/50000]	Time  0.038 ( 0.038)	Data  0.001 ( 0.001)	Loss 0.0000e+00 (6.7820e-01)	Acc@1 100.00 ( 91.76)	Acc@5 100.00 ( 99.78)
25-Jan-26 05:14:48 - Epoch: [83][29999/50000]	Time  0.038 ( 0.038)	Data  0.001 ( 0.001)	Loss 0.0000e+00 (6.7622e-01)	Acc@1 100.00 ( 91.77)	Acc@5 100.00 ( 99.77)
25-Jan-26 05:18:00 - Epoch: [83][34999/50000]	Time  0.037 ( 0.038)	Data  0.001 ( 0.001)	Loss 0.0000e+00 (6.8269e-01)	Acc@1 100.00 ( 91.67)	Acc@5 100.00 ( 99.76)
25-Jan-26 05:21:12 - Epoch: [83][39999/50000]	Time  0.037 ( 0.038)	Data  0.001 ( 0.001)	Loss 4.5299e-06 (6.9064e-01)	Acc@1 100.00 ( 91.61)	Acc@5 100.00 ( 99.77)
25-Jan-26 05:24:24 - Epoch: [83][44999/50000]	Time  0.037 ( 0.038)	Data  0.001 ( 0.001)	Loss 0.0000e+00 (6.9414e-01)	Acc@1 100.00 ( 91.60)	Acc@5 100.00 ( 99.76)
25-Jan-26 05:27:36 - Epoch: [83][49999/50000]	Time  0.037 ( 0.038)	Data  0.001 ( 0.001)	Loss 0.0000e+00 (6.8716e-01)	Acc@1 100.00 ( 91.66)	Acc@5 100.00 ( 99.76)
25-Jan-26 05:27:36 -  @Training * Acc@1 91.656 Acc@5 99.764 Loss 0.687
25-Jan-26 05:27:37 - One training epoch latency: 1.921e+03s | Avg Power: 186.0W | Energy: 357329.5601J
25-Jan-26 05:27:47 -  @Testing * Acc@1 87.380 Acc@5 99.520 Loss 1.665
25-Jan-26 05:27:47 - Best acc at epoch 83: 87.79999542236328
25-Jan-26 05:27:47 - Last learning rate: [3.0517578125e-08]
25-Jan-26 05:27:47 - 	 Epoch 84...
25-Jan-26 05:30:59 - Epoch: [84][ 4999/50000]	Time  0.037 ( 0.038)	Data  0.001 ( 0.001)	Loss 0.0000e+00 (6.9615e-01)	Acc@1 100.00 ( 91.88)	Acc@5 100.00 ( 99.74)
25-Jan-26 05:34:10 - Epoch: [84][ 9999/50000]	Time  0.037 ( 0.038)	Data  0.001 ( 0.001)	Loss 0.0000e+00 (6.7883e-01)	Acc@1 100.00 ( 91.92)	Acc@5 100.00 ( 99.75)
25-Jan-26 05:37:22 - Epoch: [84][14999/50000]	Time  0.038 ( 0.038)	Data  0.001 ( 0.001)	Loss 1.0540e-01 (6.9095e-01)	Acc@1 100.00 ( 91.75)	Acc@5 100.00 ( 99.74)
25-Jan-26 05:40:34 - Epoch: [84][19999/50000]	Time  0.037 ( 0.038)	Data  0.001 ( 0.001)	Loss 0.0000e+00 (7.1418e-01)	Acc@1 100.00 ( 91.56)	Acc@5 100.00 ( 99.76)
25-Jan-26 05:43:46 - Epoch: [84][24999/50000]	Time  0.037 ( 0.038)	Data  0.001 ( 0.001)	Loss 0.0000e+00 (6.9472e-01)	Acc@1 100.00 ( 91.80)	Acc@5 100.00 ( 99.78)
25-Jan-26 05:46:58 - Epoch: [84][29999/50000]	Time  0.037 ( 0.038)	Data  0.001 ( 0.001)	Loss 0.0000e+00 (6.9680e-01)	Acc@1 100.00 ( 91.81)	Acc@5 100.00 ( 99.76)
25-Jan-26 05:50:09 - Epoch: [84][34999/50000]	Time  0.038 ( 0.038)	Data  0.001 ( 0.001)	Loss 0.0000e+00 (6.9803e-01)	Acc@1 100.00 ( 91.85)	Acc@5 100.00 ( 99.76)
25-Jan-26 05:53:21 - Epoch: [84][39999/50000]	Time  0.038 ( 0.038)	Data  0.001 ( 0.001)	Loss 0.0000e+00 (6.9745e-01)	Acc@1 100.00 ( 91.76)	Acc@5 100.00 ( 99.76)
25-Jan-26 05:56:33 - Epoch: [84][44999/50000]	Time  0.038 ( 0.038)	Data  0.001 ( 0.001)	Loss 0.0000e+00 (6.9456e-01)	Acc@1 100.00 ( 91.72)	Acc@5 100.00 ( 99.76)
25-Jan-26 05:59:44 - Epoch: [84][49999/50000]	Time  0.059 ( 0.038)	Data  0.016 ( 0.001)	Loss 0.0000e+00 (6.9037e-01)	Acc@1 100.00 ( 91.82)	Acc@5 100.00 ( 99.76)
25-Jan-26 05:59:44 -  @Training * Acc@1 91.824 Acc@5 99.760 Loss 0.690
25-Jan-26 05:59:45 - One training epoch latency: 1.918e+03s | Avg Power: 186.1W | Energy: 356779.5076J
25-Jan-26 05:59:55 -  @Testing * Acc@1 87.500 Acc@5 99.550 Loss 1.657
25-Jan-26 05:59:55 - Best acc at epoch 84: 87.79999542236328
25-Jan-26 05:59:55 - Last learning rate: [1.52587890625e-08]
25-Jan-26 05:59:55 - 	 Epoch 85...
25-Jan-26 06:03:07 - Epoch: [85][ 4999/50000]	Time  0.037 ( 0.038)	Data  0.001 ( 0.001)	Loss 3.1963e+00 (6.7479e-01)	Acc@1   0.00 ( 91.88)	Acc@5 100.00 ( 99.74)
25-Jan-26 06:06:19 - Epoch: [85][ 9999/50000]	Time  0.037 ( 0.038)	Data  0.001 ( 0.001)	Loss 0.0000e+00 (6.6956e-01)	Acc@1 100.00 ( 91.81)	Acc@5 100.00 ( 99.76)
25-Jan-26 06:09:31 - Epoch: [85][14999/50000]	Time  0.037 ( 0.038)	Data  0.001 ( 0.001)	Loss 0.0000e+00 (6.8071e-01)	Acc@1 100.00 ( 91.52)	Acc@5 100.00 ( 99.79)
25-Jan-26 06:12:43 - Epoch: [85][19999/50000]	Time  0.038 ( 0.038)	Data  0.001 ( 0.001)	Loss 0.0000e+00 (6.6279e-01)	Acc@1 100.00 ( 91.85)	Acc@5 100.00 ( 99.81)
25-Jan-26 06:15:55 - Epoch: [85][24999/50000]	Time  0.038 ( 0.038)	Data  0.001 ( 0.001)	Loss 0.0000e+00 (6.6156e-01)	Acc@1 100.00 ( 91.92)	Acc@5 100.00 ( 99.81)
25-Jan-26 06:19:08 - Epoch: [85][29999/50000]	Time  0.037 ( 0.038)	Data  0.001 ( 0.001)	Loss 0.0000e+00 (6.7626e-01)	Acc@1 100.00 ( 91.89)	Acc@5 100.00 ( 99.80)
25-Jan-26 06:22:20 - Epoch: [85][34999/50000]	Time  0.037 ( 0.038)	Data  0.001 ( 0.001)	Loss 0.0000e+00 (6.8278e-01)	Acc@1 100.00 ( 91.83)	Acc@5 100.00 ( 99.79)
25-Jan-26 06:25:33 - Epoch: [85][39999/50000]	Time  0.037 ( 0.038)	Data  0.001 ( 0.001)	Loss 0.0000e+00 (6.8630e-01)	Acc@1 100.00 ( 91.79)	Acc@5 100.00 ( 99.79)
25-Jan-26 06:28:45 - Epoch: [85][44999/50000]	Time  0.038 ( 0.038)	Data  0.001 ( 0.001)	Loss 0.0000e+00 (6.9066e-01)	Acc@1 100.00 ( 91.77)	Acc@5 100.00 ( 99.78)
25-Jan-26 06:31:57 - Epoch: [85][49999/50000]	Time  0.037 ( 0.038)	Data  0.001 ( 0.001)	Loss 0.0000e+00 (6.8390e-01)	Acc@1 100.00 ( 91.77)	Acc@5 100.00 ( 99.80)
25-Jan-26 06:31:58 -  @Training * Acc@1 91.772 Acc@5 99.796 Loss 0.684
25-Jan-26 06:31:58 - One training epoch latency: 1.923e+03s | Avg Power: 186.6W | Energy: 358775.9760J
25-Jan-26 06:32:08 -  @Testing * Acc@1 87.510 Acc@5 99.570 Loss 1.660
25-Jan-26 06:32:08 - Best acc at epoch 85: 87.79999542236328
25-Jan-26 06:32:08 - Last learning rate: [1.52587890625e-08]
25-Jan-26 06:32:08 - 	 Epoch 86...
25-Jan-26 06:35:21 - Epoch: [86][ 4999/50000]	Time  0.037 ( 0.039)	Data  0.001 ( 0.001)	Loss 0.0000e+00 (6.1757e-01)	Acc@1 100.00 ( 92.18)	Acc@5 100.00 ( 99.90)
25-Jan-26 06:38:33 - Epoch: [86][ 9999/50000]	Time  0.038 ( 0.039)	Data  0.001 ( 0.001)	Loss 0.0000e+00 (6.6379e-01)	Acc@1 100.00 ( 91.73)	Acc@5 100.00 ( 99.86)
25-Jan-26 06:41:46 - Epoch: [86][14999/50000]	Time  0.037 ( 0.038)	Data  0.001 ( 0.001)	Loss 0.0000e+00 (6.6246e-01)	Acc@1 100.00 ( 91.62)	Acc@5 100.00 ( 99.85)
25-Jan-26 06:44:58 - Epoch: [86][19999/50000]	Time  0.037 ( 0.038)	Data  0.001 ( 0.001)	Loss 0.0000e+00 (6.7050e-01)	Acc@1 100.00 ( 91.55)	Acc@5 100.00 ( 99.81)
25-Jan-26 06:48:10 - Epoch: [86][24999/50000]	Time  0.061 ( 0.038)	Data  0.001 ( 0.001)	Loss 1.3457e+01 (6.8318e-01)	Acc@1   0.00 ( 91.56)	Acc@5 100.00 ( 99.80)
25-Jan-26 06:51:23 - Epoch: [86][29999/50000]	Time  0.037 ( 0.038)	Data  0.001 ( 0.001)	Loss 0.0000e+00 (6.7919e-01)	Acc@1 100.00 ( 91.66)	Acc@5 100.00 ( 99.80)
25-Jan-26 06:54:35 - Epoch: [86][34999/50000]	Time  0.038 ( 0.038)	Data  0.001 ( 0.001)	Loss 3.4922e-04 (6.7839e-01)	Acc@1 100.00 ( 91.69)	Acc@5 100.00 ( 99.81)
25-Jan-26 06:57:48 - Epoch: [86][39999/50000]	Time  0.038 ( 0.038)	Data  0.001 ( 0.001)	Loss 0.0000e+00 (6.7285e-01)	Acc@1 100.00 ( 91.77)	Acc@5 100.00 ( 99.79)
25-Jan-26 07:01:00 - Epoch: [86][44999/50000]	Time  0.038 ( 0.038)	Data  0.001 ( 0.001)	Loss 1.2755e-05 (6.7360e-01)	Acc@1 100.00 ( 91.76)	Acc@5 100.00 ( 99.79)
25-Jan-26 07:04:13 - Epoch: [86][49999/50000]	Time  0.037 ( 0.038)	Data  0.001 ( 0.001)	Loss 0.0000e+00 (6.7527e-01)	Acc@1 100.00 ( 91.81)	Acc@5 100.00 ( 99.79)
25-Jan-26 07:04:13 -  @Training * Acc@1 91.812 Acc@5 99.788 Loss 0.675
25-Jan-26 07:04:13 - One training epoch latency: 1.925e+03s | Avg Power: 186.5W | Energy: 358956.8568J
25-Jan-26 07:04:23 -  @Testing * Acc@1 87.440 Acc@5 99.570 Loss 1.632
25-Jan-26 07:04:23 - Best acc at epoch 86: 87.79999542236328
25-Jan-26 07:04:23 - Last learning rate: [1.52587890625e-08]
25-Jan-26 07:04:23 - 	 Epoch 87...
25-Jan-26 07:07:36 - Epoch: [87][ 4999/50000]	Time  0.038 ( 0.039)	Data  0.001 ( 0.001)	Loss 1.2191e-03 (7.3727e-01)	Acc@1 100.00 ( 91.06)	Acc@5 100.00 ( 99.72)
25-Jan-26 07:10:49 - Epoch: [87][ 9999/50000]	Time  0.038 ( 0.039)	Data  0.001 ( 0.001)	Loss 1.5407e+01 (7.2816e-01)	Acc@1   0.00 ( 91.39)	Acc@5 100.00 ( 99.69)
25-Jan-26 07:14:02 - Epoch: [87][14999/50000]	Time  0.038 ( 0.039)	Data  0.001 ( 0.001)	Loss 0.0000e+00 (7.0007e-01)	Acc@1 100.00 ( 91.69)	Acc@5 100.00 ( 99.75)
25-Jan-26 07:17:14 - Epoch: [87][19999/50000]	Time  0.037 ( 0.039)	Data  0.001 ( 0.001)	Loss 2.8129e+00 (6.8672e-01)	Acc@1   0.00 ( 91.86)	Acc@5 100.00 ( 99.76)
25-Jan-26 07:20:27 - Epoch: [87][24999/50000]	Time  0.038 ( 0.039)	Data  0.001 ( 0.001)	Loss 0.0000e+00 (6.7731e-01)	Acc@1 100.00 ( 91.87)	Acc@5 100.00 ( 99.77)
25-Jan-26 07:23:40 - Epoch: [87][29999/50000]	Time  0.038 ( 0.039)	Data  0.001 ( 0.001)	Loss 0.0000e+00 (6.8176e-01)	Acc@1 100.00 ( 91.86)	Acc@5 100.00 ( 99.79)
25-Jan-26 07:26:53 - Epoch: [87][34999/50000]	Time  0.038 ( 0.039)	Data  0.001 ( 0.001)	Loss 0.0000e+00 (6.8746e-01)	Acc@1 100.00 ( 91.83)	Acc@5 100.00 ( 99.78)
25-Jan-26 07:30:05 - Epoch: [87][39999/50000]	Time  0.037 ( 0.039)	Data  0.001 ( 0.001)	Loss 0.0000e+00 (6.8472e-01)	Acc@1 100.00 ( 91.84)	Acc@5 100.00 ( 99.78)
25-Jan-26 07:33:18 - Epoch: [87][44999/50000]	Time  0.037 ( 0.039)	Data  0.001 ( 0.001)	Loss 0.0000e+00 (6.8089e-01)	Acc@1 100.00 ( 91.80)	Acc@5 100.00 ( 99.78)
25-Jan-26 07:36:31 - Epoch: [87][49999/50000]	Time  0.037 ( 0.039)	Data  0.001 ( 0.001)	Loss 0.0000e+00 (6.8033e-01)	Acc@1 100.00 ( 91.82)	Acc@5 100.00 ( 99.78)
25-Jan-26 07:36:31 -  @Training * Acc@1 91.820 Acc@5 99.776 Loss 0.680
25-Jan-26 07:36:31 - One training epoch latency: 1.928e+03s | Avg Power: 186.5W | Energy: 359553.3437J
25-Jan-26 07:36:41 -  @Testing * Acc@1 87.340 Acc@5 99.500 Loss 1.644
25-Jan-26 07:36:41 - Best acc at epoch 87: 87.79999542236328
25-Jan-26 07:36:41 - Last learning rate: [1.52587890625e-08]
25-Jan-26 07:36:41 - 	 Epoch 88...
25-Jan-26 07:39:54 - Epoch: [88][ 4999/50000]	Time  0.038 ( 0.039)	Data  0.001 ( 0.001)	Loss 1.0439e+00 (6.4079e-01)	Acc@1   0.00 ( 92.30)	Acc@5 100.00 ( 99.76)
25-Jan-26 07:43:06 - Epoch: [88][ 9999/50000]	Time  0.060 ( 0.039)	Data  0.023 ( 0.001)	Loss 1.3113e-05 (6.6311e-01)	Acc@1 100.00 ( 91.98)	Acc@5 100.00 ( 99.79)
25-Jan-26 07:46:19 - Epoch: [88][14999/50000]	Time  0.038 ( 0.038)	Data  0.001 ( 0.001)	Loss 0.0000e+00 (6.4243e-01)	Acc@1 100.00 ( 92.11)	Acc@5 100.00 ( 99.82)
25-Jan-26 07:49:31 - Epoch: [88][19999/50000]	Time  0.038 ( 0.038)	Data  0.001 ( 0.001)	Loss 0.0000e+00 (6.5469e-01)	Acc@1 100.00 ( 91.99)	Acc@5 100.00 ( 99.82)
25-Jan-26 07:52:44 - Epoch: [88][24999/50000]	Time  0.038 ( 0.038)	Data  0.001 ( 0.001)	Loss 8.8688e-05 (6.5970e-01)	Acc@1 100.00 ( 91.96)	Acc@5 100.00 ( 99.82)
25-Jan-26 07:55:56 - Epoch: [88][29999/50000]	Time  0.038 ( 0.038)	Data  0.001 ( 0.001)	Loss 0.0000e+00 (6.7137e-01)	Acc@1 100.00 ( 91.83)	Acc@5 100.00 ( 99.80)
25-Jan-26 07:59:09 - Epoch: [88][34999/50000]	Time  0.038 ( 0.038)	Data  0.001 ( 0.001)	Loss 4.0531e-06 (6.7570e-01)	Acc@1 100.00 ( 91.78)	Acc@5 100.00 ( 99.80)
25-Jan-26 08:02:21 - Epoch: [88][39999/50000]	Time  0.040 ( 0.038)	Data  0.001 ( 0.001)	Loss 3.6951e-03 (6.8342e-01)	Acc@1 100.00 ( 91.67)	Acc@5 100.00 ( 99.79)
25-Jan-26 08:05:34 - Epoch: [88][44999/50000]	Time  0.038 ( 0.038)	Data  0.001 ( 0.001)	Loss 0.0000e+00 (6.8054e-01)	Acc@1 100.00 ( 91.65)	Acc@5 100.00 ( 99.80)
25-Jan-26 08:08:46 - Epoch: [88][49999/50000]	Time  0.060 ( 0.038)	Data  0.001 ( 0.001)	Loss 0.0000e+00 (6.7752e-01)	Acc@1 100.00 ( 91.65)	Acc@5 100.00 ( 99.81)
25-Jan-26 08:08:46 -  @Training * Acc@1 91.654 Acc@5 99.814 Loss 0.678
25-Jan-26 08:08:47 - One training epoch latency: 1.925e+03s | Avg Power: 186.5W | Energy: 358992.6366J
25-Jan-26 08:08:57 -  @Testing * Acc@1 87.430 Acc@5 99.540 Loss 1.648
25-Jan-26 08:08:57 - Best acc at epoch 88: 87.79999542236328
25-Jan-26 08:08:57 - Last learning rate: [1.52587890625e-08]
25-Jan-26 08:08:57 - 	 Epoch 89...
25-Jan-26 08:12:09 - Epoch: [89][ 4999/50000]	Time  0.037 ( 0.038)	Data  0.001 ( 0.001)	Loss 0.0000e+00 (6.5872e-01)	Acc@1 100.00 ( 91.92)	Acc@5 100.00 ( 99.78)
25-Jan-26 08:15:21 - Epoch: [89][ 9999/50000]	Time  0.037 ( 0.038)	Data  0.001 ( 0.001)	Loss 0.0000e+00 (6.4776e-01)	Acc@1 100.00 ( 92.05)	Acc@5 100.00 ( 99.83)
25-Jan-26 08:18:33 - Epoch: [89][14999/50000]	Time  0.037 ( 0.038)	Data  0.001 ( 0.001)	Loss 0.0000e+00 (6.5844e-01)	Acc@1 100.00 ( 91.97)	Acc@5 100.00 ( 99.83)
25-Jan-26 08:21:45 - Epoch: [89][19999/50000]	Time  0.037 ( 0.038)	Data  0.001 ( 0.001)	Loss 0.0000e+00 (6.6131e-01)	Acc@1 100.00 ( 91.90)	Acc@5 100.00 ( 99.79)
25-Jan-26 08:24:57 - Epoch: [89][24999/50000]	Time  0.037 ( 0.038)	Data  0.001 ( 0.001)	Loss 1.1372e-04 (6.6465e-01)	Acc@1 100.00 ( 91.90)	Acc@5 100.00 ( 99.77)
25-Jan-26 08:28:09 - Epoch: [89][29999/50000]	Time  0.037 ( 0.038)	Data  0.001 ( 0.001)	Loss 0.0000e+00 (6.7153e-01)	Acc@1 100.00 ( 91.95)	Acc@5 100.00 ( 99.75)
25-Jan-26 08:31:21 - Epoch: [89][34999/50000]	Time  0.037 ( 0.038)	Data  0.001 ( 0.001)	Loss 0.0000e+00 (6.8048e-01)	Acc@1 100.00 ( 91.88)	Acc@5 100.00 ( 99.76)
25-Jan-26 08:34:33 - Epoch: [89][39999/50000]	Time  0.037 ( 0.038)	Data  0.001 ( 0.001)	Loss 0.0000e+00 (6.7517e-01)	Acc@1 100.00 ( 91.97)	Acc@5 100.00 ( 99.77)
25-Jan-26 08:37:45 - Epoch: [89][44999/50000]	Time  0.038 ( 0.038)	Data  0.001 ( 0.001)	Loss 6.0222e-03 (6.8041e-01)	Acc@1 100.00 ( 91.90)	Acc@5 100.00 ( 99.78)
25-Jan-26 08:40:57 - Epoch: [89][49999/50000]	Time  0.037 ( 0.038)	Data  0.001 ( 0.001)	Loss 1.1921e-07 (6.7567e-01)	Acc@1 100.00 ( 91.94)	Acc@5 100.00 ( 99.77)
25-Jan-26 08:40:57 -  @Training * Acc@1 91.938 Acc@5 99.772 Loss 0.676
25-Jan-26 08:40:57 - One training epoch latency: 1.92e+03s | Avg Power: 186.9W | Energy: 358824.9208J
25-Jan-26 08:41:08 -  @Testing * Acc@1 87.700 Acc@5 99.560 Loss 1.634
25-Jan-26 08:41:08 - Best acc at epoch 89: 87.79999542236328
25-Jan-26 08:41:08 - Last learning rate: [1.52587890625e-08]
25-Jan-26 08:41:08 - 	 Epoch 90...
25-Jan-26 08:44:20 - Epoch: [90][ 4999/50000]	Time  0.037 ( 0.039)	Data  0.001 ( 0.001)	Loss 0.0000e+00 (6.8377e-01)	Acc@1 100.00 ( 91.38)	Acc@5 100.00 ( 99.74)
25-Jan-26 08:47:33 - Epoch: [90][ 9999/50000]	Time  0.037 ( 0.038)	Data  0.001 ( 0.001)	Loss 0.0000e+00 (6.8721e-01)	Acc@1 100.00 ( 91.28)	Acc@5 100.00 ( 99.79)
25-Jan-26 08:50:45 - Epoch: [90][14999/50000]	Time  0.037 ( 0.038)	Data  0.001 ( 0.001)	Loss 0.0000e+00 (6.8387e-01)	Acc@1 100.00 ( 91.61)	Acc@5 100.00 ( 99.75)
25-Jan-26 08:53:57 - Epoch: [90][19999/50000]	Time  0.039 ( 0.038)	Data  0.001 ( 0.001)	Loss 1.1563e-05 (6.9970e-01)	Acc@1 100.00 ( 91.58)	Acc@5 100.00 ( 99.77)
25-Jan-26 08:57:10 - Epoch: [90][24999/50000]	Time  0.037 ( 0.038)	Data  0.001 ( 0.001)	Loss 1.6860e+01 (6.8679e-01)	Acc@1   0.00 ( 91.69)	Acc@5 100.00 ( 99.76)
25-Jan-26 09:00:22 - Epoch: [90][29999/50000]	Time  0.037 ( 0.038)	Data  0.001 ( 0.001)	Loss 0.0000e+00 (6.8166e-01)	Acc@1 100.00 ( 91.67)	Acc@5 100.00 ( 99.77)
25-Jan-26 09:03:35 - Epoch: [90][34999/50000]	Time  0.037 ( 0.038)	Data  0.001 ( 0.001)	Loss 0.0000e+00 (6.8120e-01)	Acc@1 100.00 ( 91.66)	Acc@5 100.00 ( 99.77)
25-Jan-26 09:06:47 - Epoch: [90][39999/50000]	Time  0.038 ( 0.038)	Data  0.001 ( 0.001)	Loss 3.5763e-07 (6.6967e-01)	Acc@1 100.00 ( 91.72)	Acc@5 100.00 ( 99.77)
25-Jan-26 09:09:59 - Epoch: [90][44999/50000]	Time  0.038 ( 0.038)	Data  0.001 ( 0.001)	Loss 0.0000e+00 (6.6621e-01)	Acc@1 100.00 ( 91.82)	Acc@5 100.00 ( 99.78)
25-Jan-26 09:13:12 - Epoch: [90][49999/50000]	Time  0.036 ( 0.038)	Data  0.001 ( 0.001)	Loss 0.0000e+00 (6.6833e-01)	Acc@1 100.00 ( 91.80)	Acc@5 100.00 ( 99.78)
25-Jan-26 09:13:12 -  @Training * Acc@1 91.798 Acc@5 99.784 Loss 0.668
25-Jan-26 09:13:12 - One training epoch latency: 1.924e+03s | Avg Power: 186.6W | Energy: 358954.2768J
25-Jan-26 09:13:22 -  @Testing * Acc@1 87.420 Acc@5 99.530 Loss 1.632
25-Jan-26 09:13:22 - Best acc at epoch 90: 87.79999542236328
25-Jan-26 09:13:22 - Last learning rate: [1.52587890625e-08]
25-Jan-26 09:13:22 - 	 Epoch 91...
25-Jan-26 09:16:35 - Epoch: [91][ 4999/50000]	Time  0.038 ( 0.039)	Data  0.001 ( 0.001)	Loss 0.0000e+00 (6.5198e-01)	Acc@1 100.00 ( 92.22)	Acc@5 100.00 ( 99.80)
25-Jan-26 09:19:48 - Epoch: [91][ 9999/50000]	Time  0.038 ( 0.039)	Data  0.001 ( 0.001)	Loss 0.0000e+00 (6.7086e-01)	Acc@1 100.00 ( 92.09)	Acc@5 100.00 ( 99.77)
25-Jan-26 09:23:00 - Epoch: [91][14999/50000]	Time  0.038 ( 0.039)	Data  0.001 ( 0.001)	Loss 0.0000e+00 (6.8058e-01)	Acc@1 100.00 ( 92.01)	Acc@5 100.00 ( 99.77)
25-Jan-26 09:26:13 - Epoch: [91][19999/50000]	Time  0.037 ( 0.039)	Data  0.001 ( 0.001)	Loss 0.0000e+00 (6.7618e-01)	Acc@1 100.00 ( 91.85)	Acc@5 100.00 ( 99.79)
25-Jan-26 09:29:25 - Epoch: [91][24999/50000]	Time  0.038 ( 0.039)	Data  0.001 ( 0.001)	Loss 1.2566e+00 (6.8062e-01)	Acc@1   0.00 ( 91.82)	Acc@5 100.00 ( 99.78)
25-Jan-26 09:32:38 - Epoch: [91][29999/50000]	Time  0.038 ( 0.039)	Data  0.001 ( 0.001)	Loss 0.0000e+00 (6.7781e-01)	Acc@1 100.00 ( 91.83)	Acc@5 100.00 ( 99.78)
25-Jan-26 09:35:51 - Epoch: [91][34999/50000]	Time  0.038 ( 0.039)	Data  0.001 ( 0.001)	Loss 0.0000e+00 (6.8185e-01)	Acc@1 100.00 ( 91.79)	Acc@5 100.00 ( 99.78)
25-Jan-26 09:39:04 - Epoch: [91][39999/50000]	Time  0.038 ( 0.039)	Data  0.001 ( 0.001)	Loss 0.0000e+00 (6.7892e-01)	Acc@1 100.00 ( 91.81)	Acc@5 100.00 ( 99.79)
25-Jan-26 09:42:16 - Epoch: [91][44999/50000]	Time  0.038 ( 0.039)	Data  0.001 ( 0.001)	Loss 0.0000e+00 (6.8019e-01)	Acc@1 100.00 ( 91.78)	Acc@5 100.00 ( 99.79)
25-Jan-26 09:45:29 - Epoch: [91][49999/50000]	Time  0.037 ( 0.039)	Data  0.001 ( 0.001)	Loss 2.5818e+01 (6.8546e-01)	Acc@1   0.00 ( 91.73)	Acc@5   0.00 ( 99.78)
25-Jan-26 09:45:29 -  @Training * Acc@1 91.726 Acc@5 99.782 Loss 0.685
25-Jan-26 09:45:29 - One training epoch latency: 1.927e+03s | Avg Power: 186.7W | Energy: 359729.7342J
25-Jan-26 09:45:39 -  @Testing * Acc@1 87.360 Acc@5 99.540 Loss 1.658
25-Jan-26 09:45:39 - Best acc at epoch 91: 87.79999542236328
25-Jan-26 09:45:40 - Last learning rate: [1.52587890625e-08]
25-Jan-26 09:45:40 - 	 Epoch 92...
25-Jan-26 09:48:52 - Epoch: [92][ 4999/50000]	Time  0.037 ( 0.039)	Data  0.001 ( 0.001)	Loss 1.1921e-07 (7.0281e-01)	Acc@1 100.00 ( 91.08)	Acc@5 100.00 ( 99.74)
25-Jan-26 09:52:05 - Epoch: [92][ 9999/50000]	Time  0.037 ( 0.039)	Data  0.001 ( 0.001)	Loss 0.0000e+00 (6.7728e-01)	Acc@1 100.00 ( 91.58)	Acc@5 100.00 ( 99.72)
25-Jan-26 09:55:17 - Epoch: [92][14999/50000]	Time  0.037 ( 0.039)	Data  0.001 ( 0.001)	Loss 1.9996e-02 (6.8689e-01)	Acc@1 100.00 ( 91.73)	Acc@5 100.00 ( 99.73)
25-Jan-26 09:58:30 - Epoch: [92][19999/50000]	Time  0.038 ( 0.039)	Data  0.001 ( 0.001)	Loss 0.0000e+00 (6.9176e-01)	Acc@1 100.00 ( 91.56)	Acc@5 100.00 ( 99.72)
25-Jan-26 10:01:43 - Epoch: [92][24999/50000]	Time  0.037 ( 0.039)	Data  0.001 ( 0.001)	Loss 2.1434e-02 (7.0169e-01)	Acc@1 100.00 ( 91.63)	Acc@5 100.00 ( 99.73)
25-Jan-26 10:04:55 - Epoch: [92][29999/50000]	Time  0.037 ( 0.039)	Data  0.001 ( 0.001)	Loss 0.0000e+00 (6.9113e-01)	Acc@1 100.00 ( 91.77)	Acc@5 100.00 ( 99.73)
25-Jan-26 10:08:08 - Epoch: [92][34999/50000]	Time  0.038 ( 0.039)	Data  0.001 ( 0.001)	Loss 0.0000e+00 (6.8712e-01)	Acc@1 100.00 ( 91.81)	Acc@5 100.00 ( 99.75)
25-Jan-26 10:11:20 - Epoch: [92][39999/50000]	Time  0.038 ( 0.039)	Data  0.001 ( 0.001)	Loss 0.0000e+00 (6.8305e-01)	Acc@1 100.00 ( 91.83)	Acc@5 100.00 ( 99.76)
25-Jan-26 10:14:33 - Epoch: [92][44999/50000]	Time  0.037 ( 0.039)	Data  0.001 ( 0.001)	Loss 0.0000e+00 (6.8647e-01)	Acc@1 100.00 ( 91.82)	Acc@5 100.00 ( 99.76)
25-Jan-26 10:17:45 - Epoch: [92][49999/50000]	Time  0.037 ( 0.039)	Data  0.001 ( 0.001)	Loss 0.0000e+00 (6.8009e-01)	Acc@1 100.00 ( 91.84)	Acc@5 100.00 ( 99.76)
25-Jan-26 10:17:45 -  @Training * Acc@1 91.844 Acc@5 99.764 Loss 0.680
25-Jan-26 10:17:45 - One training epoch latency: 1.925e+03s | Avg Power: 186.7W | Energy: 359566.6777J
25-Jan-26 10:17:55 -  @Testing * Acc@1 87.370 Acc@5 99.510 Loss 1.651
25-Jan-26 10:17:55 - Best acc at epoch 92: 87.79999542236328
25-Jan-26 10:17:55 - Last learning rate: [1.52587890625e-08]
25-Jan-26 10:17:55 - 	 Epoch 93...
25-Jan-26 10:21:08 - Epoch: [93][ 4999/50000]	Time  0.037 ( 0.039)	Data  0.001 ( 0.001)	Loss 3.5763e-07 (7.0593e-01)	Acc@1 100.00 ( 91.42)	Acc@5 100.00 ( 99.82)
25-Jan-26 10:24:21 - Epoch: [93][ 9999/50000]	Time  0.038 ( 0.039)	Data  0.001 ( 0.001)	Loss 0.0000e+00 (7.0395e-01)	Acc@1 100.00 ( 91.57)	Acc@5 100.00 ( 99.83)
25-Jan-26 10:27:33 - Epoch: [93][14999/50000]	Time  0.038 ( 0.039)	Data  0.001 ( 0.001)	Loss 0.0000e+00 (7.0914e-01)	Acc@1 100.00 ( 91.55)	Acc@5 100.00 ( 99.78)
25-Jan-26 10:30:46 - Epoch: [93][19999/50000]	Time  0.038 ( 0.039)	Data  0.001 ( 0.001)	Loss 1.5401e-04 (6.9061e-01)	Acc@1 100.00 ( 91.72)	Acc@5 100.00 ( 99.77)
25-Jan-26 10:33:59 - Epoch: [93][24999/50000]	Time  0.038 ( 0.039)	Data  0.001 ( 0.001)	Loss 0.0000e+00 (6.9305e-01)	Acc@1 100.00 ( 91.68)	Acc@5 100.00 ( 99.77)
25-Jan-26 10:37:11 - Epoch: [93][29999/50000]	Time  0.038 ( 0.039)	Data  0.001 ( 0.001)	Loss 0.0000e+00 (6.9704e-01)	Acc@1 100.00 ( 91.75)	Acc@5 100.00 ( 99.77)
25-Jan-26 10:40:24 - Epoch: [93][34999/50000]	Time  0.038 ( 0.039)	Data  0.001 ( 0.001)	Loss 0.0000e+00 (7.0020e-01)	Acc@1 100.00 ( 91.75)	Acc@5 100.00 ( 99.77)
25-Jan-26 10:43:37 - Epoch: [93][39999/50000]	Time  0.037 ( 0.039)	Data  0.001 ( 0.001)	Loss 0.0000e+00 (7.0324e-01)	Acc@1 100.00 ( 91.72)	Acc@5 100.00 ( 99.75)
25-Jan-26 10:46:51 - Epoch: [93][44999/50000]	Time  0.038 ( 0.039)	Data  0.001 ( 0.001)	Loss 0.0000e+00 (7.0221e-01)	Acc@1 100.00 ( 91.68)	Acc@5 100.00 ( 99.76)
25-Jan-26 10:50:03 - Epoch: [93][49999/50000]	Time  0.037 ( 0.039)	Data  0.001 ( 0.001)	Loss 0.0000e+00 (7.0267e-01)	Acc@1 100.00 ( 91.66)	Acc@5 100.00 ( 99.75)
25-Jan-26 10:50:03 -  @Training * Acc@1 91.660 Acc@5 99.752 Loss 0.703
25-Jan-26 10:50:03 - One training epoch latency: 1.928e+03s | Avg Power: 186.6W | Energy: 359822.4671J
25-Jan-26 10:50:14 -  @Testing * Acc@1 87.340 Acc@5 99.530 Loss 1.649
25-Jan-26 10:50:14 - Best acc at epoch 93: 87.79999542236328
25-Jan-26 10:50:14 - Last learning rate: [1.52587890625e-08]
25-Jan-26 10:50:14 - 	 Epoch 94...
25-Jan-26 10:53:26 - Epoch: [94][ 4999/50000]	Time  0.043 ( 0.039)	Data  0.001 ( 0.001)	Loss 8.5152e-03 (6.6660e-01)	Acc@1 100.00 ( 91.96)	Acc@5 100.00 ( 99.78)
25-Jan-26 10:56:39 - Epoch: [94][ 9999/50000]	Time  0.037 ( 0.039)	Data  0.001 ( 0.001)	Loss 0.0000e+00 (6.9525e-01)	Acc@1 100.00 ( 91.72)	Acc@5 100.00 ( 99.75)
25-Jan-26 10:59:51 - Epoch: [94][14999/50000]	Time  0.052 ( 0.039)	Data  0.001 ( 0.001)	Loss 5.9605e-07 (6.6366e-01)	Acc@1 100.00 ( 91.93)	Acc@5 100.00 ( 99.77)
25-Jan-26 11:03:04 - Epoch: [94][19999/50000]	Time  0.038 ( 0.038)	Data  0.001 ( 0.001)	Loss 0.0000e+00 (6.8231e-01)	Acc@1 100.00 ( 91.79)	Acc@5 100.00 ( 99.77)
25-Jan-26 11:06:16 - Epoch: [94][24999/50000]	Time  0.038 ( 0.038)	Data  0.001 ( 0.001)	Loss 1.0729e-06 (7.0306e-01)	Acc@1 100.00 ( 91.72)	Acc@5 100.00 ( 99.78)
25-Jan-26 11:09:29 - Epoch: [94][29999/50000]	Time  0.037 ( 0.038)	Data  0.001 ( 0.001)	Loss 8.6448e+00 (6.9517e-01)	Acc@1   0.00 ( 91.73)	Acc@5 100.00 ( 99.80)
25-Jan-26 11:12:41 - Epoch: [94][34999/50000]	Time  0.037 ( 0.038)	Data  0.001 ( 0.001)	Loss 0.0000e+00 (7.0273e-01)	Acc@1 100.00 ( 91.68)	Acc@5 100.00 ( 99.79)
25-Jan-26 11:15:54 - Epoch: [94][39999/50000]	Time  0.037 ( 0.038)	Data  0.001 ( 0.001)	Loss 0.0000e+00 (7.0431e-01)	Acc@1 100.00 ( 91.70)	Acc@5 100.00 ( 99.78)
25-Jan-26 11:19:06 - Epoch: [94][44999/50000]	Time  0.037 ( 0.038)	Data  0.001 ( 0.001)	Loss 6.7470e-05 (7.0065e-01)	Acc@1 100.00 ( 91.74)	Acc@5 100.00 ( 99.77)
25-Jan-26 11:22:19 - Epoch: [94][49999/50000]	Time  0.037 ( 0.038)	Data  0.001 ( 0.001)	Loss 0.0000e+00 (7.0595e-01)	Acc@1 100.00 ( 91.71)	Acc@5 100.00 ( 99.78)
25-Jan-26 11:22:19 -  @Training * Acc@1 91.708 Acc@5 99.780 Loss 0.706
25-Jan-26 11:22:19 - One training epoch latency: 1.925e+03s | Avg Power: 186.4W | Energy: 358783.2606J
25-Jan-26 11:22:29 -  @Testing * Acc@1 87.460 Acc@5 99.560 Loss 1.657
25-Jan-26 11:22:29 - Best acc at epoch 94: 87.79999542236328
25-Jan-26 11:22:29 - Last learning rate: [1.52587890625e-08]
25-Jan-26 11:22:29 - 	 Epoch 95...
25-Jan-26 11:25:42 - Epoch: [95][ 4999/50000]	Time  0.037 ( 0.039)	Data  0.001 ( 0.001)	Loss 0.0000e+00 (7.5119e-01)	Acc@1 100.00 ( 91.60)	Acc@5 100.00 ( 99.74)
25-Jan-26 11:28:54 - Epoch: [95][ 9999/50000]	Time  0.038 ( 0.038)	Data  0.001 ( 0.001)	Loss 5.3644e-06 (7.2049e-01)	Acc@1 100.00 ( 91.47)	Acc@5 100.00 ( 99.76)
25-Jan-26 11:32:06 - Epoch: [95][14999/50000]	Time  0.038 ( 0.038)	Data  0.001 ( 0.001)	Loss 5.9970e-03 (7.0280e-01)	Acc@1 100.00 ( 91.45)	Acc@5 100.00 ( 99.77)
25-Jan-26 11:35:19 - Epoch: [95][19999/50000]	Time  0.038 ( 0.038)	Data  0.001 ( 0.001)	Loss 0.0000e+00 (7.0323e-01)	Acc@1 100.00 ( 91.35)	Acc@5 100.00 ( 99.78)
25-Jan-26 11:38:31 - Epoch: [95][24999/50000]	Time  0.038 ( 0.038)	Data  0.001 ( 0.001)	Loss 7.1685e+00 (7.0606e-01)	Acc@1   0.00 ( 91.38)	Acc@5 100.00 ( 99.76)
25-Jan-26 11:41:44 - Epoch: [95][29999/50000]	Time  0.038 ( 0.038)	Data  0.001 ( 0.001)	Loss 0.0000e+00 (6.9231e-01)	Acc@1 100.00 ( 91.55)	Acc@5 100.00 ( 99.76)
25-Jan-26 11:44:56 - Epoch: [95][34999/50000]	Time  0.037 ( 0.038)	Data  0.001 ( 0.001)	Loss 9.1906e-05 (6.8936e-01)	Acc@1 100.00 ( 91.60)	Acc@5 100.00 ( 99.76)
25-Jan-26 11:48:09 - Epoch: [95][39999/50000]	Time  0.037 ( 0.038)	Data  0.001 ( 0.001)	Loss 4.0523e-04 (6.9216e-01)	Acc@1 100.00 ( 91.56)	Acc@5 100.00 ( 99.76)
25-Jan-26 11:51:21 - Epoch: [95][44999/50000]	Time  0.038 ( 0.038)	Data  0.001 ( 0.001)	Loss 0.0000e+00 (6.9145e-01)	Acc@1 100.00 ( 91.64)	Acc@5 100.00 ( 99.75)
25-Jan-26 11:54:34 - Epoch: [95][49999/50000]	Time  0.036 ( 0.038)	Data  0.001 ( 0.001)	Loss 0.0000e+00 (6.9264e-01)	Acc@1 100.00 ( 91.57)	Acc@5 100.00 ( 99.76)
25-Jan-26 11:54:34 -  @Training * Acc@1 91.572 Acc@5 99.760 Loss 0.693
25-Jan-26 11:54:34 - One training epoch latency: 1.925e+03s | Avg Power: 186.9W | Energy: 359655.8760J
25-Jan-26 11:54:44 -  @Testing * Acc@1 87.460 Acc@5 99.570 Loss 1.660
25-Jan-26 11:54:44 - Best acc at epoch 95: 87.79999542236328
25-Jan-26 11:54:44 - Last learning rate: [1.52587890625e-08]
25-Jan-26 11:54:44 - 	 Epoch 96...
25-Jan-26 11:57:57 - Epoch: [96][ 4999/50000]	Time  0.038 ( 0.039)	Data  0.001 ( 0.001)	Loss 0.0000e+00 (6.5799e-01)	Acc@1 100.00 ( 91.94)	Acc@5 100.00 ( 99.80)
25-Jan-26 12:01:10 - Epoch: [96][ 9999/50000]	Time  0.038 ( 0.039)	Data  0.001 ( 0.001)	Loss 0.0000e+00 (6.3430e-01)	Acc@1 100.00 ( 92.09)	Acc@5 100.00 ( 99.78)
25-Jan-26 12:04:22 - Epoch: [96][14999/50000]	Time  0.038 ( 0.039)	Data  0.001 ( 0.001)	Loss 0.0000e+00 (6.6810e-01)	Acc@1 100.00 ( 91.97)	Acc@5 100.00 ( 99.75)
25-Jan-26 12:07:35 - Epoch: [96][19999/50000]	Time  0.038 ( 0.039)	Data  0.001 ( 0.001)	Loss 0.0000e+00 (6.6952e-01)	Acc@1 100.00 ( 91.87)	Acc@5 100.00 ( 99.75)
25-Jan-26 12:10:48 - Epoch: [96][24999/50000]	Time  0.037 ( 0.039)	Data  0.001 ( 0.001)	Loss 0.0000e+00 (6.7436e-01)	Acc@1 100.00 ( 91.84)	Acc@5 100.00 ( 99.78)
25-Jan-26 12:14:00 - Epoch: [96][29999/50000]	Time  0.038 ( 0.039)	Data  0.001 ( 0.001)	Loss 0.0000e+00 (6.7041e-01)	Acc@1 100.00 ( 91.88)	Acc@5 100.00 ( 99.77)
25-Jan-26 12:17:13 - Epoch: [96][34999/50000]	Time  0.037 ( 0.039)	Data  0.001 ( 0.001)	Loss 9.9717e-04 (6.7051e-01)	Acc@1 100.00 ( 91.85)	Acc@5 100.00 ( 99.78)
25-Jan-26 12:20:26 - Epoch: [96][39999/50000]	Time  0.038 ( 0.039)	Data  0.001 ( 0.001)	Loss 1.5919e+01 (6.6881e-01)	Acc@1   0.00 ( 91.82)	Acc@5 100.00 ( 99.79)
25-Jan-26 12:23:38 - Epoch: [96][44999/50000]	Time  0.038 ( 0.039)	Data  0.001 ( 0.001)	Loss 0.0000e+00 (6.7011e-01)	Acc@1 100.00 ( 91.78)	Acc@5 100.00 ( 99.79)
25-Jan-26 12:26:51 - Epoch: [96][49999/50000]	Time  0.037 ( 0.039)	Data  0.001 ( 0.001)	Loss 0.0000e+00 (6.7590e-01)	Acc@1 100.00 ( 91.71)	Acc@5 100.00 ( 99.79)
25-Jan-26 12:26:51 -  @Training * Acc@1 91.708 Acc@5 99.790 Loss 0.676
25-Jan-26 12:26:51 - One training epoch latency: 1.927e+03s | Avg Power: 186.6W | Energy: 359489.4735J
25-Jan-26 12:27:01 -  @Testing * Acc@1 87.350 Acc@5 99.580 Loss 1.660
25-Jan-26 12:27:01 - Best acc at epoch 96: 87.79999542236328
25-Jan-26 12:27:01 - Last learning rate: [1.52587890625e-08]
25-Jan-26 12:27:01 - 	 Epoch 97...
25-Jan-26 12:30:14 - Epoch: [97][ 4999/50000]	Time  0.038 ( 0.039)	Data  0.001 ( 0.001)	Loss 0.0000e+00 (6.7330e-01)	Acc@1 100.00 ( 91.78)	Acc@5 100.00 ( 99.76)
25-Jan-26 12:33:27 - Epoch: [97][ 9999/50000]	Time  0.038 ( 0.039)	Data  0.001 ( 0.001)	Loss 0.0000e+00 (6.4204e-01)	Acc@1 100.00 ( 92.02)	Acc@5 100.00 ( 99.73)
25-Jan-26 12:36:39 - Epoch: [97][14999/50000]	Time  0.038 ( 0.039)	Data  0.001 ( 0.001)	Loss 0.0000e+00 (6.6574e-01)	Acc@1 100.00 ( 91.84)	Acc@5 100.00 ( 99.76)
25-Jan-26 12:39:52 - Epoch: [97][19999/50000]	Time  0.038 ( 0.039)	Data  0.001 ( 0.001)	Loss 0.0000e+00 (6.8159e-01)	Acc@1 100.00 ( 91.78)	Acc@5 100.00 ( 99.76)
25-Jan-26 12:43:05 - Epoch: [97][24999/50000]	Time  0.038 ( 0.039)	Data  0.001 ( 0.001)	Loss 0.0000e+00 (6.9251e-01)	Acc@1 100.00 ( 91.69)	Acc@5 100.00 ( 99.76)
25-Jan-26 12:46:17 - Epoch: [97][29999/50000]	Time  0.038 ( 0.039)	Data  0.001 ( 0.001)	Loss 3.3009e+00 (6.9121e-01)	Acc@1   0.00 ( 91.63)	Acc@5 100.00 ( 99.76)
25-Jan-26 12:49:30 - Epoch: [97][34999/50000]	Time  0.038 ( 0.039)	Data  0.001 ( 0.001)	Loss 0.0000e+00 (6.9455e-01)	Acc@1 100.00 ( 91.63)	Acc@5 100.00 ( 99.76)
25-Jan-26 12:52:43 - Epoch: [97][39999/50000]	Time  0.037 ( 0.039)	Data  0.001 ( 0.001)	Loss 8.9281e-02 (6.9288e-01)	Acc@1 100.00 ( 91.68)	Acc@5 100.00 ( 99.76)
25-Jan-26 12:55:55 - Epoch: [97][44999/50000]	Time  0.038 ( 0.039)	Data  0.001 ( 0.001)	Loss 0.0000e+00 (7.0439e-01)	Acc@1 100.00 ( 91.62)	Acc@5 100.00 ( 99.76)
25-Jan-26 12:59:08 - Epoch: [97][49999/50000]	Time  0.037 ( 0.039)	Data  0.001 ( 0.001)	Loss 0.0000e+00 (6.9984e-01)	Acc@1 100.00 ( 91.63)	Acc@5 100.00 ( 99.76)
25-Jan-26 12:59:08 -  @Training * Acc@1 91.626 Acc@5 99.758 Loss 0.700
25-Jan-26 12:59:08 - One training epoch latency: 1.927e+03s | Avg Power: 186.9W | Energy: 360211.4074J
25-Jan-26 12:59:18 -  @Testing * Acc@1 87.430 Acc@5 99.580 Loss 1.658
25-Jan-26 12:59:18 - Best acc at epoch 97: 87.79999542236328
25-Jan-26 12:59:18 - Last learning rate: [1.52587890625e-08]
25-Jan-26 12:59:18 - 	 Epoch 98...
25-Jan-26 13:02:31 - Epoch: [98][ 4999/50000]	Time  0.038 ( 0.039)	Data  0.001 ( 0.001)	Loss 0.0000e+00 (7.1145e-01)	Acc@1 100.00 ( 91.56)	Acc@5 100.00 ( 99.74)
25-Jan-26 13:05:44 - Epoch: [98][ 9999/50000]	Time  0.038 ( 0.039)	Data  0.001 ( 0.001)	Loss 0.0000e+00 (6.7520e-01)	Acc@1 100.00 ( 91.59)	Acc@5 100.00 ( 99.78)
25-Jan-26 13:08:56 - Epoch: [98][14999/50000]	Time  0.037 ( 0.039)	Data  0.001 ( 0.001)	Loss 0.0000e+00 (6.7475e-01)	Acc@1 100.00 ( 91.62)	Acc@5 100.00 ( 99.79)
25-Jan-26 13:12:09 - Epoch: [98][19999/50000]	Time  0.037 ( 0.039)	Data  0.001 ( 0.001)	Loss 7.8892e+00 (6.7272e-01)	Acc@1   0.00 ( 91.75)	Acc@5 100.00 ( 99.77)
25-Jan-26 13:15:21 - Epoch: [98][24999/50000]	Time  0.038 ( 0.039)	Data  0.001 ( 0.001)	Loss 2.3842e-07 (6.7181e-01)	Acc@1 100.00 ( 91.78)	Acc@5 100.00 ( 99.79)
25-Jan-26 13:18:33 - Epoch: [98][29999/50000]	Time  0.037 ( 0.038)	Data  0.001 ( 0.001)	Loss 0.0000e+00 (6.8090e-01)	Acc@1 100.00 ( 91.77)	Acc@5 100.00 ( 99.80)
25-Jan-26 13:21:46 - Epoch: [98][34999/50000]	Time  0.037 ( 0.038)	Data  0.001 ( 0.001)	Loss 0.0000e+00 (6.8083e-01)	Acc@1 100.00 ( 91.79)	Acc@5 100.00 ( 99.81)
25-Jan-26 13:24:58 - Epoch: [98][39999/50000]	Time  0.038 ( 0.038)	Data  0.001 ( 0.001)	Loss 1.1921e-06 (6.8150e-01)	Acc@1 100.00 ( 91.78)	Acc@5 100.00 ( 99.81)
25-Jan-26 13:28:11 - Epoch: [98][44999/50000]	Time  0.037 ( 0.039)	Data  0.001 ( 0.001)	Loss 0.0000e+00 (6.8564e-01)	Acc@1 100.00 ( 91.68)	Acc@5 100.00 ( 99.79)
25-Jan-26 13:31:23 - Epoch: [98][49999/50000]	Time  0.037 ( 0.038)	Data  0.001 ( 0.001)	Loss 0.0000e+00 (6.8186e-01)	Acc@1 100.00 ( 91.73)	Acc@5 100.00 ( 99.77)
25-Jan-26 13:31:23 -  @Training * Acc@1 91.734 Acc@5 99.772 Loss 0.682
25-Jan-26 13:31:23 - One training epoch latency: 1.925e+03s | Avg Power: 186.8W | Energy: 359570.1675J
25-Jan-26 13:31:34 -  @Testing * Acc@1 87.290 Acc@5 99.510 Loss 1.660
25-Jan-26 13:31:34 - Best acc at epoch 98: 87.79999542236328
25-Jan-26 13:31:34 - Last learning rate: [1.52587890625e-08]
25-Jan-26 13:31:34 - 	 Epoch 99...
25-Jan-26 13:34:46 - Epoch: [99][ 4999/50000]	Time  0.037 ( 0.039)	Data  0.001 ( 0.001)	Loss 0.0000e+00 (7.5558e-01)	Acc@1 100.00 ( 90.88)	Acc@5 100.00 ( 99.84)
25-Jan-26 13:37:59 - Epoch: [99][ 9999/50000]	Time  0.037 ( 0.039)	Data  0.001 ( 0.001)	Loss 0.0000e+00 (7.1567e-01)	Acc@1 100.00 ( 91.34)	Acc@5 100.00 ( 99.82)
25-Jan-26 13:41:11 - Epoch: [99][14999/50000]	Time  0.038 ( 0.039)	Data  0.001 ( 0.001)	Loss 0.0000e+00 (7.1588e-01)	Acc@1 100.00 ( 91.29)	Acc@5 100.00 ( 99.81)
25-Jan-26 13:44:24 - Epoch: [99][19999/50000]	Time  0.038 ( 0.039)	Data  0.001 ( 0.001)	Loss 0.0000e+00 (7.0499e-01)	Acc@1 100.00 ( 91.43)	Acc@5 100.00 ( 99.81)
25-Jan-26 13:47:36 - Epoch: [99][24999/50000]	Time  0.037 ( 0.039)	Data  0.001 ( 0.001)	Loss 2.3593e-03 (7.0895e-01)	Acc@1 100.00 ( 91.51)	Acc@5 100.00 ( 99.77)
25-Jan-26 13:50:49 - Epoch: [99][29999/50000]	Time  0.038 ( 0.039)	Data  0.001 ( 0.001)	Loss 0.0000e+00 (7.0617e-01)	Acc@1 100.00 ( 91.51)	Acc@5 100.00 ( 99.78)
25-Jan-26 13:54:01 - Epoch: [99][34999/50000]	Time  0.037 ( 0.039)	Data  0.001 ( 0.001)	Loss 7.1714e-04 (7.1055e-01)	Acc@1 100.00 ( 91.47)	Acc@5 100.00 ( 99.78)
25-Jan-26 13:57:14 - Epoch: [99][39999/50000]	Time  0.037 ( 0.039)	Data  0.001 ( 0.001)	Loss 0.0000e+00 (7.1183e-01)	Acc@1 100.00 ( 91.51)	Acc@5 100.00 ( 99.77)
25-Jan-26 14:00:26 - Epoch: [99][44999/50000]	Time  0.037 ( 0.039)	Data  0.001 ( 0.001)	Loss 0.0000e+00 (7.1017e-01)	Acc@1 100.00 ( 91.54)	Acc@5 100.00 ( 99.78)
25-Jan-26 14:03:39 - Epoch: [99][49999/50000]	Time  0.037 ( 0.039)	Data  0.001 ( 0.001)	Loss 0.0000e+00 (7.0924e-01)	Acc@1 100.00 ( 91.52)	Acc@5 100.00 ( 99.78)
25-Jan-26 14:03:39 -  @Training * Acc@1 91.524 Acc@5 99.782 Loss 0.709
25-Jan-26 14:03:39 - One training epoch latency: 1.925e+03s | Avg Power: 186.9W | Energy: 359880.3017J
25-Jan-26 14:03:49 -  @Testing * Acc@1 87.350 Acc@5 99.530 Loss 1.645
25-Jan-26 14:03:49 - Best acc at epoch 99: 87.79999542236328
25-Jan-26 14:03:49 - Last learning rate: [1.52587890625e-08]
25-Jan-26 14:03:49 - 	 Epoch 100...
25-Jan-26 14:07:02 - Epoch: [100][ 4999/50000]	Time  0.038 ( 0.039)	Data  0.001 ( 0.001)	Loss 0.0000e+00 (8.0703e-01)	Acc@1 100.00 ( 91.24)	Acc@5 100.00 ( 99.68)
25-Jan-26 14:10:14 - Epoch: [100][ 9999/50000]	Time  0.037 ( 0.038)	Data  0.001 ( 0.001)	Loss 3.7498e+00 (7.5047e-01)	Acc@1   0.00 ( 91.62)	Acc@5 100.00 ( 99.79)
25-Jan-26 14:13:27 - Epoch: [100][14999/50000]	Time  0.037 ( 0.038)	Data  0.001 ( 0.001)	Loss 2.3058e+00 (7.0933e-01)	Acc@1   0.00 ( 91.75)	Acc@5 100.00 ( 99.83)
25-Jan-26 14:16:39 - Epoch: [100][19999/50000]	Time  0.037 ( 0.038)	Data  0.001 ( 0.001)	Loss 2.5396e-03 (7.0018e-01)	Acc@1 100.00 ( 91.74)	Acc@5 100.00 ( 99.81)
25-Jan-26 14:19:51 - Epoch: [100][24999/50000]	Time  0.038 ( 0.038)	Data  0.001 ( 0.001)	Loss 4.6577e-01 (7.0050e-01)	Acc@1 100.00 ( 91.64)	Acc@5 100.00 ( 99.79)
25-Jan-26 14:23:03 - Epoch: [100][29999/50000]	Time  0.037 ( 0.038)	Data  0.001 ( 0.001)	Loss 0.0000e+00 (6.9582e-01)	Acc@1 100.00 ( 91.67)	Acc@5 100.00 ( 99.79)
25-Jan-26 14:26:16 - Epoch: [100][34999/50000]	Time  0.038 ( 0.038)	Data  0.001 ( 0.001)	Loss 5.5858e-04 (7.0150e-01)	Acc@1 100.00 ( 91.66)	Acc@5 100.00 ( 99.78)
25-Jan-26 14:29:28 - Epoch: [100][39999/50000]	Time  0.037 ( 0.038)	Data  0.001 ( 0.001)	Loss 0.0000e+00 (7.0999e-01)	Acc@1 100.00 ( 91.59)	Acc@5 100.00 ( 99.79)
25-Jan-26 14:32:40 - Epoch: [100][44999/50000]	Time  0.061 ( 0.038)	Data  0.001 ( 0.001)	Loss 4.5494e-03 (7.0988e-01)	Acc@1 100.00 ( 91.58)	Acc@5 100.00 ( 99.79)
25-Jan-26 14:35:53 - Epoch: [100][49999/50000]	Time  0.037 ( 0.038)	Data  0.001 ( 0.001)	Loss 0.0000e+00 (7.0644e-01)	Acc@1 100.00 ( 91.64)	Acc@5 100.00 ( 99.79)
25-Jan-26 14:35:53 -  @Training * Acc@1 91.636 Acc@5 99.792 Loss 0.706
25-Jan-26 14:35:53 - One training epoch latency: 1.923e+03s | Avg Power: 187.1W | Energy: 359801.9875J
25-Jan-26 14:36:03 -  @Testing * Acc@1 87.480 Acc@5 99.540 Loss 1.639
25-Jan-26 14:36:03 - Best acc at epoch 100: 87.79999542236328
25-Jan-26 14:36:03 - Last learning rate: [1.52587890625e-08]
