15-Mar-26 14:44:48 - Namespace(arch='dvs_tessvgg_model', cpu=False, dataset='DVSGesture', save_path='./experiments/DVSGesture_Lonic_wn_int8_ternary_int8_t10', data_path='/home/cts3td/Datasets', trials=1, epochs=100, optimizer='Adam', loss='CE', lr=6.25e-05, lr_conv=6.25e-05, batch_size=1, val_batch_size=16, label_encoding='class', activation='LinearSpike', seed=1, pretrained_model=None, training_mode='tess', delay_ls=10, scheduler=100, print_freq=100, factors_stdp=[0.2, 0.5, 0.0, 1.0], pooling='MAX', weight_decay=0, lr_scheduler_type='ReduceLR', experiment_name='DVSGesture', wn=True, avoid_wn=False, low_precision_training=True, forward_intx=8)
15-Mar-26 14:44:48 - => Everything will be saved to ./experiments/DVSGesture_Lonic_wn_int8_ternary_int8_t10
15-Mar-26 14:44:49 - CUDA GPU will be used for computations
15-Mar-26 14:44:49 - Training set length: 1176
15-Mar-26 14:44:49 - Test set length: 288
15-Mar-26 14:44:49 - Activation used: None
15-Mar-26 14:44:50 - Total Parameters: 9222.8K
15-Mar-26 14:44:50 - === Model ===
15-Mar-26 14:44:50 - VGGConvModel(
  (conv_block1): LocalLearningSignalGenerationLayer(
    (block): ConvBlock(
      (pool): Identity()
      (conv): Conv2dSTDP(2, 64, kernel_size=(3, 3), stride=(1, 1), padding=(1, 1), bias=False, threshold=0.60, leak=0.50, reset=soft, grad_leak=False, grad_threshold=False, factors=tensor([0.2000, 0.5000, 0.0000, 1.0000], device='cuda:0'))
      (dropout): DropoutLIF(
        Dropout(p=0.0, inplace=False)
        (dropout): Dropout(p=0.0, inplace=False)
      )
    )
  )
  (conv_block2): LocalLearningSignalGenerationLayer(
    (block): ConvBlock(
      (pool): MaxPool2d(kernel_size=2, stride=2, padding=0, dilation=1, ceil_mode=False)
      (conv): Conv2dSTDP(64, 128, kernel_size=(3, 3), stride=(1, 1), padding=(1, 1), bias=False, threshold=0.60, leak=0.50, reset=soft, grad_leak=False, grad_threshold=False, factors=tensor([0.2000, 0.5000, 0.0000, 1.0000], device='cuda:0'))
      (dropout): DropoutLIF(
        Dropout(p=0.0, inplace=False)
        (dropout): Dropout(p=0.0, inplace=False)
      )
    )
  )
  (conv_block3): LocalLearningSignalGenerationLayer(
    (block): ConvBlock(
      (pool): Identity()
      (conv): Conv2dSTDP(128, 256, kernel_size=(3, 3), stride=(1, 1), padding=(1, 1), bias=False, threshold=0.60, leak=0.50, reset=soft, grad_leak=False, grad_threshold=False, factors=tensor([0.2000, 0.5000, 0.0000, 1.0000], device='cuda:0'))
      (dropout): DropoutLIF(
        Dropout(p=0.0, inplace=False)
        (dropout): Dropout(p=0.0, inplace=False)
      )
    )
  )
  (conv_block4): LocalLearningSignalGenerationLayer(
    (block): ConvBlock(
      (pool): MaxPool2d(kernel_size=2, stride=2, padding=0, dilation=1, ceil_mode=False)
      (conv): Conv2dSTDP(256, 256, kernel_size=(3, 3), stride=(1, 1), padding=(1, 1), bias=False, threshold=0.60, leak=0.50, reset=soft, grad_leak=False, grad_threshold=False, factors=tensor([0.2000, 0.5000, 0.0000, 1.0000], device='cuda:0'))
      (dropout): DropoutLIF(
        Dropout(p=0.0, inplace=False)
        (dropout): Dropout(p=0.0, inplace=False)
      )
    )
  )
  (conv_block5): LocalLearningSignalGenerationLayer(
    (block): ConvBlock(
      (pool): Identity()
      (conv): Conv2dSTDP(256, 512, kernel_size=(3, 3), stride=(1, 1), padding=(1, 1), bias=False, threshold=0.60, leak=0.50, reset=soft, grad_leak=False, grad_threshold=False, factors=tensor([0.2000, 0.5000, 0.0000, 1.0000], device='cuda:0'))
      (dropout): DropoutLIF(
        Dropout(p=0.0, inplace=False)
        (dropout): Dropout(p=0.0, inplace=False)
      )
    )
  )
  (conv_block6): LocalLearningSignalGenerationLayer(
    (block): ConvBlock(
      (pool): MaxPool2d(kernel_size=2, stride=2, padding=0, dilation=1, ceil_mode=False)
      (conv): Conv2dSTDP(512, 512, kernel_size=(3, 3), stride=(1, 1), padding=(1, 1), bias=False, threshold=0.60, leak=0.50, reset=soft, grad_leak=False, grad_threshold=False, factors=tensor([0.2000, 0.5000, 0.0000, 1.0000], device='cuda:0'))
      (dropout): DropoutLIF(
        Dropout(p=0.0, inplace=False)
        (dropout): Dropout(p=0.0, inplace=False)
      )
    )
  )
  (conv_block7): LocalLearningSignalGenerationLayer(
    (block): ConvBlock(
      (pool): Identity()
      (conv): Conv2dSTDP(512, 512, kernel_size=(3, 3), stride=(1, 1), padding=(1, 1), bias=False, threshold=0.60, leak=0.50, reset=soft, grad_leak=False, grad_threshold=False, factors=tensor([0.2000, 0.5000, 0.0000, 1.0000], device='cuda:0'))
      (dropout): DropoutLIF(
        Dropout(p=0.0, inplace=False)
        (dropout): Dropout(p=0.0, inplace=False)
      )
    )
  )
  (conv_block8): LocalLearningSignalGenerationLayer(
    (block): ConvBlock(
      (pool): AdaptiveAvgPool2d(output_size=1)
      (conv): Conv2dSTDP(512, 512, kernel_size=(3, 3), stride=(1, 1), padding=(1, 1), bias=False, threshold=0.60, leak=0.50, reset=soft, grad_leak=False, grad_threshold=False, factors=tensor([0.2000, 0.5000, 0.0000, 1.0000], device='cuda:0'))
      (dropout): DropoutLIF(
        Dropout(p=0.0, inplace=False)
        (dropout): Dropout(p=0.0, inplace=False)
      )
    )
  )
  (linear): Linear(in_features=512, out_features=11, bias=True)
)
15-Mar-26 14:44:50 - 
=== Starting model training with 100 epochs:

15-Mar-26 14:44:50 - 	 Epoch 1...
15-Mar-26 14:44:59 - Epoch: [1][  99/1176]	Time  0.091 ( 0.098)	Data  0.000 ( 0.002)	Loss 9.1873e+00 (4.6242e+00)	Acc@1   0.00 ( 15.00)	Acc@5 100.00 ( 61.00)
15-Mar-26 14:45:09 - Epoch: [1][ 199/1176]	Time  0.090 ( 0.094)	Data  0.000 ( 0.001)	Loss 8.5646e+00 (4.9726e+00)	Acc@1   0.00 ( 20.00)	Acc@5 100.00 ( 63.00)
15-Mar-26 14:45:18 - Epoch: [1][ 299/1176]	Time  0.091 ( 0.093)	Data  0.000 ( 0.001)	Loss 1.4996e+00 (5.1756e+00)	Acc@1   0.00 ( 21.00)	Acc@5 100.00 ( 70.00)
15-Mar-26 14:45:27 - Epoch: [1][ 399/1176]	Time  0.089 ( 0.093)	Data  0.000 ( 0.001)	Loss 2.0295e+01 (5.1415e+00)	Acc@1   0.00 ( 23.50)	Acc@5   0.00 ( 74.50)
15-Mar-26 14:45:36 - Epoch: [1][ 499/1176]	Time  0.091 ( 0.092)	Data  0.000 ( 0.001)	Loss 1.7243e+01 (4.9829e+00)	Acc@1   0.00 ( 27.20)	Acc@5 100.00 ( 78.00)
15-Mar-26 14:45:45 - Epoch: [1][ 599/1176]	Time  0.099 ( 0.092)	Data  0.001 ( 0.001)	Loss 1.3083e+00 (4.8535e+00)	Acc@1   0.00 ( 29.83)	Acc@5 100.00 ( 79.83)
15-Mar-26 14:45:54 - Epoch: [1][ 699/1176]	Time  0.091 ( 0.092)	Data  0.000 ( 0.001)	Loss 1.3599e+00 (4.6045e+00)	Acc@1   0.00 ( 31.29)	Acc@5 100.00 ( 81.86)
15-Mar-26 14:46:03 - Epoch: [1][ 799/1176]	Time  0.089 ( 0.092)	Data  0.000 ( 0.001)	Loss 7.7420e+00 (4.4689e+00)	Acc@1   0.00 ( 33.38)	Acc@5 100.00 ( 83.38)
15-Mar-26 14:46:12 - Epoch: [1][ 899/1176]	Time  0.089 ( 0.092)	Data  0.001 ( 0.001)	Loss 2.2789e-02 (4.4134e+00)	Acc@1 100.00 ( 34.89)	Acc@5 100.00 ( 84.44)
15-Mar-26 14:46:21 - Epoch: [1][ 999/1176]	Time  0.088 ( 0.092)	Data  0.000 ( 0.001)	Loss 7.4192e-02 (4.3030e+00)	Acc@1 100.00 ( 35.90)	Acc@5 100.00 ( 85.70)
15-Mar-26 14:46:31 - Epoch: [1][1099/1176]	Time  0.091 ( 0.092)	Data  0.000 ( 0.001)	Loss 9.9464e+00 (4.1805e+00)	Acc@1   0.00 ( 37.00)	Acc@5 100.00 ( 86.91)
15-Mar-26 14:46:38 -  @Training * Acc@1 37.500 Acc@5 87.330 Loss 4.202
15-Mar-26 14:46:38 - One training epoch latency: 107.8s | Avg Power: 203.5W | Energy: 21934.7973J
15-Mar-26 14:46:45 -  @Testing * Acc@1 51.389 Acc@5 93.403 Loss 2.875
15-Mar-26 14:46:45 - Best acc at epoch 1: 51.38888931274414
15-Mar-26 14:46:45 - Last learning rate: [6.25e-05]
15-Mar-26 14:46:45 - 	 Epoch 2...
15-Mar-26 14:46:55 - Epoch: [2][  99/1176]	Time  0.091 ( 0.095)	Data  0.000 ( 0.002)	Loss 6.9485e+00 (3.0198e+00)	Acc@1   0.00 ( 55.00)	Acc@5 100.00 ( 96.00)
15-Mar-26 14:47:04 - Epoch: [2][ 199/1176]	Time  0.093 ( 0.094)	Data  0.000 ( 0.001)	Loss 5.1382e-03 (2.7345e+00)	Acc@1 100.00 ( 56.00)	Acc@5 100.00 ( 97.50)
15-Mar-26 14:47:13 - Epoch: [2][ 299/1176]	Time  0.093 ( 0.094)	Data  0.000 ( 0.001)	Loss 1.7881e-05 (2.9160e+00)	Acc@1 100.00 ( 52.33)	Acc@5 100.00 ( 97.00)
15-Mar-26 14:47:23 - Epoch: [2][ 399/1176]	Time  0.091 ( 0.093)	Data  0.002 ( 0.001)	Loss 4.3250e+00 (2.6611e+00)	Acc@1   0.00 ( 54.25)	Acc@5 100.00 ( 97.50)
15-Mar-26 14:47:32 - Epoch: [2][ 499/1176]	Time  0.091 ( 0.093)	Data  0.000 ( 0.001)	Loss 6.6539e+00 (2.6398e+00)	Acc@1   0.00 ( 55.80)	Acc@5 100.00 ( 97.80)
15-Mar-26 14:47:41 - Epoch: [2][ 599/1176]	Time  0.105 ( 0.093)	Data  0.000 ( 0.001)	Loss 1.2303e-01 (2.6813e+00)	Acc@1 100.00 ( 54.83)	Acc@5 100.00 ( 98.17)
15-Mar-26 14:47:50 - Epoch: [2][ 699/1176]	Time  0.091 ( 0.093)	Data  0.000 ( 0.001)	Loss 1.8632e-02 (2.8215e+00)	Acc@1 100.00 ( 55.29)	Acc@5 100.00 ( 98.29)
15-Mar-26 14:48:00 - Epoch: [2][ 799/1176]	Time  0.092 ( 0.093)	Data  0.000 ( 0.001)	Loss 2.3842e-07 (2.8811e+00)	Acc@1 100.00 ( 55.50)	Acc@5 100.00 ( 98.12)
15-Mar-26 14:48:09 - Epoch: [2][ 899/1176]	Time  0.092 ( 0.093)	Data  0.000 ( 0.001)	Loss 1.7909e-02 (2.9783e+00)	Acc@1 100.00 ( 55.89)	Acc@5 100.00 ( 97.78)
15-Mar-26 14:48:18 - Epoch: [2][ 999/1176]	Time  0.091 ( 0.093)	Data  0.000 ( 0.000)	Loss 3.4983e+00 (2.9227e+00)	Acc@1   0.00 ( 56.40)	Acc@5 100.00 ( 98.00)
15-Mar-26 14:48:28 - Epoch: [2][1099/1176]	Time  0.092 ( 0.093)	Data  0.000 ( 0.000)	Loss 3.6730e+00 (2.9194e+00)	Acc@1   0.00 ( 57.09)	Acc@5 100.00 ( 98.00)
15-Mar-26 14:48:35 -  @Training * Acc@1 57.143 Acc@5 97.874 Loss 2.952
15-Mar-26 14:48:35 - One training epoch latency: 109.5s | Avg Power: 203.1W | Energy: 22242.8569J
15-Mar-26 14:48:42 -  @Testing * Acc@1 57.292 Acc@5 98.611 Loss 2.954
15-Mar-26 14:48:42 - Best acc at epoch 2: 57.29166793823242
15-Mar-26 14:48:42 - Last learning rate: [6.25e-05]
15-Mar-26 14:48:42 - 	 Epoch 3...
15-Mar-26 14:48:51 - Epoch: [3][  99/1176]	Time  0.091 ( 0.096)	Data  0.000 ( 0.002)	Loss 5.9011e+00 (3.1481e+00)	Acc@1   0.00 ( 62.00)	Acc@5 100.00 ( 96.00)
15-Mar-26 14:49:01 - Epoch: [3][ 199/1176]	Time  0.093 ( 0.094)	Data  0.000 ( 0.001)	Loss 1.2548e-02 (2.6344e+00)	Acc@1 100.00 ( 65.50)	Acc@5 100.00 ( 96.50)
15-Mar-26 14:49:10 - Epoch: [3][ 299/1176]	Time  0.109 ( 0.094)	Data  0.000 ( 0.001)	Loss 6.4014e-02 (2.5826e+00)	Acc@1 100.00 ( 64.00)	Acc@5 100.00 ( 96.33)
15-Mar-26 14:49:19 - Epoch: [3][ 399/1176]	Time  0.090 ( 0.094)	Data  0.000 ( 0.001)	Loss 4.3867e-01 (2.3240e+00)	Acc@1 100.00 ( 66.25)	Acc@5 100.00 ( 97.25)
15-Mar-26 14:49:29 - Epoch: [3][ 499/1176]	Time  0.090 ( 0.094)	Data  0.000 ( 0.001)	Loss 1.2830e+01 (2.2500e+00)	Acc@1   0.00 ( 66.60)	Acc@5 100.00 ( 97.80)
15-Mar-26 14:49:38 - Epoch: [3][ 599/1176]	Time  0.091 ( 0.094)	Data  0.000 ( 0.001)	Loss 0.0000e+00 (2.1704e+00)	Acc@1 100.00 ( 67.33)	Acc@5 100.00 ( 98.00)
15-Mar-26 14:49:47 - Epoch: [3][ 699/1176]	Time  0.090 ( 0.094)	Data  0.000 ( 0.001)	Loss 0.0000e+00 (2.1550e+00)	Acc@1 100.00 ( 67.86)	Acc@5 100.00 ( 98.29)
15-Mar-26 14:49:57 - Epoch: [3][ 799/1176]	Time  0.091 ( 0.094)	Data  0.000 ( 0.001)	Loss 2.5338e-02 (2.2701e+00)	Acc@1 100.00 ( 66.88)	Acc@5 100.00 ( 98.25)
15-Mar-26 14:50:06 - Epoch: [3][ 899/1176]	Time  0.095 ( 0.094)	Data  0.000 ( 0.001)	Loss 1.2985e-01 (2.2767e+00)	Acc@1 100.00 ( 67.11)	Acc@5 100.00 ( 98.33)
15-Mar-26 14:50:15 - Epoch: [3][ 999/1176]	Time  0.091 ( 0.094)	Data  0.000 ( 0.001)	Loss 1.1173e-01 (2.2237e+00)	Acc@1 100.00 ( 66.90)	Acc@5 100.00 ( 98.30)
15-Mar-26 14:50:25 - Epoch: [3][1099/1176]	Time  0.096 ( 0.094)	Data  0.000 ( 0.001)	Loss 1.4305e-06 (2.2847e+00)	Acc@1 100.00 ( 66.73)	Acc@5 100.00 ( 98.27)
15-Mar-26 14:50:32 -  @Training * Acc@1 67.007 Acc@5 98.384 Loss 2.259
15-Mar-26 14:50:32 - One training epoch latency: 110.0s | Avg Power: 205.6W | Energy: 22621.7689J
15-Mar-26 14:50:39 -  @Testing * Acc@1 70.139 Acc@5 98.958 Loss 2.402
15-Mar-26 14:50:39 - Best acc at epoch 3: 70.1388931274414
15-Mar-26 14:50:39 - Last learning rate: [6.25e-05]
15-Mar-26 14:50:39 - 	 Epoch 4...
15-Mar-26 14:50:49 - Epoch: [4][  99/1176]	Time  0.093 ( 0.095)	Data  0.000 ( 0.002)	Loss 3.9694e+00 (1.9039e+00)	Acc@1   0.00 ( 71.00)	Acc@5 100.00 (100.00)
15-Mar-26 14:50:58 - Epoch: [4][ 199/1176]	Time  0.091 ( 0.095)	Data  0.000 ( 0.001)	Loss 0.0000e+00 (1.9952e+00)	Acc@1 100.00 ( 71.00)	Acc@5 100.00 ( 99.50)
15-Mar-26 14:51:07 - Epoch: [4][ 299/1176]	Time  0.093 ( 0.094)	Data  0.000 ( 0.001)	Loss 1.9269e+01 (1.9565e+00)	Acc@1   0.00 ( 70.67)	Acc@5 100.00 ( 99.33)
15-Mar-26 14:51:17 - Epoch: [4][ 399/1176]	Time  0.091 ( 0.094)	Data  0.000 ( 0.001)	Loss 0.0000e+00 (1.9728e+00)	Acc@1 100.00 ( 71.00)	Acc@5 100.00 ( 99.25)
15-Mar-26 14:51:26 - Epoch: [4][ 499/1176]	Time  0.092 ( 0.093)	Data  0.000 ( 0.001)	Loss 4.2963e+00 (1.9757e+00)	Acc@1   0.00 ( 72.00)	Acc@5 100.00 ( 99.20)
15-Mar-26 14:51:35 - Epoch: [4][ 599/1176]	Time  0.093 ( 0.093)	Data  0.000 ( 0.001)	Loss 1.4305e-05 (1.9714e+00)	Acc@1 100.00 ( 72.50)	Acc@5 100.00 ( 99.00)
15-Mar-26 14:51:44 - Epoch: [4][ 699/1176]	Time  0.091 ( 0.093)	Data  0.000 ( 0.000)	Loss 6.2321e-02 (1.8834e+00)	Acc@1 100.00 ( 72.14)	Acc@5 100.00 ( 99.14)
15-Mar-26 14:51:54 - Epoch: [4][ 799/1176]	Time  0.091 ( 0.093)	Data  0.001 ( 0.000)	Loss 7.3968e+00 (1.9664e+00)	Acc@1   0.00 ( 72.25)	Acc@5 100.00 ( 99.12)
15-Mar-26 14:52:03 - Epoch: [4][ 899/1176]	Time  0.093 ( 0.093)	Data  0.000 ( 0.000)	Loss 9.7722e-01 (2.0161e+00)	Acc@1   0.00 ( 71.89)	Acc@5 100.00 ( 99.00)
15-Mar-26 14:52:12 - Epoch: [4][ 999/1176]	Time  0.091 ( 0.093)	Data  0.000 ( 0.000)	Loss 1.3698e-03 (1.9936e+00)	Acc@1 100.00 ( 71.70)	Acc@5 100.00 ( 99.10)
15-Mar-26 14:52:21 - Epoch: [4][1099/1176]	Time  0.091 ( 0.093)	Data  0.000 ( 0.000)	Loss 1.4802e-02 (2.0242e+00)	Acc@1 100.00 ( 71.18)	Acc@5 100.00 ( 99.09)
15-Mar-26 14:52:29 -  @Training * Acc@1 71.599 Acc@5 99.150 Loss 1.970
15-Mar-26 14:52:29 - One training epoch latency: 109.3s | Avg Power: 204.6W | Energy: 22363.3730J
15-Mar-26 14:52:36 -  @Testing * Acc@1 71.875 Acc@5 98.958 Loss 2.401
15-Mar-26 14:52:36 - Best acc at epoch 4: 71.875
15-Mar-26 14:52:36 - Last learning rate: [6.25e-05]
15-Mar-26 14:52:36 - 	 Epoch 5...
15-Mar-26 14:52:45 - Epoch: [5][  99/1176]	Time  0.091 ( 0.095)	Data  0.000 ( 0.002)	Loss 6.7217e+00 (1.8098e+00)	Acc@1   0.00 ( 68.00)	Acc@5 100.00 (100.00)
15-Mar-26 14:52:54 - Epoch: [5][ 199/1176]	Time  0.093 ( 0.094)	Data  0.000 ( 0.001)	Loss 6.8134e+00 (1.5430e+00)	Acc@1   0.00 ( 73.00)	Acc@5 100.00 (100.00)
15-Mar-26 14:53:04 - Epoch: [5][ 299/1176]	Time  0.092 ( 0.093)	Data  0.000 ( 0.001)	Loss 3.6954e+00 (1.6356e+00)	Acc@1   0.00 ( 75.00)	Acc@5 100.00 (100.00)
15-Mar-26 14:53:13 - Epoch: [5][ 399/1176]	Time  0.091 ( 0.093)	Data  0.001 ( 0.001)	Loss 5.9447e+00 (1.5553e+00)	Acc@1   0.00 ( 74.00)	Acc@5 100.00 (100.00)
15-Mar-26 14:53:22 - Epoch: [5][ 499/1176]	Time  0.093 ( 0.093)	Data  0.000 ( 0.000)	Loss 3.0147e-03 (1.5557e+00)	Acc@1 100.00 ( 74.40)	Acc@5 100.00 (100.00)
15-Mar-26 14:53:31 - Epoch: [5][ 599/1176]	Time  0.091 ( 0.093)	Data  0.001 ( 0.000)	Loss 0.0000e+00 (1.5720e+00)	Acc@1 100.00 ( 73.67)	Acc@5 100.00 (100.00)
15-Mar-26 14:53:41 - Epoch: [5][ 699/1176]	Time  0.090 ( 0.093)	Data  0.000 ( 0.000)	Loss 0.0000e+00 (1.5087e+00)	Acc@1 100.00 ( 74.00)	Acc@5 100.00 ( 99.86)
15-Mar-26 14:53:50 - Epoch: [5][ 799/1176]	Time  0.092 ( 0.093)	Data  0.000 ( 0.000)	Loss 9.7984e-02 (1.5393e+00)	Acc@1 100.00 ( 74.62)	Acc@5 100.00 ( 99.75)
15-Mar-26 14:53:59 - Epoch: [5][ 899/1176]	Time  0.089 ( 0.093)	Data  0.000 ( 0.000)	Loss 5.8542e-01 (1.5028e+00)	Acc@1 100.00 ( 74.67)	Acc@5 100.00 ( 99.78)
15-Mar-26 14:54:08 - Epoch: [5][ 999/1176]	Time  0.092 ( 0.093)	Data  0.000 ( 0.000)	Loss 0.0000e+00 (1.5112e+00)	Acc@1 100.00 ( 75.10)	Acc@5 100.00 ( 99.70)
15-Mar-26 14:54:18 - Epoch: [5][1099/1176]	Time  0.092 ( 0.093)	Data  0.001 ( 0.000)	Loss 3.7088e+00 (1.5977e+00)	Acc@1   0.00 ( 74.36)	Acc@5 100.00 ( 99.64)
15-Mar-26 14:54:25 -  @Training * Acc@1 74.235 Acc@5 99.660 Loss 1.609
15-Mar-26 14:54:25 - One training epoch latency: 109.1s | Avg Power: 202.2W | Energy: 22055.6452J
15-Mar-26 14:54:32 -  @Testing * Acc@1 58.333 Acc@5 99.306 Loss 4.534
15-Mar-26 14:54:32 - Best acc at epoch 5: 71.875
15-Mar-26 14:54:32 - Last learning rate: [6.25e-05]
15-Mar-26 14:54:32 - 	 Epoch 6...
15-Mar-26 14:54:41 - Epoch: [6][  99/1176]	Time  0.093 ( 0.095)	Data  0.000 ( 0.002)	Loss 3.5419e-03 (1.4687e+00)	Acc@1 100.00 ( 74.00)	Acc@5 100.00 (100.00)
15-Mar-26 14:54:51 - Epoch: [6][ 199/1176]	Time  0.095 ( 0.094)	Data  0.000 ( 0.001)	Loss 3.1086e-01 (1.7673e+00)	Acc@1 100.00 ( 74.50)	Acc@5 100.00 ( 99.50)
15-Mar-26 14:55:00 - Epoch: [6][ 299/1176]	Time  0.108 ( 0.094)	Data  0.000 ( 0.001)	Loss 7.5201e+00 (1.6562e+00)	Acc@1   0.00 ( 76.33)	Acc@5 100.00 ( 99.33)
15-Mar-26 14:55:09 - Epoch: [6][ 399/1176]	Time  0.093 ( 0.094)	Data  0.000 ( 0.001)	Loss 1.1921e-07 (1.4563e+00)	Acc@1 100.00 ( 77.75)	Acc@5 100.00 ( 99.50)
15-Mar-26 14:55:19 - Epoch: [6][ 499/1176]	Time  0.091 ( 0.094)	Data  0.000 ( 0.001)	Loss 1.0904e-03 (1.4728e+00)	Acc@1 100.00 ( 76.60)	Acc@5 100.00 ( 99.40)
15-Mar-26 14:55:28 - Epoch: [6][ 599/1176]	Time  0.092 ( 0.093)	Data  0.000 ( 0.001)	Loss 3.3874e-04 (1.4955e+00)	Acc@1 100.00 ( 77.17)	Acc@5 100.00 ( 99.50)
15-Mar-26 14:55:37 - Epoch: [6][ 699/1176]	Time  0.090 ( 0.093)	Data  0.001 ( 0.001)	Loss 0.0000e+00 (1.4418e+00)	Acc@1 100.00 ( 77.29)	Acc@5 100.00 ( 99.57)
15-Mar-26 14:55:47 - Epoch: [6][ 799/1176]	Time  0.090 ( 0.093)	Data  0.000 ( 0.001)	Loss 2.8454e-02 (1.4451e+00)	Acc@1 100.00 ( 77.50)	Acc@5 100.00 ( 99.62)
15-Mar-26 14:55:56 - Epoch: [6][ 899/1176]	Time  0.089 ( 0.093)	Data  0.000 ( 0.001)	Loss 8.3373e+00 (1.3973e+00)	Acc@1   0.00 ( 77.67)	Acc@5 100.00 ( 99.67)
15-Mar-26 14:56:05 - Epoch: [6][ 999/1176]	Time  0.093 ( 0.093)	Data  0.001 ( 0.001)	Loss 0.0000e+00 (1.3780e+00)	Acc@1 100.00 ( 77.90)	Acc@5 100.00 ( 99.70)
15-Mar-26 14:56:15 - Epoch: [6][1099/1176]	Time  0.089 ( 0.093)	Data  0.000 ( 0.001)	Loss 2.3842e-07 (1.4497e+00)	Acc@1 100.00 ( 77.55)	Acc@5 100.00 ( 99.73)
15-Mar-26 14:56:22 -  @Training * Acc@1 77.891 Acc@5 99.745 Loss 1.423
15-Mar-26 14:56:22 - One training epoch latency: 109.7s | Avg Power: 207.1W | Energy: 22729.8997J
15-Mar-26 14:56:29 -  @Testing * Acc@1 71.875 Acc@5 99.653 Loss 2.710
15-Mar-26 14:56:29 - Best acc at epoch 6: 71.875
15-Mar-26 14:56:29 - Last learning rate: [6.25e-05]
15-Mar-26 14:56:29 - 	 Epoch 7...
15-Mar-26 14:56:38 - Epoch: [7][  99/1176]	Time  0.091 ( 0.095)	Data  0.000 ( 0.002)	Loss 7.7006e-05 (1.1614e+00)	Acc@1 100.00 ( 80.00)	Acc@5 100.00 (100.00)
15-Mar-26 14:56:48 - Epoch: [7][ 199/1176]	Time  0.091 ( 0.095)	Data  0.000 ( 0.001)	Loss 0.0000e+00 (1.2659e+00)	Acc@1 100.00 ( 78.50)	Acc@5 100.00 (100.00)
15-Mar-26 14:56:57 - Epoch: [7][ 299/1176]	Time  0.091 ( 0.094)	Data  0.000 ( 0.001)	Loss 0.0000e+00 (1.1850e+00)	Acc@1 100.00 ( 77.00)	Acc@5 100.00 (100.00)
15-Mar-26 14:57:06 - Epoch: [7][ 399/1176]	Time  0.091 ( 0.094)	Data  0.001 ( 0.001)	Loss 5.9858e-03 (1.2131e+00)	Acc@1 100.00 ( 78.75)	Acc@5 100.00 ( 99.75)
15-Mar-26 14:57:16 - Epoch: [7][ 499/1176]	Time  0.091 ( 0.094)	Data  0.000 ( 0.001)	Loss 0.0000e+00 (1.2322e+00)	Acc@1 100.00 ( 78.80)	Acc@5 100.00 ( 99.80)
15-Mar-26 14:57:25 - Epoch: [7][ 599/1176]	Time  0.112 ( 0.094)	Data  0.001 ( 0.001)	Loss 5.6603e-03 (1.1963e+00)	Acc@1 100.00 ( 79.50)	Acc@5 100.00 ( 99.83)
15-Mar-26 14:57:34 - Epoch: [7][ 699/1176]	Time  0.091 ( 0.094)	Data  0.000 ( 0.001)	Loss 9.2383e-05 (1.2208e+00)	Acc@1 100.00 ( 79.57)	Acc@5 100.00 ( 99.86)
15-Mar-26 14:57:44 - Epoch: [7][ 799/1176]	Time  0.091 ( 0.094)	Data  0.000 ( 0.001)	Loss 6.5161e-02 (1.2076e+00)	Acc@1 100.00 ( 80.00)	Acc@5 100.00 ( 99.88)
15-Mar-26 14:57:53 - Epoch: [7][ 899/1176]	Time  0.126 ( 0.094)	Data  0.000 ( 0.001)	Loss 3.8425e+00 (1.2234e+00)	Acc@1   0.00 ( 79.67)	Acc@5 100.00 ( 99.89)
15-Mar-26 14:58:02 - Epoch: [7][ 999/1176]	Time  0.091 ( 0.094)	Data  0.000 ( 0.001)	Loss 7.2084e-04 (1.1438e+00)	Acc@1 100.00 ( 80.30)	Acc@5 100.00 ( 99.90)
15-Mar-26 14:58:12 - Epoch: [7][1099/1176]	Time  0.094 ( 0.094)	Data  0.000 ( 0.001)	Loss 0.0000e+00 (1.1753e+00)	Acc@1 100.00 ( 79.82)	Acc@5 100.00 ( 99.91)
15-Mar-26 14:58:19 -  @Training * Acc@1 79.847 Acc@5 99.915 Loss 1.172
15-Mar-26 14:58:19 - One training epoch latency: 110.0s | Avg Power: 203.3W | Energy: 22361.8202J
15-Mar-26 14:58:26 -  @Testing * Acc@1 75.000 Acc@5 99.306 Loss 1.808
15-Mar-26 14:58:26 - Best acc at epoch 7: 75.0
15-Mar-26 14:58:26 - Last learning rate: [6.25e-05]
15-Mar-26 14:58:26 - 	 Epoch 8...
15-Mar-26 14:58:36 - Epoch: [8][  99/1176]	Time  0.093 ( 0.096)	Data  0.000 ( 0.002)	Loss 8.8521e-04 (9.5297e-01)	Acc@1 100.00 ( 78.00)	Acc@5 100.00 (100.00)
15-Mar-26 14:58:45 - Epoch: [8][ 199/1176]	Time  0.102 ( 0.095)	Data  0.000 ( 0.001)	Loss 1.0117e+01 (1.0419e+00)	Acc@1   0.00 ( 78.50)	Acc@5 100.00 (100.00)
15-Mar-26 14:58:54 - Epoch: [8][ 299/1176]	Time  0.090 ( 0.094)	Data  0.000 ( 0.001)	Loss 1.2354e+00 (1.1407e+00)	Acc@1   0.00 ( 77.67)	Acc@5 100.00 (100.00)
15-Mar-26 14:59:04 - Epoch: [8][ 399/1176]	Time  0.091 ( 0.094)	Data  0.001 ( 0.001)	Loss 3.3344e+00 (1.1336e+00)	Acc@1   0.00 ( 77.50)	Acc@5 100.00 (100.00)
15-Mar-26 14:59:13 - Epoch: [8][ 499/1176]	Time  0.097 ( 0.094)	Data  0.000 ( 0.001)	Loss 0.0000e+00 (1.0837e+00)	Acc@1 100.00 ( 79.40)	Acc@5 100.00 (100.00)
15-Mar-26 14:59:22 - Epoch: [8][ 599/1176]	Time  0.090 ( 0.094)	Data  0.000 ( 0.001)	Loss 0.0000e+00 (9.8845e-01)	Acc@1 100.00 ( 80.83)	Acc@5 100.00 (100.00)
15-Mar-26 14:59:32 - Epoch: [8][ 699/1176]	Time  0.090 ( 0.094)	Data  0.000 ( 0.001)	Loss 0.0000e+00 (9.8269e-01)	Acc@1 100.00 ( 80.86)	Acc@5 100.00 (100.00)
15-Mar-26 14:59:41 - Epoch: [8][ 799/1176]	Time  0.105 ( 0.094)	Data  0.000 ( 0.001)	Loss 6.4468e-02 (1.0017e+00)	Acc@1 100.00 ( 81.25)	Acc@5 100.00 (100.00)
15-Mar-26 14:59:50 - Epoch: [8][ 899/1176]	Time  0.093 ( 0.094)	Data  0.000 ( 0.000)	Loss 0.0000e+00 (9.8794e-01)	Acc@1 100.00 ( 81.67)	Acc@5 100.00 (100.00)
15-Mar-26 15:00:00 - Epoch: [8][ 999/1176]	Time  0.094 ( 0.094)	Data  0.000 ( 0.000)	Loss 3.0951e-03 (1.0750e+00)	Acc@1 100.00 ( 80.70)	Acc@5 100.00 (100.00)
15-Mar-26 15:00:09 - Epoch: [8][1099/1176]	Time  0.103 ( 0.094)	Data  0.000 ( 0.000)	Loss 8.8462e-02 (1.0400e+00)	Acc@1 100.00 ( 80.73)	Acc@5 100.00 (100.00)
15-Mar-26 15:00:16 -  @Training * Acc@1 81.037 Acc@5 100.000 Loss 1.023
15-Mar-26 15:00:16 - One training epoch latency: 110.0s | Avg Power: 202.7W | Energy: 22310.4490J
15-Mar-26 15:00:23 -  @Testing * Acc@1 79.861 Acc@5 99.306 Loss 1.733
15-Mar-26 15:00:23 - Best acc at epoch 8: 79.86111450195312
15-Mar-26 15:00:23 - Last learning rate: [6.25e-05]
15-Mar-26 15:00:23 - 	 Epoch 9...
15-Mar-26 15:00:33 - Epoch: [9][  99/1176]	Time  0.104 ( 0.096)	Data  0.000 ( 0.002)	Loss 1.2990e+01 (4.9497e-01)	Acc@1   0.00 ( 89.00)	Acc@5 100.00 (100.00)
15-Mar-26 15:00:42 - Epoch: [9][ 199/1176]	Time  0.093 ( 0.095)	Data  0.000 ( 0.001)	Loss 0.0000e+00 (5.4501e-01)	Acc@1 100.00 ( 90.50)	Acc@5 100.00 (100.00)
15-Mar-26 15:00:52 - Epoch: [9][ 299/1176]	Time  0.091 ( 0.094)	Data  0.000 ( 0.001)	Loss 2.2609e+00 (6.3244e-01)	Acc@1   0.00 ( 87.00)	Acc@5 100.00 (100.00)
15-Mar-26 15:01:01 - Epoch: [9][ 399/1176]	Time  0.109 ( 0.094)	Data  0.011 ( 0.001)	Loss 2.0936e-03 (6.6133e-01)	Acc@1 100.00 ( 87.75)	Acc@5 100.00 ( 99.75)
15-Mar-26 15:01:10 - Epoch: [9][ 499/1176]	Time  0.091 ( 0.094)	Data  0.001 ( 0.001)	Loss 0.0000e+00 (8.2521e-01)	Acc@1 100.00 ( 86.20)	Acc@5 100.00 ( 99.80)
15-Mar-26 15:01:20 - Epoch: [9][ 599/1176]	Time  0.093 ( 0.094)	Data  0.000 ( 0.001)	Loss 4.8398e-05 (8.3080e-01)	Acc@1 100.00 ( 85.83)	Acc@5 100.00 ( 99.83)
15-Mar-26 15:01:29 - Epoch: [9][ 699/1176]	Time  0.093 ( 0.094)	Data  0.000 ( 0.000)	Loss 7.5118e-02 (8.6526e-01)	Acc@1 100.00 ( 85.43)	Acc@5 100.00 ( 99.86)
15-Mar-26 15:01:38 - Epoch: [9][ 799/1176]	Time  0.092 ( 0.094)	Data  0.000 ( 0.000)	Loss 0.0000e+00 (9.3423e-01)	Acc@1 100.00 ( 85.38)	Acc@5 100.00 ( 99.88)
15-Mar-26 15:01:48 - Epoch: [9][ 899/1176]	Time  0.092 ( 0.094)	Data  0.000 ( 0.000)	Loss 6.3756e-03 (1.0049e+00)	Acc@1 100.00 ( 84.33)	Acc@5 100.00 ( 99.89)
15-Mar-26 15:01:57 - Epoch: [9][ 999/1176]	Time  0.116 ( 0.094)	Data  0.000 ( 0.000)	Loss 0.0000e+00 (9.8665e-01)	Acc@1 100.00 ( 84.50)	Acc@5 100.00 ( 99.90)
15-Mar-26 15:02:06 - Epoch: [9][1099/1176]	Time  0.091 ( 0.094)	Data  0.000 ( 0.000)	Loss 0.0000e+00 (9.9476e-01)	Acc@1 100.00 ( 84.18)	Acc@5 100.00 ( 99.91)
15-Mar-26 15:02:14 -  @Training * Acc@1 84.099 Acc@5 99.915 Loss 0.985
15-Mar-26 15:02:14 - One training epoch latency: 110.1s | Avg Power: 206.6W | Energy: 22740.7693J
15-Mar-26 15:02:21 -  @Testing * Acc@1 82.639 Acc@5 99.306 Loss 1.362
15-Mar-26 15:02:21 - Best acc at epoch 9: 82.6388931274414
15-Mar-26 15:02:21 - Last learning rate: [6.25e-05]
15-Mar-26 15:02:21 - 	 Epoch 10...
15-Mar-26 15:02:30 - Epoch: [10][  99/1176]	Time  0.091 ( 0.096)	Data  0.000 ( 0.002)	Loss 3.8410e+00 (9.4310e-01)	Acc@1   0.00 ( 89.00)	Acc@5 100.00 (100.00)
15-Mar-26 15:02:40 - Epoch: [10][ 199/1176]	Time  0.091 ( 0.095)	Data  0.000 ( 0.001)	Loss 0.0000e+00 (6.5573e-01)	Acc@1 100.00 ( 91.00)	Acc@5 100.00 (100.00)
15-Mar-26 15:02:49 - Epoch: [10][ 299/1176]	Time  0.091 ( 0.094)	Data  0.001 ( 0.001)	Loss 4.1157e-02 (6.7013e-01)	Acc@1 100.00 ( 90.33)	Acc@5 100.00 (100.00)
15-Mar-26 15:02:59 - Epoch: [10][ 399/1176]	Time  0.090 ( 0.094)	Data  0.000 ( 0.001)	Loss 8.7461e-04 (6.1472e-01)	Acc@1 100.00 ( 90.00)	Acc@5 100.00 (100.00)
15-Mar-26 15:03:08 - Epoch: [10][ 499/1176]	Time  0.092 ( 0.094)	Data  0.000 ( 0.001)	Loss 0.0000e+00 (6.1608e-01)	Acc@1 100.00 ( 89.40)	Acc@5 100.00 (100.00)
15-Mar-26 15:03:17 - Epoch: [10][ 599/1176]	Time  0.115 ( 0.094)	Data  0.006 ( 0.001)	Loss 0.0000e+00 (7.0472e-01)	Acc@1 100.00 ( 89.17)	Acc@5 100.00 (100.00)
15-Mar-26 15:03:26 - Epoch: [10][ 699/1176]	Time  0.089 ( 0.094)	Data  0.001 ( 0.001)	Loss 0.0000e+00 (7.8081e-01)	Acc@1 100.00 ( 88.57)	Acc@5 100.00 (100.00)
15-Mar-26 15:03:36 - Epoch: [10][ 799/1176]	Time  0.092 ( 0.094)	Data  0.000 ( 0.001)	Loss 0.0000e+00 (7.5840e-01)	Acc@1 100.00 ( 88.25)	Acc@5 100.00 (100.00)
15-Mar-26 15:03:45 - Epoch: [10][ 899/1176]	Time  0.089 ( 0.093)	Data  0.000 ( 0.001)	Loss 0.0000e+00 (7.4081e-01)	Acc@1 100.00 ( 88.00)	Acc@5 100.00 (100.00)
15-Mar-26 15:03:54 - Epoch: [10][ 999/1176]	Time  0.090 ( 0.093)	Data  0.001 ( 0.000)	Loss 2.1944e-04 (7.6786e-01)	Acc@1 100.00 ( 87.60)	Acc@5 100.00 (100.00)
15-Mar-26 15:04:03 - Epoch: [10][1099/1176]	Time  0.091 ( 0.093)	Data  0.000 ( 0.000)	Loss 4.0288e+00 (7.6822e-01)	Acc@1   0.00 ( 87.36)	Acc@5 100.00 (100.00)
15-Mar-26 15:04:11 -  @Training * Acc@1 86.820 Acc@5 100.000 Loss 0.797
15-Mar-26 15:04:11 - One training epoch latency: 109.8s | Avg Power: 202.3W | Energy: 22207.9954J
15-Mar-26 15:04:18 -  @Testing * Acc@1 79.167 Acc@5 99.306 Loss 1.656
15-Mar-26 15:04:18 - Best acc at epoch 10: 82.6388931274414
15-Mar-26 15:04:18 - Last learning rate: [6.25e-05]
15-Mar-26 15:04:18 - 	 Epoch 11...
15-Mar-26 15:04:27 - Epoch: [11][  99/1176]	Time  0.090 ( 0.095)	Data  0.001 ( 0.002)	Loss 2.4318e-05 (7.1275e-01)	Acc@1 100.00 ( 84.00)	Acc@5 100.00 (100.00)
15-Mar-26 15:04:37 - Epoch: [11][ 199/1176]	Time  0.092 ( 0.094)	Data  0.000 ( 0.001)	Loss 0.0000e+00 (6.9081e-01)	Acc@1 100.00 ( 83.50)	Acc@5 100.00 (100.00)
15-Mar-26 15:04:46 - Epoch: [11][ 299/1176]	Time  0.091 ( 0.094)	Data  0.000 ( 0.001)	Loss 6.3417e-05 (7.8017e-01)	Acc@1 100.00 ( 82.67)	Acc@5 100.00 (100.00)
15-Mar-26 15:04:55 - Epoch: [11][ 399/1176]	Time  0.091 ( 0.093)	Data  0.000 ( 0.001)	Loss 4.1286e-04 (7.9238e-01)	Acc@1 100.00 ( 82.50)	Acc@5 100.00 (100.00)
15-Mar-26 15:05:04 - Epoch: [11][ 499/1176]	Time  0.092 ( 0.093)	Data  0.000 ( 0.001)	Loss 0.0000e+00 (7.5981e-01)	Acc@1 100.00 ( 84.40)	Acc@5 100.00 (100.00)
15-Mar-26 15:05:14 - Epoch: [11][ 599/1176]	Time  0.090 ( 0.093)	Data  0.000 ( 0.001)	Loss 0.0000e+00 (7.0343e-01)	Acc@1 100.00 ( 85.33)	Acc@5 100.00 (100.00)
15-Mar-26 15:05:23 - Epoch: [11][ 699/1176]	Time  0.101 ( 0.093)	Data  0.000 ( 0.001)	Loss 9.2048e-01 (7.0819e-01)	Acc@1   0.00 ( 85.43)	Acc@5 100.00 (100.00)
15-Mar-26 15:05:32 - Epoch: [11][ 799/1176]	Time  0.089 ( 0.093)	Data  0.000 ( 0.000)	Loss 0.0000e+00 (6.9135e-01)	Acc@1 100.00 ( 85.88)	Acc@5 100.00 (100.00)
15-Mar-26 15:05:42 - Epoch: [11][ 899/1176]	Time  0.090 ( 0.093)	Data  0.000 ( 0.000)	Loss 3.4808e+00 (6.8351e-01)	Acc@1   0.00 ( 85.89)	Acc@5 100.00 (100.00)
15-Mar-26 15:05:51 - Epoch: [11][ 999/1176]	Time  0.103 ( 0.093)	Data  0.000 ( 0.000)	Loss 1.1921e-07 (7.0848e-01)	Acc@1 100.00 ( 86.20)	Acc@5 100.00 (100.00)
15-Mar-26 15:06:00 - Epoch: [11][1099/1176]	Time  0.090 ( 0.093)	Data  0.000 ( 0.000)	Loss 0.0000e+00 (7.1919e-01)	Acc@1 100.00 ( 86.09)	Acc@5 100.00 (100.00)
15-Mar-26 15:06:08 -  @Training * Acc@1 86.139 Acc@5 100.000 Loss 0.714
15-Mar-26 15:06:08 - One training epoch latency: 109.7s | Avg Power: 205.4W | Energy: 22530.9663J
15-Mar-26 15:06:15 -  @Testing * Acc@1 83.681 Acc@5 99.306 Loss 1.459
15-Mar-26 15:06:15 - Best acc at epoch 11: 83.68055725097656
15-Mar-26 15:06:15 - Last learning rate: [6.25e-05]
15-Mar-26 15:06:15 - 	 Epoch 12...
15-Mar-26 15:06:24 - Epoch: [12][  99/1176]	Time  0.093 ( 0.096)	Data  0.000 ( 0.002)	Loss 3.0756e-05 (5.7947e-01)	Acc@1 100.00 ( 87.00)	Acc@5 100.00 (100.00)
15-Mar-26 15:06:34 - Epoch: [12][ 199/1176]	Time  0.093 ( 0.095)	Data  0.000 ( 0.001)	Loss 0.0000e+00 (5.5759e-01)	Acc@1 100.00 ( 89.50)	Acc@5 100.00 (100.00)
15-Mar-26 15:06:43 - Epoch: [12][ 299/1176]	Time  0.092 ( 0.094)	Data  0.000 ( 0.001)	Loss 0.0000e+00 (6.2194e-01)	Acc@1 100.00 ( 88.00)	Acc@5 100.00 (100.00)
15-Mar-26 15:06:52 - Epoch: [12][ 399/1176]	Time  0.090 ( 0.094)	Data  0.000 ( 0.001)	Loss 0.0000e+00 (6.3887e-01)	Acc@1 100.00 ( 88.00)	Acc@5 100.00 (100.00)
15-Mar-26 15:07:02 - Epoch: [12][ 499/1176]	Time  0.092 ( 0.094)	Data  0.000 ( 0.001)	Loss 0.0000e+00 (6.9156e-01)	Acc@1 100.00 ( 87.00)	Acc@5 100.00 (100.00)
15-Mar-26 15:07:11 - Epoch: [12][ 599/1176]	Time  0.094 ( 0.094)	Data  0.000 ( 0.001)	Loss 0.0000e+00 (7.1702e-01)	Acc@1 100.00 ( 86.83)	Acc@5 100.00 (100.00)
15-Mar-26 15:07:20 - Epoch: [12][ 699/1176]	Time  0.091 ( 0.094)	Data  0.000 ( 0.001)	Loss 3.5763e-07 (6.8666e-01)	Acc@1 100.00 ( 87.29)	Acc@5 100.00 (100.00)
15-Mar-26 15:07:30 - Epoch: [12][ 799/1176]	Time  0.092 ( 0.094)	Data  0.000 ( 0.001)	Loss 0.0000e+00 (6.5962e-01)	Acc@1 100.00 ( 87.62)	Acc@5 100.00 (100.00)
15-Mar-26 15:07:39 - Epoch: [12][ 899/1176]	Time  0.090 ( 0.094)	Data  0.000 ( 0.000)	Loss 0.0000e+00 (6.5901e-01)	Acc@1 100.00 ( 87.67)	Acc@5 100.00 (100.00)
15-Mar-26 15:07:49 - Epoch: [12][ 999/1176]	Time  0.094 ( 0.094)	Data  0.000 ( 0.000)	Loss 0.0000e+00 (6.9929e-01)	Acc@1 100.00 ( 87.70)	Acc@5 100.00 (100.00)
15-Mar-26 15:07:58 - Epoch: [12][1099/1176]	Time  0.093 ( 0.094)	Data  0.000 ( 0.000)	Loss 0.0000e+00 (7.1552e-01)	Acc@1 100.00 ( 87.36)	Acc@5 100.00 (100.00)
15-Mar-26 15:08:05 -  @Training * Acc@1 87.670 Acc@5 100.000 Loss 0.686
15-Mar-26 15:08:05 - One training epoch latency: 110.2s | Avg Power: 205.1W | Energy: 22610.1143J
15-Mar-26 15:08:12 -  @Testing * Acc@1 85.069 Acc@5 99.306 Loss 1.404
15-Mar-26 15:08:12 - Best acc at epoch 12: 85.06944274902344
15-Mar-26 15:08:12 - Last learning rate: [6.25e-05]
15-Mar-26 15:08:12 - 	 Epoch 13...
15-Mar-26 15:08:22 - Epoch: [13][  99/1176]	Time  0.093 ( 0.095)	Data  0.000 ( 0.002)	Loss 0.0000e+00 (5.6513e-01)	Acc@1 100.00 ( 89.00)	Acc@5 100.00 (100.00)
15-Mar-26 15:08:31 - Epoch: [13][ 199/1176]	Time  0.093 ( 0.095)	Data  0.000 ( 0.001)	Loss 8.6745e-01 (5.5592e-01)	Acc@1   0.00 ( 89.00)	Acc@5 100.00 (100.00)
15-Mar-26 15:08:41 - Epoch: [13][ 299/1176]	Time  0.092 ( 0.094)	Data  0.001 ( 0.001)	Loss 0.0000e+00 (5.0018e-01)	Acc@1 100.00 ( 89.00)	Acc@5 100.00 (100.00)
15-Mar-26 15:08:50 - Epoch: [13][ 399/1176]	Time  0.092 ( 0.094)	Data  0.000 ( 0.001)	Loss 0.0000e+00 (4.9600e-01)	Acc@1 100.00 ( 89.50)	Acc@5 100.00 (100.00)
15-Mar-26 15:08:59 - Epoch: [13][ 499/1176]	Time  0.094 ( 0.094)	Data  0.000 ( 0.001)	Loss 0.0000e+00 (4.9618e-01)	Acc@1 100.00 ( 89.80)	Acc@5 100.00 (100.00)
15-Mar-26 15:09:09 - Epoch: [13][ 599/1176]	Time  0.092 ( 0.094)	Data  0.000 ( 0.001)	Loss 1.2886e-04 (5.7636e-01)	Acc@1 100.00 ( 89.17)	Acc@5 100.00 (100.00)
15-Mar-26 15:09:18 - Epoch: [13][ 699/1176]	Time  0.090 ( 0.094)	Data  0.000 ( 0.001)	Loss 0.0000e+00 (6.0265e-01)	Acc@1 100.00 ( 88.86)	Acc@5 100.00 (100.00)
15-Mar-26 15:09:27 - Epoch: [13][ 799/1176]	Time  0.089 ( 0.094)	Data  0.000 ( 0.001)	Loss 0.0000e+00 (5.9524e-01)	Acc@1 100.00 ( 89.00)	Acc@5 100.00 (100.00)
15-Mar-26 15:09:37 - Epoch: [13][ 899/1176]	Time  0.090 ( 0.094)	Data  0.000 ( 0.001)	Loss 4.9012e+00 (6.2091e-01)	Acc@1   0.00 ( 88.78)	Acc@5 100.00 (100.00)
15-Mar-26 15:09:46 - Epoch: [13][ 999/1176]	Time  0.092 ( 0.094)	Data  0.000 ( 0.001)	Loss 3.3379e-06 (7.0776e-01)	Acc@1 100.00 ( 88.80)	Acc@5 100.00 (100.00)
15-Mar-26 15:09:55 - Epoch: [13][1099/1176]	Time  0.090 ( 0.094)	Data  0.000 ( 0.000)	Loss 0.0000e+00 (7.0999e-01)	Acc@1 100.00 ( 88.91)	Acc@5 100.00 (100.00)
15-Mar-26 15:10:02 -  @Training * Acc@1 89.031 Acc@5 100.000 Loss 0.686
15-Mar-26 15:10:03 - One training epoch latency: 110.2s | Avg Power: 201.0W | Energy: 22140.3055J
15-Mar-26 15:10:10 -  @Testing * Acc@1 82.639 Acc@5 99.653 Loss 1.718
15-Mar-26 15:10:10 - Best acc at epoch 13: 85.06944274902344
15-Mar-26 15:10:10 - Last learning rate: [6.25e-05]
15-Mar-26 15:10:10 - 	 Epoch 14...
15-Mar-26 15:10:19 - Epoch: [14][  99/1176]	Time  0.092 ( 0.096)	Data  0.000 ( 0.002)	Loss 0.0000e+00 (5.4998e-01)	Acc@1 100.00 ( 88.00)	Acc@5 100.00 (100.00)
15-Mar-26 15:10:29 - Epoch: [14][ 199/1176]	Time  0.089 ( 0.095)	Data  0.001 ( 0.001)	Loss 0.0000e+00 (5.2584e-01)	Acc@1 100.00 ( 88.00)	Acc@5 100.00 (100.00)
15-Mar-26 15:10:38 - Epoch: [14][ 299/1176]	Time  0.094 ( 0.094)	Data  0.000 ( 0.001)	Loss 1.7881e-06 (5.3297e-01)	Acc@1 100.00 ( 89.33)	Acc@5 100.00 (100.00)
15-Mar-26 15:10:47 - Epoch: [14][ 399/1176]	Time  0.093 ( 0.094)	Data  0.000 ( 0.001)	Loss 0.0000e+00 (5.8039e-01)	Acc@1 100.00 ( 89.50)	Acc@5 100.00 (100.00)
15-Mar-26 15:10:57 - Epoch: [14][ 499/1176]	Time  0.090 ( 0.094)	Data  0.000 ( 0.001)	Loss 8.5234e-04 (5.8914e-01)	Acc@1 100.00 ( 89.80)	Acc@5 100.00 (100.00)
15-Mar-26 15:11:06 - Epoch: [14][ 599/1176]	Time  0.091 ( 0.094)	Data  0.000 ( 0.001)	Loss 0.0000e+00 (5.4924e-01)	Acc@1 100.00 ( 90.00)	Acc@5 100.00 (100.00)
15-Mar-26 15:11:15 - Epoch: [14][ 699/1176]	Time  0.093 ( 0.094)	Data  0.000 ( 0.001)	Loss 0.0000e+00 (5.8905e-01)	Acc@1 100.00 ( 89.71)	Acc@5 100.00 (100.00)
15-Mar-26 15:11:25 - Epoch: [14][ 799/1176]	Time  0.093 ( 0.094)	Data  0.000 ( 0.001)	Loss 1.7749e-04 (5.5911e-01)	Acc@1 100.00 ( 90.38)	Acc@5 100.00 (100.00)
15-Mar-26 15:11:34 - Epoch: [14][ 899/1176]	Time  0.091 ( 0.094)	Data  0.000 ( 0.001)	Loss 0.0000e+00 (5.8778e-01)	Acc@1 100.00 ( 90.44)	Acc@5 100.00 (100.00)
15-Mar-26 15:11:43 - Epoch: [14][ 999/1176]	Time  0.089 ( 0.094)	Data  0.001 ( 0.001)	Loss 7.5157e-04 (6.0365e-01)	Acc@1 100.00 ( 90.30)	Acc@5 100.00 (100.00)
15-Mar-26 15:11:53 - Epoch: [14][1099/1176]	Time  0.091 ( 0.094)	Data  0.000 ( 0.000)	Loss 0.0000e+00 (5.7951e-01)	Acc@1 100.00 ( 90.36)	Acc@5 100.00 (100.00)
15-Mar-26 15:12:00 -  @Training * Acc@1 90.561 Acc@5 100.000 Loss 0.562
15-Mar-26 15:12:00 - One training epoch latency: 110.1s | Avg Power: 206.8W | Energy: 22760.2052J
15-Mar-26 15:12:07 -  @Testing * Acc@1 76.736 Acc@5 98.958 Loss 2.310
15-Mar-26 15:12:07 - Best acc at epoch 14: 85.06944274902344
15-Mar-26 15:12:07 - Last learning rate: [6.25e-05]
15-Mar-26 15:12:07 - 	 Epoch 15...
15-Mar-26 15:12:16 - Epoch: [15][  99/1176]	Time  0.091 ( 0.095)	Data  0.000 ( 0.002)	Loss 0.0000e+00 (4.1656e-01)	Acc@1 100.00 ( 91.00)	Acc@5 100.00 (100.00)
15-Mar-26 15:12:26 - Epoch: [15][ 199/1176]	Time  0.092 ( 0.094)	Data  0.000 ( 0.001)	Loss 0.0000e+00 (4.9252e-01)	Acc@1 100.00 ( 90.50)	Acc@5 100.00 (100.00)
15-Mar-26 15:12:35 - Epoch: [15][ 299/1176]	Time  0.090 ( 0.094)	Data  0.000 ( 0.001)	Loss 0.0000e+00 (5.0785e-01)	Acc@1 100.00 ( 90.67)	Acc@5 100.00 (100.00)
15-Mar-26 15:12:44 - Epoch: [15][ 399/1176]	Time  0.091 ( 0.093)	Data  0.000 ( 0.001)	Loss 0.0000e+00 (5.7134e-01)	Acc@1 100.00 ( 90.25)	Acc@5 100.00 (100.00)
15-Mar-26 15:12:53 - Epoch: [15][ 499/1176]	Time  0.088 ( 0.093)	Data  0.000 ( 0.001)	Loss 0.0000e+00 (5.7668e-01)	Acc@1 100.00 ( 89.60)	Acc@5 100.00 (100.00)
15-Mar-26 15:13:03 - Epoch: [15][ 599/1176]	Time  0.111 ( 0.093)	Data  0.000 ( 0.001)	Loss 1.9073e-06 (5.2919e-01)	Acc@1 100.00 ( 90.17)	Acc@5 100.00 (100.00)
15-Mar-26 15:13:12 - Epoch: [15][ 699/1176]	Time  0.091 ( 0.093)	Data  0.000 ( 0.001)	Loss 1.3392e+01 (5.1385e-01)	Acc@1   0.00 ( 90.57)	Acc@5 100.00 (100.00)
15-Mar-26 15:13:21 - Epoch: [15][ 799/1176]	Time  0.089 ( 0.093)	Data  0.000 ( 0.001)	Loss 0.0000e+00 (5.2002e-01)	Acc@1 100.00 ( 90.00)	Acc@5 100.00 (100.00)
15-Mar-26 15:13:31 - Epoch: [15][ 899/1176]	Time  0.088 ( 0.093)	Data  0.000 ( 0.001)	Loss 1.4507e-04 (5.2388e-01)	Acc@1 100.00 ( 90.44)	Acc@5 100.00 (100.00)
15-Mar-26 15:13:40 - Epoch: [15][ 999/1176]	Time  0.090 ( 0.093)	Data  0.000 ( 0.000)	Loss 1.7365e-02 (5.3367e-01)	Acc@1 100.00 ( 90.60)	Acc@5 100.00 (100.00)
15-Mar-26 15:13:49 - Epoch: [15][1099/1176]	Time  0.092 ( 0.093)	Data  0.000 ( 0.000)	Loss 0.0000e+00 (6.0817e-01)	Acc@1 100.00 ( 90.09)	Acc@5 100.00 (100.00)
15-Mar-26 15:13:56 -  @Training * Acc@1 90.136 Acc@5 100.000 Loss 0.604
15-Mar-26 15:13:56 - One training epoch latency: 109.5s | Avg Power: 204.7W | Energy: 22411.0902J
15-Mar-26 15:14:04 -  @Testing * Acc@1 78.125 Acc@5 99.306 Loss 2.994
15-Mar-26 15:14:04 - Best acc at epoch 15: 85.06944274902344
15-Mar-26 15:14:04 - Last learning rate: [3.125e-05]
15-Mar-26 15:14:04 - 	 Epoch 16...
15-Mar-26 15:14:13 - Epoch: [16][  99/1176]	Time  0.109 ( 0.095)	Data  0.000 ( 0.002)	Loss 0.0000e+00 (3.2983e-01)	Acc@1 100.00 ( 91.00)	Acc@5 100.00 (100.00)
15-Mar-26 15:14:22 - Epoch: [16][ 199/1176]	Time  0.092 ( 0.094)	Data  0.000 ( 0.001)	Loss 0.0000e+00 (2.0605e-01)	Acc@1 100.00 ( 93.50)	Acc@5 100.00 (100.00)
15-Mar-26 15:14:32 - Epoch: [16][ 299/1176]	Time  0.093 ( 0.094)	Data  0.000 ( 0.001)	Loss 0.0000e+00 (2.1245e-01)	Acc@1 100.00 ( 93.67)	Acc@5 100.00 (100.00)
15-Mar-26 15:14:41 - Epoch: [16][ 399/1176]	Time  0.093 ( 0.093)	Data  0.000 ( 0.001)	Loss 0.0000e+00 (1.9479e-01)	Acc@1 100.00 ( 94.00)	Acc@5 100.00 (100.00)
15-Mar-26 15:14:50 - Epoch: [16][ 499/1176]	Time  0.091 ( 0.093)	Data  0.000 ( 0.001)	Loss 0.0000e+00 (1.9465e-01)	Acc@1 100.00 ( 94.00)	Acc@5 100.00 (100.00)
15-Mar-26 15:14:59 - Epoch: [16][ 599/1176]	Time  0.090 ( 0.093)	Data  0.000 ( 0.001)	Loss 0.0000e+00 (2.2944e-01)	Acc@1 100.00 ( 93.67)	Acc@5 100.00 (100.00)
15-Mar-26 15:15:09 - Epoch: [16][ 699/1176]	Time  0.092 ( 0.093)	Data  0.000 ( 0.000)	Loss 0.0000e+00 (2.2873e-01)	Acc@1 100.00 ( 93.71)	Acc@5 100.00 (100.00)
15-Mar-26 15:15:18 - Epoch: [16][ 799/1176]	Time  0.091 ( 0.093)	Data  0.000 ( 0.000)	Loss 0.0000e+00 (2.2341e-01)	Acc@1 100.00 ( 93.75)	Acc@5 100.00 (100.00)
15-Mar-26 15:15:27 - Epoch: [16][ 899/1176]	Time  0.092 ( 0.093)	Data  0.000 ( 0.000)	Loss 0.0000e+00 (2.1657e-01)	Acc@1 100.00 ( 94.00)	Acc@5 100.00 (100.00)
15-Mar-26 15:15:37 - Epoch: [16][ 999/1176]	Time  0.091 ( 0.093)	Data  0.000 ( 0.000)	Loss 0.0000e+00 (2.3120e-01)	Acc@1 100.00 ( 94.00)	Acc@5 100.00 (100.00)
15-Mar-26 15:15:46 - Epoch: [16][1099/1176]	Time  0.089 ( 0.093)	Data  0.000 ( 0.000)	Loss 0.0000e+00 (2.3130e-01)	Acc@1 100.00 ( 94.27)	Acc@5 100.00 (100.00)
15-Mar-26 15:15:53 -  @Training * Acc@1 94.048 Acc@5 100.000 Loss 0.238
15-Mar-26 15:15:53 - One training epoch latency: 109.5s | Avg Power: 202.2W | Energy: 22148.3909J
15-Mar-26 15:16:00 -  @Testing * Acc@1 90.278 Acc@5 99.306 Loss 1.095
15-Mar-26 15:16:00 - Best acc at epoch 16: 90.27777862548828
15-Mar-26 15:16:00 - Last learning rate: [3.125e-05]
15-Mar-26 15:16:00 - 	 Epoch 17...
15-Mar-26 15:16:10 - Epoch: [17][  99/1176]	Time  0.092 ( 0.096)	Data  0.000 ( 0.002)	Loss 0.0000e+00 (1.1348e-01)	Acc@1 100.00 ( 97.00)	Acc@5 100.00 (100.00)
15-Mar-26 15:16:19 - Epoch: [17][ 199/1176]	Time  0.093 ( 0.095)	Data  0.000 ( 0.001)	Loss 4.4804e-01 (1.7549e-01)	Acc@1 100.00 ( 96.50)	Acc@5 100.00 (100.00)
15-Mar-26 15:16:29 - Epoch: [17][ 299/1176]	Time  0.090 ( 0.094)	Data  0.000 ( 0.001)	Loss 6.7949e-06 (1.5569e-01)	Acc@1 100.00 ( 96.00)	Acc@5 100.00 (100.00)
15-Mar-26 15:16:38 - Epoch: [17][ 399/1176]	Time  0.089 ( 0.094)	Data  0.000 ( 0.001)	Loss 0.0000e+00 (1.5010e-01)	Acc@1 100.00 ( 96.25)	Acc@5 100.00 (100.00)
15-Mar-26 15:16:47 - Epoch: [17][ 499/1176]	Time  0.090 ( 0.094)	Data  0.000 ( 0.001)	Loss 0.0000e+00 (2.1497e-01)	Acc@1 100.00 ( 95.80)	Acc@5 100.00 (100.00)
15-Mar-26 15:16:57 - Epoch: [17][ 599/1176]	Time  0.091 ( 0.094)	Data  0.000 ( 0.001)	Loss 0.0000e+00 (2.6536e-01)	Acc@1 100.00 ( 95.17)	Acc@5 100.00 (100.00)
15-Mar-26 15:17:06 - Epoch: [17][ 699/1176]	Time  0.092 ( 0.094)	Data  0.000 ( 0.001)	Loss 1.8616e+00 (2.3487e-01)	Acc@1   0.00 ( 95.43)	Acc@5 100.00 (100.00)
15-Mar-26 15:17:15 - Epoch: [17][ 799/1176]	Time  0.091 ( 0.094)	Data  0.000 ( 0.001)	Loss 0.0000e+00 (2.4751e-01)	Acc@1 100.00 ( 95.25)	Acc@5 100.00 (100.00)
15-Mar-26 15:17:25 - Epoch: [17][ 899/1176]	Time  0.090 ( 0.094)	Data  0.000 ( 0.001)	Loss 0.0000e+00 (2.4329e-01)	Acc@1 100.00 ( 95.33)	Acc@5 100.00 (100.00)
15-Mar-26 15:17:34 - Epoch: [17][ 999/1176]	Time  0.094 ( 0.094)	Data  0.000 ( 0.001)	Loss 3.9100e-05 (2.4980e-01)	Acc@1 100.00 ( 95.20)	Acc@5 100.00 (100.00)
15-Mar-26 15:17:43 - Epoch: [17][1099/1176]	Time  0.090 ( 0.094)	Data  0.000 ( 0.000)	Loss 0.0000e+00 (2.4882e-01)	Acc@1 100.00 ( 95.00)	Acc@5 100.00 (100.00)
15-Mar-26 15:17:50 -  @Training * Acc@1 94.813 Acc@5 100.000 Loss 0.251
15-Mar-26 15:17:50 - One training epoch latency: 110.1s | Avg Power: 206.8W | Energy: 22757.8275J
15-Mar-26 15:17:57 -  @Testing * Acc@1 88.194 Acc@5 99.306 Loss 1.206
15-Mar-26 15:17:57 - Best acc at epoch 17: 90.27777862548828
15-Mar-26 15:17:57 - Last learning rate: [3.125e-05]
15-Mar-26 15:17:57 - 	 Epoch 18...
15-Mar-26 15:18:07 - Epoch: [18][  99/1176]	Time  0.115 ( 0.096)	Data  0.000 ( 0.002)	Loss 0.0000e+00 (2.5519e-01)	Acc@1 100.00 ( 96.00)	Acc@5 100.00 (100.00)
15-Mar-26 15:18:16 - Epoch: [18][ 199/1176]	Time  0.091 ( 0.095)	Data  0.000 ( 0.001)	Loss 2.3842e-06 (1.8228e-01)	Acc@1 100.00 ( 97.00)	Acc@5 100.00 (100.00)
15-Mar-26 15:18:26 - Epoch: [18][ 299/1176]	Time  0.094 ( 0.094)	Data  0.000 ( 0.001)	Loss 0.0000e+00 (1.8459e-01)	Acc@1 100.00 ( 96.33)	Acc@5 100.00 (100.00)
15-Mar-26 15:18:35 - Epoch: [18][ 399/1176]	Time  0.090 ( 0.094)	Data  0.000 ( 0.001)	Loss 0.0000e+00 (1.5852e-01)	Acc@1 100.00 ( 96.75)	Acc@5 100.00 (100.00)
15-Mar-26 15:18:44 - Epoch: [18][ 499/1176]	Time  0.093 ( 0.094)	Data  0.000 ( 0.001)	Loss 0.0000e+00 (1.7155e-01)	Acc@1 100.00 ( 96.40)	Acc@5 100.00 (100.00)
15-Mar-26 15:18:54 - Epoch: [18][ 599/1176]	Time  0.090 ( 0.094)	Data  0.000 ( 0.001)	Loss 0.0000e+00 (1.9452e-01)	Acc@1 100.00 ( 96.50)	Acc@5 100.00 (100.00)
15-Mar-26 15:19:03 - Epoch: [18][ 699/1176]	Time  0.094 ( 0.094)	Data  0.000 ( 0.000)	Loss 0.0000e+00 (2.2626e-01)	Acc@1 100.00 ( 96.00)	Acc@5 100.00 (100.00)
15-Mar-26 15:19:12 - Epoch: [18][ 799/1176]	Time  0.093 ( 0.094)	Data  0.000 ( 0.000)	Loss 0.0000e+00 (2.0543e-01)	Acc@1 100.00 ( 96.38)	Acc@5 100.00 (100.00)
15-Mar-26 15:19:22 - Epoch: [18][ 899/1176]	Time  0.093 ( 0.094)	Data  0.001 ( 0.000)	Loss 0.0000e+00 (2.2353e-01)	Acc@1 100.00 ( 96.22)	Acc@5 100.00 (100.00)
15-Mar-26 15:19:31 - Epoch: [18][ 999/1176]	Time  0.091 ( 0.094)	Data  0.000 ( 0.000)	Loss 8.3446e-07 (2.6820e-01)	Acc@1 100.00 ( 95.90)	Acc@5 100.00 (100.00)
15-Mar-26 15:19:40 - Epoch: [18][1099/1176]	Time  0.092 ( 0.094)	Data  0.000 ( 0.000)	Loss 7.2734e-03 (2.5750e-01)	Acc@1 100.00 ( 96.00)	Acc@5 100.00 (100.00)
15-Mar-26 15:19:48 -  @Training * Acc@1 96.173 Acc@5 100.000 Loss 0.242
15-Mar-26 15:19:48 - One training epoch latency: 110.1s | Avg Power: 203.2W | Energy: 22369.3757J
15-Mar-26 15:19:55 -  @Testing * Acc@1 90.972 Acc@5 99.653 Loss 1.154
15-Mar-26 15:19:55 - Best acc at epoch 18: 90.97222137451172
15-Mar-26 15:19:55 - Last learning rate: [3.125e-05]
15-Mar-26 15:19:55 - 	 Epoch 19...
15-Mar-26 15:20:04 - Epoch: [19][  99/1176]	Time  0.091 ( 0.095)	Data  0.000 ( 0.002)	Loss 0.0000e+00 (1.7768e-01)	Acc@1 100.00 ( 94.00)	Acc@5 100.00 (100.00)
15-Mar-26 15:20:14 - Epoch: [19][ 199/1176]	Time  0.093 ( 0.094)	Data  0.000 ( 0.001)	Loss 0.0000e+00 (1.0084e-01)	Acc@1 100.00 ( 96.50)	Acc@5 100.00 (100.00)
15-Mar-26 15:20:23 - Epoch: [19][ 299/1176]	Time  0.092 ( 0.094)	Data  0.000 ( 0.001)	Loss 0.0000e+00 (1.7235e-01)	Acc@1 100.00 ( 95.67)	Acc@5 100.00 (100.00)
15-Mar-26 15:20:32 - Epoch: [19][ 399/1176]	Time  0.093 ( 0.094)	Data  0.000 ( 0.001)	Loss 0.0000e+00 (1.6467e-01)	Acc@1 100.00 ( 96.00)	Acc@5 100.00 (100.00)
15-Mar-26 15:20:42 - Epoch: [19][ 499/1176]	Time  0.092 ( 0.094)	Data  0.000 ( 0.001)	Loss 0.0000e+00 (1.8611e-01)	Acc@1 100.00 ( 96.20)	Acc@5 100.00 (100.00)
15-Mar-26 15:20:51 - Epoch: [19][ 599/1176]	Time  0.113 ( 0.094)	Data  0.000 ( 0.001)	Loss 0.0000e+00 (1.7335e-01)	Acc@1 100.00 ( 96.17)	Acc@5 100.00 (100.00)
15-Mar-26 15:21:00 - Epoch: [19][ 699/1176]	Time  0.092 ( 0.094)	Data  0.000 ( 0.001)	Loss 0.0000e+00 (2.0533e-01)	Acc@1 100.00 ( 96.14)	Acc@5 100.00 (100.00)
15-Mar-26 15:21:10 - Epoch: [19][ 799/1176]	Time  0.090 ( 0.093)	Data  0.000 ( 0.000)	Loss 1.1422e-03 (1.9242e-01)	Acc@1 100.00 ( 96.12)	Acc@5 100.00 (100.00)
15-Mar-26 15:21:19 - Epoch: [19][ 899/1176]	Time  0.098 ( 0.093)	Data  0.000 ( 0.000)	Loss 6.5094e-01 (2.1779e-01)	Acc@1 100.00 ( 95.89)	Acc@5 100.00 (100.00)
15-Mar-26 15:21:28 - Epoch: [19][ 999/1176]	Time  0.093 ( 0.093)	Data  0.000 ( 0.000)	Loss 0.0000e+00 (2.1791e-01)	Acc@1 100.00 ( 95.90)	Acc@5 100.00 (100.00)
15-Mar-26 15:21:38 - Epoch: [19][1099/1176]	Time  0.093 ( 0.093)	Data  0.000 ( 0.000)	Loss 0.0000e+00 (2.2454e-01)	Acc@1 100.00 ( 95.91)	Acc@5 100.00 (100.00)
15-Mar-26 15:21:45 -  @Training * Acc@1 95.748 Acc@5 100.000 Loss 0.234
15-Mar-26 15:21:45 - One training epoch latency: 109.9s | Avg Power: 203.6W | Energy: 22371.8383J
15-Mar-26 15:21:52 -  @Testing * Acc@1 86.458 Acc@5 99.306 Loss 1.763
15-Mar-26 15:21:52 - Best acc at epoch 19: 90.97222137451172
15-Mar-26 15:21:52 - Last learning rate: [3.125e-05]
15-Mar-26 15:21:52 - 	 Epoch 20...
15-Mar-26 15:22:02 - Epoch: [20][  99/1176]	Time  0.092 ( 0.095)	Data  0.000 ( 0.002)	Loss 2.2823e-02 (3.6467e-02)	Acc@1 100.00 ( 99.00)	Acc@5 100.00 (100.00)
15-Mar-26 15:22:11 - Epoch: [20][ 199/1176]	Time  0.092 ( 0.094)	Data  0.000 ( 0.001)	Loss 0.0000e+00 (1.3671e-01)	Acc@1 100.00 ( 97.50)	Acc@5 100.00 (100.00)
15-Mar-26 15:22:20 - Epoch: [20][ 299/1176]	Time  0.093 ( 0.093)	Data  0.000 ( 0.001)	Loss 0.0000e+00 (1.3846e-01)	Acc@1 100.00 ( 97.33)	Acc@5 100.00 (100.00)
15-Mar-26 15:22:29 - Epoch: [20][ 399/1176]	Time  0.093 ( 0.093)	Data  0.001 ( 0.001)	Loss 0.0000e+00 (1.1884e-01)	Acc@1 100.00 ( 97.75)	Acc@5 100.00 (100.00)
15-Mar-26 15:22:39 - Epoch: [20][ 499/1176]	Time  0.092 ( 0.093)	Data  0.000 ( 0.001)	Loss 0.0000e+00 (1.2797e-01)	Acc@1 100.00 ( 97.60)	Acc@5 100.00 (100.00)
15-Mar-26 15:22:48 - Epoch: [20][ 599/1176]	Time  0.090 ( 0.093)	Data  0.000 ( 0.001)	Loss 0.0000e+00 (1.6540e-01)	Acc@1 100.00 ( 97.33)	Acc@5 100.00 (100.00)
15-Mar-26 15:22:57 - Epoch: [20][ 699/1176]	Time  0.088 ( 0.093)	Data  0.000 ( 0.001)	Loss 0.0000e+00 (1.6339e-01)	Acc@1 100.00 ( 97.29)	Acc@5 100.00 (100.00)
15-Mar-26 15:23:06 - Epoch: [20][ 799/1176]	Time  0.089 ( 0.093)	Data  0.000 ( 0.001)	Loss 1.7639e+01 (2.2278e-01)	Acc@1   0.00 ( 96.38)	Acc@5 100.00 (100.00)
15-Mar-26 15:23:16 - Epoch: [20][ 899/1176]	Time  0.090 ( 0.093)	Data  0.001 ( 0.000)	Loss 0.0000e+00 (2.0808e-01)	Acc@1 100.00 ( 96.22)	Acc@5 100.00 (100.00)
15-Mar-26 15:23:25 - Epoch: [20][ 999/1176]	Time  0.091 ( 0.093)	Data  0.000 ( 0.000)	Loss 1.3113e-06 (1.9384e-01)	Acc@1 100.00 ( 96.30)	Acc@5 100.00 (100.00)
15-Mar-26 15:23:34 - Epoch: [20][1099/1176]	Time  0.091 ( 0.093)	Data  0.000 ( 0.000)	Loss 0.0000e+00 (1.8851e-01)	Acc@1 100.00 ( 96.55)	Acc@5 100.00 (100.00)
15-Mar-26 15:23:41 -  @Training * Acc@1 96.599 Acc@5 100.000 Loss 0.181
15-Mar-26 15:23:42 - One training epoch latency: 109.3s | Avg Power: 207.6W | Energy: 22695.3522J
15-Mar-26 15:23:49 -  @Testing * Acc@1 88.889 Acc@5 99.306 Loss 1.536
15-Mar-26 15:23:49 - Best acc at epoch 20: 90.97222137451172
15-Mar-26 15:23:49 - Last learning rate: [3.125e-05]
15-Mar-26 15:23:49 - 	 Epoch 21...
15-Mar-26 15:23:58 - Epoch: [21][  99/1176]	Time  0.111 ( 0.095)	Data  0.001 ( 0.002)	Loss 0.0000e+00 (2.1328e-03)	Acc@1 100.00 (100.00)	Acc@5 100.00 (100.00)
15-Mar-26 15:24:07 - Epoch: [21][ 199/1176]	Time  0.089 ( 0.094)	Data  0.000 ( 0.001)	Loss 0.0000e+00 (1.1988e-01)	Acc@1 100.00 ( 98.00)	Acc@5 100.00 (100.00)
15-Mar-26 15:24:17 - Epoch: [21][ 299/1176]	Time  0.092 ( 0.094)	Data  0.000 ( 0.001)	Loss 0.0000e+00 (1.0236e-01)	Acc@1 100.00 ( 98.00)	Acc@5 100.00 (100.00)
15-Mar-26 15:24:26 - Epoch: [21][ 399/1176]	Time  0.092 ( 0.094)	Data  0.000 ( 0.001)	Loss 1.1921e-07 (8.9047e-02)	Acc@1 100.00 ( 98.25)	Acc@5 100.00 (100.00)
15-Mar-26 15:24:35 - Epoch: [21][ 499/1176]	Time  0.092 ( 0.094)	Data  0.000 ( 0.001)	Loss 0.0000e+00 (1.0645e-01)	Acc@1 100.00 ( 98.20)	Acc@5 100.00 (100.00)
15-Mar-26 15:24:45 - Epoch: [21][ 599/1176]	Time  0.089 ( 0.094)	Data  0.000 ( 0.001)	Loss 0.0000e+00 (1.0510e-01)	Acc@1 100.00 ( 98.17)	Acc@5 100.00 (100.00)
15-Mar-26 15:24:54 - Epoch: [21][ 699/1176]	Time  0.093 ( 0.094)	Data  0.000 ( 0.001)	Loss 0.0000e+00 (1.3043e-01)	Acc@1 100.00 ( 98.00)	Acc@5 100.00 (100.00)
15-Mar-26 15:25:03 - Epoch: [21][ 799/1176]	Time  0.092 ( 0.094)	Data  0.000 ( 0.000)	Loss 8.3446e-07 (1.1515e-01)	Acc@1 100.00 ( 98.25)	Acc@5 100.00 (100.00)
15-Mar-26 15:25:13 - Epoch: [21][ 899/1176]	Time  0.094 ( 0.094)	Data  0.000 ( 0.000)	Loss 0.0000e+00 (1.2089e-01)	Acc@1 100.00 ( 98.22)	Acc@5 100.00 (100.00)
15-Mar-26 15:25:22 - Epoch: [21][ 999/1176]	Time  0.090 ( 0.093)	Data  0.000 ( 0.000)	Loss 0.0000e+00 (1.0919e-01)	Acc@1 100.00 ( 98.40)	Acc@5 100.00 (100.00)
15-Mar-26 15:25:31 - Epoch: [21][1099/1176]	Time  0.091 ( 0.093)	Data  0.000 ( 0.000)	Loss 0.0000e+00 (1.2358e-01)	Acc@1 100.00 ( 98.18)	Acc@5 100.00 (100.00)
15-Mar-26 15:25:39 -  @Training * Acc@1 98.299 Acc@5 100.000 Loss 0.116
15-Mar-26 15:25:39 - One training epoch latency: 110.0s | Avg Power: 202.3W | Energy: 22256.1104J
15-Mar-26 15:25:46 -  @Testing * Acc@1 90.278 Acc@5 99.306 Loss 1.553
15-Mar-26 15:25:46 - Best acc at epoch 21: 90.97222137451172
15-Mar-26 15:25:46 - Last learning rate: [3.125e-05]
15-Mar-26 15:25:46 - 	 Epoch 22...
15-Mar-26 15:25:55 - Epoch: [22][  99/1176]	Time  0.093 ( 0.096)	Data  0.000 ( 0.002)	Loss 0.0000e+00 (6.1613e-02)	Acc@1 100.00 ( 98.00)	Acc@5 100.00 (100.00)
15-Mar-26 15:26:05 - Epoch: [22][ 199/1176]	Time  0.092 ( 0.095)	Data  0.000 ( 0.001)	Loss 0.0000e+00 (1.1076e-01)	Acc@1 100.00 ( 97.50)	Acc@5 100.00 (100.00)
15-Mar-26 15:26:14 - Epoch: [22][ 299/1176]	Time  0.103 ( 0.094)	Data  0.000 ( 0.001)	Loss 0.0000e+00 (7.5536e-02)	Acc@1 100.00 ( 98.33)	Acc@5 100.00 (100.00)
15-Mar-26 15:26:23 - Epoch: [22][ 399/1176]	Time  0.092 ( 0.094)	Data  0.001 ( 0.001)	Loss 0.0000e+00 (7.0024e-02)	Acc@1 100.00 ( 98.25)	Acc@5 100.00 (100.00)
15-Mar-26 15:26:33 - Epoch: [22][ 499/1176]	Time  0.092 ( 0.094)	Data  0.000 ( 0.001)	Loss 0.0000e+00 (5.7600e-02)	Acc@1 100.00 ( 98.60)	Acc@5 100.00 (100.00)
15-Mar-26 15:26:42 - Epoch: [22][ 599/1176]	Time  0.094 ( 0.094)	Data  0.000 ( 0.001)	Loss 0.0000e+00 (5.3991e-02)	Acc@1 100.00 ( 98.67)	Acc@5 100.00 (100.00)
15-Mar-26 15:26:51 - Epoch: [22][ 699/1176]	Time  0.091 ( 0.094)	Data  0.000 ( 0.001)	Loss 0.0000e+00 (5.0934e-02)	Acc@1 100.00 ( 98.71)	Acc@5 100.00 (100.00)
15-Mar-26 15:27:01 - Epoch: [22][ 799/1176]	Time  0.092 ( 0.094)	Data  0.000 ( 0.000)	Loss 0.0000e+00 (7.7203e-02)	Acc@1 100.00 ( 98.12)	Acc@5 100.00 (100.00)
15-Mar-26 15:27:10 - Epoch: [22][ 899/1176]	Time  0.121 ( 0.094)	Data  0.015 ( 0.000)	Loss 0.0000e+00 (1.0808e-01)	Acc@1 100.00 ( 98.00)	Acc@5 100.00 (100.00)
15-Mar-26 15:27:19 - Epoch: [22][ 999/1176]	Time  0.091 ( 0.094)	Data  0.001 ( 0.000)	Loss 0.0000e+00 (1.5294e-01)	Acc@1 100.00 ( 97.40)	Acc@5 100.00 (100.00)
15-Mar-26 15:27:29 - Epoch: [22][1099/1176]	Time  0.091 ( 0.094)	Data  0.000 ( 0.000)	Loss 7.7296e-01 (1.4520e-01)	Acc@1   0.00 ( 97.45)	Acc@5 100.00 (100.00)
15-Mar-26 15:27:36 -  @Training * Acc@1 97.534 Acc@5 100.000 Loss 0.138
15-Mar-26 15:27:36 - One training epoch latency: 110.2s | Avg Power: 205.7W | Energy: 22664.5869J
15-Mar-26 15:27:43 -  @Testing * Acc@1 92.361 Acc@5 99.653 Loss 1.085
15-Mar-26 15:27:43 - Best acc at epoch 22: 92.36111450195312
15-Mar-26 15:27:43 - Last learning rate: [3.125e-05]
15-Mar-26 15:27:43 - 	 Epoch 23...
15-Mar-26 15:27:53 - Epoch: [23][  99/1176]	Time  0.093 ( 0.095)	Data  0.001 ( 0.002)	Loss 5.2451e-05 (4.5786e-02)	Acc@1 100.00 ( 99.00)	Acc@5 100.00 (100.00)
15-Mar-26 15:28:02 - Epoch: [23][ 199/1176]	Time  0.093 ( 0.095)	Data  0.001 ( 0.001)	Loss 0.0000e+00 (6.8649e-02)	Acc@1 100.00 ( 99.00)	Acc@5 100.00 (100.00)
15-Mar-26 15:28:12 - Epoch: [23][ 299/1176]	Time  0.091 ( 0.094)	Data  0.000 ( 0.001)	Loss 0.0000e+00 (9.0499e-02)	Acc@1 100.00 ( 98.67)	Acc@5 100.00 (100.00)
15-Mar-26 15:28:21 - Epoch: [23][ 399/1176]	Time  0.089 ( 0.094)	Data  0.000 ( 0.001)	Loss 0.0000e+00 (7.0030e-02)	Acc@1 100.00 ( 99.00)	Acc@5 100.00 (100.00)
15-Mar-26 15:28:30 - Epoch: [23][ 499/1176]	Time  0.092 ( 0.094)	Data  0.001 ( 0.001)	Loss 0.0000e+00 (1.0068e-01)	Acc@1 100.00 ( 98.60)	Acc@5 100.00 (100.00)
15-Mar-26 15:28:40 - Epoch: [23][ 599/1176]	Time  0.091 ( 0.094)	Data  0.000 ( 0.001)	Loss 1.1921e-07 (9.8845e-02)	Acc@1 100.00 ( 98.67)	Acc@5 100.00 (100.00)
15-Mar-26 15:28:49 - Epoch: [23][ 699/1176]	Time  0.090 ( 0.094)	Data  0.000 ( 0.001)	Loss 0.0000e+00 (9.3378e-02)	Acc@1 100.00 ( 98.57)	Acc@5 100.00 (100.00)
15-Mar-26 15:28:58 - Epoch: [23][ 799/1176]	Time  0.090 ( 0.094)	Data  0.000 ( 0.000)	Loss 0.0000e+00 (8.1868e-02)	Acc@1 100.00 ( 98.75)	Acc@5 100.00 (100.00)
15-Mar-26 15:29:08 - Epoch: [23][ 899/1176]	Time  0.093 ( 0.094)	Data  0.000 ( 0.000)	Loss 0.0000e+00 (7.3875e-02)	Acc@1 100.00 ( 98.78)	Acc@5 100.00 (100.00)
15-Mar-26 15:29:17 - Epoch: [23][ 999/1176]	Time  0.091 ( 0.094)	Data  0.000 ( 0.000)	Loss 0.0000e+00 (8.6742e-02)	Acc@1 100.00 ( 98.70)	Acc@5 100.00 (100.00)
15-Mar-26 15:29:26 - Epoch: [23][1099/1176]	Time  0.093 ( 0.094)	Data  0.000 ( 0.000)	Loss 0.0000e+00 (8.0002e-02)	Acc@1 100.00 ( 98.73)	Acc@5 100.00 (100.00)
15-Mar-26 15:29:33 -  @Training * Acc@1 98.724 Acc@5 100.000 Loss 0.076
15-Mar-26 15:29:34 - One training epoch latency: 110.0s | Avg Power: 205.7W | Energy: 22625.7964J
15-Mar-26 15:29:41 -  @Testing * Acc@1 92.361 Acc@5 98.958 Loss 1.458
15-Mar-26 15:29:41 - Best acc at epoch 23: 92.36111450195312
15-Mar-26 15:29:41 - Last learning rate: [3.125e-05]
15-Mar-26 15:29:41 - 	 Epoch 24...
15-Mar-26 15:29:50 - Epoch: [24][  99/1176]	Time  0.093 ( 0.096)	Data  0.000 ( 0.002)	Loss 0.0000e+00 (5.9259e-02)	Acc@1 100.00 ( 98.00)	Acc@5 100.00 (100.00)
15-Mar-26 15:30:00 - Epoch: [24][ 199/1176]	Time  0.094 ( 0.095)	Data  0.000 ( 0.001)	Loss 0.0000e+00 (2.9921e-02)	Acc@1 100.00 ( 99.00)	Acc@5 100.00 (100.00)
15-Mar-26 15:30:09 - Epoch: [24][ 299/1176]	Time  0.093 ( 0.094)	Data  0.000 ( 0.001)	Loss 0.0000e+00 (2.4888e-02)	Acc@1 100.00 ( 99.00)	Acc@5 100.00 (100.00)
15-Mar-26 15:30:18 - Epoch: [24][ 399/1176]	Time  0.091 ( 0.094)	Data  0.000 ( 0.001)	Loss 0.0000e+00 (2.7572e-02)	Acc@1 100.00 ( 99.00)	Acc@5 100.00 (100.00)
15-Mar-26 15:30:28 - Epoch: [24][ 499/1176]	Time  0.091 ( 0.094)	Data  0.000 ( 0.001)	Loss 0.0000e+00 (9.5276e-02)	Acc@1 100.00 ( 98.20)	Acc@5 100.00 (100.00)
15-Mar-26 15:30:37 - Epoch: [24][ 599/1176]	Time  0.093 ( 0.094)	Data  0.000 ( 0.001)	Loss 0.0000e+00 (1.1782e-01)	Acc@1 100.00 ( 98.17)	Acc@5 100.00 (100.00)
15-Mar-26 15:30:46 - Epoch: [24][ 699/1176]	Time  0.093 ( 0.094)	Data  0.000 ( 0.000)	Loss 0.0000e+00 (1.2843e-01)	Acc@1 100.00 ( 97.86)	Acc@5 100.00 (100.00)
15-Mar-26 15:30:56 - Epoch: [24][ 799/1176]	Time  0.090 ( 0.094)	Data  0.000 ( 0.000)	Loss 0.0000e+00 (1.3238e-01)	Acc@1 100.00 ( 98.00)	Acc@5 100.00 (100.00)
15-Mar-26 15:31:05 - Epoch: [24][ 899/1176]	Time  0.103 ( 0.094)	Data  0.001 ( 0.000)	Loss 0.0000e+00 (1.2743e-01)	Acc@1 100.00 ( 98.00)	Acc@5 100.00 (100.00)
15-Mar-26 15:31:14 - Epoch: [24][ 999/1176]	Time  0.091 ( 0.094)	Data  0.000 ( 0.000)	Loss 0.0000e+00 (1.3132e-01)	Acc@1 100.00 ( 98.00)	Acc@5 100.00 (100.00)
15-Mar-26 15:31:24 - Epoch: [24][1099/1176]	Time  0.092 ( 0.094)	Data  0.002 ( 0.000)	Loss 0.0000e+00 (1.1955e-01)	Acc@1 100.00 ( 98.18)	Acc@5 100.00 (100.00)
15-Mar-26 15:31:31 -  @Training * Acc@1 98.299 Acc@5 100.000 Loss 0.112
15-Mar-26 15:31:31 - One training epoch latency: 110.2s | Avg Power: 201.1W | Energy: 22156.1069J
15-Mar-26 15:31:38 -  @Testing * Acc@1 93.403 Acc@5 99.306 Loss 1.227
15-Mar-26 15:31:38 - Best acc at epoch 24: 93.40277862548828
15-Mar-26 15:31:38 - Last learning rate: [3.125e-05]
15-Mar-26 15:31:38 - 	 Epoch 25...
15-Mar-26 15:31:48 - Epoch: [25][  99/1176]	Time  0.092 ( 0.096)	Data  0.000 ( 0.002)	Loss 0.0000e+00 (6.8836e-05)	Acc@1 100.00 (100.00)	Acc@5 100.00 (100.00)
15-Mar-26 15:31:57 - Epoch: [25][ 199/1176]	Time  0.092 ( 0.095)	Data  0.000 ( 0.001)	Loss 0.0000e+00 (1.6232e-02)	Acc@1 100.00 ( 99.50)	Acc@5 100.00 (100.00)
15-Mar-26 15:32:07 - Epoch: [25][ 299/1176]	Time  0.092 ( 0.094)	Data  0.000 ( 0.001)	Loss 0.0000e+00 (2.1063e-02)	Acc@1 100.00 ( 99.33)	Acc@5 100.00 (100.00)
15-Mar-26 15:32:16 - Epoch: [25][ 399/1176]	Time  0.093 ( 0.094)	Data  0.001 ( 0.001)	Loss 0.0000e+00 (1.2042e-01)	Acc@1 100.00 ( 98.75)	Acc@5 100.00 (100.00)
15-Mar-26 15:32:25 - Epoch: [25][ 499/1176]	Time  0.092 ( 0.094)	Data  0.000 ( 0.001)	Loss 0.0000e+00 (9.6741e-02)	Acc@1 100.00 ( 99.00)	Acc@5 100.00 (100.00)
15-Mar-26 15:32:34 - Epoch: [25][ 599/1176]	Time  0.089 ( 0.094)	Data  0.000 ( 0.001)	Loss 0.0000e+00 (8.1763e-02)	Acc@1 100.00 ( 99.17)	Acc@5 100.00 (100.00)
15-Mar-26 15:32:44 - Epoch: [25][ 699/1176]	Time  0.093 ( 0.094)	Data  0.000 ( 0.001)	Loss 0.0000e+00 (7.2329e-02)	Acc@1 100.00 ( 99.14)	Acc@5 100.00 (100.00)
15-Mar-26 15:32:53 - Epoch: [25][ 799/1176]	Time  0.092 ( 0.093)	Data  0.000 ( 0.001)	Loss 0.0000e+00 (6.3355e-02)	Acc@1 100.00 ( 99.25)	Acc@5 100.00 (100.00)
15-Mar-26 15:33:02 - Epoch: [25][ 899/1176]	Time  0.089 ( 0.093)	Data  0.000 ( 0.001)	Loss 0.0000e+00 (8.1695e-02)	Acc@1 100.00 ( 99.11)	Acc@5 100.00 (100.00)
15-Mar-26 15:33:11 - Epoch: [25][ 999/1176]	Time  0.089 ( 0.093)	Data  0.000 ( 0.000)	Loss 0.0000e+00 (7.5110e-02)	Acc@1 100.00 ( 99.10)	Acc@5 100.00 (100.00)
15-Mar-26 15:33:21 - Epoch: [25][1099/1176]	Time  0.093 ( 0.093)	Data  0.000 ( 0.000)	Loss 0.0000e+00 (7.5657e-02)	Acc@1 100.00 ( 99.00)	Acc@5 100.00 (100.00)
15-Mar-26 15:33:28 -  @Training * Acc@1 98.980 Acc@5 100.000 Loss 0.079
15-Mar-26 15:33:28 - One training epoch latency: 109.6s | Avg Power: 206.9W | Energy: 22662.8866J
15-Mar-26 15:33:35 -  @Testing * Acc@1 90.972 Acc@5 99.653 Loss 1.283
15-Mar-26 15:33:35 - Best acc at epoch 25: 93.40277862548828
15-Mar-26 15:33:35 - Last learning rate: [3.125e-05]
15-Mar-26 15:33:35 - 	 Epoch 26...
15-Mar-26 15:33:44 - Epoch: [26][  99/1176]	Time  0.091 ( 0.094)	Data  0.000 ( 0.002)	Loss 0.0000e+00 (3.4882e-05)	Acc@1 100.00 (100.00)	Acc@5 100.00 (100.00)
15-Mar-26 15:33:54 - Epoch: [26][ 199/1176]	Time  0.092 ( 0.094)	Data  0.000 ( 0.001)	Loss 0.0000e+00 (8.6249e-02)	Acc@1 100.00 ( 99.50)	Acc@5 100.00 (100.00)
15-Mar-26 15:34:03 - Epoch: [26][ 299/1176]	Time  0.090 ( 0.094)	Data  0.000 ( 0.001)	Loss 0.0000e+00 (6.7434e-02)	Acc@1 100.00 ( 99.33)	Acc@5 100.00 (100.00)
15-Mar-26 15:34:12 - Epoch: [26][ 399/1176]	Time  0.093 ( 0.093)	Data  0.000 ( 0.001)	Loss 0.0000e+00 (7.9219e-02)	Acc@1 100.00 ( 99.25)	Acc@5 100.00 (100.00)
15-Mar-26 15:34:22 - Epoch: [26][ 499/1176]	Time  0.090 ( 0.093)	Data  0.000 ( 0.001)	Loss 0.0000e+00 (6.3432e-02)	Acc@1 100.00 ( 99.40)	Acc@5 100.00 (100.00)
15-Mar-26 15:34:31 - Epoch: [26][ 599/1176]	Time  0.089 ( 0.093)	Data  0.001 ( 0.001)	Loss 0.0000e+00 (5.3849e-02)	Acc@1 100.00 ( 99.50)	Acc@5 100.00 (100.00)
15-Mar-26 15:34:40 - Epoch: [26][ 699/1176]	Time  0.090 ( 0.093)	Data  0.000 ( 0.001)	Loss 0.0000e+00 (5.9519e-02)	Acc@1 100.00 ( 99.43)	Acc@5 100.00 (100.00)
15-Mar-26 15:34:49 - Epoch: [26][ 799/1176]	Time  0.094 ( 0.093)	Data  0.000 ( 0.000)	Loss 0.0000e+00 (8.7229e-02)	Acc@1 100.00 ( 99.12)	Acc@5 100.00 (100.00)
15-Mar-26 15:34:59 - Epoch: [26][ 899/1176]	Time  0.089 ( 0.093)	Data  0.000 ( 0.000)	Loss 1.0729e-06 (7.7612e-02)	Acc@1 100.00 ( 99.22)	Acc@5 100.00 (100.00)
15-Mar-26 15:35:08 - Epoch: [26][ 999/1176]	Time  0.091 ( 0.093)	Data  0.000 ( 0.000)	Loss 1.6780e+00 (7.1528e-02)	Acc@1   0.00 ( 99.20)	Acc@5 100.00 (100.00)
15-Mar-26 15:35:17 - Epoch: [26][1099/1176]	Time  0.090 ( 0.093)	Data  0.000 ( 0.000)	Loss 0.0000e+00 (8.4640e-02)	Acc@1 100.00 ( 99.09)	Acc@5 100.00 (100.00)
15-Mar-26 15:35:24 -  @Training * Acc@1 99.150 Acc@5 100.000 Loss 0.079
15-Mar-26 15:35:25 - One training epoch latency: 109.3s | Avg Power: 205.6W | Energy: 22467.4131J
15-Mar-26 15:35:31 -  @Testing * Acc@1 93.056 Acc@5 99.653 Loss 1.115
15-Mar-26 15:35:31 - Best acc at epoch 26: 93.40277862548828
15-Mar-26 15:35:32 - Last learning rate: [3.125e-05]
15-Mar-26 15:35:32 - 	 Epoch 27...
15-Mar-26 15:35:41 - Epoch: [27][  99/1176]	Time  0.096 ( 0.095)	Data  0.001 ( 0.002)	Loss 0.0000e+00 (0.0000e+00)	Acc@1 100.00 (100.00)	Acc@5 100.00 (100.00)
15-Mar-26 15:35:50 - Epoch: [27][ 199/1176]	Time  0.089 ( 0.094)	Data  0.000 ( 0.001)	Loss 1.1921e-07 (3.7907e-06)	Acc@1 100.00 (100.00)	Acc@5 100.00 (100.00)
15-Mar-26 15:36:00 - Epoch: [27][ 299/1176]	Time  0.091 ( 0.094)	Data  0.000 ( 0.001)	Loss 0.0000e+00 (8.6159e-02)	Acc@1 100.00 ( 99.00)	Acc@5 100.00 (100.00)
15-Mar-26 15:36:09 - Epoch: [27][ 399/1176]	Time  0.090 ( 0.094)	Data  0.000 ( 0.001)	Loss 0.0000e+00 (6.4963e-02)	Acc@1 100.00 ( 99.25)	Acc@5 100.00 (100.00)
15-Mar-26 15:36:18 - Epoch: [27][ 499/1176]	Time  0.089 ( 0.093)	Data  0.000 ( 0.001)	Loss 0.0000e+00 (5.2460e-02)	Acc@1 100.00 ( 99.40)	Acc@5 100.00 (100.00)
15-Mar-26 15:36:27 - Epoch: [27][ 599/1176]	Time  0.093 ( 0.093)	Data  0.000 ( 0.001)	Loss 0.0000e+00 (4.3762e-02)	Acc@1 100.00 ( 99.50)	Acc@5 100.00 (100.00)
15-Mar-26 15:36:37 - Epoch: [27][ 699/1176]	Time  0.091 ( 0.093)	Data  0.000 ( 0.001)	Loss 0.0000e+00 (4.5925e-02)	Acc@1 100.00 ( 99.43)	Acc@5 100.00 (100.00)
15-Mar-26 15:36:46 - Epoch: [27][ 799/1176]	Time  0.100 ( 0.093)	Data  0.001 ( 0.001)	Loss 0.0000e+00 (4.0189e-02)	Acc@1 100.00 ( 99.50)	Acc@5 100.00 (100.00)
15-Mar-26 15:36:55 - Epoch: [27][ 899/1176]	Time  0.093 ( 0.093)	Data  0.000 ( 0.001)	Loss 0.0000e+00 (7.0939e-02)	Acc@1 100.00 ( 99.11)	Acc@5 100.00 (100.00)
15-Mar-26 15:37:05 - Epoch: [27][ 999/1176]	Time  0.094 ( 0.093)	Data  0.000 ( 0.000)	Loss 0.0000e+00 (6.4287e-02)	Acc@1 100.00 ( 99.20)	Acc@5 100.00 (100.00)
15-Mar-26 15:37:14 - Epoch: [27][1099/1176]	Time  0.108 ( 0.093)	Data  0.000 ( 0.000)	Loss 0.0000e+00 (6.8550e-02)	Acc@1 100.00 ( 99.18)	Acc@5 100.00 (100.00)
15-Mar-26 15:37:21 -  @Training * Acc@1 99.235 Acc@5 100.000 Loss 0.064
15-Mar-26 15:37:21 - One training epoch latency: 109.7s | Avg Power: 203.0W | Energy: 22267.1699J
15-Mar-26 15:37:28 -  @Testing * Acc@1 92.361 Acc@5 99.306 Loss 1.199
15-Mar-26 15:37:28 - Best acc at epoch 27: 93.40277862548828
15-Mar-26 15:37:28 - Last learning rate: [3.125e-05]
15-Mar-26 15:37:29 - 	 Epoch 28...
15-Mar-26 15:37:38 - Epoch: [28][  99/1176]	Time  0.117 ( 0.096)	Data  0.000 ( 0.002)	Loss 0.0000e+00 (5.9595e-06)	Acc@1 100.00 (100.00)	Acc@5 100.00 (100.00)
15-Mar-26 15:37:47 - Epoch: [28][ 199/1176]	Time  0.093 ( 0.095)	Data  0.000 ( 0.001)	Loss 0.0000e+00 (4.2796e-03)	Acc@1 100.00 ( 99.50)	Acc@5 100.00 (100.00)
15-Mar-26 15:37:57 - Epoch: [28][ 299/1176]	Time  0.090 ( 0.094)	Data  0.000 ( 0.001)	Loss 0.0000e+00 (2.8633e-03)	Acc@1 100.00 ( 99.67)	Acc@5 100.00 (100.00)
15-Mar-26 15:38:06 - Epoch: [28][ 399/1176]	Time  0.095 ( 0.094)	Data  0.000 ( 0.001)	Loss 0.0000e+00 (3.8276e-03)	Acc@1 100.00 ( 99.75)	Acc@5 100.00 (100.00)
15-Mar-26 15:38:15 - Epoch: [28][ 499/1176]	Time  0.091 ( 0.094)	Data  0.000 ( 0.001)	Loss 0.0000e+00 (3.0626e-03)	Acc@1 100.00 ( 99.80)	Acc@5 100.00 (100.00)
15-Mar-26 15:38:25 - Epoch: [28][ 599/1176]	Time  0.092 ( 0.094)	Data  0.000 ( 0.001)	Loss 0.0000e+00 (1.1276e-02)	Acc@1 100.00 ( 99.67)	Acc@5 100.00 (100.00)
15-Mar-26 15:38:34 - Epoch: [28][ 699/1176]	Time  0.093 ( 0.094)	Data  0.000 ( 0.001)	Loss 0.0000e+00 (9.6647e-03)	Acc@1 100.00 ( 99.71)	Acc@5 100.00 (100.00)
15-Mar-26 15:38:43 - Epoch: [28][ 799/1176]	Time  0.092 ( 0.094)	Data  0.000 ( 0.000)	Loss 0.0000e+00 (8.5253e-03)	Acc@1 100.00 ( 99.75)	Acc@5 100.00 (100.00)
15-Mar-26 15:38:53 - Epoch: [28][ 899/1176]	Time  0.094 ( 0.094)	Data  0.000 ( 0.000)	Loss 0.0000e+00 (7.5781e-03)	Acc@1 100.00 ( 99.78)	Acc@5 100.00 (100.00)
15-Mar-26 15:39:02 - Epoch: [28][ 999/1176]	Time  0.093 ( 0.094)	Data  0.000 ( 0.000)	Loss 0.0000e+00 (6.8204e-03)	Acc@1 100.00 ( 99.80)	Acc@5 100.00 (100.00)
15-Mar-26 15:39:11 - Epoch: [28][1099/1176]	Time  0.091 ( 0.094)	Data  0.000 ( 0.000)	Loss 0.0000e+00 (2.0600e-02)	Acc@1 100.00 ( 99.64)	Acc@5 100.00 (100.00)
15-Mar-26 15:39:19 -  @Training * Acc@1 99.490 Acc@5 100.000 Loss 0.040
15-Mar-26 15:39:19 - One training epoch latency: 110.1s | Avg Power: 207.3W | Energy: 22825.9872J
15-Mar-26 15:39:26 -  @Testing * Acc@1 90.625 Acc@5 100.000 Loss 1.415
15-Mar-26 15:39:26 - Best acc at epoch 28: 93.40277862548828
15-Mar-26 15:39:26 - Last learning rate: [1.5625e-05]
15-Mar-26 15:39:26 - 	 Epoch 29...
15-Mar-26 15:39:35 - Epoch: [29][  99/1176]	Time  0.091 ( 0.096)	Data  0.000 ( 0.002)	Loss 0.0000e+00 (1.4331e-04)	Acc@1 100.00 (100.00)	Acc@5 100.00 (100.00)
15-Mar-26 15:39:45 - Epoch: [29][ 199/1176]	Time  0.093 ( 0.095)	Data  0.000 ( 0.001)	Loss 0.0000e+00 (7.1704e-05)	Acc@1 100.00 (100.00)	Acc@5 100.00 (100.00)
15-Mar-26 15:39:54 - Epoch: [29][ 299/1176]	Time  0.121 ( 0.094)	Data  0.011 ( 0.001)	Loss 0.0000e+00 (6.1746e-05)	Acc@1 100.00 (100.00)	Acc@5 100.00 (100.00)
15-Mar-26 15:40:03 - Epoch: [29][ 399/1176]	Time  0.090 ( 0.094)	Data  0.000 ( 0.001)	Loss 0.0000e+00 (4.6309e-05)	Acc@1 100.00 (100.00)	Acc@5 100.00 (100.00)
15-Mar-26 15:40:13 - Epoch: [29][ 499/1176]	Time  0.092 ( 0.094)	Data  0.000 ( 0.001)	Loss 0.0000e+00 (3.0343e-03)	Acc@1 100.00 ( 99.80)	Acc@5 100.00 (100.00)
15-Mar-26 15:40:22 - Epoch: [29][ 599/1176]	Time  0.114 ( 0.094)	Data  0.001 ( 0.001)	Loss 0.0000e+00 (2.5286e-03)	Acc@1 100.00 ( 99.83)	Acc@5 100.00 (100.00)
15-Mar-26 15:40:31 - Epoch: [29][ 699/1176]	Time  0.092 ( 0.094)	Data  0.000 ( 0.001)	Loss 0.0000e+00 (2.1674e-03)	Acc@1 100.00 ( 99.86)	Acc@5 100.00 (100.00)
15-Mar-26 15:40:41 - Epoch: [29][ 799/1176]	Time  0.093 ( 0.094)	Data  0.000 ( 0.001)	Loss 0.0000e+00 (9.2924e-03)	Acc@1 100.00 ( 99.75)	Acc@5 100.00 (100.00)
15-Mar-26 15:40:50 - Epoch: [29][ 899/1176]	Time  0.090 ( 0.094)	Data  0.000 ( 0.000)	Loss 0.0000e+00 (8.2604e-03)	Acc@1 100.00 ( 99.78)	Acc@5 100.00 (100.00)
15-Mar-26 15:40:59 - Epoch: [29][ 999/1176]	Time  0.093 ( 0.093)	Data  0.000 ( 0.000)	Loss 0.0000e+00 (7.4346e-03)	Acc@1 100.00 ( 99.80)	Acc@5 100.00 (100.00)
15-Mar-26 15:41:09 - Epoch: [29][1099/1176]	Time  0.091 ( 0.093)	Data  0.000 ( 0.000)	Loss 0.0000e+00 (6.7588e-03)	Acc@1 100.00 ( 99.82)	Acc@5 100.00 (100.00)
15-Mar-26 15:41:16 -  @Training * Acc@1 99.830 Acc@5 100.000 Loss 0.006
15-Mar-26 15:41:16 - One training epoch latency: 109.8s | Avg Power: 204.1W | Energy: 22419.5212J
15-Mar-26 15:41:23 -  @Testing * Acc@1 93.403 Acc@5 100.000 Loss 1.286
15-Mar-26 15:41:23 - Best acc at epoch 29: 93.40277862548828
15-Mar-26 15:41:23 - Last learning rate: [1.5625e-05]
15-Mar-26 15:41:23 - 	 Epoch 30...
15-Mar-26 15:41:32 - Epoch: [30][  99/1176]	Time  0.093 ( 0.095)	Data  0.001 ( 0.002)	Loss 0.0000e+00 (5.4239e-07)	Acc@1 100.00 (100.00)	Acc@5 100.00 (100.00)
15-Mar-26 15:41:42 - Epoch: [30][ 199/1176]	Time  0.094 ( 0.094)	Data  0.000 ( 0.001)	Loss 0.0000e+00 (2.7119e-07)	Acc@1 100.00 (100.00)	Acc@5 100.00 (100.00)
15-Mar-26 15:41:51 - Epoch: [30][ 299/1176]	Time  0.089 ( 0.094)	Data  0.001 ( 0.001)	Loss 0.0000e+00 (1.9788e-07)	Acc@1 100.00 (100.00)	Acc@5 100.00 (100.00)
15-Mar-26 15:42:00 - Epoch: [30][ 399/1176]	Time  0.092 ( 0.093)	Data  0.000 ( 0.001)	Loss 0.0000e+00 (1.8528e-02)	Acc@1 100.00 ( 99.75)	Acc@5 100.00 (100.00)
15-Mar-26 15:42:09 - Epoch: [30][ 499/1176]	Time  0.091 ( 0.093)	Data  0.000 ( 0.001)	Loss 0.0000e+00 (1.4823e-02)	Acc@1 100.00 ( 99.80)	Acc@5 100.00 (100.00)
15-Mar-26 15:42:19 - Epoch: [30][ 599/1176]	Time  0.089 ( 0.093)	Data  0.000 ( 0.001)	Loss 0.0000e+00 (1.2352e-02)	Acc@1 100.00 ( 99.83)	Acc@5 100.00 (100.00)
15-Mar-26 15:42:28 - Epoch: [30][ 699/1176]	Time  0.090 ( 0.093)	Data  0.001 ( 0.001)	Loss 0.0000e+00 (1.0588e-02)	Acc@1 100.00 ( 99.86)	Acc@5 100.00 (100.00)
15-Mar-26 15:42:37 - Epoch: [30][ 799/1176]	Time  0.090 ( 0.093)	Data  0.000 ( 0.001)	Loss 0.0000e+00 (9.2641e-03)	Acc@1 100.00 ( 99.88)	Acc@5 100.00 (100.00)
15-Mar-26 15:42:47 - Epoch: [30][ 899/1176]	Time  0.090 ( 0.093)	Data  0.000 ( 0.001)	Loss 0.0000e+00 (8.2348e-03)	Acc@1 100.00 ( 99.89)	Acc@5 100.00 (100.00)
15-Mar-26 15:42:56 - Epoch: [30][ 999/1176]	Time  0.093 ( 0.093)	Data  0.000 ( 0.001)	Loss 0.0000e+00 (7.4152e-03)	Acc@1 100.00 ( 99.90)	Acc@5 100.00 (100.00)
15-Mar-26 15:43:05 - Epoch: [30][1099/1176]	Time  0.098 ( 0.093)	Data  0.000 ( 0.000)	Loss 0.0000e+00 (6.7411e-03)	Acc@1 100.00 ( 99.91)	Acc@5 100.00 (100.00)
15-Mar-26 15:43:12 -  @Training * Acc@1 99.830 Acc@5 100.000 Loss 0.009
15-Mar-26 15:43:12 - One training epoch latency: 109.5s | Avg Power: 206.0W | Energy: 22553.2852J
15-Mar-26 15:43:19 -  @Testing * Acc@1 93.056 Acc@5 99.306 Loss 1.277
15-Mar-26 15:43:19 - Best acc at epoch 30: 93.40277862548828
15-Mar-26 15:43:19 - Last learning rate: [1.5625e-05]
15-Mar-26 15:43:19 - 	 Epoch 31...
15-Mar-26 15:43:29 - Epoch: [31][  99/1176]	Time  0.092 ( 0.095)	Data  0.000 ( 0.002)	Loss 0.0000e+00 (5.8662e-04)	Acc@1 100.00 (100.00)	Acc@5 100.00 (100.00)
15-Mar-26 15:43:38 - Epoch: [31][ 199/1176]	Time  0.090 ( 0.094)	Data  0.000 ( 0.001)	Loss 0.0000e+00 (3.5320e-04)	Acc@1 100.00 (100.00)	Acc@5 100.00 (100.00)
15-Mar-26 15:43:48 - Epoch: [31][ 299/1176]	Time  0.091 ( 0.094)	Data  0.000 ( 0.001)	Loss 0.0000e+00 (2.3547e-04)	Acc@1 100.00 (100.00)	Acc@5 100.00 (100.00)
15-Mar-26 15:43:57 - Epoch: [31][ 399/1176]	Time  0.091 ( 0.094)	Data  0.000 ( 0.001)	Loss 0.0000e+00 (1.7660e-04)	Acc@1 100.00 (100.00)	Acc@5 100.00 (100.00)
15-Mar-26 15:44:06 - Epoch: [31][ 499/1176]	Time  0.094 ( 0.094)	Data  0.000 ( 0.001)	Loss 0.0000e+00 (1.4129e-04)	Acc@1 100.00 (100.00)	Acc@5 100.00 (100.00)
15-Mar-26 15:44:16 - Epoch: [31][ 599/1176]	Time  0.089 ( 0.094)	Data  0.000 ( 0.001)	Loss 0.0000e+00 (1.1774e-04)	Acc@1 100.00 (100.00)	Acc@5 100.00 (100.00)
15-Mar-26 15:44:25 - Epoch: [31][ 699/1176]	Time  0.091 ( 0.094)	Data  0.000 ( 0.001)	Loss 0.0000e+00 (1.0092e-04)	Acc@1 100.00 (100.00)	Acc@5 100.00 (100.00)
15-Mar-26 15:44:34 - Epoch: [31][ 799/1176]	Time  0.094 ( 0.094)	Data  0.000 ( 0.000)	Loss 0.0000e+00 (8.8356e-05)	Acc@1 100.00 (100.00)	Acc@5 100.00 (100.00)
15-Mar-26 15:44:44 - Epoch: [31][ 899/1176]	Time  0.094 ( 0.094)	Data  0.000 ( 0.000)	Loss 0.0000e+00 (7.8540e-05)	Acc@1 100.00 (100.00)	Acc@5 100.00 (100.00)
15-Mar-26 15:44:53 - Epoch: [31][ 999/1176]	Time  0.093 ( 0.093)	Data  0.000 ( 0.000)	Loss 0.0000e+00 (7.6554e-05)	Acc@1 100.00 (100.00)	Acc@5 100.00 (100.00)
15-Mar-26 15:45:02 - Epoch: [31][1099/1176]	Time  0.090 ( 0.093)	Data  0.000 ( 0.000)	Loss 0.0000e+00 (6.9597e-05)	Acc@1 100.00 (100.00)	Acc@5 100.00 (100.00)
15-Mar-26 15:45:09 -  @Training * Acc@1 100.000 Acc@5 100.000 Loss 0.000
15-Mar-26 15:45:10 - One training epoch latency: 110.0s | Avg Power: 203.3W | Energy: 22363.3387J
15-Mar-26 15:45:17 -  @Testing * Acc@1 93.750 Acc@5 100.000 Loss 1.132
15-Mar-26 15:45:17 - Best acc at epoch 31: 93.75
15-Mar-26 15:45:17 - Last learning rate: [1.5625e-05]
15-Mar-26 15:45:17 - 	 Epoch 32...
15-Mar-26 15:45:26 - Epoch: [32][  99/1176]	Time  0.089 ( 0.096)	Data  0.000 ( 0.002)	Loss 0.0000e+00 (6.3775e-07)	Acc@1 100.00 (100.00)	Acc@5 100.00 (100.00)
15-Mar-26 15:45:36 - Epoch: [32][ 199/1176]	Time  0.093 ( 0.094)	Data  0.000 ( 0.001)	Loss 0.0000e+00 (3.1887e-07)	Acc@1 100.00 (100.00)	Acc@5 100.00 (100.00)
15-Mar-26 15:45:45 - Epoch: [32][ 299/1176]	Time  0.090 ( 0.094)	Data  0.000 ( 0.001)	Loss 0.0000e+00 (2.1258e-07)	Acc@1 100.00 (100.00)	Acc@5 100.00 (100.00)
15-Mar-26 15:45:54 - Epoch: [32][ 399/1176]	Time  0.089 ( 0.094)	Data  0.000 ( 0.001)	Loss 0.0000e+00 (1.6361e-07)	Acc@1 100.00 (100.00)	Acc@5 100.00 (100.00)
15-Mar-26 15:46:04 - Epoch: [32][ 499/1176]	Time  0.090 ( 0.094)	Data  0.000 ( 0.001)	Loss 0.0000e+00 (5.4368e-03)	Acc@1 100.00 ( 99.80)	Acc@5 100.00 (100.00)
15-Mar-26 15:46:13 - Epoch: [32][ 599/1176]	Time  0.094 ( 0.094)	Data  0.001 ( 0.001)	Loss 0.0000e+00 (3.4246e-02)	Acc@1 100.00 ( 99.67)	Acc@5 100.00 (100.00)
15-Mar-26 15:46:22 - Epoch: [32][ 699/1176]	Time  0.091 ( 0.094)	Data  0.000 ( 0.000)	Loss 0.0000e+00 (2.9353e-02)	Acc@1 100.00 ( 99.71)	Acc@5 100.00 (100.00)
15-Mar-26 15:46:32 - Epoch: [32][ 799/1176]	Time  0.089 ( 0.094)	Data  0.000 ( 0.000)	Loss 0.0000e+00 (2.5684e-02)	Acc@1 100.00 ( 99.75)	Acc@5 100.00 (100.00)
15-Mar-26 15:46:41 - Epoch: [32][ 899/1176]	Time  0.093 ( 0.094)	Data  0.000 ( 0.000)	Loss 0.0000e+00 (2.2830e-02)	Acc@1 100.00 ( 99.78)	Acc@5 100.00 (100.00)
15-Mar-26 15:46:50 - Epoch: [32][ 999/1176]	Time  0.092 ( 0.093)	Data  0.000 ( 0.000)	Loss 0.0000e+00 (2.0547e-02)	Acc@1 100.00 ( 99.80)	Acc@5 100.00 (100.00)
15-Mar-26 15:47:00 - Epoch: [32][1099/1176]	Time  0.091 ( 0.093)	Data  0.001 ( 0.000)	Loss 0.0000e+00 (1.8679e-02)	Acc@1 100.00 ( 99.82)	Acc@5 100.00 (100.00)
15-Mar-26 15:47:07 -  @Training * Acc@1 99.830 Acc@5 100.000 Loss 0.017
15-Mar-26 15:47:07 - One training epoch latency: 110.0s | Avg Power: 206.1W | Energy: 22664.4177J
15-Mar-26 15:47:14 -  @Testing * Acc@1 93.403 Acc@5 99.306 Loss 1.512
15-Mar-26 15:47:14 - Best acc at epoch 32: 93.75
15-Mar-26 15:47:14 - Last learning rate: [1.5625e-05]
15-Mar-26 15:47:14 - 	 Epoch 33...
15-Mar-26 15:47:24 - Epoch: [33][  99/1176]	Time  0.090 ( 0.096)	Data  0.000 ( 0.002)	Loss 0.0000e+00 (1.1921e-09)	Acc@1 100.00 (100.00)	Acc@5 100.00 (100.00)
15-Mar-26 15:47:33 - Epoch: [33][ 199/1176]	Time  0.093 ( 0.095)	Data  0.000 ( 0.001)	Loss 0.0000e+00 (5.9605e-10)	Acc@1 100.00 (100.00)	Acc@5 100.00 (100.00)
15-Mar-26 15:47:42 - Epoch: [33][ 299/1176]	Time  0.094 ( 0.094)	Data  0.000 ( 0.001)	Loss 0.0000e+00 (3.9736e-10)	Acc@1 100.00 (100.00)	Acc@5 100.00 (100.00)
15-Mar-26 15:47:52 - Epoch: [33][ 399/1176]	Time  0.093 ( 0.094)	Data  0.000 ( 0.001)	Loss 0.0000e+00 (2.6822e-09)	Acc@1 100.00 (100.00)	Acc@5 100.00 (100.00)
15-Mar-26 15:48:01 - Epoch: [33][ 499/1176]	Time  0.092 ( 0.094)	Data  0.000 ( 0.001)	Loss 0.0000e+00 (1.4992e-05)	Acc@1 100.00 (100.00)	Acc@5 100.00 (100.00)
15-Mar-26 15:48:10 - Epoch: [33][ 599/1176]	Time  0.091 ( 0.094)	Data  0.000 ( 0.001)	Loss 0.0000e+00 (1.2494e-05)	Acc@1 100.00 (100.00)	Acc@5 100.00 (100.00)
15-Mar-26 15:48:20 - Epoch: [33][ 699/1176]	Time  0.094 ( 0.094)	Data  0.000 ( 0.001)	Loss 0.0000e+00 (1.0709e-05)	Acc@1 100.00 (100.00)	Acc@5 100.00 (100.00)
15-Mar-26 15:48:29 - Epoch: [33][ 799/1176]	Time  0.107 ( 0.094)	Data  0.000 ( 0.001)	Loss 0.0000e+00 (2.1085e-03)	Acc@1 100.00 ( 99.88)	Acc@5 100.00 (100.00)
15-Mar-26 15:48:38 - Epoch: [33][ 899/1176]	Time  0.091 ( 0.094)	Data  0.000 ( 0.001)	Loss 0.0000e+00 (1.8776e-03)	Acc@1 100.00 ( 99.89)	Acc@5 100.00 (100.00)
15-Mar-26 15:48:48 - Epoch: [33][ 999/1176]	Time  0.094 ( 0.094)	Data  0.000 ( 0.001)	Loss 0.0000e+00 (1.6902e-03)	Acc@1 100.00 ( 99.90)	Acc@5 100.00 (100.00)
15-Mar-26 15:48:57 - Epoch: [33][1099/1176]	Time  0.097 ( 0.094)	Data  0.000 ( 0.001)	Loss 0.0000e+00 (1.5365e-03)	Acc@1 100.00 ( 99.91)	Acc@5 100.00 (100.00)
15-Mar-26 15:49:04 -  @Training * Acc@1 99.915 Acc@5 100.000 Loss 0.001
15-Mar-26 15:49:04 - One training epoch latency: 110.2s | Avg Power: 204.9W | Energy: 22571.1214J
15-Mar-26 15:49:11 -  @Testing * Acc@1 93.750 Acc@5 99.306 Loss 1.328
15-Mar-26 15:49:11 - Best acc at epoch 33: 93.75
15-Mar-26 15:49:11 - Last learning rate: [1.5625e-05]
15-Mar-26 15:49:11 - 	 Epoch 34...
15-Mar-26 15:49:21 - Epoch: [34][  99/1176]	Time  0.090 ( 0.095)	Data  0.000 ( 0.002)	Loss 0.0000e+00 (0.0000e+00)	Acc@1 100.00 (100.00)	Acc@5 100.00 (100.00)
15-Mar-26 15:49:30 - Epoch: [34][ 199/1176]	Time  0.093 ( 0.095)	Data  0.000 ( 0.001)	Loss 0.0000e+00 (0.0000e+00)	Acc@1 100.00 (100.00)	Acc@5 100.00 (100.00)
15-Mar-26 15:49:40 - Epoch: [34][ 299/1176]	Time  0.093 ( 0.094)	Data  0.000 ( 0.001)	Loss 0.0000e+00 (0.0000e+00)	Acc@1 100.00 (100.00)	Acc@5 100.00 (100.00)
15-Mar-26 15:49:49 - Epoch: [34][ 399/1176]	Time  0.090 ( 0.094)	Data  0.001 ( 0.001)	Loss 0.0000e+00 (0.0000e+00)	Acc@1 100.00 (100.00)	Acc@5 100.00 (100.00)
15-Mar-26 15:49:58 - Epoch: [34][ 499/1176]	Time  0.090 ( 0.094)	Data  0.000 ( 0.001)	Loss 0.0000e+00 (1.5234e-07)	Acc@1 100.00 (100.00)	Acc@5 100.00 (100.00)
15-Mar-26 15:50:08 - Epoch: [34][ 599/1176]	Time  0.090 ( 0.094)	Data  0.000 ( 0.001)	Loss 0.0000e+00 (1.2695e-07)	Acc@1 100.00 (100.00)	Acc@5 100.00 (100.00)
15-Mar-26 15:50:17 - Epoch: [34][ 699/1176]	Time  0.090 ( 0.093)	Data  0.000 ( 0.001)	Loss 0.0000e+00 (1.0882e-07)	Acc@1 100.00 (100.00)	Acc@5 100.00 (100.00)
15-Mar-26 15:50:26 - Epoch: [34][ 799/1176]	Time  0.090 ( 0.093)	Data  0.001 ( 0.001)	Loss 0.0000e+00 (9.5215e-08)	Acc@1 100.00 (100.00)	Acc@5 100.00 (100.00)
15-Mar-26 15:50:35 - Epoch: [34][ 899/1176]	Time  0.103 ( 0.093)	Data  0.000 ( 0.000)	Loss 0.0000e+00 (8.4635e-08)	Acc@1 100.00 (100.00)	Acc@5 100.00 (100.00)
15-Mar-26 15:50:44 - Epoch: [34][ 999/1176]	Time  0.091 ( 0.093)	Data  0.001 ( 0.000)	Loss 0.0000e+00 (7.6172e-08)	Acc@1 100.00 (100.00)	Acc@5 100.00 (100.00)
15-Mar-26 15:50:54 - Epoch: [34][1099/1176]	Time  0.091 ( 0.093)	Data  0.000 ( 0.000)	Loss 0.0000e+00 (1.1422e-07)	Acc@1 100.00 (100.00)	Acc@5 100.00 (100.00)
15-Mar-26 15:51:01 -  @Training * Acc@1 100.000 Acc@5 100.000 Loss 0.000
15-Mar-26 15:51:01 - One training epoch latency: 109.3s | Avg Power: 204.9W | Energy: 22385.5053J
15-Mar-26 15:51:08 -  @Testing * Acc@1 94.444 Acc@5 99.306 Loss 1.242
15-Mar-26 15:51:08 - Best acc at epoch 34: 94.44444274902344
15-Mar-26 15:51:08 - Last learning rate: [7.8125e-06]
15-Mar-26 15:51:08 - 	 Epoch 35...
15-Mar-26 15:51:17 - Epoch: [35][  99/1176]	Time  0.090 ( 0.094)	Data  0.000 ( 0.002)	Loss 0.0000e+00 (0.0000e+00)	Acc@1 100.00 (100.00)	Acc@5 100.00 (100.00)
15-Mar-26 15:51:27 - Epoch: [35][ 199/1176]	Time  0.094 ( 0.094)	Data  0.000 ( 0.001)	Loss 0.0000e+00 (0.0000e+00)	Acc@1 100.00 (100.00)	Acc@5 100.00 (100.00)
15-Mar-26 15:51:36 - Epoch: [35][ 299/1176]	Time  0.091 ( 0.093)	Data  0.000 ( 0.001)	Loss 0.0000e+00 (0.0000e+00)	Acc@1 100.00 (100.00)	Acc@5 100.00 (100.00)
15-Mar-26 15:51:45 - Epoch: [35][ 399/1176]	Time  0.089 ( 0.093)	Data  0.000 ( 0.001)	Loss 0.0000e+00 (0.0000e+00)	Acc@1 100.00 (100.00)	Acc@5 100.00 (100.00)
15-Mar-26 15:51:54 - Epoch: [35][ 499/1176]	Time  0.088 ( 0.093)	Data  0.000 ( 0.001)	Loss 0.0000e+00 (0.0000e+00)	Acc@1 100.00 (100.00)	Acc@5 100.00 (100.00)
15-Mar-26 15:52:03 - Epoch: [35][ 599/1176]	Time  0.089 ( 0.093)	Data  0.000 ( 0.001)	Loss 0.0000e+00 (0.0000e+00)	Acc@1 100.00 (100.00)	Acc@5 100.00 (100.00)
15-Mar-26 15:52:13 - Epoch: [35][ 699/1176]	Time  0.090 ( 0.093)	Data  0.000 ( 0.001)	Loss 0.0000e+00 (0.0000e+00)	Acc@1 100.00 (100.00)	Acc@5 100.00 (100.00)
15-Mar-26 15:52:22 - Epoch: [35][ 799/1176]	Time  0.093 ( 0.093)	Data  0.000 ( 0.000)	Loss 0.0000e+00 (0.0000e+00)	Acc@1 100.00 (100.00)	Acc@5 100.00 (100.00)
15-Mar-26 15:52:31 - Epoch: [35][ 899/1176]	Time  0.100 ( 0.093)	Data  0.000 ( 0.000)	Loss 0.0000e+00 (0.0000e+00)	Acc@1 100.00 (100.00)	Acc@5 100.00 (100.00)
15-Mar-26 15:52:40 - Epoch: [35][ 999/1176]	Time  0.091 ( 0.093)	Data  0.000 ( 0.000)	Loss 0.0000e+00 (0.0000e+00)	Acc@1 100.00 (100.00)	Acc@5 100.00 (100.00)
15-Mar-26 15:52:50 - Epoch: [35][1099/1176]	Time  0.090 ( 0.093)	Data  0.000 ( 0.000)	Loss 0.0000e+00 (0.0000e+00)	Acc@1 100.00 (100.00)	Acc@5 100.00 (100.00)
15-Mar-26 15:52:57 -  @Training * Acc@1 100.000 Acc@5 100.000 Loss 0.000
15-Mar-26 15:52:57 - One training epoch latency: 108.9s | Avg Power: 206.7W | Energy: 22502.0277J
15-Mar-26 15:53:04 -  @Testing * Acc@1 94.792 Acc@5 99.653 Loss 1.139
15-Mar-26 15:53:04 - Best acc at epoch 35: 94.79166412353516
15-Mar-26 15:53:04 - Last learning rate: [7.8125e-06]
15-Mar-26 15:53:04 - 	 Epoch 36...
15-Mar-26 15:53:14 - Epoch: [36][  99/1176]	Time  0.092 ( 0.095)	Data  0.001 ( 0.002)	Loss 0.0000e+00 (0.0000e+00)	Acc@1 100.00 (100.00)	Acc@5 100.00 (100.00)
15-Mar-26 15:53:23 - Epoch: [36][ 199/1176]	Time  0.091 ( 0.094)	Data  0.000 ( 0.001)	Loss 0.0000e+00 (0.0000e+00)	Acc@1 100.00 (100.00)	Acc@5 100.00 (100.00)
15-Mar-26 15:53:32 - Epoch: [36][ 299/1176]	Time  0.089 ( 0.094)	Data  0.000 ( 0.001)	Loss 0.0000e+00 (0.0000e+00)	Acc@1 100.00 (100.00)	Acc@5 100.00 (100.00)
15-Mar-26 15:53:41 - Epoch: [36][ 399/1176]	Time  0.093 ( 0.094)	Data  0.000 ( 0.001)	Loss 0.0000e+00 (0.0000e+00)	Acc@1 100.00 (100.00)	Acc@5 100.00 (100.00)
15-Mar-26 15:53:51 - Epoch: [36][ 499/1176]	Time  0.091 ( 0.093)	Data  0.000 ( 0.001)	Loss 0.0000e+00 (0.0000e+00)	Acc@1 100.00 (100.00)	Acc@5 100.00 (100.00)
15-Mar-26 15:54:00 - Epoch: [36][ 599/1176]	Time  0.091 ( 0.093)	Data  0.000 ( 0.001)	Loss 0.0000e+00 (0.0000e+00)	Acc@1 100.00 (100.00)	Acc@5 100.00 (100.00)
15-Mar-26 15:54:09 - Epoch: [36][ 699/1176]	Time  0.094 ( 0.093)	Data  0.000 ( 0.001)	Loss 0.0000e+00 (0.0000e+00)	Acc@1 100.00 (100.00)	Acc@5 100.00 (100.00)
15-Mar-26 15:54:18 - Epoch: [36][ 799/1176]	Time  0.090 ( 0.093)	Data  0.000 ( 0.001)	Loss 0.0000e+00 (0.0000e+00)	Acc@1 100.00 (100.00)	Acc@5 100.00 (100.00)
15-Mar-26 15:54:28 - Epoch: [36][ 899/1176]	Time  0.090 ( 0.093)	Data  0.001 ( 0.000)	Loss 0.0000e+00 (0.0000e+00)	Acc@1 100.00 (100.00)	Acc@5 100.00 (100.00)
15-Mar-26 15:54:37 - Epoch: [36][ 999/1176]	Time  0.092 ( 0.093)	Data  0.000 ( 0.000)	Loss 0.0000e+00 (0.0000e+00)	Acc@1 100.00 (100.00)	Acc@5 100.00 (100.00)
15-Mar-26 15:54:46 - Epoch: [36][1099/1176]	Time  0.094 ( 0.093)	Data  0.000 ( 0.000)	Loss 0.0000e+00 (0.0000e+00)	Acc@1 100.00 (100.00)	Acc@5 100.00 (100.00)
15-Mar-26 15:54:53 -  @Training * Acc@1 100.000 Acc@5 100.000 Loss 0.000
15-Mar-26 15:54:53 - One training epoch latency: 109.3s | Avg Power: 205.5W | Energy: 22465.0538J
15-Mar-26 15:55:00 -  @Testing * Acc@1 94.097 Acc@5 99.306 Loss 1.256
15-Mar-26 15:55:00 - Best acc at epoch 36: 94.79166412353516
15-Mar-26 15:55:00 - Last learning rate: [7.8125e-06]
15-Mar-26 15:55:00 - 	 Epoch 37...
15-Mar-26 15:55:10 - Epoch: [37][  99/1176]	Time  0.090 ( 0.095)	Data  0.000 ( 0.002)	Loss 0.0000e+00 (0.0000e+00)	Acc@1 100.00 (100.00)	Acc@5 100.00 (100.00)
15-Mar-26 15:55:19 - Epoch: [37][ 199/1176]	Time  0.091 ( 0.094)	Data  0.000 ( 0.001)	Loss 0.0000e+00 (0.0000e+00)	Acc@1 100.00 (100.00)	Acc@5 100.00 (100.00)
15-Mar-26 15:55:29 - Epoch: [37][ 299/1176]	Time  0.093 ( 0.094)	Data  0.000 ( 0.001)	Loss 0.0000e+00 (0.0000e+00)	Acc@1 100.00 (100.00)	Acc@5 100.00 (100.00)
15-Mar-26 15:55:38 - Epoch: [37][ 399/1176]	Time  0.092 ( 0.093)	Data  0.001 ( 0.001)	Loss 0.0000e+00 (0.0000e+00)	Acc@1 100.00 (100.00)	Acc@5 100.00 (100.00)
15-Mar-26 15:55:47 - Epoch: [37][ 499/1176]	Time  0.110 ( 0.093)	Data  0.000 ( 0.001)	Loss 0.0000e+00 (0.0000e+00)	Acc@1 100.00 (100.00)	Acc@5 100.00 (100.00)
15-Mar-26 15:55:56 - Epoch: [37][ 599/1176]	Time  0.091 ( 0.093)	Data  0.000 ( 0.001)	Loss 0.0000e+00 (0.0000e+00)	Acc@1 100.00 (100.00)	Acc@5 100.00 (100.00)
15-Mar-26 15:56:06 - Epoch: [37][ 699/1176]	Time  0.094 ( 0.093)	Data  0.000 ( 0.001)	Loss 0.0000e+00 (0.0000e+00)	Acc@1 100.00 (100.00)	Acc@5 100.00 (100.00)
15-Mar-26 15:56:15 - Epoch: [37][ 799/1176]	Time  0.088 ( 0.093)	Data  0.000 ( 0.001)	Loss 0.0000e+00 (0.0000e+00)	Acc@1 100.00 (100.00)	Acc@5 100.00 (100.00)
15-Mar-26 15:56:24 - Epoch: [37][ 899/1176]	Time  0.094 ( 0.093)	Data  0.000 ( 0.000)	Loss 0.0000e+00 (0.0000e+00)	Acc@1 100.00 (100.00)	Acc@5 100.00 (100.00)
15-Mar-26 15:56:33 - Epoch: [37][ 999/1176]	Time  0.094 ( 0.093)	Data  0.000 ( 0.000)	Loss 0.0000e+00 (0.0000e+00)	Acc@1 100.00 (100.00)	Acc@5 100.00 (100.00)
15-Mar-26 15:56:43 - Epoch: [37][1099/1176]	Time  0.094 ( 0.093)	Data  0.000 ( 0.000)	Loss 0.0000e+00 (0.0000e+00)	Acc@1 100.00 (100.00)	Acc@5 100.00 (100.00)
15-Mar-26 15:56:50 -  @Training * Acc@1 100.000 Acc@5 100.000 Loss 0.000
15-Mar-26 15:56:50 - One training epoch latency: 109.3s | Avg Power: 205.0W | Energy: 22411.5858J
15-Mar-26 15:56:57 -  @Testing * Acc@1 93.750 Acc@5 99.653 Loss 1.216
15-Mar-26 15:56:57 - Best acc at epoch 37: 94.79166412353516
15-Mar-26 15:56:57 - Last learning rate: [7.8125e-06]
15-Mar-26 15:56:57 - 	 Epoch 38...
15-Mar-26 15:57:07 - Epoch: [38][  99/1176]	Time  0.092 ( 0.095)	Data  0.000 ( 0.002)	Loss 0.0000e+00 (0.0000e+00)	Acc@1 100.00 (100.00)	Acc@5 100.00 (100.00)
15-Mar-26 15:57:16 - Epoch: [38][ 199/1176]	Time  0.092 ( 0.094)	Data  0.000 ( 0.001)	Loss 0.0000e+00 (0.0000e+00)	Acc@1 100.00 (100.00)	Acc@5 100.00 (100.00)
15-Mar-26 15:57:25 - Epoch: [38][ 299/1176]	Time  0.091 ( 0.094)	Data  0.000 ( 0.001)	Loss 0.0000e+00 (0.0000e+00)	Acc@1 100.00 (100.00)	Acc@5 100.00 (100.00)
15-Mar-26 15:57:35 - Epoch: [38][ 399/1176]	Time  0.092 ( 0.094)	Data  0.000 ( 0.001)	Loss 0.0000e+00 (0.0000e+00)	Acc@1 100.00 (100.00)	Acc@5 100.00 (100.00)
15-Mar-26 15:57:44 - Epoch: [38][ 499/1176]	Time  0.092 ( 0.094)	Data  0.000 ( 0.001)	Loss 0.0000e+00 (0.0000e+00)	Acc@1 100.00 (100.00)	Acc@5 100.00 (100.00)
15-Mar-26 15:57:54 - Epoch: [38][ 599/1176]	Time  0.093 ( 0.094)	Data  0.000 ( 0.001)	Loss 0.0000e+00 (0.0000e+00)	Acc@1 100.00 (100.00)	Acc@5 100.00 (100.00)
15-Mar-26 15:58:03 - Epoch: [38][ 699/1176]	Time  0.093 ( 0.094)	Data  0.000 ( 0.001)	Loss 0.0000e+00 (0.0000e+00)	Acc@1 100.00 (100.00)	Acc@5 100.00 (100.00)
15-Mar-26 15:58:12 - Epoch: [38][ 799/1176]	Time  0.091 ( 0.094)	Data  0.000 ( 0.001)	Loss 0.0000e+00 (0.0000e+00)	Acc@1 100.00 (100.00)	Acc@5 100.00 (100.00)
15-Mar-26 15:58:22 - Epoch: [38][ 899/1176]	Time  0.093 ( 0.094)	Data  0.000 ( 0.001)	Loss 0.0000e+00 (0.0000e+00)	Acc@1 100.00 (100.00)	Acc@5 100.00 (100.00)
15-Mar-26 15:58:31 - Epoch: [38][ 999/1176]	Time  0.102 ( 0.094)	Data  0.000 ( 0.001)	Loss 0.0000e+00 (0.0000e+00)	Acc@1 100.00 (100.00)	Acc@5 100.00 (100.00)
15-Mar-26 15:58:40 - Epoch: [38][1099/1176]	Time  0.089 ( 0.094)	Data  0.000 ( 0.000)	Loss 0.0000e+00 (0.0000e+00)	Acc@1 100.00 (100.00)	Acc@5 100.00 (100.00)
15-Mar-26 15:58:48 -  @Training * Acc@1 100.000 Acc@5 100.000 Loss 0.000
15-Mar-26 15:58:48 - One training epoch latency: 110.6s | Avg Power: 204.7W | Energy: 22635.0099J
15-Mar-26 15:58:55 -  @Testing * Acc@1 94.097 Acc@5 99.306 Loss 1.393
15-Mar-26 15:58:55 - Best acc at epoch 38: 94.79166412353516
15-Mar-26 15:58:55 - Last learning rate: [7.8125e-06]
15-Mar-26 15:58:55 - 	 Epoch 39...
15-Mar-26 15:59:04 - Epoch: [39][  99/1176]	Time  0.092 ( 0.096)	Data  0.000 ( 0.002)	Loss 0.0000e+00 (0.0000e+00)	Acc@1 100.00 (100.00)	Acc@5 100.00 (100.00)
15-Mar-26 15:59:14 - Epoch: [39][ 199/1176]	Time  0.092 ( 0.095)	Data  0.000 ( 0.001)	Loss 0.0000e+00 (0.0000e+00)	Acc@1 100.00 (100.00)	Acc@5 100.00 (100.00)
15-Mar-26 15:59:23 - Epoch: [39][ 299/1176]	Time  0.092 ( 0.095)	Data  0.001 ( 0.001)	Loss 0.0000e+00 (0.0000e+00)	Acc@1 100.00 (100.00)	Acc@5 100.00 (100.00)
15-Mar-26 15:59:33 - Epoch: [39][ 399/1176]	Time  0.093 ( 0.094)	Data  0.001 ( 0.001)	Loss 0.0000e+00 (0.0000e+00)	Acc@1 100.00 (100.00)	Acc@5 100.00 (100.00)
15-Mar-26 15:59:42 - Epoch: [39][ 499/1176]	Time  0.091 ( 0.094)	Data  0.000 ( 0.001)	Loss 0.0000e+00 (0.0000e+00)	Acc@1 100.00 (100.00)	Acc@5 100.00 (100.00)
15-Mar-26 15:59:51 - Epoch: [39][ 599/1176]	Time  0.092 ( 0.094)	Data  0.000 ( 0.001)	Loss 0.0000e+00 (0.0000e+00)	Acc@1 100.00 (100.00)	Acc@5 100.00 (100.00)
15-Mar-26 16:00:01 - Epoch: [39][ 699/1176]	Time  0.091 ( 0.094)	Data  0.000 ( 0.001)	Loss 0.0000e+00 (0.0000e+00)	Acc@1 100.00 (100.00)	Acc@5 100.00 (100.00)
15-Mar-26 16:00:10 - Epoch: [39][ 799/1176]	Time  0.092 ( 0.094)	Data  0.000 ( 0.001)	Loss 0.0000e+00 (0.0000e+00)	Acc@1 100.00 (100.00)	Acc@5 100.00 (100.00)
15-Mar-26 16:00:19 - Epoch: [39][ 899/1176]	Time  0.107 ( 0.094)	Data  0.000 ( 0.001)	Loss 0.0000e+00 (0.0000e+00)	Acc@1 100.00 (100.00)	Acc@5 100.00 (100.00)
15-Mar-26 16:00:28 - Epoch: [39][ 999/1176]	Time  0.092 ( 0.094)	Data  0.000 ( 0.000)	Loss 0.0000e+00 (0.0000e+00)	Acc@1 100.00 (100.00)	Acc@5 100.00 (100.00)
15-Mar-26 16:00:38 - Epoch: [39][1099/1176]	Time  0.091 ( 0.094)	Data  0.000 ( 0.000)	Loss 0.0000e+00 (0.0000e+00)	Acc@1 100.00 (100.00)	Acc@5 100.00 (100.00)
15-Mar-26 16:00:45 -  @Training * Acc@1 100.000 Acc@5 100.000 Loss 0.000
15-Mar-26 16:00:45 - One training epoch latency: 110.0s | Avg Power: 203.9W | Energy: 22439.4697J
15-Mar-26 16:00:52 -  @Testing * Acc@1 94.444 Acc@5 99.653 Loss 1.468
15-Mar-26 16:00:52 - Best acc at epoch 39: 94.79166412353516
15-Mar-26 16:00:52 - Last learning rate: [7.8125e-06]
15-Mar-26 16:00:52 - 	 Epoch 40...
15-Mar-26 16:01:02 - Epoch: [40][  99/1176]	Time  0.091 ( 0.095)	Data  0.001 ( 0.002)	Loss 0.0000e+00 (0.0000e+00)	Acc@1 100.00 (100.00)	Acc@5 100.00 (100.00)
15-Mar-26 16:01:11 - Epoch: [40][ 199/1176]	Time  0.093 ( 0.094)	Data  0.000 ( 0.001)	Loss 0.0000e+00 (0.0000e+00)	Acc@1 100.00 (100.00)	Acc@5 100.00 (100.00)
15-Mar-26 16:01:20 - Epoch: [40][ 299/1176]	Time  0.091 ( 0.094)	Data  0.000 ( 0.001)	Loss 0.0000e+00 (0.0000e+00)	Acc@1 100.00 (100.00)	Acc@5 100.00 (100.00)
15-Mar-26 16:01:30 - Epoch: [40][ 399/1176]	Time  0.093 ( 0.094)	Data  0.000 ( 0.001)	Loss 0.0000e+00 (0.0000e+00)	Acc@1 100.00 (100.00)	Acc@5 100.00 (100.00)
15-Mar-26 16:01:39 - Epoch: [40][ 499/1176]	Time  0.093 ( 0.094)	Data  0.000 ( 0.001)	Loss 0.0000e+00 (0.0000e+00)	Acc@1 100.00 (100.00)	Acc@5 100.00 (100.00)
15-Mar-26 16:01:48 - Epoch: [40][ 599/1176]	Time  0.092 ( 0.094)	Data  0.000 ( 0.001)	Loss 0.0000e+00 (0.0000e+00)	Acc@1 100.00 (100.00)	Acc@5 100.00 (100.00)
15-Mar-26 16:01:58 - Epoch: [40][ 699/1176]	Time  0.092 ( 0.094)	Data  0.000 ( 0.001)	Loss 0.0000e+00 (0.0000e+00)	Acc@1 100.00 (100.00)	Acc@5 100.00 (100.00)
15-Mar-26 16:02:07 - Epoch: [40][ 799/1176]	Time  0.092 ( 0.094)	Data  0.000 ( 0.001)	Loss 0.0000e+00 (0.0000e+00)	Acc@1 100.00 (100.00)	Acc@5 100.00 (100.00)
15-Mar-26 16:02:16 - Epoch: [40][ 899/1176]	Time  0.090 ( 0.094)	Data  0.000 ( 0.001)	Loss 0.0000e+00 (0.0000e+00)	Acc@1 100.00 (100.00)	Acc@5 100.00 (100.00)
15-Mar-26 16:02:26 - Epoch: [40][ 999/1176]	Time  0.092 ( 0.094)	Data  0.000 ( 0.000)	Loss 0.0000e+00 (0.0000e+00)	Acc@1 100.00 (100.00)	Acc@5 100.00 (100.00)
15-Mar-26 16:02:35 - Epoch: [40][1099/1176]	Time  0.094 ( 0.094)	Data  0.000 ( 0.000)	Loss 0.0000e+00 (0.0000e+00)	Acc@1 100.00 (100.00)	Acc@5 100.00 (100.00)
15-Mar-26 16:02:43 -  @Training * Acc@1 100.000 Acc@5 100.000 Loss 0.000
15-Mar-26 16:02:43 - One training epoch latency: 110.6s | Avg Power: 204.7W | Energy: 22640.8494J
15-Mar-26 16:02:50 -  @Testing * Acc@1 92.708 Acc@5 99.306 Loss 1.476
15-Mar-26 16:02:50 - Best acc at epoch 40: 94.79166412353516
15-Mar-26 16:02:50 - Last learning rate: [3.90625e-06]
15-Mar-26 16:02:50 - 	 Epoch 41...
15-Mar-26 16:02:59 - Epoch: [41][  99/1176]	Time  0.094 ( 0.096)	Data  0.000 ( 0.002)	Loss 0.0000e+00 (0.0000e+00)	Acc@1 100.00 (100.00)	Acc@5 100.00 (100.00)
15-Mar-26 16:03:09 - Epoch: [41][ 199/1176]	Time  0.093 ( 0.095)	Data  0.000 ( 0.001)	Loss 0.0000e+00 (0.0000e+00)	Acc@1 100.00 (100.00)	Acc@5 100.00 (100.00)
15-Mar-26 16:03:18 - Epoch: [41][ 299/1176]	Time  0.114 ( 0.095)	Data  0.006 ( 0.001)	Loss 0.0000e+00 (0.0000e+00)	Acc@1 100.00 (100.00)	Acc@5 100.00 (100.00)
15-Mar-26 16:03:28 - Epoch: [41][ 399/1176]	Time  0.092 ( 0.095)	Data  0.000 ( 0.001)	Loss 0.0000e+00 (0.0000e+00)	Acc@1 100.00 (100.00)	Acc@5 100.00 (100.00)
15-Mar-26 16:03:37 - Epoch: [41][ 499/1176]	Time  0.091 ( 0.094)	Data  0.000 ( 0.001)	Loss 0.0000e+00 (0.0000e+00)	Acc@1 100.00 (100.00)	Acc@5 100.00 (100.00)
15-Mar-26 16:03:46 - Epoch: [41][ 599/1176]	Time  0.093 ( 0.094)	Data  0.000 ( 0.001)	Loss 0.0000e+00 (0.0000e+00)	Acc@1 100.00 (100.00)	Acc@5 100.00 (100.00)
15-Mar-26 16:03:56 - Epoch: [41][ 699/1176]	Time  0.092 ( 0.094)	Data  0.001 ( 0.001)	Loss 0.0000e+00 (0.0000e+00)	Acc@1 100.00 (100.00)	Acc@5 100.00 (100.00)
15-Mar-26 16:04:05 - Epoch: [41][ 799/1176]	Time  0.113 ( 0.094)	Data  0.000 ( 0.001)	Loss 0.0000e+00 (0.0000e+00)	Acc@1 100.00 (100.00)	Acc@5 100.00 (100.00)
15-Mar-26 16:04:15 - Epoch: [41][ 899/1176]	Time  0.093 ( 0.094)	Data  0.000 ( 0.001)	Loss 0.0000e+00 (0.0000e+00)	Acc@1 100.00 (100.00)	Acc@5 100.00 (100.00)
15-Mar-26 16:04:24 - Epoch: [41][ 999/1176]	Time  0.092 ( 0.094)	Data  0.000 ( 0.001)	Loss 0.0000e+00 (0.0000e+00)	Acc@1 100.00 (100.00)	Acc@5 100.00 (100.00)
15-Mar-26 16:04:33 - Epoch: [41][1099/1176]	Time  0.093 ( 0.094)	Data  0.000 ( 0.000)	Loss 0.0000e+00 (0.0000e+00)	Acc@1 100.00 (100.00)	Acc@5 100.00 (100.00)
15-Mar-26 16:04:40 -  @Training * Acc@1 100.000 Acc@5 100.000 Loss 0.000
15-Mar-26 16:04:41 - One training epoch latency: 110.7s | Avg Power: 204.7W | Energy: 22664.5201J
15-Mar-26 16:04:48 -  @Testing * Acc@1 95.139 Acc@5 99.306 Loss 1.318
15-Mar-26 16:04:48 - Best acc at epoch 41: 95.1388931274414
15-Mar-26 16:04:48 - Last learning rate: [3.90625e-06]
15-Mar-26 16:04:48 - 	 Epoch 42...
15-Mar-26 16:04:57 - Epoch: [42][  99/1176]	Time  0.092 ( 0.096)	Data  0.000 ( 0.002)	Loss 0.0000e+00 (0.0000e+00)	Acc@1 100.00 (100.00)	Acc@5 100.00 (100.00)
15-Mar-26 16:05:07 - Epoch: [42][ 199/1176]	Time  0.092 ( 0.095)	Data  0.000 ( 0.001)	Loss 0.0000e+00 (0.0000e+00)	Acc@1 100.00 (100.00)	Acc@5 100.00 (100.00)
15-Mar-26 16:05:16 - Epoch: [42][ 299/1176]	Time  0.094 ( 0.094)	Data  0.000 ( 0.001)	Loss 0.0000e+00 (0.0000e+00)	Acc@1 100.00 (100.00)	Acc@5 100.00 (100.00)
15-Mar-26 16:05:25 - Epoch: [42][ 399/1176]	Time  0.091 ( 0.094)	Data  0.000 ( 0.001)	Loss 0.0000e+00 (0.0000e+00)	Acc@1 100.00 (100.00)	Acc@5 100.00 (100.00)
15-Mar-26 16:05:35 - Epoch: [42][ 499/1176]	Time  0.091 ( 0.094)	Data  0.000 ( 0.001)	Loss 0.0000e+00 (0.0000e+00)	Acc@1 100.00 (100.00)	Acc@5 100.00 (100.00)
15-Mar-26 16:05:44 - Epoch: [42][ 599/1176]	Time  0.088 ( 0.093)	Data  0.000 ( 0.001)	Loss 0.0000e+00 (0.0000e+00)	Acc@1 100.00 (100.00)	Acc@5 100.00 (100.00)
15-Mar-26 16:05:53 - Epoch: [42][ 699/1176]	Time  0.091 ( 0.093)	Data  0.001 ( 0.001)	Loss 0.0000e+00 (0.0000e+00)	Acc@1 100.00 (100.00)	Acc@5 100.00 (100.00)
15-Mar-26 16:06:02 - Epoch: [42][ 799/1176]	Time  0.114 ( 0.093)	Data  0.000 ( 0.000)	Loss 0.0000e+00 (0.0000e+00)	Acc@1 100.00 (100.00)	Acc@5 100.00 (100.00)
15-Mar-26 16:06:11 - Epoch: [42][ 899/1176]	Time  0.090 ( 0.093)	Data  0.000 ( 0.000)	Loss 0.0000e+00 (0.0000e+00)	Acc@1 100.00 (100.00)	Acc@5 100.00 (100.00)
15-Mar-26 16:06:21 - Epoch: [42][ 999/1176]	Time  0.088 ( 0.093)	Data  0.000 ( 0.000)	Loss 0.0000e+00 (0.0000e+00)	Acc@1 100.00 (100.00)	Acc@5 100.00 (100.00)
15-Mar-26 16:06:30 - Epoch: [42][1099/1176]	Time  0.088 ( 0.093)	Data  0.000 ( 0.000)	Loss 0.0000e+00 (0.0000e+00)	Acc@1 100.00 (100.00)	Acc@5 100.00 (100.00)
15-Mar-26 16:06:37 -  @Training * Acc@1 100.000 Acc@5 100.000 Loss 0.000
15-Mar-26 16:06:37 - One training epoch latency: 109.1s | Avg Power: 205.1W | Energy: 22374.6381J
15-Mar-26 16:06:44 -  @Testing * Acc@1 93.750 Acc@5 99.653 Loss 1.439
15-Mar-26 16:06:44 - Best acc at epoch 42: 95.1388931274414
15-Mar-26 16:06:44 - Last learning rate: [3.90625e-06]
15-Mar-26 16:06:44 - 	 Epoch 43...
15-Mar-26 16:06:54 - Epoch: [43][  99/1176]	Time  0.093 ( 0.095)	Data  0.000 ( 0.002)	Loss 0.0000e+00 (0.0000e+00)	Acc@1 100.00 (100.00)	Acc@5 100.00 (100.00)
15-Mar-26 16:07:03 - Epoch: [43][ 199/1176]	Time  0.091 ( 0.094)	Data  0.000 ( 0.001)	Loss 0.0000e+00 (0.0000e+00)	Acc@1 100.00 (100.00)	Acc@5 100.00 (100.00)
15-Mar-26 16:07:12 - Epoch: [43][ 299/1176]	Time  0.102 ( 0.093)	Data  0.000 ( 0.001)	Loss 0.0000e+00 (0.0000e+00)	Acc@1 100.00 (100.00)	Acc@5 100.00 (100.00)
15-Mar-26 16:07:21 - Epoch: [43][ 399/1176]	Time  0.091 ( 0.093)	Data  0.000 ( 0.001)	Loss 0.0000e+00 (0.0000e+00)	Acc@1 100.00 (100.00)	Acc@5 100.00 (100.00)
15-Mar-26 16:07:31 - Epoch: [43][ 499/1176]	Time  0.091 ( 0.093)	Data  0.000 ( 0.001)	Loss 0.0000e+00 (0.0000e+00)	Acc@1 100.00 (100.00)	Acc@5 100.00 (100.00)
15-Mar-26 16:07:40 - Epoch: [43][ 599/1176]	Time  0.089 ( 0.093)	Data  0.000 ( 0.001)	Loss 0.0000e+00 (0.0000e+00)	Acc@1 100.00 (100.00)	Acc@5 100.00 (100.00)
15-Mar-26 16:07:49 - Epoch: [43][ 699/1176]	Time  0.099 ( 0.093)	Data  0.000 ( 0.001)	Loss 0.0000e+00 (0.0000e+00)	Acc@1 100.00 (100.00)	Acc@5 100.00 (100.00)
15-Mar-26 16:07:58 - Epoch: [43][ 799/1176]	Time  0.094 ( 0.093)	Data  0.000 ( 0.001)	Loss 0.0000e+00 (0.0000e+00)	Acc@1 100.00 (100.00)	Acc@5 100.00 (100.00)
15-Mar-26 16:08:08 - Epoch: [43][ 899/1176]	Time  0.089 ( 0.093)	Data  0.000 ( 0.001)	Loss 0.0000e+00 (0.0000e+00)	Acc@1 100.00 (100.00)	Acc@5 100.00 (100.00)
15-Mar-26 16:08:17 - Epoch: [43][ 999/1176]	Time  0.088 ( 0.093)	Data  0.000 ( 0.001)	Loss 0.0000e+00 (0.0000e+00)	Acc@1 100.00 (100.00)	Acc@5 100.00 (100.00)
15-Mar-26 16:08:26 - Epoch: [43][1099/1176]	Time  0.093 ( 0.093)	Data  0.000 ( 0.000)	Loss 0.0000e+00 (0.0000e+00)	Acc@1 100.00 (100.00)	Acc@5 100.00 (100.00)
15-Mar-26 16:08:33 -  @Training * Acc@1 100.000 Acc@5 100.000 Loss 0.000
15-Mar-26 16:08:33 - One training epoch latency: 109.0s | Avg Power: 207.3W | Energy: 22590.5769J
15-Mar-26 16:08:40 -  @Testing * Acc@1 94.444 Acc@5 99.653 Loss 1.364
15-Mar-26 16:08:40 - Best acc at epoch 43: 95.1388931274414
15-Mar-26 16:08:40 - Last learning rate: [3.90625e-06]
15-Mar-26 16:08:40 - 	 Epoch 44...
15-Mar-26 16:08:50 - Epoch: [44][  99/1176]	Time  0.091 ( 0.094)	Data  0.000 ( 0.002)	Loss 0.0000e+00 (0.0000e+00)	Acc@1 100.00 (100.00)	Acc@5 100.00 (100.00)
15-Mar-26 16:08:59 - Epoch: [44][ 199/1176]	Time  0.089 ( 0.094)	Data  0.000 ( 0.001)	Loss 0.0000e+00 (0.0000e+00)	Acc@1 100.00 (100.00)	Acc@5 100.00 (100.00)
15-Mar-26 16:09:08 - Epoch: [44][ 299/1176]	Time  0.089 ( 0.093)	Data  0.000 ( 0.001)	Loss 0.0000e+00 (0.0000e+00)	Acc@1 100.00 (100.00)	Acc@5 100.00 (100.00)
15-Mar-26 16:09:17 - Epoch: [44][ 399/1176]	Time  0.090 ( 0.093)	Data  0.000 ( 0.001)	Loss 0.0000e+00 (0.0000e+00)	Acc@1 100.00 (100.00)	Acc@5 100.00 (100.00)
15-Mar-26 16:09:27 - Epoch: [44][ 499/1176]	Time  0.090 ( 0.093)	Data  0.000 ( 0.001)	Loss 0.0000e+00 (0.0000e+00)	Acc@1 100.00 (100.00)	Acc@5 100.00 (100.00)
15-Mar-26 16:09:36 - Epoch: [44][ 599/1176]	Time  0.090 ( 0.093)	Data  0.000 ( 0.001)	Loss 0.0000e+00 (0.0000e+00)	Acc@1 100.00 (100.00)	Acc@5 100.00 (100.00)
15-Mar-26 16:09:45 - Epoch: [44][ 699/1176]	Time  0.090 ( 0.093)	Data  0.000 ( 0.001)	Loss 0.0000e+00 (0.0000e+00)	Acc@1 100.00 (100.00)	Acc@5 100.00 (100.00)
15-Mar-26 16:09:55 - Epoch: [44][ 799/1176]	Time  0.091 ( 0.093)	Data  0.000 ( 0.001)	Loss 0.0000e+00 (0.0000e+00)	Acc@1 100.00 (100.00)	Acc@5 100.00 (100.00)
15-Mar-26 16:10:04 - Epoch: [44][ 899/1176]	Time  0.093 ( 0.093)	Data  0.000 ( 0.001)	Loss 0.0000e+00 (0.0000e+00)	Acc@1 100.00 (100.00)	Acc@5 100.00 (100.00)
15-Mar-26 16:10:13 - Epoch: [44][ 999/1176]	Time  0.089 ( 0.093)	Data  0.000 ( 0.001)	Loss 0.0000e+00 (0.0000e+00)	Acc@1 100.00 (100.00)	Acc@5 100.00 (100.00)
15-Mar-26 16:10:22 - Epoch: [44][1099/1176]	Time  0.090 ( 0.093)	Data  0.000 ( 0.001)	Loss 0.0000e+00 (0.0000e+00)	Acc@1 100.00 (100.00)	Acc@5 100.00 (100.00)
15-Mar-26 16:10:29 -  @Training * Acc@1 100.000 Acc@5 100.000 Loss 0.000
15-Mar-26 16:10:29 - One training epoch latency: 109.3s | Avg Power: 206.4W | Energy: 22555.0491J
15-Mar-26 16:10:37 -  @Testing * Acc@1 94.444 Acc@5 99.306 Loss 1.277
15-Mar-26 16:10:37 - Best acc at epoch 44: 95.1388931274414
15-Mar-26 16:10:37 - Last learning rate: [3.90625e-06]
15-Mar-26 16:10:37 - 	 Epoch 45...
15-Mar-26 16:10:46 - Epoch: [45][  99/1176]	Time  0.090 ( 0.096)	Data  0.000 ( 0.002)	Loss 0.0000e+00 (0.0000e+00)	Acc@1 100.00 (100.00)	Acc@5 100.00 (100.00)
15-Mar-26 16:10:56 - Epoch: [45][ 199/1176]	Time  0.090 ( 0.095)	Data  0.000 ( 0.001)	Loss 0.0000e+00 (0.0000e+00)	Acc@1 100.00 (100.00)	Acc@5 100.00 (100.00)
15-Mar-26 16:11:05 - Epoch: [45][ 299/1176]	Time  0.093 ( 0.095)	Data  0.000 ( 0.001)	Loss 0.0000e+00 (0.0000e+00)	Acc@1 100.00 (100.00)	Acc@5 100.00 (100.00)
15-Mar-26 16:11:14 - Epoch: [45][ 399/1176]	Time  0.090 ( 0.094)	Data  0.000 ( 0.001)	Loss 0.0000e+00 (0.0000e+00)	Acc@1 100.00 (100.00)	Acc@5 100.00 (100.00)
15-Mar-26 16:11:24 - Epoch: [45][ 499/1176]	Time  0.092 ( 0.094)	Data  0.000 ( 0.001)	Loss 0.0000e+00 (0.0000e+00)	Acc@1 100.00 (100.00)	Acc@5 100.00 (100.00)
15-Mar-26 16:11:33 - Epoch: [45][ 599/1176]	Time  0.099 ( 0.094)	Data  0.000 ( 0.001)	Loss 0.0000e+00 (0.0000e+00)	Acc@1 100.00 (100.00)	Acc@5 100.00 (100.00)
15-Mar-26 16:11:42 - Epoch: [45][ 699/1176]	Time  0.091 ( 0.094)	Data  0.000 ( 0.001)	Loss 0.0000e+00 (0.0000e+00)	Acc@1 100.00 (100.00)	Acc@5 100.00 (100.00)
15-Mar-26 16:11:52 - Epoch: [45][ 799/1176]	Time  0.090 ( 0.094)	Data  0.000 ( 0.001)	Loss 0.0000e+00 (0.0000e+00)	Acc@1 100.00 (100.00)	Acc@5 100.00 (100.00)
15-Mar-26 16:12:01 - Epoch: [45][ 899/1176]	Time  0.103 ( 0.094)	Data  0.000 ( 0.001)	Loss 0.0000e+00 (0.0000e+00)	Acc@1 100.00 (100.00)	Acc@5 100.00 (100.00)
15-Mar-26 16:12:10 - Epoch: [45][ 999/1176]	Time  0.092 ( 0.094)	Data  0.000 ( 0.000)	Loss 0.0000e+00 (0.0000e+00)	Acc@1 100.00 (100.00)	Acc@5 100.00 (100.00)
15-Mar-26 16:12:20 - Epoch: [45][1099/1176]	Time  0.090 ( 0.094)	Data  0.000 ( 0.000)	Loss 0.0000e+00 (0.0000e+00)	Acc@1 100.00 (100.00)	Acc@5 100.00 (100.00)
15-Mar-26 16:12:27 -  @Training * Acc@1 100.000 Acc@5 100.000 Loss 0.000
15-Mar-26 16:12:27 - One training epoch latency: 110.3s | Avg Power: 204.3W | Energy: 22532.5226J
15-Mar-26 16:12:34 -  @Testing * Acc@1 94.444 Acc@5 99.653 Loss 1.144
15-Mar-26 16:12:34 - Best acc at epoch 45: 95.1388931274414
15-Mar-26 16:12:34 - Last learning rate: [3.90625e-06]
15-Mar-26 16:12:34 - 	 Epoch 46...
15-Mar-26 16:12:44 - Epoch: [46][  99/1176]	Time  0.091 ( 0.095)	Data  0.000 ( 0.002)	Loss 0.0000e+00 (0.0000e+00)	Acc@1 100.00 (100.00)	Acc@5 100.00 (100.00)
15-Mar-26 16:12:53 - Epoch: [46][ 199/1176]	Time  0.102 ( 0.095)	Data  0.000 ( 0.001)	Loss 0.0000e+00 (0.0000e+00)	Acc@1 100.00 (100.00)	Acc@5 100.00 (100.00)
15-Mar-26 16:13:02 - Epoch: [46][ 299/1176]	Time  0.092 ( 0.094)	Data  0.000 ( 0.001)	Loss 0.0000e+00 (0.0000e+00)	Acc@1 100.00 (100.00)	Acc@5 100.00 (100.00)
15-Mar-26 16:13:12 - Epoch: [46][ 399/1176]	Time  0.090 ( 0.094)	Data  0.001 ( 0.001)	Loss 0.0000e+00 (0.0000e+00)	Acc@1 100.00 (100.00)	Acc@5 100.00 (100.00)
15-Mar-26 16:13:21 - Epoch: [46][ 499/1176]	Time  0.116 ( 0.094)	Data  0.000 ( 0.001)	Loss 0.0000e+00 (0.0000e+00)	Acc@1 100.00 (100.00)	Acc@5 100.00 (100.00)
15-Mar-26 16:13:31 - Epoch: [46][ 599/1176]	Time  0.090 ( 0.094)	Data  0.000 ( 0.001)	Loss 0.0000e+00 (0.0000e+00)	Acc@1 100.00 (100.00)	Acc@5 100.00 (100.00)
15-Mar-26 16:13:40 - Epoch: [46][ 699/1176]	Time  0.093 ( 0.094)	Data  0.001 ( 0.001)	Loss 0.0000e+00 (0.0000e+00)	Acc@1 100.00 (100.00)	Acc@5 100.00 (100.00)
15-Mar-26 16:13:49 - Epoch: [46][ 799/1176]	Time  0.090 ( 0.094)	Data  0.000 ( 0.001)	Loss 0.0000e+00 (0.0000e+00)	Acc@1 100.00 (100.00)	Acc@5 100.00 (100.00)
15-Mar-26 16:13:59 - Epoch: [46][ 899/1176]	Time  0.094 ( 0.094)	Data  0.000 ( 0.000)	Loss 0.0000e+00 (0.0000e+00)	Acc@1 100.00 (100.00)	Acc@5 100.00 (100.00)
15-Mar-26 16:14:08 - Epoch: [46][ 999/1176]	Time  0.093 ( 0.094)	Data  0.000 ( 0.000)	Loss 0.0000e+00 (0.0000e+00)	Acc@1 100.00 (100.00)	Acc@5 100.00 (100.00)
15-Mar-26 16:14:17 - Epoch: [46][1099/1176]	Time  0.092 ( 0.094)	Data  0.000 ( 0.000)	Loss 0.0000e+00 (0.0000e+00)	Acc@1 100.00 (100.00)	Acc@5 100.00 (100.00)
15-Mar-26 16:14:25 -  @Training * Acc@1 100.000 Acc@5 100.000 Loss 0.000
15-Mar-26 16:14:25 - One training epoch latency: 110.4s | Avg Power: 206.1W | Energy: 22758.0936J
15-Mar-26 16:14:32 -  @Testing * Acc@1 94.097 Acc@5 99.653 Loss 1.367
15-Mar-26 16:14:32 - Best acc at epoch 46: 95.1388931274414
15-Mar-26 16:14:32 - Last learning rate: [1.953125e-06]
15-Mar-26 16:14:32 - 	 Epoch 47...
15-Mar-26 16:14:41 - Epoch: [47][  99/1176]	Time  0.092 ( 0.095)	Data  0.000 ( 0.002)	Loss 0.0000e+00 (0.0000e+00)	Acc@1 100.00 (100.00)	Acc@5 100.00 (100.00)
15-Mar-26 16:14:51 - Epoch: [47][ 199/1176]	Time  0.092 ( 0.094)	Data  0.000 ( 0.001)	Loss 0.0000e+00 (0.0000e+00)	Acc@1 100.00 (100.00)	Acc@5 100.00 (100.00)
15-Mar-26 16:15:00 - Epoch: [47][ 299/1176]	Time  0.093 ( 0.094)	Data  0.000 ( 0.001)	Loss 0.0000e+00 (0.0000e+00)	Acc@1 100.00 (100.00)	Acc@5 100.00 (100.00)
15-Mar-26 16:15:09 - Epoch: [47][ 399/1176]	Time  0.091 ( 0.094)	Data  0.000 ( 0.001)	Loss 0.0000e+00 (0.0000e+00)	Acc@1 100.00 (100.00)	Acc@5 100.00 (100.00)
15-Mar-26 16:15:19 - Epoch: [47][ 499/1176]	Time  0.089 ( 0.094)	Data  0.000 ( 0.001)	Loss 0.0000e+00 (0.0000e+00)	Acc@1 100.00 (100.00)	Acc@5 100.00 (100.00)
15-Mar-26 16:15:28 - Epoch: [47][ 599/1176]	Time  0.092 ( 0.094)	Data  0.000 ( 0.001)	Loss 0.0000e+00 (0.0000e+00)	Acc@1 100.00 (100.00)	Acc@5 100.00 (100.00)
15-Mar-26 16:15:37 - Epoch: [47][ 699/1176]	Time  0.116 ( 0.093)	Data  0.012 ( 0.001)	Loss 0.0000e+00 (0.0000e+00)	Acc@1 100.00 (100.00)	Acc@5 100.00 (100.00)
15-Mar-26 16:15:46 - Epoch: [47][ 799/1176]	Time  0.092 ( 0.093)	Data  0.000 ( 0.000)	Loss 0.0000e+00 (0.0000e+00)	Acc@1 100.00 (100.00)	Acc@5 100.00 (100.00)
15-Mar-26 16:15:56 - Epoch: [47][ 899/1176]	Time  0.092 ( 0.093)	Data  0.000 ( 0.000)	Loss 0.0000e+00 (0.0000e+00)	Acc@1 100.00 (100.00)	Acc@5 100.00 (100.00)
15-Mar-26 16:16:05 - Epoch: [47][ 999/1176]	Time  0.099 ( 0.093)	Data  0.000 ( 0.000)	Loss 0.0000e+00 (0.0000e+00)	Acc@1 100.00 (100.00)	Acc@5 100.00 (100.00)
15-Mar-26 16:16:14 - Epoch: [47][1099/1176]	Time  0.093 ( 0.093)	Data  0.000 ( 0.000)	Loss 0.0000e+00 (0.0000e+00)	Acc@1 100.00 (100.00)	Acc@5 100.00 (100.00)
15-Mar-26 16:16:22 -  @Training * Acc@1 100.000 Acc@5 100.000 Loss 0.000
15-Mar-26 16:16:22 - One training epoch latency: 109.8s | Avg Power: 204.4W | Energy: 22440.8585J
15-Mar-26 16:16:29 -  @Testing * Acc@1 94.792 Acc@5 99.653 Loss 1.290
15-Mar-26 16:16:29 - Best acc at epoch 47: 95.1388931274414
15-Mar-26 16:16:29 - Last learning rate: [1.953125e-06]
15-Mar-26 16:16:29 - 	 Epoch 48...
15-Mar-26 16:16:38 - Epoch: [48][  99/1176]	Time  0.092 ( 0.096)	Data  0.001 ( 0.002)	Loss 0.0000e+00 (0.0000e+00)	Acc@1 100.00 (100.00)	Acc@5 100.00 (100.00)
15-Mar-26 16:16:48 - Epoch: [48][ 199/1176]	Time  0.092 ( 0.095)	Data  0.000 ( 0.001)	Loss 0.0000e+00 (0.0000e+00)	Acc@1 100.00 (100.00)	Acc@5 100.00 (100.00)
15-Mar-26 16:16:57 - Epoch: [48][ 299/1176]	Time  0.093 ( 0.094)	Data  0.000 ( 0.001)	Loss 0.0000e+00 (0.0000e+00)	Acc@1 100.00 (100.00)	Acc@5 100.00 (100.00)
15-Mar-26 16:17:06 - Epoch: [48][ 399/1176]	Time  0.090 ( 0.094)	Data  0.000 ( 0.001)	Loss 0.0000e+00 (0.0000e+00)	Acc@1 100.00 (100.00)	Acc@5 100.00 (100.00)
15-Mar-26 16:17:16 - Epoch: [48][ 499/1176]	Time  0.094 ( 0.094)	Data  0.000 ( 0.001)	Loss 0.0000e+00 (0.0000e+00)	Acc@1 100.00 (100.00)	Acc@5 100.00 (100.00)
15-Mar-26 16:17:25 - Epoch: [48][ 599/1176]	Time  0.092 ( 0.094)	Data  0.000 ( 0.001)	Loss 0.0000e+00 (0.0000e+00)	Acc@1 100.00 (100.00)	Acc@5 100.00 (100.00)
15-Mar-26 16:17:34 - Epoch: [48][ 699/1176]	Time  0.095 ( 0.094)	Data  0.000 ( 0.001)	Loss 0.0000e+00 (0.0000e+00)	Acc@1 100.00 (100.00)	Acc@5 100.00 (100.00)
15-Mar-26 16:17:44 - Epoch: [48][ 799/1176]	Time  0.091 ( 0.094)	Data  0.000 ( 0.000)	Loss 0.0000e+00 (0.0000e+00)	Acc@1 100.00 (100.00)	Acc@5 100.00 (100.00)
15-Mar-26 16:17:53 - Epoch: [48][ 899/1176]	Time  0.127 ( 0.094)	Data  0.000 ( 0.000)	Loss 0.0000e+00 (0.0000e+00)	Acc@1 100.00 (100.00)	Acc@5 100.00 (100.00)
15-Mar-26 16:18:02 - Epoch: [48][ 999/1176]	Time  0.094 ( 0.094)	Data  0.000 ( 0.000)	Loss 0.0000e+00 (0.0000e+00)	Acc@1 100.00 (100.00)	Acc@5 100.00 (100.00)
15-Mar-26 16:18:12 - Epoch: [48][1099/1176]	Time  0.088 ( 0.094)	Data  0.000 ( 0.000)	Loss 0.0000e+00 (0.0000e+00)	Acc@1 100.00 (100.00)	Acc@5 100.00 (100.00)
15-Mar-26 16:18:19 -  @Training * Acc@1 100.000 Acc@5 100.000 Loss 0.000
15-Mar-26 16:18:19 - One training epoch latency: 110.3s | Avg Power: 204.7W | Energy: 22583.1144J
15-Mar-26 16:18:26 -  @Testing * Acc@1 94.097 Acc@5 99.653 Loss 1.312
15-Mar-26 16:18:26 - Best acc at epoch 48: 95.1388931274414
15-Mar-26 16:18:26 - Last learning rate: [1.953125e-06]
15-Mar-26 16:18:26 - 	 Epoch 49...
15-Mar-26 16:18:36 - Epoch: [49][  99/1176]	Time  0.093 ( 0.095)	Data  0.000 ( 0.002)	Loss 0.0000e+00 (0.0000e+00)	Acc@1 100.00 (100.00)	Acc@5 100.00 (100.00)
15-Mar-26 16:18:45 - Epoch: [49][ 199/1176]	Time  0.093 ( 0.094)	Data  0.000 ( 0.001)	Loss 0.0000e+00 (0.0000e+00)	Acc@1 100.00 (100.00)	Acc@5 100.00 (100.00)
15-Mar-26 16:18:54 - Epoch: [49][ 299/1176]	Time  0.089 ( 0.094)	Data  0.000 ( 0.001)	Loss 0.0000e+00 (0.0000e+00)	Acc@1 100.00 (100.00)	Acc@5 100.00 (100.00)
15-Mar-26 16:19:04 - Epoch: [49][ 399/1176]	Time  0.093 ( 0.094)	Data  0.000 ( 0.001)	Loss 0.0000e+00 (0.0000e+00)	Acc@1 100.00 (100.00)	Acc@5 100.00 (100.00)
15-Mar-26 16:19:13 - Epoch: [49][ 499/1176]	Time  0.092 ( 0.094)	Data  0.000 ( 0.001)	Loss 0.0000e+00 (0.0000e+00)	Acc@1 100.00 (100.00)	Acc@5 100.00 (100.00)
15-Mar-26 16:19:22 - Epoch: [49][ 599/1176]	Time  0.089 ( 0.094)	Data  0.000 ( 0.001)	Loss 0.0000e+00 (0.0000e+00)	Acc@1 100.00 (100.00)	Acc@5 100.00 (100.00)
15-Mar-26 16:19:32 - Epoch: [49][ 699/1176]	Time  0.092 ( 0.094)	Data  0.000 ( 0.001)	Loss 0.0000e+00 (0.0000e+00)	Acc@1 100.00 (100.00)	Acc@5 100.00 (100.00)
15-Mar-26 16:19:41 - Epoch: [49][ 799/1176]	Time  0.094 ( 0.094)	Data  0.001 ( 0.001)	Loss 0.0000e+00 (0.0000e+00)	Acc@1 100.00 (100.00)	Acc@5 100.00 (100.00)
15-Mar-26 16:19:50 - Epoch: [49][ 899/1176]	Time  0.095 ( 0.093)	Data  0.000 ( 0.000)	Loss 0.0000e+00 (0.0000e+00)	Acc@1 100.00 (100.00)	Acc@5 100.00 (100.00)
15-Mar-26 16:20:00 - Epoch: [49][ 999/1176]	Time  0.092 ( 0.093)	Data  0.001 ( 0.000)	Loss 0.0000e+00 (0.0000e+00)	Acc@1 100.00 (100.00)	Acc@5 100.00 (100.00)
15-Mar-26 16:20:09 - Epoch: [49][1099/1176]	Time  0.092 ( 0.093)	Data  0.000 ( 0.000)	Loss 0.0000e+00 (0.0000e+00)	Acc@1 100.00 (100.00)	Acc@5 100.00 (100.00)
15-Mar-26 16:20:16 -  @Training * Acc@1 100.000 Acc@5 100.000 Loss 0.000
15-Mar-26 16:20:16 - One training epoch latency: 110.0s | Avg Power: 206.0W | Energy: 22654.3043J
15-Mar-26 16:20:23 -  @Testing * Acc@1 94.097 Acc@5 99.653 Loss 1.291
15-Mar-26 16:20:23 - Best acc at epoch 49: 95.1388931274414
15-Mar-26 16:20:23 - Last learning rate: [1.953125e-06]
15-Mar-26 16:20:23 - 	 Epoch 50...
15-Mar-26 16:20:33 - Epoch: [50][  99/1176]	Time  0.092 ( 0.096)	Data  0.000 ( 0.002)	Loss 0.0000e+00 (0.0000e+00)	Acc@1 100.00 (100.00)	Acc@5 100.00 (100.00)
15-Mar-26 16:20:42 - Epoch: [50][ 199/1176]	Time  0.094 ( 0.095)	Data  0.001 ( 0.001)	Loss 0.0000e+00 (0.0000e+00)	Acc@1 100.00 (100.00)	Acc@5 100.00 (100.00)
15-Mar-26 16:20:52 - Epoch: [50][ 299/1176]	Time  0.092 ( 0.095)	Data  0.000 ( 0.001)	Loss 0.0000e+00 (0.0000e+00)	Acc@1 100.00 (100.00)	Acc@5 100.00 (100.00)
15-Mar-26 16:21:01 - Epoch: [50][ 399/1176]	Time  0.090 ( 0.094)	Data  0.000 ( 0.001)	Loss 0.0000e+00 (0.0000e+00)	Acc@1 100.00 (100.00)	Acc@5 100.00 (100.00)
15-Mar-26 16:21:10 - Epoch: [50][ 499/1176]	Time  0.094 ( 0.094)	Data  0.000 ( 0.001)	Loss 0.0000e+00 (0.0000e+00)	Acc@1 100.00 (100.00)	Acc@5 100.00 (100.00)
15-Mar-26 16:21:20 - Epoch: [50][ 599/1176]	Time  0.093 ( 0.094)	Data  0.000 ( 0.001)	Loss 0.0000e+00 (0.0000e+00)	Acc@1 100.00 (100.00)	Acc@5 100.00 (100.00)
15-Mar-26 16:21:29 - Epoch: [50][ 699/1176]	Time  0.094 ( 0.094)	Data  0.001 ( 0.001)	Loss 0.0000e+00 (0.0000e+00)	Acc@1 100.00 (100.00)	Acc@5 100.00 (100.00)
15-Mar-26 16:21:39 - Epoch: [50][ 799/1176]	Time  0.094 ( 0.094)	Data  0.001 ( 0.001)	Loss 0.0000e+00 (0.0000e+00)	Acc@1 100.00 (100.00)	Acc@5 100.00 (100.00)
15-Mar-26 16:21:48 - Epoch: [50][ 899/1176]	Time  0.092 ( 0.094)	Data  0.000 ( 0.001)	Loss 0.0000e+00 (0.0000e+00)	Acc@1 100.00 (100.00)	Acc@5 100.00 (100.00)
15-Mar-26 16:21:57 - Epoch: [50][ 999/1176]	Time  0.092 ( 0.094)	Data  0.000 ( 0.000)	Loss 0.0000e+00 (0.0000e+00)	Acc@1 100.00 (100.00)	Acc@5 100.00 (100.00)
15-Mar-26 16:22:07 - Epoch: [50][1099/1176]	Time  0.094 ( 0.094)	Data  0.000 ( 0.000)	Loss 0.0000e+00 (0.0000e+00)	Acc@1 100.00 (100.00)	Acc@5 100.00 (100.00)
15-Mar-26 16:22:14 -  @Training * Acc@1 100.000 Acc@5 100.000 Loss 0.000
15-Mar-26 16:22:14 - One training epoch latency: 110.6s | Avg Power: 203.4W | Energy: 22500.6044J
15-Mar-26 16:22:21 -  @Testing * Acc@1 94.444 Acc@5 99.653 Loss 1.322
15-Mar-26 16:22:21 - Best acc at epoch 50: 95.1388931274414
15-Mar-26 16:22:21 - Last learning rate: [1.953125e-06]
15-Mar-26 16:22:21 - 	 Epoch 51...
15-Mar-26 16:22:31 - Epoch: [51][  99/1176]	Time  0.094 ( 0.096)	Data  0.000 ( 0.002)	Loss 0.0000e+00 (0.0000e+00)	Acc@1 100.00 (100.00)	Acc@5 100.00 (100.00)
15-Mar-26 16:22:40 - Epoch: [51][ 199/1176]	Time  0.093 ( 0.095)	Data  0.000 ( 0.001)	Loss 0.0000e+00 (0.0000e+00)	Acc@1 100.00 (100.00)	Acc@5 100.00 (100.00)
15-Mar-26 16:22:49 - Epoch: [51][ 299/1176]	Time  0.094 ( 0.095)	Data  0.000 ( 0.001)	Loss 0.0000e+00 (0.0000e+00)	Acc@1 100.00 (100.00)	Acc@5 100.00 (100.00)
15-Mar-26 16:22:59 - Epoch: [51][ 399/1176]	Time  0.093 ( 0.095)	Data  0.001 ( 0.001)	Loss 0.0000e+00 (0.0000e+00)	Acc@1 100.00 (100.00)	Acc@5 100.00 (100.00)
15-Mar-26 16:23:08 - Epoch: [51][ 499/1176]	Time  0.094 ( 0.095)	Data  0.001 ( 0.001)	Loss 0.0000e+00 (0.0000e+00)	Acc@1 100.00 (100.00)	Acc@5 100.00 (100.00)
15-Mar-26 16:23:18 - Epoch: [51][ 599/1176]	Time  0.091 ( 0.094)	Data  0.001 ( 0.001)	Loss 0.0000e+00 (0.0000e+00)	Acc@1 100.00 (100.00)	Acc@5 100.00 (100.00)
15-Mar-26 16:23:27 - Epoch: [51][ 699/1176]	Time  0.111 ( 0.094)	Data  0.000 ( 0.001)	Loss 0.0000e+00 (0.0000e+00)	Acc@1 100.00 (100.00)	Acc@5 100.00 (100.00)
15-Mar-26 16:23:36 - Epoch: [51][ 799/1176]	Time  0.091 ( 0.094)	Data  0.000 ( 0.001)	Loss 0.0000e+00 (0.0000e+00)	Acc@1 100.00 (100.00)	Acc@5 100.00 (100.00)
15-Mar-26 16:23:46 - Epoch: [51][ 899/1176]	Time  0.091 ( 0.094)	Data  0.000 ( 0.001)	Loss 0.0000e+00 (0.0000e+00)	Acc@1 100.00 (100.00)	Acc@5 100.00 (100.00)
15-Mar-26 16:23:55 - Epoch: [51][ 999/1176]	Time  0.095 ( 0.094)	Data  0.001 ( 0.001)	Loss 0.0000e+00 (0.0000e+00)	Acc@1 100.00 (100.00)	Acc@5 100.00 (100.00)
15-Mar-26 16:24:05 - Epoch: [51][1099/1176]	Time  0.091 ( 0.094)	Data  0.000 ( 0.000)	Loss 0.0000e+00 (0.0000e+00)	Acc@1 100.00 (100.00)	Acc@5 100.00 (100.00)
15-Mar-26 16:24:12 -  @Training * Acc@1 100.000 Acc@5 100.000 Loss 0.000
15-Mar-26 16:24:12 - One training epoch latency: 110.8s | Avg Power: 204.8W | Energy: 22685.6077J
15-Mar-26 16:24:19 -  @Testing * Acc@1 94.444 Acc@5 99.653 Loss 1.264
15-Mar-26 16:24:19 - Best acc at epoch 51: 95.1388931274414
15-Mar-26 16:24:19 - Last learning rate: [1.953125e-06]
15-Mar-26 16:24:19 - 	 Epoch 52...
15-Mar-26 16:24:29 - Epoch: [52][  99/1176]	Time  0.092 ( 0.096)	Data  0.000 ( 0.002)	Loss 0.0000e+00 (0.0000e+00)	Acc@1 100.00 (100.00)	Acc@5 100.00 (100.00)
15-Mar-26 16:24:38 - Epoch: [52][ 199/1176]	Time  0.093 ( 0.095)	Data  0.000 ( 0.001)	Loss 0.0000e+00 (0.0000e+00)	Acc@1 100.00 (100.00)	Acc@5 100.00 (100.00)
15-Mar-26 16:24:47 - Epoch: [52][ 299/1176]	Time  0.093 ( 0.095)	Data  0.000 ( 0.001)	Loss 0.0000e+00 (0.0000e+00)	Acc@1 100.00 (100.00)	Acc@5 100.00 (100.00)
15-Mar-26 16:24:57 - Epoch: [52][ 399/1176]	Time  0.092 ( 0.094)	Data  0.000 ( 0.001)	Loss 0.0000e+00 (0.0000e+00)	Acc@1 100.00 (100.00)	Acc@5 100.00 (100.00)
15-Mar-26 16:25:06 - Epoch: [52][ 499/1176]	Time  0.093 ( 0.094)	Data  0.000 ( 0.001)	Loss 0.0000e+00 (0.0000e+00)	Acc@1 100.00 (100.00)	Acc@5 100.00 (100.00)
15-Mar-26 16:25:16 - Epoch: [52][ 599/1176]	Time  0.093 ( 0.094)	Data  0.000 ( 0.001)	Loss 0.0000e+00 (0.0000e+00)	Acc@1 100.00 (100.00)	Acc@5 100.00 (100.00)
15-Mar-26 16:25:25 - Epoch: [52][ 699/1176]	Time  0.107 ( 0.094)	Data  0.001 ( 0.001)	Loss 0.0000e+00 (0.0000e+00)	Acc@1 100.00 (100.00)	Acc@5 100.00 (100.00)
15-Mar-26 16:25:34 - Epoch: [52][ 799/1176]	Time  0.093 ( 0.094)	Data  0.000 ( 0.000)	Loss 0.0000e+00 (0.0000e+00)	Acc@1 100.00 (100.00)	Acc@5 100.00 (100.00)
15-Mar-26 16:25:44 - Epoch: [52][ 899/1176]	Time  0.092 ( 0.094)	Data  0.000 ( 0.000)	Loss 0.0000e+00 (0.0000e+00)	Acc@1 100.00 (100.00)	Acc@5 100.00 (100.00)
15-Mar-26 16:25:53 - Epoch: [52][ 999/1176]	Time  0.092 ( 0.094)	Data  0.000 ( 0.000)	Loss 0.0000e+00 (0.0000e+00)	Acc@1 100.00 (100.00)	Acc@5 100.00 (100.00)
15-Mar-26 16:26:03 - Epoch: [52][1099/1176]	Time  0.094 ( 0.094)	Data  0.000 ( 0.000)	Loss 0.0000e+00 (0.0000e+00)	Acc@1 100.00 (100.00)	Acc@5 100.00 (100.00)
15-Mar-26 16:26:10 -  @Training * Acc@1 100.000 Acc@5 100.000 Loss 0.000
15-Mar-26 16:26:10 - One training epoch latency: 110.8s | Avg Power: 204.8W | Energy: 22704.5321J
15-Mar-26 16:26:17 -  @Testing * Acc@1 94.444 Acc@5 99.653 Loss 1.262
15-Mar-26 16:26:17 - Best acc at epoch 52: 95.1388931274414
15-Mar-26 16:26:17 - Last learning rate: [9.765625e-07]
15-Mar-26 16:26:17 - 	 Epoch 53...
15-Mar-26 16:26:27 - Epoch: [53][  99/1176]	Time  0.093 ( 0.097)	Data  0.000 ( 0.002)	Loss 0.0000e+00 (0.0000e+00)	Acc@1 100.00 (100.00)	Acc@5 100.00 (100.00)
15-Mar-26 16:26:36 - Epoch: [53][ 199/1176]	Time  0.092 ( 0.096)	Data  0.000 ( 0.001)	Loss 0.0000e+00 (0.0000e+00)	Acc@1 100.00 (100.00)	Acc@5 100.00 (100.00)
15-Mar-26 16:26:46 - Epoch: [53][ 299/1176]	Time  0.094 ( 0.095)	Data  0.000 ( 0.001)	Loss 0.0000e+00 (0.0000e+00)	Acc@1 100.00 (100.00)	Acc@5 100.00 (100.00)
15-Mar-26 16:26:55 - Epoch: [53][ 399/1176]	Time  0.111 ( 0.095)	Data  0.000 ( 0.001)	Loss 0.0000e+00 (0.0000e+00)	Acc@1 100.00 (100.00)	Acc@5 100.00 (100.00)
15-Mar-26 16:27:05 - Epoch: [53][ 499/1176]	Time  0.091 ( 0.095)	Data  0.000 ( 0.001)	Loss 0.0000e+00 (0.0000e+00)	Acc@1 100.00 (100.00)	Acc@5 100.00 (100.00)
15-Mar-26 16:27:14 - Epoch: [53][ 599/1176]	Time  0.092 ( 0.095)	Data  0.000 ( 0.001)	Loss 0.0000e+00 (0.0000e+00)	Acc@1 100.00 (100.00)	Acc@5 100.00 (100.00)
15-Mar-26 16:27:23 - Epoch: [53][ 699/1176]	Time  0.093 ( 0.095)	Data  0.001 ( 0.001)	Loss 0.0000e+00 (0.0000e+00)	Acc@1 100.00 (100.00)	Acc@5 100.00 (100.00)
15-Mar-26 16:27:33 - Epoch: [53][ 799/1176]	Time  0.093 ( 0.095)	Data  0.001 ( 0.001)	Loss 0.0000e+00 (0.0000e+00)	Acc@1 100.00 (100.00)	Acc@5 100.00 (100.00)
15-Mar-26 16:27:42 - Epoch: [53][ 899/1176]	Time  0.088 ( 0.095)	Data  0.000 ( 0.001)	Loss 0.0000e+00 (0.0000e+00)	Acc@1 100.00 (100.00)	Acc@5 100.00 (100.00)
15-Mar-26 16:27:52 - Epoch: [53][ 999/1176]	Time  0.092 ( 0.094)	Data  0.000 ( 0.000)	Loss 0.0000e+00 (0.0000e+00)	Acc@1 100.00 (100.00)	Acc@5 100.00 (100.00)
15-Mar-26 16:28:01 - Epoch: [53][1099/1176]	Time  0.109 ( 0.094)	Data  0.000 ( 0.000)	Loss 0.0000e+00 (0.0000e+00)	Acc@1 100.00 (100.00)	Acc@5 100.00 (100.00)
15-Mar-26 16:28:08 -  @Training * Acc@1 100.000 Acc@5 100.000 Loss 0.000
15-Mar-26 16:28:08 - One training epoch latency: 111.1s | Avg Power: 202.2W | Energy: 22464.2523J
15-Mar-26 16:28:15 -  @Testing * Acc@1 94.444 Acc@5 99.653 Loss 1.325
15-Mar-26 16:28:15 - Best acc at epoch 53: 95.1388931274414
15-Mar-26 16:28:15 - Last learning rate: [9.765625e-07]
15-Mar-26 16:28:15 - 	 Epoch 54...
15-Mar-26 16:28:25 - Epoch: [54][  99/1176]	Time  0.090 ( 0.095)	Data  0.000 ( 0.002)	Loss 0.0000e+00 (0.0000e+00)	Acc@1 100.00 (100.00)	Acc@5 100.00 (100.00)
15-Mar-26 16:28:34 - Epoch: [54][ 199/1176]	Time  0.092 ( 0.094)	Data  0.000 ( 0.001)	Loss 0.0000e+00 (0.0000e+00)	Acc@1 100.00 (100.00)	Acc@5 100.00 (100.00)
15-Mar-26 16:28:44 - Epoch: [54][ 299/1176]	Time  0.089 ( 0.094)	Data  0.000 ( 0.001)	Loss 0.0000e+00 (0.0000e+00)	Acc@1 100.00 (100.00)	Acc@5 100.00 (100.00)
15-Mar-26 16:28:53 - Epoch: [54][ 399/1176]	Time  0.090 ( 0.093)	Data  0.000 ( 0.001)	Loss 0.0000e+00 (0.0000e+00)	Acc@1 100.00 (100.00)	Acc@5 100.00 (100.00)
15-Mar-26 16:29:02 - Epoch: [54][ 499/1176]	Time  0.116 ( 0.093)	Data  0.000 ( 0.001)	Loss 0.0000e+00 (0.0000e+00)	Acc@1 100.00 (100.00)	Acc@5 100.00 (100.00)
15-Mar-26 16:29:11 - Epoch: [54][ 599/1176]	Time  0.092 ( 0.093)	Data  0.000 ( 0.001)	Loss 0.0000e+00 (0.0000e+00)	Acc@1 100.00 (100.00)	Acc@5 100.00 (100.00)
15-Mar-26 16:29:21 - Epoch: [54][ 699/1176]	Time  0.093 ( 0.093)	Data  0.000 ( 0.001)	Loss 0.0000e+00 (0.0000e+00)	Acc@1 100.00 (100.00)	Acc@5 100.00 (100.00)
15-Mar-26 16:29:30 - Epoch: [54][ 799/1176]	Time  0.089 ( 0.093)	Data  0.000 ( 0.001)	Loss 0.0000e+00 (0.0000e+00)	Acc@1 100.00 (100.00)	Acc@5 100.00 (100.00)
15-Mar-26 16:29:39 - Epoch: [54][ 899/1176]	Time  0.091 ( 0.093)	Data  0.000 ( 0.001)	Loss 0.0000e+00 (0.0000e+00)	Acc@1 100.00 (100.00)	Acc@5 100.00 (100.00)
15-Mar-26 16:29:48 - Epoch: [54][ 999/1176]	Time  0.091 ( 0.093)	Data  0.000 ( 0.000)	Loss 0.0000e+00 (0.0000e+00)	Acc@1 100.00 (100.00)	Acc@5 100.00 (100.00)
15-Mar-26 16:29:58 - Epoch: [54][1099/1176]	Time  0.088 ( 0.093)	Data  0.000 ( 0.000)	Loss 0.0000e+00 (0.0000e+00)	Acc@1 100.00 (100.00)	Acc@5 100.00 (100.00)
15-Mar-26 16:30:05 -  @Training * Acc@1 100.000 Acc@5 100.000 Loss 0.000
15-Mar-26 16:30:05 - One training epoch latency: 109.2s | Avg Power: 207.1W | Energy: 22611.6166J
15-Mar-26 16:30:12 -  @Testing * Acc@1 93.750 Acc@5 99.306 Loss 1.308
15-Mar-26 16:30:12 - Best acc at epoch 54: 95.1388931274414
15-Mar-26 16:30:12 - Last learning rate: [9.765625e-07]
15-Mar-26 16:30:12 - 	 Epoch 55...
15-Mar-26 16:30:22 - Epoch: [55][  99/1176]	Time  0.091 ( 0.096)	Data  0.000 ( 0.002)	Loss 0.0000e+00 (0.0000e+00)	Acc@1 100.00 (100.00)	Acc@5 100.00 (100.00)
15-Mar-26 16:30:31 - Epoch: [55][ 199/1176]	Time  0.094 ( 0.095)	Data  0.000 ( 0.001)	Loss 0.0000e+00 (0.0000e+00)	Acc@1 100.00 (100.00)	Acc@5 100.00 (100.00)
15-Mar-26 16:30:40 - Epoch: [55][ 299/1176]	Time  0.115 ( 0.094)	Data  0.000 ( 0.001)	Loss 0.0000e+00 (0.0000e+00)	Acc@1 100.00 (100.00)	Acc@5 100.00 (100.00)
15-Mar-26 16:30:49 - Epoch: [55][ 399/1176]	Time  0.091 ( 0.093)	Data  0.000 ( 0.001)	Loss 0.0000e+00 (0.0000e+00)	Acc@1 100.00 (100.00)	Acc@5 100.00 (100.00)
15-Mar-26 16:30:59 - Epoch: [55][ 499/1176]	Time  0.090 ( 0.093)	Data  0.000 ( 0.001)	Loss 0.0000e+00 (0.0000e+00)	Acc@1 100.00 (100.00)	Acc@5 100.00 (100.00)
15-Mar-26 16:31:08 - Epoch: [55][ 599/1176]	Time  0.091 ( 0.093)	Data  0.000 ( 0.001)	Loss 0.0000e+00 (0.0000e+00)	Acc@1 100.00 (100.00)	Acc@5 100.00 (100.00)
15-Mar-26 16:31:17 - Epoch: [55][ 699/1176]	Time  0.090 ( 0.093)	Data  0.001 ( 0.001)	Loss 0.0000e+00 (0.0000e+00)	Acc@1 100.00 (100.00)	Acc@5 100.00 (100.00)
15-Mar-26 16:31:26 - Epoch: [55][ 799/1176]	Time  0.090 ( 0.093)	Data  0.000 ( 0.001)	Loss 0.0000e+00 (0.0000e+00)	Acc@1 100.00 (100.00)	Acc@5 100.00 (100.00)
15-Mar-26 16:31:35 - Epoch: [55][ 899/1176]	Time  0.088 ( 0.093)	Data  0.000 ( 0.000)	Loss 0.0000e+00 (0.0000e+00)	Acc@1 100.00 (100.00)	Acc@5 100.00 (100.00)
15-Mar-26 16:31:45 - Epoch: [55][ 999/1176]	Time  0.090 ( 0.093)	Data  0.000 ( 0.000)	Loss 0.0000e+00 (0.0000e+00)	Acc@1 100.00 (100.00)	Acc@5 100.00 (100.00)
15-Mar-26 16:31:54 - Epoch: [55][1099/1176]	Time  0.090 ( 0.093)	Data  0.000 ( 0.000)	Loss 0.0000e+00 (0.0000e+00)	Acc@1 100.00 (100.00)	Acc@5 100.00 (100.00)
15-Mar-26 16:32:01 -  @Training * Acc@1 100.000 Acc@5 100.000 Loss 0.000
15-Mar-26 16:32:01 - One training epoch latency: 108.9s | Avg Power: 206.5W | Energy: 22492.3352J
15-Mar-26 16:32:08 -  @Testing * Acc@1 94.097 Acc@5 99.306 Loss 1.346
15-Mar-26 16:32:08 - Best acc at epoch 55: 95.1388931274414
15-Mar-26 16:32:08 - Last learning rate: [9.765625e-07]
15-Mar-26 16:32:08 - 	 Epoch 56...
15-Mar-26 16:32:18 - Epoch: [56][  99/1176]	Time  0.090 ( 0.094)	Data  0.000 ( 0.002)	Loss 0.0000e+00 (0.0000e+00)	Acc@1 100.00 (100.00)	Acc@5 100.00 (100.00)
15-Mar-26 16:32:27 - Epoch: [56][ 199/1176]	Time  0.090 ( 0.093)	Data  0.000 ( 0.001)	Loss 0.0000e+00 (0.0000e+00)	Acc@1 100.00 (100.00)	Acc@5 100.00 (100.00)
15-Mar-26 16:32:36 - Epoch: [56][ 299/1176]	Time  0.091 ( 0.093)	Data  0.000 ( 0.001)	Loss 0.0000e+00 (0.0000e+00)	Acc@1 100.00 (100.00)	Acc@5 100.00 (100.00)
15-Mar-26 16:32:45 - Epoch: [56][ 399/1176]	Time  0.092 ( 0.093)	Data  0.000 ( 0.001)	Loss 0.0000e+00 (0.0000e+00)	Acc@1 100.00 (100.00)	Acc@5 100.00 (100.00)
15-Mar-26 16:32:54 - Epoch: [56][ 499/1176]	Time  0.089 ( 0.092)	Data  0.000 ( 0.001)	Loss 0.0000e+00 (0.0000e+00)	Acc@1 100.00 (100.00)	Acc@5 100.00 (100.00)
15-Mar-26 16:33:04 - Epoch: [56][ 599/1176]	Time  0.090 ( 0.092)	Data  0.000 ( 0.001)	Loss 0.0000e+00 (0.0000e+00)	Acc@1 100.00 (100.00)	Acc@5 100.00 (100.00)
15-Mar-26 16:33:13 - Epoch: [56][ 699/1176]	Time  0.091 ( 0.092)	Data  0.000 ( 0.001)	Loss 0.0000e+00 (0.0000e+00)	Acc@1 100.00 (100.00)	Acc@5 100.00 (100.00)
15-Mar-26 16:33:22 - Epoch: [56][ 799/1176]	Time  0.091 ( 0.092)	Data  0.002 ( 0.001)	Loss 0.0000e+00 (0.0000e+00)	Acc@1 100.00 (100.00)	Acc@5 100.00 (100.00)
15-Mar-26 16:33:31 - Epoch: [56][ 899/1176]	Time  0.088 ( 0.092)	Data  0.000 ( 0.001)	Loss 0.0000e+00 (0.0000e+00)	Acc@1 100.00 (100.00)	Acc@5 100.00 (100.00)
15-Mar-26 16:33:40 - Epoch: [56][ 999/1176]	Time  0.090 ( 0.092)	Data  0.000 ( 0.001)	Loss 0.0000e+00 (0.0000e+00)	Acc@1 100.00 (100.00)	Acc@5 100.00 (100.00)
15-Mar-26 16:33:50 - Epoch: [56][1099/1176]	Time  0.089 ( 0.092)	Data  0.000 ( 0.000)	Loss 0.0000e+00 (0.0000e+00)	Acc@1 100.00 (100.00)	Acc@5 100.00 (100.00)
15-Mar-26 16:33:57 -  @Training * Acc@1 100.000 Acc@5 100.000 Loss 0.000
15-Mar-26 16:33:57 - One training epoch latency: 108.4s | Avg Power: 206.5W | Energy: 22399.4961J
15-Mar-26 16:34:04 -  @Testing * Acc@1 93.750 Acc@5 99.306 Loss 1.327
15-Mar-26 16:34:04 - Best acc at epoch 56: 95.1388931274414
15-Mar-26 16:34:04 - Last learning rate: [9.765625e-07]
15-Mar-26 16:34:04 - 	 Epoch 57...
15-Mar-26 16:34:13 - Epoch: [57][  99/1176]	Time  0.092 ( 0.096)	Data  0.000 ( 0.002)	Loss 0.0000e+00 (0.0000e+00)	Acc@1 100.00 (100.00)	Acc@5 100.00 (100.00)
15-Mar-26 16:34:23 - Epoch: [57][ 199/1176]	Time  0.091 ( 0.095)	Data  0.000 ( 0.001)	Loss 0.0000e+00 (0.0000e+00)	Acc@1 100.00 (100.00)	Acc@5 100.00 (100.00)
15-Mar-26 16:34:32 - Epoch: [57][ 299/1176]	Time  0.103 ( 0.094)	Data  0.000 ( 0.001)	Loss 0.0000e+00 (0.0000e+00)	Acc@1 100.00 (100.00)	Acc@5 100.00 (100.00)
15-Mar-26 16:34:41 - Epoch: [57][ 399/1176]	Time  0.093 ( 0.094)	Data  0.000 ( 0.001)	Loss 0.0000e+00 (0.0000e+00)	Acc@1 100.00 (100.00)	Acc@5 100.00 (100.00)
15-Mar-26 16:34:51 - Epoch: [57][ 499/1176]	Time  0.090 ( 0.094)	Data  0.000 ( 0.001)	Loss 0.0000e+00 (0.0000e+00)	Acc@1 100.00 (100.00)	Acc@5 100.00 (100.00)
15-Mar-26 16:35:00 - Epoch: [57][ 599/1176]	Time  0.091 ( 0.094)	Data  0.000 ( 0.001)	Loss 0.0000e+00 (0.0000e+00)	Acc@1 100.00 (100.00)	Acc@5 100.00 (100.00)
15-Mar-26 16:35:09 - Epoch: [57][ 699/1176]	Time  0.109 ( 0.093)	Data  0.000 ( 0.001)	Loss 0.0000e+00 (0.0000e+00)	Acc@1 100.00 (100.00)	Acc@5 100.00 (100.00)
15-Mar-26 16:35:18 - Epoch: [57][ 799/1176]	Time  0.088 ( 0.093)	Data  0.000 ( 0.000)	Loss 0.0000e+00 (0.0000e+00)	Acc@1 100.00 (100.00)	Acc@5 100.00 (100.00)
15-Mar-26 16:35:28 - Epoch: [57][ 899/1176]	Time  0.088 ( 0.093)	Data  0.000 ( 0.000)	Loss 0.0000e+00 (0.0000e+00)	Acc@1 100.00 (100.00)	Acc@5 100.00 (100.00)
15-Mar-26 16:35:37 - Epoch: [57][ 999/1176]	Time  0.090 ( 0.093)	Data  0.000 ( 0.000)	Loss 0.0000e+00 (0.0000e+00)	Acc@1 100.00 (100.00)	Acc@5 100.00 (100.00)
15-Mar-26 16:35:46 - Epoch: [57][1099/1176]	Time  0.091 ( 0.093)	Data  0.000 ( 0.000)	Loss 0.0000e+00 (0.0000e+00)	Acc@1 100.00 (100.00)	Acc@5 100.00 (100.00)
15-Mar-26 16:35:53 -  @Training * Acc@1 100.000 Acc@5 100.000 Loss 0.000
15-Mar-26 16:35:53 - One training epoch latency: 109.2s | Avg Power: 206.6W | Energy: 22561.2390J
15-Mar-26 16:36:00 -  @Testing * Acc@1 94.097 Acc@5 99.306 Loss 1.357
15-Mar-26 16:36:00 - Best acc at epoch 57: 95.1388931274414
15-Mar-26 16:36:00 - Last learning rate: [9.765625e-07]
15-Mar-26 16:36:00 - 	 Epoch 58...
15-Mar-26 16:36:10 - Epoch: [58][  99/1176]	Time  0.092 ( 0.095)	Data  0.000 ( 0.002)	Loss 0.0000e+00 (0.0000e+00)	Acc@1 100.00 (100.00)	Acc@5 100.00 (100.00)
15-Mar-26 16:36:19 - Epoch: [58][ 199/1176]	Time  0.092 ( 0.094)	Data  0.001 ( 0.001)	Loss 0.0000e+00 (0.0000e+00)	Acc@1 100.00 (100.00)	Acc@5 100.00 (100.00)
15-Mar-26 16:36:28 - Epoch: [58][ 299/1176]	Time  0.091 ( 0.094)	Data  0.000 ( 0.001)	Loss 0.0000e+00 (0.0000e+00)	Acc@1 100.00 (100.00)	Acc@5 100.00 (100.00)
15-Mar-26 16:36:38 - Epoch: [58][ 399/1176]	Time  0.090 ( 0.093)	Data  0.000 ( 0.001)	Loss 0.0000e+00 (0.0000e+00)	Acc@1 100.00 (100.00)	Acc@5 100.00 (100.00)
15-Mar-26 16:36:47 - Epoch: [58][ 499/1176]	Time  0.089 ( 0.093)	Data  0.001 ( 0.001)	Loss 0.0000e+00 (0.0000e+00)	Acc@1 100.00 (100.00)	Acc@5 100.00 (100.00)
15-Mar-26 16:36:56 - Epoch: [58][ 599/1176]	Time  0.088 ( 0.093)	Data  0.000 ( 0.001)	Loss 0.0000e+00 (0.0000e+00)	Acc@1 100.00 (100.00)	Acc@5 100.00 (100.00)
15-Mar-26 16:37:05 - Epoch: [58][ 699/1176]	Time  0.089 ( 0.092)	Data  0.000 ( 0.001)	Loss 0.0000e+00 (0.0000e+00)	Acc@1 100.00 (100.00)	Acc@5 100.00 (100.00)
15-Mar-26 16:37:14 - Epoch: [58][ 799/1176]	Time  0.096 ( 0.092)	Data  0.000 ( 0.001)	Loss 0.0000e+00 (0.0000e+00)	Acc@1 100.00 (100.00)	Acc@5 100.00 (100.00)
15-Mar-26 16:37:23 - Epoch: [58][ 899/1176]	Time  0.120 ( 0.092)	Data  0.000 ( 0.001)	Loss 0.0000e+00 (0.0000e+00)	Acc@1 100.00 (100.00)	Acc@5 100.00 (100.00)
15-Mar-26 16:37:32 - Epoch: [58][ 999/1176]	Time  0.088 ( 0.092)	Data  0.000 ( 0.001)	Loss 0.0000e+00 (0.0000e+00)	Acc@1 100.00 (100.00)	Acc@5 100.00 (100.00)
15-Mar-26 16:37:41 - Epoch: [58][1099/1176]	Time  0.089 ( 0.092)	Data  0.000 ( 0.001)	Loss 0.0000e+00 (0.0000e+00)	Acc@1 100.00 (100.00)	Acc@5 100.00 (100.00)
15-Mar-26 16:37:48 -  @Training * Acc@1 100.000 Acc@5 100.000 Loss 0.000
15-Mar-26 16:37:48 - One training epoch latency: 108.0s | Avg Power: 206.5W | Energy: 22315.1053J
15-Mar-26 16:37:55 -  @Testing * Acc@1 94.097 Acc@5 99.653 Loss 1.387
15-Mar-26 16:37:55 - Best acc at epoch 58: 95.1388931274414
15-Mar-26 16:37:55 - Last learning rate: [4.8828125e-07]
15-Mar-26 16:37:55 - 	 Epoch 59...
15-Mar-26 16:38:05 - Epoch: [59][  99/1176]	Time  0.088 ( 0.094)	Data  0.000 ( 0.002)	Loss 0.0000e+00 (0.0000e+00)	Acc@1 100.00 (100.00)	Acc@5 100.00 (100.00)
15-Mar-26 16:38:14 - Epoch: [59][ 199/1176]	Time  0.091 ( 0.093)	Data  0.000 ( 0.001)	Loss 0.0000e+00 (0.0000e+00)	Acc@1 100.00 (100.00)	Acc@5 100.00 (100.00)
15-Mar-26 16:38:23 - Epoch: [59][ 299/1176]	Time  0.091 ( 0.093)	Data  0.000 ( 0.001)	Loss 0.0000e+00 (0.0000e+00)	Acc@1 100.00 (100.00)	Acc@5 100.00 (100.00)
15-Mar-26 16:38:32 - Epoch: [59][ 399/1176]	Time  0.091 ( 0.092)	Data  0.000 ( 0.001)	Loss 0.0000e+00 (0.0000e+00)	Acc@1 100.00 (100.00)	Acc@5 100.00 (100.00)
15-Mar-26 16:38:42 - Epoch: [59][ 499/1176]	Time  0.093 ( 0.092)	Data  0.000 ( 0.001)	Loss 0.0000e+00 (0.0000e+00)	Acc@1 100.00 (100.00)	Acc@5 100.00 (100.00)
15-Mar-26 16:38:51 - Epoch: [59][ 599/1176]	Time  0.091 ( 0.092)	Data  0.000 ( 0.001)	Loss 0.0000e+00 (0.0000e+00)	Acc@1 100.00 (100.00)	Acc@5 100.00 (100.00)
15-Mar-26 16:39:00 - Epoch: [59][ 699/1176]	Time  0.094 ( 0.092)	Data  0.000 ( 0.001)	Loss 0.0000e+00 (0.0000e+00)	Acc@1 100.00 (100.00)	Acc@5 100.00 (100.00)
15-Mar-26 16:39:09 - Epoch: [59][ 799/1176]	Time  0.092 ( 0.092)	Data  0.001 ( 0.000)	Loss 0.0000e+00 (0.0000e+00)	Acc@1 100.00 (100.00)	Acc@5 100.00 (100.00)
15-Mar-26 16:39:19 - Epoch: [59][ 899/1176]	Time  0.096 ( 0.092)	Data  0.001 ( 0.000)	Loss 0.0000e+00 (0.0000e+00)	Acc@1 100.00 (100.00)	Acc@5 100.00 (100.00)
15-Mar-26 16:39:28 - Epoch: [59][ 999/1176]	Time  0.092 ( 0.093)	Data  0.001 ( 0.000)	Loss 0.0000e+00 (0.0000e+00)	Acc@1 100.00 (100.00)	Acc@5 100.00 (100.00)
15-Mar-26 16:39:37 - Epoch: [59][1099/1176]	Time  0.091 ( 0.093)	Data  0.000 ( 0.000)	Loss 0.0000e+00 (0.0000e+00)	Acc@1 100.00 (100.00)	Acc@5 100.00 (100.00)
15-Mar-26 16:39:44 -  @Training * Acc@1 100.000 Acc@5 100.000 Loss 0.000
15-Mar-26 16:39:45 - One training epoch latency: 109.0s | Avg Power: 206.7W | Energy: 22531.2850J
15-Mar-26 16:39:52 -  @Testing * Acc@1 94.792 Acc@5 99.653 Loss 1.289
15-Mar-26 16:39:52 - Best acc at epoch 59: 95.1388931274414
15-Mar-26 16:39:52 - Last learning rate: [4.8828125e-07]
15-Mar-26 16:39:52 - 	 Epoch 60...
15-Mar-26 16:40:01 - Epoch: [60][  99/1176]	Time  0.092 ( 0.096)	Data  0.000 ( 0.002)	Loss 0.0000e+00 (0.0000e+00)	Acc@1 100.00 (100.00)	Acc@5 100.00 (100.00)
15-Mar-26 16:40:11 - Epoch: [60][ 199/1176]	Time  0.090 ( 0.094)	Data  0.000 ( 0.001)	Loss 0.0000e+00 (0.0000e+00)	Acc@1 100.00 (100.00)	Acc@5 100.00 (100.00)
15-Mar-26 16:40:20 - Epoch: [60][ 299/1176]	Time  0.091 ( 0.094)	Data  0.000 ( 0.001)	Loss 0.0000e+00 (0.0000e+00)	Acc@1 100.00 (100.00)	Acc@5 100.00 (100.00)
15-Mar-26 16:40:29 - Epoch: [60][ 399/1176]	Time  0.094 ( 0.094)	Data  0.001 ( 0.001)	Loss 0.0000e+00 (0.0000e+00)	Acc@1 100.00 (100.00)	Acc@5 100.00 (100.00)
15-Mar-26 16:40:39 - Epoch: [60][ 499/1176]	Time  0.094 ( 0.094)	Data  0.000 ( 0.001)	Loss 0.0000e+00 (0.0000e+00)	Acc@1 100.00 (100.00)	Acc@5 100.00 (100.00)
15-Mar-26 16:40:48 - Epoch: [60][ 599/1176]	Time  0.090 ( 0.094)	Data  0.000 ( 0.001)	Loss 0.0000e+00 (0.0000e+00)	Acc@1 100.00 (100.00)	Acc@5 100.00 (100.00)
15-Mar-26 16:40:57 - Epoch: [60][ 699/1176]	Time  0.095 ( 0.094)	Data  0.000 ( 0.001)	Loss 0.0000e+00 (0.0000e+00)	Acc@1 100.00 (100.00)	Acc@5 100.00 (100.00)
15-Mar-26 16:41:06 - Epoch: [60][ 799/1176]	Time  0.092 ( 0.093)	Data  0.001 ( 0.001)	Loss 0.0000e+00 (0.0000e+00)	Acc@1 100.00 (100.00)	Acc@5 100.00 (100.00)
15-Mar-26 16:41:16 - Epoch: [60][ 899/1176]	Time  0.092 ( 0.093)	Data  0.000 ( 0.001)	Loss 0.0000e+00 (0.0000e+00)	Acc@1 100.00 (100.00)	Acc@5 100.00 (100.00)
15-Mar-26 16:41:25 - Epoch: [60][ 999/1176]	Time  0.098 ( 0.093)	Data  0.000 ( 0.001)	Loss 0.0000e+00 (0.0000e+00)	Acc@1 100.00 (100.00)	Acc@5 100.00 (100.00)
15-Mar-26 16:41:34 - Epoch: [60][1099/1176]	Time  0.091 ( 0.093)	Data  0.000 ( 0.001)	Loss 0.0000e+00 (0.0000e+00)	Acc@1 100.00 (100.00)	Acc@5 100.00 (100.00)
15-Mar-26 16:41:41 -  @Training * Acc@1 100.000 Acc@5 100.000 Loss 0.000
15-Mar-26 16:41:42 - One training epoch latency: 109.8s | Avg Power: 206.3W | Energy: 22649.1987J
15-Mar-26 16:41:49 -  @Testing * Acc@1 94.097 Acc@5 99.306 Loss 1.338
15-Mar-26 16:41:49 - Best acc at epoch 60: 95.1388931274414
15-Mar-26 16:41:49 - Last learning rate: [4.8828125e-07]
15-Mar-26 16:41:49 - 	 Epoch 61...
15-Mar-26 16:41:58 - Epoch: [61][  99/1176]	Time  0.093 ( 0.096)	Data  0.000 ( 0.002)	Loss 0.0000e+00 (0.0000e+00)	Acc@1 100.00 (100.00)	Acc@5 100.00 (100.00)
15-Mar-26 16:42:08 - Epoch: [61][ 199/1176]	Time  0.092 ( 0.095)	Data  0.000 ( 0.001)	Loss 0.0000e+00 (0.0000e+00)	Acc@1 100.00 (100.00)	Acc@5 100.00 (100.00)
15-Mar-26 16:42:17 - Epoch: [61][ 299/1176]	Time  0.093 ( 0.094)	Data  0.000 ( 0.001)	Loss 0.0000e+00 (0.0000e+00)	Acc@1 100.00 (100.00)	Acc@5 100.00 (100.00)
15-Mar-26 16:42:26 - Epoch: [61][ 399/1176]	Time  0.090 ( 0.094)	Data  0.000 ( 0.001)	Loss 0.0000e+00 (0.0000e+00)	Acc@1 100.00 (100.00)	Acc@5 100.00 (100.00)
15-Mar-26 16:42:36 - Epoch: [61][ 499/1176]	Time  0.091 ( 0.094)	Data  0.000 ( 0.001)	Loss 0.0000e+00 (0.0000e+00)	Acc@1 100.00 (100.00)	Acc@5 100.00 (100.00)
15-Mar-26 16:42:45 - Epoch: [61][ 599/1176]	Time  0.093 ( 0.094)	Data  0.000 ( 0.001)	Loss 0.0000e+00 (0.0000e+00)	Acc@1 100.00 (100.00)	Acc@5 100.00 (100.00)
15-Mar-26 16:42:54 - Epoch: [61][ 699/1176]	Time  0.090 ( 0.094)	Data  0.000 ( 0.001)	Loss 0.0000e+00 (0.0000e+00)	Acc@1 100.00 (100.00)	Acc@5 100.00 (100.00)
15-Mar-26 16:43:04 - Epoch: [61][ 799/1176]	Time  0.090 ( 0.094)	Data  0.001 ( 0.001)	Loss 0.0000e+00 (0.0000e+00)	Acc@1 100.00 (100.00)	Acc@5 100.00 (100.00)
15-Mar-26 16:43:13 - Epoch: [61][ 899/1176]	Time  0.090 ( 0.094)	Data  0.000 ( 0.000)	Loss 0.0000e+00 (0.0000e+00)	Acc@1 100.00 (100.00)	Acc@5 100.00 (100.00)
15-Mar-26 16:43:22 - Epoch: [61][ 999/1176]	Time  0.092 ( 0.094)	Data  0.000 ( 0.000)	Loss 0.0000e+00 (0.0000e+00)	Acc@1 100.00 (100.00)	Acc@5 100.00 (100.00)
15-Mar-26 16:43:32 - Epoch: [61][1099/1176]	Time  0.094 ( 0.094)	Data  0.000 ( 0.000)	Loss 0.0000e+00 (0.0000e+00)	Acc@1 100.00 (100.00)	Acc@5 100.00 (100.00)
15-Mar-26 16:43:39 -  @Training * Acc@1 100.000 Acc@5 100.000 Loss 0.000
15-Mar-26 16:43:39 - One training epoch latency: 110.2s | Avg Power: 203.5W | Energy: 22421.6225J
15-Mar-26 16:43:46 -  @Testing * Acc@1 93.750 Acc@5 99.653 Loss 1.343
15-Mar-26 16:43:46 - Best acc at epoch 61: 95.1388931274414
15-Mar-26 16:43:46 - Last learning rate: [4.8828125e-07]
15-Mar-26 16:43:46 - 	 Epoch 62...
15-Mar-26 16:43:56 - Epoch: [62][  99/1176]	Time  0.090 ( 0.096)	Data  0.000 ( 0.002)	Loss 0.0000e+00 (0.0000e+00)	Acc@1 100.00 (100.00)	Acc@5 100.00 (100.00)
15-Mar-26 16:44:05 - Epoch: [62][ 199/1176]	Time  0.110 ( 0.095)	Data  0.000 ( 0.001)	Loss 0.0000e+00 (0.0000e+00)	Acc@1 100.00 (100.00)	Acc@5 100.00 (100.00)
15-Mar-26 16:44:14 - Epoch: [62][ 299/1176]	Time  0.093 ( 0.094)	Data  0.000 ( 0.001)	Loss 0.0000e+00 (0.0000e+00)	Acc@1 100.00 (100.00)	Acc@5 100.00 (100.00)
15-Mar-26 16:44:24 - Epoch: [62][ 399/1176]	Time  0.093 ( 0.094)	Data  0.000 ( 0.001)	Loss 0.0000e+00 (0.0000e+00)	Acc@1 100.00 (100.00)	Acc@5 100.00 (100.00)
15-Mar-26 16:44:33 - Epoch: [62][ 499/1176]	Time  0.114 ( 0.094)	Data  0.000 ( 0.001)	Loss 0.0000e+00 (0.0000e+00)	Acc@1 100.00 (100.00)	Acc@5 100.00 (100.00)
15-Mar-26 16:44:42 - Epoch: [62][ 599/1176]	Time  0.090 ( 0.094)	Data  0.000 ( 0.001)	Loss 0.0000e+00 (0.0000e+00)	Acc@1 100.00 (100.00)	Acc@5 100.00 (100.00)
15-Mar-26 16:44:52 - Epoch: [62][ 699/1176]	Time  0.093 ( 0.093)	Data  0.000 ( 0.001)	Loss 0.0000e+00 (0.0000e+00)	Acc@1 100.00 (100.00)	Acc@5 100.00 (100.00)
15-Mar-26 16:45:01 - Epoch: [62][ 799/1176]	Time  0.093 ( 0.093)	Data  0.001 ( 0.001)	Loss 0.0000e+00 (0.0000e+00)	Acc@1 100.00 (100.00)	Acc@5 100.00 (100.00)
15-Mar-26 16:45:10 - Epoch: [62][ 899/1176]	Time  0.113 ( 0.093)	Data  0.001 ( 0.000)	Loss 0.0000e+00 (0.0000e+00)	Acc@1 100.00 (100.00)	Acc@5 100.00 (100.00)
15-Mar-26 16:45:19 - Epoch: [62][ 999/1176]	Time  0.089 ( 0.093)	Data  0.001 ( 0.000)	Loss 0.0000e+00 (0.0000e+00)	Acc@1 100.00 (100.00)	Acc@5 100.00 (100.00)
15-Mar-26 16:45:29 - Epoch: [62][1099/1176]	Time  0.092 ( 0.093)	Data  0.000 ( 0.000)	Loss 0.0000e+00 (0.0000e+00)	Acc@1 100.00 (100.00)	Acc@5 100.00 (100.00)
15-Mar-26 16:45:36 -  @Training * Acc@1 100.000 Acc@5 100.000 Loss 0.000
15-Mar-26 16:45:36 - One training epoch latency: 109.5s | Avg Power: 206.5W | Energy: 22618.6808J
15-Mar-26 16:45:43 -  @Testing * Acc@1 94.097 Acc@5 99.306 Loss 1.357
15-Mar-26 16:45:43 - Best acc at epoch 62: 95.1388931274414
15-Mar-26 16:45:43 - Last learning rate: [4.8828125e-07]
15-Mar-26 16:45:43 - 	 Epoch 63...
15-Mar-26 16:45:52 - Epoch: [63][  99/1176]	Time  0.090 ( 0.095)	Data  0.000 ( 0.002)	Loss 0.0000e+00 (0.0000e+00)	Acc@1 100.00 (100.00)	Acc@5 100.00 (100.00)
15-Mar-26 16:46:02 - Epoch: [63][ 199/1176]	Time  0.094 ( 0.094)	Data  0.000 ( 0.001)	Loss 0.0000e+00 (0.0000e+00)	Acc@1 100.00 (100.00)	Acc@5 100.00 (100.00)
15-Mar-26 16:46:11 - Epoch: [63][ 299/1176]	Time  0.090 ( 0.094)	Data  0.000 ( 0.001)	Loss 0.0000e+00 (0.0000e+00)	Acc@1 100.00 (100.00)	Acc@5 100.00 (100.00)
15-Mar-26 16:46:20 - Epoch: [63][ 399/1176]	Time  0.091 ( 0.093)	Data  0.000 ( 0.001)	Loss 0.0000e+00 (0.0000e+00)	Acc@1 100.00 (100.00)	Acc@5 100.00 (100.00)
15-Mar-26 16:46:30 - Epoch: [63][ 499/1176]	Time  0.091 ( 0.093)	Data  0.001 ( 0.001)	Loss 0.0000e+00 (0.0000e+00)	Acc@1 100.00 (100.00)	Acc@5 100.00 (100.00)
15-Mar-26 16:46:39 - Epoch: [63][ 599/1176]	Time  0.090 ( 0.093)	Data  0.000 ( 0.001)	Loss 0.0000e+00 (0.0000e+00)	Acc@1 100.00 (100.00)	Acc@5 100.00 (100.00)
15-Mar-26 16:46:48 - Epoch: [63][ 699/1176]	Time  0.090 ( 0.093)	Data  0.000 ( 0.001)	Loss 0.0000e+00 (0.0000e+00)	Acc@1 100.00 (100.00)	Acc@5 100.00 (100.00)
15-Mar-26 16:46:57 - Epoch: [63][ 799/1176]	Time  0.088 ( 0.093)	Data  0.000 ( 0.001)	Loss 0.0000e+00 (0.0000e+00)	Acc@1 100.00 (100.00)	Acc@5 100.00 (100.00)
15-Mar-26 16:47:06 - Epoch: [63][ 899/1176]	Time  0.088 ( 0.093)	Data  0.000 ( 0.001)	Loss 0.0000e+00 (0.0000e+00)	Acc@1 100.00 (100.00)	Acc@5 100.00 (100.00)
15-Mar-26 16:47:16 - Epoch: [63][ 999/1176]	Time  0.092 ( 0.093)	Data  0.000 ( 0.000)	Loss 0.0000e+00 (0.0000e+00)	Acc@1 100.00 (100.00)	Acc@5 100.00 (100.00)
15-Mar-26 16:47:25 - Epoch: [63][1099/1176]	Time  0.094 ( 0.093)	Data  0.001 ( 0.000)	Loss 0.0000e+00 (0.0000e+00)	Acc@1 100.00 (100.00)	Acc@5 100.00 (100.00)
15-Mar-26 16:47:32 -  @Training * Acc@1 100.000 Acc@5 100.000 Loss 0.000
15-Mar-26 16:47:32 - One training epoch latency: 109.0s | Avg Power: 206.5W | Energy: 22517.5028J
15-Mar-26 16:47:39 -  @Testing * Acc@1 93.750 Acc@5 99.306 Loss 1.366
15-Mar-26 16:47:39 - Best acc at epoch 63: 95.1388931274414
15-Mar-26 16:47:39 - Last learning rate: [4.8828125e-07]
15-Mar-26 16:47:39 - 	 Epoch 64...
15-Mar-26 16:47:49 - Epoch: [64][  99/1176]	Time  0.088 ( 0.095)	Data  0.000 ( 0.002)	Loss 0.0000e+00 (0.0000e+00)	Acc@1 100.00 (100.00)	Acc@5 100.00 (100.00)
15-Mar-26 16:47:58 - Epoch: [64][ 199/1176]	Time  0.113 ( 0.094)	Data  0.001 ( 0.001)	Loss 0.0000e+00 (0.0000e+00)	Acc@1 100.00 (100.00)	Acc@5 100.00 (100.00)
15-Mar-26 16:48:07 - Epoch: [64][ 299/1176]	Time  0.091 ( 0.094)	Data  0.000 ( 0.001)	Loss 0.0000e+00 (0.0000e+00)	Acc@1 100.00 (100.00)	Acc@5 100.00 (100.00)
15-Mar-26 16:48:17 - Epoch: [64][ 399/1176]	Time  0.090 ( 0.094)	Data  0.001 ( 0.001)	Loss 0.0000e+00 (0.0000e+00)	Acc@1 100.00 (100.00)	Acc@5 100.00 (100.00)
15-Mar-26 16:48:26 - Epoch: [64][ 499/1176]	Time  0.088 ( 0.094)	Data  0.000 ( 0.001)	Loss 0.0000e+00 (0.0000e+00)	Acc@1 100.00 (100.00)	Acc@5 100.00 (100.00)
15-Mar-26 16:48:36 - Epoch: [64][ 599/1176]	Time  0.093 ( 0.094)	Data  0.000 ( 0.001)	Loss 0.0000e+00 (0.0000e+00)	Acc@1 100.00 (100.00)	Acc@5 100.00 (100.00)
15-Mar-26 16:48:45 - Epoch: [64][ 699/1176]	Time  0.094 ( 0.094)	Data  0.001 ( 0.001)	Loss 0.0000e+00 (0.0000e+00)	Acc@1 100.00 (100.00)	Acc@5 100.00 (100.00)
15-Mar-26 16:48:54 - Epoch: [64][ 799/1176]	Time  0.092 ( 0.094)	Data  0.000 ( 0.001)	Loss 0.0000e+00 (0.0000e+00)	Acc@1 100.00 (100.00)	Acc@5 100.00 (100.00)
15-Mar-26 16:49:03 - Epoch: [64][ 899/1176]	Time  0.091 ( 0.094)	Data  0.000 ( 0.001)	Loss 0.0000e+00 (0.0000e+00)	Acc@1 100.00 (100.00)	Acc@5 100.00 (100.00)
15-Mar-26 16:49:13 - Epoch: [64][ 999/1176]	Time  0.092 ( 0.094)	Data  0.000 ( 0.000)	Loss 0.0000e+00 (0.0000e+00)	Acc@1 100.00 (100.00)	Acc@5 100.00 (100.00)
15-Mar-26 16:49:22 - Epoch: [64][1099/1176]	Time  0.091 ( 0.093)	Data  0.000 ( 0.000)	Loss 0.0000e+00 (0.0000e+00)	Acc@1 100.00 (100.00)	Acc@5 100.00 (100.00)
15-Mar-26 16:49:29 -  @Training * Acc@1 100.000 Acc@5 100.000 Loss 0.000
15-Mar-26 16:49:29 - One training epoch latency: 109.9s | Avg Power: 203.5W | Energy: 22360.9648J
15-Mar-26 16:49:36 -  @Testing * Acc@1 93.750 Acc@5 99.653 Loss 1.353
15-Mar-26 16:49:36 - Best acc at epoch 64: 95.1388931274414
15-Mar-26 16:49:36 - Last learning rate: [2.44140625e-07]
15-Mar-26 16:49:36 - 	 Epoch 65...
15-Mar-26 16:49:46 - Epoch: [65][  99/1176]	Time  0.089 ( 0.094)	Data  0.000 ( 0.002)	Loss 0.0000e+00 (0.0000e+00)	Acc@1 100.00 (100.00)	Acc@5 100.00 (100.00)
15-Mar-26 16:49:55 - Epoch: [65][ 199/1176]	Time  0.112 ( 0.094)	Data  0.012 ( 0.001)	Loss 0.0000e+00 (0.0000e+00)	Acc@1 100.00 (100.00)	Acc@5 100.00 (100.00)
15-Mar-26 16:50:04 - Epoch: [65][ 299/1176]	Time  0.091 ( 0.093)	Data  0.000 ( 0.001)	Loss 0.0000e+00 (0.0000e+00)	Acc@1 100.00 (100.00)	Acc@5 100.00 (100.00)
15-Mar-26 16:50:14 - Epoch: [65][ 399/1176]	Time  0.094 ( 0.093)	Data  0.000 ( 0.001)	Loss 0.0000e+00 (0.0000e+00)	Acc@1 100.00 (100.00)	Acc@5 100.00 (100.00)
15-Mar-26 16:50:23 - Epoch: [65][ 499/1176]	Time  0.090 ( 0.093)	Data  0.000 ( 0.001)	Loss 0.0000e+00 (0.0000e+00)	Acc@1 100.00 (100.00)	Acc@5 100.00 (100.00)
15-Mar-26 16:50:32 - Epoch: [65][ 599/1176]	Time  0.102 ( 0.093)	Data  0.000 ( 0.001)	Loss 0.0000e+00 (0.0000e+00)	Acc@1 100.00 (100.00)	Acc@5 100.00 (100.00)
15-Mar-26 16:50:41 - Epoch: [65][ 699/1176]	Time  0.090 ( 0.093)	Data  0.000 ( 0.001)	Loss 0.0000e+00 (0.0000e+00)	Acc@1 100.00 (100.00)	Acc@5 100.00 (100.00)
15-Mar-26 16:50:50 - Epoch: [65][ 799/1176]	Time  0.093 ( 0.093)	Data  0.000 ( 0.001)	Loss 0.0000e+00 (0.0000e+00)	Acc@1 100.00 (100.00)	Acc@5 100.00 (100.00)
15-Mar-26 16:51:00 - Epoch: [65][ 899/1176]	Time  0.089 ( 0.093)	Data  0.000 ( 0.001)	Loss 0.0000e+00 (0.0000e+00)	Acc@1 100.00 (100.00)	Acc@5 100.00 (100.00)
15-Mar-26 16:51:09 - Epoch: [65][ 999/1176]	Time  0.091 ( 0.093)	Data  0.000 ( 0.000)	Loss 0.0000e+00 (0.0000e+00)	Acc@1 100.00 (100.00)	Acc@5 100.00 (100.00)
15-Mar-26 16:51:18 - Epoch: [65][1099/1176]	Time  0.091 ( 0.093)	Data  0.000 ( 0.000)	Loss 0.0000e+00 (0.0000e+00)	Acc@1 100.00 (100.00)	Acc@5 100.00 (100.00)
15-Mar-26 16:51:25 -  @Training * Acc@1 100.000 Acc@5 100.000 Loss 0.000
15-Mar-26 16:51:26 - One training epoch latency: 108.9s | Avg Power: 207.5W | Energy: 22605.5169J
15-Mar-26 16:51:33 -  @Testing * Acc@1 94.097 Acc@5 99.653 Loss 1.349
15-Mar-26 16:51:33 - Best acc at epoch 65: 95.1388931274414
15-Mar-26 16:51:33 - Last learning rate: [2.44140625e-07]
15-Mar-26 16:51:33 - 	 Epoch 66...
15-Mar-26 16:51:42 - Epoch: [66][  99/1176]	Time  0.092 ( 0.096)	Data  0.000 ( 0.002)	Loss 0.0000e+00 (0.0000e+00)	Acc@1 100.00 (100.00)	Acc@5 100.00 (100.00)
15-Mar-26 16:51:52 - Epoch: [66][ 199/1176]	Time  0.094 ( 0.095)	Data  0.001 ( 0.001)	Loss 0.0000e+00 (0.0000e+00)	Acc@1 100.00 (100.00)	Acc@5 100.00 (100.00)
15-Mar-26 16:52:01 - Epoch: [66][ 299/1176]	Time  0.092 ( 0.094)	Data  0.000 ( 0.001)	Loss 0.0000e+00 (0.0000e+00)	Acc@1 100.00 (100.00)	Acc@5 100.00 (100.00)
15-Mar-26 16:52:10 - Epoch: [66][ 399/1176]	Time  0.093 ( 0.094)	Data  0.000 ( 0.001)	Loss 0.0000e+00 (0.0000e+00)	Acc@1 100.00 (100.00)	Acc@5 100.00 (100.00)
15-Mar-26 16:52:20 - Epoch: [66][ 499/1176]	Time  0.093 ( 0.094)	Data  0.000 ( 0.001)	Loss 0.0000e+00 (0.0000e+00)	Acc@1 100.00 (100.00)	Acc@5 100.00 (100.00)
15-Mar-26 16:52:29 - Epoch: [66][ 599/1176]	Time  0.092 ( 0.094)	Data  0.000 ( 0.001)	Loss 0.0000e+00 (0.0000e+00)	Acc@1 100.00 (100.00)	Acc@5 100.00 (100.00)
15-Mar-26 16:52:38 - Epoch: [66][ 699/1176]	Time  0.092 ( 0.094)	Data  0.000 ( 0.001)	Loss 0.0000e+00 (0.0000e+00)	Acc@1 100.00 (100.00)	Acc@5 100.00 (100.00)
15-Mar-26 16:52:47 - Epoch: [66][ 799/1176]	Time  0.091 ( 0.094)	Data  0.000 ( 0.000)	Loss 0.0000e+00 (0.0000e+00)	Acc@1 100.00 (100.00)	Acc@5 100.00 (100.00)
15-Mar-26 16:52:57 - Epoch: [66][ 899/1176]	Time  0.091 ( 0.093)	Data  0.001 ( 0.000)	Loss 0.0000e+00 (0.0000e+00)	Acc@1 100.00 (100.00)	Acc@5 100.00 (100.00)
15-Mar-26 16:53:06 - Epoch: [66][ 999/1176]	Time  0.109 ( 0.093)	Data  0.000 ( 0.000)	Loss 0.0000e+00 (0.0000e+00)	Acc@1 100.00 (100.00)	Acc@5 100.00 (100.00)
15-Mar-26 16:53:15 - Epoch: [66][1099/1176]	Time  0.093 ( 0.093)	Data  0.000 ( 0.000)	Loss 0.0000e+00 (0.0000e+00)	Acc@1 100.00 (100.00)	Acc@5 100.00 (100.00)
15-Mar-26 16:53:23 -  @Training * Acc@1 100.000 Acc@5 100.000 Loss 0.000
15-Mar-26 16:53:23 - One training epoch latency: 109.9s | Avg Power: 205.5W | Energy: 22587.9735J
15-Mar-26 16:53:30 -  @Testing * Acc@1 93.750 Acc@5 99.653 Loss 1.387
15-Mar-26 16:53:30 - Best acc at epoch 66: 95.1388931274414
15-Mar-26 16:53:30 - Last learning rate: [2.44140625e-07]
15-Mar-26 16:53:30 - 	 Epoch 67...
15-Mar-26 16:53:39 - Epoch: [67][  99/1176]	Time  0.093 ( 0.096)	Data  0.000 ( 0.002)	Loss 0.0000e+00 (0.0000e+00)	Acc@1 100.00 (100.00)	Acc@5 100.00 (100.00)
15-Mar-26 16:53:49 - Epoch: [67][ 199/1176]	Time  0.092 ( 0.095)	Data  0.000 ( 0.001)	Loss 0.0000e+00 (0.0000e+00)	Acc@1 100.00 (100.00)	Acc@5 100.00 (100.00)
15-Mar-26 16:53:58 - Epoch: [67][ 299/1176]	Time  0.092 ( 0.094)	Data  0.001 ( 0.001)	Loss 0.0000e+00 (0.0000e+00)	Acc@1 100.00 (100.00)	Acc@5 100.00 (100.00)
15-Mar-26 16:54:07 - Epoch: [67][ 399/1176]	Time  0.093 ( 0.094)	Data  0.000 ( 0.001)	Loss 0.0000e+00 (0.0000e+00)	Acc@1 100.00 (100.00)	Acc@5 100.00 (100.00)
15-Mar-26 16:54:17 - Epoch: [67][ 499/1176]	Time  0.093 ( 0.094)	Data  0.001 ( 0.001)	Loss 0.0000e+00 (0.0000e+00)	Acc@1 100.00 (100.00)	Acc@5 100.00 (100.00)
15-Mar-26 16:54:26 - Epoch: [67][ 599/1176]	Time  0.102 ( 0.094)	Data  0.000 ( 0.001)	Loss 0.0000e+00 (0.0000e+00)	Acc@1 100.00 (100.00)	Acc@5 100.00 (100.00)
15-Mar-26 16:54:35 - Epoch: [67][ 699/1176]	Time  0.093 ( 0.094)	Data  0.002 ( 0.001)	Loss 0.0000e+00 (0.0000e+00)	Acc@1 100.00 (100.00)	Acc@5 100.00 (100.00)
15-Mar-26 16:54:45 - Epoch: [67][ 799/1176]	Time  0.090 ( 0.094)	Data  0.000 ( 0.001)	Loss 0.0000e+00 (0.0000e+00)	Acc@1 100.00 (100.00)	Acc@5 100.00 (100.00)
15-Mar-26 16:54:54 - Epoch: [67][ 899/1176]	Time  0.108 ( 0.094)	Data  0.000 ( 0.001)	Loss 0.0000e+00 (0.0000e+00)	Acc@1 100.00 (100.00)	Acc@5 100.00 (100.00)
15-Mar-26 16:55:03 - Epoch: [67][ 999/1176]	Time  0.091 ( 0.094)	Data  0.000 ( 0.000)	Loss 0.0000e+00 (0.0000e+00)	Acc@1 100.00 (100.00)	Acc@5 100.00 (100.00)
15-Mar-26 16:55:13 - Epoch: [67][1099/1176]	Time  0.092 ( 0.094)	Data  0.000 ( 0.000)	Loss 0.0000e+00 (0.0000e+00)	Acc@1 100.00 (100.00)	Acc@5 100.00 (100.00)
15-Mar-26 16:55:20 -  @Training * Acc@1 100.000 Acc@5 100.000 Loss 0.000
15-Mar-26 16:55:20 - One training epoch latency: 110.1s | Avg Power: 203.6W | Energy: 22408.0263J
15-Mar-26 16:55:27 -  @Testing * Acc@1 94.097 Acc@5 99.306 Loss 1.407
15-Mar-26 16:55:27 - Best acc at epoch 67: 95.1388931274414
15-Mar-26 16:55:27 - Last learning rate: [2.44140625e-07]
15-Mar-26 16:55:27 - 	 Epoch 68...
15-Mar-26 16:55:36 - Epoch: [68][  99/1176]	Time  0.093 ( 0.095)	Data  0.000 ( 0.002)	Loss 0.0000e+00 (0.0000e+00)	Acc@1 100.00 (100.00)	Acc@5 100.00 (100.00)
15-Mar-26 16:55:46 - Epoch: [68][ 199/1176]	Time  0.091 ( 0.094)	Data  0.000 ( 0.001)	Loss 0.0000e+00 (0.0000e+00)	Acc@1 100.00 (100.00)	Acc@5 100.00 (100.00)
15-Mar-26 16:55:55 - Epoch: [68][ 299/1176]	Time  0.091 ( 0.093)	Data  0.000 ( 0.001)	Loss 0.0000e+00 (0.0000e+00)	Acc@1 100.00 (100.00)	Acc@5 100.00 (100.00)
15-Mar-26 16:56:04 - Epoch: [68][ 399/1176]	Time  0.091 ( 0.093)	Data  0.000 ( 0.001)	Loss 0.0000e+00 (0.0000e+00)	Acc@1 100.00 (100.00)	Acc@5 100.00 (100.00)
15-Mar-26 16:56:13 - Epoch: [68][ 499/1176]	Time  0.091 ( 0.093)	Data  0.000 ( 0.001)	Loss 0.0000e+00 (0.0000e+00)	Acc@1 100.00 (100.00)	Acc@5 100.00 (100.00)
15-Mar-26 16:56:23 - Epoch: [68][ 599/1176]	Time  0.089 ( 0.093)	Data  0.000 ( 0.001)	Loss 0.0000e+00 (0.0000e+00)	Acc@1 100.00 (100.00)	Acc@5 100.00 (100.00)
15-Mar-26 16:56:32 - Epoch: [68][ 699/1176]	Time  0.091 ( 0.093)	Data  0.000 ( 0.001)	Loss 0.0000e+00 (0.0000e+00)	Acc@1 100.00 (100.00)	Acc@5 100.00 (100.00)
15-Mar-26 16:56:41 - Epoch: [68][ 799/1176]	Time  0.091 ( 0.093)	Data  0.000 ( 0.001)	Loss 0.0000e+00 (0.0000e+00)	Acc@1 100.00 (100.00)	Acc@5 100.00 (100.00)
15-Mar-26 16:56:50 - Epoch: [68][ 899/1176]	Time  0.095 ( 0.092)	Data  0.001 ( 0.000)	Loss 0.0000e+00 (0.0000e+00)	Acc@1 100.00 (100.00)	Acc@5 100.00 (100.00)
15-Mar-26 16:56:59 - Epoch: [68][ 999/1176]	Time  0.089 ( 0.092)	Data  0.000 ( 0.000)	Loss 0.0000e+00 (0.0000e+00)	Acc@1 100.00 (100.00)	Acc@5 100.00 (100.00)
15-Mar-26 16:57:09 - Epoch: [68][1099/1176]	Time  0.089 ( 0.092)	Data  0.000 ( 0.000)	Loss 0.0000e+00 (0.0000e+00)	Acc@1 100.00 (100.00)	Acc@5 100.00 (100.00)
15-Mar-26 16:57:16 -  @Training * Acc@1 100.000 Acc@5 100.000 Loss 0.000
15-Mar-26 16:57:16 - One training epoch latency: 108.6s | Avg Power: 207.2W | Energy: 22509.3062J
15-Mar-26 16:57:23 -  @Testing * Acc@1 94.097 Acc@5 99.306 Loss 1.366
15-Mar-26 16:57:23 - Best acc at epoch 68: 95.1388931274414
15-Mar-26 16:57:23 - Last learning rate: [2.44140625e-07]
15-Mar-26 16:57:23 - 	 Epoch 69...
15-Mar-26 16:57:32 - Epoch: [69][  99/1176]	Time  0.090 ( 0.095)	Data  0.000 ( 0.002)	Loss 0.0000e+00 (0.0000e+00)	Acc@1 100.00 (100.00)	Acc@5 100.00 (100.00)
15-Mar-26 16:57:42 - Epoch: [69][ 199/1176]	Time  0.088 ( 0.093)	Data  0.000 ( 0.001)	Loss 0.0000e+00 (0.0000e+00)	Acc@1 100.00 (100.00)	Acc@5 100.00 (100.00)
15-Mar-26 16:57:51 - Epoch: [69][ 299/1176]	Time  0.092 ( 0.093)	Data  0.000 ( 0.001)	Loss 0.0000e+00 (0.0000e+00)	Acc@1 100.00 (100.00)	Acc@5 100.00 (100.00)
15-Mar-26 16:58:00 - Epoch: [69][ 399/1176]	Time  0.100 ( 0.093)	Data  0.000 ( 0.001)	Loss 0.0000e+00 (0.0000e+00)	Acc@1 100.00 (100.00)	Acc@5 100.00 (100.00)
15-Mar-26 16:58:09 - Epoch: [69][ 499/1176]	Time  0.093 ( 0.093)	Data  0.001 ( 0.000)	Loss 0.0000e+00 (0.0000e+00)	Acc@1 100.00 (100.00)	Acc@5 100.00 (100.00)
15-Mar-26 16:58:19 - Epoch: [69][ 599/1176]	Time  0.093 ( 0.093)	Data  0.000 ( 0.000)	Loss 0.0000e+00 (0.0000e+00)	Acc@1 100.00 (100.00)	Acc@5 100.00 (100.00)
15-Mar-26 16:58:28 - Epoch: [69][ 699/1176]	Time  0.092 ( 0.093)	Data  0.000 ( 0.000)	Loss 0.0000e+00 (0.0000e+00)	Acc@1 100.00 (100.00)	Acc@5 100.00 (100.00)
15-Mar-26 16:58:37 - Epoch: [69][ 799/1176]	Time  0.094 ( 0.093)	Data  0.001 ( 0.000)	Loss 0.0000e+00 (0.0000e+00)	Acc@1 100.00 (100.00)	Acc@5 100.00 (100.00)
15-Mar-26 16:58:47 - Epoch: [69][ 899/1176]	Time  0.093 ( 0.093)	Data  0.000 ( 0.000)	Loss 0.0000e+00 (0.0000e+00)	Acc@1 100.00 (100.00)	Acc@5 100.00 (100.00)
15-Mar-26 16:58:56 - Epoch: [69][ 999/1176]	Time  0.092 ( 0.093)	Data  0.000 ( 0.000)	Loss 0.0000e+00 (0.0000e+00)	Acc@1 100.00 (100.00)	Acc@5 100.00 (100.00)
15-Mar-26 16:59:05 - Epoch: [69][1099/1176]	Time  0.093 ( 0.093)	Data  0.000 ( 0.000)	Loss 0.0000e+00 (0.0000e+00)	Acc@1 100.00 (100.00)	Acc@5 100.00 (100.00)
15-Mar-26 16:59:13 -  @Training * Acc@1 100.000 Acc@5 100.000 Loss 0.000
15-Mar-26 16:59:13 - One training epoch latency: 109.7s | Avg Power: 204.7W | Energy: 22464.7673J
15-Mar-26 16:59:20 -  @Testing * Acc@1 93.750 Acc@5 99.653 Loss 1.388
15-Mar-26 16:59:20 - Best acc at epoch 69: 95.1388931274414
15-Mar-26 16:59:20 - Last learning rate: [2.44140625e-07]
15-Mar-26 16:59:20 - 	 Epoch 70...
15-Mar-26 16:59:30 - Epoch: [70][  99/1176]	Time  0.092 ( 0.098)	Data  0.000 ( 0.002)	Loss 0.0000e+00 (0.0000e+00)	Acc@1 100.00 (100.00)	Acc@5 100.00 (100.00)
15-Mar-26 16:59:39 - Epoch: [70][ 199/1176]	Time  0.092 ( 0.097)	Data  0.000 ( 0.001)	Loss 0.0000e+00 (0.0000e+00)	Acc@1 100.00 (100.00)	Acc@5 100.00 (100.00)
15-Mar-26 16:59:49 - Epoch: [70][ 299/1176]	Time  0.093 ( 0.096)	Data  0.000 ( 0.001)	Loss 0.0000e+00 (0.0000e+00)	Acc@1 100.00 (100.00)	Acc@5 100.00 (100.00)
15-Mar-26 16:59:58 - Epoch: [70][ 399/1176]	Time  0.094 ( 0.095)	Data  0.001 ( 0.001)	Loss 0.0000e+00 (0.0000e+00)	Acc@1 100.00 (100.00)	Acc@5 100.00 (100.00)
15-Mar-26 17:00:07 - Epoch: [70][ 499/1176]	Time  0.091 ( 0.095)	Data  0.000 ( 0.001)	Loss 0.0000e+00 (0.0000e+00)	Acc@1 100.00 (100.00)	Acc@5 100.00 (100.00)
15-Mar-26 17:00:17 - Epoch: [70][ 599/1176]	Time  0.095 ( 0.095)	Data  0.000 ( 0.001)	Loss 0.0000e+00 (0.0000e+00)	Acc@1 100.00 (100.00)	Acc@5 100.00 (100.00)
15-Mar-26 17:00:26 - Epoch: [70][ 699/1176]	Time  0.095 ( 0.095)	Data  0.000 ( 0.001)	Loss 0.0000e+00 (0.0000e+00)	Acc@1 100.00 (100.00)	Acc@5 100.00 (100.00)
15-Mar-26 17:00:35 - Epoch: [70][ 799/1176]	Time  0.093 ( 0.095)	Data  0.000 ( 0.001)	Loss 0.0000e+00 (0.0000e+00)	Acc@1 100.00 (100.00)	Acc@5 100.00 (100.00)
15-Mar-26 17:00:45 - Epoch: [70][ 899/1176]	Time  0.093 ( 0.094)	Data  0.000 ( 0.001)	Loss 0.0000e+00 (0.0000e+00)	Acc@1 100.00 (100.00)	Acc@5 100.00 (100.00)
15-Mar-26 17:00:54 - Epoch: [70][ 999/1176]	Time  0.093 ( 0.094)	Data  0.000 ( 0.001)	Loss 0.0000e+00 (0.0000e+00)	Acc@1 100.00 (100.00)	Acc@5 100.00 (100.00)
15-Mar-26 17:01:04 - Epoch: [70][1099/1176]	Time  0.093 ( 0.094)	Data  0.001 ( 0.000)	Loss 0.0000e+00 (0.0000e+00)	Acc@1 100.00 (100.00)	Acc@5 100.00 (100.00)
15-Mar-26 17:01:11 -  @Training * Acc@1 100.000 Acc@5 100.000 Loss 0.000
15-Mar-26 17:01:11 - One training epoch latency: 111.0s | Avg Power: 203.7W | Energy: 22610.3129J
15-Mar-26 17:01:18 -  @Testing * Acc@1 94.097 Acc@5 99.306 Loss 1.395
15-Mar-26 17:01:18 - Best acc at epoch 70: 95.1388931274414
15-Mar-26 17:01:18 - Last learning rate: [1.220703125e-07]
15-Mar-26 17:01:18 - 	 Epoch 71...
15-Mar-26 17:01:28 - Epoch: [71][  99/1176]	Time  0.092 ( 0.096)	Data  0.000 ( 0.002)	Loss 0.0000e+00 (0.0000e+00)	Acc@1 100.00 (100.00)	Acc@5 100.00 (100.00)
15-Mar-26 17:01:37 - Epoch: [71][ 199/1176]	Time  0.100 ( 0.095)	Data  0.000 ( 0.001)	Loss 0.0000e+00 (0.0000e+00)	Acc@1 100.00 (100.00)	Acc@5 100.00 (100.00)
15-Mar-26 17:01:46 - Epoch: [71][ 299/1176]	Time  0.093 ( 0.095)	Data  0.000 ( 0.001)	Loss 0.0000e+00 (0.0000e+00)	Acc@1 100.00 (100.00)	Acc@5 100.00 (100.00)
15-Mar-26 17:01:56 - Epoch: [71][ 399/1176]	Time  0.094 ( 0.095)	Data  0.000 ( 0.001)	Loss 0.0000e+00 (0.0000e+00)	Acc@1 100.00 (100.00)	Acc@5 100.00 (100.00)
15-Mar-26 17:02:05 - Epoch: [71][ 499/1176]	Time  0.093 ( 0.094)	Data  0.000 ( 0.001)	Loss 0.0000e+00 (0.0000e+00)	Acc@1 100.00 (100.00)	Acc@5 100.00 (100.00)
15-Mar-26 17:02:15 - Epoch: [71][ 599/1176]	Time  0.093 ( 0.094)	Data  0.000 ( 0.001)	Loss 0.0000e+00 (0.0000e+00)	Acc@1 100.00 (100.00)	Acc@5 100.00 (100.00)
15-Mar-26 17:02:24 - Epoch: [71][ 699/1176]	Time  0.092 ( 0.094)	Data  0.000 ( 0.001)	Loss 0.0000e+00 (0.0000e+00)	Acc@1 100.00 (100.00)	Acc@5 100.00 (100.00)
15-Mar-26 17:02:33 - Epoch: [71][ 799/1176]	Time  0.090 ( 0.094)	Data  0.000 ( 0.001)	Loss 0.0000e+00 (0.0000e+00)	Acc@1 100.00 (100.00)	Acc@5 100.00 (100.00)
15-Mar-26 17:02:43 - Epoch: [71][ 899/1176]	Time  0.094 ( 0.094)	Data  0.000 ( 0.001)	Loss 0.0000e+00 (0.0000e+00)	Acc@1 100.00 (100.00)	Acc@5 100.00 (100.00)
15-Mar-26 17:02:52 - Epoch: [71][ 999/1176]	Time  0.091 ( 0.094)	Data  0.000 ( 0.000)	Loss 0.0000e+00 (0.0000e+00)	Acc@1 100.00 (100.00)	Acc@5 100.00 (100.00)
15-Mar-26 17:03:01 - Epoch: [71][1099/1176]	Time  0.090 ( 0.094)	Data  0.000 ( 0.000)	Loss 0.0000e+00 (0.0000e+00)	Acc@1 100.00 (100.00)	Acc@5 100.00 (100.00)
15-Mar-26 17:03:08 -  @Training * Acc@1 100.000 Acc@5 100.000 Loss 0.000
15-Mar-26 17:03:09 - One training epoch latency: 110.4s | Avg Power: 205.4W | Energy: 22668.2510J
15-Mar-26 17:03:16 -  @Testing * Acc@1 93.750 Acc@5 99.653 Loss 1.376
15-Mar-26 17:03:16 - Best acc at epoch 71: 95.1388931274414
15-Mar-26 17:03:16 - Last learning rate: [1.220703125e-07]
15-Mar-26 17:03:16 - 	 Epoch 72...
15-Mar-26 17:03:25 - Epoch: [72][  99/1176]	Time  0.094 ( 0.096)	Data  0.000 ( 0.002)	Loss 0.0000e+00 (0.0000e+00)	Acc@1 100.00 (100.00)	Acc@5 100.00 (100.00)
15-Mar-26 17:03:35 - Epoch: [72][ 199/1176]	Time  0.093 ( 0.095)	Data  0.000 ( 0.001)	Loss 0.0000e+00 (0.0000e+00)	Acc@1 100.00 (100.00)	Acc@5 100.00 (100.00)
15-Mar-26 17:03:44 - Epoch: [72][ 299/1176]	Time  0.093 ( 0.094)	Data  0.001 ( 0.001)	Loss 0.0000e+00 (0.0000e+00)	Acc@1 100.00 (100.00)	Acc@5 100.00 (100.00)
15-Mar-26 17:03:53 - Epoch: [72][ 399/1176]	Time  0.092 ( 0.094)	Data  0.000 ( 0.001)	Loss 0.0000e+00 (0.0000e+00)	Acc@1 100.00 (100.00)	Acc@5 100.00 (100.00)
15-Mar-26 17:04:03 - Epoch: [72][ 499/1176]	Time  0.093 ( 0.094)	Data  0.000 ( 0.001)	Loss 0.0000e+00 (0.0000e+00)	Acc@1 100.00 (100.00)	Acc@5 100.00 (100.00)
15-Mar-26 17:04:12 - Epoch: [72][ 599/1176]	Time  0.091 ( 0.094)	Data  0.000 ( 0.001)	Loss 0.0000e+00 (0.0000e+00)	Acc@1 100.00 (100.00)	Acc@5 100.00 (100.00)
15-Mar-26 17:04:22 - Epoch: [72][ 699/1176]	Time  0.093 ( 0.094)	Data  0.000 ( 0.001)	Loss 0.0000e+00 (0.0000e+00)	Acc@1 100.00 (100.00)	Acc@5 100.00 (100.00)
15-Mar-26 17:04:31 - Epoch: [72][ 799/1176]	Time  0.094 ( 0.094)	Data  0.000 ( 0.001)	Loss 0.0000e+00 (0.0000e+00)	Acc@1 100.00 (100.00)	Acc@5 100.00 (100.00)
15-Mar-26 17:04:40 - Epoch: [72][ 899/1176]	Time  0.094 ( 0.094)	Data  0.000 ( 0.001)	Loss 0.0000e+00 (0.0000e+00)	Acc@1 100.00 (100.00)	Acc@5 100.00 (100.00)
15-Mar-26 17:04:50 - Epoch: [72][ 999/1176]	Time  0.093 ( 0.094)	Data  0.001 ( 0.000)	Loss 0.0000e+00 (0.0000e+00)	Acc@1 100.00 (100.00)	Acc@5 100.00 (100.00)
15-Mar-26 17:04:59 - Epoch: [72][1099/1176]	Time  0.105 ( 0.094)	Data  0.000 ( 0.000)	Loss 0.0000e+00 (0.0000e+00)	Acc@1 100.00 (100.00)	Acc@5 100.00 (100.00)
15-Mar-26 17:05:06 -  @Training * Acc@1 100.000 Acc@5 100.000 Loss 0.000
15-Mar-26 17:05:06 - One training epoch latency: 110.6s | Avg Power: 203.0W | Energy: 22439.0813J
15-Mar-26 17:05:14 -  @Testing * Acc@1 93.750 Acc@5 99.306 Loss 1.358
15-Mar-26 17:05:14 - Best acc at epoch 72: 95.1388931274414
15-Mar-26 17:05:14 - Last learning rate: [1.220703125e-07]
15-Mar-26 17:05:14 - 	 Epoch 73...
15-Mar-26 17:05:23 - Epoch: [73][  99/1176]	Time  0.089 ( 0.096)	Data  0.000 ( 0.002)	Loss 0.0000e+00 (0.0000e+00)	Acc@1 100.00 (100.00)	Acc@5 100.00 (100.00)
15-Mar-26 17:05:33 - Epoch: [73][ 199/1176]	Time  0.096 ( 0.095)	Data  0.000 ( 0.001)	Loss 0.0000e+00 (0.0000e+00)	Acc@1 100.00 (100.00)	Acc@5 100.00 (100.00)
15-Mar-26 17:05:42 - Epoch: [73][ 299/1176]	Time  0.093 ( 0.094)	Data  0.000 ( 0.001)	Loss 0.0000e+00 (0.0000e+00)	Acc@1 100.00 (100.00)	Acc@5 100.00 (100.00)
15-Mar-26 17:05:51 - Epoch: [73][ 399/1176]	Time  0.094 ( 0.094)	Data  0.000 ( 0.001)	Loss 0.0000e+00 (0.0000e+00)	Acc@1 100.00 (100.00)	Acc@5 100.00 (100.00)
15-Mar-26 17:06:01 - Epoch: [73][ 499/1176]	Time  0.089 ( 0.094)	Data  0.000 ( 0.001)	Loss 0.0000e+00 (0.0000e+00)	Acc@1 100.00 (100.00)	Acc@5 100.00 (100.00)
15-Mar-26 17:06:10 - Epoch: [73][ 599/1176]	Time  0.094 ( 0.094)	Data  0.000 ( 0.001)	Loss 0.0000e+00 (0.0000e+00)	Acc@1 100.00 (100.00)	Acc@5 100.00 (100.00)
15-Mar-26 17:06:20 - Epoch: [73][ 699/1176]	Time  0.093 ( 0.094)	Data  0.001 ( 0.001)	Loss 0.0000e+00 (0.0000e+00)	Acc@1 100.00 (100.00)	Acc@5 100.00 (100.00)
15-Mar-26 17:06:29 - Epoch: [73][ 799/1176]	Time  0.091 ( 0.094)	Data  0.000 ( 0.000)	Loss 0.0000e+00 (0.0000e+00)	Acc@1 100.00 (100.00)	Acc@5 100.00 (100.00)
15-Mar-26 17:06:38 - Epoch: [73][ 899/1176]	Time  0.092 ( 0.094)	Data  0.000 ( 0.000)	Loss 0.0000e+00 (0.0000e+00)	Acc@1 100.00 (100.00)	Acc@5 100.00 (100.00)
15-Mar-26 17:06:48 - Epoch: [73][ 999/1176]	Time  0.094 ( 0.094)	Data  0.000 ( 0.000)	Loss 0.0000e+00 (0.0000e+00)	Acc@1 100.00 (100.00)	Acc@5 100.00 (100.00)
15-Mar-26 17:06:57 - Epoch: [73][1099/1176]	Time  0.093 ( 0.094)	Data  0.000 ( 0.000)	Loss 0.0000e+00 (0.0000e+00)	Acc@1 100.00 (100.00)	Acc@5 100.00 (100.00)
15-Mar-26 17:07:04 -  @Training * Acc@1 100.000 Acc@5 100.000 Loss 0.000
15-Mar-26 17:07:05 - One training epoch latency: 110.8s | Avg Power: 205.3W | Energy: 22743.7050J
15-Mar-26 17:07:12 -  @Testing * Acc@1 93.750 Acc@5 99.306 Loss 1.382
15-Mar-26 17:07:12 - Best acc at epoch 73: 95.1388931274414
15-Mar-26 17:07:12 - Last learning rate: [1.220703125e-07]
15-Mar-26 17:07:12 - 	 Epoch 74...
15-Mar-26 17:07:21 - Epoch: [74][  99/1176]	Time  0.094 ( 0.096)	Data  0.000 ( 0.002)	Loss 0.0000e+00 (0.0000e+00)	Acc@1 100.00 (100.00)	Acc@5 100.00 (100.00)
15-Mar-26 17:07:31 - Epoch: [74][ 199/1176]	Time  0.093 ( 0.095)	Data  0.000 ( 0.001)	Loss 0.0000e+00 (0.0000e+00)	Acc@1 100.00 (100.00)	Acc@5 100.00 (100.00)
15-Mar-26 17:07:40 - Epoch: [74][ 299/1176]	Time  0.103 ( 0.095)	Data  0.000 ( 0.001)	Loss 0.0000e+00 (0.0000e+00)	Acc@1 100.00 (100.00)	Acc@5 100.00 (100.00)
15-Mar-26 17:07:49 - Epoch: [74][ 399/1176]	Time  0.093 ( 0.095)	Data  0.000 ( 0.001)	Loss 0.0000e+00 (0.0000e+00)	Acc@1 100.00 (100.00)	Acc@5 100.00 (100.00)
15-Mar-26 17:07:59 - Epoch: [74][ 499/1176]	Time  0.091 ( 0.094)	Data  0.000 ( 0.001)	Loss 0.0000e+00 (0.0000e+00)	Acc@1 100.00 (100.00)	Acc@5 100.00 (100.00)
15-Mar-26 17:08:08 - Epoch: [74][ 599/1176]	Time  0.091 ( 0.094)	Data  0.000 ( 0.001)	Loss 0.0000e+00 (0.0000e+00)	Acc@1 100.00 (100.00)	Acc@5 100.00 (100.00)
15-Mar-26 17:08:18 - Epoch: [74][ 699/1176]	Time  0.092 ( 0.094)	Data  0.000 ( 0.001)	Loss 0.0000e+00 (0.0000e+00)	Acc@1 100.00 (100.00)	Acc@5 100.00 (100.00)
15-Mar-26 17:08:27 - Epoch: [74][ 799/1176]	Time  0.104 ( 0.094)	Data  0.000 ( 0.001)	Loss 0.0000e+00 (0.0000e+00)	Acc@1 100.00 (100.00)	Acc@5 100.00 (100.00)
15-Mar-26 17:08:36 - Epoch: [74][ 899/1176]	Time  0.093 ( 0.094)	Data  0.000 ( 0.001)	Loss 0.0000e+00 (0.0000e+00)	Acc@1 100.00 (100.00)	Acc@5 100.00 (100.00)
15-Mar-26 17:08:46 - Epoch: [74][ 999/1176]	Time  0.094 ( 0.094)	Data  0.000 ( 0.001)	Loss 0.0000e+00 (0.0000e+00)	Acc@1 100.00 (100.00)	Acc@5 100.00 (100.00)
15-Mar-26 17:08:55 - Epoch: [74][1099/1176]	Time  0.093 ( 0.094)	Data  0.000 ( 0.000)	Loss 0.0000e+00 (0.0000e+00)	Acc@1 100.00 (100.00)	Acc@5 100.00 (100.00)
15-Mar-26 17:09:02 -  @Training * Acc@1 100.000 Acc@5 100.000 Loss 0.000
15-Mar-26 17:09:03 - One training epoch latency: 110.8s | Avg Power: 205.0W | Energy: 22704.9720J
15-Mar-26 17:09:10 -  @Testing * Acc@1 93.750 Acc@5 99.653 Loss 1.359
15-Mar-26 17:09:10 - Best acc at epoch 74: 95.1388931274414
15-Mar-26 17:09:10 - Last learning rate: [1.220703125e-07]
15-Mar-26 17:09:10 - 	 Epoch 75...
15-Mar-26 17:09:19 - Epoch: [75][  99/1176]	Time  0.092 ( 0.096)	Data  0.000 ( 0.002)	Loss 0.0000e+00 (0.0000e+00)	Acc@1 100.00 (100.00)	Acc@5 100.00 (100.00)
15-Mar-26 17:09:29 - Epoch: [75][ 199/1176]	Time  0.092 ( 0.095)	Data  0.000 ( 0.001)	Loss 0.0000e+00 (0.0000e+00)	Acc@1 100.00 (100.00)	Acc@5 100.00 (100.00)
15-Mar-26 17:09:38 - Epoch: [75][ 299/1176]	Time  0.092 ( 0.095)	Data  0.001 ( 0.001)	Loss 0.0000e+00 (0.0000e+00)	Acc@1 100.00 (100.00)	Acc@5 100.00 (100.00)
15-Mar-26 17:09:47 - Epoch: [75][ 399/1176]	Time  0.091 ( 0.094)	Data  0.000 ( 0.001)	Loss 0.0000e+00 (0.0000e+00)	Acc@1 100.00 (100.00)	Acc@5 100.00 (100.00)
15-Mar-26 17:09:57 - Epoch: [75][ 499/1176]	Time  0.092 ( 0.094)	Data  0.000 ( 0.001)	Loss 0.0000e+00 (0.0000e+00)	Acc@1 100.00 (100.00)	Acc@5 100.00 (100.00)
15-Mar-26 17:10:06 - Epoch: [75][ 599/1176]	Time  0.092 ( 0.094)	Data  0.000 ( 0.001)	Loss 0.0000e+00 (0.0000e+00)	Acc@1 100.00 (100.00)	Acc@5 100.00 (100.00)
15-Mar-26 17:10:16 - Epoch: [75][ 699/1176]	Time  0.093 ( 0.094)	Data  0.000 ( 0.001)	Loss 0.0000e+00 (0.0000e+00)	Acc@1 100.00 (100.00)	Acc@5 100.00 (100.00)
15-Mar-26 17:10:25 - Epoch: [75][ 799/1176]	Time  0.093 ( 0.094)	Data  0.000 ( 0.001)	Loss 0.0000e+00 (0.0000e+00)	Acc@1 100.00 (100.00)	Acc@5 100.00 (100.00)
15-Mar-26 17:10:34 - Epoch: [75][ 899/1176]	Time  0.091 ( 0.094)	Data  0.000 ( 0.001)	Loss 0.0000e+00 (0.0000e+00)	Acc@1 100.00 (100.00)	Acc@5 100.00 (100.00)
15-Mar-26 17:10:44 - Epoch: [75][ 999/1176]	Time  0.092 ( 0.094)	Data  0.000 ( 0.000)	Loss 0.0000e+00 (0.0000e+00)	Acc@1 100.00 (100.00)	Acc@5 100.00 (100.00)
15-Mar-26 17:10:53 - Epoch: [75][1099/1176]	Time  0.093 ( 0.094)	Data  0.001 ( 0.000)	Loss 0.0000e+00 (0.0000e+00)	Acc@1 100.00 (100.00)	Acc@5 100.00 (100.00)
15-Mar-26 17:11:00 -  @Training * Acc@1 100.000 Acc@5 100.000 Loss 0.000
15-Mar-26 17:11:01 - One training epoch latency: 110.8s | Avg Power: 202.8W | Energy: 22471.4225J
15-Mar-26 17:11:08 -  @Testing * Acc@1 94.444 Acc@5 99.653 Loss 1.381
15-Mar-26 17:11:08 - Best acc at epoch 75: 95.1388931274414
15-Mar-26 17:11:08 - Last learning rate: [1.220703125e-07]
15-Mar-26 17:11:08 - 	 Epoch 76...
15-Mar-26 17:11:17 - Epoch: [76][  99/1176]	Time  0.091 ( 0.096)	Data  0.000 ( 0.002)	Loss 0.0000e+00 (0.0000e+00)	Acc@1 100.00 (100.00)	Acc@5 100.00 (100.00)
15-Mar-26 17:11:27 - Epoch: [76][ 199/1176]	Time  0.093 ( 0.095)	Data  0.000 ( 0.001)	Loss 0.0000e+00 (0.0000e+00)	Acc@1 100.00 (100.00)	Acc@5 100.00 (100.00)
15-Mar-26 17:11:36 - Epoch: [76][ 299/1176]	Time  0.092 ( 0.095)	Data  0.000 ( 0.001)	Loss 0.0000e+00 (0.0000e+00)	Acc@1 100.00 (100.00)	Acc@5 100.00 (100.00)
15-Mar-26 17:11:45 - Epoch: [76][ 399/1176]	Time  0.092 ( 0.094)	Data  0.000 ( 0.001)	Loss 0.0000e+00 (0.0000e+00)	Acc@1 100.00 (100.00)	Acc@5 100.00 (100.00)
15-Mar-26 17:11:55 - Epoch: [76][ 499/1176]	Time  0.092 ( 0.094)	Data  0.000 ( 0.001)	Loss 0.0000e+00 (0.0000e+00)	Acc@1 100.00 (100.00)	Acc@5 100.00 (100.00)
15-Mar-26 17:12:04 - Epoch: [76][ 599/1176]	Time  0.095 ( 0.094)	Data  0.001 ( 0.001)	Loss 0.0000e+00 (0.0000e+00)	Acc@1 100.00 (100.00)	Acc@5 100.00 (100.00)
15-Mar-26 17:12:14 - Epoch: [76][ 699/1176]	Time  0.092 ( 0.094)	Data  0.000 ( 0.001)	Loss 0.0000e+00 (0.0000e+00)	Acc@1 100.00 (100.00)	Acc@5 100.00 (100.00)
15-Mar-26 17:12:23 - Epoch: [76][ 799/1176]	Time  0.093 ( 0.094)	Data  0.000 ( 0.001)	Loss 0.0000e+00 (0.0000e+00)	Acc@1 100.00 (100.00)	Acc@5 100.00 (100.00)
15-Mar-26 17:12:32 - Epoch: [76][ 899/1176]	Time  0.092 ( 0.094)	Data  0.000 ( 0.000)	Loss 0.0000e+00 (0.0000e+00)	Acc@1 100.00 (100.00)	Acc@5 100.00 (100.00)
15-Mar-26 17:12:42 - Epoch: [76][ 999/1176]	Time  0.090 ( 0.094)	Data  0.000 ( 0.000)	Loss 0.0000e+00 (0.0000e+00)	Acc@1 100.00 (100.00)	Acc@5 100.00 (100.00)
15-Mar-26 17:12:51 - Epoch: [76][1099/1176]	Time  0.093 ( 0.094)	Data  0.000 ( 0.000)	Loss 0.0000e+00 (0.0000e+00)	Acc@1 100.00 (100.00)	Acc@5 100.00 (100.00)
15-Mar-26 17:12:58 -  @Training * Acc@1 100.000 Acc@5 100.000 Loss 0.000
15-Mar-26 17:12:58 - One training epoch latency: 110.8s | Avg Power: 205.3W | Energy: 22739.0932J
15-Mar-26 17:13:06 -  @Testing * Acc@1 94.097 Acc@5 99.653 Loss 1.402
15-Mar-26 17:13:06 - Best acc at epoch 76: 95.1388931274414
15-Mar-26 17:13:06 - Last learning rate: [6.103515625e-08]
15-Mar-26 17:13:06 - 	 Epoch 77...
15-Mar-26 17:13:15 - Epoch: [77][  99/1176]	Time  0.093 ( 0.096)	Data  0.000 ( 0.002)	Loss 0.0000e+00 (0.0000e+00)	Acc@1 100.00 (100.00)	Acc@5 100.00 (100.00)
15-Mar-26 17:13:25 - Epoch: [77][ 199/1176]	Time  0.094 ( 0.095)	Data  0.003 ( 0.001)	Loss 0.0000e+00 (0.0000e+00)	Acc@1 100.00 (100.00)	Acc@5 100.00 (100.00)
15-Mar-26 17:13:34 - Epoch: [77][ 299/1176]	Time  0.093 ( 0.095)	Data  0.001 ( 0.001)	Loss 0.0000e+00 (0.0000e+00)	Acc@1 100.00 (100.00)	Acc@5 100.00 (100.00)
15-Mar-26 17:13:43 - Epoch: [77][ 399/1176]	Time  0.092 ( 0.095)	Data  0.000 ( 0.001)	Loss 0.0000e+00 (0.0000e+00)	Acc@1 100.00 (100.00)	Acc@5 100.00 (100.00)
15-Mar-26 17:13:53 - Epoch: [77][ 499/1176]	Time  0.094 ( 0.094)	Data  0.000 ( 0.001)	Loss 0.0000e+00 (0.0000e+00)	Acc@1 100.00 (100.00)	Acc@5 100.00 (100.00)
15-Mar-26 17:14:02 - Epoch: [77][ 599/1176]	Time  0.091 ( 0.094)	Data  0.000 ( 0.001)	Loss 0.0000e+00 (0.0000e+00)	Acc@1 100.00 (100.00)	Acc@5 100.00 (100.00)
15-Mar-26 17:14:12 - Epoch: [77][ 699/1176]	Time  0.093 ( 0.094)	Data  0.000 ( 0.001)	Loss 0.0000e+00 (0.0000e+00)	Acc@1 100.00 (100.00)	Acc@5 100.00 (100.00)
15-Mar-26 17:14:21 - Epoch: [77][ 799/1176]	Time  0.090 ( 0.094)	Data  0.000 ( 0.001)	Loss 0.0000e+00 (0.0000e+00)	Acc@1 100.00 (100.00)	Acc@5 100.00 (100.00)
15-Mar-26 17:14:30 - Epoch: [77][ 899/1176]	Time  0.091 ( 0.094)	Data  0.001 ( 0.000)	Loss 0.0000e+00 (0.0000e+00)	Acc@1 100.00 (100.00)	Acc@5 100.00 (100.00)
15-Mar-26 17:14:40 - Epoch: [77][ 999/1176]	Time  0.092 ( 0.094)	Data  0.000 ( 0.000)	Loss 0.0000e+00 (0.0000e+00)	Acc@1 100.00 (100.00)	Acc@5 100.00 (100.00)
15-Mar-26 17:14:49 - Epoch: [77][1099/1176]	Time  0.092 ( 0.094)	Data  0.000 ( 0.000)	Loss 0.0000e+00 (0.0000e+00)	Acc@1 100.00 (100.00)	Acc@5 100.00 (100.00)
15-Mar-26 17:14:56 -  @Training * Acc@1 100.000 Acc@5 100.000 Loss 0.000
15-Mar-26 17:14:56 - One training epoch latency: 110.5s | Avg Power: 204.7W | Energy: 22616.0530J
15-Mar-26 17:15:03 -  @Testing * Acc@1 94.097 Acc@5 99.653 Loss 1.393
15-Mar-26 17:15:03 - Best acc at epoch 77: 95.1388931274414
15-Mar-26 17:15:03 - Last learning rate: [6.103515625e-08]
15-Mar-26 17:15:03 - 	 Epoch 78...
15-Mar-26 17:15:13 - Epoch: [78][  99/1176]	Time  0.090 ( 0.095)	Data  0.000 ( 0.002)	Loss 0.0000e+00 (0.0000e+00)	Acc@1 100.00 (100.00)	Acc@5 100.00 (100.00)
15-Mar-26 17:15:22 - Epoch: [78][ 199/1176]	Time  0.093 ( 0.094)	Data  0.000 ( 0.001)	Loss 0.0000e+00 (0.0000e+00)	Acc@1 100.00 (100.00)	Acc@5 100.00 (100.00)
15-Mar-26 17:15:31 - Epoch: [78][ 299/1176]	Time  0.093 ( 0.094)	Data  0.000 ( 0.001)	Loss 0.0000e+00 (0.0000e+00)	Acc@1 100.00 (100.00)	Acc@5 100.00 (100.00)
15-Mar-26 17:15:41 - Epoch: [78][ 399/1176]	Time  0.092 ( 0.094)	Data  0.000 ( 0.001)	Loss 0.0000e+00 (0.0000e+00)	Acc@1 100.00 (100.00)	Acc@5 100.00 (100.00)
15-Mar-26 17:15:50 - Epoch: [78][ 499/1176]	Time  0.093 ( 0.093)	Data  0.000 ( 0.000)	Loss 0.0000e+00 (0.0000e+00)	Acc@1 100.00 (100.00)	Acc@5 100.00 (100.00)
15-Mar-26 17:15:59 - Epoch: [78][ 599/1176]	Time  0.099 ( 0.093)	Data  0.000 ( 0.000)	Loss 0.0000e+00 (0.0000e+00)	Acc@1 100.00 (100.00)	Acc@5 100.00 (100.00)
15-Mar-26 17:16:08 - Epoch: [78][ 699/1176]	Time  0.088 ( 0.093)	Data  0.000 ( 0.000)	Loss 0.0000e+00 (0.0000e+00)	Acc@1 100.00 (100.00)	Acc@5 100.00 (100.00)
15-Mar-26 17:16:18 - Epoch: [78][ 799/1176]	Time  0.091 ( 0.093)	Data  0.000 ( 0.000)	Loss 0.0000e+00 (0.0000e+00)	Acc@1 100.00 (100.00)	Acc@5 100.00 (100.00)
15-Mar-26 17:16:27 - Epoch: [78][ 899/1176]	Time  0.093 ( 0.093)	Data  0.000 ( 0.000)	Loss 0.0000e+00 (0.0000e+00)	Acc@1 100.00 (100.00)	Acc@5 100.00 (100.00)
15-Mar-26 17:16:36 - Epoch: [78][ 999/1176]	Time  0.102 ( 0.093)	Data  0.000 ( 0.000)	Loss 0.0000e+00 (0.0000e+00)	Acc@1 100.00 (100.00)	Acc@5 100.00 (100.00)
15-Mar-26 17:16:45 - Epoch: [78][1099/1176]	Time  0.093 ( 0.093)	Data  0.000 ( 0.000)	Loss 0.0000e+00 (0.0000e+00)	Acc@1 100.00 (100.00)	Acc@5 100.00 (100.00)
15-Mar-26 17:16:52 -  @Training * Acc@1 100.000 Acc@5 100.000 Loss 0.000
15-Mar-26 17:16:53 - One training epoch latency: 109.3s | Avg Power: 204.5W | Energy: 22347.1530J
15-Mar-26 17:17:00 -  @Testing * Acc@1 93.750 Acc@5 99.653 Loss 1.392
15-Mar-26 17:17:00 - Best acc at epoch 78: 95.1388931274414
15-Mar-26 17:17:00 - Last learning rate: [6.103515625e-08]
15-Mar-26 17:17:00 - 	 Epoch 79...
15-Mar-26 17:17:09 - Epoch: [79][  99/1176]	Time  0.118 ( 0.095)	Data  0.000 ( 0.002)	Loss 0.0000e+00 (0.0000e+00)	Acc@1 100.00 (100.00)	Acc@5 100.00 (100.00)
15-Mar-26 17:17:18 - Epoch: [79][ 199/1176]	Time  0.090 ( 0.094)	Data  0.000 ( 0.001)	Loss 0.0000e+00 (0.0000e+00)	Acc@1 100.00 (100.00)	Acc@5 100.00 (100.00)
15-Mar-26 17:17:28 - Epoch: [79][ 299/1176]	Time  0.090 ( 0.093)	Data  0.001 ( 0.001)	Loss 0.0000e+00 (0.0000e+00)	Acc@1 100.00 (100.00)	Acc@5 100.00 (100.00)
15-Mar-26 17:17:37 - Epoch: [79][ 399/1176]	Time  0.092 ( 0.093)	Data  0.000 ( 0.001)	Loss 0.0000e+00 (0.0000e+00)	Acc@1 100.00 (100.00)	Acc@5 100.00 (100.00)
15-Mar-26 17:17:46 - Epoch: [79][ 499/1176]	Time  0.088 ( 0.093)	Data  0.000 ( 0.001)	Loss 0.0000e+00 (0.0000e+00)	Acc@1 100.00 (100.00)	Acc@5 100.00 (100.00)
15-Mar-26 17:17:56 - Epoch: [79][ 599/1176]	Time  0.088 ( 0.093)	Data  0.000 ( 0.001)	Loss 0.0000e+00 (0.0000e+00)	Acc@1 100.00 (100.00)	Acc@5 100.00 (100.00)
15-Mar-26 17:18:05 - Epoch: [79][ 699/1176]	Time  0.091 ( 0.093)	Data  0.001 ( 0.001)	Loss 0.0000e+00 (0.0000e+00)	Acc@1 100.00 (100.00)	Acc@5 100.00 (100.00)
15-Mar-26 17:18:14 - Epoch: [79][ 799/1176]	Time  0.096 ( 0.093)	Data  0.000 ( 0.000)	Loss 0.0000e+00 (0.0000e+00)	Acc@1 100.00 (100.00)	Acc@5 100.00 (100.00)
15-Mar-26 17:18:23 - Epoch: [79][ 899/1176]	Time  0.093 ( 0.093)	Data  0.000 ( 0.000)	Loss 0.0000e+00 (0.0000e+00)	Acc@1 100.00 (100.00)	Acc@5 100.00 (100.00)
15-Mar-26 17:18:33 - Epoch: [79][ 999/1176]	Time  0.089 ( 0.093)	Data  0.000 ( 0.000)	Loss 0.0000e+00 (0.0000e+00)	Acc@1 100.00 (100.00)	Acc@5 100.00 (100.00)
15-Mar-26 17:18:42 - Epoch: [79][1099/1176]	Time  0.092 ( 0.093)	Data  0.000 ( 0.000)	Loss 0.0000e+00 (0.0000e+00)	Acc@1 100.00 (100.00)	Acc@5 100.00 (100.00)
15-Mar-26 17:18:49 -  @Training * Acc@1 100.000 Acc@5 100.000 Loss 0.000
15-Mar-26 17:18:49 - One training epoch latency: 109.4s | Avg Power: 206.8W | Energy: 22619.5924J
15-Mar-26 17:18:56 -  @Testing * Acc@1 94.097 Acc@5 99.653 Loss 1.373
15-Mar-26 17:18:56 - Best acc at epoch 79: 95.1388931274414
15-Mar-26 17:18:56 - Last learning rate: [6.103515625e-08]
15-Mar-26 17:18:56 - 	 Epoch 80...
15-Mar-26 17:19:06 - Epoch: [80][  99/1176]	Time  0.094 ( 0.095)	Data  0.000 ( 0.002)	Loss 0.0000e+00 (0.0000e+00)	Acc@1 100.00 (100.00)	Acc@5 100.00 (100.00)
15-Mar-26 17:19:15 - Epoch: [80][ 199/1176]	Time  0.114 ( 0.094)	Data  0.000 ( 0.001)	Loss 0.0000e+00 (0.0000e+00)	Acc@1 100.00 (100.00)	Acc@5 100.00 (100.00)
15-Mar-26 17:19:24 - Epoch: [80][ 299/1176]	Time  0.093 ( 0.094)	Data  0.000 ( 0.001)	Loss 0.0000e+00 (0.0000e+00)	Acc@1 100.00 (100.00)	Acc@5 100.00 (100.00)
15-Mar-26 17:19:34 - Epoch: [80][ 399/1176]	Time  0.093 ( 0.094)	Data  0.000 ( 0.001)	Loss 0.0000e+00 (0.0000e+00)	Acc@1 100.00 (100.00)	Acc@5 100.00 (100.00)
15-Mar-26 17:19:43 - Epoch: [80][ 499/1176]	Time  0.092 ( 0.094)	Data  0.000 ( 0.001)	Loss 0.0000e+00 (0.0000e+00)	Acc@1 100.00 (100.00)	Acc@5 100.00 (100.00)
15-Mar-26 17:19:53 - Epoch: [80][ 599/1176]	Time  0.093 ( 0.094)	Data  0.000 ( 0.001)	Loss 0.0000e+00 (0.0000e+00)	Acc@1 100.00 (100.00)	Acc@5 100.00 (100.00)
15-Mar-26 17:20:02 - Epoch: [80][ 699/1176]	Time  0.089 ( 0.094)	Data  0.000 ( 0.000)	Loss 0.0000e+00 (0.0000e+00)	Acc@1 100.00 (100.00)	Acc@5 100.00 (100.00)
15-Mar-26 17:20:11 - Epoch: [80][ 799/1176]	Time  0.092 ( 0.094)	Data  0.001 ( 0.000)	Loss 0.0000e+00 (0.0000e+00)	Acc@1 100.00 (100.00)	Acc@5 100.00 (100.00)
15-Mar-26 17:20:21 - Epoch: [80][ 899/1176]	Time  0.093 ( 0.094)	Data  0.000 ( 0.000)	Loss 0.0000e+00 (0.0000e+00)	Acc@1 100.00 (100.00)	Acc@5 100.00 (100.00)
15-Mar-26 17:20:30 - Epoch: [80][ 999/1176]	Time  0.091 ( 0.094)	Data  0.000 ( 0.000)	Loss 0.0000e+00 (0.0000e+00)	Acc@1 100.00 (100.00)	Acc@5 100.00 (100.00)
15-Mar-26 17:20:40 - Epoch: [80][1099/1176]	Time  0.092 ( 0.094)	Data  0.000 ( 0.000)	Loss 0.0000e+00 (0.0000e+00)	Acc@1 100.00 (100.00)	Acc@5 100.00 (100.00)
15-Mar-26 17:20:47 -  @Training * Acc@1 100.000 Acc@5 100.000 Loss 0.000
15-Mar-26 17:20:47 - One training epoch latency: 110.5s | Avg Power: 203.6W | Energy: 22498.6293J
15-Mar-26 17:20:54 -  @Testing * Acc@1 93.750 Acc@5 99.306 Loss 1.377
15-Mar-26 17:20:54 - Best acc at epoch 80: 95.1388931274414
15-Mar-26 17:20:54 - Last learning rate: [6.103515625e-08]
15-Mar-26 17:20:54 - 	 Epoch 81...
15-Mar-26 17:21:03 - Epoch: [81][  99/1176]	Time  0.089 ( 0.096)	Data  0.000 ( 0.002)	Loss 0.0000e+00 (0.0000e+00)	Acc@1 100.00 (100.00)	Acc@5 100.00 (100.00)
15-Mar-26 17:21:13 - Epoch: [81][ 199/1176]	Time  0.093 ( 0.095)	Data  0.000 ( 0.001)	Loss 0.0000e+00 (0.0000e+00)	Acc@1 100.00 (100.00)	Acc@5 100.00 (100.00)
15-Mar-26 17:21:22 - Epoch: [81][ 299/1176]	Time  0.093 ( 0.095)	Data  0.000 ( 0.001)	Loss 0.0000e+00 (0.0000e+00)	Acc@1 100.00 (100.00)	Acc@5 100.00 (100.00)
15-Mar-26 17:21:32 - Epoch: [81][ 399/1176]	Time  0.093 ( 0.095)	Data  0.000 ( 0.001)	Loss 0.0000e+00 (0.0000e+00)	Acc@1 100.00 (100.00)	Acc@5 100.00 (100.00)
15-Mar-26 17:21:41 - Epoch: [81][ 499/1176]	Time  0.102 ( 0.094)	Data  0.000 ( 0.001)	Loss 0.0000e+00 (0.0000e+00)	Acc@1 100.00 (100.00)	Acc@5 100.00 (100.00)
15-Mar-26 17:21:50 - Epoch: [81][ 599/1176]	Time  0.091 ( 0.094)	Data  0.000 ( 0.001)	Loss 0.0000e+00 (0.0000e+00)	Acc@1 100.00 (100.00)	Acc@5 100.00 (100.00)
15-Mar-26 17:22:00 - Epoch: [81][ 699/1176]	Time  0.091 ( 0.094)	Data  0.000 ( 0.001)	Loss 0.0000e+00 (0.0000e+00)	Acc@1 100.00 (100.00)	Acc@5 100.00 (100.00)
15-Mar-26 17:22:09 - Epoch: [81][ 799/1176]	Time  0.093 ( 0.094)	Data  0.000 ( 0.000)	Loss 0.0000e+00 (0.0000e+00)	Acc@1 100.00 (100.00)	Acc@5 100.00 (100.00)
15-Mar-26 17:22:19 - Epoch: [81][ 899/1176]	Time  0.093 ( 0.094)	Data  0.000 ( 0.000)	Loss 0.0000e+00 (0.0000e+00)	Acc@1 100.00 (100.00)	Acc@5 100.00 (100.00)
15-Mar-26 17:22:28 - Epoch: [81][ 999/1176]	Time  0.097 ( 0.094)	Data  0.000 ( 0.000)	Loss 0.0000e+00 (0.0000e+00)	Acc@1 100.00 (100.00)	Acc@5 100.00 (100.00)
15-Mar-26 17:22:38 - Epoch: [81][1099/1176]	Time  0.090 ( 0.094)	Data  0.000 ( 0.000)	Loss 0.0000e+00 (0.0000e+00)	Acc@1 100.00 (100.00)	Acc@5 100.00 (100.00)
15-Mar-26 17:22:45 -  @Training * Acc@1 100.000 Acc@5 100.000 Loss 0.000
15-Mar-26 17:22:45 - One training epoch latency: 110.9s | Avg Power: 204.0W | Energy: 22619.8862J
15-Mar-26 17:22:52 -  @Testing * Acc@1 94.097 Acc@5 99.306 Loss 1.385
15-Mar-26 17:22:52 - Best acc at epoch 81: 95.1388931274414
15-Mar-26 17:22:52 - Last learning rate: [6.103515625e-08]
15-Mar-26 17:22:52 - 	 Epoch 82...
15-Mar-26 17:23:02 - Epoch: [82][  99/1176]	Time  0.093 ( 0.096)	Data  0.000 ( 0.002)	Loss 0.0000e+00 (0.0000e+00)	Acc@1 100.00 (100.00)	Acc@5 100.00 (100.00)
15-Mar-26 17:23:11 - Epoch: [82][ 199/1176]	Time  0.091 ( 0.095)	Data  0.000 ( 0.001)	Loss 0.0000e+00 (0.0000e+00)	Acc@1 100.00 (100.00)	Acc@5 100.00 (100.00)
15-Mar-26 17:23:20 - Epoch: [82][ 299/1176]	Time  0.092 ( 0.095)	Data  0.000 ( 0.001)	Loss 0.0000e+00 (0.0000e+00)	Acc@1 100.00 (100.00)	Acc@5 100.00 (100.00)
15-Mar-26 17:23:30 - Epoch: [82][ 399/1176]	Time  0.091 ( 0.095)	Data  0.000 ( 0.001)	Loss 0.0000e+00 (0.0000e+00)	Acc@1 100.00 (100.00)	Acc@5 100.00 (100.00)
15-Mar-26 17:23:39 - Epoch: [82][ 499/1176]	Time  0.113 ( 0.094)	Data  0.000 ( 0.001)	Loss 0.0000e+00 (0.0000e+00)	Acc@1 100.00 (100.00)	Acc@5 100.00 (100.00)
15-Mar-26 17:23:49 - Epoch: [82][ 599/1176]	Time  0.092 ( 0.094)	Data  0.001 ( 0.001)	Loss 0.0000e+00 (0.0000e+00)	Acc@1 100.00 (100.00)	Acc@5 100.00 (100.00)
15-Mar-26 17:23:58 - Epoch: [82][ 699/1176]	Time  0.092 ( 0.094)	Data  0.000 ( 0.001)	Loss 0.0000e+00 (0.0000e+00)	Acc@1 100.00 (100.00)	Acc@5 100.00 (100.00)
15-Mar-26 17:24:07 - Epoch: [82][ 799/1176]	Time  0.092 ( 0.094)	Data  0.000 ( 0.001)	Loss 0.0000e+00 (0.0000e+00)	Acc@1 100.00 (100.00)	Acc@5 100.00 (100.00)
15-Mar-26 17:24:17 - Epoch: [82][ 899/1176]	Time  0.092 ( 0.094)	Data  0.000 ( 0.000)	Loss 0.0000e+00 (0.0000e+00)	Acc@1 100.00 (100.00)	Acc@5 100.00 (100.00)
15-Mar-26 17:24:26 - Epoch: [82][ 999/1176]	Time  0.093 ( 0.094)	Data  0.000 ( 0.000)	Loss 0.0000e+00 (0.0000e+00)	Acc@1 100.00 (100.00)	Acc@5 100.00 (100.00)
15-Mar-26 17:24:36 - Epoch: [82][1099/1176]	Time  0.091 ( 0.094)	Data  0.000 ( 0.000)	Loss 0.0000e+00 (0.0000e+00)	Acc@1 100.00 (100.00)	Acc@5 100.00 (100.00)
15-Mar-26 17:24:43 -  @Training * Acc@1 100.000 Acc@5 100.000 Loss 0.000
15-Mar-26 17:24:43 - One training epoch latency: 110.9s | Avg Power: 205.2W | Energy: 22750.5548J
15-Mar-26 17:24:50 -  @Testing * Acc@1 93.750 Acc@5 99.653 Loss 1.450
15-Mar-26 17:24:50 - Best acc at epoch 82: 95.1388931274414
15-Mar-26 17:24:50 - Last learning rate: [3.0517578125e-08]
15-Mar-26 17:24:50 - 	 Epoch 83...
15-Mar-26 17:25:00 - Epoch: [83][  99/1176]	Time  0.095 ( 0.096)	Data  0.000 ( 0.002)	Loss 0.0000e+00 (0.0000e+00)	Acc@1 100.00 (100.00)	Acc@5 100.00 (100.00)
15-Mar-26 17:25:09 - Epoch: [83][ 199/1176]	Time  0.091 ( 0.095)	Data  0.000 ( 0.001)	Loss 0.0000e+00 (0.0000e+00)	Acc@1 100.00 (100.00)	Acc@5 100.00 (100.00)
15-Mar-26 17:25:18 - Epoch: [83][ 299/1176]	Time  0.093 ( 0.095)	Data  0.000 ( 0.001)	Loss 0.0000e+00 (0.0000e+00)	Acc@1 100.00 (100.00)	Acc@5 100.00 (100.00)
15-Mar-26 17:25:28 - Epoch: [83][ 399/1176]	Time  0.093 ( 0.095)	Data  0.000 ( 0.001)	Loss 0.0000e+00 (0.0000e+00)	Acc@1 100.00 (100.00)	Acc@5 100.00 (100.00)
15-Mar-26 17:25:37 - Epoch: [83][ 499/1176]	Time  0.090 ( 0.095)	Data  0.000 ( 0.001)	Loss 0.0000e+00 (0.0000e+00)	Acc@1 100.00 (100.00)	Acc@5 100.00 (100.00)
15-Mar-26 17:25:47 - Epoch: [83][ 599/1176]	Time  0.094 ( 0.094)	Data  0.001 ( 0.001)	Loss 0.0000e+00 (0.0000e+00)	Acc@1 100.00 (100.00)	Acc@5 100.00 (100.00)
15-Mar-26 17:25:56 - Epoch: [83][ 699/1176]	Time  0.093 ( 0.094)	Data  0.000 ( 0.001)	Loss 0.0000e+00 (0.0000e+00)	Acc@1 100.00 (100.00)	Acc@5 100.00 (100.00)
15-Mar-26 17:26:05 - Epoch: [83][ 799/1176]	Time  0.092 ( 0.094)	Data  0.000 ( 0.001)	Loss 0.0000e+00 (0.0000e+00)	Acc@1 100.00 (100.00)	Acc@5 100.00 (100.00)
15-Mar-26 17:26:15 - Epoch: [83][ 899/1176]	Time  0.093 ( 0.094)	Data  0.000 ( 0.001)	Loss 0.0000e+00 (0.0000e+00)	Acc@1 100.00 (100.00)	Acc@5 100.00 (100.00)
15-Mar-26 17:26:24 - Epoch: [83][ 999/1176]	Time  0.093 ( 0.094)	Data  0.000 ( 0.001)	Loss 0.0000e+00 (0.0000e+00)	Acc@1 100.00 (100.00)	Acc@5 100.00 (100.00)
15-Mar-26 17:26:34 - Epoch: [83][1099/1176]	Time  0.092 ( 0.094)	Data  0.000 ( 0.000)	Loss 0.0000e+00 (0.0000e+00)	Acc@1 100.00 (100.00)	Acc@5 100.00 (100.00)
15-Mar-26 17:26:41 -  @Training * Acc@1 100.000 Acc@5 100.000 Loss 0.000
15-Mar-26 17:26:41 - One training epoch latency: 110.9s | Avg Power: 202.8W | Energy: 22487.4536J
15-Mar-26 17:26:48 -  @Testing * Acc@1 93.750 Acc@5 99.653 Loss 1.411
15-Mar-26 17:26:48 - Best acc at epoch 83: 95.1388931274414
15-Mar-26 17:26:48 - Last learning rate: [3.0517578125e-08]
15-Mar-26 17:26:48 - 	 Epoch 84...
15-Mar-26 17:26:58 - Epoch: [84][  99/1176]	Time  0.093 ( 0.097)	Data  0.000 ( 0.002)	Loss 0.0000e+00 (0.0000e+00)	Acc@1 100.00 (100.00)	Acc@5 100.00 (100.00)
15-Mar-26 17:27:07 - Epoch: [84][ 199/1176]	Time  0.094 ( 0.095)	Data  0.000 ( 0.001)	Loss 0.0000e+00 (0.0000e+00)	Acc@1 100.00 (100.00)	Acc@5 100.00 (100.00)
15-Mar-26 17:27:16 - Epoch: [84][ 299/1176]	Time  0.093 ( 0.095)	Data  0.000 ( 0.001)	Loss 0.0000e+00 (0.0000e+00)	Acc@1 100.00 (100.00)	Acc@5 100.00 (100.00)
15-Mar-26 17:27:26 - Epoch: [84][ 399/1176]	Time  0.094 ( 0.095)	Data  0.001 ( 0.001)	Loss 0.0000e+00 (0.0000e+00)	Acc@1 100.00 (100.00)	Acc@5 100.00 (100.00)
15-Mar-26 17:27:35 - Epoch: [84][ 499/1176]	Time  0.093 ( 0.095)	Data  0.001 ( 0.001)	Loss 0.0000e+00 (0.0000e+00)	Acc@1 100.00 (100.00)	Acc@5 100.00 (100.00)
15-Mar-26 17:27:45 - Epoch: [84][ 599/1176]	Time  0.093 ( 0.095)	Data  0.001 ( 0.001)	Loss 0.0000e+00 (0.0000e+00)	Acc@1 100.00 (100.00)	Acc@5 100.00 (100.00)
15-Mar-26 17:27:54 - Epoch: [84][ 699/1176]	Time  0.093 ( 0.095)	Data  0.000 ( 0.001)	Loss 0.0000e+00 (0.0000e+00)	Acc@1 100.00 (100.00)	Acc@5 100.00 (100.00)
15-Mar-26 17:28:04 - Epoch: [84][ 799/1176]	Time  0.092 ( 0.095)	Data  0.000 ( 0.001)	Loss 0.0000e+00 (0.0000e+00)	Acc@1 100.00 (100.00)	Acc@5 100.00 (100.00)
15-Mar-26 17:28:13 - Epoch: [84][ 899/1176]	Time  0.091 ( 0.095)	Data  0.000 ( 0.001)	Loss 0.0000e+00 (0.0000e+00)	Acc@1 100.00 (100.00)	Acc@5 100.00 (100.00)
15-Mar-26 17:28:22 - Epoch: [84][ 999/1176]	Time  0.094 ( 0.095)	Data  0.000 ( 0.001)	Loss 0.0000e+00 (0.0000e+00)	Acc@1 100.00 (100.00)	Acc@5 100.00 (100.00)
15-Mar-26 17:28:32 - Epoch: [84][1099/1176]	Time  0.093 ( 0.094)	Data  0.000 ( 0.000)	Loss 0.0000e+00 (0.0000e+00)	Acc@1 100.00 (100.00)	Acc@5 100.00 (100.00)
15-Mar-26 17:28:39 -  @Training * Acc@1 100.000 Acc@5 100.000 Loss 0.000
15-Mar-26 17:28:39 - One training epoch latency: 111.1s | Avg Power: 204.5W | Energy: 22726.5157J
15-Mar-26 17:28:46 -  @Testing * Acc@1 94.097 Acc@5 99.653 Loss 1.398
15-Mar-26 17:28:46 - Best acc at epoch 84: 95.1388931274414
15-Mar-26 17:28:46 - Last learning rate: [3.0517578125e-08]
15-Mar-26 17:28:46 - 	 Epoch 85...
15-Mar-26 17:28:56 - Epoch: [85][  99/1176]	Time  0.092 ( 0.096)	Data  0.000 ( 0.002)	Loss 0.0000e+00 (0.0000e+00)	Acc@1 100.00 (100.00)	Acc@5 100.00 (100.00)
15-Mar-26 17:29:05 - Epoch: [85][ 199/1176]	Time  0.092 ( 0.095)	Data  0.000 ( 0.001)	Loss 0.0000e+00 (0.0000e+00)	Acc@1 100.00 (100.00)	Acc@5 100.00 (100.00)
15-Mar-26 17:29:15 - Epoch: [85][ 299/1176]	Time  0.093 ( 0.095)	Data  0.000 ( 0.001)	Loss 0.0000e+00 (0.0000e+00)	Acc@1 100.00 (100.00)	Acc@5 100.00 (100.00)
15-Mar-26 17:29:24 - Epoch: [85][ 399/1176]	Time  0.104 ( 0.095)	Data  0.000 ( 0.001)	Loss 0.0000e+00 (0.0000e+00)	Acc@1 100.00 (100.00)	Acc@5 100.00 (100.00)
15-Mar-26 17:29:33 - Epoch: [85][ 499/1176]	Time  0.091 ( 0.094)	Data  0.001 ( 0.001)	Loss 0.0000e+00 (0.0000e+00)	Acc@1 100.00 (100.00)	Acc@5 100.00 (100.00)
15-Mar-26 17:29:43 - Epoch: [85][ 599/1176]	Time  0.091 ( 0.094)	Data  0.001 ( 0.001)	Loss 0.0000e+00 (0.0000e+00)	Acc@1 100.00 (100.00)	Acc@5 100.00 (100.00)
15-Mar-26 17:29:52 - Epoch: [85][ 699/1176]	Time  0.092 ( 0.094)	Data  0.000 ( 0.000)	Loss 0.0000e+00 (0.0000e+00)	Acc@1 100.00 (100.00)	Acc@5 100.00 (100.00)
15-Mar-26 17:30:02 - Epoch: [85][ 799/1176]	Time  0.091 ( 0.094)	Data  0.000 ( 0.000)	Loss 0.0000e+00 (0.0000e+00)	Acc@1 100.00 (100.00)	Acc@5 100.00 (100.00)
15-Mar-26 17:30:11 - Epoch: [85][ 899/1176]	Time  0.093 ( 0.094)	Data  0.000 ( 0.000)	Loss 0.0000e+00 (0.0000e+00)	Acc@1 100.00 (100.00)	Acc@5 100.00 (100.00)
15-Mar-26 17:30:20 - Epoch: [85][ 999/1176]	Time  0.090 ( 0.094)	Data  0.000 ( 0.000)	Loss 0.0000e+00 (0.0000e+00)	Acc@1 100.00 (100.00)	Acc@5 100.00 (100.00)
15-Mar-26 17:30:30 - Epoch: [85][1099/1176]	Time  0.093 ( 0.094)	Data  0.002 ( 0.000)	Loss 0.0000e+00 (0.0000e+00)	Acc@1 100.00 (100.00)	Acc@5 100.00 (100.00)
15-Mar-26 17:30:37 -  @Training * Acc@1 100.000 Acc@5 100.000 Loss 0.000
15-Mar-26 17:30:37 - One training epoch latency: 110.9s | Avg Power: 204.3W | Energy: 22652.1539J
15-Mar-26 17:30:44 -  @Testing * Acc@1 94.097 Acc@5 99.653 Loss 1.381
15-Mar-26 17:30:44 - Best acc at epoch 85: 95.1388931274414
15-Mar-26 17:30:44 - Last learning rate: [3.0517578125e-08]
15-Mar-26 17:30:44 - 	 Epoch 86...
15-Mar-26 17:30:54 - Epoch: [86][  99/1176]	Time  0.093 ( 0.096)	Data  0.001 ( 0.002)	Loss 0.0000e+00 (0.0000e+00)	Acc@1 100.00 (100.00)	Acc@5 100.00 (100.00)
15-Mar-26 17:31:03 - Epoch: [86][ 199/1176]	Time  0.093 ( 0.095)	Data  0.000 ( 0.001)	Loss 0.0000e+00 (0.0000e+00)	Acc@1 100.00 (100.00)	Acc@5 100.00 (100.00)
15-Mar-26 17:31:13 - Epoch: [86][ 299/1176]	Time  0.090 ( 0.095)	Data  0.000 ( 0.001)	Loss 0.0000e+00 (0.0000e+00)	Acc@1 100.00 (100.00)	Acc@5 100.00 (100.00)
15-Mar-26 17:31:22 - Epoch: [86][ 399/1176]	Time  0.120 ( 0.095)	Data  0.000 ( 0.001)	Loss 0.0000e+00 (0.0000e+00)	Acc@1 100.00 (100.00)	Acc@5 100.00 (100.00)
15-Mar-26 17:31:32 - Epoch: [86][ 499/1176]	Time  0.090 ( 0.095)	Data  0.000 ( 0.001)	Loss 0.0000e+00 (0.0000e+00)	Acc@1 100.00 (100.00)	Acc@5 100.00 (100.00)
15-Mar-26 17:31:41 - Epoch: [86][ 599/1176]	Time  0.093 ( 0.095)	Data  0.000 ( 0.001)	Loss 0.0000e+00 (0.0000e+00)	Acc@1 100.00 (100.00)	Acc@5 100.00 (100.00)
15-Mar-26 17:31:50 - Epoch: [86][ 699/1176]	Time  0.093 ( 0.094)	Data  0.000 ( 0.000)	Loss 0.0000e+00 (0.0000e+00)	Acc@1 100.00 (100.00)	Acc@5 100.00 (100.00)
15-Mar-26 17:32:00 - Epoch: [86][ 799/1176]	Time  0.094 ( 0.094)	Data  0.001 ( 0.000)	Loss 0.0000e+00 (0.0000e+00)	Acc@1 100.00 (100.00)	Acc@5 100.00 (100.00)
15-Mar-26 17:32:09 - Epoch: [86][ 899/1176]	Time  0.091 ( 0.094)	Data  0.000 ( 0.000)	Loss 0.0000e+00 (0.0000e+00)	Acc@1 100.00 (100.00)	Acc@5 100.00 (100.00)
15-Mar-26 17:32:19 - Epoch: [86][ 999/1176]	Time  0.093 ( 0.094)	Data  0.000 ( 0.000)	Loss 0.0000e+00 (0.0000e+00)	Acc@1 100.00 (100.00)	Acc@5 100.00 (100.00)
15-Mar-26 17:32:28 - Epoch: [86][1099/1176]	Time  0.090 ( 0.094)	Data  0.000 ( 0.000)	Loss 0.0000e+00 (0.0000e+00)	Acc@1 100.00 (100.00)	Acc@5 100.00 (100.00)
15-Mar-26 17:32:35 -  @Training * Acc@1 100.000 Acc@5 100.000 Loss 0.000
15-Mar-26 17:32:35 - One training epoch latency: 111.0s | Avg Power: 202.5W | Energy: 22473.5682J
15-Mar-26 17:32:42 -  @Testing * Acc@1 94.097 Acc@5 99.653 Loss 1.402
15-Mar-26 17:32:42 - Best acc at epoch 86: 95.1388931274414
15-Mar-26 17:32:42 - Last learning rate: [3.0517578125e-08]
15-Mar-26 17:32:42 - 	 Epoch 87...
15-Mar-26 17:32:52 - Epoch: [87][  99/1176]	Time  0.092 ( 0.096)	Data  0.000 ( 0.002)	Loss 0.0000e+00 (0.0000e+00)	Acc@1 100.00 (100.00)	Acc@5 100.00 (100.00)
15-Mar-26 17:33:01 - Epoch: [87][ 199/1176]	Time  0.093 ( 0.095)	Data  0.000 ( 0.001)	Loss 0.0000e+00 (0.0000e+00)	Acc@1 100.00 (100.00)	Acc@5 100.00 (100.00)
15-Mar-26 17:33:11 - Epoch: [87][ 299/1176]	Time  0.091 ( 0.095)	Data  0.000 ( 0.001)	Loss 0.0000e+00 (0.0000e+00)	Acc@1 100.00 (100.00)	Acc@5 100.00 (100.00)
15-Mar-26 17:33:20 - Epoch: [87][ 399/1176]	Time  0.091 ( 0.094)	Data  0.000 ( 0.001)	Loss 0.0000e+00 (0.0000e+00)	Acc@1 100.00 (100.00)	Acc@5 100.00 (100.00)
15-Mar-26 17:33:30 - Epoch: [87][ 499/1176]	Time  0.091 ( 0.094)	Data  0.000 ( 0.001)	Loss 0.0000e+00 (0.0000e+00)	Acc@1 100.00 (100.00)	Acc@5 100.00 (100.00)
15-Mar-26 17:33:39 - Epoch: [87][ 599/1176]	Time  0.092 ( 0.094)	Data  0.001 ( 0.001)	Loss 0.0000e+00 (0.0000e+00)	Acc@1 100.00 (100.00)	Acc@5 100.00 (100.00)
15-Mar-26 17:33:48 - Epoch: [87][ 699/1176]	Time  0.092 ( 0.094)	Data  0.000 ( 0.001)	Loss 0.0000e+00 (0.0000e+00)	Acc@1 100.00 (100.00)	Acc@5 100.00 (100.00)
15-Mar-26 17:33:58 - Epoch: [87][ 799/1176]	Time  0.091 ( 0.094)	Data  0.000 ( 0.001)	Loss 0.0000e+00 (0.0000e+00)	Acc@1 100.00 (100.00)	Acc@5 100.00 (100.00)
15-Mar-26 17:34:07 - Epoch: [87][ 899/1176]	Time  0.092 ( 0.094)	Data  0.000 ( 0.000)	Loss 0.0000e+00 (0.0000e+00)	Acc@1 100.00 (100.00)	Acc@5 100.00 (100.00)
15-Mar-26 17:34:16 - Epoch: [87][ 999/1176]	Time  0.091 ( 0.094)	Data  0.000 ( 0.000)	Loss 0.0000e+00 (0.0000e+00)	Acc@1 100.00 (100.00)	Acc@5 100.00 (100.00)
15-Mar-26 17:34:26 - Epoch: [87][1099/1176]	Time  0.091 ( 0.094)	Data  0.000 ( 0.000)	Loss 0.0000e+00 (0.0000e+00)	Acc@1 100.00 (100.00)	Acc@5 100.00 (100.00)
15-Mar-26 17:34:33 -  @Training * Acc@1 100.000 Acc@5 100.000 Loss 0.000
15-Mar-26 17:34:33 - One training epoch latency: 110.3s | Avg Power: 205.6W | Energy: 22676.7430J
15-Mar-26 17:34:40 -  @Testing * Acc@1 94.097 Acc@5 99.653 Loss 1.390
15-Mar-26 17:34:40 - Best acc at epoch 87: 95.1388931274414
15-Mar-26 17:34:40 - Last learning rate: [3.0517578125e-08]
15-Mar-26 17:34:40 - 	 Epoch 88...
15-Mar-26 17:34:49 - Epoch: [88][  99/1176]	Time  0.093 ( 0.095)	Data  0.000 ( 0.002)	Loss 0.0000e+00 (0.0000e+00)	Acc@1 100.00 (100.00)	Acc@5 100.00 (100.00)
15-Mar-26 17:34:59 - Epoch: [88][ 199/1176]	Time  0.092 ( 0.095)	Data  0.000 ( 0.001)	Loss 0.0000e+00 (0.0000e+00)	Acc@1 100.00 (100.00)	Acc@5 100.00 (100.00)
15-Mar-26 17:35:08 - Epoch: [88][ 299/1176]	Time  0.093 ( 0.094)	Data  0.001 ( 0.001)	Loss 0.0000e+00 (0.0000e+00)	Acc@1 100.00 (100.00)	Acc@5 100.00 (100.00)
15-Mar-26 17:35:17 - Epoch: [88][ 399/1176]	Time  0.092 ( 0.094)	Data  0.000 ( 0.001)	Loss 0.0000e+00 (0.0000e+00)	Acc@1 100.00 (100.00)	Acc@5 100.00 (100.00)
15-Mar-26 17:35:27 - Epoch: [88][ 499/1176]	Time  0.093 ( 0.094)	Data  0.000 ( 0.001)	Loss 0.0000e+00 (0.0000e+00)	Acc@1 100.00 (100.00)	Acc@5 100.00 (100.00)
15-Mar-26 17:35:36 - Epoch: [88][ 599/1176]	Time  0.094 ( 0.094)	Data  0.000 ( 0.001)	Loss 0.0000e+00 (0.0000e+00)	Acc@1 100.00 (100.00)	Acc@5 100.00 (100.00)
15-Mar-26 17:35:46 - Epoch: [88][ 699/1176]	Time  0.092 ( 0.094)	Data  0.000 ( 0.001)	Loss 0.0000e+00 (0.0000e+00)	Acc@1 100.00 (100.00)	Acc@5 100.00 (100.00)
15-Mar-26 17:35:55 - Epoch: [88][ 799/1176]	Time  0.092 ( 0.094)	Data  0.000 ( 0.001)	Loss 0.0000e+00 (0.0000e+00)	Acc@1 100.00 (100.00)	Acc@5 100.00 (100.00)
15-Mar-26 17:36:04 - Epoch: [88][ 899/1176]	Time  0.092 ( 0.094)	Data  0.000 ( 0.000)	Loss 0.0000e+00 (0.0000e+00)	Acc@1 100.00 (100.00)	Acc@5 100.00 (100.00)
15-Mar-26 17:36:14 - Epoch: [88][ 999/1176]	Time  0.093 ( 0.094)	Data  0.000 ( 0.000)	Loss 0.0000e+00 (0.0000e+00)	Acc@1 100.00 (100.00)	Acc@5 100.00 (100.00)
15-Mar-26 17:36:23 - Epoch: [88][1099/1176]	Time  0.093 ( 0.094)	Data  0.000 ( 0.000)	Loss 0.0000e+00 (0.0000e+00)	Acc@1 100.00 (100.00)	Acc@5 100.00 (100.00)
15-Mar-26 17:36:30 -  @Training * Acc@1 100.000 Acc@5 100.000 Loss 0.000
15-Mar-26 17:36:30 - One training epoch latency: 110.4s | Avg Power: 204.8W | Energy: 22609.3713J
15-Mar-26 17:36:37 -  @Testing * Acc@1 94.444 Acc@5 99.653 Loss 1.380
15-Mar-26 17:36:37 - Best acc at epoch 88: 95.1388931274414
15-Mar-26 17:36:37 - Last learning rate: [1.52587890625e-08]
15-Mar-26 17:36:37 - 	 Epoch 89...
15-Mar-26 17:36:47 - Epoch: [89][  99/1176]	Time  0.091 ( 0.096)	Data  0.000 ( 0.002)	Loss 0.0000e+00 (0.0000e+00)	Acc@1 100.00 (100.00)	Acc@5 100.00 (100.00)
15-Mar-26 17:36:56 - Epoch: [89][ 199/1176]	Time  0.093 ( 0.095)	Data  0.001 ( 0.001)	Loss 0.0000e+00 (0.0000e+00)	Acc@1 100.00 (100.00)	Acc@5 100.00 (100.00)
15-Mar-26 17:37:06 - Epoch: [89][ 299/1176]	Time  0.091 ( 0.094)	Data  0.000 ( 0.001)	Loss 0.0000e+00 (0.0000e+00)	Acc@1 100.00 (100.00)	Acc@5 100.00 (100.00)
15-Mar-26 17:37:15 - Epoch: [89][ 399/1176]	Time  0.092 ( 0.094)	Data  0.000 ( 0.001)	Loss 0.0000e+00 (0.0000e+00)	Acc@1 100.00 (100.00)	Acc@5 100.00 (100.00)
15-Mar-26 17:37:24 - Epoch: [89][ 499/1176]	Time  0.092 ( 0.094)	Data  0.000 ( 0.001)	Loss 0.0000e+00 (0.0000e+00)	Acc@1 100.00 (100.00)	Acc@5 100.00 (100.00)
15-Mar-26 17:37:34 - Epoch: [89][ 599/1176]	Time  0.092 ( 0.094)	Data  0.000 ( 0.001)	Loss 0.0000e+00 (0.0000e+00)	Acc@1 100.00 (100.00)	Acc@5 100.00 (100.00)
15-Mar-26 17:37:43 - Epoch: [89][ 699/1176]	Time  0.093 ( 0.094)	Data  0.000 ( 0.001)	Loss 0.0000e+00 (0.0000e+00)	Acc@1 100.00 (100.00)	Acc@5 100.00 (100.00)
15-Mar-26 17:37:52 - Epoch: [89][ 799/1176]	Time  0.094 ( 0.094)	Data  0.000 ( 0.000)	Loss 0.0000e+00 (0.0000e+00)	Acc@1 100.00 (100.00)	Acc@5 100.00 (100.00)
15-Mar-26 17:38:02 - Epoch: [89][ 899/1176]	Time  0.091 ( 0.094)	Data  0.000 ( 0.000)	Loss 0.0000e+00 (0.0000e+00)	Acc@1 100.00 (100.00)	Acc@5 100.00 (100.00)
15-Mar-26 17:38:11 - Epoch: [89][ 999/1176]	Time  0.094 ( 0.094)	Data  0.000 ( 0.000)	Loss 0.0000e+00 (0.0000e+00)	Acc@1 100.00 (100.00)	Acc@5 100.00 (100.00)
15-Mar-26 17:38:20 - Epoch: [89][1099/1176]	Time  0.092 ( 0.094)	Data  0.000 ( 0.000)	Loss 0.0000e+00 (0.0000e+00)	Acc@1 100.00 (100.00)	Acc@5 100.00 (100.00)
15-Mar-26 17:38:28 -  @Training * Acc@1 100.000 Acc@5 100.000 Loss 0.000
15-Mar-26 17:38:28 - One training epoch latency: 110.2s | Avg Power: 203.7W | Energy: 22448.4724J
15-Mar-26 17:38:35 -  @Testing * Acc@1 94.097 Acc@5 99.653 Loss 1.372
15-Mar-26 17:38:35 - Best acc at epoch 89: 95.1388931274414
15-Mar-26 17:38:35 - Last learning rate: [1.52587890625e-08]
15-Mar-26 17:38:35 - 	 Epoch 90...
15-Mar-26 17:38:44 - Epoch: [90][  99/1176]	Time  0.091 ( 0.096)	Data  0.000 ( 0.002)	Loss 0.0000e+00 (0.0000e+00)	Acc@1 100.00 (100.00)	Acc@5 100.00 (100.00)
15-Mar-26 17:38:54 - Epoch: [90][ 199/1176]	Time  0.093 ( 0.095)	Data  0.000 ( 0.001)	Loss 0.0000e+00 (0.0000e+00)	Acc@1 100.00 (100.00)	Acc@5 100.00 (100.00)
15-Mar-26 17:39:03 - Epoch: [90][ 299/1176]	Time  0.090 ( 0.094)	Data  0.000 ( 0.001)	Loss 0.0000e+00 (0.0000e+00)	Acc@1 100.00 (100.00)	Acc@5 100.00 (100.00)
15-Mar-26 17:39:12 - Epoch: [90][ 399/1176]	Time  0.092 ( 0.094)	Data  0.000 ( 0.001)	Loss 0.0000e+00 (0.0000e+00)	Acc@1 100.00 (100.00)	Acc@5 100.00 (100.00)
15-Mar-26 17:39:22 - Epoch: [90][ 499/1176]	Time  0.093 ( 0.094)	Data  0.000 ( 0.001)	Loss 0.0000e+00 (0.0000e+00)	Acc@1 100.00 (100.00)	Acc@5 100.00 (100.00)
15-Mar-26 17:39:31 - Epoch: [90][ 599/1176]	Time  0.097 ( 0.094)	Data  0.000 ( 0.001)	Loss 0.0000e+00 (0.0000e+00)	Acc@1 100.00 (100.00)	Acc@5 100.00 (100.00)
15-Mar-26 17:39:40 - Epoch: [90][ 699/1176]	Time  0.091 ( 0.094)	Data  0.000 ( 0.001)	Loss 0.0000e+00 (0.0000e+00)	Acc@1 100.00 (100.00)	Acc@5 100.00 (100.00)
15-Mar-26 17:39:50 - Epoch: [90][ 799/1176]	Time  0.092 ( 0.094)	Data  0.000 ( 0.001)	Loss 0.0000e+00 (0.0000e+00)	Acc@1 100.00 (100.00)	Acc@5 100.00 (100.00)
15-Mar-26 17:39:59 - Epoch: [90][ 899/1176]	Time  0.103 ( 0.094)	Data  0.000 ( 0.000)	Loss 0.0000e+00 (0.0000e+00)	Acc@1 100.00 (100.00)	Acc@5 100.00 (100.00)
15-Mar-26 17:40:08 - Epoch: [90][ 999/1176]	Time  0.094 ( 0.094)	Data  0.000 ( 0.000)	Loss 0.0000e+00 (0.0000e+00)	Acc@1 100.00 (100.00)	Acc@5 100.00 (100.00)
15-Mar-26 17:40:18 - Epoch: [90][1099/1176]	Time  0.094 ( 0.094)	Data  0.000 ( 0.000)	Loss 0.0000e+00 (0.0000e+00)	Acc@1 100.00 (100.00)	Acc@5 100.00 (100.00)
15-Mar-26 17:40:25 -  @Training * Acc@1 100.000 Acc@5 100.000 Loss 0.000
15-Mar-26 17:40:25 - One training epoch latency: 110.2s | Avg Power: 205.7W | Energy: 22670.5912J
15-Mar-26 17:40:32 -  @Testing * Acc@1 94.444 Acc@5 99.653 Loss 1.388
15-Mar-26 17:40:32 - Best acc at epoch 90: 95.1388931274414
15-Mar-26 17:40:32 - Last learning rate: [1.52587890625e-08]
15-Mar-26 17:40:32 - 	 Epoch 91...
15-Mar-26 17:40:42 - Epoch: [91][  99/1176]	Time  0.093 ( 0.096)	Data  0.000 ( 0.002)	Loss 0.0000e+00 (0.0000e+00)	Acc@1 100.00 (100.00)	Acc@5 100.00 (100.00)
15-Mar-26 17:40:51 - Epoch: [91][ 199/1176]	Time  0.094 ( 0.095)	Data  0.000 ( 0.001)	Loss 0.0000e+00 (0.0000e+00)	Acc@1 100.00 (100.00)	Acc@5 100.00 (100.00)
15-Mar-26 17:41:01 - Epoch: [91][ 299/1176]	Time  0.090 ( 0.095)	Data  0.000 ( 0.001)	Loss 0.0000e+00 (0.0000e+00)	Acc@1 100.00 (100.00)	Acc@5 100.00 (100.00)
15-Mar-26 17:41:10 - Epoch: [91][ 399/1176]	Time  0.102 ( 0.095)	Data  0.000 ( 0.001)	Loss 0.0000e+00 (0.0000e+00)	Acc@1 100.00 (100.00)	Acc@5 100.00 (100.00)
15-Mar-26 17:41:19 - Epoch: [91][ 499/1176]	Time  0.093 ( 0.095)	Data  0.000 ( 0.001)	Loss 0.0000e+00 (0.0000e+00)	Acc@1 100.00 (100.00)	Acc@5 100.00 (100.00)
15-Mar-26 17:41:29 - Epoch: [91][ 599/1176]	Time  0.094 ( 0.095)	Data  0.000 ( 0.001)	Loss 0.0000e+00 (0.0000e+00)	Acc@1 100.00 (100.00)	Acc@5 100.00 (100.00)
15-Mar-26 17:41:38 - Epoch: [91][ 699/1176]	Time  0.090 ( 0.094)	Data  0.000 ( 0.001)	Loss 0.0000e+00 (0.0000e+00)	Acc@1 100.00 (100.00)	Acc@5 100.00 (100.00)
15-Mar-26 17:41:48 - Epoch: [91][ 799/1176]	Time  0.090 ( 0.094)	Data  0.000 ( 0.001)	Loss 0.0000e+00 (0.0000e+00)	Acc@1 100.00 (100.00)	Acc@5 100.00 (100.00)
15-Mar-26 17:41:57 - Epoch: [91][ 899/1176]	Time  0.093 ( 0.094)	Data  0.000 ( 0.000)	Loss 0.0000e+00 (0.0000e+00)	Acc@1 100.00 (100.00)	Acc@5 100.00 (100.00)
15-Mar-26 17:42:07 - Epoch: [91][ 999/1176]	Time  0.090 ( 0.094)	Data  0.000 ( 0.000)	Loss 0.0000e+00 (0.0000e+00)	Acc@1 100.00 (100.00)	Acc@5 100.00 (100.00)
15-Mar-26 17:42:16 - Epoch: [91][1099/1176]	Time  0.092 ( 0.094)	Data  0.000 ( 0.000)	Loss 0.0000e+00 (0.0000e+00)	Acc@1 100.00 (100.00)	Acc@5 100.00 (100.00)
15-Mar-26 17:42:23 -  @Training * Acc@1 100.000 Acc@5 100.000 Loss 0.000
15-Mar-26 17:42:23 - One training epoch latency: 111.0s | Avg Power: 202.6W | Energy: 22499.7761J
15-Mar-26 17:42:30 -  @Testing * Acc@1 94.444 Acc@5 99.653 Loss 1.390
15-Mar-26 17:42:30 - Best acc at epoch 91: 95.1388931274414
15-Mar-26 17:42:30 - Last learning rate: [1.52587890625e-08]
15-Mar-26 17:42:30 - 	 Epoch 92...
15-Mar-26 17:42:40 - Epoch: [92][  99/1176]	Time  0.093 ( 0.096)	Data  0.000 ( 0.002)	Loss 0.0000e+00 (0.0000e+00)	Acc@1 100.00 (100.00)	Acc@5 100.00 (100.00)
15-Mar-26 17:42:49 - Epoch: [92][ 199/1176]	Time  0.093 ( 0.095)	Data  0.000 ( 0.001)	Loss 0.0000e+00 (0.0000e+00)	Acc@1 100.00 (100.00)	Acc@5 100.00 (100.00)
15-Mar-26 17:42:59 - Epoch: [92][ 299/1176]	Time  0.092 ( 0.095)	Data  0.000 ( 0.001)	Loss 0.0000e+00 (0.0000e+00)	Acc@1 100.00 (100.00)	Acc@5 100.00 (100.00)
15-Mar-26 17:43:08 - Epoch: [92][ 399/1176]	Time  0.095 ( 0.094)	Data  0.000 ( 0.001)	Loss 0.0000e+00 (0.0000e+00)	Acc@1 100.00 (100.00)	Acc@5 100.00 (100.00)
15-Mar-26 17:43:18 - Epoch: [92][ 499/1176]	Time  0.094 ( 0.094)	Data  0.000 ( 0.001)	Loss 0.0000e+00 (0.0000e+00)	Acc@1 100.00 (100.00)	Acc@5 100.00 (100.00)
15-Mar-26 17:43:27 - Epoch: [92][ 599/1176]	Time  0.091 ( 0.094)	Data  0.000 ( 0.001)	Loss 0.0000e+00 (0.0000e+00)	Acc@1 100.00 (100.00)	Acc@5 100.00 (100.00)
15-Mar-26 17:43:36 - Epoch: [92][ 699/1176]	Time  0.093 ( 0.094)	Data  0.001 ( 0.000)	Loss 0.0000e+00 (0.0000e+00)	Acc@1 100.00 (100.00)	Acc@5 100.00 (100.00)
15-Mar-26 17:43:46 - Epoch: [92][ 799/1176]	Time  0.092 ( 0.094)	Data  0.000 ( 0.000)	Loss 0.0000e+00 (0.0000e+00)	Acc@1 100.00 (100.00)	Acc@5 100.00 (100.00)
15-Mar-26 17:43:55 - Epoch: [92][ 899/1176]	Time  0.094 ( 0.094)	Data  0.000 ( 0.000)	Loss 0.0000e+00 (0.0000e+00)	Acc@1 100.00 (100.00)	Acc@5 100.00 (100.00)
15-Mar-26 17:44:05 - Epoch: [92][ 999/1176]	Time  0.088 ( 0.094)	Data  0.000 ( 0.000)	Loss 0.0000e+00 (0.0000e+00)	Acc@1 100.00 (100.00)	Acc@5 100.00 (100.00)
15-Mar-26 17:44:14 - Epoch: [92][1099/1176]	Time  0.091 ( 0.094)	Data  0.000 ( 0.000)	Loss 0.0000e+00 (0.0000e+00)	Acc@1 100.00 (100.00)	Acc@5 100.00 (100.00)
15-Mar-26 17:44:21 -  @Training * Acc@1 100.000 Acc@5 100.000 Loss 0.000
15-Mar-26 17:44:21 - One training epoch latency: 110.6s | Avg Power: 204.7W | Energy: 22652.2327J
15-Mar-26 17:44:28 -  @Testing * Acc@1 94.444 Acc@5 99.653 Loss 1.388
15-Mar-26 17:44:28 - Best acc at epoch 92: 95.1388931274414
15-Mar-26 17:44:28 - Last learning rate: [1.52587890625e-08]
15-Mar-26 17:44:28 - 	 Epoch 93...
15-Mar-26 17:44:38 - Epoch: [93][  99/1176]	Time  0.091 ( 0.096)	Data  0.001 ( 0.002)	Loss 0.0000e+00 (0.0000e+00)	Acc@1 100.00 (100.00)	Acc@5 100.00 (100.00)
15-Mar-26 17:44:47 - Epoch: [93][ 199/1176]	Time  0.091 ( 0.095)	Data  0.000 ( 0.001)	Loss 0.0000e+00 (0.0000e+00)	Acc@1 100.00 (100.00)	Acc@5 100.00 (100.00)
15-Mar-26 17:44:57 - Epoch: [93][ 299/1176]	Time  0.091 ( 0.095)	Data  0.000 ( 0.001)	Loss 0.0000e+00 (0.0000e+00)	Acc@1 100.00 (100.00)	Acc@5 100.00 (100.00)
15-Mar-26 17:45:06 - Epoch: [93][ 399/1176]	Time  0.092 ( 0.094)	Data  0.000 ( 0.001)	Loss 0.0000e+00 (0.0000e+00)	Acc@1 100.00 (100.00)	Acc@5 100.00 (100.00)
15-Mar-26 17:45:15 - Epoch: [93][ 499/1176]	Time  0.092 ( 0.094)	Data  0.000 ( 0.001)	Loss 0.0000e+00 (0.0000e+00)	Acc@1 100.00 (100.00)	Acc@5 100.00 (100.00)
15-Mar-26 17:45:25 - Epoch: [93][ 599/1176]	Time  0.089 ( 0.094)	Data  0.001 ( 0.001)	Loss 0.0000e+00 (0.0000e+00)	Acc@1 100.00 (100.00)	Acc@5 100.00 (100.00)
15-Mar-26 17:45:34 - Epoch: [93][ 699/1176]	Time  0.093 ( 0.094)	Data  0.000 ( 0.001)	Loss 0.0000e+00 (0.0000e+00)	Acc@1 100.00 (100.00)	Acc@5 100.00 (100.00)
15-Mar-26 17:45:44 - Epoch: [93][ 799/1176]	Time  0.092 ( 0.094)	Data  0.000 ( 0.001)	Loss 0.0000e+00 (0.0000e+00)	Acc@1 100.00 (100.00)	Acc@5 100.00 (100.00)
15-Mar-26 17:45:53 - Epoch: [93][ 899/1176]	Time  0.092 ( 0.094)	Data  0.001 ( 0.001)	Loss 0.0000e+00 (0.0000e+00)	Acc@1 100.00 (100.00)	Acc@5 100.00 (100.00)
15-Mar-26 17:46:02 - Epoch: [93][ 999/1176]	Time  0.089 ( 0.094)	Data  0.000 ( 0.001)	Loss 0.0000e+00 (0.0000e+00)	Acc@1 100.00 (100.00)	Acc@5 100.00 (100.00)
15-Mar-26 17:46:12 - Epoch: [93][1099/1176]	Time  0.093 ( 0.094)	Data  0.001 ( 0.001)	Loss 0.0000e+00 (0.0000e+00)	Acc@1 100.00 (100.00)	Acc@5 100.00 (100.00)
15-Mar-26 17:46:19 -  @Training * Acc@1 100.000 Acc@5 100.000 Loss 0.000
15-Mar-26 17:46:19 - One training epoch latency: 110.7s | Avg Power: 204.9W | Energy: 22679.0642J
15-Mar-26 17:46:26 -  @Testing * Acc@1 93.750 Acc@5 99.653 Loss 1.397
15-Mar-26 17:46:26 - Best acc at epoch 93: 95.1388931274414
15-Mar-26 17:46:26 - Last learning rate: [1.52587890625e-08]
15-Mar-26 17:46:26 - 	 Epoch 94...
15-Mar-26 17:46:36 - Epoch: [94][  99/1176]	Time  0.094 ( 0.096)	Data  0.000 ( 0.002)	Loss 0.0000e+00 (0.0000e+00)	Acc@1 100.00 (100.00)	Acc@5 100.00 (100.00)
15-Mar-26 17:46:45 - Epoch: [94][ 199/1176]	Time  0.115 ( 0.095)	Data  0.000 ( 0.001)	Loss 0.0000e+00 (0.0000e+00)	Acc@1 100.00 (100.00)	Acc@5 100.00 (100.00)
15-Mar-26 17:46:55 - Epoch: [94][ 299/1176]	Time  0.093 ( 0.095)	Data  0.001 ( 0.001)	Loss 0.0000e+00 (0.0000e+00)	Acc@1 100.00 (100.00)	Acc@5 100.00 (100.00)
15-Mar-26 17:47:04 - Epoch: [94][ 399/1176]	Time  0.090 ( 0.095)	Data  0.000 ( 0.001)	Loss 0.0000e+00 (0.0000e+00)	Acc@1 100.00 (100.00)	Acc@5 100.00 (100.00)
15-Mar-26 17:47:13 - Epoch: [94][ 499/1176]	Time  0.090 ( 0.094)	Data  0.000 ( 0.001)	Loss 0.0000e+00 (0.0000e+00)	Acc@1 100.00 (100.00)	Acc@5 100.00 (100.00)
15-Mar-26 17:47:23 - Epoch: [94][ 599/1176]	Time  0.094 ( 0.094)	Data  0.000 ( 0.001)	Loss 0.0000e+00 (0.0000e+00)	Acc@1 100.00 (100.00)	Acc@5 100.00 (100.00)
15-Mar-26 17:47:32 - Epoch: [94][ 699/1176]	Time  0.092 ( 0.094)	Data  0.000 ( 0.001)	Loss 0.0000e+00 (0.0000e+00)	Acc@1 100.00 (100.00)	Acc@5 100.00 (100.00)
15-Mar-26 17:47:42 - Epoch: [94][ 799/1176]	Time  0.092 ( 0.094)	Data  0.000 ( 0.001)	Loss 0.0000e+00 (0.0000e+00)	Acc@1 100.00 (100.00)	Acc@5 100.00 (100.00)
15-Mar-26 17:47:51 - Epoch: [94][ 899/1176]	Time  0.093 ( 0.094)	Data  0.000 ( 0.000)	Loss 0.0000e+00 (0.0000e+00)	Acc@1 100.00 (100.00)	Acc@5 100.00 (100.00)
15-Mar-26 17:48:00 - Epoch: [94][ 999/1176]	Time  0.091 ( 0.094)	Data  0.000 ( 0.000)	Loss 0.0000e+00 (0.0000e+00)	Acc@1 100.00 (100.00)	Acc@5 100.00 (100.00)
15-Mar-26 17:48:10 - Epoch: [94][1099/1176]	Time  0.093 ( 0.094)	Data  0.000 ( 0.000)	Loss 0.0000e+00 (0.0000e+00)	Acc@1 100.00 (100.00)	Acc@5 100.00 (100.00)
15-Mar-26 17:48:17 -  @Training * Acc@1 100.000 Acc@5 100.000 Loss 0.000
15-Mar-26 17:48:17 - One training epoch latency: 110.8s | Avg Power: 203.2W | Energy: 22500.9859J
15-Mar-26 17:48:24 -  @Testing * Acc@1 94.097 Acc@5 99.653 Loss 1.394
15-Mar-26 17:48:24 - Best acc at epoch 94: 95.1388931274414
15-Mar-26 17:48:24 - Last learning rate: [1.52587890625e-08]
15-Mar-26 17:48:24 - 	 Epoch 95...
15-Mar-26 17:48:34 - Epoch: [95][  99/1176]	Time  0.092 ( 0.096)	Data  0.000 ( 0.002)	Loss 0.0000e+00 (0.0000e+00)	Acc@1 100.00 (100.00)	Acc@5 100.00 (100.00)
15-Mar-26 17:48:43 - Epoch: [95][ 199/1176]	Time  0.091 ( 0.095)	Data  0.000 ( 0.001)	Loss 0.0000e+00 (0.0000e+00)	Acc@1 100.00 (100.00)	Acc@5 100.00 (100.00)
15-Mar-26 17:48:52 - Epoch: [95][ 299/1176]	Time  0.094 ( 0.095)	Data  0.000 ( 0.001)	Loss 0.0000e+00 (0.0000e+00)	Acc@1 100.00 (100.00)	Acc@5 100.00 (100.00)
15-Mar-26 17:49:02 - Epoch: [95][ 399/1176]	Time  0.093 ( 0.095)	Data  0.001 ( 0.001)	Loss 0.0000e+00 (0.0000e+00)	Acc@1 100.00 (100.00)	Acc@5 100.00 (100.00)
15-Mar-26 17:49:11 - Epoch: [95][ 499/1176]	Time  0.093 ( 0.095)	Data  0.000 ( 0.001)	Loss 0.0000e+00 (0.0000e+00)	Acc@1 100.00 (100.00)	Acc@5 100.00 (100.00)
15-Mar-26 17:49:21 - Epoch: [95][ 599/1176]	Time  0.093 ( 0.094)	Data  0.000 ( 0.001)	Loss 0.0000e+00 (0.0000e+00)	Acc@1 100.00 (100.00)	Acc@5 100.00 (100.00)
15-Mar-26 17:49:30 - Epoch: [95][ 699/1176]	Time  0.107 ( 0.094)	Data  0.001 ( 0.001)	Loss 0.0000e+00 (0.0000e+00)	Acc@1 100.00 (100.00)	Acc@5 100.00 (100.00)
15-Mar-26 17:49:40 - Epoch: [95][ 799/1176]	Time  0.094 ( 0.094)	Data  0.000 ( 0.001)	Loss 0.0000e+00 (0.0000e+00)	Acc@1 100.00 (100.00)	Acc@5 100.00 (100.00)
15-Mar-26 17:49:49 - Epoch: [95][ 899/1176]	Time  0.092 ( 0.094)	Data  0.000 ( 0.001)	Loss 0.0000e+00 (0.0000e+00)	Acc@1 100.00 (100.00)	Acc@5 100.00 (100.00)
15-Mar-26 17:49:58 - Epoch: [95][ 999/1176]	Time  0.091 ( 0.094)	Data  0.000 ( 0.001)	Loss 0.0000e+00 (0.0000e+00)	Acc@1 100.00 (100.00)	Acc@5 100.00 (100.00)
15-Mar-26 17:50:08 - Epoch: [95][1099/1176]	Time  0.093 ( 0.094)	Data  0.000 ( 0.000)	Loss 0.0000e+00 (0.0000e+00)	Acc@1 100.00 (100.00)	Acc@5 100.00 (100.00)
15-Mar-26 17:50:15 -  @Training * Acc@1 100.000 Acc@5 100.000 Loss 0.000
15-Mar-26 17:50:15 - One training epoch latency: 110.9s | Avg Power: 205.2W | Energy: 22754.0681J
15-Mar-26 17:50:22 -  @Testing * Acc@1 94.444 Acc@5 99.653 Loss 1.371
15-Mar-26 17:50:22 - Best acc at epoch 95: 95.1388931274414
15-Mar-26 17:50:22 - Last learning rate: [1.52587890625e-08]
15-Mar-26 17:50:22 - 	 Epoch 96...
15-Mar-26 17:50:32 - Epoch: [96][  99/1176]	Time  0.093 ( 0.096)	Data  0.000 ( 0.002)	Loss 0.0000e+00 (0.0000e+00)	Acc@1 100.00 (100.00)	Acc@5 100.00 (100.00)
15-Mar-26 17:50:41 - Epoch: [96][ 199/1176]	Time  0.093 ( 0.095)	Data  0.000 ( 0.001)	Loss 0.0000e+00 (0.0000e+00)	Acc@1 100.00 (100.00)	Acc@5 100.00 (100.00)
15-Mar-26 17:50:50 - Epoch: [96][ 299/1176]	Time  0.092 ( 0.095)	Data  0.000 ( 0.001)	Loss 0.0000e+00 (0.0000e+00)	Acc@1 100.00 (100.00)	Acc@5 100.00 (100.00)
15-Mar-26 17:51:00 - Epoch: [96][ 399/1176]	Time  0.094 ( 0.095)	Data  0.000 ( 0.001)	Loss 0.0000e+00 (0.0000e+00)	Acc@1 100.00 (100.00)	Acc@5 100.00 (100.00)
15-Mar-26 17:51:09 - Epoch: [96][ 499/1176]	Time  0.092 ( 0.095)	Data  0.000 ( 0.001)	Loss 0.0000e+00 (0.0000e+00)	Acc@1 100.00 (100.00)	Acc@5 100.00 (100.00)
15-Mar-26 17:51:19 - Epoch: [96][ 599/1176]	Time  0.092 ( 0.094)	Data  0.001 ( 0.001)	Loss 0.0000e+00 (0.0000e+00)	Acc@1 100.00 (100.00)	Acc@5 100.00 (100.00)
15-Mar-26 17:51:28 - Epoch: [96][ 699/1176]	Time  0.093 ( 0.094)	Data  0.001 ( 0.001)	Loss 0.0000e+00 (0.0000e+00)	Acc@1 100.00 (100.00)	Acc@5 100.00 (100.00)
15-Mar-26 17:51:37 - Epoch: [96][ 799/1176]	Time  0.093 ( 0.094)	Data  0.000 ( 0.001)	Loss 0.0000e+00 (0.0000e+00)	Acc@1 100.00 (100.00)	Acc@5 100.00 (100.00)
15-Mar-26 17:51:47 - Epoch: [96][ 899/1176]	Time  0.093 ( 0.094)	Data  0.000 ( 0.000)	Loss 0.0000e+00 (0.0000e+00)	Acc@1 100.00 (100.00)	Acc@5 100.00 (100.00)
15-Mar-26 17:51:56 - Epoch: [96][ 999/1176]	Time  0.091 ( 0.094)	Data  0.000 ( 0.000)	Loss 0.0000e+00 (0.0000e+00)	Acc@1 100.00 (100.00)	Acc@5 100.00 (100.00)
15-Mar-26 17:52:06 - Epoch: [96][1099/1176]	Time  0.092 ( 0.094)	Data  0.000 ( 0.000)	Loss 0.0000e+00 (0.0000e+00)	Acc@1 100.00 (100.00)	Acc@5 100.00 (100.00)
15-Mar-26 17:52:13 -  @Training * Acc@1 100.000 Acc@5 100.000 Loss 0.000
15-Mar-26 17:52:13 - One training epoch latency: 110.8s | Avg Power: 204.9W | Energy: 22697.3212J
15-Mar-26 17:52:20 -  @Testing * Acc@1 94.097 Acc@5 99.653 Loss 1.396
15-Mar-26 17:52:20 - Best acc at epoch 96: 95.1388931274414
15-Mar-26 17:52:20 - Last learning rate: [1.52587890625e-08]
15-Mar-26 17:52:20 - 	 Epoch 97...
15-Mar-26 17:52:30 - Epoch: [97][  99/1176]	Time  0.091 ( 0.096)	Data  0.000 ( 0.002)	Loss 0.0000e+00 (0.0000e+00)	Acc@1 100.00 (100.00)	Acc@5 100.00 (100.00)
15-Mar-26 17:52:39 - Epoch: [97][ 199/1176]	Time  0.092 ( 0.095)	Data  0.000 ( 0.001)	Loss 0.0000e+00 (0.0000e+00)	Acc@1 100.00 (100.00)	Acc@5 100.00 (100.00)
15-Mar-26 17:52:48 - Epoch: [97][ 299/1176]	Time  0.092 ( 0.094)	Data  0.001 ( 0.001)	Loss 0.0000e+00 (0.0000e+00)	Acc@1 100.00 (100.00)	Acc@5 100.00 (100.00)
15-Mar-26 17:52:58 - Epoch: [97][ 399/1176]	Time  0.093 ( 0.094)	Data  0.000 ( 0.001)	Loss 0.0000e+00 (0.0000e+00)	Acc@1 100.00 (100.00)	Acc@5 100.00 (100.00)
15-Mar-26 17:53:07 - Epoch: [97][ 499/1176]	Time  0.091 ( 0.094)	Data  0.001 ( 0.001)	Loss 0.0000e+00 (0.0000e+00)	Acc@1 100.00 (100.00)	Acc@5 100.00 (100.00)
15-Mar-26 17:53:16 - Epoch: [97][ 599/1176]	Time  0.093 ( 0.094)	Data  0.000 ( 0.001)	Loss 0.0000e+00 (0.0000e+00)	Acc@1 100.00 (100.00)	Acc@5 100.00 (100.00)
15-Mar-26 17:53:26 - Epoch: [97][ 699/1176]	Time  0.093 ( 0.094)	Data  0.001 ( 0.000)	Loss 0.0000e+00 (0.0000e+00)	Acc@1 100.00 (100.00)	Acc@5 100.00 (100.00)
15-Mar-26 17:53:35 - Epoch: [97][ 799/1176]	Time  0.092 ( 0.094)	Data  0.000 ( 0.000)	Loss 0.0000e+00 (0.0000e+00)	Acc@1 100.00 (100.00)	Acc@5 100.00 (100.00)
15-Mar-26 17:53:44 - Epoch: [97][ 899/1176]	Time  0.092 ( 0.094)	Data  0.000 ( 0.000)	Loss 0.0000e+00 (0.0000e+00)	Acc@1 100.00 (100.00)	Acc@5 100.00 (100.00)
15-Mar-26 17:53:54 - Epoch: [97][ 999/1176]	Time  0.093 ( 0.094)	Data  0.000 ( 0.000)	Loss 0.0000e+00 (0.0000e+00)	Acc@1 100.00 (100.00)	Acc@5 100.00 (100.00)
15-Mar-26 17:54:03 - Epoch: [97][1099/1176]	Time  0.112 ( 0.094)	Data  0.000 ( 0.000)	Loss 0.0000e+00 (0.0000e+00)	Acc@1 100.00 (100.00)	Acc@5 100.00 (100.00)
15-Mar-26 17:54:10 -  @Training * Acc@1 100.000 Acc@5 100.000 Loss 0.000
15-Mar-26 17:54:10 - One training epoch latency: 110.2s | Avg Power: 203.0W | Energy: 22376.3705J
15-Mar-26 17:54:18 -  @Testing * Acc@1 94.097 Acc@5 99.653 Loss 1.393
15-Mar-26 17:54:18 - Best acc at epoch 97: 95.1388931274414
15-Mar-26 17:54:18 - Last learning rate: [1.52587890625e-08]
15-Mar-26 17:54:18 - 	 Epoch 98...
15-Mar-26 17:54:27 - Epoch: [98][  99/1176]	Time  0.093 ( 0.096)	Data  0.000 ( 0.002)	Loss 0.0000e+00 (0.0000e+00)	Acc@1 100.00 (100.00)	Acc@5 100.00 (100.00)
15-Mar-26 17:54:37 - Epoch: [98][ 199/1176]	Time  0.092 ( 0.095)	Data  0.000 ( 0.001)	Loss 0.0000e+00 (0.0000e+00)	Acc@1 100.00 (100.00)	Acc@5 100.00 (100.00)
15-Mar-26 17:54:46 - Epoch: [98][ 299/1176]	Time  0.093 ( 0.095)	Data  0.000 ( 0.001)	Loss 0.0000e+00 (0.0000e+00)	Acc@1 100.00 (100.00)	Acc@5 100.00 (100.00)
15-Mar-26 17:54:56 - Epoch: [98][ 399/1176]	Time  0.090 ( 0.095)	Data  0.000 ( 0.001)	Loss 0.0000e+00 (0.0000e+00)	Acc@1 100.00 (100.00)	Acc@5 100.00 (100.00)
15-Mar-26 17:55:05 - Epoch: [98][ 499/1176]	Time  0.089 ( 0.094)	Data  0.000 ( 0.001)	Loss 0.0000e+00 (0.0000e+00)	Acc@1 100.00 (100.00)	Acc@5 100.00 (100.00)
15-Mar-26 17:55:14 - Epoch: [98][ 599/1176]	Time  0.092 ( 0.094)	Data  0.000 ( 0.001)	Loss 0.0000e+00 (0.0000e+00)	Acc@1 100.00 (100.00)	Acc@5 100.00 (100.00)
15-Mar-26 17:55:24 - Epoch: [98][ 699/1176]	Time  0.091 ( 0.094)	Data  0.000 ( 0.001)	Loss 0.0000e+00 (0.0000e+00)	Acc@1 100.00 (100.00)	Acc@5 100.00 (100.00)
15-Mar-26 17:55:33 - Epoch: [98][ 799/1176]	Time  0.099 ( 0.094)	Data  0.000 ( 0.001)	Loss 0.0000e+00 (0.0000e+00)	Acc@1 100.00 (100.00)	Acc@5 100.00 (100.00)
15-Mar-26 17:55:42 - Epoch: [98][ 899/1176]	Time  0.092 ( 0.094)	Data  0.000 ( 0.001)	Loss 0.0000e+00 (0.0000e+00)	Acc@1 100.00 (100.00)	Acc@5 100.00 (100.00)
15-Mar-26 17:55:52 - Epoch: [98][ 999/1176]	Time  0.093 ( 0.094)	Data  0.000 ( 0.001)	Loss 0.0000e+00 (0.0000e+00)	Acc@1 100.00 (100.00)	Acc@5 100.00 (100.00)
15-Mar-26 17:56:01 - Epoch: [98][1099/1176]	Time  0.092 ( 0.094)	Data  0.000 ( 0.000)	Loss 0.0000e+00 (0.0000e+00)	Acc@1 100.00 (100.00)	Acc@5 100.00 (100.00)
15-Mar-26 17:56:08 -  @Training * Acc@1 100.000 Acc@5 100.000 Loss 0.000
15-Mar-26 17:56:09 - One training epoch latency: 110.8s | Avg Power: 205.1W | Energy: 22731.1458J
15-Mar-26 17:56:16 -  @Testing * Acc@1 94.097 Acc@5 99.653 Loss 1.362
15-Mar-26 17:56:16 - Best acc at epoch 98: 95.1388931274414
15-Mar-26 17:56:16 - Last learning rate: [1.52587890625e-08]
15-Mar-26 17:56:16 - 	 Epoch 99...
15-Mar-26 17:56:25 - Epoch: [99][  99/1176]	Time  0.089 ( 0.096)	Data  0.000 ( 0.002)	Loss 0.0000e+00 (0.0000e+00)	Acc@1 100.00 (100.00)	Acc@5 100.00 (100.00)
15-Mar-26 17:56:35 - Epoch: [99][ 199/1176]	Time  0.092 ( 0.095)	Data  0.000 ( 0.001)	Loss 0.0000e+00 (0.0000e+00)	Acc@1 100.00 (100.00)	Acc@5 100.00 (100.00)
15-Mar-26 17:56:44 - Epoch: [99][ 299/1176]	Time  0.111 ( 0.095)	Data  0.000 ( 0.001)	Loss 0.0000e+00 (0.0000e+00)	Acc@1 100.00 (100.00)	Acc@5 100.00 (100.00)
15-Mar-26 17:56:54 - Epoch: [99][ 399/1176]	Time  0.093 ( 0.095)	Data  0.000 ( 0.001)	Loss 0.0000e+00 (0.0000e+00)	Acc@1 100.00 (100.00)	Acc@5 100.00 (100.00)
15-Mar-26 17:57:03 - Epoch: [99][ 499/1176]	Time  0.099 ( 0.094)	Data  0.000 ( 0.001)	Loss 0.0000e+00 (0.0000e+00)	Acc@1 100.00 (100.00)	Acc@5 100.00 (100.00)
15-Mar-26 17:57:12 - Epoch: [99][ 599/1176]	Time  0.093 ( 0.094)	Data  0.000 ( 0.001)	Loss 0.0000e+00 (0.0000e+00)	Acc@1 100.00 (100.00)	Acc@5 100.00 (100.00)
15-Mar-26 17:57:22 - Epoch: [99][ 699/1176]	Time  0.093 ( 0.094)	Data  0.001 ( 0.001)	Loss 0.0000e+00 (0.0000e+00)	Acc@1 100.00 (100.00)	Acc@5 100.00 (100.00)
15-Mar-26 17:57:31 - Epoch: [99][ 799/1176]	Time  0.088 ( 0.094)	Data  0.000 ( 0.000)	Loss 0.0000e+00 (0.0000e+00)	Acc@1 100.00 (100.00)	Acc@5 100.00 (100.00)
15-Mar-26 17:57:40 - Epoch: [99][ 899/1176]	Time  0.092 ( 0.094)	Data  0.000 ( 0.000)	Loss 0.0000e+00 (0.0000e+00)	Acc@1 100.00 (100.00)	Acc@5 100.00 (100.00)
15-Mar-26 17:57:50 - Epoch: [99][ 999/1176]	Time  0.092 ( 0.094)	Data  0.000 ( 0.000)	Loss 0.0000e+00 (0.0000e+00)	Acc@1 100.00 (100.00)	Acc@5 100.00 (100.00)
15-Mar-26 17:57:59 - Epoch: [99][1099/1176]	Time  0.091 ( 0.094)	Data  0.000 ( 0.000)	Loss 0.0000e+00 (0.0000e+00)	Acc@1 100.00 (100.00)	Acc@5 100.00 (100.00)
15-Mar-26 17:58:06 -  @Training * Acc@1 100.000 Acc@5 100.000 Loss 0.000
15-Mar-26 17:58:06 - One training epoch latency: 110.5s | Avg Power: 203.9W | Energy: 22536.2660J
15-Mar-26 17:58:13 -  @Testing * Acc@1 93.750 Acc@5 99.653 Loss 1.366
15-Mar-26 17:58:13 - Best acc at epoch 99: 95.1388931274414
15-Mar-26 17:58:13 - Last learning rate: [1.52587890625e-08]
15-Mar-26 17:58:13 - 	 Epoch 100...
15-Mar-26 17:58:23 - Epoch: [100][  99/1176]	Time  0.093 ( 0.095)	Data  0.001 ( 0.002)	Loss 0.0000e+00 (0.0000e+00)	Acc@1 100.00 (100.00)	Acc@5 100.00 (100.00)
15-Mar-26 17:58:32 - Epoch: [100][ 199/1176]	Time  0.094 ( 0.095)	Data  0.000 ( 0.001)	Loss 0.0000e+00 (0.0000e+00)	Acc@1 100.00 (100.00)	Acc@5 100.00 (100.00)
15-Mar-26 17:58:42 - Epoch: [100][ 299/1176]	Time  0.092 ( 0.094)	Data  0.000 ( 0.001)	Loss 0.0000e+00 (0.0000e+00)	Acc@1 100.00 (100.00)	Acc@5 100.00 (100.00)
15-Mar-26 17:58:51 - Epoch: [100][ 399/1176]	Time  0.089 ( 0.094)	Data  0.000 ( 0.001)	Loss 0.0000e+00 (0.0000e+00)	Acc@1 100.00 (100.00)	Acc@5 100.00 (100.00)
15-Mar-26 17:59:00 - Epoch: [100][ 499/1176]	Time  0.092 ( 0.094)	Data  0.000 ( 0.001)	Loss 0.0000e+00 (0.0000e+00)	Acc@1 100.00 (100.00)	Acc@5 100.00 (100.00)
15-Mar-26 17:59:10 - Epoch: [100][ 599/1176]	Time  0.092 ( 0.094)	Data  0.000 ( 0.001)	Loss 0.0000e+00 (0.0000e+00)	Acc@1 100.00 (100.00)	Acc@5 100.00 (100.00)
15-Mar-26 17:59:19 - Epoch: [100][ 699/1176]	Time  0.092 ( 0.094)	Data  0.000 ( 0.001)	Loss 0.0000e+00 (0.0000e+00)	Acc@1 100.00 (100.00)	Acc@5 100.00 (100.00)
15-Mar-26 17:59:28 - Epoch: [100][ 799/1176]	Time  0.091 ( 0.094)	Data  0.000 ( 0.001)	Loss 0.0000e+00 (0.0000e+00)	Acc@1 100.00 (100.00)	Acc@5 100.00 (100.00)
15-Mar-26 17:59:38 - Epoch: [100][ 899/1176]	Time  0.092 ( 0.094)	Data  0.000 ( 0.000)	Loss 0.0000e+00 (0.0000e+00)	Acc@1 100.00 (100.00)	Acc@5 100.00 (100.00)
15-Mar-26 17:59:47 - Epoch: [100][ 999/1176]	Time  0.093 ( 0.094)	Data  0.000 ( 0.000)	Loss 0.0000e+00 (0.0000e+00)	Acc@1 100.00 (100.00)	Acc@5 100.00 (100.00)
15-Mar-26 17:59:56 - Epoch: [100][1099/1176]	Time  0.090 ( 0.094)	Data  0.000 ( 0.000)	Loss 0.0000e+00 (0.0000e+00)	Acc@1 100.00 (100.00)	Acc@5 100.00 (100.00)
15-Mar-26 18:00:03 -  @Training * Acc@1 100.000 Acc@5 100.000 Loss 0.000
15-Mar-26 18:00:04 - One training epoch latency: 110.2s | Avg Power: 203.7W | Energy: 22442.8524J
15-Mar-26 18:00:11 -  @Testing * Acc@1 93.750 Acc@5 99.653 Loss 1.359
15-Mar-26 18:00:11 - Best acc at epoch 100: 95.1388931274414
15-Mar-26 18:00:11 - Last learning rate: [1.52587890625e-08]
