21-Jan-26 07:56:02 - Namespace(arch='dvs_tessvgg_model', cpu=False, dataset='DVSGesture', save_path='./experiments/DVSGesture_Lonic_wn_int8_ternary_int8', data_path='/home/cts3td/Datasets', trials=1, epochs=100, optimizer='Adam', loss='CE', lr=6.25e-05, lr_conv=6.25e-05, batch_size=1, val_batch_size=16, label_encoding='class', activation='LinearSpike', seed=1, pretrained_model=None, training_mode='tess', delay_ls=20, scheduler=100, print_freq=100, factors_stdp=[0.2, 0.5, 0.0, 1.0], pooling='MAX', weight_decay=0, lr_scheduler_type='ReduceLR', experiment_name='DVSGesture', wn=True, avoid_wn=False, low_precision_training=True, forward_intx=8)
21-Jan-26 07:56:02 - => Everything will be saved to ./experiments/DVSGesture_Lonic_wn_int8_ternary_int8
21-Jan-26 07:56:03 - CUDA GPU will be used for computations
21-Jan-26 07:56:03 - Training set length: 1176
21-Jan-26 07:56:03 - Test set length: 288
21-Jan-26 07:56:03 - Activation used: None
21-Jan-26 07:56:03 - Total Parameters: 9222.9K
21-Jan-26 07:56:04 - === Model ===
21-Jan-26 07:56:04 - VGGConvModel(
  (conv_block1): LocalLearningSignalGenerationLayer(
    (block): ConvBlock(
      (pool): Identity()
      (conv): Conv2dSTDP(2, 64, kernel_size=(3, 3), stride=(1, 1), padding=(1, 1), bias=False, threshold=0.60, leak=0.50, reset=soft, grad_leak=False, grad_threshold=False, factors=tensor([0.2000, 0.5000, 0.0000, 1.0000], device='cuda:0'))
      (dropout): DropoutLIF(
        Dropout(p=0.0, inplace=False)
        (dropout): Dropout(p=0.0, inplace=False)
      )
    )
  )
  (conv_block2): LocalLearningSignalGenerationLayer(
    (block): ConvBlock(
      (pool): MaxPool2d(kernel_size=2, stride=2, padding=0, dilation=1, ceil_mode=False)
      (conv): Conv2dSTDP(64, 128, kernel_size=(3, 3), stride=(1, 1), padding=(1, 1), bias=False, threshold=0.60, leak=0.50, reset=soft, grad_leak=False, grad_threshold=False, factors=tensor([0.2000, 0.5000, 0.0000, 1.0000], device='cuda:0'))
      (dropout): DropoutLIF(
        Dropout(p=0.0, inplace=False)
        (dropout): Dropout(p=0.0, inplace=False)
      )
    )
  )
  (conv_block3): LocalLearningSignalGenerationLayer(
    (block): ConvBlock(
      (pool): Identity()
      (conv): Conv2dSTDP(128, 256, kernel_size=(3, 3), stride=(1, 1), padding=(1, 1), bias=False, threshold=0.60, leak=0.50, reset=soft, grad_leak=False, grad_threshold=False, factors=tensor([0.2000, 0.5000, 0.0000, 1.0000], device='cuda:0'))
      (dropout): DropoutLIF(
        Dropout(p=0.0, inplace=False)
        (dropout): Dropout(p=0.0, inplace=False)
      )
    )
  )
  (conv_block4): LocalLearningSignalGenerationLayer(
    (block): ConvBlock(
      (pool): MaxPool2d(kernel_size=2, stride=2, padding=0, dilation=1, ceil_mode=False)
      (conv): Conv2dSTDP(256, 256, kernel_size=(3, 3), stride=(1, 1), padding=(1, 1), bias=False, threshold=0.60, leak=0.50, reset=soft, grad_leak=False, grad_threshold=False, factors=tensor([0.2000, 0.5000, 0.0000, 1.0000], device='cuda:0'))
      (dropout): DropoutLIF(
        Dropout(p=0.0, inplace=False)
        (dropout): Dropout(p=0.0, inplace=False)
      )
    )
  )
  (conv_block5): LocalLearningSignalGenerationLayer(
    (block): ConvBlock(
      (pool): Identity()
      (conv): Conv2dSTDP(256, 512, kernel_size=(3, 3), stride=(1, 1), padding=(1, 1), bias=False, threshold=0.60, leak=0.50, reset=soft, grad_leak=False, grad_threshold=False, factors=tensor([0.2000, 0.5000, 0.0000, 1.0000], device='cuda:0'))
      (dropout): DropoutLIF(
        Dropout(p=0.0, inplace=False)
        (dropout): Dropout(p=0.0, inplace=False)
      )
    )
  )
  (conv_block6): LocalLearningSignalGenerationLayer(
    (block): ConvBlock(
      (pool): MaxPool2d(kernel_size=2, stride=2, padding=0, dilation=1, ceil_mode=False)
      (conv): Conv2dSTDP(512, 512, kernel_size=(3, 3), stride=(1, 1), padding=(1, 1), bias=False, threshold=0.60, leak=0.50, reset=soft, grad_leak=False, grad_threshold=False, factors=tensor([0.2000, 0.5000, 0.0000, 1.0000], device='cuda:0'))
      (dropout): DropoutLIF(
        Dropout(p=0.0, inplace=False)
        (dropout): Dropout(p=0.0, inplace=False)
      )
    )
  )
  (conv_block7): LocalLearningSignalGenerationLayer(
    (block): ConvBlock(
      (pool): Identity()
      (conv): Conv2dSTDP(512, 512, kernel_size=(3, 3), stride=(1, 1), padding=(1, 1), bias=False, threshold=0.60, leak=0.50, reset=soft, grad_leak=False, grad_threshold=False, factors=tensor([0.2000, 0.5000, 0.0000, 1.0000], device='cuda:0'))
      (dropout): DropoutLIF(
        Dropout(p=0.0, inplace=False)
        (dropout): Dropout(p=0.0, inplace=False)
      )
    )
  )
  (conv_block8): LocalLearningSignalGenerationLayer(
    (block): ConvBlock(
      (pool): AdaptiveAvgPool2d(output_size=1)
      (conv): Conv2dSTDP(512, 512, kernel_size=(3, 3), stride=(1, 1), padding=(1, 1), bias=False, threshold=0.60, leak=0.50, reset=soft, grad_leak=False, grad_threshold=False, factors=tensor([0.2000, 0.5000, 0.0000, 1.0000], device='cuda:0'))
      (dropout): DropoutLIF(
        Dropout(p=0.0, inplace=False)
        (dropout): Dropout(p=0.0, inplace=False)
      )
    )
  )
  (linear): Linear(in_features=512, out_features=11, bias=True)
)
21-Jan-26 07:56:04 - 
=== Starting model training with 100 epochs:

21-Jan-26 07:56:04 - 	 Epoch 1...
21-Jan-26 07:56:22 - Epoch: [1][  99/1176]	Time  0.179 ( 0.183)	Data  0.000 ( 0.002)	Loss 2.1463e+01 (9.2987e+00)	Acc@1   0.00 ( 17.00)	Acc@5 100.00 ( 64.00)
21-Jan-26 07:56:40 - Epoch: [1][ 199/1176]	Time  0.173 ( 0.180)	Data  0.000 ( 0.001)	Loss 1.1675e+01 (8.3811e+00)	Acc@1   0.00 ( 18.50)	Acc@5 100.00 ( 62.50)
21-Jan-26 07:56:57 - Epoch: [1][ 299/1176]	Time  0.173 ( 0.179)	Data  0.000 ( 0.001)	Loss 2.2975e+00 (8.7515e+00)	Acc@1   0.00 ( 19.33)	Acc@5 100.00 ( 65.00)
21-Jan-26 07:57:15 - Epoch: [1][ 399/1176]	Time  0.173 ( 0.179)	Data  0.000 ( 0.001)	Loss 3.8126e+01 (8.9650e+00)	Acc@1   0.00 ( 21.75)	Acc@5   0.00 ( 68.75)
21-Jan-26 07:57:33 - Epoch: [1][ 499/1176]	Time  0.173 ( 0.178)	Data  0.000 ( 0.001)	Loss 3.3339e+01 (9.1232e+00)	Acc@1   0.00 ( 24.20)	Acc@5 100.00 ( 72.00)
21-Jan-26 07:57:50 - Epoch: [1][ 599/1176]	Time  0.173 ( 0.178)	Data  0.000 ( 0.001)	Loss 1.6292e-01 (9.0717e+00)	Acc@1 100.00 ( 26.83)	Acc@5 100.00 ( 73.83)
21-Jan-26 07:58:08 - Epoch: [1][ 699/1176]	Time  0.173 ( 0.177)	Data  0.001 ( 0.000)	Loss 2.8318e+00 (8.6641e+00)	Acc@1   0.00 ( 28.14)	Acc@5 100.00 ( 76.43)
21-Jan-26 07:58:25 - Epoch: [1][ 799/1176]	Time  0.173 ( 0.177)	Data  0.000 ( 0.000)	Loss 1.4132e+01 (8.4633e+00)	Acc@1   0.00 ( 30.38)	Acc@5 100.00 ( 78.00)
21-Jan-26 07:58:43 - Epoch: [1][ 899/1176]	Time  0.173 ( 0.177)	Data  0.000 ( 0.000)	Loss 3.2815e+00 (8.3166e+00)	Acc@1   0.00 ( 32.00)	Acc@5 100.00 ( 79.11)
21-Jan-26 07:59:00 - Epoch: [1][ 999/1176]	Time  0.174 ( 0.177)	Data  0.000 ( 0.000)	Loss 1.9093e-02 (8.1668e+00)	Acc@1 100.00 ( 33.40)	Acc@5 100.00 ( 80.40)
21-Jan-26 07:59:18 - Epoch: [1][1099/1176]	Time  0.182 ( 0.177)	Data  0.001 ( 0.000)	Loss 1.6908e+01 (7.9890e+00)	Acc@1   0.00 ( 34.18)	Acc@5   0.00 ( 81.64)
21-Jan-26 07:59:31 -  @Training * Acc@1 34.609 Acc@5 82.313 Loss 8.009
21-Jan-26 07:59:32 - One training epoch latency: 207.7s | Avg Power: 236.7W | Energy: 49152.4955J
21-Jan-26 07:59:46 -  @Testing * Acc@1 49.653 Acc@5 95.833 Loss 4.393
21-Jan-26 07:59:46 - Best acc at epoch 1: 49.65277862548828
21-Jan-26 07:59:46 - Last learning rate: [6.25e-05]
21-Jan-26 07:59:46 - 	 Epoch 2...
21-Jan-26 08:00:04 - Epoch: [2][  99/1176]	Time  0.180 ( 0.183)	Data  0.000 ( 0.002)	Loss 6.8989e+00 (6.0471e+00)	Acc@1   0.00 ( 44.00)	Acc@5 100.00 ( 95.00)
21-Jan-26 08:00:22 - Epoch: [2][ 199/1176]	Time  0.181 ( 0.182)	Data  0.000 ( 0.001)	Loss 6.3710e-01 (5.3421e+00)	Acc@1 100.00 ( 50.00)	Acc@5 100.00 ( 96.00)
21-Jan-26 08:00:40 - Epoch: [2][ 299/1176]	Time  0.178 ( 0.181)	Data  0.000 ( 0.001)	Loss 0.0000e+00 (5.5349e+00)	Acc@1 100.00 ( 49.00)	Acc@5 100.00 ( 95.33)
21-Jan-26 08:00:58 - Epoch: [2][ 399/1176]	Time  0.180 ( 0.181)	Data  0.000 ( 0.001)	Loss 1.5514e+01 (5.1696e+00)	Acc@1   0.00 ( 50.00)	Acc@5 100.00 ( 96.00)
21-Jan-26 08:01:16 - Epoch: [2][ 499/1176]	Time  0.175 ( 0.181)	Data  0.001 ( 0.001)	Loss 4.8871e+00 (5.2244e+00)	Acc@1   0.00 ( 50.60)	Acc@5 100.00 ( 96.60)
21-Jan-26 08:01:34 - Epoch: [2][ 599/1176]	Time  0.177 ( 0.180)	Data  0.000 ( 0.001)	Loss 4.6653e+00 (5.3488e+00)	Acc@1   0.00 ( 51.00)	Acc@5 100.00 ( 97.00)
21-Jan-26 08:01:52 - Epoch: [2][ 699/1176]	Time  0.177 ( 0.180)	Data  0.000 ( 0.000)	Loss 5.9605e-07 (5.5048e+00)	Acc@1 100.00 ( 52.00)	Acc@5 100.00 ( 96.86)
21-Jan-26 08:02:10 - Epoch: [2][ 799/1176]	Time  0.198 ( 0.180)	Data  0.011 ( 0.000)	Loss 0.0000e+00 (5.5594e+00)	Acc@1 100.00 ( 52.62)	Acc@5 100.00 ( 96.62)
21-Jan-26 08:02:28 - Epoch: [2][ 899/1176]	Time  0.186 ( 0.180)	Data  0.000 ( 0.000)	Loss 6.3181e-06 (5.7482e+00)	Acc@1 100.00 ( 52.67)	Acc@5 100.00 ( 96.44)
21-Jan-26 08:02:46 - Epoch: [2][ 999/1176]	Time  0.183 ( 0.180)	Data  0.000 ( 0.000)	Loss 1.7033e+00 (5.6469e+00)	Acc@1   0.00 ( 53.70)	Acc@5 100.00 ( 96.70)
21-Jan-26 08:03:04 - Epoch: [2][1099/1176]	Time  0.177 ( 0.180)	Data  0.000 ( 0.000)	Loss 1.0958e+01 (5.6757e+00)	Acc@1   0.00 ( 54.73)	Acc@5 100.00 ( 96.82)
21-Jan-26 08:03:18 -  @Training * Acc@1 54.507 Acc@5 96.769 Loss 5.724
21-Jan-26 08:03:18 - One training epoch latency: 211.5s | Avg Power: 241.0W | Energy: 50982.6193J
21-Jan-26 08:03:31 -  @Testing * Acc@1 53.472 Acc@5 96.875 Loss 7.667
21-Jan-26 08:03:31 - Best acc at epoch 2: 53.47222137451172
21-Jan-26 08:03:31 - Last learning rate: [6.25e-05]
21-Jan-26 08:03:31 - 	 Epoch 3...
21-Jan-26 08:03:50 - Epoch: [3][  99/1176]	Time  0.177 ( 0.183)	Data  0.000 ( 0.002)	Loss 1.5074e+01 (5.9958e+00)	Acc@1   0.00 ( 59.00)	Acc@5 100.00 ( 97.00)
21-Jan-26 08:04:08 - Epoch: [3][ 199/1176]	Time  0.177 ( 0.182)	Data  0.000 ( 0.001)	Loss 2.4688e+00 (4.9692e+00)	Acc@1   0.00 ( 61.50)	Acc@5 100.00 ( 98.00)
21-Jan-26 08:04:26 - Epoch: [3][ 299/1176]	Time  0.178 ( 0.182)	Data  0.000 ( 0.001)	Loss 7.6172e-05 (5.1197e+00)	Acc@1 100.00 ( 60.00)	Acc@5 100.00 ( 97.00)
21-Jan-26 08:04:44 - Epoch: [3][ 399/1176]	Time  0.179 ( 0.182)	Data  0.000 ( 0.001)	Loss 4.6720e-01 (4.8091e+00)	Acc@1 100.00 ( 62.25)	Acc@5 100.00 ( 97.50)
21-Jan-26 08:05:02 - Epoch: [3][ 499/1176]	Time  0.187 ( 0.181)	Data  0.000 ( 0.001)	Loss 2.8887e+01 (4.5272e+00)	Acc@1   0.00 ( 62.00)	Acc@5 100.00 ( 98.00)
21-Jan-26 08:05:20 - Epoch: [3][ 599/1176]	Time  0.190 ( 0.181)	Data  0.000 ( 0.001)	Loss 0.0000e+00 (4.3358e+00)	Acc@1 100.00 ( 63.50)	Acc@5 100.00 ( 98.17)
21-Jan-26 08:05:38 - Epoch: [3][ 699/1176]	Time  0.198 ( 0.181)	Data  0.000 ( 0.001)	Loss 0.0000e+00 (4.2831e+00)	Acc@1 100.00 ( 64.14)	Acc@5 100.00 ( 98.29)
21-Jan-26 08:05:56 - Epoch: [3][ 799/1176]	Time  0.197 ( 0.181)	Data  0.000 ( 0.001)	Loss 1.8654e+00 (4.4975e+00)	Acc@1   0.00 ( 63.38)	Acc@5 100.00 ( 98.25)
21-Jan-26 08:06:14 - Epoch: [3][ 899/1176]	Time  0.202 ( 0.181)	Data  0.011 ( 0.001)	Loss 5.9605e-07 (4.4461e+00)	Acc@1 100.00 ( 63.33)	Acc@5 100.00 ( 98.22)
21-Jan-26 08:06:32 - Epoch: [3][ 999/1176]	Time  0.177 ( 0.181)	Data  0.000 ( 0.001)	Loss 5.0038e-02 (4.3249e+00)	Acc@1 100.00 ( 63.50)	Acc@5 100.00 ( 98.30)
21-Jan-26 08:06:50 - Epoch: [3][1099/1176]	Time  0.183 ( 0.181)	Data  0.000 ( 0.000)	Loss 0.0000e+00 (4.4812e+00)	Acc@1 100.00 ( 63.55)	Acc@5 100.00 ( 98.18)
21-Jan-26 08:07:04 -  @Training * Acc@1 64.116 Acc@5 98.129 Loss 4.432
21-Jan-26 08:07:04 - One training epoch latency: 212.5s | Avg Power: 239.4W | Energy: 50865.6788J
21-Jan-26 08:07:18 -  @Testing * Acc@1 68.056 Acc@5 98.611 Loss 4.577
21-Jan-26 08:07:18 - Best acc at epoch 3: 68.05555725097656
21-Jan-26 08:07:18 - Last learning rate: [6.25e-05]
21-Jan-26 08:07:18 - 	 Epoch 4...
21-Jan-26 08:07:36 - Epoch: [4][  99/1176]	Time  0.180 ( 0.184)	Data  0.000 ( 0.002)	Loss 4.4563e+00 (3.3558e+00)	Acc@1   0.00 ( 67.00)	Acc@5 100.00 ( 99.00)
21-Jan-26 08:07:54 - Epoch: [4][ 199/1176]	Time  0.190 ( 0.182)	Data  0.000 ( 0.001)	Loss 0.0000e+00 (3.9439e+00)	Acc@1 100.00 ( 71.00)	Acc@5 100.00 ( 98.50)
21-Jan-26 08:08:12 - Epoch: [4][ 299/1176]	Time  0.181 ( 0.183)	Data  0.000 ( 0.001)	Loss 4.2548e+01 (3.9219e+00)	Acc@1   0.00 ( 68.67)	Acc@5 100.00 ( 98.67)
21-Jan-26 08:08:30 - Epoch: [4][ 399/1176]	Time  0.180 ( 0.182)	Data  0.000 ( 0.001)	Loss 0.0000e+00 (3.8081e+00)	Acc@1 100.00 ( 68.25)	Acc@5 100.00 ( 98.75)
21-Jan-26 08:08:48 - Epoch: [4][ 499/1176]	Time  0.181 ( 0.182)	Data  0.000 ( 0.001)	Loss 1.0510e+01 (3.9240e+00)	Acc@1   0.00 ( 69.00)	Acc@5 100.00 ( 98.60)
21-Jan-26 08:09:06 - Epoch: [4][ 599/1176]	Time  0.177 ( 0.181)	Data  0.000 ( 0.001)	Loss 0.0000e+00 (4.0049e+00)	Acc@1 100.00 ( 69.17)	Acc@5 100.00 ( 98.33)
21-Jan-26 08:09:24 - Epoch: [4][ 699/1176]	Time  0.177 ( 0.181)	Data  0.000 ( 0.001)	Loss 3.7659e-03 (3.7809e+00)	Acc@1 100.00 ( 69.71)	Acc@5 100.00 ( 98.57)
21-Jan-26 08:09:42 - Epoch: [4][ 799/1176]	Time  0.175 ( 0.181)	Data  0.000 ( 0.001)	Loss 1.0882e+01 (3.8650e+00)	Acc@1   0.00 ( 69.62)	Acc@5 100.00 ( 98.62)
21-Jan-26 08:10:00 - Epoch: [4][ 899/1176]	Time  0.177 ( 0.181)	Data  0.000 ( 0.001)	Loss 1.0847e+01 (3.9692e+00)	Acc@1   0.00 ( 69.22)	Acc@5 100.00 ( 98.56)
21-Jan-26 08:10:18 - Epoch: [4][ 999/1176]	Time  0.178 ( 0.181)	Data  0.000 ( 0.000)	Loss 5.2452e-06 (3.9937e+00)	Acc@1 100.00 ( 69.10)	Acc@5 100.00 ( 98.70)
21-Jan-26 08:10:36 - Epoch: [4][1099/1176]	Time  0.176 ( 0.181)	Data  0.000 ( 0.000)	Loss 1.4134e+00 (4.0312e+00)	Acc@1   0.00 ( 68.82)	Acc@5 100.00 ( 98.82)
21-Jan-26 08:10:50 -  @Training * Acc@1 68.878 Acc@5 98.895 Loss 3.953
21-Jan-26 08:10:50 - One training epoch latency: 212.5s | Avg Power: 239.1W | Energy: 50792.8487J
21-Jan-26 08:11:04 -  @Testing * Acc@1 72.222 Acc@5 99.306 Loss 4.475
21-Jan-26 08:11:04 - Best acc at epoch 4: 72.22222137451172
21-Jan-26 08:11:04 - Last learning rate: [6.25e-05]
21-Jan-26 08:11:04 - 	 Epoch 5...
21-Jan-26 08:11:22 - Epoch: [5][  99/1176]	Time  0.179 ( 0.183)	Data  0.000 ( 0.003)	Loss 9.5187e+00 (3.4282e+00)	Acc@1   0.00 ( 68.00)	Acc@5 100.00 (100.00)
21-Jan-26 08:11:40 - Epoch: [5][ 199/1176]	Time  0.178 ( 0.182)	Data  0.000 ( 0.001)	Loss 1.3350e+01 (3.0355e+00)	Acc@1   0.00 ( 72.00)	Acc@5 100.00 ( 99.50)
21-Jan-26 08:11:58 - Epoch: [5][ 299/1176]	Time  0.177 ( 0.181)	Data  0.000 ( 0.001)	Loss 1.5410e+01 (3.3030e+00)	Acc@1   0.00 ( 74.00)	Acc@5 100.00 ( 98.67)
21-Jan-26 08:12:16 - Epoch: [5][ 399/1176]	Time  0.177 ( 0.181)	Data  0.000 ( 0.001)	Loss 1.8091e+01 (3.1678e+00)	Acc@1   0.00 ( 73.00)	Acc@5 100.00 ( 99.00)
21-Jan-26 08:12:34 - Epoch: [5][ 499/1176]	Time  0.175 ( 0.181)	Data  0.000 ( 0.001)	Loss 3.5763e-07 (3.1782e+00)	Acc@1 100.00 ( 73.00)	Acc@5 100.00 ( 99.20)
21-Jan-26 08:12:52 - Epoch: [5][ 599/1176]	Time  0.177 ( 0.181)	Data  0.000 ( 0.001)	Loss 0.0000e+00 (3.1525e+00)	Acc@1 100.00 ( 73.00)	Acc@5 100.00 ( 99.17)
21-Jan-26 08:13:11 - Epoch: [5][ 699/1176]	Time  0.180 ( 0.181)	Data  0.000 ( 0.001)	Loss 0.0000e+00 (3.1595e+00)	Acc@1 100.00 ( 72.86)	Acc@5 100.00 ( 99.00)
21-Jan-26 08:13:29 - Epoch: [5][ 799/1176]	Time  0.181 ( 0.181)	Data  0.000 ( 0.001)	Loss 1.7808e-04 (3.2267e+00)	Acc@1 100.00 ( 73.00)	Acc@5 100.00 ( 99.12)
21-Jan-26 08:13:47 - Epoch: [5][ 899/1176]	Time  0.178 ( 0.181)	Data  0.000 ( 0.001)	Loss 1.1959e+00 (3.0939e+00)	Acc@1   0.00 ( 73.11)	Acc@5 100.00 ( 99.22)
21-Jan-26 08:14:05 - Epoch: [5][ 999/1176]	Time  0.182 ( 0.181)	Data  0.000 ( 0.001)	Loss 0.0000e+00 (3.0981e+00)	Acc@1 100.00 ( 73.60)	Acc@5 100.00 ( 99.20)
21-Jan-26 08:14:23 - Epoch: [5][1099/1176]	Time  0.177 ( 0.181)	Data  0.000 ( 0.000)	Loss 3.8326e+00 (3.2727e+00)	Acc@1   0.00 ( 73.09)	Acc@5 100.00 ( 99.18)
21-Jan-26 08:14:36 -  @Training * Acc@1 72.959 Acc@5 99.150 Loss 3.389
21-Jan-26 08:14:36 - One training epoch latency: 212.5s | Avg Power: 240.4W | Energy: 51092.4713J
21-Jan-26 08:14:50 -  @Testing * Acc@1 59.375 Acc@5 98.958 Loss 7.973
21-Jan-26 08:14:50 - Best acc at epoch 5: 72.22222137451172
21-Jan-26 08:14:50 - Last learning rate: [6.25e-05]
21-Jan-26 08:14:50 - 	 Epoch 6...
21-Jan-26 08:15:09 - Epoch: [6][  99/1176]	Time  0.177 ( 0.184)	Data  0.000 ( 0.002)	Loss 5.9605e-07 (3.5399e+00)	Acc@1 100.00 ( 70.00)	Acc@5 100.00 ( 99.00)
21-Jan-26 08:15:27 - Epoch: [6][ 199/1176]	Time  0.177 ( 0.183)	Data  0.000 ( 0.001)	Loss 4.6469e-04 (3.5328e+00)	Acc@1 100.00 ( 70.00)	Acc@5 100.00 ( 99.50)
21-Jan-26 08:15:45 - Epoch: [6][ 299/1176]	Time  0.180 ( 0.182)	Data  0.000 ( 0.001)	Loss 6.9074e+00 (3.3900e+00)	Acc@1   0.00 ( 72.33)	Acc@5 100.00 ( 99.33)
21-Jan-26 08:16:03 - Epoch: [6][ 399/1176]	Time  0.177 ( 0.182)	Data  0.000 ( 0.001)	Loss 0.0000e+00 (2.9664e+00)	Acc@1 100.00 ( 75.00)	Acc@5 100.00 ( 99.50)
21-Jan-26 08:16:21 - Epoch: [6][ 499/1176]	Time  0.180 ( 0.181)	Data  0.000 ( 0.001)	Loss 7.0333e-04 (3.1877e+00)	Acc@1 100.00 ( 74.40)	Acc@5 100.00 ( 99.40)
21-Jan-26 08:16:39 - Epoch: [6][ 599/1176]	Time  0.176 ( 0.181)	Data  0.000 ( 0.001)	Loss 0.0000e+00 (3.2193e+00)	Acc@1 100.00 ( 74.00)	Acc@5 100.00 ( 99.50)
21-Jan-26 08:16:57 - Epoch: [6][ 699/1176]	Time  0.175 ( 0.181)	Data  0.000 ( 0.001)	Loss 0.0000e+00 (3.0802e+00)	Acc@1 100.00 ( 74.29)	Acc@5 100.00 ( 99.57)
21-Jan-26 08:17:15 - Epoch: [6][ 799/1176]	Time  0.178 ( 0.181)	Data  0.000 ( 0.001)	Loss 3.8114e-03 (3.0959e+00)	Acc@1 100.00 ( 74.12)	Acc@5 100.00 ( 99.62)
21-Jan-26 08:17:33 - Epoch: [6][ 899/1176]	Time  0.175 ( 0.181)	Data  0.001 ( 0.001)	Loss 1.2886e+01 (3.0079e+00)	Acc@1   0.00 ( 74.67)	Acc@5 100.00 ( 99.67)
21-Jan-26 08:17:51 - Epoch: [6][ 999/1176]	Time  0.178 ( 0.180)	Data  0.000 ( 0.000)	Loss 0.0000e+00 (3.0245e+00)	Acc@1 100.00 ( 74.90)	Acc@5 100.00 ( 99.70)
21-Jan-26 08:18:09 - Epoch: [6][1099/1176]	Time  0.177 ( 0.180)	Data  0.000 ( 0.000)	Loss 0.0000e+00 (3.0726e+00)	Acc@1 100.00 ( 75.00)	Acc@5 100.00 ( 99.73)
21-Jan-26 08:18:22 -  @Training * Acc@1 75.425 Acc@5 99.745 Loss 2.997
21-Jan-26 08:18:22 - One training epoch latency: 212.1s | Avg Power: 240.8W | Energy: 51072.8586J
21-Jan-26 08:18:36 -  @Testing * Acc@1 74.653 Acc@5 98.958 Loss 5.353
21-Jan-26 08:18:36 - Best acc at epoch 6: 74.65277862548828
21-Jan-26 08:18:36 - Last learning rate: [6.25e-05]
21-Jan-26 08:18:36 - 	 Epoch 7...
21-Jan-26 08:18:54 - Epoch: [7][  99/1176]	Time  0.177 ( 0.182)	Data  0.000 ( 0.002)	Loss 7.6973e+00 (2.6339e+00)	Acc@1   0.00 ( 78.00)	Acc@5 100.00 ( 99.00)
21-Jan-26 08:19:12 - Epoch: [7][ 199/1176]	Time  0.180 ( 0.181)	Data  0.000 ( 0.001)	Loss 0.0000e+00 (2.5431e+00)	Acc@1 100.00 ( 74.50)	Acc@5 100.00 ( 99.50)
21-Jan-26 08:19:30 - Epoch: [7][ 299/1176]	Time  0.177 ( 0.181)	Data  0.000 ( 0.001)	Loss 0.0000e+00 (2.4942e+00)	Acc@1 100.00 ( 74.33)	Acc@5 100.00 ( 99.67)
21-Jan-26 08:19:48 - Epoch: [7][ 399/1176]	Time  0.177 ( 0.181)	Data  0.000 ( 0.001)	Loss 6.5579e-04 (2.5083e+00)	Acc@1 100.00 ( 76.25)	Acc@5 100.00 ( 99.50)
21-Jan-26 08:20:06 - Epoch: [7][ 499/1176]	Time  0.181 ( 0.181)	Data  0.000 ( 0.001)	Loss 0.0000e+00 (2.6571e+00)	Acc@1 100.00 ( 77.00)	Acc@5 100.00 ( 99.40)
21-Jan-26 08:20:24 - Epoch: [7][ 599/1176]	Time  0.178 ( 0.181)	Data  0.000 ( 0.001)	Loss 0.0000e+00 (2.5987e+00)	Acc@1 100.00 ( 77.67)	Acc@5 100.00 ( 99.50)
21-Jan-26 08:20:42 - Epoch: [7][ 699/1176]	Time  0.178 ( 0.180)	Data  0.000 ( 0.001)	Loss 1.0837e+00 (2.6129e+00)	Acc@1   0.00 ( 77.57)	Acc@5 100.00 ( 99.57)
21-Jan-26 08:21:00 - Epoch: [7][ 799/1176]	Time  0.180 ( 0.181)	Data  0.000 ( 0.000)	Loss 0.0000e+00 (2.4952e+00)	Acc@1 100.00 ( 78.12)	Acc@5 100.00 ( 99.62)
21-Jan-26 08:21:18 - Epoch: [7][ 899/1176]	Time  0.174 ( 0.180)	Data  0.000 ( 0.000)	Loss 9.9415e+00 (2.4938e+00)	Acc@1   0.00 ( 78.11)	Acc@5 100.00 ( 99.67)
21-Jan-26 08:21:36 - Epoch: [7][ 999/1176]	Time  0.177 ( 0.180)	Data  0.000 ( 0.000)	Loss 1.7881e-06 (2.3929e+00)	Acc@1 100.00 ( 78.50)	Acc@5 100.00 ( 99.70)
21-Jan-26 08:21:54 - Epoch: [7][1099/1176]	Time  0.178 ( 0.180)	Data  0.000 ( 0.000)	Loss 0.0000e+00 (2.4687e+00)	Acc@1 100.00 ( 78.27)	Acc@5 100.00 ( 99.73)
21-Jan-26 08:22:08 -  @Training * Acc@1 78.316 Acc@5 99.745 Loss 2.448
21-Jan-26 08:22:08 - One training epoch latency: 211.9s | Avg Power: 239.7W | Energy: 50785.1080J
21-Jan-26 08:22:22 -  @Testing * Acc@1 73.958 Acc@5 99.306 Loss 3.434
21-Jan-26 08:22:22 - Best acc at epoch 7: 74.65277862548828
21-Jan-26 08:22:22 - Last learning rate: [6.25e-05]
21-Jan-26 08:22:22 - 	 Epoch 8...
21-Jan-26 08:22:40 - Epoch: [8][  99/1176]	Time  0.178 ( 0.182)	Data  0.000 ( 0.002)	Loss 3.5763e-07 (2.2518e+00)	Acc@1 100.00 ( 78.00)	Acc@5 100.00 (100.00)
21-Jan-26 08:22:58 - Epoch: [8][ 199/1176]	Time  0.178 ( 0.181)	Data  0.000 ( 0.001)	Loss 4.9239e+00 (2.1411e+00)	Acc@1   0.00 ( 77.50)	Acc@5 100.00 (100.00)
21-Jan-26 08:23:16 - Epoch: [8][ 299/1176]	Time  0.180 ( 0.181)	Data  0.000 ( 0.001)	Loss 1.6396e+01 (2.3756e+00)	Acc@1   0.00 ( 76.00)	Acc@5 100.00 ( 99.67)
21-Jan-26 08:23:34 - Epoch: [8][ 399/1176]	Time  0.178 ( 0.181)	Data  0.000 ( 0.001)	Loss 1.9505e+01 (2.3989e+00)	Acc@1   0.00 ( 76.50)	Acc@5 100.00 ( 99.75)
21-Jan-26 08:23:52 - Epoch: [8][ 499/1176]	Time  0.177 ( 0.180)	Data  0.000 ( 0.001)	Loss 0.0000e+00 (2.4572e+00)	Acc@1 100.00 ( 77.20)	Acc@5 100.00 ( 99.60)
21-Jan-26 08:24:10 - Epoch: [8][ 599/1176]	Time  0.177 ( 0.180)	Data  0.000 ( 0.001)	Loss 0.0000e+00 (2.1984e+00)	Acc@1 100.00 ( 79.00)	Acc@5 100.00 ( 99.67)
21-Jan-26 08:24:28 - Epoch: [8][ 699/1176]	Time  0.177 ( 0.180)	Data  0.000 ( 0.001)	Loss 0.0000e+00 (2.1198e+00)	Acc@1 100.00 ( 79.86)	Acc@5 100.00 ( 99.43)
21-Jan-26 08:24:46 - Epoch: [8][ 799/1176]	Time  0.177 ( 0.180)	Data  0.000 ( 0.000)	Loss 8.4556e-01 (2.1510e+00)	Acc@1   0.00 ( 80.00)	Acc@5 100.00 ( 99.50)
21-Jan-26 08:25:04 - Epoch: [8][ 899/1176]	Time  0.177 ( 0.180)	Data  0.000 ( 0.000)	Loss 0.0000e+00 (2.1224e+00)	Acc@1 100.00 ( 80.22)	Acc@5 100.00 ( 99.56)
21-Jan-26 08:25:22 - Epoch: [8][ 999/1176]	Time  0.174 ( 0.180)	Data  0.000 ( 0.000)	Loss 4.3144e-04 (2.3457e+00)	Acc@1 100.00 ( 79.40)	Acc@5 100.00 ( 99.60)
21-Jan-26 08:25:40 - Epoch: [8][1099/1176]	Time  0.180 ( 0.180)	Data  0.000 ( 0.000)	Loss 1.4972e-04 (2.2627e+00)	Acc@1 100.00 ( 79.91)	Acc@5 100.00 ( 99.64)
21-Jan-26 08:25:53 -  @Training * Acc@1 79.762 Acc@5 99.660 Loss 2.230
21-Jan-26 08:25:53 - One training epoch latency: 211.5s | Avg Power: 241.0W | Energy: 50969.7397J
21-Jan-26 08:26:07 -  @Testing * Acc@1 81.597 Acc@5 99.306 Loss 3.328
21-Jan-26 08:26:07 - Best acc at epoch 8: 81.59722137451172
21-Jan-26 08:26:07 - Last learning rate: [6.25e-05]
21-Jan-26 08:26:07 - 	 Epoch 9...
21-Jan-26 08:26:25 - Epoch: [9][  99/1176]	Time  0.177 ( 0.182)	Data  0.000 ( 0.002)	Loss 2.4794e+01 (1.0230e+00)	Acc@1   0.00 ( 90.00)	Acc@5 100.00 (100.00)
21-Jan-26 08:26:43 - Epoch: [9][ 199/1176]	Time  0.177 ( 0.181)	Data  0.000 ( 0.001)	Loss 0.0000e+00 (1.3467e+00)	Acc@1 100.00 ( 89.50)	Acc@5 100.00 (100.00)
21-Jan-26 08:27:01 - Epoch: [9][ 299/1176]	Time  0.176 ( 0.181)	Data  0.000 ( 0.001)	Loss 1.0391e+01 (1.5107e+00)	Acc@1   0.00 ( 87.00)	Acc@5 100.00 (100.00)
21-Jan-26 08:27:19 - Epoch: [9][ 399/1176]	Time  0.196 ( 0.180)	Data  0.011 ( 0.001)	Loss 3.8742e-05 (1.5863e+00)	Acc@1 100.00 ( 87.00)	Acc@5 100.00 ( 99.75)
21-Jan-26 08:27:37 - Epoch: [9][ 499/1176]	Time  0.193 ( 0.180)	Data  0.000 ( 0.000)	Loss 0.0000e+00 (1.9080e+00)	Acc@1 100.00 ( 85.00)	Acc@5 100.00 ( 99.80)
21-Jan-26 08:27:55 - Epoch: [9][ 599/1176]	Time  0.189 ( 0.180)	Data  0.000 ( 0.000)	Loss 1.0825e-01 (1.9612e+00)	Acc@1 100.00 ( 84.17)	Acc@5 100.00 ( 99.83)
21-Jan-26 08:28:13 - Epoch: [9][ 699/1176]	Time  0.181 ( 0.180)	Data  0.000 ( 0.000)	Loss 2.1515e-04 (2.0092e+00)	Acc@1 100.00 ( 84.00)	Acc@5 100.00 ( 99.86)
21-Jan-26 08:28:31 - Epoch: [9][ 799/1176]	Time  0.177 ( 0.180)	Data  0.000 ( 0.000)	Loss 0.0000e+00 (2.0240e+00)	Acc@1 100.00 ( 84.00)	Acc@5 100.00 ( 99.88)
21-Jan-26 08:28:49 - Epoch: [9][ 899/1176]	Time  0.180 ( 0.180)	Data  0.000 ( 0.000)	Loss 2.3842e-07 (2.0793e+00)	Acc@1 100.00 ( 83.78)	Acc@5 100.00 ( 99.89)
21-Jan-26 08:29:07 - Epoch: [9][ 999/1176]	Time  0.177 ( 0.180)	Data  0.000 ( 0.000)	Loss 0.0000e+00 (2.0795e+00)	Acc@1 100.00 ( 83.90)	Acc@5 100.00 ( 99.80)
21-Jan-26 08:29:25 - Epoch: [9][1099/1176]	Time  0.177 ( 0.180)	Data  0.000 ( 0.000)	Loss 0.0000e+00 (2.1121e+00)	Acc@1 100.00 ( 83.91)	Acc@5 100.00 ( 99.82)
21-Jan-26 08:29:38 -  @Training * Acc@1 83.758 Acc@5 99.830 Loss 2.098
21-Jan-26 08:29:38 - One training epoch latency: 211.2s | Avg Power: 241.7W | Energy: 51056.7597J
21-Jan-26 08:29:52 -  @Testing * Acc@1 76.389 Acc@5 99.306 Loss 3.628
21-Jan-26 08:29:52 - Best acc at epoch 9: 81.59722137451172
21-Jan-26 08:29:52 - Last learning rate: [6.25e-05]
21-Jan-26 08:29:52 - 	 Epoch 10...
21-Jan-26 08:30:10 - Epoch: [10][  99/1176]	Time  0.177 ( 0.183)	Data  0.000 ( 0.002)	Loss 7.5461e+00 (1.6040e+00)	Acc@1   0.00 ( 88.00)	Acc@5 100.00 (100.00)
21-Jan-26 08:30:28 - Epoch: [10][ 199/1176]	Time  0.177 ( 0.181)	Data  0.000 ( 0.001)	Loss 9.5367e-07 (1.3047e+00)	Acc@1 100.00 ( 88.50)	Acc@5 100.00 (100.00)
21-Jan-26 08:30:46 - Epoch: [10][ 299/1176]	Time  0.177 ( 0.181)	Data  0.000 ( 0.001)	Loss 4.3919e-04 (1.4268e+00)	Acc@1 100.00 ( 88.33)	Acc@5 100.00 (100.00)
21-Jan-26 08:31:04 - Epoch: [10][ 399/1176]	Time  0.177 ( 0.181)	Data  0.000 ( 0.001)	Loss 1.9073e-06 (1.3232e+00)	Acc@1 100.00 ( 87.75)	Acc@5 100.00 (100.00)
21-Jan-26 08:31:22 - Epoch: [10][ 499/1176]	Time  0.178 ( 0.180)	Data  0.000 ( 0.001)	Loss 0.0000e+00 (1.3634e+00)	Acc@1 100.00 ( 87.40)	Acc@5 100.00 (100.00)
21-Jan-26 08:31:40 - Epoch: [10][ 599/1176]	Time  0.177 ( 0.180)	Data  0.000 ( 0.001)	Loss 0.0000e+00 (1.5077e+00)	Acc@1 100.00 ( 87.17)	Acc@5 100.00 (100.00)
21-Jan-26 08:31:58 - Epoch: [10][ 699/1176]	Time  0.185 ( 0.180)	Data  0.000 ( 0.001)	Loss 0.0000e+00 (1.7004e+00)	Acc@1 100.00 ( 86.29)	Acc@5 100.00 ( 99.86)
21-Jan-26 08:32:16 - Epoch: [10][ 799/1176]	Time  0.196 ( 0.180)	Data  0.000 ( 0.000)	Loss 0.0000e+00 (1.7329e+00)	Acc@1 100.00 ( 85.88)	Acc@5 100.00 ( 99.75)
21-Jan-26 08:32:34 - Epoch: [10][ 899/1176]	Time  0.178 ( 0.180)	Data  0.000 ( 0.000)	Loss 0.0000e+00 (1.7545e+00)	Acc@1 100.00 ( 85.44)	Acc@5 100.00 ( 99.78)
21-Jan-26 08:32:52 - Epoch: [10][ 999/1176]	Time  0.198 ( 0.180)	Data  0.000 ( 0.000)	Loss 1.1921e-07 (1.7617e+00)	Acc@1 100.00 ( 85.10)	Acc@5 100.00 ( 99.80)
21-Jan-26 08:33:10 - Epoch: [10][1099/1176]	Time  0.185 ( 0.180)	Data  0.000 ( 0.000)	Loss 1.3477e+01 (1.7664e+00)	Acc@1   0.00 ( 85.09)	Acc@5 100.00 ( 99.82)
21-Jan-26 08:33:24 -  @Training * Acc@1 84.439 Acc@5 99.830 Loss 1.834
21-Jan-26 08:33:24 - One training epoch latency: 211.7s | Avg Power: 240.1W | Energy: 50808.9259J
21-Jan-26 08:33:37 -  @Testing * Acc@1 80.556 Acc@5 99.306 Loss 3.130
21-Jan-26 08:33:37 - Best acc at epoch 10: 81.59722137451172
21-Jan-26 08:33:37 - Last learning rate: [6.25e-05]
21-Jan-26 08:33:37 - 	 Epoch 11...
21-Jan-26 08:33:56 - Epoch: [11][  99/1176]	Time  0.178 ( 0.182)	Data  0.000 ( 0.002)	Loss 1.1921e-07 (1.2236e+00)	Acc@1 100.00 ( 82.00)	Acc@5 100.00 (100.00)
21-Jan-26 08:34:14 - Epoch: [11][ 199/1176]	Time  0.177 ( 0.181)	Data  0.000 ( 0.001)	Loss 0.0000e+00 (1.2951e+00)	Acc@1 100.00 ( 81.00)	Acc@5 100.00 (100.00)
21-Jan-26 08:34:32 - Epoch: [11][ 299/1176]	Time  0.180 ( 0.181)	Data  0.000 ( 0.001)	Loss 3.4571e-06 (1.3208e+00)	Acc@1 100.00 ( 81.33)	Acc@5 100.00 (100.00)
21-Jan-26 08:34:50 - Epoch: [11][ 399/1176]	Time  0.177 ( 0.180)	Data  0.000 ( 0.001)	Loss 3.7196e-03 (1.3599e+00)	Acc@1 100.00 ( 82.25)	Acc@5 100.00 (100.00)
21-Jan-26 08:35:08 - Epoch: [11][ 499/1176]	Time  0.180 ( 0.180)	Data  0.000 ( 0.001)	Loss 0.0000e+00 (1.2894e+00)	Acc@1 100.00 ( 84.40)	Acc@5 100.00 (100.00)
21-Jan-26 08:35:25 - Epoch: [11][ 599/1176]	Time  0.180 ( 0.180)	Data  0.000 ( 0.001)	Loss 0.0000e+00 (1.2385e+00)	Acc@1 100.00 ( 85.17)	Acc@5 100.00 (100.00)
21-Jan-26 08:35:43 - Epoch: [11][ 699/1176]	Time  0.180 ( 0.180)	Data  0.000 ( 0.000)	Loss 1.7218e-01 (1.3378e+00)	Acc@1 100.00 ( 85.00)	Acc@5 100.00 (100.00)
21-Jan-26 08:36:01 - Epoch: [11][ 799/1176]	Time  0.180 ( 0.180)	Data  0.000 ( 0.000)	Loss 0.0000e+00 (1.4070e+00)	Acc@1 100.00 ( 84.50)	Acc@5 100.00 (100.00)
21-Jan-26 08:36:19 - Epoch: [11][ 899/1176]	Time  0.180 ( 0.180)	Data  0.000 ( 0.000)	Loss 0.0000e+00 (1.4945e+00)	Acc@1 100.00 ( 84.44)	Acc@5 100.00 (100.00)
21-Jan-26 08:36:37 - Epoch: [11][ 999/1176]	Time  0.178 ( 0.180)	Data  0.000 ( 0.000)	Loss 0.0000e+00 (1.5292e+00)	Acc@1 100.00 ( 84.90)	Acc@5 100.00 (100.00)
21-Jan-26 08:36:55 - Epoch: [11][1099/1176]	Time  0.187 ( 0.180)	Data  0.000 ( 0.000)	Loss 0.0000e+00 (1.5407e+00)	Acc@1 100.00 ( 85.00)	Acc@5 100.00 (100.00)
21-Jan-26 08:37:09 -  @Training * Acc@1 85.119 Acc@5 100.000 Loss 1.539
21-Jan-26 08:37:09 - One training epoch latency: 211.4s | Avg Power: 240.9W | Energy: 50928.0147J
21-Jan-26 08:37:22 -  @Testing * Acc@1 82.292 Acc@5 99.306 Loss 3.106
21-Jan-26 08:37:22 - Best acc at epoch 11: 82.29166412353516
21-Jan-26 08:37:23 - Last learning rate: [6.25e-05]
21-Jan-26 08:37:23 - 	 Epoch 12...
21-Jan-26 08:37:41 - Epoch: [12][  99/1176]	Time  0.180 ( 0.182)	Data  0.000 ( 0.002)	Loss 0.0000e+00 (1.5713e+00)	Acc@1 100.00 ( 89.00)	Acc@5 100.00 (100.00)
21-Jan-26 08:37:59 - Epoch: [12][ 199/1176]	Time  0.181 ( 0.181)	Data  0.000 ( 0.001)	Loss 0.0000e+00 (1.2257e+00)	Acc@1 100.00 ( 90.50)	Acc@5 100.00 (100.00)
21-Jan-26 08:38:17 - Epoch: [12][ 299/1176]	Time  0.179 ( 0.180)	Data  0.000 ( 0.001)	Loss 0.0000e+00 (1.3065e+00)	Acc@1 100.00 ( 88.00)	Acc@5 100.00 (100.00)
21-Jan-26 08:38:35 - Epoch: [12][ 399/1176]	Time  0.177 ( 0.180)	Data  0.000 ( 0.001)	Loss 0.0000e+00 (1.4480e+00)	Acc@1 100.00 ( 86.50)	Acc@5 100.00 (100.00)
21-Jan-26 08:38:53 - Epoch: [12][ 499/1176]	Time  0.176 ( 0.180)	Data  0.000 ( 0.001)	Loss 0.0000e+00 (1.5845e+00)	Acc@1 100.00 ( 85.20)	Acc@5 100.00 ( 99.80)
21-Jan-26 08:39:11 - Epoch: [12][ 599/1176]	Time  0.177 ( 0.180)	Data  0.000 ( 0.001)	Loss 0.0000e+00 (1.5749e+00)	Acc@1 100.00 ( 85.33)	Acc@5 100.00 ( 99.83)
21-Jan-26 08:39:29 - Epoch: [12][ 699/1176]	Time  0.176 ( 0.180)	Data  0.000 ( 0.001)	Loss 0.0000e+00 (1.5222e+00)	Acc@1 100.00 ( 86.00)	Acc@5 100.00 ( 99.86)
21-Jan-26 08:39:46 - Epoch: [12][ 799/1176]	Time  0.177 ( 0.180)	Data  0.000 ( 0.000)	Loss 0.0000e+00 (1.4903e+00)	Acc@1 100.00 ( 86.12)	Acc@5 100.00 ( 99.88)
21-Jan-26 08:40:04 - Epoch: [12][ 899/1176]	Time  0.177 ( 0.180)	Data  0.000 ( 0.000)	Loss 0.0000e+00 (1.5389e+00)	Acc@1 100.00 ( 86.00)	Acc@5 100.00 ( 99.89)
21-Jan-26 08:40:22 - Epoch: [12][ 999/1176]	Time  0.174 ( 0.180)	Data  0.000 ( 0.000)	Loss 0.0000e+00 (1.5567e+00)	Acc@1 100.00 ( 86.40)	Acc@5 100.00 ( 99.90)
21-Jan-26 08:40:40 - Epoch: [12][1099/1176]	Time  0.178 ( 0.180)	Data  0.000 ( 0.000)	Loss 0.0000e+00 (1.5656e+00)	Acc@1 100.00 ( 86.18)	Acc@5 100.00 ( 99.91)
21-Jan-26 08:40:54 -  @Training * Acc@1 86.395 Acc@5 99.915 Loss 1.507
21-Jan-26 08:40:54 - One training epoch latency: 211.2s | Avg Power: 242.3W | Energy: 51174.8016J
21-Jan-26 08:41:07 -  @Testing * Acc@1 84.722 Acc@5 99.306 Loss 2.930
21-Jan-26 08:41:07 - Best acc at epoch 12: 84.72222137451172
21-Jan-26 08:41:08 - Last learning rate: [6.25e-05]
21-Jan-26 08:41:08 - 	 Epoch 13...
21-Jan-26 08:41:26 - Epoch: [13][  99/1176]	Time  0.180 ( 0.182)	Data  0.000 ( 0.002)	Loss 0.0000e+00 (1.1654e+00)	Acc@1 100.00 ( 90.00)	Acc@5 100.00 (100.00)
21-Jan-26 08:41:44 - Epoch: [13][ 199/1176]	Time  0.179 ( 0.181)	Data  0.000 ( 0.001)	Loss 4.2337e+00 (1.3267e+00)	Acc@1   0.00 ( 88.50)	Acc@5 100.00 (100.00)
21-Jan-26 08:42:02 - Epoch: [13][ 299/1176]	Time  0.177 ( 0.180)	Data  0.000 ( 0.001)	Loss 0.0000e+00 (1.0940e+00)	Acc@1 100.00 ( 89.33)	Acc@5 100.00 (100.00)
21-Jan-26 08:42:20 - Epoch: [13][ 399/1176]	Time  0.176 ( 0.180)	Data  0.000 ( 0.001)	Loss 0.0000e+00 (1.0001e+00)	Acc@1 100.00 ( 89.50)	Acc@5 100.00 (100.00)
21-Jan-26 08:42:37 - Epoch: [13][ 499/1176]	Time  0.174 ( 0.180)	Data  0.000 ( 0.001)	Loss 0.0000e+00 (1.1041e+00)	Acc@1 100.00 ( 89.00)	Acc@5 100.00 (100.00)
21-Jan-26 08:42:55 - Epoch: [13][ 599/1176]	Time  0.177 ( 0.180)	Data  0.000 ( 0.001)	Loss 0.0000e+00 (1.2819e+00)	Acc@1 100.00 ( 88.50)	Acc@5 100.00 (100.00)
21-Jan-26 08:43:13 - Epoch: [13][ 699/1176]	Time  0.174 ( 0.180)	Data  0.000 ( 0.001)	Loss 0.0000e+00 (1.3304e+00)	Acc@1 100.00 ( 88.57)	Acc@5 100.00 (100.00)
21-Jan-26 08:43:31 - Epoch: [13][ 799/1176]	Time  0.177 ( 0.180)	Data  0.000 ( 0.000)	Loss 0.0000e+00 (1.4139e+00)	Acc@1 100.00 ( 88.38)	Acc@5 100.00 (100.00)
21-Jan-26 08:43:49 - Epoch: [13][ 899/1176]	Time  0.180 ( 0.180)	Data  0.000 ( 0.000)	Loss 6.2385e+00 (1.4181e+00)	Acc@1   0.00 ( 88.00)	Acc@5 100.00 (100.00)
21-Jan-26 08:44:07 - Epoch: [13][ 999/1176]	Time  0.177 ( 0.179)	Data  0.000 ( 0.000)	Loss 0.0000e+00 (1.5096e+00)	Acc@1 100.00 ( 87.90)	Acc@5 100.00 (100.00)
21-Jan-26 08:44:25 - Epoch: [13][1099/1176]	Time  0.174 ( 0.179)	Data  0.000 ( 0.000)	Loss 0.0000e+00 (1.5339e+00)	Acc@1 100.00 ( 87.91)	Acc@5 100.00 (100.00)
21-Jan-26 08:44:39 -  @Training * Acc@1 88.095 Acc@5 100.000 Loss 1.486
21-Jan-26 08:44:39 - One training epoch latency: 211.0s | Avg Power: 241.2W | Energy: 50896.9958J
21-Jan-26 08:44:52 -  @Testing * Acc@1 82.986 Acc@5 99.306 Loss 3.448
21-Jan-26 08:44:52 - Best acc at epoch 13: 84.72222137451172
21-Jan-26 08:44:52 - Last learning rate: [6.25e-05]
21-Jan-26 08:44:52 - 	 Epoch 14...
21-Jan-26 08:45:11 - Epoch: [14][  99/1176]	Time  0.180 ( 0.182)	Data  0.000 ( 0.002)	Loss 0.0000e+00 (1.1526e+00)	Acc@1 100.00 ( 85.00)	Acc@5 100.00 (100.00)
21-Jan-26 08:45:29 - Epoch: [14][ 199/1176]	Time  0.177 ( 0.181)	Data  0.000 ( 0.001)	Loss 0.0000e+00 (9.8525e-01)	Acc@1 100.00 ( 86.50)	Acc@5 100.00 (100.00)
21-Jan-26 08:45:47 - Epoch: [14][ 299/1176]	Time  0.174 ( 0.181)	Data  0.000 ( 0.001)	Loss 0.0000e+00 (1.1859e+00)	Acc@1 100.00 ( 88.00)	Acc@5 100.00 (100.00)
21-Jan-26 08:46:05 - Epoch: [14][ 399/1176]	Time  0.176 ( 0.180)	Data  0.000 ( 0.001)	Loss 0.0000e+00 (1.1964e+00)	Acc@1 100.00 ( 88.75)	Acc@5 100.00 (100.00)
21-Jan-26 08:46:22 - Epoch: [14][ 499/1176]	Time  0.180 ( 0.180)	Data  0.000 ( 0.001)	Loss 4.5737e-01 (1.2929e+00)	Acc@1 100.00 ( 89.20)	Acc@5 100.00 (100.00)
21-Jan-26 08:46:40 - Epoch: [14][ 599/1176]	Time  0.177 ( 0.180)	Data  0.000 ( 0.001)	Loss 0.0000e+00 (1.2721e+00)	Acc@1 100.00 ( 89.67)	Acc@5 100.00 (100.00)
21-Jan-26 08:46:58 - Epoch: [14][ 699/1176]	Time  0.180 ( 0.180)	Data  0.000 ( 0.001)	Loss 0.0000e+00 (1.2944e+00)	Acc@1 100.00 ( 89.71)	Acc@5 100.00 (100.00)
21-Jan-26 08:47:16 - Epoch: [14][ 799/1176]	Time  0.177 ( 0.180)	Data  0.000 ( 0.000)	Loss 0.0000e+00 (1.3253e+00)	Acc@1 100.00 ( 89.38)	Acc@5 100.00 (100.00)
21-Jan-26 08:47:34 - Epoch: [14][ 899/1176]	Time  0.202 ( 0.180)	Data  0.011 ( 0.000)	Loss 0.0000e+00 (1.3997e+00)	Acc@1 100.00 ( 89.22)	Acc@5 100.00 (100.00)
21-Jan-26 08:47:52 - Epoch: [14][ 999/1176]	Time  0.185 ( 0.180)	Data  0.000 ( 0.000)	Loss 1.9291e+01 (1.3881e+00)	Acc@1   0.00 ( 89.00)	Acc@5 100.00 (100.00)
21-Jan-26 08:48:10 - Epoch: [14][1099/1176]	Time  0.180 ( 0.180)	Data  0.000 ( 0.000)	Loss 0.0000e+00 (1.3342e+00)	Acc@1 100.00 ( 89.27)	Acc@5 100.00 (100.00)
21-Jan-26 08:48:24 -  @Training * Acc@1 89.456 Acc@5 100.000 Loss 1.279
21-Jan-26 08:48:24 - One training epoch latency: 211.3s | Avg Power: 241.0W | Energy: 50939.0527J
21-Jan-26 08:48:37 -  @Testing * Acc@1 78.125 Acc@5 99.306 Loss 4.436
21-Jan-26 08:48:37 - Best acc at epoch 14: 84.72222137451172
21-Jan-26 08:48:37 - Last learning rate: [6.25e-05]
21-Jan-26 08:48:37 - 	 Epoch 15...
21-Jan-26 08:48:56 - Epoch: [15][  99/1176]	Time  0.177 ( 0.182)	Data  0.000 ( 0.002)	Loss 0.0000e+00 (1.1385e+00)	Acc@1 100.00 ( 89.00)	Acc@5 100.00 (100.00)
21-Jan-26 08:49:14 - Epoch: [15][ 199/1176]	Time  0.181 ( 0.181)	Data  0.000 ( 0.001)	Loss 0.0000e+00 (1.2106e+00)	Acc@1 100.00 ( 88.50)	Acc@5 100.00 (100.00)
21-Jan-26 08:49:32 - Epoch: [15][ 299/1176]	Time  0.174 ( 0.181)	Data  0.000 ( 0.001)	Loss 0.0000e+00 (1.1291e+00)	Acc@1 100.00 ( 89.67)	Acc@5 100.00 (100.00)
21-Jan-26 08:49:50 - Epoch: [15][ 399/1176]	Time  0.177 ( 0.180)	Data  0.000 ( 0.001)	Loss 0.0000e+00 (1.2103e+00)	Acc@1 100.00 ( 89.50)	Acc@5 100.00 (100.00)
21-Jan-26 08:50:07 - Epoch: [15][ 499/1176]	Time  0.180 ( 0.180)	Data  0.000 ( 0.001)	Loss 0.0000e+00 (1.1288e+00)	Acc@1 100.00 ( 90.00)	Acc@5 100.00 (100.00)
21-Jan-26 08:50:25 - Epoch: [15][ 599/1176]	Time  0.177 ( 0.180)	Data  0.000 ( 0.001)	Loss 0.0000e+00 (1.0224e+00)	Acc@1 100.00 ( 90.33)	Acc@5 100.00 (100.00)
21-Jan-26 08:50:43 - Epoch: [15][ 699/1176]	Time  0.177 ( 0.180)	Data  0.000 ( 0.001)	Loss 8.6213e+00 (9.9696e-01)	Acc@1   0.00 ( 90.57)	Acc@5 100.00 (100.00)
21-Jan-26 08:51:01 - Epoch: [15][ 799/1176]	Time  0.177 ( 0.180)	Data  0.000 ( 0.000)	Loss 0.0000e+00 (1.0516e+00)	Acc@1 100.00 ( 89.62)	Acc@5 100.00 (100.00)
21-Jan-26 08:51:19 - Epoch: [15][ 899/1176]	Time  0.197 ( 0.180)	Data  0.000 ( 0.000)	Loss 0.0000e+00 (1.1239e+00)	Acc@1 100.00 ( 89.67)	Acc@5 100.00 (100.00)
21-Jan-26 08:51:37 - Epoch: [15][ 999/1176]	Time  0.185 ( 0.180)	Data  0.000 ( 0.000)	Loss 1.3706e+01 (1.1169e+00)	Acc@1   0.00 ( 89.90)	Acc@5 100.00 (100.00)
21-Jan-26 08:51:55 - Epoch: [15][1099/1176]	Time  0.179 ( 0.180)	Data  0.000 ( 0.000)	Loss 0.0000e+00 (1.1417e+00)	Acc@1 100.00 ( 90.00)	Acc@5 100.00 (100.00)
21-Jan-26 08:52:09 -  @Training * Acc@1 90.221 Acc@5 100.000 Loss 1.134
21-Jan-26 08:52:09 - One training epoch latency: 211.2s | Avg Power: 242.6W | Energy: 51230.6592J
21-Jan-26 08:52:22 -  @Testing * Acc@1 78.125 Acc@5 99.306 Loss 5.858
21-Jan-26 08:52:22 - Best acc at epoch 15: 84.72222137451172
21-Jan-26 08:52:22 - Last learning rate: [6.25e-05]
21-Jan-26 08:52:22 - 	 Epoch 16...
21-Jan-26 08:52:41 - Epoch: [16][  99/1176]	Time  0.177 ( 0.183)	Data  0.000 ( 0.002)	Loss 0.0000e+00 (9.1981e-01)	Acc@1 100.00 ( 92.00)	Acc@5 100.00 (100.00)
21-Jan-26 08:52:59 - Epoch: [16][ 199/1176]	Time  0.181 ( 0.181)	Data  0.000 ( 0.001)	Loss 0.0000e+00 (7.7683e-01)	Acc@1 100.00 ( 92.00)	Acc@5 100.00 (100.00)
21-Jan-26 08:53:17 - Epoch: [16][ 299/1176]	Time  0.177 ( 0.181)	Data  0.000 ( 0.001)	Loss 0.0000e+00 (8.3203e-01)	Acc@1 100.00 ( 92.00)	Acc@5 100.00 (100.00)
21-Jan-26 08:53:35 - Epoch: [16][ 399/1176]	Time  0.181 ( 0.181)	Data  0.000 ( 0.001)	Loss 0.0000e+00 (6.9606e-01)	Acc@1 100.00 ( 92.50)	Acc@5 100.00 (100.00)
21-Jan-26 08:53:53 - Epoch: [16][ 499/1176]	Time  0.177 ( 0.181)	Data  0.000 ( 0.001)	Loss 0.0000e+00 (7.3466e-01)	Acc@1 100.00 ( 92.40)	Acc@5 100.00 (100.00)
21-Jan-26 08:54:11 - Epoch: [16][ 599/1176]	Time  0.177 ( 0.180)	Data  0.000 ( 0.001)	Loss 0.0000e+00 (7.6660e-01)	Acc@1 100.00 ( 92.00)	Acc@5 100.00 (100.00)
21-Jan-26 08:54:29 - Epoch: [16][ 699/1176]	Time  0.180 ( 0.180)	Data  0.000 ( 0.000)	Loss 0.0000e+00 (7.7572e-01)	Acc@1 100.00 ( 92.00)	Acc@5 100.00 (100.00)
21-Jan-26 08:54:46 - Epoch: [16][ 799/1176]	Time  0.177 ( 0.180)	Data  0.000 ( 0.000)	Loss 0.0000e+00 (7.8179e-01)	Acc@1 100.00 ( 91.88)	Acc@5 100.00 (100.00)
21-Jan-26 08:55:04 - Epoch: [16][ 899/1176]	Time  0.177 ( 0.180)	Data  0.000 ( 0.000)	Loss 0.0000e+00 (8.3487e-01)	Acc@1 100.00 ( 91.56)	Acc@5 100.00 (100.00)
21-Jan-26 08:55:22 - Epoch: [16][ 999/1176]	Time  0.177 ( 0.180)	Data  0.000 ( 0.000)	Loss 0.0000e+00 (8.6308e-01)	Acc@1 100.00 ( 91.50)	Acc@5 100.00 (100.00)
21-Jan-26 08:55:40 - Epoch: [16][1099/1176]	Time  0.174 ( 0.180)	Data  0.000 ( 0.000)	Loss 2.1396e+00 (8.9442e-01)	Acc@1   0.00 ( 91.09)	Acc@5 100.00 (100.00)
21-Jan-26 08:55:54 -  @Training * Acc@1 91.156 Acc@5 100.000 Loss 0.895
21-Jan-26 08:55:54 - One training epoch latency: 211.5s | Avg Power: 241.4W | Energy: 51039.3869J
21-Jan-26 08:56:08 -  @Testing * Acc@1 87.153 Acc@5 99.306 Loss 2.231
21-Jan-26 08:56:08 - Best acc at epoch 16: 87.15277862548828
21-Jan-26 08:56:08 - Last learning rate: [6.25e-05]
21-Jan-26 08:56:08 - 	 Epoch 17...
21-Jan-26 08:56:26 - Epoch: [17][  99/1176]	Time  0.179 ( 0.182)	Data  0.000 ( 0.002)	Loss 0.0000e+00 (3.9946e-01)	Acc@1 100.00 ( 95.00)	Acc@5 100.00 (100.00)
21-Jan-26 08:56:44 - Epoch: [17][ 199/1176]	Time  0.179 ( 0.181)	Data  0.000 ( 0.001)	Loss 3.4192e+00 (5.1773e-01)	Acc@1   0.00 ( 94.00)	Acc@5 100.00 (100.00)
21-Jan-26 08:57:02 - Epoch: [17][ 299/1176]	Time  0.174 ( 0.181)	Data  0.000 ( 0.001)	Loss 1.1921e-07 (6.0826e-01)	Acc@1 100.00 ( 94.67)	Acc@5 100.00 (100.00)
21-Jan-26 08:57:20 - Epoch: [17][ 399/1176]	Time  0.177 ( 0.180)	Data  0.000 ( 0.001)	Loss 0.0000e+00 (5.9485e-01)	Acc@1 100.00 ( 94.50)	Acc@5 100.00 (100.00)
21-Jan-26 08:57:38 - Epoch: [17][ 499/1176]	Time  0.177 ( 0.180)	Data  0.000 ( 0.001)	Loss 0.0000e+00 (7.0872e-01)	Acc@1 100.00 ( 94.20)	Acc@5 100.00 (100.00)
21-Jan-26 08:57:56 - Epoch: [17][ 599/1176]	Time  0.177 ( 0.180)	Data  0.000 ( 0.001)	Loss 0.0000e+00 (7.8774e-01)	Acc@1 100.00 ( 93.67)	Acc@5 100.00 (100.00)
21-Jan-26 08:58:14 - Epoch: [17][ 699/1176]	Time  0.176 ( 0.180)	Data  0.000 ( 0.001)	Loss 2.9289e+01 (7.8965e-01)	Acc@1   0.00 ( 93.43)	Acc@5 100.00 (100.00)
21-Jan-26 08:58:32 - Epoch: [17][ 799/1176]	Time  0.180 ( 0.180)	Data  0.000 ( 0.000)	Loss 0.0000e+00 (9.0887e-01)	Acc@1 100.00 ( 93.00)	Acc@5 100.00 (100.00)
21-Jan-26 08:58:49 - Epoch: [17][ 899/1176]	Time  0.176 ( 0.180)	Data  0.000 ( 0.000)	Loss 0.0000e+00 (8.3895e-01)	Acc@1 100.00 ( 93.11)	Acc@5 100.00 (100.00)
21-Jan-26 08:59:07 - Epoch: [17][ 999/1176]	Time  0.180 ( 0.180)	Data  0.000 ( 0.000)	Loss 1.0915e-02 (8.1739e-01)	Acc@1 100.00 ( 93.20)	Acc@5 100.00 (100.00)
21-Jan-26 08:59:25 - Epoch: [17][1099/1176]	Time  0.177 ( 0.180)	Data  0.000 ( 0.000)	Loss 0.0000e+00 (8.5592e-01)	Acc@1 100.00 ( 92.73)	Acc@5 100.00 (100.00)
21-Jan-26 08:59:39 -  @Training * Acc@1 92.602 Acc@5 100.000 Loss 0.844
21-Jan-26 08:59:39 - One training epoch latency: 211.3s | Avg Power: 240.8W | Energy: 50879.9568J
21-Jan-26 08:59:53 -  @Testing * Acc@1 84.722 Acc@5 98.958 Loss 2.886
21-Jan-26 08:59:53 - Best acc at epoch 17: 87.15277862548828
21-Jan-26 08:59:53 - Last learning rate: [6.25e-05]
21-Jan-26 08:59:53 - 	 Epoch 18...
21-Jan-26 09:00:11 - Epoch: [18][  99/1176]	Time  0.179 ( 0.182)	Data  0.000 ( 0.002)	Loss 0.0000e+00 (8.2184e-01)	Acc@1 100.00 ( 91.00)	Acc@5 100.00 (100.00)
21-Jan-26 09:00:29 - Epoch: [18][ 199/1176]	Time  0.177 ( 0.181)	Data  0.000 ( 0.001)	Loss 1.7944e-01 (5.5374e-01)	Acc@1 100.00 ( 94.00)	Acc@5 100.00 (100.00)
21-Jan-26 09:00:47 - Epoch: [18][ 299/1176]	Time  0.179 ( 0.180)	Data  0.000 ( 0.001)	Loss 0.0000e+00 (5.0691e-01)	Acc@1 100.00 ( 94.67)	Acc@5 100.00 (100.00)
21-Jan-26 09:01:05 - Epoch: [18][ 399/1176]	Time  0.180 ( 0.180)	Data  0.000 ( 0.001)	Loss 0.0000e+00 (5.0573e-01)	Acc@1 100.00 ( 94.75)	Acc@5 100.00 (100.00)
21-Jan-26 09:01:23 - Epoch: [18][ 499/1176]	Time  0.176 ( 0.180)	Data  0.000 ( 0.001)	Loss 0.0000e+00 (5.7304e-01)	Acc@1 100.00 ( 94.80)	Acc@5 100.00 (100.00)
21-Jan-26 09:01:41 - Epoch: [18][ 599/1176]	Time  0.176 ( 0.180)	Data  0.000 ( 0.001)	Loss 0.0000e+00 (6.3577e-01)	Acc@1 100.00 ( 94.50)	Acc@5 100.00 (100.00)
21-Jan-26 09:01:58 - Epoch: [18][ 699/1176]	Time  0.176 ( 0.180)	Data  0.000 ( 0.000)	Loss 0.0000e+00 (7.3168e-01)	Acc@1 100.00 ( 94.14)	Acc@5 100.00 (100.00)
21-Jan-26 09:02:16 - Epoch: [18][ 799/1176]	Time  0.176 ( 0.180)	Data  0.000 ( 0.000)	Loss 0.0000e+00 (6.6855e-01)	Acc@1 100.00 ( 94.38)	Acc@5 100.00 (100.00)
21-Jan-26 09:02:34 - Epoch: [18][ 899/1176]	Time  0.177 ( 0.180)	Data  0.000 ( 0.000)	Loss 0.0000e+00 (6.9718e-01)	Acc@1 100.00 ( 94.22)	Acc@5 100.00 (100.00)
21-Jan-26 09:02:52 - Epoch: [18][ 999/1176]	Time  0.177 ( 0.179)	Data  0.000 ( 0.000)	Loss 0.0000e+00 (9.2914e-01)	Acc@1 100.00 ( 93.50)	Acc@5 100.00 (100.00)
21-Jan-26 09:03:10 - Epoch: [18][1099/1176]	Time  0.180 ( 0.179)	Data  0.000 ( 0.000)	Loss 1.8976e+00 (8.9963e-01)	Acc@1   0.00 ( 93.36)	Acc@5 100.00 (100.00)
21-Jan-26 09:03:24 -  @Training * Acc@1 93.367 Acc@5 100.000 Loss 0.880
21-Jan-26 09:03:24 - One training epoch latency: 210.9s | Avg Power: 242.6W | Energy: 51178.0342J
21-Jan-26 09:03:37 -  @Testing * Acc@1 90.972 Acc@5 99.306 Loss 2.275
21-Jan-26 09:03:37 - Best acc at epoch 18: 90.97222137451172
21-Jan-26 09:03:37 - Last learning rate: [6.25e-05]
21-Jan-26 09:03:37 - 	 Epoch 19...
21-Jan-26 09:03:55 - Epoch: [19][  99/1176]	Time  0.180 ( 0.182)	Data  0.000 ( 0.002)	Loss 0.0000e+00 (2.9217e-01)	Acc@1 100.00 ( 96.00)	Acc@5 100.00 (100.00)
21-Jan-26 09:04:13 - Epoch: [19][ 199/1176]	Time  0.180 ( 0.181)	Data  0.000 ( 0.001)	Loss 0.0000e+00 (3.3905e-01)	Acc@1 100.00 ( 95.50)	Acc@5 100.00 (100.00)
21-Jan-26 09:04:31 - Epoch: [19][ 299/1176]	Time  0.177 ( 0.180)	Data  0.000 ( 0.001)	Loss 1.6996e-02 (6.5180e-01)	Acc@1 100.00 ( 94.33)	Acc@5 100.00 (100.00)
21-Jan-26 09:04:49 - Epoch: [19][ 399/1176]	Time  0.177 ( 0.180)	Data  0.000 ( 0.001)	Loss 0.0000e+00 (5.5019e-01)	Acc@1 100.00 ( 95.00)	Acc@5 100.00 (100.00)
21-Jan-26 09:05:07 - Epoch: [19][ 499/1176]	Time  0.177 ( 0.180)	Data  0.000 ( 0.001)	Loss 0.0000e+00 (6.1399e-01)	Acc@1 100.00 ( 95.60)	Acc@5 100.00 (100.00)
21-Jan-26 09:05:25 - Epoch: [19][ 599/1176]	Time  0.179 ( 0.180)	Data  0.000 ( 0.000)	Loss 0.0000e+00 (5.7663e-01)	Acc@1 100.00 ( 95.50)	Acc@5 100.00 (100.00)
21-Jan-26 09:05:43 - Epoch: [19][ 699/1176]	Time  0.178 ( 0.180)	Data  0.000 ( 0.000)	Loss 0.0000e+00 (6.5831e-01)	Acc@1 100.00 ( 95.29)	Acc@5 100.00 (100.00)
21-Jan-26 09:06:01 - Epoch: [19][ 799/1176]	Time  0.179 ( 0.180)	Data  0.000 ( 0.000)	Loss 1.1921e-07 (6.8080e-01)	Acc@1 100.00 ( 95.00)	Acc@5 100.00 (100.00)
21-Jan-26 09:06:19 - Epoch: [19][ 899/1176]	Time  0.180 ( 0.180)	Data  0.000 ( 0.000)	Loss 1.1740e+01 (6.9457e-01)	Acc@1   0.00 ( 94.67)	Acc@5 100.00 (100.00)
21-Jan-26 09:06:37 - Epoch: [19][ 999/1176]	Time  0.180 ( 0.180)	Data  0.000 ( 0.000)	Loss 0.0000e+00 (7.2166e-01)	Acc@1 100.00 ( 94.40)	Acc@5 100.00 (100.00)
21-Jan-26 09:06:55 - Epoch: [19][1099/1176]	Time  0.179 ( 0.180)	Data  0.000 ( 0.000)	Loss 0.0000e+00 (7.3546e-01)	Acc@1 100.00 ( 94.36)	Acc@5 100.00 (100.00)
21-Jan-26 09:07:08 -  @Training * Acc@1 94.388 Acc@5 100.000 Loss 0.785
21-Jan-26 09:07:09 - One training epoch latency: 211.2s | Avg Power: 242.2W | Energy: 51138.4461J
21-Jan-26 09:07:22 -  @Testing * Acc@1 84.722 Acc@5 99.306 Loss 4.523
21-Jan-26 09:07:22 - Best acc at epoch 19: 90.97222137451172
21-Jan-26 09:07:22 - Last learning rate: [6.25e-05]
21-Jan-26 09:07:22 - 	 Epoch 20...
21-Jan-26 09:07:40 - Epoch: [20][  99/1176]	Time  0.180 ( 0.182)	Data  0.000 ( 0.002)	Loss 8.1402e+00 (2.7529e-01)	Acc@1   0.00 ( 95.00)	Acc@5 100.00 (100.00)
21-Jan-26 09:07:58 - Epoch: [20][ 199/1176]	Time  0.179 ( 0.181)	Data  0.000 ( 0.001)	Loss 0.0000e+00 (4.5016e-01)	Acc@1 100.00 ( 95.00)	Acc@5 100.00 (100.00)
21-Jan-26 09:08:16 - Epoch: [20][ 299/1176]	Time  0.180 ( 0.181)	Data  0.000 ( 0.001)	Loss 0.0000e+00 (5.2074e-01)	Acc@1 100.00 ( 95.00)	Acc@5 100.00 (100.00)
21-Jan-26 09:08:34 - Epoch: [20][ 399/1176]	Time  0.177 ( 0.180)	Data  0.000 ( 0.001)	Loss 0.0000e+00 (4.7620e-01)	Acc@1 100.00 ( 95.50)	Acc@5 100.00 (100.00)
21-Jan-26 09:08:52 - Epoch: [20][ 499/1176]	Time  0.180 ( 0.180)	Data  0.000 ( 0.001)	Loss 0.0000e+00 (5.6436e-01)	Acc@1 100.00 ( 95.20)	Acc@5 100.00 (100.00)
21-Jan-26 09:09:10 - Epoch: [20][ 599/1176]	Time  0.203 ( 0.180)	Data  0.011 ( 0.001)	Loss 0.0000e+00 (7.0281e-01)	Acc@1 100.00 ( 95.00)	Acc@5 100.00 (100.00)
21-Jan-26 09:09:28 - Epoch: [20][ 699/1176]	Time  0.187 ( 0.180)	Data  0.000 ( 0.000)	Loss 0.0000e+00 (6.3750e-01)	Acc@1 100.00 ( 95.29)	Acc@5 100.00 (100.00)
21-Jan-26 09:09:46 - Epoch: [20][ 799/1176]	Time  0.182 ( 0.180)	Data  0.000 ( 0.000)	Loss 3.8010e+01 (7.1400e-01)	Acc@1   0.00 ( 94.75)	Acc@5 100.00 (100.00)
21-Jan-26 09:10:04 - Epoch: [20][ 899/1176]	Time  0.174 ( 0.180)	Data  0.000 ( 0.000)	Loss 0.0000e+00 (6.5074e-01)	Acc@1 100.00 ( 95.00)	Acc@5 100.00 (100.00)
21-Jan-26 09:10:22 - Epoch: [20][ 999/1176]	Time  0.177 ( 0.180)	Data  0.000 ( 0.000)	Loss 3.5763e-07 (6.7629e-01)	Acc@1 100.00 ( 94.90)	Acc@5 100.00 (100.00)
21-Jan-26 09:10:40 - Epoch: [20][1099/1176]	Time  0.177 ( 0.180)	Data  0.000 ( 0.000)	Loss 0.0000e+00 (6.6950e-01)	Acc@1 100.00 ( 95.00)	Acc@5 100.00 (100.00)
21-Jan-26 09:10:53 -  @Training * Acc@1 95.153 Acc@5 100.000 Loss 0.651
21-Jan-26 09:10:54 - One training epoch latency: 211.3s | Avg Power: 241.0W | Energy: 50931.6143J
21-Jan-26 09:11:07 -  @Testing * Acc@1 87.500 Acc@5 99.306 Loss 2.983
21-Jan-26 09:11:07 - Best acc at epoch 20: 90.97222137451172
21-Jan-26 09:11:07 - Last learning rate: [6.25e-05]
21-Jan-26 09:11:07 - 	 Epoch 21...
21-Jan-26 09:11:25 - Epoch: [21][  99/1176]	Time  0.180 ( 0.182)	Data  0.000 ( 0.002)	Loss 0.0000e+00 (3.5924e-01)	Acc@1 100.00 ( 94.00)	Acc@5 100.00 (100.00)
21-Jan-26 09:11:43 - Epoch: [21][ 199/1176]	Time  0.176 ( 0.181)	Data  0.000 ( 0.001)	Loss 0.0000e+00 (6.2197e-01)	Acc@1 100.00 ( 95.00)	Acc@5 100.00 (100.00)
21-Jan-26 09:12:01 - Epoch: [21][ 299/1176]	Time  0.180 ( 0.181)	Data  0.000 ( 0.001)	Loss 0.0000e+00 (6.0569e-01)	Acc@1 100.00 ( 94.33)	Acc@5 100.00 (100.00)
21-Jan-26 09:12:19 - Epoch: [21][ 399/1176]	Time  0.177 ( 0.180)	Data  0.000 ( 0.001)	Loss 0.0000e+00 (5.4394e-01)	Acc@1 100.00 ( 94.75)	Acc@5 100.00 (100.00)
21-Jan-26 09:12:37 - Epoch: [21][ 499/1176]	Time  0.177 ( 0.180)	Data  0.000 ( 0.001)	Loss 0.0000e+00 (5.2973e-01)	Acc@1 100.00 ( 95.40)	Acc@5 100.00 (100.00)
21-Jan-26 09:12:55 - Epoch: [21][ 599/1176]	Time  0.177 ( 0.180)	Data  0.000 ( 0.001)	Loss 0.0000e+00 (5.3288e-01)	Acc@1 100.00 ( 95.17)	Acc@5 100.00 (100.00)
21-Jan-26 09:13:13 - Epoch: [21][ 699/1176]	Time  0.177 ( 0.180)	Data  0.000 ( 0.000)	Loss 0.0000e+00 (6.1290e-01)	Acc@1 100.00 ( 95.14)	Acc@5 100.00 (100.00)
21-Jan-26 09:13:31 - Epoch: [21][ 799/1176]	Time  0.174 ( 0.180)	Data  0.000 ( 0.000)	Loss 1.6873e-02 (5.6130e-01)	Acc@1 100.00 ( 95.12)	Acc@5 100.00 (100.00)
21-Jan-26 09:13:49 - Epoch: [21][ 899/1176]	Time  0.185 ( 0.180)	Data  0.000 ( 0.000)	Loss 0.0000e+00 (5.3804e-01)	Acc@1 100.00 ( 95.56)	Acc@5 100.00 (100.00)
21-Jan-26 09:14:07 - Epoch: [21][ 999/1176]	Time  0.179 ( 0.180)	Data  0.000 ( 0.000)	Loss 0.0000e+00 (5.4189e-01)	Acc@1 100.00 ( 95.60)	Acc@5 100.00 (100.00)
21-Jan-26 09:14:25 - Epoch: [21][1099/1176]	Time  0.177 ( 0.180)	Data  0.000 ( 0.000)	Loss 0.0000e+00 (6.4319e-01)	Acc@1 100.00 ( 95.27)	Acc@5 100.00 (100.00)
21-Jan-26 09:14:39 -  @Training * Acc@1 95.408 Acc@5 100.000 Loss 0.639
21-Jan-26 09:14:39 - One training epoch latency: 211.3s | Avg Power: 242.3W | Energy: 51192.9578J
21-Jan-26 09:14:52 -  @Testing * Acc@1 90.278 Acc@5 99.306 Loss 2.454
21-Jan-26 09:14:52 - Best acc at epoch 21: 90.97222137451172
21-Jan-26 09:14:53 - Last learning rate: [6.25e-05]
21-Jan-26 09:14:53 - 	 Epoch 22...
21-Jan-26 09:15:11 - Epoch: [22][  99/1176]	Time  0.177 ( 0.182)	Data  0.000 ( 0.002)	Loss 0.0000e+00 (2.5525e-01)	Acc@1 100.00 ( 95.00)	Acc@5 100.00 (100.00)
21-Jan-26 09:15:29 - Epoch: [22][ 199/1176]	Time  0.177 ( 0.181)	Data  0.000 ( 0.001)	Loss 0.0000e+00 (5.8472e-01)	Acc@1 100.00 ( 94.50)	Acc@5 100.00 (100.00)
21-Jan-26 09:15:47 - Epoch: [22][ 299/1176]	Time  0.177 ( 0.181)	Data  0.000 ( 0.001)	Loss 0.0000e+00 (4.3154e-01)	Acc@1 100.00 ( 95.33)	Acc@5 100.00 (100.00)
21-Jan-26 09:16:05 - Epoch: [22][ 399/1176]	Time  0.177 ( 0.180)	Data  0.000 ( 0.001)	Loss 0.0000e+00 (3.7285e-01)	Acc@1 100.00 ( 96.00)	Acc@5 100.00 (100.00)
21-Jan-26 09:16:23 - Epoch: [22][ 499/1176]	Time  0.177 ( 0.180)	Data  0.000 ( 0.001)	Loss 0.0000e+00 (2.9858e-01)	Acc@1 100.00 ( 96.80)	Acc@5 100.00 (100.00)
21-Jan-26 09:16:41 - Epoch: [22][ 599/1176]	Time  0.174 ( 0.180)	Data  0.000 ( 0.001)	Loss 0.0000e+00 (2.6995e-01)	Acc@1 100.00 ( 97.00)	Acc@5 100.00 (100.00)
21-Jan-26 09:16:59 - Epoch: [22][ 699/1176]	Time  0.177 ( 0.180)	Data  0.000 ( 0.001)	Loss 0.0000e+00 (3.2033e-01)	Acc@1 100.00 ( 96.71)	Acc@5 100.00 (100.00)
21-Jan-26 09:17:16 - Epoch: [22][ 799/1176]	Time  0.177 ( 0.180)	Data  0.000 ( 0.000)	Loss 0.0000e+00 (3.9603e-01)	Acc@1 100.00 ( 96.50)	Acc@5 100.00 (100.00)
21-Jan-26 09:17:34 - Epoch: [22][ 899/1176]	Time  0.177 ( 0.180)	Data  0.000 ( 0.000)	Loss 0.0000e+00 (4.1887e-01)	Acc@1 100.00 ( 96.44)	Acc@5 100.00 (100.00)
21-Jan-26 09:17:52 - Epoch: [22][ 999/1176]	Time  0.177 ( 0.180)	Data  0.000 ( 0.000)	Loss 0.0000e+00 (4.8117e-01)	Acc@1 100.00 ( 96.00)	Acc@5 100.00 (100.00)
21-Jan-26 09:18:10 - Epoch: [22][1099/1176]	Time  0.177 ( 0.180)	Data  0.000 ( 0.000)	Loss 5.3247e+00 (4.7395e-01)	Acc@1   0.00 ( 95.91)	Acc@5 100.00 (100.00)
21-Jan-26 09:18:24 -  @Training * Acc@1 95.748 Acc@5 100.000 Loss 0.474
21-Jan-26 09:18:24 - One training epoch latency: 211.3s | Avg Power: 242.7W | Energy: 51280.1331J
21-Jan-26 09:18:38 -  @Testing * Acc@1 93.056 Acc@5 99.306 Loss 2.851
21-Jan-26 09:18:38 - Best acc at epoch 22: 93.05555725097656
21-Jan-26 09:18:38 - Last learning rate: [3.125e-05]
21-Jan-26 09:18:38 - 	 Epoch 23...
21-Jan-26 09:18:56 - Epoch: [23][  99/1176]	Time  0.180 ( 0.182)	Data  0.000 ( 0.002)	Loss 0.0000e+00 (1.1034e-01)	Acc@1 100.00 ( 99.00)	Acc@5 100.00 (100.00)
21-Jan-26 09:19:14 - Epoch: [23][ 199/1176]	Time  0.177 ( 0.181)	Data  0.000 ( 0.001)	Loss 0.0000e+00 (5.5418e-02)	Acc@1 100.00 ( 99.50)	Acc@5 100.00 (100.00)
21-Jan-26 09:19:32 - Epoch: [23][ 299/1176]	Time  0.177 ( 0.180)	Data  0.000 ( 0.001)	Loss 0.0000e+00 (7.6757e-02)	Acc@1 100.00 ( 99.00)	Acc@5 100.00 (100.00)
21-Jan-26 09:19:50 - Epoch: [23][ 399/1176]	Time  0.176 ( 0.180)	Data  0.000 ( 0.001)	Loss 0.0000e+00 (7.4991e-02)	Acc@1 100.00 ( 99.00)	Acc@5 100.00 (100.00)
21-Jan-26 09:20:08 - Epoch: [23][ 499/1176]	Time  0.177 ( 0.180)	Data  0.000 ( 0.001)	Loss 0.0000e+00 (1.5956e-01)	Acc@1 100.00 ( 98.60)	Acc@5 100.00 (100.00)
21-Jan-26 09:20:26 - Epoch: [23][ 599/1176]	Time  0.177 ( 0.180)	Data  0.000 ( 0.001)	Loss 0.0000e+00 (1.4135e-01)	Acc@1 100.00 ( 98.67)	Acc@5 100.00 (100.00)
21-Jan-26 09:20:43 - Epoch: [23][ 699/1176]	Time  0.179 ( 0.180)	Data  0.000 ( 0.000)	Loss 0.0000e+00 (1.2254e-01)	Acc@1 100.00 ( 98.86)	Acc@5 100.00 (100.00)
21-Jan-26 09:21:01 - Epoch: [23][ 799/1176]	Time  0.176 ( 0.180)	Data  0.000 ( 0.000)	Loss 0.0000e+00 (1.0722e-01)	Acc@1 100.00 ( 99.00)	Acc@5 100.00 (100.00)
21-Jan-26 09:21:19 - Epoch: [23][ 899/1176]	Time  0.177 ( 0.180)	Data  0.000 ( 0.000)	Loss 0.0000e+00 (9.8170e-02)	Acc@1 100.00 ( 99.00)	Acc@5 100.00 (100.00)
21-Jan-26 09:21:37 - Epoch: [23][ 999/1176]	Time  0.182 ( 0.180)	Data  0.000 ( 0.000)	Loss 0.0000e+00 (1.0205e-01)	Acc@1 100.00 ( 99.00)	Acc@5 100.00 (100.00)
21-Jan-26 09:21:55 - Epoch: [23][1099/1176]	Time  0.179 ( 0.180)	Data  0.000 ( 0.000)	Loss 0.0000e+00 (9.2784e-02)	Acc@1 100.00 ( 99.09)	Acc@5 100.00 (100.00)
21-Jan-26 09:22:09 -  @Training * Acc@1 99.150 Acc@5 100.000 Loss 0.087
21-Jan-26 09:22:09 - One training epoch latency: 211.1s | Avg Power: 241.8W | Energy: 51048.1021J
21-Jan-26 09:22:23 -  @Testing * Acc@1 93.750 Acc@5 99.306 Loss 2.544
21-Jan-26 09:22:23 - Best acc at epoch 23: 93.75
21-Jan-26 09:22:23 - Last learning rate: [3.125e-05]
21-Jan-26 09:22:23 - 	 Epoch 24...
21-Jan-26 09:22:41 - Epoch: [24][  99/1176]	Time  0.179 ( 0.182)	Data  0.000 ( 0.002)	Loss 0.0000e+00 (1.5012e-01)	Acc@1 100.00 ( 99.00)	Acc@5 100.00 (100.00)
21-Jan-26 09:22:59 - Epoch: [24][ 199/1176]	Time  0.180 ( 0.181)	Data  0.000 ( 0.001)	Loss 0.0000e+00 (7.5061e-02)	Acc@1 100.00 ( 99.50)	Acc@5 100.00 (100.00)
21-Jan-26 09:23:17 - Epoch: [24][ 299/1176]	Time  0.188 ( 0.181)	Data  0.000 ( 0.001)	Loss 0.0000e+00 (5.5773e-02)	Acc@1 100.00 ( 99.33)	Acc@5 100.00 (100.00)
21-Jan-26 09:23:35 - Epoch: [24][ 399/1176]	Time  0.177 ( 0.181)	Data  0.000 ( 0.001)	Loss 0.0000e+00 (8.7077e-02)	Acc@1 100.00 ( 99.25)	Acc@5 100.00 (100.00)
21-Jan-26 09:23:53 - Epoch: [24][ 499/1176]	Time  0.180 ( 0.181)	Data  0.000 ( 0.001)	Loss 0.0000e+00 (1.6266e-01)	Acc@1 100.00 ( 98.80)	Acc@5 100.00 (100.00)
21-Jan-26 09:24:11 - Epoch: [24][ 599/1176]	Time  0.177 ( 0.181)	Data  0.000 ( 0.001)	Loss 0.0000e+00 (1.7923e-01)	Acc@1 100.00 ( 98.50)	Acc@5 100.00 (100.00)
21-Jan-26 09:24:29 - Epoch: [24][ 699/1176]	Time  0.174 ( 0.180)	Data  0.000 ( 0.000)	Loss 0.0000e+00 (1.5495e-01)	Acc@1 100.00 ( 98.71)	Acc@5 100.00 (100.00)
21-Jan-26 09:24:47 - Epoch: [24][ 799/1176]	Time  0.180 ( 0.180)	Data  0.000 ( 0.000)	Loss 0.0000e+00 (1.8908e-01)	Acc@1 100.00 ( 98.62)	Acc@5 100.00 (100.00)
21-Jan-26 09:25:05 - Epoch: [24][ 899/1176]	Time  0.174 ( 0.180)	Data  0.000 ( 0.000)	Loss 0.0000e+00 (1.9047e-01)	Acc@1 100.00 ( 98.56)	Acc@5 100.00 (100.00)
21-Jan-26 09:25:23 - Epoch: [24][ 999/1176]	Time  0.177 ( 0.180)	Data  0.000 ( 0.000)	Loss 0.0000e+00 (1.7323e-01)	Acc@1 100.00 ( 98.60)	Acc@5 100.00 (100.00)
21-Jan-26 09:25:40 - Epoch: [24][1099/1176]	Time  0.177 ( 0.180)	Data  0.000 ( 0.000)	Loss 0.0000e+00 (1.7644e-01)	Acc@1 100.00 ( 98.64)	Acc@5 100.00 (100.00)
21-Jan-26 09:25:54 -  @Training * Acc@1 98.639 Acc@5 100.000 Loss 0.170
21-Jan-26 09:25:54 - One training epoch latency: 211.5s | Avg Power: 241.6W | Energy: 51103.8719J
21-Jan-26 09:26:08 -  @Testing * Acc@1 94.097 Acc@5 99.306 Loss 2.080
21-Jan-26 09:26:08 - Best acc at epoch 24: 94.09722137451172
21-Jan-26 09:26:08 - Last learning rate: [3.125e-05]
21-Jan-26 09:26:08 - 	 Epoch 25...
21-Jan-26 09:26:26 - Epoch: [25][  99/1176]	Time  0.194 ( 0.182)	Data  0.000 ( 0.002)	Loss 0.0000e+00 (4.7684e-09)	Acc@1 100.00 (100.00)	Acc@5 100.00 (100.00)
21-Jan-26 09:26:44 - Epoch: [25][ 199/1176]	Time  0.178 ( 0.181)	Data  0.000 ( 0.001)	Loss 0.0000e+00 (1.4305e-08)	Acc@1 100.00 (100.00)	Acc@5 100.00 (100.00)
21-Jan-26 09:27:02 - Epoch: [25][ 299/1176]	Time  0.178 ( 0.181)	Data  0.000 ( 0.001)	Loss 0.0000e+00 (5.8484e-02)	Acc@1 100.00 ( 99.67)	Acc@5 100.00 (100.00)
21-Jan-26 09:27:20 - Epoch: [25][ 399/1176]	Time  0.183 ( 0.180)	Data  0.000 ( 0.001)	Loss 0.0000e+00 (2.1143e-01)	Acc@1 100.00 ( 99.25)	Acc@5 100.00 (100.00)
21-Jan-26 09:27:38 - Epoch: [25][ 499/1176]	Time  0.181 ( 0.180)	Data  0.000 ( 0.001)	Loss 0.0000e+00 (1.6967e-01)	Acc@1 100.00 ( 99.40)	Acc@5 100.00 (100.00)
21-Jan-26 09:27:56 - Epoch: [25][ 599/1176]	Time  0.177 ( 0.180)	Data  0.000 ( 0.001)	Loss 0.0000e+00 (1.4139e-01)	Acc@1 100.00 ( 99.50)	Acc@5 100.00 (100.00)
21-Jan-26 09:28:14 - Epoch: [25][ 699/1176]	Time  0.177 ( 0.180)	Data  0.000 ( 0.000)	Loss 0.0000e+00 (1.2119e-01)	Acc@1 100.00 ( 99.57)	Acc@5 100.00 (100.00)
21-Jan-26 09:28:32 - Epoch: [25][ 799/1176]	Time  0.177 ( 0.180)	Data  0.000 ( 0.000)	Loss 0.0000e+00 (1.0612e-01)	Acc@1 100.00 ( 99.62)	Acc@5 100.00 (100.00)
21-Jan-26 09:28:50 - Epoch: [25][ 899/1176]	Time  0.180 ( 0.180)	Data  0.000 ( 0.000)	Loss 0.0000e+00 (1.6277e-01)	Acc@1 100.00 ( 99.33)	Acc@5 100.00 (100.00)
21-Jan-26 09:29:08 - Epoch: [25][ 999/1176]	Time  0.177 ( 0.180)	Data  0.000 ( 0.000)	Loss 0.0000e+00 (1.5729e-01)	Acc@1 100.00 ( 99.30)	Acc@5 100.00 (100.00)
21-Jan-26 09:29:25 - Epoch: [25][1099/1176]	Time  0.177 ( 0.180)	Data  0.000 ( 0.000)	Loss 0.0000e+00 (1.4563e-01)	Acc@1 100.00 ( 99.27)	Acc@5 100.00 (100.00)
21-Jan-26 09:29:39 -  @Training * Acc@1 99.320 Acc@5 100.000 Loss 0.136
21-Jan-26 09:29:39 - One training epoch latency: 211.2s | Avg Power: 243.1W | Energy: 51328.8319J
21-Jan-26 09:29:53 -  @Testing * Acc@1 94.792 Acc@5 99.306 Loss 1.987
21-Jan-26 09:29:53 - Best acc at epoch 25: 94.79166412353516
21-Jan-26 09:29:53 - Last learning rate: [3.125e-05]
21-Jan-26 09:29:53 - 	 Epoch 26...
21-Jan-26 09:30:11 - Epoch: [26][  99/1176]	Time  0.174 ( 0.183)	Data  0.000 ( 0.002)	Loss 0.0000e+00 (3.2287e-05)	Acc@1 100.00 (100.00)	Acc@5 100.00 (100.00)
21-Jan-26 09:30:29 - Epoch: [26][ 199/1176]	Time  0.177 ( 0.182)	Data  0.000 ( 0.001)	Loss 0.0000e+00 (1.0344e-01)	Acc@1 100.00 ( 99.50)	Acc@5 100.00 (100.00)
21-Jan-26 09:30:47 - Epoch: [26][ 299/1176]	Time  0.177 ( 0.181)	Data  0.000 ( 0.001)	Loss 0.0000e+00 (7.8333e-02)	Acc@1 100.00 ( 99.33)	Acc@5 100.00 (100.00)
21-Jan-26 09:31:05 - Epoch: [26][ 399/1176]	Time  0.180 ( 0.181)	Data  0.000 ( 0.001)	Loss 0.0000e+00 (8.9840e-02)	Acc@1 100.00 ( 99.25)	Acc@5 100.00 (100.00)
21-Jan-26 09:31:23 - Epoch: [26][ 499/1176]	Time  0.174 ( 0.181)	Data  0.000 ( 0.001)	Loss 0.0000e+00 (7.1872e-02)	Acc@1 100.00 ( 99.40)	Acc@5 100.00 (100.00)
21-Jan-26 09:31:41 - Epoch: [26][ 599/1176]	Time  0.177 ( 0.180)	Data  0.000 ( 0.001)	Loss 0.0000e+00 (5.9893e-02)	Acc@1 100.00 ( 99.50)	Acc@5 100.00 (100.00)
21-Jan-26 09:31:59 - Epoch: [26][ 699/1176]	Time  0.177 ( 0.180)	Data  0.000 ( 0.001)	Loss 0.0000e+00 (1.1495e-01)	Acc@1 100.00 ( 99.43)	Acc@5 100.00 (100.00)
21-Jan-26 09:32:17 - Epoch: [26][ 799/1176]	Time  0.186 ( 0.180)	Data  0.000 ( 0.001)	Loss 0.0000e+00 (1.1719e-01)	Acc@1 100.00 ( 99.38)	Acc@5 100.00 (100.00)
21-Jan-26 09:32:35 - Epoch: [26][ 899/1176]	Time  0.183 ( 0.180)	Data  0.000 ( 0.000)	Loss 0.0000e+00 (1.0417e-01)	Acc@1 100.00 ( 99.44)	Acc@5 100.00 (100.00)
21-Jan-26 09:32:53 - Epoch: [26][ 999/1176]	Time  0.177 ( 0.180)	Data  0.000 ( 0.000)	Loss 0.0000e+00 (9.3753e-02)	Acc@1 100.00 ( 99.50)	Acc@5 100.00 (100.00)
21-Jan-26 09:33:11 - Epoch: [26][1099/1176]	Time  0.176 ( 0.180)	Data  0.000 ( 0.000)	Loss 0.0000e+00 (1.2033e-01)	Acc@1 100.00 ( 99.45)	Acc@5 100.00 (100.00)
21-Jan-26 09:33:24 -  @Training * Acc@1 99.490 Acc@5 100.000 Loss 0.113
21-Jan-26 09:33:25 - One training epoch latency: 211.4s | Avg Power: 241.6W | Energy: 51080.5563J
21-Jan-26 09:33:38 -  @Testing * Acc@1 95.486 Acc@5 100.000 Loss 1.826
21-Jan-26 09:33:38 - Best acc at epoch 26: 95.48611450195312
21-Jan-26 09:33:38 - Last learning rate: [3.125e-05]
21-Jan-26 09:33:38 - 	 Epoch 27...
21-Jan-26 09:33:56 - Epoch: [27][  99/1176]	Time  0.174 ( 0.182)	Data  0.000 ( 0.002)	Loss 0.0000e+00 (0.0000e+00)	Acc@1 100.00 (100.00)	Acc@5 100.00 (100.00)
21-Jan-26 09:34:14 - Epoch: [27][ 199/1176]	Time  0.180 ( 0.181)	Data  0.000 ( 0.001)	Loss 0.0000e+00 (0.0000e+00)	Acc@1 100.00 (100.00)	Acc@5 100.00 (100.00)
21-Jan-26 09:34:32 - Epoch: [27][ 299/1176]	Time  0.177 ( 0.181)	Data  0.000 ( 0.001)	Loss 0.0000e+00 (2.3538e-02)	Acc@1 100.00 ( 99.33)	Acc@5 100.00 (100.00)
21-Jan-26 09:34:50 - Epoch: [27][ 399/1176]	Time  0.180 ( 0.180)	Data  0.000 ( 0.001)	Loss 0.0000e+00 (1.7655e-02)	Acc@1 100.00 ( 99.50)	Acc@5 100.00 (100.00)
21-Jan-26 09:35:08 - Epoch: [27][ 499/1176]	Time  0.177 ( 0.180)	Data  0.000 ( 0.001)	Loss 0.0000e+00 (2.0717e-02)	Acc@1 100.00 ( 99.40)	Acc@5 100.00 (100.00)
21-Jan-26 09:35:26 - Epoch: [27][ 599/1176]	Time  0.177 ( 0.180)	Data  0.000 ( 0.000)	Loss 0.0000e+00 (1.7264e-02)	Acc@1 100.00 ( 99.50)	Acc@5 100.00 (100.00)
21-Jan-26 09:35:44 - Epoch: [27][ 699/1176]	Time  0.177 ( 0.180)	Data  0.000 ( 0.000)	Loss 0.0000e+00 (3.7586e-02)	Acc@1 100.00 ( 99.43)	Acc@5 100.00 (100.00)
21-Jan-26 09:36:02 - Epoch: [27][ 799/1176]	Time  0.177 ( 0.180)	Data  0.000 ( 0.000)	Loss 0.0000e+00 (3.2888e-02)	Acc@1 100.00 ( 99.50)	Acc@5 100.00 (100.00)
21-Jan-26 09:36:20 - Epoch: [27][ 899/1176]	Time  0.177 ( 0.180)	Data  0.000 ( 0.000)	Loss 0.0000e+00 (3.5056e-02)	Acc@1 100.00 ( 99.44)	Acc@5 100.00 (100.00)
21-Jan-26 09:36:38 - Epoch: [27][ 999/1176]	Time  0.190 ( 0.180)	Data  0.000 ( 0.000)	Loss 0.0000e+00 (4.4819e-02)	Acc@1 100.00 ( 99.30)	Acc@5 100.00 (100.00)
21-Jan-26 09:36:56 - Epoch: [27][1099/1176]	Time  0.184 ( 0.180)	Data  0.000 ( 0.000)	Loss 0.0000e+00 (4.2621e-02)	Acc@1 100.00 ( 99.27)	Acc@5 100.00 (100.00)
21-Jan-26 09:37:10 -  @Training * Acc@1 99.320 Acc@5 100.000 Loss 0.040
21-Jan-26 09:37:10 - One training epoch latency: 211.4s | Avg Power: 241.4W | Energy: 51046.2528J
21-Jan-26 09:37:23 -  @Testing * Acc@1 95.833 Acc@5 99.653 Loss 1.758
21-Jan-26 09:37:23 - Best acc at epoch 27: 95.83333587646484
21-Jan-26 09:37:23 - Last learning rate: [3.125e-05]
21-Jan-26 09:37:23 - 	 Epoch 28...
21-Jan-26 09:37:42 - Epoch: [28][  99/1176]	Time  0.179 ( 0.183)	Data  0.000 ( 0.002)	Loss 0.0000e+00 (2.5550e-03)	Acc@1 100.00 (100.00)	Acc@5 100.00 (100.00)
21-Jan-26 09:38:00 - Epoch: [28][ 199/1176]	Time  0.180 ( 0.181)	Data  0.000 ( 0.001)	Loss 0.0000e+00 (1.2775e-03)	Acc@1 100.00 (100.00)	Acc@5 100.00 (100.00)
21-Jan-26 09:38:18 - Epoch: [28][ 299/1176]	Time  0.177 ( 0.181)	Data  0.000 ( 0.001)	Loss 0.0000e+00 (8.5168e-04)	Acc@1 100.00 (100.00)	Acc@5 100.00 (100.00)
21-Jan-26 09:38:36 - Epoch: [28][ 399/1176]	Time  0.180 ( 0.181)	Data  0.000 ( 0.001)	Loss 0.0000e+00 (7.8438e-04)	Acc@1 100.00 (100.00)	Acc@5 100.00 (100.00)
21-Jan-26 09:38:54 - Epoch: [28][ 499/1176]	Time  0.176 ( 0.180)	Data  0.000 ( 0.001)	Loss 0.0000e+00 (6.2751e-04)	Acc@1 100.00 (100.00)	Acc@5 100.00 (100.00)
21-Jan-26 09:39:11 - Epoch: [28][ 599/1176]	Time  0.177 ( 0.180)	Data  0.000 ( 0.000)	Loss 0.0000e+00 (5.2296e-04)	Acc@1 100.00 (100.00)	Acc@5 100.00 (100.00)
21-Jan-26 09:39:29 - Epoch: [28][ 699/1176]	Time  0.179 ( 0.180)	Data  0.000 ( 0.000)	Loss 0.0000e+00 (2.0776e-02)	Acc@1 100.00 ( 99.71)	Acc@5 100.00 (100.00)
21-Jan-26 09:39:47 - Epoch: [28][ 799/1176]	Time  0.177 ( 0.180)	Data  0.000 ( 0.000)	Loss 0.0000e+00 (1.8179e-02)	Acc@1 100.00 ( 99.75)	Acc@5 100.00 (100.00)
21-Jan-26 09:40:05 - Epoch: [28][ 899/1176]	Time  0.177 ( 0.180)	Data  0.000 ( 0.000)	Loss 0.0000e+00 (5.8672e-02)	Acc@1 100.00 ( 99.67)	Acc@5 100.00 (100.00)
21-Jan-26 09:40:23 - Epoch: [28][ 999/1176]	Time  0.194 ( 0.180)	Data  0.000 ( 0.000)	Loss 0.0000e+00 (5.2805e-02)	Acc@1 100.00 ( 99.70)	Acc@5 100.00 (100.00)
21-Jan-26 09:40:41 - Epoch: [28][1099/1176]	Time  0.183 ( 0.180)	Data  0.000 ( 0.000)	Loss 0.0000e+00 (4.8083e-02)	Acc@1 100.00 ( 99.73)	Acc@5 100.00 (100.00)
21-Jan-26 09:40:55 -  @Training * Acc@1 99.660 Acc@5 100.000 Loss 0.046
21-Jan-26 09:40:55 - One training epoch latency: 211.2s | Avg Power: 248.4W | Energy: 52465.7578J
21-Jan-26 09:41:08 -  @Testing * Acc@1 94.792 Acc@5 100.000 Loss 2.090
21-Jan-26 09:41:08 - Best acc at epoch 28: 95.83333587646484
21-Jan-26 09:41:08 - Last learning rate: [3.125e-05]
21-Jan-26 09:41:08 - 	 Epoch 29...
21-Jan-26 09:41:27 - Epoch: [29][  99/1176]	Time  0.180 ( 0.182)	Data  0.000 ( 0.002)	Loss 0.0000e+00 (0.0000e+00)	Acc@1 100.00 (100.00)	Acc@5 100.00 (100.00)
21-Jan-26 09:41:45 - Epoch: [29][ 199/1176]	Time  0.176 ( 0.181)	Data  0.000 ( 0.001)	Loss 0.0000e+00 (0.0000e+00)	Acc@1 100.00 (100.00)	Acc@5 100.00 (100.00)
21-Jan-26 09:42:03 - Epoch: [29][ 299/1176]	Time  0.177 ( 0.181)	Data  0.000 ( 0.001)	Loss 0.0000e+00 (0.0000e+00)	Acc@1 100.00 (100.00)	Acc@5 100.00 (100.00)
21-Jan-26 09:42:20 - Epoch: [29][ 399/1176]	Time  0.177 ( 0.180)	Data  0.000 ( 0.001)	Loss 0.0000e+00 (0.0000e+00)	Acc@1 100.00 (100.00)	Acc@5 100.00 (100.00)
21-Jan-26 09:42:38 - Epoch: [29][ 499/1176]	Time  0.174 ( 0.180)	Data  0.000 ( 0.001)	Loss 0.0000e+00 (4.0388e-03)	Acc@1 100.00 ( 99.80)	Acc@5 100.00 (100.00)
21-Jan-26 09:42:56 - Epoch: [29][ 599/1176]	Time  0.180 ( 0.180)	Data  0.000 ( 0.001)	Loss 0.0000e+00 (3.3657e-03)	Acc@1 100.00 ( 99.83)	Acc@5 100.00 (100.00)
21-Jan-26 09:43:14 - Epoch: [29][ 699/1176]	Time  0.198 ( 0.180)	Data  0.000 ( 0.000)	Loss 0.0000e+00 (2.8849e-03)	Acc@1 100.00 ( 99.86)	Acc@5 100.00 (100.00)
21-Jan-26 09:43:32 - Epoch: [29][ 799/1176]	Time  0.182 ( 0.180)	Data  0.000 ( 0.000)	Loss 0.0000e+00 (6.7510e-02)	Acc@1 100.00 ( 99.75)	Acc@5 100.00 (100.00)
21-Jan-26 09:43:50 - Epoch: [29][ 899/1176]	Time  0.174 ( 0.179)	Data  0.000 ( 0.000)	Loss 0.0000e+00 (6.9288e-02)	Acc@1 100.00 ( 99.67)	Acc@5 100.00 (100.00)
21-Jan-26 09:44:08 - Epoch: [29][ 999/1176]	Time  0.174 ( 0.179)	Data  0.000 ( 0.000)	Loss 0.0000e+00 (6.2359e-02)	Acc@1 100.00 ( 99.70)	Acc@5 100.00 (100.00)
21-Jan-26 09:44:26 - Epoch: [29][1099/1176]	Time  0.177 ( 0.179)	Data  0.000 ( 0.000)	Loss 0.0000e+00 (5.7979e-02)	Acc@1 100.00 ( 99.64)	Acc@5 100.00 (100.00)
21-Jan-26 09:44:39 -  @Training * Acc@1 99.405 Acc@5 100.000 Loss 0.069
21-Jan-26 09:44:39 - One training epoch latency: 210.9s | Avg Power: 245.8W | Energy: 51836.0761J
21-Jan-26 09:44:53 -  @Testing * Acc@1 93.056 Acc@5 100.000 Loss 2.892
21-Jan-26 09:44:53 - Best acc at epoch 29: 95.83333587646484
21-Jan-26 09:44:53 - Last learning rate: [3.125e-05]
21-Jan-26 09:44:53 - 	 Epoch 30...
21-Jan-26 09:45:11 - Epoch: [30][  99/1176]	Time  0.180 ( 0.182)	Data  0.000 ( 0.002)	Loss 0.0000e+00 (2.7191e-01)	Acc@1 100.00 ( 99.00)	Acc@5 100.00 (100.00)
21-Jan-26 09:45:29 - Epoch: [30][ 199/1176]	Time  0.180 ( 0.181)	Data  0.000 ( 0.001)	Loss 0.0000e+00 (1.3596e-01)	Acc@1 100.00 ( 99.50)	Acc@5 100.00 (100.00)
21-Jan-26 09:45:47 - Epoch: [30][ 299/1176]	Time  0.180 ( 0.181)	Data  0.000 ( 0.001)	Loss 0.0000e+00 (9.0638e-02)	Acc@1 100.00 ( 99.67)	Acc@5 100.00 (100.00)
21-Jan-26 09:46:05 - Epoch: [30][ 399/1176]	Time  0.180 ( 0.180)	Data  0.000 ( 0.001)	Loss 0.0000e+00 (7.1729e-02)	Acc@1 100.00 ( 99.50)	Acc@5 100.00 (100.00)
21-Jan-26 09:46:23 - Epoch: [30][ 499/1176]	Time  0.180 ( 0.180)	Data  0.000 ( 0.001)	Loss 0.0000e+00 (8.5955e-02)	Acc@1 100.00 ( 99.40)	Acc@5 100.00 (100.00)
21-Jan-26 09:46:41 - Epoch: [30][ 599/1176]	Time  0.174 ( 0.180)	Data  0.000 ( 0.000)	Loss 0.0000e+00 (7.1631e-02)	Acc@1 100.00 ( 99.50)	Acc@5 100.00 (100.00)
21-Jan-26 09:46:59 - Epoch: [30][ 699/1176]	Time  0.180 ( 0.180)	Data  0.000 ( 0.000)	Loss 0.0000e+00 (6.1398e-02)	Acc@1 100.00 ( 99.57)	Acc@5 100.00 (100.00)
21-Jan-26 09:47:17 - Epoch: [30][ 799/1176]	Time  0.177 ( 0.180)	Data  0.000 ( 0.000)	Loss 0.0000e+00 (5.3723e-02)	Acc@1 100.00 ( 99.62)	Acc@5 100.00 (100.00)
21-Jan-26 09:47:35 - Epoch: [30][ 899/1176]	Time  0.194 ( 0.180)	Data  0.000 ( 0.000)	Loss 0.0000e+00 (4.7754e-02)	Acc@1 100.00 ( 99.67)	Acc@5 100.00 (100.00)
21-Jan-26 09:47:53 - Epoch: [30][ 999/1176]	Time  0.181 ( 0.180)	Data  0.000 ( 0.000)	Loss 0.0000e+00 (4.2978e-02)	Acc@1 100.00 ( 99.70)	Acc@5 100.00 (100.00)
21-Jan-26 09:48:11 - Epoch: [30][1099/1176]	Time  0.177 ( 0.180)	Data  0.000 ( 0.000)	Loss 0.0000e+00 (3.9071e-02)	Acc@1 100.00 ( 99.73)	Acc@5 100.00 (100.00)
21-Jan-26 09:48:25 -  @Training * Acc@1 99.575 Acc@5 100.000 Loss 0.068
21-Jan-26 09:48:25 - One training epoch latency: 211.5s | Avg Power: 244.6W | Energy: 51721.8200J
21-Jan-26 09:48:38 -  @Testing * Acc@1 94.444 Acc@5 99.306 Loss 2.161
21-Jan-26 09:48:38 - Best acc at epoch 30: 95.83333587646484
21-Jan-26 09:48:38 - Last learning rate: [3.125e-05]
21-Jan-26 09:48:38 - 	 Epoch 31...
21-Jan-26 09:48:57 - Epoch: [31][  99/1176]	Time  0.177 ( 0.182)	Data  0.000 ( 0.002)	Loss 0.0000e+00 (3.5165e-03)	Acc@1 100.00 (100.00)	Acc@5 100.00 (100.00)
21-Jan-26 09:49:15 - Epoch: [31][ 199/1176]	Time  0.180 ( 0.182)	Data  0.000 ( 0.001)	Loss 0.0000e+00 (1.0617e-01)	Acc@1 100.00 ( 99.50)	Acc@5 100.00 (100.00)
21-Jan-26 09:49:33 - Epoch: [31][ 299/1176]	Time  0.180 ( 0.181)	Data  0.000 ( 0.001)	Loss 0.0000e+00 (1.6265e-01)	Acc@1 100.00 ( 99.00)	Acc@5 100.00 (100.00)
21-Jan-26 09:49:51 - Epoch: [31][ 399/1176]	Time  0.177 ( 0.181)	Data  0.000 ( 0.001)	Loss 0.0000e+00 (1.2199e-01)	Acc@1 100.00 ( 99.25)	Acc@5 100.00 (100.00)
21-Jan-26 09:50:09 - Epoch: [31][ 499/1176]	Time  0.180 ( 0.180)	Data  0.000 ( 0.001)	Loss 0.0000e+00 (9.7588e-02)	Acc@1 100.00 ( 99.40)	Acc@5 100.00 (100.00)
21-Jan-26 09:50:27 - Epoch: [31][ 599/1176]	Time  0.177 ( 0.180)	Data  0.000 ( 0.001)	Loss 0.0000e+00 (8.1323e-02)	Acc@1 100.00 ( 99.50)	Acc@5 100.00 (100.00)
21-Jan-26 09:50:45 - Epoch: [31][ 699/1176]	Time  0.177 ( 0.180)	Data  0.000 ( 0.000)	Loss 0.0000e+00 (6.9706e-02)	Acc@1 100.00 ( 99.57)	Acc@5 100.00 (100.00)
21-Jan-26 09:51:02 - Epoch: [31][ 799/1176]	Time  0.177 ( 0.180)	Data  0.000 ( 0.000)	Loss 0.0000e+00 (6.0993e-02)	Acc@1 100.00 ( 99.62)	Acc@5 100.00 (100.00)
21-Jan-26 09:51:20 - Epoch: [31][ 899/1176]	Time  0.176 ( 0.180)	Data  0.000 ( 0.000)	Loss 0.0000e+00 (5.4216e-02)	Acc@1 100.00 ( 99.67)	Acc@5 100.00 (100.00)
21-Jan-26 09:51:38 - Epoch: [31][ 999/1176]	Time  0.177 ( 0.180)	Data  0.000 ( 0.000)	Loss 0.0000e+00 (4.8794e-02)	Acc@1 100.00 ( 99.70)	Acc@5 100.00 (100.00)
21-Jan-26 09:51:56 - Epoch: [31][1099/1176]	Time  0.180 ( 0.180)	Data  0.000 ( 0.000)	Loss 0.0000e+00 (4.4358e-02)	Acc@1 100.00 ( 99.73)	Acc@5 100.00 (100.00)
21-Jan-26 09:52:10 -  @Training * Acc@1 99.745 Acc@5 100.000 Loss 0.041
21-Jan-26 09:52:10 - One training epoch latency: 211.7s | Avg Power: 242.9W | Energy: 51411.4285J
21-Jan-26 09:52:24 -  @Testing * Acc@1 95.139 Acc@5 99.653 Loss 2.229
21-Jan-26 09:52:24 - Best acc at epoch 31: 95.83333587646484
21-Jan-26 09:52:24 - Last learning rate: [3.125e-05]
21-Jan-26 09:52:24 - 	 Epoch 32...
21-Jan-26 09:52:42 - Epoch: [32][  99/1176]	Time  0.192 ( 0.182)	Data  0.000 ( 0.002)	Loss 0.0000e+00 (0.0000e+00)	Acc@1 100.00 (100.00)	Acc@5 100.00 (100.00)
21-Jan-26 09:53:00 - Epoch: [32][ 199/1176]	Time  0.198 ( 0.181)	Data  0.000 ( 0.001)	Loss 0.0000e+00 (0.0000e+00)	Acc@1 100.00 (100.00)	Acc@5 100.00 (100.00)
21-Jan-26 09:53:18 - Epoch: [32][ 299/1176]	Time  0.184 ( 0.181)	Data  0.000 ( 0.001)	Loss 0.0000e+00 (0.0000e+00)	Acc@1 100.00 (100.00)	Acc@5 100.00 (100.00)
21-Jan-26 09:53:36 - Epoch: [32][ 399/1176]	Time  0.185 ( 0.180)	Data  0.000 ( 0.001)	Loss 0.0000e+00 (0.0000e+00)	Acc@1 100.00 (100.00)	Acc@5 100.00 (100.00)
21-Jan-26 09:53:54 - Epoch: [32][ 499/1176]	Time  0.186 ( 0.180)	Data  0.000 ( 0.001)	Loss 0.0000e+00 (9.1004e-02)	Acc@1 100.00 ( 99.80)	Acc@5 100.00 (100.00)
21-Jan-26 09:54:12 - Epoch: [32][ 599/1176]	Time  0.181 ( 0.180)	Data  0.000 ( 0.001)	Loss 0.0000e+00 (1.1931e-01)	Acc@1 100.00 ( 99.67)	Acc@5 100.00 (100.00)
21-Jan-26 09:54:30 - Epoch: [32][ 699/1176]	Time  0.174 ( 0.180)	Data  0.000 ( 0.001)	Loss 0.0000e+00 (1.5961e-01)	Acc@1 100.00 ( 99.43)	Acc@5 100.00 (100.00)
21-Jan-26 09:54:48 - Epoch: [32][ 799/1176]	Time  0.177 ( 0.180)	Data  0.000 ( 0.001)	Loss 0.0000e+00 (1.3966e-01)	Acc@1 100.00 ( 99.50)	Acc@5 100.00 (100.00)
21-Jan-26 09:55:06 - Epoch: [32][ 899/1176]	Time  0.177 ( 0.180)	Data  0.000 ( 0.000)	Loss 0.0000e+00 (1.2414e-01)	Acc@1 100.00 ( 99.56)	Acc@5 100.00 (100.00)
21-Jan-26 09:55:24 - Epoch: [32][ 999/1176]	Time  0.177 ( 0.180)	Data  0.000 ( 0.000)	Loss 0.0000e+00 (1.1173e-01)	Acc@1 100.00 ( 99.60)	Acc@5 100.00 (100.00)
21-Jan-26 09:55:42 - Epoch: [32][1099/1176]	Time  0.173 ( 0.180)	Data  0.000 ( 0.000)	Loss 0.0000e+00 (1.0157e-01)	Acc@1 100.00 ( 99.64)	Acc@5 100.00 (100.00)
21-Jan-26 09:55:55 -  @Training * Acc@1 99.660 Acc@5 100.000 Loss 0.095
21-Jan-26 09:55:55 - One training epoch latency: 211.4s | Avg Power: 242.2W | Energy: 51205.6438J
21-Jan-26 09:56:09 -  @Testing * Acc@1 95.833 Acc@5 99.653 Loss 2.168
21-Jan-26 09:56:09 - Best acc at epoch 32: 95.83333587646484
21-Jan-26 09:56:09 - Last learning rate: [3.125e-05]
21-Jan-26 09:56:09 - 	 Epoch 33...
21-Jan-26 09:56:27 - Epoch: [33][  99/1176]	Time  0.180 ( 0.183)	Data  0.000 ( 0.002)	Loss 0.0000e+00 (0.0000e+00)	Acc@1 100.00 (100.00)	Acc@5 100.00 (100.00)
21-Jan-26 09:56:45 - Epoch: [33][ 199/1176]	Time  0.180 ( 0.181)	Data  0.000 ( 0.001)	Loss 0.0000e+00 (0.0000e+00)	Acc@1 100.00 (100.00)	Acc@5 100.00 (100.00)
21-Jan-26 09:57:03 - Epoch: [33][ 299/1176]	Time  0.177 ( 0.181)	Data  0.000 ( 0.001)	Loss 0.0000e+00 (0.0000e+00)	Acc@1 100.00 (100.00)	Acc@5 100.00 (100.00)
21-Jan-26 09:57:21 - Epoch: [33][ 399/1176]	Time  0.177 ( 0.181)	Data  0.000 ( 0.001)	Loss 0.0000e+00 (0.0000e+00)	Acc@1 100.00 (100.00)	Acc@5 100.00 (100.00)
21-Jan-26 09:57:39 - Epoch: [33][ 499/1176]	Time  0.177 ( 0.181)	Data  0.000 ( 0.001)	Loss 0.0000e+00 (0.0000e+00)	Acc@1 100.00 (100.00)	Acc@5 100.00 (100.00)
21-Jan-26 09:57:57 - Epoch: [33][ 599/1176]	Time  0.180 ( 0.180)	Data  0.000 ( 0.001)	Loss 0.0000e+00 (0.0000e+00)	Acc@1 100.00 (100.00)	Acc@5 100.00 (100.00)
21-Jan-26 09:58:15 - Epoch: [33][ 699/1176]	Time  0.177 ( 0.180)	Data  0.000 ( 0.000)	Loss 0.0000e+00 (0.0000e+00)	Acc@1 100.00 (100.00)	Acc@5 100.00 (100.00)
21-Jan-26 09:58:33 - Epoch: [33][ 799/1176]	Time  0.177 ( 0.180)	Data  0.000 ( 0.000)	Loss 0.0000e+00 (0.0000e+00)	Acc@1 100.00 (100.00)	Acc@5 100.00 (100.00)
21-Jan-26 09:58:51 - Epoch: [33][ 899/1176]	Time  0.177 ( 0.180)	Data  0.000 ( 0.000)	Loss 0.0000e+00 (0.0000e+00)	Acc@1 100.00 (100.00)	Acc@5 100.00 (100.00)
21-Jan-26 09:59:09 - Epoch: [33][ 999/1176]	Time  0.191 ( 0.180)	Data  0.000 ( 0.000)	Loss 0.0000e+00 (5.3711e-02)	Acc@1 100.00 ( 99.60)	Acc@5 100.00 (100.00)
21-Jan-26 09:59:27 - Epoch: [33][1099/1176]	Time  0.181 ( 0.180)	Data  0.000 ( 0.000)	Loss 0.0000e+00 (4.8828e-02)	Acc@1 100.00 ( 99.64)	Acc@5 100.00 (100.00)
21-Jan-26 09:59:41 -  @Training * Acc@1 99.660 Acc@5 100.000 Loss 0.046
21-Jan-26 09:59:41 - One training epoch latency: 211.6s | Avg Power: 241.5W | Energy: 51098.9666J
21-Jan-26 09:59:54 -  @Testing * Acc@1 94.792 Acc@5 99.306 Loss 2.596
21-Jan-26 09:59:54 - Best acc at epoch 33: 95.83333587646484
21-Jan-26 09:59:54 - Last learning rate: [1.5625e-05]
21-Jan-26 09:59:54 - 	 Epoch 34...
21-Jan-26 10:00:13 - Epoch: [34][  99/1176]	Time  0.179 ( 0.183)	Data  0.000 ( 0.002)	Loss 0.0000e+00 (2.3842e-09)	Acc@1 100.00 (100.00)	Acc@5 100.00 (100.00)
21-Jan-26 10:00:31 - Epoch: [34][ 199/1176]	Time  0.179 ( 0.182)	Data  0.000 ( 0.001)	Loss 0.0000e+00 (1.1921e-09)	Acc@1 100.00 (100.00)	Acc@5 100.00 (100.00)
21-Jan-26 10:00:49 - Epoch: [34][ 299/1176]	Time  0.178 ( 0.181)	Data  0.000 ( 0.001)	Loss 0.0000e+00 (7.9473e-10)	Acc@1 100.00 (100.00)	Acc@5 100.00 (100.00)
21-Jan-26 10:01:07 - Epoch: [34][ 399/1176]	Time  0.177 ( 0.181)	Data  0.000 ( 0.001)	Loss 0.0000e+00 (5.9605e-10)	Acc@1 100.00 (100.00)	Acc@5 100.00 (100.00)
21-Jan-26 10:01:25 - Epoch: [34][ 499/1176]	Time  0.176 ( 0.181)	Data  0.000 ( 0.001)	Loss 0.0000e+00 (4.7684e-10)	Acc@1 100.00 (100.00)	Acc@5 100.00 (100.00)
21-Jan-26 10:01:43 - Epoch: [34][ 599/1176]	Time  0.177 ( 0.181)	Data  0.000 ( 0.001)	Loss 0.0000e+00 (3.9736e-10)	Acc@1 100.00 (100.00)	Acc@5 100.00 (100.00)
21-Jan-26 10:02:01 - Epoch: [34][ 699/1176]	Time  0.176 ( 0.180)	Data  0.000 ( 0.000)	Loss 0.0000e+00 (3.4060e-10)	Acc@1 100.00 (100.00)	Acc@5 100.00 (100.00)
21-Jan-26 10:02:19 - Epoch: [34][ 799/1176]	Time  0.179 ( 0.180)	Data  0.000 ( 0.000)	Loss 0.0000e+00 (2.9802e-10)	Acc@1 100.00 (100.00)	Acc@5 100.00 (100.00)
21-Jan-26 10:02:37 - Epoch: [34][ 899/1176]	Time  0.179 ( 0.180)	Data  0.000 ( 0.000)	Loss 0.0000e+00 (2.6491e-10)	Acc@1 100.00 (100.00)	Acc@5 100.00 (100.00)
21-Jan-26 10:02:55 - Epoch: [34][ 999/1176]	Time  0.178 ( 0.180)	Data  0.000 ( 0.000)	Loss 0.0000e+00 (2.4318e-05)	Acc@1 100.00 (100.00)	Acc@5 100.00 (100.00)
21-Jan-26 10:03:12 - Epoch: [34][1099/1176]	Time  0.176 ( 0.180)	Data  0.000 ( 0.000)	Loss 0.0000e+00 (2.2107e-05)	Acc@1 100.00 (100.00)	Acc@5 100.00 (100.00)
21-Jan-26 10:03:26 -  @Training * Acc@1 100.000 Acc@5 100.000 Loss 0.000
21-Jan-26 10:03:26 - One training epoch latency: 211.7s | Avg Power: 242.0W | Energy: 51230.5181J
21-Jan-26 10:03:40 -  @Testing * Acc@1 96.181 Acc@5 99.306 Loss 2.015
21-Jan-26 10:03:40 - Best acc at epoch 34: 96.18055725097656
21-Jan-26 10:03:40 - Last learning rate: [1.5625e-05]
21-Jan-26 10:03:40 - 	 Epoch 35...
21-Jan-26 10:03:58 - Epoch: [35][  99/1176]	Time  0.180 ( 0.182)	Data  0.000 ( 0.002)	Loss 0.0000e+00 (0.0000e+00)	Acc@1 100.00 (100.00)	Acc@5 100.00 (100.00)
21-Jan-26 10:04:16 - Epoch: [35][ 199/1176]	Time  0.180 ( 0.181)	Data  0.000 ( 0.001)	Loss 0.0000e+00 (0.0000e+00)	Acc@1 100.00 (100.00)	Acc@5 100.00 (100.00)
21-Jan-26 10:04:34 - Epoch: [35][ 299/1176]	Time  0.180 ( 0.181)	Data  0.000 ( 0.001)	Loss 0.0000e+00 (0.0000e+00)	Acc@1 100.00 (100.00)	Acc@5 100.00 (100.00)
21-Jan-26 10:04:52 - Epoch: [35][ 399/1176]	Time  0.180 ( 0.180)	Data  0.000 ( 0.001)	Loss 0.0000e+00 (0.0000e+00)	Acc@1 100.00 (100.00)	Acc@5 100.00 (100.00)
21-Jan-26 10:05:10 - Epoch: [35][ 499/1176]	Time  0.175 ( 0.180)	Data  0.000 ( 0.001)	Loss 0.0000e+00 (0.0000e+00)	Acc@1 100.00 (100.00)	Acc@5 100.00 (100.00)
21-Jan-26 10:05:28 - Epoch: [35][ 599/1176]	Time  0.185 ( 0.180)	Data  0.000 ( 0.001)	Loss 0.0000e+00 (0.0000e+00)	Acc@1 100.00 (100.00)	Acc@5 100.00 (100.00)
21-Jan-26 10:05:46 - Epoch: [35][ 699/1176]	Time  0.182 ( 0.180)	Data  0.000 ( 0.001)	Loss 0.0000e+00 (0.0000e+00)	Acc@1 100.00 (100.00)	Acc@5 100.00 (100.00)
21-Jan-26 10:06:04 - Epoch: [35][ 799/1176]	Time  0.180 ( 0.180)	Data  0.000 ( 0.000)	Loss 0.0000e+00 (0.0000e+00)	Acc@1 100.00 (100.00)	Acc@5 100.00 (100.00)
21-Jan-26 10:06:22 - Epoch: [35][ 899/1176]	Time  0.177 ( 0.180)	Data  0.000 ( 0.000)	Loss 0.0000e+00 (0.0000e+00)	Acc@1 100.00 (100.00)	Acc@5 100.00 (100.00)
21-Jan-26 10:06:40 - Epoch: [35][ 999/1176]	Time  0.177 ( 0.180)	Data  0.000 ( 0.000)	Loss 0.0000e+00 (0.0000e+00)	Acc@1 100.00 (100.00)	Acc@5 100.00 (100.00)
21-Jan-26 10:06:58 - Epoch: [35][1099/1176]	Time  0.177 ( 0.180)	Data  0.000 ( 0.000)	Loss 0.0000e+00 (0.0000e+00)	Acc@1 100.00 (100.00)	Acc@5 100.00 (100.00)
21-Jan-26 10:07:11 -  @Training * Acc@1 100.000 Acc@5 100.000 Loss 0.000
21-Jan-26 10:07:11 - One training epoch latency: 211.2s | Avg Power: 243.1W | Energy: 51350.6705J
21-Jan-26 10:07:25 -  @Testing * Acc@1 96.528 Acc@5 99.653 Loss 2.011
21-Jan-26 10:07:25 - Best acc at epoch 35: 96.52777862548828
21-Jan-26 10:07:25 - Last learning rate: [1.5625e-05]
21-Jan-26 10:07:25 - 	 Epoch 36...
21-Jan-26 10:07:43 - Epoch: [36][  99/1176]	Time  0.180 ( 0.182)	Data  0.000 ( 0.002)	Loss 0.0000e+00 (0.0000e+00)	Acc@1 100.00 (100.00)	Acc@5 100.00 (100.00)
21-Jan-26 10:08:01 - Epoch: [36][ 199/1176]	Time  0.177 ( 0.181)	Data  0.000 ( 0.001)	Loss 0.0000e+00 (0.0000e+00)	Acc@1 100.00 (100.00)	Acc@5 100.00 (100.00)
21-Jan-26 10:08:19 - Epoch: [36][ 299/1176]	Time  0.180 ( 0.181)	Data  0.000 ( 0.001)	Loss 0.0000e+00 (0.0000e+00)	Acc@1 100.00 (100.00)	Acc@5 100.00 (100.00)
21-Jan-26 10:08:37 - Epoch: [36][ 399/1176]	Time  0.177 ( 0.181)	Data  0.000 ( 0.001)	Loss 0.0000e+00 (0.0000e+00)	Acc@1 100.00 (100.00)	Acc@5 100.00 (100.00)
21-Jan-26 10:08:55 - Epoch: [36][ 499/1176]	Time  0.177 ( 0.180)	Data  0.000 ( 0.001)	Loss 0.0000e+00 (0.0000e+00)	Acc@1 100.00 (100.00)	Acc@5 100.00 (100.00)
21-Jan-26 10:09:13 - Epoch: [36][ 599/1176]	Time  0.174 ( 0.180)	Data  0.000 ( 0.001)	Loss 0.0000e+00 (0.0000e+00)	Acc@1 100.00 (100.00)	Acc@5 100.00 (100.00)
21-Jan-26 10:09:31 - Epoch: [36][ 699/1176]	Time  0.177 ( 0.180)	Data  0.000 ( 0.000)	Loss 0.0000e+00 (0.0000e+00)	Acc@1 100.00 (100.00)	Acc@5 100.00 (100.00)
21-Jan-26 10:09:49 - Epoch: [36][ 799/1176]	Time  0.180 ( 0.180)	Data  0.000 ( 0.000)	Loss 0.0000e+00 (0.0000e+00)	Acc@1 100.00 (100.00)	Acc@5 100.00 (100.00)
21-Jan-26 10:10:07 - Epoch: [36][ 899/1176]	Time  0.177 ( 0.180)	Data  0.000 ( 0.000)	Loss 0.0000e+00 (0.0000e+00)	Acc@1 100.00 (100.00)	Acc@5 100.00 (100.00)
21-Jan-26 10:10:25 - Epoch: [36][ 999/1176]	Time  0.177 ( 0.180)	Data  0.000 ( 0.000)	Loss 0.0000e+00 (0.0000e+00)	Acc@1 100.00 (100.00)	Acc@5 100.00 (100.00)
21-Jan-26 10:10:43 - Epoch: [36][1099/1176]	Time  0.174 ( 0.180)	Data  0.000 ( 0.000)	Loss 0.0000e+00 (0.0000e+00)	Acc@1 100.00 (100.00)	Acc@5 100.00 (100.00)
21-Jan-26 10:10:57 -  @Training * Acc@1 100.000 Acc@5 100.000 Loss 0.000
21-Jan-26 10:10:57 - One training epoch latency: 211.8s | Avg Power: 241.1W | Energy: 51054.3089J
21-Jan-26 10:11:11 -  @Testing * Acc@1 95.139 Acc@5 99.306 Loss 2.508
21-Jan-26 10:11:11 - Best acc at epoch 36: 96.52777862548828
21-Jan-26 10:11:11 - Last learning rate: [1.5625e-05]
21-Jan-26 10:11:11 - 	 Epoch 37...
21-Jan-26 10:11:29 - Epoch: [37][  99/1176]	Time  0.205 ( 0.183)	Data  0.011 ( 0.002)	Loss 0.0000e+00 (0.0000e+00)	Acc@1 100.00 (100.00)	Acc@5 100.00 (100.00)
21-Jan-26 10:11:47 - Epoch: [37][ 199/1176]	Time  0.177 ( 0.182)	Data  0.000 ( 0.001)	Loss 0.0000e+00 (0.0000e+00)	Acc@1 100.00 (100.00)	Acc@5 100.00 (100.00)
21-Jan-26 10:12:05 - Epoch: [37][ 299/1176]	Time  0.180 ( 0.181)	Data  0.000 ( 0.001)	Loss 0.0000e+00 (0.0000e+00)	Acc@1 100.00 (100.00)	Acc@5 100.00 (100.00)
21-Jan-26 10:12:23 - Epoch: [37][ 399/1176]	Time  0.194 ( 0.181)	Data  0.000 ( 0.001)	Loss 0.0000e+00 (0.0000e+00)	Acc@1 100.00 (100.00)	Acc@5 100.00 (100.00)
21-Jan-26 10:12:41 - Epoch: [37][ 499/1176]	Time  0.188 ( 0.180)	Data  0.000 ( 0.001)	Loss 0.0000e+00 (0.0000e+00)	Acc@1 100.00 (100.00)	Acc@5 100.00 (100.00)
21-Jan-26 10:12:59 - Epoch: [37][ 599/1176]	Time  0.182 ( 0.180)	Data  0.000 ( 0.001)	Loss 0.0000e+00 (0.0000e+00)	Acc@1 100.00 (100.00)	Acc@5 100.00 (100.00)
21-Jan-26 10:13:17 - Epoch: [37][ 699/1176]	Time  0.180 ( 0.180)	Data  0.000 ( 0.000)	Loss 0.0000e+00 (0.0000e+00)	Acc@1 100.00 (100.00)	Acc@5 100.00 (100.00)
21-Jan-26 10:13:35 - Epoch: [37][ 799/1176]	Time  0.175 ( 0.180)	Data  0.000 ( 0.000)	Loss 0.0000e+00 (0.0000e+00)	Acc@1 100.00 (100.00)	Acc@5 100.00 (100.00)
21-Jan-26 10:13:53 - Epoch: [37][ 899/1176]	Time  0.180 ( 0.180)	Data  0.000 ( 0.000)	Loss 0.0000e+00 (0.0000e+00)	Acc@1 100.00 (100.00)	Acc@5 100.00 (100.00)
21-Jan-26 10:14:11 - Epoch: [37][ 999/1176]	Time  0.179 ( 0.180)	Data  0.000 ( 0.000)	Loss 0.0000e+00 (0.0000e+00)	Acc@1 100.00 (100.00)	Acc@5 100.00 (100.00)
21-Jan-26 10:14:29 - Epoch: [37][1099/1176]	Time  0.178 ( 0.180)	Data  0.000 ( 0.000)	Loss 0.0000e+00 (0.0000e+00)	Acc@1 100.00 (100.00)	Acc@5 100.00 (100.00)
21-Jan-26 10:14:42 -  @Training * Acc@1 100.000 Acc@5 100.000 Loss 0.000
21-Jan-26 10:14:43 - One training epoch latency: 211.6s | Avg Power: 241.9W | Energy: 51179.2819J
21-Jan-26 10:14:56 -  @Testing * Acc@1 95.139 Acc@5 99.306 Loss 2.125
21-Jan-26 10:14:56 - Best acc at epoch 37: 96.52777862548828
21-Jan-26 10:14:56 - Last learning rate: [1.5625e-05]
21-Jan-26 10:14:56 - 	 Epoch 38...
21-Jan-26 10:15:14 - Epoch: [38][  99/1176]	Time  0.177 ( 0.182)	Data  0.000 ( 0.002)	Loss 0.0000e+00 (0.0000e+00)	Acc@1 100.00 (100.00)	Acc@5 100.00 (100.00)
21-Jan-26 10:15:32 - Epoch: [38][ 199/1176]	Time  0.174 ( 0.181)	Data  0.000 ( 0.001)	Loss 0.0000e+00 (0.0000e+00)	Acc@1 100.00 (100.00)	Acc@5 100.00 (100.00)
21-Jan-26 10:15:50 - Epoch: [38][ 299/1176]	Time  0.180 ( 0.180)	Data  0.000 ( 0.001)	Loss 0.0000e+00 (0.0000e+00)	Acc@1 100.00 (100.00)	Acc@5 100.00 (100.00)
21-Jan-26 10:16:08 - Epoch: [38][ 399/1176]	Time  0.179 ( 0.180)	Data  0.000 ( 0.001)	Loss 0.0000e+00 (0.0000e+00)	Acc@1 100.00 (100.00)	Acc@5 100.00 (100.00)
21-Jan-26 10:16:26 - Epoch: [38][ 499/1176]	Time  0.196 ( 0.180)	Data  0.000 ( 0.001)	Loss 0.0000e+00 (0.0000e+00)	Acc@1 100.00 (100.00)	Acc@5 100.00 (100.00)
21-Jan-26 10:16:44 - Epoch: [38][ 599/1176]	Time  0.185 ( 0.180)	Data  0.000 ( 0.000)	Loss 0.0000e+00 (0.0000e+00)	Acc@1 100.00 (100.00)	Acc@5 100.00 (100.00)
21-Jan-26 10:17:02 - Epoch: [38][ 699/1176]	Time  0.177 ( 0.180)	Data  0.000 ( 0.000)	Loss 0.0000e+00 (0.0000e+00)	Acc@1 100.00 (100.00)	Acc@5 100.00 (100.00)
21-Jan-26 10:17:20 - Epoch: [38][ 799/1176]	Time  0.177 ( 0.180)	Data  0.000 ( 0.000)	Loss 0.0000e+00 (0.0000e+00)	Acc@1 100.00 (100.00)	Acc@5 100.00 (100.00)
21-Jan-26 10:17:38 - Epoch: [38][ 899/1176]	Time  0.174 ( 0.180)	Data  0.000 ( 0.000)	Loss 0.0000e+00 (0.0000e+00)	Acc@1 100.00 (100.00)	Acc@5 100.00 (100.00)
21-Jan-26 10:17:56 - Epoch: [38][ 999/1176]	Time  0.177 ( 0.180)	Data  0.000 ( 0.000)	Loss 0.0000e+00 (0.0000e+00)	Acc@1 100.00 (100.00)	Acc@5 100.00 (100.00)
21-Jan-26 10:18:14 - Epoch: [38][1099/1176]	Time  0.177 ( 0.180)	Data  0.000 ( 0.000)	Loss 0.0000e+00 (0.0000e+00)	Acc@1 100.00 (100.00)	Acc@5 100.00 (100.00)
21-Jan-26 10:18:27 -  @Training * Acc@1 100.000 Acc@5 100.000 Loss 0.000
21-Jan-26 10:18:27 - One training epoch latency: 211.2s | Avg Power: 243.4W | Energy: 51393.1973J
21-Jan-26 10:18:41 -  @Testing * Acc@1 95.486 Acc@5 99.653 Loss 2.345
21-Jan-26 10:18:41 - Best acc at epoch 38: 96.52777862548828
21-Jan-26 10:18:41 - Last learning rate: [1.5625e-05]
21-Jan-26 10:18:41 - 	 Epoch 39...
21-Jan-26 10:18:59 - Epoch: [39][  99/1176]	Time  0.177 ( 0.182)	Data  0.000 ( 0.002)	Loss 0.0000e+00 (0.0000e+00)	Acc@1 100.00 (100.00)	Acc@5 100.00 (100.00)
21-Jan-26 10:19:17 - Epoch: [39][ 199/1176]	Time  0.180 ( 0.181)	Data  0.000 ( 0.001)	Loss 0.0000e+00 (0.0000e+00)	Acc@1 100.00 (100.00)	Acc@5 100.00 (100.00)
21-Jan-26 10:19:35 - Epoch: [39][ 299/1176]	Time  0.180 ( 0.181)	Data  0.000 ( 0.001)	Loss 0.0000e+00 (0.0000e+00)	Acc@1 100.00 (100.00)	Acc@5 100.00 (100.00)
21-Jan-26 10:19:53 - Epoch: [39][ 399/1176]	Time  0.174 ( 0.180)	Data  0.000 ( 0.001)	Loss 0.0000e+00 (0.0000e+00)	Acc@1 100.00 (100.00)	Acc@5 100.00 (100.00)
21-Jan-26 10:20:11 - Epoch: [39][ 499/1176]	Time  0.180 ( 0.180)	Data  0.000 ( 0.001)	Loss 0.0000e+00 (0.0000e+00)	Acc@1 100.00 (100.00)	Acc@5 100.00 (100.00)
21-Jan-26 10:20:29 - Epoch: [39][ 599/1176]	Time  0.195 ( 0.180)	Data  0.000 ( 0.001)	Loss 0.0000e+00 (0.0000e+00)	Acc@1 100.00 (100.00)	Acc@5 100.00 (100.00)
21-Jan-26 10:20:47 - Epoch: [39][ 699/1176]	Time  0.185 ( 0.180)	Data  0.000 ( 0.000)	Loss 0.0000e+00 (0.0000e+00)	Acc@1 100.00 (100.00)	Acc@5 100.00 (100.00)
21-Jan-26 10:21:05 - Epoch: [39][ 799/1176]	Time  0.180 ( 0.180)	Data  0.000 ( 0.000)	Loss 0.0000e+00 (6.6238e-06)	Acc@1 100.00 (100.00)	Acc@5 100.00 (100.00)
21-Jan-26 10:21:23 - Epoch: [39][ 899/1176]	Time  0.177 ( 0.180)	Data  0.000 ( 0.000)	Loss 0.0000e+00 (5.9009e-06)	Acc@1 100.00 (100.00)	Acc@5 100.00 (100.00)
21-Jan-26 10:21:41 - Epoch: [39][ 999/1176]	Time  0.177 ( 0.180)	Data  0.000 ( 0.000)	Loss 0.0000e+00 (5.3652e-06)	Acc@1 100.00 (100.00)	Acc@5 100.00 (100.00)
21-Jan-26 10:21:59 - Epoch: [39][1099/1176]	Time  0.180 ( 0.180)	Data  0.000 ( 0.000)	Loss 0.0000e+00 (4.8774e-06)	Acc@1 100.00 (100.00)	Acc@5 100.00 (100.00)
21-Jan-26 10:22:12 -  @Training * Acc@1 100.000 Acc@5 100.000 Loss 0.000
21-Jan-26 10:22:12 - One training epoch latency: 211.3s | Avg Power: 242.1W | Energy: 51155.5659J
21-Jan-26 10:22:26 -  @Testing * Acc@1 94.792 Acc@5 99.653 Loss 2.531
21-Jan-26 10:22:26 - Best acc at epoch 39: 96.52777862548828
21-Jan-26 10:22:26 - Last learning rate: [7.8125e-06]
21-Jan-26 10:22:26 - 	 Epoch 40...
21-Jan-26 10:22:44 - Epoch: [40][  99/1176]	Time  0.180 ( 0.182)	Data  0.000 ( 0.002)	Loss 0.0000e+00 (0.0000e+00)	Acc@1 100.00 (100.00)	Acc@5 100.00 (100.00)
21-Jan-26 10:23:02 - Epoch: [40][ 199/1176]	Time  0.178 ( 0.181)	Data  0.000 ( 0.001)	Loss 0.0000e+00 (0.0000e+00)	Acc@1 100.00 (100.00)	Acc@5 100.00 (100.00)
21-Jan-26 10:23:20 - Epoch: [40][ 299/1176]	Time  0.180 ( 0.181)	Data  0.000 ( 0.001)	Loss 0.0000e+00 (0.0000e+00)	Acc@1 100.00 (100.00)	Acc@5 100.00 (100.00)
21-Jan-26 10:23:38 - Epoch: [40][ 399/1176]	Time  0.178 ( 0.181)	Data  0.000 ( 0.001)	Loss 0.0000e+00 (0.0000e+00)	Acc@1 100.00 (100.00)	Acc@5 100.00 (100.00)
21-Jan-26 10:23:56 - Epoch: [40][ 499/1176]	Time  0.177 ( 0.180)	Data  0.000 ( 0.001)	Loss 0.0000e+00 (0.0000e+00)	Acc@1 100.00 (100.00)	Acc@5 100.00 (100.00)
21-Jan-26 10:24:14 - Epoch: [40][ 599/1176]	Time  0.181 ( 0.180)	Data  0.000 ( 0.000)	Loss 0.0000e+00 (0.0000e+00)	Acc@1 100.00 (100.00)	Acc@5 100.00 (100.00)
21-Jan-26 10:24:32 - Epoch: [40][ 699/1176]	Time  0.177 ( 0.180)	Data  0.000 ( 0.000)	Loss 0.0000e+00 (0.0000e+00)	Acc@1 100.00 (100.00)	Acc@5 100.00 (100.00)
21-Jan-26 10:24:50 - Epoch: [40][ 799/1176]	Time  0.177 ( 0.180)	Data  0.000 ( 0.000)	Loss 0.0000e+00 (0.0000e+00)	Acc@1 100.00 (100.00)	Acc@5 100.00 (100.00)
21-Jan-26 10:25:08 - Epoch: [40][ 899/1176]	Time  0.180 ( 0.180)	Data  0.000 ( 0.000)	Loss 0.0000e+00 (0.0000e+00)	Acc@1 100.00 (100.00)	Acc@5 100.00 (100.00)
21-Jan-26 10:25:26 - Epoch: [40][ 999/1176]	Time  0.200 ( 0.180)	Data  0.000 ( 0.000)	Loss 0.0000e+00 (0.0000e+00)	Acc@1 100.00 (100.00)	Acc@5 100.00 (100.00)
21-Jan-26 10:25:44 - Epoch: [40][1099/1176]	Time  0.185 ( 0.180)	Data  0.000 ( 0.000)	Loss 0.0000e+00 (0.0000e+00)	Acc@1 100.00 (100.00)	Acc@5 100.00 (100.00)
21-Jan-26 10:25:58 -  @Training * Acc@1 100.000 Acc@5 100.000 Loss 0.000
21-Jan-26 10:25:58 - One training epoch latency: 211.5s | Avg Power: 242.2W | Energy: 51226.8632J
21-Jan-26 10:26:11 -  @Testing * Acc@1 96.181 Acc@5 99.653 Loss 2.213
21-Jan-26 10:26:11 - Best acc at epoch 40: 96.52777862548828
21-Jan-26 10:26:12 - Last learning rate: [7.8125e-06]
21-Jan-26 10:26:12 - 	 Epoch 41...
21-Jan-26 10:26:30 - Epoch: [41][  99/1176]	Time  0.180 ( 0.183)	Data  0.000 ( 0.002)	Loss 0.0000e+00 (0.0000e+00)	Acc@1 100.00 (100.00)	Acc@5 100.00 (100.00)
21-Jan-26 10:26:48 - Epoch: [41][ 199/1176]	Time  0.176 ( 0.181)	Data  0.000 ( 0.001)	Loss 0.0000e+00 (0.0000e+00)	Acc@1 100.00 (100.00)	Acc@5 100.00 (100.00)
21-Jan-26 10:27:06 - Epoch: [41][ 299/1176]	Time  0.177 ( 0.181)	Data  0.000 ( 0.001)	Loss 0.0000e+00 (0.0000e+00)	Acc@1 100.00 (100.00)	Acc@5 100.00 (100.00)
21-Jan-26 10:27:24 - Epoch: [41][ 399/1176]	Time  0.177 ( 0.181)	Data  0.000 ( 0.001)	Loss 0.0000e+00 (0.0000e+00)	Acc@1 100.00 (100.00)	Acc@5 100.00 (100.00)
21-Jan-26 10:27:42 - Epoch: [41][ 499/1176]	Time  0.177 ( 0.180)	Data  0.000 ( 0.001)	Loss 0.0000e+00 (0.0000e+00)	Acc@1 100.00 (100.00)	Acc@5 100.00 (100.00)
21-Jan-26 10:28:00 - Epoch: [41][ 599/1176]	Time  0.180 ( 0.180)	Data  0.000 ( 0.001)	Loss 0.0000e+00 (0.0000e+00)	Acc@1 100.00 (100.00)	Acc@5 100.00 (100.00)
21-Jan-26 10:28:18 - Epoch: [41][ 699/1176]	Time  0.177 ( 0.180)	Data  0.000 ( 0.000)	Loss 0.0000e+00 (0.0000e+00)	Acc@1 100.00 (100.00)	Acc@5 100.00 (100.00)
21-Jan-26 10:28:36 - Epoch: [41][ 799/1176]	Time  0.176 ( 0.180)	Data  0.000 ( 0.000)	Loss 0.0000e+00 (0.0000e+00)	Acc@1 100.00 (100.00)	Acc@5 100.00 (100.00)
21-Jan-26 10:28:54 - Epoch: [41][ 899/1176]	Time  0.177 ( 0.180)	Data  0.000 ( 0.000)	Loss 0.0000e+00 (0.0000e+00)	Acc@1 100.00 (100.00)	Acc@5 100.00 (100.00)
21-Jan-26 10:29:11 - Epoch: [41][ 999/1176]	Time  0.180 ( 0.180)	Data  0.000 ( 0.000)	Loss 0.0000e+00 (0.0000e+00)	Acc@1 100.00 (100.00)	Acc@5 100.00 (100.00)
21-Jan-26 10:29:29 - Epoch: [41][1099/1176]	Time  0.177 ( 0.180)	Data  0.000 ( 0.000)	Loss 0.0000e+00 (0.0000e+00)	Acc@1 100.00 (100.00)	Acc@5 100.00 (100.00)
21-Jan-26 10:29:43 -  @Training * Acc@1 100.000 Acc@5 100.000 Loss 0.000
21-Jan-26 10:29:43 - One training epoch latency: 211.5s | Avg Power: 243.4W | Energy: 51462.9691J
21-Jan-26 10:29:57 -  @Testing * Acc@1 95.833 Acc@5 99.653 Loss 2.253
21-Jan-26 10:29:57 - Best acc at epoch 41: 96.52777862548828
21-Jan-26 10:29:57 - Last learning rate: [7.8125e-06]
21-Jan-26 10:29:57 - 	 Epoch 42...
21-Jan-26 10:30:15 - Epoch: [42][  99/1176]	Time  0.188 ( 0.183)	Data  0.000 ( 0.003)	Loss 0.0000e+00 (0.0000e+00)	Acc@1 100.00 (100.00)	Acc@5 100.00 (100.00)
21-Jan-26 10:30:33 - Epoch: [42][ 199/1176]	Time  0.187 ( 0.181)	Data  0.000 ( 0.002)	Loss 0.0000e+00 (0.0000e+00)	Acc@1 100.00 (100.00)	Acc@5 100.00 (100.00)
21-Jan-26 10:30:51 - Epoch: [42][ 299/1176]	Time  0.183 ( 0.181)	Data  0.000 ( 0.001)	Loss 0.0000e+00 (0.0000e+00)	Acc@1 100.00 (100.00)	Acc@5 100.00 (100.00)
21-Jan-26 10:31:09 - Epoch: [42][ 399/1176]	Time  0.180 ( 0.180)	Data  0.000 ( 0.001)	Loss 0.0000e+00 (0.0000e+00)	Acc@1 100.00 (100.00)	Acc@5 100.00 (100.00)
21-Jan-26 10:31:27 - Epoch: [42][ 499/1176]	Time  0.177 ( 0.180)	Data  0.000 ( 0.001)	Loss 0.0000e+00 (0.0000e+00)	Acc@1 100.00 (100.00)	Acc@5 100.00 (100.00)
21-Jan-26 10:31:45 - Epoch: [42][ 599/1176]	Time  0.180 ( 0.180)	Data  0.000 ( 0.001)	Loss 0.0000e+00 (0.0000e+00)	Acc@1 100.00 (100.00)	Acc@5 100.00 (100.00)
21-Jan-26 10:32:03 - Epoch: [42][ 699/1176]	Time  0.177 ( 0.180)	Data  0.000 ( 0.001)	Loss 0.0000e+00 (0.0000e+00)	Acc@1 100.00 (100.00)	Acc@5 100.00 (100.00)
21-Jan-26 10:32:21 - Epoch: [42][ 799/1176]	Time  0.177 ( 0.180)	Data  0.000 ( 0.001)	Loss 0.0000e+00 (0.0000e+00)	Acc@1 100.00 (100.00)	Acc@5 100.00 (100.00)
21-Jan-26 10:32:39 - Epoch: [42][ 899/1176]	Time  0.177 ( 0.180)	Data  0.000 ( 0.000)	Loss 0.0000e+00 (0.0000e+00)	Acc@1 100.00 (100.00)	Acc@5 100.00 (100.00)
21-Jan-26 10:32:57 - Epoch: [42][ 999/1176]	Time  0.178 ( 0.180)	Data  0.000 ( 0.000)	Loss 0.0000e+00 (0.0000e+00)	Acc@1 100.00 (100.00)	Acc@5 100.00 (100.00)
21-Jan-26 10:33:15 - Epoch: [42][1099/1176]	Time  0.177 ( 0.180)	Data  0.000 ( 0.000)	Loss 0.0000e+00 (0.0000e+00)	Acc@1 100.00 (100.00)	Acc@5 100.00 (100.00)
21-Jan-26 10:33:28 -  @Training * Acc@1 100.000 Acc@5 100.000 Loss 0.000
21-Jan-26 10:33:28 - One training epoch latency: 211.3s | Avg Power: 242.2W | Energy: 51174.4095J
21-Jan-26 10:33:42 -  @Testing * Acc@1 96.528 Acc@5 99.653 Loss 2.416
21-Jan-26 10:33:42 - Best acc at epoch 42: 96.52777862548828
21-Jan-26 10:33:42 - Last learning rate: [7.8125e-06]
21-Jan-26 10:33:42 - 	 Epoch 43...
21-Jan-26 10:34:00 - Epoch: [43][  99/1176]	Time  0.177 ( 0.183)	Data  0.000 ( 0.002)	Loss 0.0000e+00 (0.0000e+00)	Acc@1 100.00 (100.00)	Acc@5 100.00 (100.00)
21-Jan-26 10:34:18 - Epoch: [43][ 199/1176]	Time  0.176 ( 0.181)	Data  0.000 ( 0.001)	Loss 0.0000e+00 (0.0000e+00)	Acc@1 100.00 (100.00)	Acc@5 100.00 (100.00)
21-Jan-26 10:34:36 - Epoch: [43][ 299/1176]	Time  0.180 ( 0.181)	Data  0.000 ( 0.001)	Loss 0.0000e+00 (0.0000e+00)	Acc@1 100.00 (100.00)	Acc@5 100.00 (100.00)
21-Jan-26 10:34:54 - Epoch: [43][ 399/1176]	Time  0.177 ( 0.181)	Data  0.000 ( 0.001)	Loss 0.0000e+00 (0.0000e+00)	Acc@1 100.00 (100.00)	Acc@5 100.00 (100.00)
21-Jan-26 10:35:12 - Epoch: [43][ 499/1176]	Time  0.177 ( 0.180)	Data  0.000 ( 0.001)	Loss 0.0000e+00 (0.0000e+00)	Acc@1 100.00 (100.00)	Acc@5 100.00 (100.00)
21-Jan-26 10:35:30 - Epoch: [43][ 599/1176]	Time  0.180 ( 0.180)	Data  0.000 ( 0.001)	Loss 0.0000e+00 (0.0000e+00)	Acc@1 100.00 (100.00)	Acc@5 100.00 (100.00)
21-Jan-26 10:35:48 - Epoch: [43][ 699/1176]	Time  0.176 ( 0.180)	Data  0.000 ( 0.001)	Loss 0.0000e+00 (0.0000e+00)	Acc@1 100.00 (100.00)	Acc@5 100.00 (100.00)
21-Jan-26 10:36:06 - Epoch: [43][ 799/1176]	Time  0.199 ( 0.180)	Data  0.000 ( 0.001)	Loss 0.0000e+00 (0.0000e+00)	Acc@1 100.00 (100.00)	Acc@5 100.00 (100.00)
21-Jan-26 10:36:24 - Epoch: [43][ 899/1176]	Time  0.181 ( 0.180)	Data  0.000 ( 0.000)	Loss 0.0000e+00 (0.0000e+00)	Acc@1 100.00 (100.00)	Acc@5 100.00 (100.00)
21-Jan-26 10:36:42 - Epoch: [43][ 999/1176]	Time  0.180 ( 0.180)	Data  0.000 ( 0.000)	Loss 0.0000e+00 (0.0000e+00)	Acc@1 100.00 (100.00)	Acc@5 100.00 (100.00)
21-Jan-26 10:37:00 - Epoch: [43][1099/1176]	Time  0.177 ( 0.180)	Data  0.000 ( 0.000)	Loss 0.0000e+00 (0.0000e+00)	Acc@1 100.00 (100.00)	Acc@5 100.00 (100.00)
21-Jan-26 10:37:14 -  @Training * Acc@1 100.000 Acc@5 100.000 Loss 0.000
21-Jan-26 10:37:14 - One training epoch latency: 211.5s | Avg Power: 241.4W | Energy: 51048.0752J
21-Jan-26 10:37:27 -  @Testing * Acc@1 96.528 Acc@5 99.653 Loss 2.380
21-Jan-26 10:37:27 - Best acc at epoch 43: 96.52777862548828
21-Jan-26 10:37:27 - Last learning rate: [7.8125e-06]
21-Jan-26 10:37:27 - 	 Epoch 44...
21-Jan-26 10:37:46 - Epoch: [44][  99/1176]	Time  0.180 ( 0.182)	Data  0.000 ( 0.002)	Loss 0.0000e+00 (0.0000e+00)	Acc@1 100.00 (100.00)	Acc@5 100.00 (100.00)
21-Jan-26 10:38:04 - Epoch: [44][ 199/1176]	Time  0.177 ( 0.181)	Data  0.000 ( 0.001)	Loss 0.0000e+00 (0.0000e+00)	Acc@1 100.00 (100.00)	Acc@5 100.00 (100.00)
21-Jan-26 10:38:22 - Epoch: [44][ 299/1176]	Time  0.180 ( 0.180)	Data  0.000 ( 0.001)	Loss 0.0000e+00 (0.0000e+00)	Acc@1 100.00 (100.00)	Acc@5 100.00 (100.00)
21-Jan-26 10:38:40 - Epoch: [44][ 399/1176]	Time  0.177 ( 0.180)	Data  0.000 ( 0.001)	Loss 0.0000e+00 (0.0000e+00)	Acc@1 100.00 (100.00)	Acc@5 100.00 (100.00)
21-Jan-26 10:38:58 - Epoch: [44][ 499/1176]	Time  0.180 ( 0.180)	Data  0.000 ( 0.001)	Loss 0.0000e+00 (0.0000e+00)	Acc@1 100.00 (100.00)	Acc@5 100.00 (100.00)
21-Jan-26 10:39:15 - Epoch: [44][ 599/1176]	Time  0.176 ( 0.180)	Data  0.000 ( 0.001)	Loss 0.0000e+00 (0.0000e+00)	Acc@1 100.00 (100.00)	Acc@5 100.00 (100.00)
21-Jan-26 10:39:33 - Epoch: [44][ 699/1176]	Time  0.180 ( 0.180)	Data  0.000 ( 0.000)	Loss 0.0000e+00 (0.0000e+00)	Acc@1 100.00 (100.00)	Acc@5 100.00 (100.00)
21-Jan-26 10:39:51 - Epoch: [44][ 799/1176]	Time  0.177 ( 0.180)	Data  0.000 ( 0.000)	Loss 0.0000e+00 (0.0000e+00)	Acc@1 100.00 (100.00)	Acc@5 100.00 (100.00)
21-Jan-26 10:40:09 - Epoch: [44][ 899/1176]	Time  0.177 ( 0.180)	Data  0.000 ( 0.000)	Loss 0.0000e+00 (0.0000e+00)	Acc@1 100.00 (100.00)	Acc@5 100.00 (100.00)
21-Jan-26 10:40:27 - Epoch: [44][ 999/1176]	Time  0.193 ( 0.180)	Data  0.000 ( 0.000)	Loss 0.0000e+00 (0.0000e+00)	Acc@1 100.00 (100.00)	Acc@5 100.00 (100.00)
21-Jan-26 10:40:45 - Epoch: [44][1099/1176]	Time  0.186 ( 0.180)	Data  0.000 ( 0.000)	Loss 0.0000e+00 (0.0000e+00)	Acc@1 100.00 (100.00)	Acc@5 100.00 (100.00)
21-Jan-26 10:40:59 -  @Training * Acc@1 100.000 Acc@5 100.000 Loss 0.000
21-Jan-26 10:40:59 - One training epoch latency: 211.3s | Avg Power: 242.9W | Energy: 51337.1674J
21-Jan-26 10:41:12 -  @Testing * Acc@1 95.833 Acc@5 99.653 Loss 2.098
21-Jan-26 10:41:12 - Best acc at epoch 44: 96.52777862548828
21-Jan-26 10:41:12 - Last learning rate: [7.8125e-06]
21-Jan-26 10:41:12 - 	 Epoch 45...
21-Jan-26 10:41:31 - Epoch: [45][  99/1176]	Time  0.177 ( 0.182)	Data  0.000 ( 0.002)	Loss 0.0000e+00 (0.0000e+00)	Acc@1 100.00 (100.00)	Acc@5 100.00 (100.00)
21-Jan-26 10:41:49 - Epoch: [45][ 199/1176]	Time  0.180 ( 0.181)	Data  0.000 ( 0.001)	Loss 0.0000e+00 (0.0000e+00)	Acc@1 100.00 (100.00)	Acc@5 100.00 (100.00)
21-Jan-26 10:42:07 - Epoch: [45][ 299/1176]	Time  0.180 ( 0.181)	Data  0.000 ( 0.001)	Loss 0.0000e+00 (0.0000e+00)	Acc@1 100.00 (100.00)	Acc@5 100.00 (100.00)
21-Jan-26 10:42:25 - Epoch: [45][ 399/1176]	Time  0.180 ( 0.180)	Data  0.000 ( 0.001)	Loss 0.0000e+00 (0.0000e+00)	Acc@1 100.00 (100.00)	Acc@5 100.00 (100.00)
21-Jan-26 10:42:43 - Epoch: [45][ 499/1176]	Time  0.180 ( 0.180)	Data  0.000 ( 0.001)	Loss 0.0000e+00 (0.0000e+00)	Acc@1 100.00 (100.00)	Acc@5 100.00 (100.00)
21-Jan-26 10:43:01 - Epoch: [45][ 599/1176]	Time  0.173 ( 0.180)	Data  0.000 ( 0.001)	Loss 0.0000e+00 (0.0000e+00)	Acc@1 100.00 (100.00)	Acc@5 100.00 (100.00)
21-Jan-26 10:43:18 - Epoch: [45][ 699/1176]	Time  0.176 ( 0.180)	Data  0.000 ( 0.001)	Loss 0.0000e+00 (0.0000e+00)	Acc@1 100.00 (100.00)	Acc@5 100.00 (100.00)
21-Jan-26 10:43:36 - Epoch: [45][ 799/1176]	Time  0.177 ( 0.180)	Data  0.000 ( 0.000)	Loss 0.0000e+00 (0.0000e+00)	Acc@1 100.00 (100.00)	Acc@5 100.00 (100.00)
21-Jan-26 10:43:54 - Epoch: [45][ 899/1176]	Time  0.177 ( 0.180)	Data  0.000 ( 0.000)	Loss 0.0000e+00 (0.0000e+00)	Acc@1 100.00 (100.00)	Acc@5 100.00 (100.00)
21-Jan-26 10:44:12 - Epoch: [45][ 999/1176]	Time  0.200 ( 0.180)	Data  0.011 ( 0.000)	Loss 0.0000e+00 (0.0000e+00)	Acc@1 100.00 (100.00)	Acc@5 100.00 (100.00)
21-Jan-26 10:44:30 - Epoch: [45][1099/1176]	Time  0.185 ( 0.180)	Data  0.000 ( 0.000)	Loss 0.0000e+00 (0.0000e+00)	Acc@1 100.00 (100.00)	Acc@5 100.00 (100.00)
21-Jan-26 10:44:44 -  @Training * Acc@1 100.000 Acc@5 100.000 Loss 0.000
21-Jan-26 10:44:44 - One training epoch latency: 211.2s | Avg Power: 242.6W | Energy: 51225.5395J
21-Jan-26 10:44:57 -  @Testing * Acc@1 96.528 Acc@5 99.653 Loss 1.916
21-Jan-26 10:44:57 - Best acc at epoch 45: 96.52777862548828
21-Jan-26 10:44:57 - Last learning rate: [3.90625e-06]
21-Jan-26 10:44:57 - 	 Epoch 46...
21-Jan-26 10:45:16 - Epoch: [46][  99/1176]	Time  0.179 ( 0.183)	Data  0.000 ( 0.002)	Loss 0.0000e+00 (0.0000e+00)	Acc@1 100.00 (100.00)	Acc@5 100.00 (100.00)
21-Jan-26 10:45:34 - Epoch: [46][ 199/1176]	Time  0.179 ( 0.181)	Data  0.000 ( 0.001)	Loss 0.0000e+00 (0.0000e+00)	Acc@1 100.00 (100.00)	Acc@5 100.00 (100.00)
21-Jan-26 10:45:52 - Epoch: [46][ 299/1176]	Time  0.180 ( 0.181)	Data  0.000 ( 0.001)	Loss 0.0000e+00 (0.0000e+00)	Acc@1 100.00 (100.00)	Acc@5 100.00 (100.00)
21-Jan-26 10:46:10 - Epoch: [46][ 399/1176]	Time  0.179 ( 0.180)	Data  0.000 ( 0.001)	Loss 0.0000e+00 (0.0000e+00)	Acc@1 100.00 (100.00)	Acc@5 100.00 (100.00)
21-Jan-26 10:46:27 - Epoch: [46][ 499/1176]	Time  0.177 ( 0.180)	Data  0.000 ( 0.001)	Loss 0.0000e+00 (0.0000e+00)	Acc@1 100.00 (100.00)	Acc@5 100.00 (100.00)
21-Jan-26 10:46:45 - Epoch: [46][ 599/1176]	Time  0.177 ( 0.180)	Data  0.000 ( 0.000)	Loss 0.0000e+00 (0.0000e+00)	Acc@1 100.00 (100.00)	Acc@5 100.00 (100.00)
21-Jan-26 10:47:03 - Epoch: [46][ 699/1176]	Time  0.198 ( 0.180)	Data  0.000 ( 0.000)	Loss 0.0000e+00 (0.0000e+00)	Acc@1 100.00 (100.00)	Acc@5 100.00 (100.00)
21-Jan-26 10:47:21 - Epoch: [46][ 799/1176]	Time  0.185 ( 0.180)	Data  0.000 ( 0.000)	Loss 0.0000e+00 (0.0000e+00)	Acc@1 100.00 (100.00)	Acc@5 100.00 (100.00)
21-Jan-26 10:47:39 - Epoch: [46][ 899/1176]	Time  0.174 ( 0.179)	Data  0.000 ( 0.000)	Loss 0.0000e+00 (0.0000e+00)	Acc@1 100.00 (100.00)	Acc@5 100.00 (100.00)
21-Jan-26 10:47:57 - Epoch: [46][ 999/1176]	Time  0.194 ( 0.179)	Data  0.000 ( 0.000)	Loss 0.0000e+00 (0.0000e+00)	Acc@1 100.00 (100.00)	Acc@5 100.00 (100.00)
21-Jan-26 10:48:15 - Epoch: [46][1099/1176]	Time  0.176 ( 0.179)	Data  0.000 ( 0.000)	Loss 0.0000e+00 (0.0000e+00)	Acc@1 100.00 (100.00)	Acc@5 100.00 (100.00)
21-Jan-26 10:48:28 -  @Training * Acc@1 100.000 Acc@5 100.000 Loss 0.000
21-Jan-26 10:48:29 - One training epoch latency: 210.9s | Avg Power: 242.0W | Energy: 51036.9772J
21-Jan-26 10:48:42 -  @Testing * Acc@1 96.181 Acc@5 99.653 Loss 2.112
21-Jan-26 10:48:42 - Best acc at epoch 46: 96.52777862548828
21-Jan-26 10:48:42 - Last learning rate: [3.90625e-06]
21-Jan-26 10:48:42 - 	 Epoch 47...
21-Jan-26 10:49:00 - Epoch: [47][  99/1176]	Time  0.177 ( 0.182)	Data  0.000 ( 0.002)	Loss 0.0000e+00 (0.0000e+00)	Acc@1 100.00 (100.00)	Acc@5 100.00 (100.00)
21-Jan-26 10:49:18 - Epoch: [47][ 199/1176]	Time  0.177 ( 0.181)	Data  0.000 ( 0.001)	Loss 0.0000e+00 (0.0000e+00)	Acc@1 100.00 (100.00)	Acc@5 100.00 (100.00)
21-Jan-26 10:49:36 - Epoch: [47][ 299/1176]	Time  0.176 ( 0.181)	Data  0.000 ( 0.001)	Loss 0.0000e+00 (0.0000e+00)	Acc@1 100.00 (100.00)	Acc@5 100.00 (100.00)
21-Jan-26 10:49:54 - Epoch: [47][ 399/1176]	Time  0.179 ( 0.180)	Data  0.000 ( 0.001)	Loss 0.0000e+00 (0.0000e+00)	Acc@1 100.00 (100.00)	Acc@5 100.00 (100.00)
21-Jan-26 10:50:12 - Epoch: [47][ 499/1176]	Time  0.177 ( 0.180)	Data  0.000 ( 0.001)	Loss 0.0000e+00 (0.0000e+00)	Acc@1 100.00 (100.00)	Acc@5 100.00 (100.00)
21-Jan-26 10:50:30 - Epoch: [47][ 599/1176]	Time  0.176 ( 0.180)	Data  0.000 ( 0.000)	Loss 0.0000e+00 (0.0000e+00)	Acc@1 100.00 (100.00)	Acc@5 100.00 (100.00)
21-Jan-26 10:50:48 - Epoch: [47][ 699/1176]	Time  0.179 ( 0.180)	Data  0.000 ( 0.000)	Loss 0.0000e+00 (0.0000e+00)	Acc@1 100.00 (100.00)	Acc@5 100.00 (100.00)
21-Jan-26 10:51:06 - Epoch: [47][ 799/1176]	Time  0.179 ( 0.180)	Data  0.000 ( 0.000)	Loss 0.0000e+00 (0.0000e+00)	Acc@1 100.00 (100.00)	Acc@5 100.00 (100.00)
21-Jan-26 10:51:24 - Epoch: [47][ 899/1176]	Time  0.193 ( 0.180)	Data  0.000 ( 0.000)	Loss 0.0000e+00 (0.0000e+00)	Acc@1 100.00 (100.00)	Acc@5 100.00 (100.00)
21-Jan-26 10:51:42 - Epoch: [47][ 999/1176]	Time  0.184 ( 0.180)	Data  0.000 ( 0.000)	Loss 0.0000e+00 (0.0000e+00)	Acc@1 100.00 (100.00)	Acc@5 100.00 (100.00)
21-Jan-26 10:52:00 - Epoch: [47][1099/1176]	Time  0.176 ( 0.180)	Data  0.000 ( 0.000)	Loss 0.0000e+00 (0.0000e+00)	Acc@1 100.00 (100.00)	Acc@5 100.00 (100.00)
21-Jan-26 10:52:14 -  @Training * Acc@1 100.000 Acc@5 100.000 Loss 0.000
21-Jan-26 10:52:14 - One training epoch latency: 211.4s | Avg Power: 242.8W | Energy: 51311.9587J
21-Jan-26 10:52:27 -  @Testing * Acc@1 96.181 Acc@5 99.653 Loss 2.239
21-Jan-26 10:52:27 - Best acc at epoch 47: 96.52777862548828
21-Jan-26 10:52:27 - Last learning rate: [3.90625e-06]
21-Jan-26 10:52:27 - 	 Epoch 48...
21-Jan-26 10:52:46 - Epoch: [48][  99/1176]	Time  0.180 ( 0.182)	Data  0.000 ( 0.002)	Loss 0.0000e+00 (0.0000e+00)	Acc@1 100.00 (100.00)	Acc@5 100.00 (100.00)
21-Jan-26 10:53:04 - Epoch: [48][ 199/1176]	Time  0.180 ( 0.181)	Data  0.000 ( 0.001)	Loss 0.0000e+00 (0.0000e+00)	Acc@1 100.00 (100.00)	Acc@5 100.00 (100.00)
21-Jan-26 10:53:22 - Epoch: [48][ 299/1176]	Time  0.177 ( 0.181)	Data  0.000 ( 0.001)	Loss 0.0000e+00 (0.0000e+00)	Acc@1 100.00 (100.00)	Acc@5 100.00 (100.00)
21-Jan-26 10:53:40 - Epoch: [48][ 399/1176]	Time  0.180 ( 0.181)	Data  0.000 ( 0.001)	Loss 0.0000e+00 (0.0000e+00)	Acc@1 100.00 (100.00)	Acc@5 100.00 (100.00)
21-Jan-26 10:53:58 - Epoch: [48][ 499/1176]	Time  0.177 ( 0.180)	Data  0.000 ( 0.001)	Loss 0.0000e+00 (0.0000e+00)	Acc@1 100.00 (100.00)	Acc@5 100.00 (100.00)
21-Jan-26 10:54:16 - Epoch: [48][ 599/1176]	Time  0.176 ( 0.180)	Data  0.000 ( 0.001)	Loss 0.0000e+00 (0.0000e+00)	Acc@1 100.00 (100.00)	Acc@5 100.00 (100.00)
21-Jan-26 10:54:34 - Epoch: [48][ 699/1176]	Time  0.177 ( 0.180)	Data  0.000 ( 0.000)	Loss 0.0000e+00 (0.0000e+00)	Acc@1 100.00 (100.00)	Acc@5 100.00 (100.00)
21-Jan-26 10:54:52 - Epoch: [48][ 799/1176]	Time  0.177 ( 0.180)	Data  0.000 ( 0.000)	Loss 0.0000e+00 (0.0000e+00)	Acc@1 100.00 (100.00)	Acc@5 100.00 (100.00)
21-Jan-26 10:55:10 - Epoch: [48][ 899/1176]	Time  0.176 ( 0.180)	Data  0.000 ( 0.000)	Loss 0.0000e+00 (0.0000e+00)	Acc@1 100.00 (100.00)	Acc@5 100.00 (100.00)
21-Jan-26 10:55:27 - Epoch: [48][ 999/1176]	Time  0.178 ( 0.180)	Data  0.000 ( 0.000)	Loss 0.0000e+00 (0.0000e+00)	Acc@1 100.00 (100.00)	Acc@5 100.00 (100.00)
21-Jan-26 10:55:45 - Epoch: [48][1099/1176]	Time  0.177 ( 0.180)	Data  0.000 ( 0.000)	Loss 0.0000e+00 (0.0000e+00)	Acc@1 100.00 (100.00)	Acc@5 100.00 (100.00)
21-Jan-26 10:55:59 -  @Training * Acc@1 100.000 Acc@5 100.000 Loss 0.000
21-Jan-26 10:55:59 - One training epoch latency: 211.6s | Avg Power: 244.6W | Energy: 51751.1111J
21-Jan-26 10:56:13 -  @Testing * Acc@1 96.528 Acc@5 99.653 Loss 2.209
21-Jan-26 10:56:13 - Best acc at epoch 48: 96.52777862548828
21-Jan-26 10:56:13 - Last learning rate: [3.90625e-06]
21-Jan-26 10:56:13 - 	 Epoch 49...
21-Jan-26 10:56:31 - Epoch: [49][  99/1176]	Time  0.189 ( 0.182)	Data  0.000 ( 0.002)	Loss 0.0000e+00 (0.0000e+00)	Acc@1 100.00 (100.00)	Acc@5 100.00 (100.00)
21-Jan-26 10:56:49 - Epoch: [49][ 199/1176]	Time  0.187 ( 0.181)	Data  0.000 ( 0.001)	Loss 0.0000e+00 (0.0000e+00)	Acc@1 100.00 (100.00)	Acc@5 100.00 (100.00)
21-Jan-26 10:57:07 - Epoch: [49][ 299/1176]	Time  0.177 ( 0.180)	Data  0.000 ( 0.001)	Loss 0.0000e+00 (0.0000e+00)	Acc@1 100.00 (100.00)	Acc@5 100.00 (100.00)
21-Jan-26 10:57:25 - Epoch: [49][ 399/1176]	Time  0.177 ( 0.180)	Data  0.000 ( 0.001)	Loss 0.0000e+00 (0.0000e+00)	Acc@1 100.00 (100.00)	Acc@5 100.00 (100.00)
21-Jan-26 10:57:43 - Epoch: [49][ 499/1176]	Time  0.179 ( 0.180)	Data  0.000 ( 0.001)	Loss 0.0000e+00 (0.0000e+00)	Acc@1 100.00 (100.00)	Acc@5 100.00 (100.00)
21-Jan-26 10:58:01 - Epoch: [49][ 599/1176]	Time  0.180 ( 0.180)	Data  0.000 ( 0.001)	Loss 0.0000e+00 (0.0000e+00)	Acc@1 100.00 (100.00)	Acc@5 100.00 (100.00)
21-Jan-26 10:58:19 - Epoch: [49][ 699/1176]	Time  0.174 ( 0.180)	Data  0.000 ( 0.001)	Loss 0.0000e+00 (0.0000e+00)	Acc@1 100.00 (100.00)	Acc@5 100.00 (100.00)
21-Jan-26 10:58:37 - Epoch: [49][ 799/1176]	Time  0.176 ( 0.180)	Data  0.000 ( 0.000)	Loss 0.0000e+00 (0.0000e+00)	Acc@1 100.00 (100.00)	Acc@5 100.00 (100.00)
21-Jan-26 10:58:55 - Epoch: [49][ 899/1176]	Time  0.176 ( 0.180)	Data  0.000 ( 0.000)	Loss 0.0000e+00 (0.0000e+00)	Acc@1 100.00 (100.00)	Acc@5 100.00 (100.00)
21-Jan-26 10:59:12 - Epoch: [49][ 999/1176]	Time  0.177 ( 0.180)	Data  0.000 ( 0.000)	Loss 0.0000e+00 (0.0000e+00)	Acc@1 100.00 (100.00)	Acc@5 100.00 (100.00)
21-Jan-26 10:59:30 - Epoch: [49][1099/1176]	Time  0.176 ( 0.180)	Data  0.000 ( 0.000)	Loss 0.0000e+00 (0.0000e+00)	Acc@1 100.00 (100.00)	Acc@5 100.00 (100.00)
21-Jan-26 10:59:44 -  @Training * Acc@1 100.000 Acc@5 100.000 Loss 0.000
21-Jan-26 10:59:44 - One training epoch latency: 211.1s | Avg Power: 245.7W | Energy: 51880.0867J
21-Jan-26 10:59:58 -  @Testing * Acc@1 95.833 Acc@5 99.653 Loss 2.066
21-Jan-26 10:59:58 - Best acc at epoch 49: 96.52777862548828
21-Jan-26 10:59:58 - Last learning rate: [3.90625e-06]
21-Jan-26 10:59:58 - 	 Epoch 50...
21-Jan-26 11:00:16 - Epoch: [50][  99/1176]	Time  0.199 ( 0.184)	Data  0.000 ( 0.002)	Loss 0.0000e+00 (0.0000e+00)	Acc@1 100.00 (100.00)	Acc@5 100.00 (100.00)
21-Jan-26 11:00:34 - Epoch: [50][ 199/1176]	Time  0.189 ( 0.182)	Data  0.000 ( 0.001)	Loss 0.0000e+00 (0.0000e+00)	Acc@1 100.00 (100.00)	Acc@5 100.00 (100.00)
21-Jan-26 11:00:52 - Epoch: [50][ 299/1176]	Time  0.182 ( 0.181)	Data  0.000 ( 0.001)	Loss 0.0000e+00 (0.0000e+00)	Acc@1 100.00 (100.00)	Acc@5 100.00 (100.00)
21-Jan-26 11:01:10 - Epoch: [50][ 399/1176]	Time  0.178 ( 0.181)	Data  0.000 ( 0.001)	Loss 0.0000e+00 (0.0000e+00)	Acc@1 100.00 (100.00)	Acc@5 100.00 (100.00)
21-Jan-26 11:01:28 - Epoch: [50][ 499/1176]	Time  0.177 ( 0.180)	Data  0.000 ( 0.001)	Loss 0.0000e+00 (0.0000e+00)	Acc@1 100.00 (100.00)	Acc@5 100.00 (100.00)
21-Jan-26 11:01:46 - Epoch: [50][ 599/1176]	Time  0.178 ( 0.180)	Data  0.000 ( 0.001)	Loss 0.0000e+00 (0.0000e+00)	Acc@1 100.00 (100.00)	Acc@5 100.00 (100.00)
21-Jan-26 11:02:04 - Epoch: [50][ 699/1176]	Time  0.176 ( 0.180)	Data  0.000 ( 0.000)	Loss 0.0000e+00 (0.0000e+00)	Acc@1 100.00 (100.00)	Acc@5 100.00 (100.00)
21-Jan-26 11:02:22 - Epoch: [50][ 799/1176]	Time  0.174 ( 0.180)	Data  0.000 ( 0.000)	Loss 0.0000e+00 (0.0000e+00)	Acc@1 100.00 (100.00)	Acc@5 100.00 (100.00)
21-Jan-26 11:02:40 - Epoch: [50][ 899/1176]	Time  0.177 ( 0.180)	Data  0.000 ( 0.000)	Loss 0.0000e+00 (0.0000e+00)	Acc@1 100.00 (100.00)	Acc@5 100.00 (100.00)
21-Jan-26 11:02:58 - Epoch: [50][ 999/1176]	Time  0.177 ( 0.180)	Data  0.000 ( 0.000)	Loss 0.0000e+00 (0.0000e+00)	Acc@1 100.00 (100.00)	Acc@5 100.00 (100.00)
21-Jan-26 11:03:15 - Epoch: [50][1099/1176]	Time  0.177 ( 0.180)	Data  0.000 ( 0.000)	Loss 0.0000e+00 (0.0000e+00)	Acc@1 100.00 (100.00)	Acc@5 100.00 (100.00)
21-Jan-26 11:03:29 -  @Training * Acc@1 100.000 Acc@5 100.000 Loss 0.000
21-Jan-26 11:03:29 - One training epoch latency: 211.3s | Avg Power: 242.5W | Energy: 51228.1232J
21-Jan-26 11:03:43 -  @Testing * Acc@1 96.181 Acc@5 99.653 Loss 2.398
21-Jan-26 11:03:43 - Best acc at epoch 50: 96.52777862548828
21-Jan-26 11:03:43 - Last learning rate: [3.90625e-06]
21-Jan-26 11:03:43 - 	 Epoch 51...
21-Jan-26 11:04:01 - Epoch: [51][  99/1176]	Time  0.177 ( 0.182)	Data  0.000 ( 0.002)	Loss 0.0000e+00 (0.0000e+00)	Acc@1 100.00 (100.00)	Acc@5 100.00 (100.00)
21-Jan-26 11:04:19 - Epoch: [51][ 199/1176]	Time  0.177 ( 0.181)	Data  0.000 ( 0.001)	Loss 0.0000e+00 (0.0000e+00)	Acc@1 100.00 (100.00)	Acc@5 100.00 (100.00)
21-Jan-26 11:04:37 - Epoch: [51][ 299/1176]	Time  0.180 ( 0.181)	Data  0.000 ( 0.001)	Loss 0.0000e+00 (0.0000e+00)	Acc@1 100.00 (100.00)	Acc@5 100.00 (100.00)
21-Jan-26 11:04:55 - Epoch: [51][ 399/1176]	Time  0.174 ( 0.180)	Data  0.000 ( 0.001)	Loss 0.0000e+00 (0.0000e+00)	Acc@1 100.00 (100.00)	Acc@5 100.00 (100.00)
21-Jan-26 11:05:13 - Epoch: [51][ 499/1176]	Time  0.177 ( 0.180)	Data  0.000 ( 0.001)	Loss 0.0000e+00 (0.0000e+00)	Acc@1 100.00 (100.00)	Acc@5 100.00 (100.00)
21-Jan-26 11:05:31 - Epoch: [51][ 599/1176]	Time  0.177 ( 0.180)	Data  0.000 ( 0.000)	Loss 0.0000e+00 (0.0000e+00)	Acc@1 100.00 (100.00)	Acc@5 100.00 (100.00)
21-Jan-26 11:05:49 - Epoch: [51][ 699/1176]	Time  0.179 ( 0.180)	Data  0.000 ( 0.000)	Loss 0.0000e+00 (0.0000e+00)	Acc@1 100.00 (100.00)	Acc@5 100.00 (100.00)
21-Jan-26 11:06:07 - Epoch: [51][ 799/1176]	Time  0.174 ( 0.180)	Data  0.000 ( 0.000)	Loss 0.0000e+00 (0.0000e+00)	Acc@1 100.00 (100.00)	Acc@5 100.00 (100.00)
21-Jan-26 11:06:25 - Epoch: [51][ 899/1176]	Time  0.177 ( 0.180)	Data  0.000 ( 0.000)	Loss 0.0000e+00 (0.0000e+00)	Acc@1 100.00 (100.00)	Acc@5 100.00 (100.00)
21-Jan-26 11:06:42 - Epoch: [51][ 999/1176]	Time  0.177 ( 0.180)	Data  0.000 ( 0.000)	Loss 0.0000e+00 (0.0000e+00)	Acc@1 100.00 (100.00)	Acc@5 100.00 (100.00)
21-Jan-26 11:07:00 - Epoch: [51][1099/1176]	Time  0.177 ( 0.180)	Data  0.000 ( 0.000)	Loss 0.0000e+00 (0.0000e+00)	Acc@1 100.00 (100.00)	Acc@5 100.00 (100.00)
21-Jan-26 11:07:14 -  @Training * Acc@1 100.000 Acc@5 100.000 Loss 0.000
21-Jan-26 11:07:14 - One training epoch latency: 211.5s | Avg Power: 243.0W | Energy: 51409.1911J
21-Jan-26 11:07:28 -  @Testing * Acc@1 96.875 Acc@5 99.653 Loss 2.092
21-Jan-26 11:07:28 - Best acc at epoch 51: 96.875
21-Jan-26 11:07:28 - Last learning rate: [1.953125e-06]
21-Jan-26 11:07:28 - 	 Epoch 52...
21-Jan-26 11:07:46 - Epoch: [52][  99/1176]	Time  0.180 ( 0.182)	Data  0.000 ( 0.002)	Loss 0.0000e+00 (0.0000e+00)	Acc@1 100.00 (100.00)	Acc@5 100.00 (100.00)
21-Jan-26 11:08:04 - Epoch: [52][ 199/1176]	Time  0.177 ( 0.181)	Data  0.000 ( 0.001)	Loss 0.0000e+00 (0.0000e+00)	Acc@1 100.00 (100.00)	Acc@5 100.00 (100.00)
21-Jan-26 11:08:22 - Epoch: [52][ 299/1176]	Time  0.178 ( 0.180)	Data  0.000 ( 0.001)	Loss 0.0000e+00 (0.0000e+00)	Acc@1 100.00 (100.00)	Acc@5 100.00 (100.00)
21-Jan-26 11:08:40 - Epoch: [52][ 399/1176]	Time  0.177 ( 0.181)	Data  0.000 ( 0.001)	Loss 0.0000e+00 (0.0000e+00)	Acc@1 100.00 (100.00)	Acc@5 100.00 (100.00)
21-Jan-26 11:08:59 - Epoch: [52][ 499/1176]	Time  0.177 ( 0.181)	Data  0.000 ( 0.001)	Loss 0.0000e+00 (0.0000e+00)	Acc@1 100.00 (100.00)	Acc@5 100.00 (100.00)
21-Jan-26 11:09:17 - Epoch: [52][ 599/1176]	Time  0.177 ( 0.181)	Data  0.000 ( 0.001)	Loss 0.0000e+00 (0.0000e+00)	Acc@1 100.00 (100.00)	Acc@5 100.00 (100.00)
21-Jan-26 11:09:34 - Epoch: [52][ 699/1176]	Time  0.176 ( 0.181)	Data  0.000 ( 0.000)	Loss 0.0000e+00 (0.0000e+00)	Acc@1 100.00 (100.00)	Acc@5 100.00 (100.00)
21-Jan-26 11:09:52 - Epoch: [52][ 799/1176]	Time  0.177 ( 0.180)	Data  0.000 ( 0.000)	Loss 0.0000e+00 (0.0000e+00)	Acc@1 100.00 (100.00)	Acc@5 100.00 (100.00)
21-Jan-26 11:10:10 - Epoch: [52][ 899/1176]	Time  0.177 ( 0.180)	Data  0.000 ( 0.000)	Loss 0.0000e+00 (0.0000e+00)	Acc@1 100.00 (100.00)	Acc@5 100.00 (100.00)
21-Jan-26 11:10:28 - Epoch: [52][ 999/1176]	Time  0.177 ( 0.180)	Data  0.000 ( 0.000)	Loss 0.0000e+00 (0.0000e+00)	Acc@1 100.00 (100.00)	Acc@5 100.00 (100.00)
21-Jan-26 11:10:46 - Epoch: [52][1099/1176]	Time  0.183 ( 0.180)	Data  0.000 ( 0.000)	Loss 0.0000e+00 (0.0000e+00)	Acc@1 100.00 (100.00)	Acc@5 100.00 (100.00)
21-Jan-26 11:11:00 -  @Training * Acc@1 100.000 Acc@5 100.000 Loss 0.000
21-Jan-26 11:11:00 - One training epoch latency: 211.7s | Avg Power: 241.8W | Energy: 51195.2025J
21-Jan-26 11:11:13 -  @Testing * Acc@1 95.833 Acc@5 99.653 Loss 2.257
21-Jan-26 11:11:13 - Best acc at epoch 52: 96.875
21-Jan-26 11:11:13 - Last learning rate: [1.953125e-06]
21-Jan-26 11:11:13 - 	 Epoch 53...
21-Jan-26 11:11:32 - Epoch: [53][  99/1176]	Time  0.179 ( 0.183)	Data  0.000 ( 0.002)	Loss 0.0000e+00 (0.0000e+00)	Acc@1 100.00 (100.00)	Acc@5 100.00 (100.00)
21-Jan-26 11:11:50 - Epoch: [53][ 199/1176]	Time  0.179 ( 0.181)	Data  0.000 ( 0.001)	Loss 0.0000e+00 (0.0000e+00)	Acc@1 100.00 (100.00)	Acc@5 100.00 (100.00)
21-Jan-26 11:12:08 - Epoch: [53][ 299/1176]	Time  0.180 ( 0.181)	Data  0.000 ( 0.001)	Loss 0.0000e+00 (0.0000e+00)	Acc@1 100.00 (100.00)	Acc@5 100.00 (100.00)
21-Jan-26 11:12:26 - Epoch: [53][ 399/1176]	Time  0.176 ( 0.180)	Data  0.000 ( 0.001)	Loss 0.0000e+00 (0.0000e+00)	Acc@1 100.00 (100.00)	Acc@5 100.00 (100.00)
21-Jan-26 11:12:44 - Epoch: [53][ 499/1176]	Time  0.177 ( 0.180)	Data  0.000 ( 0.001)	Loss 0.0000e+00 (0.0000e+00)	Acc@1 100.00 (100.00)	Acc@5 100.00 (100.00)
21-Jan-26 11:13:01 - Epoch: [53][ 599/1176]	Time  0.177 ( 0.180)	Data  0.000 ( 0.000)	Loss 0.0000e+00 (0.0000e+00)	Acc@1 100.00 (100.00)	Acc@5 100.00 (100.00)
21-Jan-26 11:13:19 - Epoch: [53][ 699/1176]	Time  0.177 ( 0.180)	Data  0.000 ( 0.000)	Loss 0.0000e+00 (0.0000e+00)	Acc@1 100.00 (100.00)	Acc@5 100.00 (100.00)
21-Jan-26 11:13:37 - Epoch: [53][ 799/1176]	Time  0.177 ( 0.180)	Data  0.000 ( 0.000)	Loss 0.0000e+00 (0.0000e+00)	Acc@1 100.00 (100.00)	Acc@5 100.00 (100.00)
21-Jan-26 11:13:55 - Epoch: [53][ 899/1176]	Time  0.177 ( 0.180)	Data  0.000 ( 0.000)	Loss 0.0000e+00 (0.0000e+00)	Acc@1 100.00 (100.00)	Acc@5 100.00 (100.00)
21-Jan-26 11:14:13 - Epoch: [53][ 999/1176]	Time  0.180 ( 0.180)	Data  0.000 ( 0.000)	Loss 0.0000e+00 (0.0000e+00)	Acc@1 100.00 (100.00)	Acc@5 100.00 (100.00)
21-Jan-26 11:14:31 - Epoch: [53][1099/1176]	Time  0.179 ( 0.180)	Data  0.000 ( 0.000)	Loss 0.0000e+00 (0.0000e+00)	Acc@1 100.00 (100.00)	Acc@5 100.00 (100.00)
21-Jan-26 11:14:45 -  @Training * Acc@1 100.000 Acc@5 100.000 Loss 0.000
21-Jan-26 11:14:45 - One training epoch latency: 211.3s | Avg Power: 241.9W | Energy: 51111.1439J
21-Jan-26 11:14:59 -  @Testing * Acc@1 96.528 Acc@5 99.653 Loss 2.226
21-Jan-26 11:14:59 - Best acc at epoch 53: 96.875
21-Jan-26 11:14:59 - Last learning rate: [1.953125e-06]
21-Jan-26 11:14:59 - 	 Epoch 54...
21-Jan-26 11:15:17 - Epoch: [54][  99/1176]	Time  0.178 ( 0.184)	Data  0.000 ( 0.002)	Loss 0.0000e+00 (0.0000e+00)	Acc@1 100.00 (100.00)	Acc@5 100.00 (100.00)
21-Jan-26 11:15:35 - Epoch: [54][ 199/1176]	Time  0.180 ( 0.182)	Data  0.000 ( 0.001)	Loss 0.0000e+00 (0.0000e+00)	Acc@1 100.00 (100.00)	Acc@5 100.00 (100.00)
21-Jan-26 11:15:53 - Epoch: [54][ 299/1176]	Time  0.178 ( 0.181)	Data  0.000 ( 0.001)	Loss 0.0000e+00 (0.0000e+00)	Acc@1 100.00 (100.00)	Acc@5 100.00 (100.00)
21-Jan-26 11:16:11 - Epoch: [54][ 399/1176]	Time  0.178 ( 0.181)	Data  0.000 ( 0.001)	Loss 0.0000e+00 (0.0000e+00)	Acc@1 100.00 (100.00)	Acc@5 100.00 (100.00)
21-Jan-26 11:16:29 - Epoch: [54][ 499/1176]	Time  0.195 ( 0.181)	Data  0.000 ( 0.001)	Loss 0.0000e+00 (0.0000e+00)	Acc@1 100.00 (100.00)	Acc@5 100.00 (100.00)
21-Jan-26 11:16:47 - Epoch: [54][ 599/1176]	Time  0.186 ( 0.181)	Data  0.000 ( 0.000)	Loss 0.0000e+00 (0.0000e+00)	Acc@1 100.00 (100.00)	Acc@5 100.00 (100.00)
21-Jan-26 11:17:05 - Epoch: [54][ 699/1176]	Time  0.177 ( 0.180)	Data  0.000 ( 0.000)	Loss 0.0000e+00 (0.0000e+00)	Acc@1 100.00 (100.00)	Acc@5 100.00 (100.00)
21-Jan-26 11:17:23 - Epoch: [54][ 799/1176]	Time  0.174 ( 0.180)	Data  0.000 ( 0.000)	Loss 0.0000e+00 (0.0000e+00)	Acc@1 100.00 (100.00)	Acc@5 100.00 (100.00)
21-Jan-26 11:17:41 - Epoch: [54][ 899/1176]	Time  0.175 ( 0.180)	Data  0.000 ( 0.000)	Loss 0.0000e+00 (0.0000e+00)	Acc@1 100.00 (100.00)	Acc@5 100.00 (100.00)
21-Jan-26 11:17:59 - Epoch: [54][ 999/1176]	Time  0.178 ( 0.180)	Data  0.000 ( 0.000)	Loss 0.0000e+00 (0.0000e+00)	Acc@1 100.00 (100.00)	Acc@5 100.00 (100.00)
21-Jan-26 11:18:17 - Epoch: [54][1099/1176]	Time  0.173 ( 0.180)	Data  0.000 ( 0.000)	Loss 0.0000e+00 (0.0000e+00)	Acc@1 100.00 (100.00)	Acc@5 100.00 (100.00)
21-Jan-26 11:18:30 -  @Training * Acc@1 100.000 Acc@5 100.000 Loss 0.000
21-Jan-26 11:18:31 - One training epoch latency: 211.7s | Avg Power: 243.1W | Energy: 51463.3718J
21-Jan-26 11:18:44 -  @Testing * Acc@1 96.875 Acc@5 99.653 Loss 2.363
21-Jan-26 11:18:44 - Best acc at epoch 54: 96.875
21-Jan-26 11:18:44 - Last learning rate: [1.953125e-06]
21-Jan-26 11:18:44 - 	 Epoch 55...
21-Jan-26 11:19:02 - Epoch: [55][  99/1176]	Time  0.177 ( 0.182)	Data  0.000 ( 0.002)	Loss 0.0000e+00 (0.0000e+00)	Acc@1 100.00 (100.00)	Acc@5 100.00 (100.00)
21-Jan-26 11:19:20 - Epoch: [55][ 199/1176]	Time  0.177 ( 0.181)	Data  0.000 ( 0.001)	Loss 0.0000e+00 (0.0000e+00)	Acc@1 100.00 (100.00)	Acc@5 100.00 (100.00)
21-Jan-26 11:19:38 - Epoch: [55][ 299/1176]	Time  0.179 ( 0.181)	Data  0.000 ( 0.001)	Loss 0.0000e+00 (0.0000e+00)	Acc@1 100.00 (100.00)	Acc@5 100.00 (100.00)
21-Jan-26 11:19:56 - Epoch: [55][ 399/1176]	Time  0.177 ( 0.180)	Data  0.000 ( 0.001)	Loss 0.0000e+00 (0.0000e+00)	Acc@1 100.00 (100.00)	Acc@5 100.00 (100.00)
21-Jan-26 11:20:14 - Epoch: [55][ 499/1176]	Time  0.177 ( 0.180)	Data  0.000 ( 0.001)	Loss 0.0000e+00 (0.0000e+00)	Acc@1 100.00 (100.00)	Acc@5 100.00 (100.00)
21-Jan-26 11:20:32 - Epoch: [55][ 599/1176]	Time  0.177 ( 0.180)	Data  0.000 ( 0.000)	Loss 0.0000e+00 (0.0000e+00)	Acc@1 100.00 (100.00)	Acc@5 100.00 (100.00)
21-Jan-26 11:20:50 - Epoch: [55][ 699/1176]	Time  0.177 ( 0.180)	Data  0.000 ( 0.000)	Loss 0.0000e+00 (0.0000e+00)	Acc@1 100.00 (100.00)	Acc@5 100.00 (100.00)
21-Jan-26 11:21:08 - Epoch: [55][ 799/1176]	Time  0.196 ( 0.180)	Data  0.000 ( 0.000)	Loss 0.0000e+00 (0.0000e+00)	Acc@1 100.00 (100.00)	Acc@5 100.00 (100.00)
21-Jan-26 11:21:26 - Epoch: [55][ 899/1176]	Time  0.185 ( 0.180)	Data  0.000 ( 0.000)	Loss 0.0000e+00 (0.0000e+00)	Acc@1 100.00 (100.00)	Acc@5 100.00 (100.00)
21-Jan-26 11:21:44 - Epoch: [55][ 999/1176]	Time  0.177 ( 0.180)	Data  0.000 ( 0.000)	Loss 0.0000e+00 (0.0000e+00)	Acc@1 100.00 (100.00)	Acc@5 100.00 (100.00)
21-Jan-26 11:22:02 - Epoch: [55][1099/1176]	Time  0.177 ( 0.180)	Data  0.000 ( 0.000)	Loss 0.0000e+00 (0.0000e+00)	Acc@1 100.00 (100.00)	Acc@5 100.00 (100.00)
21-Jan-26 11:22:16 -  @Training * Acc@1 100.000 Acc@5 100.000 Loss 0.000
21-Jan-26 11:22:16 - One training epoch latency: 211.3s | Avg Power: 241.8W | Energy: 51096.4489J
21-Jan-26 11:22:29 -  @Testing * Acc@1 96.181 Acc@5 99.653 Loss 2.284
21-Jan-26 11:22:29 - Best acc at epoch 55: 96.875
21-Jan-26 11:22:29 - Last learning rate: [1.953125e-06]
21-Jan-26 11:22:29 - 	 Epoch 56...
21-Jan-26 11:22:47 - Epoch: [56][  99/1176]	Time  0.180 ( 0.182)	Data  0.000 ( 0.002)	Loss 0.0000e+00 (0.0000e+00)	Acc@1 100.00 (100.00)	Acc@5 100.00 (100.00)
21-Jan-26 11:23:05 - Epoch: [56][ 199/1176]	Time  0.180 ( 0.181)	Data  0.000 ( 0.001)	Loss 0.0000e+00 (0.0000e+00)	Acc@1 100.00 (100.00)	Acc@5 100.00 (100.00)
21-Jan-26 11:23:23 - Epoch: [56][ 299/1176]	Time  0.180 ( 0.181)	Data  0.000 ( 0.001)	Loss 0.0000e+00 (0.0000e+00)	Acc@1 100.00 (100.00)	Acc@5 100.00 (100.00)
21-Jan-26 11:23:41 - Epoch: [56][ 399/1176]	Time  0.177 ( 0.180)	Data  0.000 ( 0.001)	Loss 0.0000e+00 (0.0000e+00)	Acc@1 100.00 (100.00)	Acc@5 100.00 (100.00)
21-Jan-26 11:23:59 - Epoch: [56][ 499/1176]	Time  0.180 ( 0.180)	Data  0.000 ( 0.001)	Loss 0.0000e+00 (0.0000e+00)	Acc@1 100.00 (100.00)	Acc@5 100.00 (100.00)
21-Jan-26 11:24:17 - Epoch: [56][ 599/1176]	Time  0.177 ( 0.180)	Data  0.000 ( 0.001)	Loss 0.0000e+00 (0.0000e+00)	Acc@1 100.00 (100.00)	Acc@5 100.00 (100.00)
21-Jan-26 11:24:35 - Epoch: [56][ 699/1176]	Time  0.177 ( 0.180)	Data  0.000 ( 0.000)	Loss 0.0000e+00 (0.0000e+00)	Acc@1 100.00 (100.00)	Acc@5 100.00 (100.00)
21-Jan-26 11:24:53 - Epoch: [56][ 799/1176]	Time  0.186 ( 0.180)	Data  0.000 ( 0.000)	Loss 0.0000e+00 (0.0000e+00)	Acc@1 100.00 (100.00)	Acc@5 100.00 (100.00)
21-Jan-26 11:25:11 - Epoch: [56][ 899/1176]	Time  0.174 ( 0.180)	Data  0.000 ( 0.000)	Loss 0.0000e+00 (0.0000e+00)	Acc@1 100.00 (100.00)	Acc@5 100.00 (100.00)
21-Jan-26 11:25:29 - Epoch: [56][ 999/1176]	Time  0.177 ( 0.180)	Data  0.000 ( 0.000)	Loss 0.0000e+00 (0.0000e+00)	Acc@1 100.00 (100.00)	Acc@5 100.00 (100.00)
21-Jan-26 11:25:47 - Epoch: [56][1099/1176]	Time  0.177 ( 0.180)	Data  0.000 ( 0.000)	Loss 0.0000e+00 (0.0000e+00)	Acc@1 100.00 (100.00)	Acc@5 100.00 (100.00)
21-Jan-26 11:26:00 -  @Training * Acc@1 100.000 Acc@5 100.000 Loss 0.000
21-Jan-26 11:26:01 - One training epoch latency: 211.2s | Avg Power: 242.1W | Energy: 51127.8495J
21-Jan-26 11:26:14 -  @Testing * Acc@1 96.181 Acc@5 99.653 Loss 2.455
21-Jan-26 11:26:14 - Best acc at epoch 56: 96.875
21-Jan-26 11:26:14 - Last learning rate: [1.953125e-06]
21-Jan-26 11:26:14 - 	 Epoch 57...
21-Jan-26 11:26:32 - Epoch: [57][  99/1176]	Time  0.177 ( 0.182)	Data  0.000 ( 0.002)	Loss 0.0000e+00 (0.0000e+00)	Acc@1 100.00 (100.00)	Acc@5 100.00 (100.00)
21-Jan-26 11:26:50 - Epoch: [57][ 199/1176]	Time  0.177 ( 0.181)	Data  0.000 ( 0.001)	Loss 0.0000e+00 (0.0000e+00)	Acc@1 100.00 (100.00)	Acc@5 100.00 (100.00)
21-Jan-26 11:27:08 - Epoch: [57][ 299/1176]	Time  0.177 ( 0.180)	Data  0.000 ( 0.001)	Loss 0.0000e+00 (0.0000e+00)	Acc@1 100.00 (100.00)	Acc@5 100.00 (100.00)
21-Jan-26 11:27:26 - Epoch: [57][ 399/1176]	Time  0.200 ( 0.180)	Data  0.011 ( 0.001)	Loss 0.0000e+00 (0.0000e+00)	Acc@1 100.00 (100.00)	Acc@5 100.00 (100.00)
21-Jan-26 11:27:44 - Epoch: [57][ 499/1176]	Time  0.198 ( 0.180)	Data  0.000 ( 0.001)	Loss 0.0000e+00 (0.0000e+00)	Acc@1 100.00 (100.00)	Acc@5 100.00 (100.00)
21-Jan-26 11:28:02 - Epoch: [57][ 599/1176]	Time  0.186 ( 0.180)	Data  0.000 ( 0.001)	Loss 0.0000e+00 (0.0000e+00)	Acc@1 100.00 (100.00)	Acc@5 100.00 (100.00)
21-Jan-26 11:28:20 - Epoch: [57][ 699/1176]	Time  0.177 ( 0.180)	Data  0.000 ( 0.000)	Loss 0.0000e+00 (0.0000e+00)	Acc@1 100.00 (100.00)	Acc@5 100.00 (100.00)
21-Jan-26 11:28:38 - Epoch: [57][ 799/1176]	Time  0.177 ( 0.180)	Data  0.000 ( 0.000)	Loss 0.0000e+00 (0.0000e+00)	Acc@1 100.00 (100.00)	Acc@5 100.00 (100.00)
21-Jan-26 11:28:56 - Epoch: [57][ 899/1176]	Time  0.180 ( 0.180)	Data  0.000 ( 0.000)	Loss 0.0000e+00 (0.0000e+00)	Acc@1 100.00 (100.00)	Acc@5 100.00 (100.00)
21-Jan-26 11:29:14 - Epoch: [57][ 999/1176]	Time  0.177 ( 0.180)	Data  0.000 ( 0.000)	Loss 0.0000e+00 (0.0000e+00)	Acc@1 100.00 (100.00)	Acc@5 100.00 (100.00)
21-Jan-26 11:29:32 - Epoch: [57][1099/1176]	Time  0.176 ( 0.180)	Data  0.000 ( 0.000)	Loss 0.0000e+00 (0.0000e+00)	Acc@1 100.00 (100.00)	Acc@5 100.00 (100.00)
21-Jan-26 11:29:45 -  @Training * Acc@1 100.000 Acc@5 100.000 Loss 0.000
21-Jan-26 11:29:45 - One training epoch latency: 211.1s | Avg Power: 243.0W | Energy: 51313.9801J
21-Jan-26 11:29:59 -  @Testing * Acc@1 96.181 Acc@5 99.653 Loss 2.338
21-Jan-26 11:29:59 - Best acc at epoch 57: 96.875
21-Jan-26 11:29:59 - Last learning rate: [9.765625e-07]
21-Jan-26 11:29:59 - 	 Epoch 58...
21-Jan-26 11:30:17 - Epoch: [58][  99/1176]	Time  0.177 ( 0.182)	Data  0.000 ( 0.002)	Loss 0.0000e+00 (0.0000e+00)	Acc@1 100.00 (100.00)	Acc@5 100.00 (100.00)
21-Jan-26 11:30:35 - Epoch: [58][ 199/1176]	Time  0.176 ( 0.182)	Data  0.000 ( 0.001)	Loss 0.0000e+00 (0.0000e+00)	Acc@1 100.00 (100.00)	Acc@5 100.00 (100.00)
21-Jan-26 11:30:53 - Epoch: [58][ 299/1176]	Time  0.177 ( 0.181)	Data  0.000 ( 0.001)	Loss 0.0000e+00 (0.0000e+00)	Acc@1 100.00 (100.00)	Acc@5 100.00 (100.00)
21-Jan-26 11:31:11 - Epoch: [58][ 399/1176]	Time  0.176 ( 0.181)	Data  0.000 ( 0.001)	Loss 0.0000e+00 (0.0000e+00)	Acc@1 100.00 (100.00)	Acc@5 100.00 (100.00)
21-Jan-26 11:31:29 - Epoch: [58][ 499/1176]	Time  0.177 ( 0.180)	Data  0.000 ( 0.001)	Loss 0.0000e+00 (0.0000e+00)	Acc@1 100.00 (100.00)	Acc@5 100.00 (100.00)
21-Jan-26 11:31:47 - Epoch: [58][ 599/1176]	Time  0.177 ( 0.180)	Data  0.000 ( 0.001)	Loss 0.0000e+00 (0.0000e+00)	Acc@1 100.00 (100.00)	Acc@5 100.00 (100.00)
21-Jan-26 11:32:05 - Epoch: [58][ 699/1176]	Time  0.186 ( 0.180)	Data  0.000 ( 0.001)	Loss 0.0000e+00 (0.0000e+00)	Acc@1 100.00 (100.00)	Acc@5 100.00 (100.00)
21-Jan-26 11:32:23 - Epoch: [58][ 799/1176]	Time  0.189 ( 0.180)	Data  0.000 ( 0.000)	Loss 0.0000e+00 (0.0000e+00)	Acc@1 100.00 (100.00)	Acc@5 100.00 (100.00)
21-Jan-26 11:32:41 - Epoch: [58][ 899/1176]	Time  0.179 ( 0.180)	Data  0.000 ( 0.000)	Loss 0.0000e+00 (0.0000e+00)	Acc@1 100.00 (100.00)	Acc@5 100.00 (100.00)
21-Jan-26 11:32:59 - Epoch: [58][ 999/1176]	Time  0.174 ( 0.180)	Data  0.000 ( 0.000)	Loss 0.0000e+00 (0.0000e+00)	Acc@1 100.00 (100.00)	Acc@5 100.00 (100.00)
21-Jan-26 11:33:17 - Epoch: [58][1099/1176]	Time  0.177 ( 0.180)	Data  0.000 ( 0.000)	Loss 0.0000e+00 (0.0000e+00)	Acc@1 100.00 (100.00)	Acc@5 100.00 (100.00)
21-Jan-26 11:33:30 -  @Training * Acc@1 100.000 Acc@5 100.000 Loss 0.000
21-Jan-26 11:33:30 - One training epoch latency: 211.4s | Avg Power: 242.5W | Energy: 51259.2394J
21-Jan-26 11:33:44 -  @Testing * Acc@1 96.528 Acc@5 99.653 Loss 2.340
21-Jan-26 11:33:44 - Best acc at epoch 58: 96.875
21-Jan-26 11:33:44 - Last learning rate: [9.765625e-07]
21-Jan-26 11:33:44 - 	 Epoch 59...
21-Jan-26 11:34:02 - Epoch: [59][  99/1176]	Time  0.176 ( 0.182)	Data  0.000 ( 0.002)	Loss 0.0000e+00 (0.0000e+00)	Acc@1 100.00 (100.00)	Acc@5 100.00 (100.00)
21-Jan-26 11:34:20 - Epoch: [59][ 199/1176]	Time  0.180 ( 0.181)	Data  0.000 ( 0.001)	Loss 0.0000e+00 (0.0000e+00)	Acc@1 100.00 (100.00)	Acc@5 100.00 (100.00)
21-Jan-26 11:34:38 - Epoch: [59][ 299/1176]	Time  0.177 ( 0.181)	Data  0.000 ( 0.001)	Loss 0.0000e+00 (0.0000e+00)	Acc@1 100.00 (100.00)	Acc@5 100.00 (100.00)
21-Jan-26 11:34:56 - Epoch: [59][ 399/1176]	Time  0.177 ( 0.180)	Data  0.000 ( 0.001)	Loss 0.0000e+00 (0.0000e+00)	Acc@1 100.00 (100.00)	Acc@5 100.00 (100.00)
21-Jan-26 11:35:14 - Epoch: [59][ 499/1176]	Time  0.200 ( 0.180)	Data  0.000 ( 0.001)	Loss 0.0000e+00 (0.0000e+00)	Acc@1 100.00 (100.00)	Acc@5 100.00 (100.00)
21-Jan-26 11:35:32 - Epoch: [59][ 599/1176]	Time  0.181 ( 0.180)	Data  0.000 ( 0.000)	Loss 0.0000e+00 (0.0000e+00)	Acc@1 100.00 (100.00)	Acc@5 100.00 (100.00)
21-Jan-26 11:35:50 - Epoch: [59][ 699/1176]	Time  0.180 ( 0.180)	Data  0.000 ( 0.000)	Loss 0.0000e+00 (0.0000e+00)	Acc@1 100.00 (100.00)	Acc@5 100.00 (100.00)
21-Jan-26 11:36:08 - Epoch: [59][ 799/1176]	Time  0.176 ( 0.180)	Data  0.000 ( 0.000)	Loss 0.0000e+00 (0.0000e+00)	Acc@1 100.00 (100.00)	Acc@5 100.00 (100.00)
21-Jan-26 11:36:26 - Epoch: [59][ 899/1176]	Time  0.176 ( 0.180)	Data  0.000 ( 0.000)	Loss 0.0000e+00 (0.0000e+00)	Acc@1 100.00 (100.00)	Acc@5 100.00 (100.00)
21-Jan-26 11:36:44 - Epoch: [59][ 999/1176]	Time  0.174 ( 0.180)	Data  0.000 ( 0.000)	Loss 0.0000e+00 (0.0000e+00)	Acc@1 100.00 (100.00)	Acc@5 100.00 (100.00)
21-Jan-26 11:37:02 - Epoch: [59][1099/1176]	Time  0.177 ( 0.180)	Data  0.000 ( 0.000)	Loss 0.0000e+00 (0.0000e+00)	Acc@1 100.00 (100.00)	Acc@5 100.00 (100.00)
21-Jan-26 11:37:15 -  @Training * Acc@1 100.000 Acc@5 100.000 Loss 0.000
21-Jan-26 11:37:16 - One training epoch latency: 211.3s | Avg Power: 241.7W | Energy: 51077.0122J
21-Jan-26 11:37:29 -  @Testing * Acc@1 96.875 Acc@5 99.653 Loss 2.245
21-Jan-26 11:37:29 - Best acc at epoch 59: 96.875
21-Jan-26 11:37:29 - Last learning rate: [9.765625e-07]
21-Jan-26 11:37:29 - 	 Epoch 60...
21-Jan-26 11:37:47 - Epoch: [60][  99/1176]	Time  0.177 ( 0.182)	Data  0.000 ( 0.002)	Loss 0.0000e+00 (0.0000e+00)	Acc@1 100.00 (100.00)	Acc@5 100.00 (100.00)
21-Jan-26 11:38:05 - Epoch: [60][ 199/1176]	Time  0.176 ( 0.181)	Data  0.000 ( 0.001)	Loss 0.0000e+00 (0.0000e+00)	Acc@1 100.00 (100.00)	Acc@5 100.00 (100.00)
21-Jan-26 11:38:23 - Epoch: [60][ 299/1176]	Time  0.176 ( 0.181)	Data  0.000 ( 0.001)	Loss 0.0000e+00 (0.0000e+00)	Acc@1 100.00 (100.00)	Acc@5 100.00 (100.00)
21-Jan-26 11:38:41 - Epoch: [60][ 399/1176]	Time  0.179 ( 0.180)	Data  0.000 ( 0.001)	Loss 0.0000e+00 (0.0000e+00)	Acc@1 100.00 (100.00)	Acc@5 100.00 (100.00)
21-Jan-26 11:38:59 - Epoch: [60][ 499/1176]	Time  0.178 ( 0.180)	Data  0.000 ( 0.001)	Loss 0.0000e+00 (0.0000e+00)	Acc@1 100.00 (100.00)	Acc@5 100.00 (100.00)
21-Jan-26 11:39:17 - Epoch: [60][ 599/1176]	Time  0.176 ( 0.180)	Data  0.000 ( 0.001)	Loss 0.0000e+00 (0.0000e+00)	Acc@1 100.00 (100.00)	Acc@5 100.00 (100.00)
21-Jan-26 11:39:35 - Epoch: [60][ 699/1176]	Time  0.198 ( 0.180)	Data  0.000 ( 0.000)	Loss 0.0000e+00 (0.0000e+00)	Acc@1 100.00 (100.00)	Acc@5 100.00 (100.00)
21-Jan-26 11:39:53 - Epoch: [60][ 799/1176]	Time  0.185 ( 0.180)	Data  0.000 ( 0.000)	Loss 0.0000e+00 (0.0000e+00)	Acc@1 100.00 (100.00)	Acc@5 100.00 (100.00)
21-Jan-26 11:40:11 - Epoch: [60][ 899/1176]	Time  0.177 ( 0.180)	Data  0.000 ( 0.000)	Loss 0.0000e+00 (0.0000e+00)	Acc@1 100.00 (100.00)	Acc@5 100.00 (100.00)
21-Jan-26 11:40:29 - Epoch: [60][ 999/1176]	Time  0.180 ( 0.180)	Data  0.000 ( 0.000)	Loss 0.0000e+00 (0.0000e+00)	Acc@1 100.00 (100.00)	Acc@5 100.00 (100.00)
21-Jan-26 11:40:47 - Epoch: [60][1099/1176]	Time  0.177 ( 0.179)	Data  0.000 ( 0.000)	Loss 0.0000e+00 (0.0000e+00)	Acc@1 100.00 (100.00)	Acc@5 100.00 (100.00)
21-Jan-26 11:41:00 -  @Training * Acc@1 100.000 Acc@5 100.000 Loss 0.000
21-Jan-26 11:41:00 - One training epoch latency: 211.1s | Avg Power: 242.9W | Energy: 51275.4261J
21-Jan-26 11:41:14 -  @Testing * Acc@1 96.528 Acc@5 99.653 Loss 2.336
21-Jan-26 11:41:14 - Best acc at epoch 60: 96.875
21-Jan-26 11:41:14 - Last learning rate: [9.765625e-07]
21-Jan-26 11:41:14 - 	 Epoch 61...
21-Jan-26 11:41:32 - Epoch: [61][  99/1176]	Time  0.176 ( 0.183)	Data  0.000 ( 0.002)	Loss 0.0000e+00 (0.0000e+00)	Acc@1 100.00 (100.00)	Acc@5 100.00 (100.00)
21-Jan-26 11:41:50 - Epoch: [61][ 199/1176]	Time  0.177 ( 0.181)	Data  0.000 ( 0.001)	Loss 0.0000e+00 (0.0000e+00)	Acc@1 100.00 (100.00)	Acc@5 100.00 (100.00)
21-Jan-26 11:42:08 - Epoch: [61][ 299/1176]	Time  0.179 ( 0.181)	Data  0.000 ( 0.001)	Loss 0.0000e+00 (0.0000e+00)	Acc@1 100.00 (100.00)	Acc@5 100.00 (100.00)
21-Jan-26 11:42:26 - Epoch: [61][ 399/1176]	Time  0.177 ( 0.180)	Data  0.000 ( 0.001)	Loss 0.0000e+00 (0.0000e+00)	Acc@1 100.00 (100.00)	Acc@5 100.00 (100.00)
21-Jan-26 11:42:44 - Epoch: [61][ 499/1176]	Time  0.176 ( 0.180)	Data  0.000 ( 0.001)	Loss 0.0000e+00 (0.0000e+00)	Acc@1 100.00 (100.00)	Acc@5 100.00 (100.00)
21-Jan-26 11:43:02 - Epoch: [61][ 599/1176]	Time  0.194 ( 0.180)	Data  0.000 ( 0.001)	Loss 0.0000e+00 (0.0000e+00)	Acc@1 100.00 (100.00)	Acc@5 100.00 (100.00)
21-Jan-26 11:43:20 - Epoch: [61][ 699/1176]	Time  0.180 ( 0.180)	Data  0.000 ( 0.001)	Loss 0.0000e+00 (0.0000e+00)	Acc@1 100.00 (100.00)	Acc@5 100.00 (100.00)
21-Jan-26 11:43:38 - Epoch: [61][ 799/1176]	Time  0.178 ( 0.180)	Data  0.000 ( 0.000)	Loss 0.0000e+00 (0.0000e+00)	Acc@1 100.00 (100.00)	Acc@5 100.00 (100.00)
21-Jan-26 11:43:56 - Epoch: [61][ 899/1176]	Time  0.177 ( 0.180)	Data  0.000 ( 0.000)	Loss 0.0000e+00 (0.0000e+00)	Acc@1 100.00 (100.00)	Acc@5 100.00 (100.00)
21-Jan-26 11:44:14 - Epoch: [61][ 999/1176]	Time  0.180 ( 0.180)	Data  0.000 ( 0.000)	Loss 0.0000e+00 (0.0000e+00)	Acc@1 100.00 (100.00)	Acc@5 100.00 (100.00)
21-Jan-26 11:44:32 - Epoch: [61][1099/1176]	Time  0.177 ( 0.180)	Data  0.000 ( 0.000)	Loss 0.0000e+00 (0.0000e+00)	Acc@1 100.00 (100.00)	Acc@5 100.00 (100.00)
21-Jan-26 11:44:45 -  @Training * Acc@1 100.000 Acc@5 100.000 Loss 0.000
21-Jan-26 11:44:45 - One training epoch latency: 211.2s | Avg Power: 242.9W | Energy: 51303.0973J
21-Jan-26 11:44:59 -  @Testing * Acc@1 96.528 Acc@5 99.653 Loss 2.269
21-Jan-26 11:44:59 - Best acc at epoch 61: 96.875
21-Jan-26 11:44:59 - Last learning rate: [9.765625e-07]
21-Jan-26 11:44:59 - 	 Epoch 62...
21-Jan-26 11:45:17 - Epoch: [62][  99/1176]	Time  0.177 ( 0.182)	Data  0.000 ( 0.002)	Loss 0.0000e+00 (0.0000e+00)	Acc@1 100.00 (100.00)	Acc@5 100.00 (100.00)
21-Jan-26 11:45:35 - Epoch: [62][ 199/1176]	Time  0.177 ( 0.181)	Data  0.000 ( 0.001)	Loss 0.0000e+00 (0.0000e+00)	Acc@1 100.00 (100.00)	Acc@5 100.00 (100.00)
21-Jan-26 11:45:53 - Epoch: [62][ 299/1176]	Time  0.176 ( 0.180)	Data  0.000 ( 0.001)	Loss 0.0000e+00 (0.0000e+00)	Acc@1 100.00 (100.00)	Acc@5 100.00 (100.00)
21-Jan-26 11:46:11 - Epoch: [62][ 399/1176]	Time  0.177 ( 0.180)	Data  0.000 ( 0.001)	Loss 0.0000e+00 (0.0000e+00)	Acc@1 100.00 (100.00)	Acc@5 100.00 (100.00)
21-Jan-26 11:46:29 - Epoch: [62][ 499/1176]	Time  0.174 ( 0.180)	Data  0.000 ( 0.001)	Loss 0.0000e+00 (0.0000e+00)	Acc@1 100.00 (100.00)	Acc@5 100.00 (100.00)
21-Jan-26 11:46:47 - Epoch: [62][ 599/1176]	Time  0.188 ( 0.180)	Data  0.000 ( 0.001)	Loss 0.0000e+00 (0.0000e+00)	Acc@1 100.00 (100.00)	Acc@5 100.00 (100.00)
21-Jan-26 11:47:05 - Epoch: [62][ 699/1176]	Time  0.185 ( 0.180)	Data  0.000 ( 0.000)	Loss 0.0000e+00 (0.0000e+00)	Acc@1 100.00 (100.00)	Acc@5 100.00 (100.00)
21-Jan-26 11:47:23 - Epoch: [62][ 799/1176]	Time  0.177 ( 0.180)	Data  0.000 ( 0.000)	Loss 0.0000e+00 (0.0000e+00)	Acc@1 100.00 (100.00)	Acc@5 100.00 (100.00)
21-Jan-26 11:47:41 - Epoch: [62][ 899/1176]	Time  0.177 ( 0.180)	Data  0.000 ( 0.000)	Loss 0.0000e+00 (0.0000e+00)	Acc@1 100.00 (100.00)	Acc@5 100.00 (100.00)
21-Jan-26 11:47:59 - Epoch: [62][ 999/1176]	Time  0.179 ( 0.180)	Data  0.000 ( 0.000)	Loss 0.0000e+00 (0.0000e+00)	Acc@1 100.00 (100.00)	Acc@5 100.00 (100.00)
21-Jan-26 11:48:17 - Epoch: [62][1099/1176]	Time  0.176 ( 0.179)	Data  0.000 ( 0.000)	Loss 0.0000e+00 (0.0000e+00)	Acc@1 100.00 (100.00)	Acc@5 100.00 (100.00)
21-Jan-26 11:48:30 -  @Training * Acc@1 100.000 Acc@5 100.000 Loss 0.000
21-Jan-26 11:48:30 - One training epoch latency: 211.0s | Avg Power: 241.9W | Energy: 51049.9460J
21-Jan-26 11:48:44 -  @Testing * Acc@1 96.181 Acc@5 99.653 Loss 2.304
21-Jan-26 11:48:44 - Best acc at epoch 62: 96.875
21-Jan-26 11:48:44 - Last learning rate: [9.765625e-07]
21-Jan-26 11:48:44 - 	 Epoch 63...
21-Jan-26 11:49:02 - Epoch: [63][  99/1176]	Time  0.176 ( 0.182)	Data  0.000 ( 0.002)	Loss 0.0000e+00 (0.0000e+00)	Acc@1 100.00 (100.00)	Acc@5 100.00 (100.00)
21-Jan-26 11:49:20 - Epoch: [63][ 199/1176]	Time  0.177 ( 0.181)	Data  0.000 ( 0.001)	Loss 0.0000e+00 (0.0000e+00)	Acc@1 100.00 (100.00)	Acc@5 100.00 (100.00)
21-Jan-26 11:49:38 - Epoch: [63][ 299/1176]	Time  0.174 ( 0.180)	Data  0.000 ( 0.001)	Loss 0.0000e+00 (0.0000e+00)	Acc@1 100.00 (100.00)	Acc@5 100.00 (100.00)
21-Jan-26 11:49:56 - Epoch: [63][ 399/1176]	Time  0.185 ( 0.180)	Data  0.000 ( 0.001)	Loss 0.0000e+00 (0.0000e+00)	Acc@1 100.00 (100.00)	Acc@5 100.00 (100.00)
21-Jan-26 11:50:14 - Epoch: [63][ 499/1176]	Time  0.187 ( 0.180)	Data  0.000 ( 0.001)	Loss 0.0000e+00 (0.0000e+00)	Acc@1 100.00 (100.00)	Acc@5 100.00 (100.00)
21-Jan-26 11:50:32 - Epoch: [63][ 599/1176]	Time  0.177 ( 0.180)	Data  0.000 ( 0.001)	Loss 0.0000e+00 (0.0000e+00)	Acc@1 100.00 (100.00)	Acc@5 100.00 (100.00)
21-Jan-26 11:50:50 - Epoch: [63][ 699/1176]	Time  0.177 ( 0.179)	Data  0.000 ( 0.001)	Loss 0.0000e+00 (0.0000e+00)	Acc@1 100.00 (100.00)	Acc@5 100.00 (100.00)
21-Jan-26 11:51:08 - Epoch: [63][ 799/1176]	Time  0.177 ( 0.179)	Data  0.000 ( 0.000)	Loss 0.0000e+00 (0.0000e+00)	Acc@1 100.00 (100.00)	Acc@5 100.00 (100.00)
21-Jan-26 11:51:25 - Epoch: [63][ 899/1176]	Time  0.174 ( 0.179)	Data  0.000 ( 0.000)	Loss 0.0000e+00 (0.0000e+00)	Acc@1 100.00 (100.00)	Acc@5 100.00 (100.00)
21-Jan-26 11:51:43 - Epoch: [63][ 999/1176]	Time  0.179 ( 0.179)	Data  0.000 ( 0.000)	Loss 0.0000e+00 (0.0000e+00)	Acc@1 100.00 (100.00)	Acc@5 100.00 (100.00)
21-Jan-26 11:52:01 - Epoch: [63][1099/1176]	Time  0.192 ( 0.179)	Data  0.000 ( 0.000)	Loss 0.0000e+00 (0.0000e+00)	Acc@1 100.00 (100.00)	Acc@5 100.00 (100.00)
21-Jan-26 11:52:15 -  @Training * Acc@1 100.000 Acc@5 100.000 Loss 0.000
21-Jan-26 11:52:15 - One training epoch latency: 210.7s | Avg Power: 243.0W | Energy: 51193.4403J
21-Jan-26 11:52:28 -  @Testing * Acc@1 96.181 Acc@5 99.653 Loss 2.236
21-Jan-26 11:52:28 - Best acc at epoch 63: 96.875
21-Jan-26 11:52:29 - Last learning rate: [4.8828125e-07]
21-Jan-26 11:52:29 - 	 Epoch 64...
21-Jan-26 11:52:47 - Epoch: [64][  99/1176]	Time  0.176 ( 0.182)	Data  0.000 ( 0.002)	Loss 0.0000e+00 (0.0000e+00)	Acc@1 100.00 (100.00)	Acc@5 100.00 (100.00)
21-Jan-26 11:53:05 - Epoch: [64][ 199/1176]	Time  0.177 ( 0.181)	Data  0.000 ( 0.001)	Loss 0.0000e+00 (0.0000e+00)	Acc@1 100.00 (100.00)	Acc@5 100.00 (100.00)
21-Jan-26 11:53:23 - Epoch: [64][ 299/1176]	Time  0.177 ( 0.180)	Data  0.000 ( 0.001)	Loss 0.0000e+00 (0.0000e+00)	Acc@1 100.00 (100.00)	Acc@5 100.00 (100.00)
21-Jan-26 11:53:41 - Epoch: [64][ 399/1176]	Time  0.180 ( 0.180)	Data  0.000 ( 0.001)	Loss 0.0000e+00 (0.0000e+00)	Acc@1 100.00 (100.00)	Acc@5 100.00 (100.00)
21-Jan-26 11:53:58 - Epoch: [64][ 499/1176]	Time  0.176 ( 0.180)	Data  0.000 ( 0.001)	Loss 0.0000e+00 (0.0000e+00)	Acc@1 100.00 (100.00)	Acc@5 100.00 (100.00)
21-Jan-26 11:54:16 - Epoch: [64][ 599/1176]	Time  0.176 ( 0.180)	Data  0.000 ( 0.001)	Loss 0.0000e+00 (0.0000e+00)	Acc@1 100.00 (100.00)	Acc@5 100.00 (100.00)
21-Jan-26 11:54:34 - Epoch: [64][ 699/1176]	Time  0.176 ( 0.180)	Data  0.000 ( 0.000)	Loss 0.0000e+00 (0.0000e+00)	Acc@1 100.00 (100.00)	Acc@5 100.00 (100.00)
21-Jan-26 11:54:52 - Epoch: [64][ 799/1176]	Time  0.192 ( 0.180)	Data  0.000 ( 0.000)	Loss 0.0000e+00 (0.0000e+00)	Acc@1 100.00 (100.00)	Acc@5 100.00 (100.00)
21-Jan-26 11:55:10 - Epoch: [64][ 899/1176]	Time  0.185 ( 0.179)	Data  0.000 ( 0.000)	Loss 0.0000e+00 (0.0000e+00)	Acc@1 100.00 (100.00)	Acc@5 100.00 (100.00)
21-Jan-26 11:55:28 - Epoch: [64][ 999/1176]	Time  0.177 ( 0.179)	Data  0.000 ( 0.000)	Loss 0.0000e+00 (0.0000e+00)	Acc@1 100.00 (100.00)	Acc@5 100.00 (100.00)
21-Jan-26 11:55:46 - Epoch: [64][1099/1176]	Time  0.180 ( 0.179)	Data  0.000 ( 0.000)	Loss 0.0000e+00 (0.0000e+00)	Acc@1 100.00 (100.00)	Acc@5 100.00 (100.00)
21-Jan-26 11:55:59 -  @Training * Acc@1 100.000 Acc@5 100.000 Loss 0.000
21-Jan-26 11:55:59 - One training epoch latency: 210.9s | Avg Power: 243.8W | Energy: 51422.1625J
21-Jan-26 11:56:13 -  @Testing * Acc@1 96.528 Acc@5 99.653 Loss 2.165
21-Jan-26 11:56:13 - Best acc at epoch 64: 96.875
21-Jan-26 11:56:13 - Last learning rate: [4.8828125e-07]
21-Jan-26 11:56:13 - 	 Epoch 65...
21-Jan-26 11:56:31 - Epoch: [65][  99/1176]	Time  0.177 ( 0.182)	Data  0.000 ( 0.002)	Loss 0.0000e+00 (0.0000e+00)	Acc@1 100.00 (100.00)	Acc@5 100.00 (100.00)
21-Jan-26 11:56:49 - Epoch: [65][ 199/1176]	Time  0.180 ( 0.181)	Data  0.000 ( 0.001)	Loss 0.0000e+00 (0.0000e+00)	Acc@1 100.00 (100.00)	Acc@5 100.00 (100.00)
21-Jan-26 11:57:07 - Epoch: [65][ 299/1176]	Time  0.177 ( 0.180)	Data  0.000 ( 0.001)	Loss 0.0000e+00 (0.0000e+00)	Acc@1 100.00 (100.00)	Acc@5 100.00 (100.00)
21-Jan-26 11:57:25 - Epoch: [65][ 399/1176]	Time  0.177 ( 0.180)	Data  0.000 ( 0.001)	Loss 0.0000e+00 (0.0000e+00)	Acc@1 100.00 (100.00)	Acc@5 100.00 (100.00)
21-Jan-26 11:57:43 - Epoch: [65][ 499/1176]	Time  0.194 ( 0.180)	Data  0.000 ( 0.001)	Loss 0.0000e+00 (0.0000e+00)	Acc@1 100.00 (100.00)	Acc@5 100.00 (100.00)
21-Jan-26 11:58:01 - Epoch: [65][ 599/1176]	Time  0.191 ( 0.180)	Data  0.000 ( 0.001)	Loss 0.0000e+00 (0.0000e+00)	Acc@1 100.00 (100.00)	Acc@5 100.00 (100.00)
21-Jan-26 11:58:19 - Epoch: [65][ 699/1176]	Time  0.185 ( 0.180)	Data  0.000 ( 0.000)	Loss 0.0000e+00 (0.0000e+00)	Acc@1 100.00 (100.00)	Acc@5 100.00 (100.00)
21-Jan-26 11:58:37 - Epoch: [65][ 799/1176]	Time  0.177 ( 0.180)	Data  0.000 ( 0.000)	Loss 0.0000e+00 (0.0000e+00)	Acc@1 100.00 (100.00)	Acc@5 100.00 (100.00)
21-Jan-26 11:58:55 - Epoch: [65][ 899/1176]	Time  0.177 ( 0.180)	Data  0.000 ( 0.000)	Loss 0.0000e+00 (0.0000e+00)	Acc@1 100.00 (100.00)	Acc@5 100.00 (100.00)
21-Jan-26 11:59:13 - Epoch: [65][ 999/1176]	Time  0.176 ( 0.180)	Data  0.000 ( 0.000)	Loss 0.0000e+00 (0.0000e+00)	Acc@1 100.00 (100.00)	Acc@5 100.00 (100.00)
21-Jan-26 11:59:31 - Epoch: [65][1099/1176]	Time  0.176 ( 0.180)	Data  0.000 ( 0.000)	Loss 0.0000e+00 (0.0000e+00)	Acc@1 100.00 (100.00)	Acc@5 100.00 (100.00)
21-Jan-26 11:59:44 -  @Training * Acc@1 100.000 Acc@5 100.000 Loss 0.000
21-Jan-26 11:59:45 - One training epoch latency: 211.2s | Avg Power: 242.1W | Energy: 51135.3637J
21-Jan-26 11:59:58 -  @Testing * Acc@1 96.528 Acc@5 99.653 Loss 2.245
21-Jan-26 11:59:58 - Best acc at epoch 65: 96.875
21-Jan-26 11:59:58 - Last learning rate: [4.8828125e-07]
21-Jan-26 11:59:58 - 	 Epoch 66...
21-Jan-26 12:00:16 - Epoch: [66][  99/1176]	Time  0.180 ( 0.183)	Data  0.000 ( 0.002)	Loss 0.0000e+00 (0.0000e+00)	Acc@1 100.00 (100.00)	Acc@5 100.00 (100.00)
21-Jan-26 12:00:34 - Epoch: [66][ 199/1176]	Time  0.180 ( 0.181)	Data  0.000 ( 0.001)	Loss 0.0000e+00 (0.0000e+00)	Acc@1 100.00 (100.00)	Acc@5 100.00 (100.00)
21-Jan-26 12:00:52 - Epoch: [66][ 299/1176]	Time  0.179 ( 0.181)	Data  0.000 ( 0.001)	Loss 0.0000e+00 (0.0000e+00)	Acc@1 100.00 (100.00)	Acc@5 100.00 (100.00)
21-Jan-26 12:01:10 - Epoch: [66][ 399/1176]	Time  0.177 ( 0.180)	Data  0.000 ( 0.001)	Loss 0.0000e+00 (0.0000e+00)	Acc@1 100.00 (100.00)	Acc@5 100.00 (100.00)
21-Jan-26 12:01:28 - Epoch: [66][ 499/1176]	Time  0.180 ( 0.180)	Data  0.000 ( 0.001)	Loss 0.0000e+00 (0.0000e+00)	Acc@1 100.00 (100.00)	Acc@5 100.00 (100.00)
21-Jan-26 12:01:46 - Epoch: [66][ 599/1176]	Time  0.202 ( 0.180)	Data  0.000 ( 0.001)	Loss 0.0000e+00 (0.0000e+00)	Acc@1 100.00 (100.00)	Acc@5 100.00 (100.00)
21-Jan-26 12:02:04 - Epoch: [66][ 699/1176]	Time  0.185 ( 0.180)	Data  0.000 ( 0.000)	Loss 0.0000e+00 (0.0000e+00)	Acc@1 100.00 (100.00)	Acc@5 100.00 (100.00)
21-Jan-26 12:02:22 - Epoch: [66][ 799/1176]	Time  0.180 ( 0.180)	Data  0.000 ( 0.000)	Loss 0.0000e+00 (0.0000e+00)	Acc@1 100.00 (100.00)	Acc@5 100.00 (100.00)
21-Jan-26 12:02:40 - Epoch: [66][ 899/1176]	Time  0.177 ( 0.180)	Data  0.000 ( 0.000)	Loss 0.0000e+00 (0.0000e+00)	Acc@1 100.00 (100.00)	Acc@5 100.00 (100.00)
21-Jan-26 12:02:58 - Epoch: [66][ 999/1176]	Time  0.177 ( 0.180)	Data  0.000 ( 0.000)	Loss 0.0000e+00 (0.0000e+00)	Acc@1 100.00 (100.00)	Acc@5 100.00 (100.00)
21-Jan-26 12:03:16 - Epoch: [66][1099/1176]	Time  0.177 ( 0.180)	Data  0.000 ( 0.000)	Loss 0.0000e+00 (0.0000e+00)	Acc@1 100.00 (100.00)	Acc@5 100.00 (100.00)
21-Jan-26 12:03:29 -  @Training * Acc@1 100.000 Acc@5 100.000 Loss 0.000
21-Jan-26 12:03:30 - One training epoch latency: 211.2s | Avg Power: 242.0W | Energy: 51122.5180J
21-Jan-26 12:03:43 -  @Testing * Acc@1 96.528 Acc@5 99.653 Loss 2.255
21-Jan-26 12:03:43 - Best acc at epoch 66: 96.875
21-Jan-26 12:03:43 - Last learning rate: [4.8828125e-07]
21-Jan-26 12:03:43 - 	 Epoch 67...
21-Jan-26 12:04:01 - Epoch: [67][  99/1176]	Time  0.177 ( 0.183)	Data  0.000 ( 0.002)	Loss 0.0000e+00 (0.0000e+00)	Acc@1 100.00 (100.00)	Acc@5 100.00 (100.00)
21-Jan-26 12:04:19 - Epoch: [67][ 199/1176]	Time  0.177 ( 0.181)	Data  0.000 ( 0.001)	Loss 0.0000e+00 (0.0000e+00)	Acc@1 100.00 (100.00)	Acc@5 100.00 (100.00)
21-Jan-26 12:04:37 - Epoch: [67][ 299/1176]	Time  0.177 ( 0.181)	Data  0.000 ( 0.001)	Loss 0.0000e+00 (0.0000e+00)	Acc@1 100.00 (100.00)	Acc@5 100.00 (100.00)
21-Jan-26 12:04:55 - Epoch: [67][ 399/1176]	Time  0.177 ( 0.181)	Data  0.000 ( 0.001)	Loss 0.0000e+00 (0.0000e+00)	Acc@1 100.00 (100.00)	Acc@5 100.00 (100.00)
21-Jan-26 12:05:13 - Epoch: [67][ 499/1176]	Time  0.180 ( 0.181)	Data  0.000 ( 0.001)	Loss 0.0000e+00 (0.0000e+00)	Acc@1 100.00 (100.00)	Acc@5 100.00 (100.00)
21-Jan-26 12:05:31 - Epoch: [67][ 599/1176]	Time  0.177 ( 0.180)	Data  0.000 ( 0.001)	Loss 0.0000e+00 (0.0000e+00)	Acc@1 100.00 (100.00)	Acc@5 100.00 (100.00)
21-Jan-26 12:05:49 - Epoch: [67][ 699/1176]	Time  0.177 ( 0.180)	Data  0.000 ( 0.001)	Loss 0.0000e+00 (0.0000e+00)	Acc@1 100.00 (100.00)	Acc@5 100.00 (100.00)
21-Jan-26 12:06:07 - Epoch: [67][ 799/1176]	Time  0.177 ( 0.180)	Data  0.000 ( 0.001)	Loss 0.0000e+00 (0.0000e+00)	Acc@1 100.00 (100.00)	Acc@5 100.00 (100.00)
21-Jan-26 12:06:25 - Epoch: [67][ 899/1176]	Time  0.177 ( 0.180)	Data  0.000 ( 0.000)	Loss 0.0000e+00 (0.0000e+00)	Acc@1 100.00 (100.00)	Acc@5 100.00 (100.00)
21-Jan-26 12:06:43 - Epoch: [67][ 999/1176]	Time  0.191 ( 0.180)	Data  0.000 ( 0.000)	Loss 0.0000e+00 (0.0000e+00)	Acc@1 100.00 (100.00)	Acc@5 100.00 (100.00)
21-Jan-26 12:07:01 - Epoch: [67][1099/1176]	Time  0.183 ( 0.180)	Data  0.000 ( 0.000)	Loss 0.0000e+00 (0.0000e+00)	Acc@1 100.00 (100.00)	Acc@5 100.00 (100.00)
21-Jan-26 12:07:15 -  @Training * Acc@1 100.000 Acc@5 100.000 Loss 0.000
21-Jan-26 12:07:15 - One training epoch latency: 211.6s | Avg Power: 243.9W | Energy: 51615.8613J
21-Jan-26 12:07:29 -  @Testing * Acc@1 96.528 Acc@5 99.653 Loss 2.301
21-Jan-26 12:07:29 - Best acc at epoch 67: 96.875
21-Jan-26 12:07:29 - Last learning rate: [4.8828125e-07]
21-Jan-26 12:07:29 - 	 Epoch 68...
21-Jan-26 12:07:47 - Epoch: [68][  99/1176]	Time  0.180 ( 0.182)	Data  0.000 ( 0.002)	Loss 0.0000e+00 (0.0000e+00)	Acc@1 100.00 (100.00)	Acc@5 100.00 (100.00)
21-Jan-26 12:08:05 - Epoch: [68][ 199/1176]	Time  0.180 ( 0.181)	Data  0.000 ( 0.001)	Loss 0.0000e+00 (0.0000e+00)	Acc@1 100.00 (100.00)	Acc@5 100.00 (100.00)
21-Jan-26 12:08:23 - Epoch: [68][ 299/1176]	Time  0.181 ( 0.181)	Data  0.000 ( 0.001)	Loss 0.0000e+00 (0.0000e+00)	Acc@1 100.00 (100.00)	Acc@5 100.00 (100.00)
21-Jan-26 12:08:41 - Epoch: [68][ 399/1176]	Time  0.177 ( 0.180)	Data  0.000 ( 0.001)	Loss 0.0000e+00 (0.0000e+00)	Acc@1 100.00 (100.00)	Acc@5 100.00 (100.00)
21-Jan-26 12:08:59 - Epoch: [68][ 499/1176]	Time  0.177 ( 0.180)	Data  0.000 ( 0.001)	Loss 0.0000e+00 (0.0000e+00)	Acc@1 100.00 (100.00)	Acc@5 100.00 (100.00)
21-Jan-26 12:09:17 - Epoch: [68][ 599/1176]	Time  0.180 ( 0.180)	Data  0.000 ( 0.000)	Loss 0.0000e+00 (0.0000e+00)	Acc@1 100.00 (100.00)	Acc@5 100.00 (100.00)
21-Jan-26 12:09:35 - Epoch: [68][ 699/1176]	Time  0.177 ( 0.180)	Data  0.000 ( 0.000)	Loss 0.0000e+00 (0.0000e+00)	Acc@1 100.00 (100.00)	Acc@5 100.00 (100.00)
21-Jan-26 12:09:53 - Epoch: [68][ 799/1176]	Time  0.180 ( 0.180)	Data  0.000 ( 0.000)	Loss 0.0000e+00 (0.0000e+00)	Acc@1 100.00 (100.00)	Acc@5 100.00 (100.00)
21-Jan-26 12:10:10 - Epoch: [68][ 899/1176]	Time  0.177 ( 0.180)	Data  0.000 ( 0.000)	Loss 0.0000e+00 (0.0000e+00)	Acc@1 100.00 (100.00)	Acc@5 100.00 (100.00)
21-Jan-26 12:10:28 - Epoch: [68][ 999/1176]	Time  0.177 ( 0.180)	Data  0.000 ( 0.000)	Loss 0.0000e+00 (0.0000e+00)	Acc@1 100.00 (100.00)	Acc@5 100.00 (100.00)
21-Jan-26 12:10:46 - Epoch: [68][1099/1176]	Time  0.177 ( 0.180)	Data  0.000 ( 0.000)	Loss 0.0000e+00 (0.0000e+00)	Acc@1 100.00 (100.00)	Acc@5 100.00 (100.00)
21-Jan-26 12:11:00 -  @Training * Acc@1 100.000 Acc@5 100.000 Loss 0.000
21-Jan-26 12:11:00 - One training epoch latency: 211.5s | Avg Power: 247.5W | Energy: 52327.1920J
21-Jan-26 12:11:14 -  @Testing * Acc@1 96.528 Acc@5 99.653 Loss 2.198
21-Jan-26 12:11:14 - Best acc at epoch 68: 96.875
21-Jan-26 12:11:14 - Last learning rate: [4.8828125e-07]
21-Jan-26 12:11:14 - 	 Epoch 69...
21-Jan-26 12:11:32 - Epoch: [69][  99/1176]	Time  0.178 ( 0.182)	Data  0.000 ( 0.002)	Loss 0.0000e+00 (0.0000e+00)	Acc@1 100.00 (100.00)	Acc@5 100.00 (100.00)
21-Jan-26 12:11:50 - Epoch: [69][ 199/1176]	Time  0.175 ( 0.181)	Data  0.000 ( 0.001)	Loss 0.0000e+00 (0.0000e+00)	Acc@1 100.00 (100.00)	Acc@5 100.00 (100.00)
21-Jan-26 12:12:08 - Epoch: [69][ 299/1176]	Time  0.180 ( 0.181)	Data  0.000 ( 0.001)	Loss 0.0000e+00 (0.0000e+00)	Acc@1 100.00 (100.00)	Acc@5 100.00 (100.00)
21-Jan-26 12:12:26 - Epoch: [69][ 399/1176]	Time  0.174 ( 0.180)	Data  0.000 ( 0.001)	Loss 0.0000e+00 (0.0000e+00)	Acc@1 100.00 (100.00)	Acc@5 100.00 (100.00)
21-Jan-26 12:12:44 - Epoch: [69][ 499/1176]	Time  0.177 ( 0.180)	Data  0.000 ( 0.001)	Loss 0.0000e+00 (0.0000e+00)	Acc@1 100.00 (100.00)	Acc@5 100.00 (100.00)
21-Jan-26 12:13:02 - Epoch: [69][ 599/1176]	Time  0.177 ( 0.180)	Data  0.000 ( 0.001)	Loss 0.0000e+00 (0.0000e+00)	Acc@1 100.00 (100.00)	Acc@5 100.00 (100.00)
21-Jan-26 12:13:20 - Epoch: [69][ 699/1176]	Time  0.177 ( 0.180)	Data  0.000 ( 0.001)	Loss 0.0000e+00 (0.0000e+00)	Acc@1 100.00 (100.00)	Acc@5 100.00 (100.00)
21-Jan-26 12:13:38 - Epoch: [69][ 799/1176]	Time  0.177 ( 0.180)	Data  0.000 ( 0.000)	Loss 0.0000e+00 (0.0000e+00)	Acc@1 100.00 (100.00)	Acc@5 100.00 (100.00)
21-Jan-26 12:13:55 - Epoch: [69][ 899/1176]	Time  0.174 ( 0.180)	Data  0.000 ( 0.000)	Loss 0.0000e+00 (0.0000e+00)	Acc@1 100.00 (100.00)	Acc@5 100.00 (100.00)
21-Jan-26 12:14:13 - Epoch: [69][ 999/1176]	Time  0.178 ( 0.180)	Data  0.000 ( 0.000)	Loss 0.0000e+00 (0.0000e+00)	Acc@1 100.00 (100.00)	Acc@5 100.00 (100.00)
21-Jan-26 12:14:31 - Epoch: [69][1099/1176]	Time  0.177 ( 0.180)	Data  0.000 ( 0.000)	Loss 0.0000e+00 (0.0000e+00)	Acc@1 100.00 (100.00)	Acc@5 100.00 (100.00)
21-Jan-26 12:14:45 -  @Training * Acc@1 100.000 Acc@5 100.000 Loss 0.000
21-Jan-26 12:14:45 - One training epoch latency: 211.4s | Avg Power: 242.4W | Energy: 51239.1009J
21-Jan-26 12:14:59 -  @Testing * Acc@1 96.528 Acc@5 99.653 Loss 2.313
21-Jan-26 12:14:59 - Best acc at epoch 69: 96.875
21-Jan-26 12:14:59 - Last learning rate: [2.44140625e-07]
21-Jan-26 12:14:59 - 	 Epoch 70...
21-Jan-26 12:15:17 - Epoch: [70][  99/1176]	Time  0.195 ( 0.183)	Data  0.000 ( 0.002)	Loss 0.0000e+00 (0.0000e+00)	Acc@1 100.00 (100.00)	Acc@5 100.00 (100.00)
21-Jan-26 12:15:35 - Epoch: [70][ 199/1176]	Time  0.178 ( 0.182)	Data  0.000 ( 0.001)	Loss 0.0000e+00 (0.0000e+00)	Acc@1 100.00 (100.00)	Acc@5 100.00 (100.00)
21-Jan-26 12:15:53 - Epoch: [70][ 299/1176]	Time  0.192 ( 0.181)	Data  0.000 ( 0.001)	Loss 0.0000e+00 (0.0000e+00)	Acc@1 100.00 (100.00)	Acc@5 100.00 (100.00)
21-Jan-26 12:16:11 - Epoch: [70][ 399/1176]	Time  0.198 ( 0.181)	Data  0.000 ( 0.001)	Loss 0.0000e+00 (0.0000e+00)	Acc@1 100.00 (100.00)	Acc@5 100.00 (100.00)
21-Jan-26 12:16:29 - Epoch: [70][ 499/1176]	Time  0.182 ( 0.180)	Data  0.000 ( 0.001)	Loss 0.0000e+00 (0.0000e+00)	Acc@1 100.00 (100.00)	Acc@5 100.00 (100.00)
21-Jan-26 12:16:47 - Epoch: [70][ 599/1176]	Time  0.182 ( 0.180)	Data  0.000 ( 0.001)	Loss 0.0000e+00 (0.0000e+00)	Acc@1 100.00 (100.00)	Acc@5 100.00 (100.00)
21-Jan-26 12:17:05 - Epoch: [70][ 699/1176]	Time  0.180 ( 0.180)	Data  0.000 ( 0.000)	Loss 0.0000e+00 (0.0000e+00)	Acc@1 100.00 (100.00)	Acc@5 100.00 (100.00)
21-Jan-26 12:17:23 - Epoch: [70][ 799/1176]	Time  0.177 ( 0.180)	Data  0.000 ( 0.000)	Loss 0.0000e+00 (0.0000e+00)	Acc@1 100.00 (100.00)	Acc@5 100.00 (100.00)
21-Jan-26 12:17:41 - Epoch: [70][ 899/1176]	Time  0.177 ( 0.180)	Data  0.000 ( 0.000)	Loss 0.0000e+00 (0.0000e+00)	Acc@1 100.00 (100.00)	Acc@5 100.00 (100.00)
21-Jan-26 12:17:59 - Epoch: [70][ 999/1176]	Time  0.177 ( 0.180)	Data  0.000 ( 0.000)	Loss 0.0000e+00 (0.0000e+00)	Acc@1 100.00 (100.00)	Acc@5 100.00 (100.00)
21-Jan-26 12:18:17 - Epoch: [70][1099/1176]	Time  0.177 ( 0.180)	Data  0.000 ( 0.000)	Loss 0.0000e+00 (0.0000e+00)	Acc@1 100.00 (100.00)	Acc@5 100.00 (100.00)
21-Jan-26 12:18:30 -  @Training * Acc@1 100.000 Acc@5 100.000 Loss 0.000
21-Jan-26 12:18:30 - One training epoch latency: 211.4s | Avg Power: 243.1W | Energy: 51390.3976J
21-Jan-26 12:18:44 -  @Testing * Acc@1 96.528 Acc@5 99.653 Loss 2.219
21-Jan-26 12:18:44 - Best acc at epoch 70: 96.875
21-Jan-26 12:18:44 - Last learning rate: [2.44140625e-07]
21-Jan-26 12:18:44 - 	 Epoch 71...
21-Jan-26 12:19:02 - Epoch: [71][  99/1176]	Time  0.180 ( 0.183)	Data  0.000 ( 0.002)	Loss 0.0000e+00 (0.0000e+00)	Acc@1 100.00 (100.00)	Acc@5 100.00 (100.00)
21-Jan-26 12:19:20 - Epoch: [71][ 199/1176]	Time  0.177 ( 0.181)	Data  0.000 ( 0.001)	Loss 0.0000e+00 (0.0000e+00)	Acc@1 100.00 (100.00)	Acc@5 100.00 (100.00)
21-Jan-26 12:19:38 - Epoch: [71][ 299/1176]	Time  0.177 ( 0.181)	Data  0.000 ( 0.001)	Loss 0.0000e+00 (0.0000e+00)	Acc@1 100.00 (100.00)	Acc@5 100.00 (100.00)
21-Jan-26 12:19:56 - Epoch: [71][ 399/1176]	Time  0.181 ( 0.181)	Data  0.000 ( 0.001)	Loss 0.0000e+00 (0.0000e+00)	Acc@1 100.00 (100.00)	Acc@5 100.00 (100.00)
21-Jan-26 12:20:14 - Epoch: [71][ 499/1176]	Time  0.203 ( 0.180)	Data  0.000 ( 0.001)	Loss 0.0000e+00 (0.0000e+00)	Acc@1 100.00 (100.00)	Acc@5 100.00 (100.00)
21-Jan-26 12:20:32 - Epoch: [71][ 599/1176]	Time  0.187 ( 0.180)	Data  0.000 ( 0.001)	Loss 0.0000e+00 (0.0000e+00)	Acc@1 100.00 (100.00)	Acc@5 100.00 (100.00)
21-Jan-26 12:20:50 - Epoch: [71][ 699/1176]	Time  0.188 ( 0.180)	Data  0.000 ( 0.001)	Loss 0.0000e+00 (0.0000e+00)	Acc@1 100.00 (100.00)	Acc@5 100.00 (100.00)
21-Jan-26 12:21:08 - Epoch: [71][ 799/1176]	Time  0.187 ( 0.180)	Data  0.000 ( 0.000)	Loss 0.0000e+00 (0.0000e+00)	Acc@1 100.00 (100.00)	Acc@5 100.00 (100.00)
21-Jan-26 12:21:26 - Epoch: [71][ 899/1176]	Time  0.177 ( 0.180)	Data  0.000 ( 0.000)	Loss 0.0000e+00 (0.0000e+00)	Acc@1 100.00 (100.00)	Acc@5 100.00 (100.00)
21-Jan-26 12:21:44 - Epoch: [71][ 999/1176]	Time  0.177 ( 0.180)	Data  0.000 ( 0.000)	Loss 0.0000e+00 (0.0000e+00)	Acc@1 100.00 (100.00)	Acc@5 100.00 (100.00)
21-Jan-26 12:22:02 - Epoch: [71][1099/1176]	Time  0.177 ( 0.180)	Data  0.000 ( 0.000)	Loss 0.0000e+00 (0.0000e+00)	Acc@1 100.00 (100.00)	Acc@5 100.00 (100.00)
21-Jan-26 12:22:15 -  @Training * Acc@1 100.000 Acc@5 100.000 Loss 0.000
21-Jan-26 12:22:15 - One training epoch latency: 211.5s | Avg Power: 242.6W | Energy: 51308.5189J
21-Jan-26 12:22:29 -  @Testing * Acc@1 96.528 Acc@5 99.653 Loss 2.215
21-Jan-26 12:22:29 - Best acc at epoch 71: 96.875
21-Jan-26 12:22:29 - Last learning rate: [2.44140625e-07]
21-Jan-26 12:22:29 - 	 Epoch 72...
21-Jan-26 12:22:47 - Epoch: [72][  99/1176]	Time  0.175 ( 0.182)	Data  0.000 ( 0.002)	Loss 0.0000e+00 (0.0000e+00)	Acc@1 100.00 (100.00)	Acc@5 100.00 (100.00)
21-Jan-26 12:23:05 - Epoch: [72][ 199/1176]	Time  0.177 ( 0.181)	Data  0.000 ( 0.001)	Loss 0.0000e+00 (0.0000e+00)	Acc@1 100.00 (100.00)	Acc@5 100.00 (100.00)
21-Jan-26 12:23:23 - Epoch: [72][ 299/1176]	Time  0.177 ( 0.180)	Data  0.000 ( 0.001)	Loss 0.0000e+00 (0.0000e+00)	Acc@1 100.00 (100.00)	Acc@5 100.00 (100.00)
21-Jan-26 12:23:41 - Epoch: [72][ 399/1176]	Time  0.192 ( 0.180)	Data  0.000 ( 0.001)	Loss 0.0000e+00 (0.0000e+00)	Acc@1 100.00 (100.00)	Acc@5 100.00 (100.00)
21-Jan-26 12:23:59 - Epoch: [72][ 499/1176]	Time  0.179 ( 0.180)	Data  0.000 ( 0.001)	Loss 0.0000e+00 (0.0000e+00)	Acc@1 100.00 (100.00)	Acc@5 100.00 (100.00)
21-Jan-26 12:24:17 - Epoch: [72][ 599/1176]	Time  0.174 ( 0.180)	Data  0.000 ( 0.001)	Loss 0.0000e+00 (0.0000e+00)	Acc@1 100.00 (100.00)	Acc@5 100.00 (100.00)
21-Jan-26 12:24:35 - Epoch: [72][ 699/1176]	Time  0.177 ( 0.180)	Data  0.000 ( 0.001)	Loss 0.0000e+00 (0.0000e+00)	Acc@1 100.00 (100.00)	Acc@5 100.00 (100.00)
21-Jan-26 12:24:53 - Epoch: [72][ 799/1176]	Time  0.176 ( 0.180)	Data  0.000 ( 0.000)	Loss 0.0000e+00 (0.0000e+00)	Acc@1 100.00 (100.00)	Acc@5 100.00 (100.00)
21-Jan-26 12:25:11 - Epoch: [72][ 899/1176]	Time  0.176 ( 0.179)	Data  0.000 ( 0.000)	Loss 0.0000e+00 (0.0000e+00)	Acc@1 100.00 (100.00)	Acc@5 100.00 (100.00)
21-Jan-26 12:25:29 - Epoch: [72][ 999/1176]	Time  0.177 ( 0.179)	Data  0.000 ( 0.000)	Loss 0.0000e+00 (0.0000e+00)	Acc@1 100.00 (100.00)	Acc@5 100.00 (100.00)
21-Jan-26 12:25:46 - Epoch: [72][1099/1176]	Time  0.177 ( 0.179)	Data  0.000 ( 0.000)	Loss 0.0000e+00 (0.0000e+00)	Acc@1 100.00 (100.00)	Acc@5 100.00 (100.00)
21-Jan-26 12:26:00 -  @Training * Acc@1 100.000 Acc@5 100.000 Loss 0.000
21-Jan-26 12:26:00 - One training epoch latency: 210.9s | Avg Power: 242.0W | Energy: 51053.2052J
21-Jan-26 12:26:14 -  @Testing * Acc@1 96.181 Acc@5 99.653 Loss 2.208
21-Jan-26 12:26:14 - Best acc at epoch 72: 96.875
21-Jan-26 12:26:14 - Last learning rate: [2.44140625e-07]
21-Jan-26 12:26:14 - 	 Epoch 73...
21-Jan-26 12:26:32 - Epoch: [73][  99/1176]	Time  0.179 ( 0.182)	Data  0.000 ( 0.002)	Loss 0.0000e+00 (0.0000e+00)	Acc@1 100.00 (100.00)	Acc@5 100.00 (100.00)
21-Jan-26 12:26:50 - Epoch: [73][ 199/1176]	Time  0.182 ( 0.181)	Data  0.000 ( 0.001)	Loss 0.0000e+00 (0.0000e+00)	Acc@1 100.00 (100.00)	Acc@5 100.00 (100.00)
21-Jan-26 12:27:08 - Epoch: [73][ 299/1176]	Time  0.180 ( 0.181)	Data  0.000 ( 0.001)	Loss 0.0000e+00 (0.0000e+00)	Acc@1 100.00 (100.00)	Acc@5 100.00 (100.00)
21-Jan-26 12:27:26 - Epoch: [73][ 399/1176]	Time  0.179 ( 0.180)	Data  0.000 ( 0.001)	Loss 0.0000e+00 (0.0000e+00)	Acc@1 100.00 (100.00)	Acc@5 100.00 (100.00)
21-Jan-26 12:27:44 - Epoch: [73][ 499/1176]	Time  0.180 ( 0.180)	Data  0.000 ( 0.001)	Loss 0.0000e+00 (0.0000e+00)	Acc@1 100.00 (100.00)	Acc@5 100.00 (100.00)
21-Jan-26 12:28:02 - Epoch: [73][ 599/1176]	Time  0.174 ( 0.180)	Data  0.000 ( 0.001)	Loss 0.0000e+00 (0.0000e+00)	Acc@1 100.00 (100.00)	Acc@5 100.00 (100.00)
21-Jan-26 12:28:20 - Epoch: [73][ 699/1176]	Time  0.180 ( 0.180)	Data  0.000 ( 0.000)	Loss 0.0000e+00 (0.0000e+00)	Acc@1 100.00 (100.00)	Acc@5 100.00 (100.00)
21-Jan-26 12:28:38 - Epoch: [73][ 799/1176]	Time  0.177 ( 0.180)	Data  0.000 ( 0.000)	Loss 0.0000e+00 (0.0000e+00)	Acc@1 100.00 (100.00)	Acc@5 100.00 (100.00)
21-Jan-26 12:28:56 - Epoch: [73][ 899/1176]	Time  0.176 ( 0.180)	Data  0.000 ( 0.000)	Loss 0.0000e+00 (0.0000e+00)	Acc@1 100.00 (100.00)	Acc@5 100.00 (100.00)
21-Jan-26 12:29:14 - Epoch: [73][ 999/1176]	Time  0.177 ( 0.180)	Data  0.000 ( 0.000)	Loss 0.0000e+00 (0.0000e+00)	Acc@1 100.00 (100.00)	Acc@5 100.00 (100.00)
21-Jan-26 12:29:31 - Epoch: [73][1099/1176]	Time  0.177 ( 0.180)	Data  0.000 ( 0.000)	Loss 0.0000e+00 (0.0000e+00)	Acc@1 100.00 (100.00)	Acc@5 100.00 (100.00)
21-Jan-26 12:29:45 -  @Training * Acc@1 100.000 Acc@5 100.000 Loss 0.000
21-Jan-26 12:29:45 - One training epoch latency: 211.3s | Avg Power: 243.1W | Energy: 51364.3871J
21-Jan-26 12:29:59 -  @Testing * Acc@1 96.181 Acc@5 99.653 Loss 2.211
21-Jan-26 12:29:59 - Best acc at epoch 73: 96.875
21-Jan-26 12:29:59 - Last learning rate: [2.44140625e-07]
21-Jan-26 12:29:59 - 	 Epoch 74...
21-Jan-26 12:30:17 - Epoch: [74][  99/1176]	Time  0.197 ( 0.183)	Data  0.000 ( 0.003)	Loss 0.0000e+00 (0.0000e+00)	Acc@1 100.00 (100.00)	Acc@5 100.00 (100.00)
21-Jan-26 12:30:35 - Epoch: [74][ 199/1176]	Time  0.193 ( 0.182)	Data  0.000 ( 0.001)	Loss 0.0000e+00 (0.0000e+00)	Acc@1 100.00 (100.00)	Acc@5 100.00 (100.00)
21-Jan-26 12:30:53 - Epoch: [74][ 299/1176]	Time  0.198 ( 0.181)	Data  0.000 ( 0.001)	Loss 0.0000e+00 (0.0000e+00)	Acc@1 100.00 (100.00)	Acc@5 100.00 (100.00)
21-Jan-26 12:31:11 - Epoch: [74][ 399/1176]	Time  0.181 ( 0.181)	Data  0.000 ( 0.001)	Loss 0.0000e+00 (0.0000e+00)	Acc@1 100.00 (100.00)	Acc@5 100.00 (100.00)
21-Jan-26 12:31:29 - Epoch: [74][ 499/1176]	Time  0.186 ( 0.180)	Data  0.000 ( 0.001)	Loss 0.0000e+00 (0.0000e+00)	Acc@1 100.00 (100.00)	Acc@5 100.00 (100.00)
21-Jan-26 12:31:47 - Epoch: [74][ 599/1176]	Time  0.177 ( 0.180)	Data  0.000 ( 0.001)	Loss 0.0000e+00 (0.0000e+00)	Acc@1 100.00 (100.00)	Acc@5 100.00 (100.00)
21-Jan-26 12:32:05 - Epoch: [74][ 699/1176]	Time  0.173 ( 0.180)	Data  0.000 ( 0.001)	Loss 0.0000e+00 (0.0000e+00)	Acc@1 100.00 (100.00)	Acc@5 100.00 (100.00)
21-Jan-26 12:32:23 - Epoch: [74][ 799/1176]	Time  0.177 ( 0.180)	Data  0.000 ( 0.001)	Loss 0.0000e+00 (0.0000e+00)	Acc@1 100.00 (100.00)	Acc@5 100.00 (100.00)
21-Jan-26 12:32:41 - Epoch: [74][ 899/1176]	Time  0.180 ( 0.180)	Data  0.000 ( 0.000)	Loss 0.0000e+00 (0.0000e+00)	Acc@1 100.00 (100.00)	Acc@5 100.00 (100.00)
21-Jan-26 12:32:59 - Epoch: [74][ 999/1176]	Time  0.177 ( 0.180)	Data  0.000 ( 0.000)	Loss 0.0000e+00 (0.0000e+00)	Acc@1 100.00 (100.00)	Acc@5 100.00 (100.00)
21-Jan-26 12:33:17 - Epoch: [74][1099/1176]	Time  0.177 ( 0.180)	Data  0.000 ( 0.000)	Loss 0.0000e+00 (0.0000e+00)	Acc@1 100.00 (100.00)	Acc@5 100.00 (100.00)
21-Jan-26 12:33:30 -  @Training * Acc@1 100.000 Acc@5 100.000 Loss 0.000
21-Jan-26 12:33:30 - One training epoch latency: 211.4s | Avg Power: 242.9W | Energy: 51346.6411J
21-Jan-26 12:33:44 -  @Testing * Acc@1 96.528 Acc@5 99.653 Loss 2.198
21-Jan-26 12:33:44 - Best acc at epoch 74: 96.875
21-Jan-26 12:33:44 - Last learning rate: [2.44140625e-07]
21-Jan-26 12:33:44 - 	 Epoch 75...
21-Jan-26 12:34:02 - Epoch: [75][  99/1176]	Time  0.178 ( 0.183)	Data  0.000 ( 0.002)	Loss 0.0000e+00 (0.0000e+00)	Acc@1 100.00 (100.00)	Acc@5 100.00 (100.00)
21-Jan-26 12:34:20 - Epoch: [75][ 199/1176]	Time  0.199 ( 0.181)	Data  0.000 ( 0.001)	Loss 0.0000e+00 (0.0000e+00)	Acc@1 100.00 (100.00)	Acc@5 100.00 (100.00)
21-Jan-26 12:34:38 - Epoch: [75][ 299/1176]	Time  0.198 ( 0.181)	Data  0.000 ( 0.001)	Loss 0.0000e+00 (0.0000e+00)	Acc@1 100.00 (100.00)	Acc@5 100.00 (100.00)
21-Jan-26 12:34:56 - Epoch: [75][ 399/1176]	Time  0.177 ( 0.180)	Data  0.000 ( 0.001)	Loss 0.0000e+00 (0.0000e+00)	Acc@1 100.00 (100.00)	Acc@5 100.00 (100.00)
21-Jan-26 12:35:14 - Epoch: [75][ 499/1176]	Time  0.182 ( 0.180)	Data  0.000 ( 0.001)	Loss 0.0000e+00 (0.0000e+00)	Acc@1 100.00 (100.00)	Acc@5 100.00 (100.00)
21-Jan-26 12:35:32 - Epoch: [75][ 599/1176]	Time  0.182 ( 0.180)	Data  0.000 ( 0.001)	Loss 0.0000e+00 (0.0000e+00)	Acc@1 100.00 (100.00)	Acc@5 100.00 (100.00)
21-Jan-26 12:35:50 - Epoch: [75][ 699/1176]	Time  0.174 ( 0.180)	Data  0.000 ( 0.001)	Loss 0.0000e+00 (0.0000e+00)	Acc@1 100.00 (100.00)	Acc@5 100.00 (100.00)
21-Jan-26 12:36:08 - Epoch: [75][ 799/1176]	Time  0.177 ( 0.180)	Data  0.000 ( 0.000)	Loss 0.0000e+00 (0.0000e+00)	Acc@1 100.00 (100.00)	Acc@5 100.00 (100.00)
21-Jan-26 12:36:26 - Epoch: [75][ 899/1176]	Time  0.177 ( 0.180)	Data  0.000 ( 0.000)	Loss 0.0000e+00 (0.0000e+00)	Acc@1 100.00 (100.00)	Acc@5 100.00 (100.00)
21-Jan-26 12:36:44 - Epoch: [75][ 999/1176]	Time  0.180 ( 0.180)	Data  0.000 ( 0.000)	Loss 0.0000e+00 (0.0000e+00)	Acc@1 100.00 (100.00)	Acc@5 100.00 (100.00)
21-Jan-26 12:37:02 - Epoch: [75][1099/1176]	Time  0.177 ( 0.180)	Data  0.000 ( 0.000)	Loss 0.0000e+00 (0.0000e+00)	Acc@1 100.00 (100.00)	Acc@5 100.00 (100.00)
21-Jan-26 12:37:15 -  @Training * Acc@1 100.000 Acc@5 100.000 Loss 0.000
21-Jan-26 12:37:15 - One training epoch latency: 211.3s | Avg Power: 241.9W | Energy: 51113.9532J
21-Jan-26 12:37:29 -  @Testing * Acc@1 96.528 Acc@5 99.653 Loss 2.217
21-Jan-26 12:37:29 - Best acc at epoch 75: 96.875
21-Jan-26 12:37:29 - Last learning rate: [1.220703125e-07]
21-Jan-26 12:37:29 - 	 Epoch 76...
21-Jan-26 12:37:47 - Epoch: [76][  99/1176]	Time  0.198 ( 0.182)	Data  0.000 ( 0.002)	Loss 0.0000e+00 (0.0000e+00)	Acc@1 100.00 (100.00)	Acc@5 100.00 (100.00)
21-Jan-26 12:38:05 - Epoch: [76][ 199/1176]	Time  0.196 ( 0.181)	Data  0.011 ( 0.001)	Loss 0.0000e+00 (0.0000e+00)	Acc@1 100.00 (100.00)	Acc@5 100.00 (100.00)
21-Jan-26 12:38:23 - Epoch: [76][ 299/1176]	Time  0.199 ( 0.181)	Data  0.000 ( 0.001)	Loss 0.0000e+00 (0.0000e+00)	Acc@1 100.00 (100.00)	Acc@5 100.00 (100.00)
21-Jan-26 12:38:41 - Epoch: [76][ 399/1176]	Time  0.185 ( 0.180)	Data  0.000 ( 0.001)	Loss 0.0000e+00 (0.0000e+00)	Acc@1 100.00 (100.00)	Acc@5 100.00 (100.00)
21-Jan-26 12:38:59 - Epoch: [76][ 499/1176]	Time  0.186 ( 0.180)	Data  0.000 ( 0.001)	Loss 0.0000e+00 (0.0000e+00)	Acc@1 100.00 (100.00)	Acc@5 100.00 (100.00)
21-Jan-26 12:39:17 - Epoch: [76][ 599/1176]	Time  0.185 ( 0.180)	Data  0.000 ( 0.001)	Loss 0.0000e+00 (0.0000e+00)	Acc@1 100.00 (100.00)	Acc@5 100.00 (100.00)
21-Jan-26 12:39:35 - Epoch: [76][ 699/1176]	Time  0.176 ( 0.180)	Data  0.000 ( 0.001)	Loss 0.0000e+00 (0.0000e+00)	Acc@1 100.00 (100.00)	Acc@5 100.00 (100.00)
21-Jan-26 12:39:53 - Epoch: [76][ 799/1176]	Time  0.177 ( 0.180)	Data  0.000 ( 0.000)	Loss 0.0000e+00 (0.0000e+00)	Acc@1 100.00 (100.00)	Acc@5 100.00 (100.00)
21-Jan-26 12:40:11 - Epoch: [76][ 899/1176]	Time  0.176 ( 0.180)	Data  0.000 ( 0.000)	Loss 0.0000e+00 (0.0000e+00)	Acc@1 100.00 (100.00)	Acc@5 100.00 (100.00)
21-Jan-26 12:40:29 - Epoch: [76][ 999/1176]	Time  0.180 ( 0.180)	Data  0.000 ( 0.000)	Loss 0.0000e+00 (0.0000e+00)	Acc@1 100.00 (100.00)	Acc@5 100.00 (100.00)
21-Jan-26 12:40:47 - Epoch: [76][1099/1176]	Time  0.176 ( 0.180)	Data  0.000 ( 0.000)	Loss 0.0000e+00 (0.0000e+00)	Acc@1 100.00 (100.00)	Acc@5 100.00 (100.00)
21-Jan-26 12:41:00 -  @Training * Acc@1 100.000 Acc@5 100.000 Loss 0.000
21-Jan-26 12:41:01 - One training epoch latency: 211.4s | Avg Power: 242.4W | Energy: 51258.8763J
21-Jan-26 12:41:14 -  @Testing * Acc@1 96.181 Acc@5 99.653 Loss 2.249
21-Jan-26 12:41:14 - Best acc at epoch 76: 96.875
21-Jan-26 12:41:14 - Last learning rate: [1.220703125e-07]
21-Jan-26 12:41:14 - 	 Epoch 77...
21-Jan-26 12:41:32 - Epoch: [77][  99/1176]	Time  0.177 ( 0.182)	Data  0.000 ( 0.002)	Loss 0.0000e+00 (0.0000e+00)	Acc@1 100.00 (100.00)	Acc@5 100.00 (100.00)
21-Jan-26 12:41:50 - Epoch: [77][ 199/1176]	Time  0.177 ( 0.181)	Data  0.000 ( 0.001)	Loss 0.0000e+00 (0.0000e+00)	Acc@1 100.00 (100.00)	Acc@5 100.00 (100.00)
21-Jan-26 12:42:08 - Epoch: [77][ 299/1176]	Time  0.177 ( 0.181)	Data  0.000 ( 0.001)	Loss 0.0000e+00 (0.0000e+00)	Acc@1 100.00 (100.00)	Acc@5 100.00 (100.00)
21-Jan-26 12:42:26 - Epoch: [77][ 399/1176]	Time  0.174 ( 0.180)	Data  0.000 ( 0.001)	Loss 0.0000e+00 (0.0000e+00)	Acc@1 100.00 (100.00)	Acc@5 100.00 (100.00)
21-Jan-26 12:42:44 - Epoch: [77][ 499/1176]	Time  0.177 ( 0.180)	Data  0.000 ( 0.001)	Loss 0.0000e+00 (0.0000e+00)	Acc@1 100.00 (100.00)	Acc@5 100.00 (100.00)
21-Jan-26 12:43:02 - Epoch: [77][ 599/1176]	Time  0.177 ( 0.180)	Data  0.000 ( 0.001)	Loss 0.0000e+00 (0.0000e+00)	Acc@1 100.00 (100.00)	Acc@5 100.00 (100.00)
21-Jan-26 12:43:20 - Epoch: [77][ 699/1176]	Time  0.201 ( 0.180)	Data  0.011 ( 0.001)	Loss 0.0000e+00 (0.0000e+00)	Acc@1 100.00 (100.00)	Acc@5 100.00 (100.00)
21-Jan-26 12:43:38 - Epoch: [77][ 799/1176]	Time  0.183 ( 0.180)	Data  0.000 ( 0.000)	Loss 0.0000e+00 (0.0000e+00)	Acc@1 100.00 (100.00)	Acc@5 100.00 (100.00)
21-Jan-26 12:43:56 - Epoch: [77][ 899/1176]	Time  0.177 ( 0.180)	Data  0.000 ( 0.000)	Loss 0.0000e+00 (0.0000e+00)	Acc@1 100.00 (100.00)	Acc@5 100.00 (100.00)
21-Jan-26 12:44:14 - Epoch: [77][ 999/1176]	Time  0.177 ( 0.180)	Data  0.000 ( 0.000)	Loss 0.0000e+00 (0.0000e+00)	Acc@1 100.00 (100.00)	Acc@5 100.00 (100.00)
21-Jan-26 12:44:32 - Epoch: [77][1099/1176]	Time  0.175 ( 0.180)	Data  0.000 ( 0.000)	Loss 0.0000e+00 (0.0000e+00)	Acc@1 100.00 (100.00)	Acc@5 100.00 (100.00)
21-Jan-26 12:44:45 -  @Training * Acc@1 100.000 Acc@5 100.000 Loss 0.000
21-Jan-26 12:44:45 - One training epoch latency: 211.3s | Avg Power: 243.3W | Energy: 51418.7062J
21-Jan-26 12:44:59 -  @Testing * Acc@1 96.528 Acc@5 99.653 Loss 2.205
21-Jan-26 12:44:59 - Best acc at epoch 77: 96.875
21-Jan-26 12:44:59 - Last learning rate: [1.220703125e-07]
21-Jan-26 12:44:59 - 	 Epoch 78...
21-Jan-26 12:45:17 - Epoch: [78][  99/1176]	Time  0.177 ( 0.183)	Data  0.000 ( 0.002)	Loss 0.0000e+00 (0.0000e+00)	Acc@1 100.00 (100.00)	Acc@5 100.00 (100.00)
21-Jan-26 12:45:35 - Epoch: [78][ 199/1176]	Time  0.177 ( 0.181)	Data  0.000 ( 0.001)	Loss 0.0000e+00 (0.0000e+00)	Acc@1 100.00 (100.00)	Acc@5 100.00 (100.00)
21-Jan-26 12:45:53 - Epoch: [78][ 299/1176]	Time  0.177 ( 0.181)	Data  0.000 ( 0.001)	Loss 0.0000e+00 (0.0000e+00)	Acc@1 100.00 (100.00)	Acc@5 100.00 (100.00)
21-Jan-26 12:46:11 - Epoch: [78][ 399/1176]	Time  0.177 ( 0.180)	Data  0.000 ( 0.001)	Loss 0.0000e+00 (0.0000e+00)	Acc@1 100.00 (100.00)	Acc@5 100.00 (100.00)
21-Jan-26 12:46:29 - Epoch: [78][ 499/1176]	Time  0.177 ( 0.180)	Data  0.000 ( 0.001)	Loss 0.0000e+00 (0.0000e+00)	Acc@1 100.00 (100.00)	Acc@5 100.00 (100.00)
21-Jan-26 12:46:47 - Epoch: [78][ 599/1176]	Time  0.176 ( 0.180)	Data  0.000 ( 0.000)	Loss 0.0000e+00 (0.0000e+00)	Acc@1 100.00 (100.00)	Acc@5 100.00 (100.00)
21-Jan-26 12:47:05 - Epoch: [78][ 699/1176]	Time  0.192 ( 0.180)	Data  0.000 ( 0.000)	Loss 0.0000e+00 (0.0000e+00)	Acc@1 100.00 (100.00)	Acc@5 100.00 (100.00)
21-Jan-26 12:47:23 - Epoch: [78][ 799/1176]	Time  0.185 ( 0.180)	Data  0.000 ( 0.000)	Loss 0.0000e+00 (0.0000e+00)	Acc@1 100.00 (100.00)	Acc@5 100.00 (100.00)
21-Jan-26 12:47:41 - Epoch: [78][ 899/1176]	Time  0.179 ( 0.180)	Data  0.000 ( 0.000)	Loss 0.0000e+00 (0.0000e+00)	Acc@1 100.00 (100.00)	Acc@5 100.00 (100.00)
21-Jan-26 12:47:59 - Epoch: [78][ 999/1176]	Time  0.177 ( 0.180)	Data  0.000 ( 0.000)	Loss 0.0000e+00 (0.0000e+00)	Acc@1 100.00 (100.00)	Acc@5 100.00 (100.00)
21-Jan-26 12:48:17 - Epoch: [78][1099/1176]	Time  0.177 ( 0.180)	Data  0.000 ( 0.000)	Loss 0.0000e+00 (0.0000e+00)	Acc@1 100.00 (100.00)	Acc@5 100.00 (100.00)
21-Jan-26 12:48:30 -  @Training * Acc@1 100.000 Acc@5 100.000 Loss 0.000
21-Jan-26 12:48:31 - One training epoch latency: 211.2s | Avg Power: 242.1W | Energy: 51126.0932J
21-Jan-26 12:48:44 -  @Testing * Acc@1 96.528 Acc@5 99.653 Loss 2.235
21-Jan-26 12:48:44 - Best acc at epoch 78: 96.875
21-Jan-26 12:48:44 - Last learning rate: [1.220703125e-07]
21-Jan-26 12:48:44 - 	 Epoch 79...
21-Jan-26 12:49:02 - Epoch: [79][  99/1176]	Time  0.180 ( 0.182)	Data  0.000 ( 0.002)	Loss 0.0000e+00 (0.0000e+00)	Acc@1 100.00 (100.00)	Acc@5 100.00 (100.00)
21-Jan-26 12:49:20 - Epoch: [79][ 199/1176]	Time  0.179 ( 0.181)	Data  0.000 ( 0.001)	Loss 0.0000e+00 (0.0000e+00)	Acc@1 100.00 (100.00)	Acc@5 100.00 (100.00)
21-Jan-26 12:49:38 - Epoch: [79][ 299/1176]	Time  0.180 ( 0.181)	Data  0.000 ( 0.001)	Loss 0.0000e+00 (0.0000e+00)	Acc@1 100.00 (100.00)	Acc@5 100.00 (100.00)
21-Jan-26 12:49:56 - Epoch: [79][ 399/1176]	Time  0.180 ( 0.181)	Data  0.000 ( 0.001)	Loss 0.0000e+00 (0.0000e+00)	Acc@1 100.00 (100.00)	Acc@5 100.00 (100.00)
21-Jan-26 12:50:14 - Epoch: [79][ 499/1176]	Time  0.177 ( 0.180)	Data  0.000 ( 0.000)	Loss 0.0000e+00 (0.0000e+00)	Acc@1 100.00 (100.00)	Acc@5 100.00 (100.00)
21-Jan-26 12:50:32 - Epoch: [79][ 599/1176]	Time  0.177 ( 0.180)	Data  0.000 ( 0.000)	Loss 0.0000e+00 (0.0000e+00)	Acc@1 100.00 (100.00)	Acc@5 100.00 (100.00)
21-Jan-26 12:50:50 - Epoch: [79][ 699/1176]	Time  0.177 ( 0.180)	Data  0.000 ( 0.000)	Loss 0.0000e+00 (0.0000e+00)	Acc@1 100.00 (100.00)	Acc@5 100.00 (100.00)
21-Jan-26 12:51:08 - Epoch: [79][ 799/1176]	Time  0.177 ( 0.180)	Data  0.000 ( 0.000)	Loss 0.0000e+00 (0.0000e+00)	Acc@1 100.00 (100.00)	Acc@5 100.00 (100.00)
21-Jan-26 12:51:26 - Epoch: [79][ 899/1176]	Time  0.185 ( 0.180)	Data  0.000 ( 0.000)	Loss 0.0000e+00 (0.0000e+00)	Acc@1 100.00 (100.00)	Acc@5 100.00 (100.00)
21-Jan-26 12:51:44 - Epoch: [79][ 999/1176]	Time  0.185 ( 0.180)	Data  0.000 ( 0.000)	Loss 0.0000e+00 (0.0000e+00)	Acc@1 100.00 (100.00)	Acc@5 100.00 (100.00)
21-Jan-26 12:52:02 - Epoch: [79][1099/1176]	Time  0.185 ( 0.180)	Data  0.000 ( 0.000)	Loss 0.0000e+00 (0.0000e+00)	Acc@1 100.00 (100.00)	Acc@5 100.00 (100.00)
21-Jan-26 12:52:16 -  @Training * Acc@1 100.000 Acc@5 100.000 Loss 0.000
21-Jan-26 12:52:16 - One training epoch latency: 211.4s | Avg Power: 241.9W | Energy: 51141.8489J
21-Jan-26 12:52:29 -  @Testing * Acc@1 96.528 Acc@5 99.653 Loss 2.172
21-Jan-26 12:52:29 - Best acc at epoch 79: 96.875
21-Jan-26 12:52:29 - Last learning rate: [1.220703125e-07]
21-Jan-26 12:52:29 - 	 Epoch 80...
21-Jan-26 12:52:48 - Epoch: [80][  99/1176]	Time  0.180 ( 0.182)	Data  0.000 ( 0.002)	Loss 0.0000e+00 (0.0000e+00)	Acc@1 100.00 (100.00)	Acc@5 100.00 (100.00)
21-Jan-26 12:53:06 - Epoch: [80][ 199/1176]	Time  0.177 ( 0.181)	Data  0.000 ( 0.001)	Loss 0.0000e+00 (0.0000e+00)	Acc@1 100.00 (100.00)	Acc@5 100.00 (100.00)
21-Jan-26 12:53:24 - Epoch: [80][ 299/1176]	Time  0.177 ( 0.180)	Data  0.000 ( 0.001)	Loss 0.0000e+00 (0.0000e+00)	Acc@1 100.00 (100.00)	Acc@5 100.00 (100.00)
21-Jan-26 12:53:41 - Epoch: [80][ 399/1176]	Time  0.174 ( 0.180)	Data  0.000 ( 0.001)	Loss 0.0000e+00 (0.0000e+00)	Acc@1 100.00 (100.00)	Acc@5 100.00 (100.00)
21-Jan-26 12:53:59 - Epoch: [80][ 499/1176]	Time  0.177 ( 0.180)	Data  0.000 ( 0.001)	Loss 0.0000e+00 (0.0000e+00)	Acc@1 100.00 (100.00)	Acc@5 100.00 (100.00)
21-Jan-26 12:54:17 - Epoch: [80][ 599/1176]	Time  0.179 ( 0.180)	Data  0.000 ( 0.001)	Loss 0.0000e+00 (0.0000e+00)	Acc@1 100.00 (100.00)	Acc@5 100.00 (100.00)
21-Jan-26 12:54:35 - Epoch: [80][ 699/1176]	Time  0.178 ( 0.180)	Data  0.000 ( 0.000)	Loss 0.0000e+00 (0.0000e+00)	Acc@1 100.00 (100.00)	Acc@5 100.00 (100.00)
21-Jan-26 12:54:53 - Epoch: [80][ 799/1176]	Time  0.177 ( 0.180)	Data  0.000 ( 0.000)	Loss 0.0000e+00 (0.0000e+00)	Acc@1 100.00 (100.00)	Acc@5 100.00 (100.00)
21-Jan-26 12:55:11 - Epoch: [80][ 899/1176]	Time  0.177 ( 0.180)	Data  0.000 ( 0.000)	Loss 0.0000e+00 (0.0000e+00)	Acc@1 100.00 (100.00)	Acc@5 100.00 (100.00)
21-Jan-26 12:55:29 - Epoch: [80][ 999/1176]	Time  0.194 ( 0.180)	Data  0.000 ( 0.000)	Loss 0.0000e+00 (0.0000e+00)	Acc@1 100.00 (100.00)	Acc@5 100.00 (100.00)
21-Jan-26 12:55:47 - Epoch: [80][1099/1176]	Time  0.184 ( 0.180)	Data  0.000 ( 0.000)	Loss 0.0000e+00 (0.0000e+00)	Acc@1 100.00 (100.00)	Acc@5 100.00 (100.00)
21-Jan-26 12:56:01 -  @Training * Acc@1 100.000 Acc@5 100.000 Loss 0.000
21-Jan-26 12:56:01 - One training epoch latency: 211.2s | Avg Power: 243.7W | Energy: 51478.9052J
21-Jan-26 12:56:14 -  @Testing * Acc@1 96.528 Acc@5 99.653 Loss 2.198
21-Jan-26 12:56:14 - Best acc at epoch 80: 96.875
21-Jan-26 12:56:14 - Last learning rate: [1.220703125e-07]
21-Jan-26 12:56:14 - 	 Epoch 81...
21-Jan-26 12:56:33 - Epoch: [81][  99/1176]	Time  0.176 ( 0.182)	Data  0.000 ( 0.002)	Loss 0.0000e+00 (0.0000e+00)	Acc@1 100.00 (100.00)	Acc@5 100.00 (100.00)
21-Jan-26 12:56:51 - Epoch: [81][ 199/1176]	Time  0.180 ( 0.181)	Data  0.000 ( 0.001)	Loss 0.0000e+00 (0.0000e+00)	Acc@1 100.00 (100.00)	Acc@5 100.00 (100.00)
21-Jan-26 12:57:09 - Epoch: [81][ 299/1176]	Time  0.177 ( 0.181)	Data  0.000 ( 0.001)	Loss 0.0000e+00 (0.0000e+00)	Acc@1 100.00 (100.00)	Acc@5 100.00 (100.00)
21-Jan-26 12:57:26 - Epoch: [81][ 399/1176]	Time  0.179 ( 0.180)	Data  0.000 ( 0.001)	Loss 0.0000e+00 (0.0000e+00)	Acc@1 100.00 (100.00)	Acc@5 100.00 (100.00)
21-Jan-26 12:57:44 - Epoch: [81][ 499/1176]	Time  0.180 ( 0.180)	Data  0.000 ( 0.001)	Loss 0.0000e+00 (0.0000e+00)	Acc@1 100.00 (100.00)	Acc@5 100.00 (100.00)
21-Jan-26 12:58:02 - Epoch: [81][ 599/1176]	Time  0.174 ( 0.180)	Data  0.000 ( 0.001)	Loss 0.0000e+00 (0.0000e+00)	Acc@1 100.00 (100.00)	Acc@5 100.00 (100.00)
21-Jan-26 12:58:20 - Epoch: [81][ 699/1176]	Time  0.174 ( 0.180)	Data  0.000 ( 0.000)	Loss 0.0000e+00 (0.0000e+00)	Acc@1 100.00 (100.00)	Acc@5 100.00 (100.00)
21-Jan-26 12:58:38 - Epoch: [81][ 799/1176]	Time  0.177 ( 0.180)	Data  0.000 ( 0.000)	Loss 0.0000e+00 (0.0000e+00)	Acc@1 100.00 (100.00)	Acc@5 100.00 (100.00)
21-Jan-26 12:58:56 - Epoch: [81][ 899/1176]	Time  0.174 ( 0.180)	Data  0.000 ( 0.000)	Loss 0.0000e+00 (0.0000e+00)	Acc@1 100.00 (100.00)	Acc@5 100.00 (100.00)
21-Jan-26 12:59:14 - Epoch: [81][ 999/1176]	Time  0.201 ( 0.180)	Data  0.000 ( 0.000)	Loss 0.0000e+00 (0.0000e+00)	Acc@1 100.00 (100.00)	Acc@5 100.00 (100.00)
21-Jan-26 12:59:32 - Epoch: [81][1099/1176]	Time  0.183 ( 0.180)	Data  0.000 ( 0.000)	Loss 0.0000e+00 (0.0000e+00)	Acc@1 100.00 (100.00)	Acc@5 100.00 (100.00)
21-Jan-26 12:59:46 -  @Training * Acc@1 100.000 Acc@5 100.000 Loss 0.000
21-Jan-26 12:59:46 - One training epoch latency: 211.3s | Avg Power: 242.1W | Energy: 51157.0770J
21-Jan-26 13:00:00 -  @Testing * Acc@1 96.528 Acc@5 99.653 Loss 2.184
21-Jan-26 13:00:00 - Best acc at epoch 81: 96.875
21-Jan-26 13:00:00 - Last learning rate: [6.103515625e-08]
21-Jan-26 13:00:00 - 	 Epoch 82...
21-Jan-26 13:00:18 - Epoch: [82][  99/1176]	Time  0.179 ( 0.182)	Data  0.000 ( 0.002)	Loss 0.0000e+00 (0.0000e+00)	Acc@1 100.00 (100.00)	Acc@5 100.00 (100.00)
21-Jan-26 13:00:36 - Epoch: [82][ 199/1176]	Time  0.177 ( 0.181)	Data  0.000 ( 0.001)	Loss 0.0000e+00 (0.0000e+00)	Acc@1 100.00 (100.00)	Acc@5 100.00 (100.00)
21-Jan-26 13:00:54 - Epoch: [82][ 299/1176]	Time  0.180 ( 0.181)	Data  0.000 ( 0.001)	Loss 0.0000e+00 (0.0000e+00)	Acc@1 100.00 (100.00)	Acc@5 100.00 (100.00)
21-Jan-26 13:01:12 - Epoch: [82][ 399/1176]	Time  0.177 ( 0.180)	Data  0.000 ( 0.001)	Loss 0.0000e+00 (0.0000e+00)	Acc@1 100.00 (100.00)	Acc@5 100.00 (100.00)
21-Jan-26 13:01:30 - Epoch: [82][ 499/1176]	Time  0.180 ( 0.180)	Data  0.000 ( 0.001)	Loss 0.0000e+00 (0.0000e+00)	Acc@1 100.00 (100.00)	Acc@5 100.00 (100.00)
21-Jan-26 13:01:48 - Epoch: [82][ 599/1176]	Time  0.174 ( 0.180)	Data  0.000 ( 0.000)	Loss 0.0000e+00 (0.0000e+00)	Acc@1 100.00 (100.00)	Acc@5 100.00 (100.00)
21-Jan-26 13:02:06 - Epoch: [82][ 699/1176]	Time  0.177 ( 0.180)	Data  0.000 ( 0.000)	Loss 0.0000e+00 (0.0000e+00)	Acc@1 100.00 (100.00)	Acc@5 100.00 (100.00)
21-Jan-26 13:02:24 - Epoch: [82][ 799/1176]	Time  0.176 ( 0.180)	Data  0.000 ( 0.000)	Loss 0.0000e+00 (0.0000e+00)	Acc@1 100.00 (100.00)	Acc@5 100.00 (100.00)
21-Jan-26 13:02:42 - Epoch: [82][ 899/1176]	Time  0.176 ( 0.180)	Data  0.000 ( 0.000)	Loss 0.0000e+00 (0.0000e+00)	Acc@1 100.00 (100.00)	Acc@5 100.00 (100.00)
21-Jan-26 13:03:00 - Epoch: [82][ 999/1176]	Time  0.177 ( 0.180)	Data  0.000 ( 0.000)	Loss 0.0000e+00 (0.0000e+00)	Acc@1 100.00 (100.00)	Acc@5 100.00 (100.00)
21-Jan-26 13:03:17 - Epoch: [82][1099/1176]	Time  0.177 ( 0.180)	Data  0.000 ( 0.000)	Loss 0.0000e+00 (0.0000e+00)	Acc@1 100.00 (100.00)	Acc@5 100.00 (100.00)
21-Jan-26 13:03:31 -  @Training * Acc@1 100.000 Acc@5 100.000 Loss 0.000
21-Jan-26 13:03:31 - One training epoch latency: 211.5s | Avg Power: 242.0W | Energy: 51174.7776J
21-Jan-26 13:03:45 -  @Testing * Acc@1 96.528 Acc@5 99.653 Loss 2.231
21-Jan-26 13:03:45 - Best acc at epoch 82: 96.875
21-Jan-26 13:03:45 - Last learning rate: [6.103515625e-08]
21-Jan-26 13:03:45 - 	 Epoch 83...
21-Jan-26 13:04:03 - Epoch: [83][  99/1176]	Time  0.176 ( 0.182)	Data  0.000 ( 0.002)	Loss 0.0000e+00 (0.0000e+00)	Acc@1 100.00 (100.00)	Acc@5 100.00 (100.00)
21-Jan-26 13:04:21 - Epoch: [83][ 199/1176]	Time  0.177 ( 0.181)	Data  0.000 ( 0.001)	Loss 0.0000e+00 (0.0000e+00)	Acc@1 100.00 (100.00)	Acc@5 100.00 (100.00)
21-Jan-26 13:04:39 - Epoch: [83][ 299/1176]	Time  0.180 ( 0.180)	Data  0.000 ( 0.001)	Loss 0.0000e+00 (0.0000e+00)	Acc@1 100.00 (100.00)	Acc@5 100.00 (100.00)
21-Jan-26 13:04:57 - Epoch: [83][ 399/1176]	Time  0.192 ( 0.180)	Data  0.000 ( 0.001)	Loss 0.0000e+00 (0.0000e+00)	Acc@1 100.00 (100.00)	Acc@5 100.00 (100.00)
21-Jan-26 13:05:15 - Epoch: [83][ 499/1176]	Time  0.176 ( 0.180)	Data  0.000 ( 0.001)	Loss 0.0000e+00 (0.0000e+00)	Acc@1 100.00 (100.00)	Acc@5 100.00 (100.00)
21-Jan-26 13:05:33 - Epoch: [83][ 599/1176]	Time  0.177 ( 0.180)	Data  0.000 ( 0.000)	Loss 0.0000e+00 (0.0000e+00)	Acc@1 100.00 (100.00)	Acc@5 100.00 (100.00)
21-Jan-26 13:05:51 - Epoch: [83][ 699/1176]	Time  0.176 ( 0.180)	Data  0.000 ( 0.000)	Loss 0.0000e+00 (0.0000e+00)	Acc@1 100.00 (100.00)	Acc@5 100.00 (100.00)
21-Jan-26 13:06:08 - Epoch: [83][ 799/1176]	Time  0.177 ( 0.180)	Data  0.000 ( 0.000)	Loss 0.0000e+00 (0.0000e+00)	Acc@1 100.00 (100.00)	Acc@5 100.00 (100.00)
21-Jan-26 13:06:26 - Epoch: [83][ 899/1176]	Time  0.179 ( 0.180)	Data  0.000 ( 0.000)	Loss 0.0000e+00 (0.0000e+00)	Acc@1 100.00 (100.00)	Acc@5 100.00 (100.00)
21-Jan-26 13:06:44 - Epoch: [83][ 999/1176]	Time  0.177 ( 0.179)	Data  0.000 ( 0.000)	Loss 0.0000e+00 (0.0000e+00)	Acc@1 100.00 (100.00)	Acc@5 100.00 (100.00)
21-Jan-26 13:07:02 - Epoch: [83][1099/1176]	Time  0.194 ( 0.179)	Data  0.000 ( 0.000)	Loss 0.0000e+00 (0.0000e+00)	Acc@1 100.00 (100.00)	Acc@5 100.00 (100.00)
21-Jan-26 13:07:16 -  @Training * Acc@1 100.000 Acc@5 100.000 Loss 0.000
21-Jan-26 13:07:16 - One training epoch latency: 211.0s | Avg Power: 243.8W | Energy: 51455.0390J
21-Jan-26 13:07:29 -  @Testing * Acc@1 96.528 Acc@5 99.653 Loss 2.269
21-Jan-26 13:07:29 - Best acc at epoch 83: 96.875
21-Jan-26 13:07:29 - Last learning rate: [6.103515625e-08]
21-Jan-26 13:07:29 - 	 Epoch 84...
21-Jan-26 13:07:48 - Epoch: [84][  99/1176]	Time  0.180 ( 0.182)	Data  0.000 ( 0.002)	Loss 0.0000e+00 (0.0000e+00)	Acc@1 100.00 (100.00)	Acc@5 100.00 (100.00)
21-Jan-26 13:08:06 - Epoch: [84][ 199/1176]	Time  0.177 ( 0.181)	Data  0.000 ( 0.001)	Loss 0.0000e+00 (0.0000e+00)	Acc@1 100.00 (100.00)	Acc@5 100.00 (100.00)
21-Jan-26 13:08:24 - Epoch: [84][ 299/1176]	Time  0.177 ( 0.181)	Data  0.000 ( 0.001)	Loss 0.0000e+00 (0.0000e+00)	Acc@1 100.00 (100.00)	Acc@5 100.00 (100.00)
21-Jan-26 13:08:42 - Epoch: [84][ 399/1176]	Time  0.177 ( 0.181)	Data  0.000 ( 0.001)	Loss 0.0000e+00 (0.0000e+00)	Acc@1 100.00 (100.00)	Acc@5 100.00 (100.00)
21-Jan-26 13:09:00 - Epoch: [84][ 499/1176]	Time  0.181 ( 0.180)	Data  0.000 ( 0.001)	Loss 0.0000e+00 (0.0000e+00)	Acc@1 100.00 (100.00)	Acc@5 100.00 (100.00)
21-Jan-26 13:09:18 - Epoch: [84][ 599/1176]	Time  0.177 ( 0.180)	Data  0.000 ( 0.001)	Loss 0.0000e+00 (0.0000e+00)	Acc@1 100.00 (100.00)	Acc@5 100.00 (100.00)
21-Jan-26 13:09:36 - Epoch: [84][ 699/1176]	Time  0.177 ( 0.180)	Data  0.000 ( 0.001)	Loss 0.0000e+00 (0.0000e+00)	Acc@1 100.00 (100.00)	Acc@5 100.00 (100.00)
21-Jan-26 13:09:53 - Epoch: [84][ 799/1176]	Time  0.174 ( 0.180)	Data  0.000 ( 0.000)	Loss 0.0000e+00 (0.0000e+00)	Acc@1 100.00 (100.00)	Acc@5 100.00 (100.00)
21-Jan-26 13:10:11 - Epoch: [84][ 899/1176]	Time  0.180 ( 0.180)	Data  0.000 ( 0.000)	Loss 0.0000e+00 (0.0000e+00)	Acc@1 100.00 (100.00)	Acc@5 100.00 (100.00)
21-Jan-26 13:10:29 - Epoch: [84][ 999/1176]	Time  0.177 ( 0.180)	Data  0.000 ( 0.000)	Loss 0.0000e+00 (0.0000e+00)	Acc@1 100.00 (100.00)	Acc@5 100.00 (100.00)
21-Jan-26 13:10:47 - Epoch: [84][1099/1176]	Time  0.177 ( 0.180)	Data  0.000 ( 0.000)	Loss 0.0000e+00 (0.0000e+00)	Acc@1 100.00 (100.00)	Acc@5 100.00 (100.00)
21-Jan-26 13:11:01 -  @Training * Acc@1 100.000 Acc@5 100.000 Loss 0.000
21-Jan-26 13:11:01 - One training epoch latency: 211.5s | Avg Power: 241.9W | Energy: 51176.6854J
21-Jan-26 13:11:15 -  @Testing * Acc@1 96.528 Acc@5 99.653 Loss 2.250
21-Jan-26 13:11:15 - Best acc at epoch 84: 96.875
21-Jan-26 13:11:15 - Last learning rate: [6.103515625e-08]
21-Jan-26 13:11:15 - 	 Epoch 85...
21-Jan-26 13:11:33 - Epoch: [85][  99/1176]	Time  0.188 ( 0.183)	Data  0.000 ( 0.002)	Loss 0.0000e+00 (0.0000e+00)	Acc@1 100.00 (100.00)	Acc@5 100.00 (100.00)
21-Jan-26 13:11:51 - Epoch: [85][ 199/1176]	Time  0.185 ( 0.181)	Data  0.000 ( 0.001)	Loss 0.0000e+00 (0.0000e+00)	Acc@1 100.00 (100.00)	Acc@5 100.00 (100.00)
21-Jan-26 13:12:09 - Epoch: [85][ 299/1176]	Time  0.179 ( 0.181)	Data  0.000 ( 0.001)	Loss 0.0000e+00 (0.0000e+00)	Acc@1 100.00 (100.00)	Acc@5 100.00 (100.00)
21-Jan-26 13:12:27 - Epoch: [85][ 399/1176]	Time  0.180 ( 0.181)	Data  0.000 ( 0.001)	Loss 0.0000e+00 (0.0000e+00)	Acc@1 100.00 (100.00)	Acc@5 100.00 (100.00)
21-Jan-26 13:12:45 - Epoch: [85][ 499/1176]	Time  0.188 ( 0.180)	Data  0.000 ( 0.001)	Loss 0.0000e+00 (0.0000e+00)	Acc@1 100.00 (100.00)	Acc@5 100.00 (100.00)
21-Jan-26 13:13:03 - Epoch: [85][ 599/1176]	Time  0.177 ( 0.180)	Data  0.000 ( 0.001)	Loss 0.0000e+00 (0.0000e+00)	Acc@1 100.00 (100.00)	Acc@5 100.00 (100.00)
21-Jan-26 13:13:21 - Epoch: [85][ 699/1176]	Time  0.178 ( 0.180)	Data  0.000 ( 0.000)	Loss 0.0000e+00 (0.0000e+00)	Acc@1 100.00 (100.00)	Acc@5 100.00 (100.00)
21-Jan-26 13:13:39 - Epoch: [85][ 799/1176]	Time  0.177 ( 0.180)	Data  0.000 ( 0.000)	Loss 0.0000e+00 (0.0000e+00)	Acc@1 100.00 (100.00)	Acc@5 100.00 (100.00)
21-Jan-26 13:13:57 - Epoch: [85][ 899/1176]	Time  0.201 ( 0.180)	Data  0.000 ( 0.000)	Loss 0.0000e+00 (0.0000e+00)	Acc@1 100.00 (100.00)	Acc@5 100.00 (100.00)
21-Jan-26 13:14:15 - Epoch: [85][ 999/1176]	Time  0.177 ( 0.180)	Data  0.000 ( 0.000)	Loss 0.0000e+00 (0.0000e+00)	Acc@1 100.00 (100.00)	Acc@5 100.00 (100.00)
21-Jan-26 13:14:33 - Epoch: [85][1099/1176]	Time  0.176 ( 0.180)	Data  0.000 ( 0.000)	Loss 0.0000e+00 (0.0000e+00)	Acc@1 100.00 (100.00)	Acc@5 100.00 (100.00)
21-Jan-26 13:14:46 -  @Training * Acc@1 100.000 Acc@5 100.000 Loss 0.000
21-Jan-26 13:14:46 - One training epoch latency: 211.4s | Avg Power: 241.7W | Energy: 51101.9069J
21-Jan-26 13:15:00 -  @Testing * Acc@1 96.528 Acc@5 99.653 Loss 2.231
21-Jan-26 13:15:00 - Best acc at epoch 85: 96.875
21-Jan-26 13:15:00 - Last learning rate: [6.103515625e-08]
21-Jan-26 13:15:00 - 	 Epoch 86...
21-Jan-26 13:15:18 - Epoch: [86][  99/1176]	Time  0.180 ( 0.182)	Data  0.000 ( 0.002)	Loss 0.0000e+00 (0.0000e+00)	Acc@1 100.00 (100.00)	Acc@5 100.00 (100.00)
21-Jan-26 13:15:36 - Epoch: [86][ 199/1176]	Time  0.180 ( 0.180)	Data  0.000 ( 0.001)	Loss 0.0000e+00 (0.0000e+00)	Acc@1 100.00 (100.00)	Acc@5 100.00 (100.00)
21-Jan-26 13:15:54 - Epoch: [86][ 299/1176]	Time  0.179 ( 0.180)	Data  0.000 ( 0.001)	Loss 0.0000e+00 (0.0000e+00)	Acc@1 100.00 (100.00)	Acc@5 100.00 (100.00)
21-Jan-26 13:16:12 - Epoch: [86][ 399/1176]	Time  0.194 ( 0.180)	Data  0.000 ( 0.001)	Loss 0.0000e+00 (0.0000e+00)	Acc@1 100.00 (100.00)	Acc@5 100.00 (100.00)
21-Jan-26 13:16:30 - Epoch: [86][ 499/1176]	Time  0.188 ( 0.180)	Data  0.000 ( 0.001)	Loss 0.0000e+00 (0.0000e+00)	Acc@1 100.00 (100.00)	Acc@5 100.00 (100.00)
21-Jan-26 13:16:48 - Epoch: [86][ 599/1176]	Time  0.179 ( 0.180)	Data  0.000 ( 0.000)	Loss 0.0000e+00 (0.0000e+00)	Acc@1 100.00 (100.00)	Acc@5 100.00 (100.00)
21-Jan-26 13:17:06 - Epoch: [86][ 699/1176]	Time  0.180 ( 0.180)	Data  0.000 ( 0.001)	Loss 0.0000e+00 (0.0000e+00)	Acc@1 100.00 (100.00)	Acc@5 100.00 (100.00)
21-Jan-26 13:17:24 - Epoch: [86][ 799/1176]	Time  0.177 ( 0.180)	Data  0.000 ( 0.000)	Loss 0.0000e+00 (0.0000e+00)	Acc@1 100.00 (100.00)	Acc@5 100.00 (100.00)
21-Jan-26 13:17:42 - Epoch: [86][ 899/1176]	Time  0.177 ( 0.180)	Data  0.000 ( 0.000)	Loss 0.0000e+00 (0.0000e+00)	Acc@1 100.00 (100.00)	Acc@5 100.00 (100.00)
21-Jan-26 13:18:00 - Epoch: [86][ 999/1176]	Time  0.180 ( 0.180)	Data  0.000 ( 0.000)	Loss 0.0000e+00 (0.0000e+00)	Acc@1 100.00 (100.00)	Acc@5 100.00 (100.00)
21-Jan-26 13:18:18 - Epoch: [86][1099/1176]	Time  0.177 ( 0.179)	Data  0.000 ( 0.000)	Loss 0.0000e+00 (0.0000e+00)	Acc@1 100.00 (100.00)	Acc@5 100.00 (100.00)
21-Jan-26 13:18:31 -  @Training * Acc@1 100.000 Acc@5 100.000 Loss 0.000
21-Jan-26 13:18:31 - One training epoch latency: 211.1s | Avg Power: 242.8W | Energy: 51248.4271J
21-Jan-26 13:18:45 -  @Testing * Acc@1 96.181 Acc@5 99.653 Loss 2.228
21-Jan-26 13:18:45 - Best acc at epoch 86: 96.875
21-Jan-26 13:18:45 - Last learning rate: [6.103515625e-08]
21-Jan-26 13:18:45 - 	 Epoch 87...
21-Jan-26 13:19:03 - Epoch: [87][  99/1176]	Time  0.185 ( 0.183)	Data  0.000 ( 0.002)	Loss 0.0000e+00 (0.0000e+00)	Acc@1 100.00 (100.00)	Acc@5 100.00 (100.00)
21-Jan-26 13:19:21 - Epoch: [87][ 199/1176]	Time  0.198 ( 0.181)	Data  0.011 ( 0.001)	Loss 0.0000e+00 (0.0000e+00)	Acc@1 100.00 (100.00)	Acc@5 100.00 (100.00)
21-Jan-26 13:19:39 - Epoch: [87][ 299/1176]	Time  0.178 ( 0.181)	Data  0.000 ( 0.001)	Loss 0.0000e+00 (0.0000e+00)	Acc@1 100.00 (100.00)	Acc@5 100.00 (100.00)
21-Jan-26 13:19:57 - Epoch: [87][ 399/1176]	Time  0.188 ( 0.180)	Data  0.000 ( 0.001)	Loss 0.0000e+00 (0.0000e+00)	Acc@1 100.00 (100.00)	Acc@5 100.00 (100.00)
21-Jan-26 13:20:15 - Epoch: [87][ 499/1176]	Time  0.174 ( 0.180)	Data  0.000 ( 0.001)	Loss 0.0000e+00 (0.0000e+00)	Acc@1 100.00 (100.00)	Acc@5 100.00 (100.00)
21-Jan-26 13:20:33 - Epoch: [87][ 599/1176]	Time  0.180 ( 0.180)	Data  0.000 ( 0.001)	Loss 0.0000e+00 (0.0000e+00)	Acc@1 100.00 (100.00)	Acc@5 100.00 (100.00)
21-Jan-26 13:20:51 - Epoch: [87][ 699/1176]	Time  0.177 ( 0.180)	Data  0.000 ( 0.001)	Loss 0.0000e+00 (0.0000e+00)	Acc@1 100.00 (100.00)	Acc@5 100.00 (100.00)
21-Jan-26 13:21:09 - Epoch: [87][ 799/1176]	Time  0.176 ( 0.180)	Data  0.000 ( 0.001)	Loss 0.0000e+00 (0.0000e+00)	Acc@1 100.00 (100.00)	Acc@5 100.00 (100.00)
21-Jan-26 13:21:27 - Epoch: [87][ 899/1176]	Time  0.180 ( 0.180)	Data  0.000 ( 0.000)	Loss 0.0000e+00 (0.0000e+00)	Acc@1 100.00 (100.00)	Acc@5 100.00 (100.00)
21-Jan-26 13:21:44 - Epoch: [87][ 999/1176]	Time  0.176 ( 0.180)	Data  0.000 ( 0.000)	Loss 0.0000e+00 (0.0000e+00)	Acc@1 100.00 (100.00)	Acc@5 100.00 (100.00)
21-Jan-26 13:22:02 - Epoch: [87][1099/1176]	Time  0.176 ( 0.180)	Data  0.000 ( 0.000)	Loss 0.0000e+00 (0.0000e+00)	Acc@1 100.00 (100.00)	Acc@5 100.00 (100.00)
21-Jan-26 13:22:16 -  @Training * Acc@1 100.000 Acc@5 100.000 Loss 0.000
21-Jan-26 13:22:16 - One training epoch latency: 211.1s | Avg Power: 244.1W | Energy: 51526.5099J
21-Jan-26 13:22:30 -  @Testing * Acc@1 96.528 Acc@5 99.653 Loss 2.224
21-Jan-26 13:22:30 - Best acc at epoch 87: 96.875
21-Jan-26 13:22:30 - Last learning rate: [3.0517578125e-08]
21-Jan-26 13:22:30 - 	 Epoch 88...
21-Jan-26 13:22:48 - Epoch: [88][  99/1176]	Time  0.177 ( 0.182)	Data  0.000 ( 0.002)	Loss 0.0000e+00 (0.0000e+00)	Acc@1 100.00 (100.00)	Acc@5 100.00 (100.00)
21-Jan-26 13:23:06 - Epoch: [88][ 199/1176]	Time  0.177 ( 0.181)	Data  0.000 ( 0.001)	Loss 0.0000e+00 (0.0000e+00)	Acc@1 100.00 (100.00)	Acc@5 100.00 (100.00)
21-Jan-26 13:23:24 - Epoch: [88][ 299/1176]	Time  0.179 ( 0.180)	Data  0.000 ( 0.001)	Loss 0.0000e+00 (0.0000e+00)	Acc@1 100.00 (100.00)	Acc@5 100.00 (100.00)
21-Jan-26 13:23:42 - Epoch: [88][ 399/1176]	Time  0.177 ( 0.180)	Data  0.000 ( 0.001)	Loss 0.0000e+00 (0.0000e+00)	Acc@1 100.00 (100.00)	Acc@5 100.00 (100.00)
21-Jan-26 13:24:00 - Epoch: [88][ 499/1176]	Time  0.177 ( 0.180)	Data  0.000 ( 0.001)	Loss 0.0000e+00 (0.0000e+00)	Acc@1 100.00 (100.00)	Acc@5 100.00 (100.00)
21-Jan-26 13:24:18 - Epoch: [88][ 599/1176]	Time  0.180 ( 0.180)	Data  0.000 ( 0.001)	Loss 0.0000e+00 (0.0000e+00)	Acc@1 100.00 (100.00)	Acc@5 100.00 (100.00)
21-Jan-26 13:24:36 - Epoch: [88][ 699/1176]	Time  0.176 ( 0.180)	Data  0.000 ( 0.001)	Loss 0.0000e+00 (0.0000e+00)	Acc@1 100.00 (100.00)	Acc@5 100.00 (100.00)
21-Jan-26 13:24:54 - Epoch: [88][ 799/1176]	Time  0.179 ( 0.180)	Data  0.000 ( 0.000)	Loss 0.0000e+00 (0.0000e+00)	Acc@1 100.00 (100.00)	Acc@5 100.00 (100.00)
21-Jan-26 13:25:12 - Epoch: [88][ 899/1176]	Time  0.177 ( 0.180)	Data  0.000 ( 0.000)	Loss 0.0000e+00 (0.0000e+00)	Acc@1 100.00 (100.00)	Acc@5 100.00 (100.00)
21-Jan-26 13:25:29 - Epoch: [88][ 999/1176]	Time  0.177 ( 0.180)	Data  0.000 ( 0.000)	Loss 0.0000e+00 (0.0000e+00)	Acc@1 100.00 (100.00)	Acc@5 100.00 (100.00)
21-Jan-26 13:25:47 - Epoch: [88][1099/1176]	Time  0.179 ( 0.180)	Data  0.000 ( 0.000)	Loss 0.0000e+00 (0.0000e+00)	Acc@1 100.00 (100.00)	Acc@5 100.00 (100.00)
21-Jan-26 13:26:01 -  @Training * Acc@1 100.000 Acc@5 100.000 Loss 0.000
21-Jan-26 13:26:01 - One training epoch latency: 211.3s | Avg Power: 246.4W | Energy: 52049.3978J
21-Jan-26 13:26:15 -  @Testing * Acc@1 96.528 Acc@5 99.653 Loss 2.219
21-Jan-26 13:26:15 - Best acc at epoch 88: 96.875
21-Jan-26 13:26:15 - Last learning rate: [3.0517578125e-08]
21-Jan-26 13:26:15 - 	 Epoch 89...
21-Jan-26 13:26:33 - Epoch: [89][  99/1176]	Time  0.185 ( 0.182)	Data  0.000 ( 0.003)	Loss 0.0000e+00 (0.0000e+00)	Acc@1 100.00 (100.00)	Acc@5 100.00 (100.00)
21-Jan-26 13:26:51 - Epoch: [89][ 199/1176]	Time  0.177 ( 0.181)	Data  0.000 ( 0.001)	Loss 0.0000e+00 (0.0000e+00)	Acc@1 100.00 (100.00)	Acc@5 100.00 (100.00)
21-Jan-26 13:27:09 - Epoch: [89][ 299/1176]	Time  0.177 ( 0.180)	Data  0.000 ( 0.001)	Loss 0.0000e+00 (0.0000e+00)	Acc@1 100.00 (100.00)	Acc@5 100.00 (100.00)
21-Jan-26 13:27:27 - Epoch: [89][ 399/1176]	Time  0.206 ( 0.180)	Data  0.000 ( 0.001)	Loss 0.0000e+00 (0.0000e+00)	Acc@1 100.00 (100.00)	Acc@5 100.00 (100.00)
21-Jan-26 13:27:45 - Epoch: [89][ 499/1176]	Time  0.179 ( 0.180)	Data  0.000 ( 0.001)	Loss 0.0000e+00 (0.0000e+00)	Acc@1 100.00 (100.00)	Acc@5 100.00 (100.00)
21-Jan-26 13:28:03 - Epoch: [89][ 599/1176]	Time  0.177 ( 0.180)	Data  0.000 ( 0.001)	Loss 0.0000e+00 (0.0000e+00)	Acc@1 100.00 (100.00)	Acc@5 100.00 (100.00)
21-Jan-26 13:28:21 - Epoch: [89][ 699/1176]	Time  0.177 ( 0.180)	Data  0.000 ( 0.001)	Loss 0.0000e+00 (0.0000e+00)	Acc@1 100.00 (100.00)	Acc@5 100.00 (100.00)
21-Jan-26 13:28:39 - Epoch: [89][ 799/1176]	Time  0.176 ( 0.180)	Data  0.000 ( 0.000)	Loss 0.0000e+00 (0.0000e+00)	Acc@1 100.00 (100.00)	Acc@5 100.00 (100.00)
21-Jan-26 13:28:56 - Epoch: [89][ 899/1176]	Time  0.174 ( 0.180)	Data  0.000 ( 0.000)	Loss 0.0000e+00 (0.0000e+00)	Acc@1 100.00 (100.00)	Acc@5 100.00 (100.00)
21-Jan-26 13:29:14 - Epoch: [89][ 999/1176]	Time  0.177 ( 0.180)	Data  0.000 ( 0.000)	Loss 0.0000e+00 (0.0000e+00)	Acc@1 100.00 (100.00)	Acc@5 100.00 (100.00)
21-Jan-26 13:29:32 - Epoch: [89][1099/1176]	Time  0.176 ( 0.179)	Data  0.000 ( 0.000)	Loss 0.0000e+00 (0.0000e+00)	Acc@1 100.00 (100.00)	Acc@5 100.00 (100.00)
21-Jan-26 13:29:46 -  @Training * Acc@1 100.000 Acc@5 100.000 Loss 0.000
21-Jan-26 13:29:46 - One training epoch latency: 211.1s | Avg Power: 246.2W | Energy: 51969.4980J
21-Jan-26 13:30:00 -  @Testing * Acc@1 96.528 Acc@5 99.653 Loss 2.232
21-Jan-26 13:30:00 - Best acc at epoch 89: 96.875
21-Jan-26 13:30:00 - Last learning rate: [3.0517578125e-08]
21-Jan-26 13:30:00 - 	 Epoch 90...
21-Jan-26 13:30:18 - Epoch: [90][  99/1176]	Time  0.179 ( 0.182)	Data  0.000 ( 0.003)	Loss 0.0000e+00 (0.0000e+00)	Acc@1 100.00 (100.00)	Acc@5 100.00 (100.00)
21-Jan-26 13:30:36 - Epoch: [90][ 199/1176]	Time  0.177 ( 0.181)	Data  0.000 ( 0.001)	Loss 0.0000e+00 (0.0000e+00)	Acc@1 100.00 (100.00)	Acc@5 100.00 (100.00)
21-Jan-26 13:30:54 - Epoch: [90][ 299/1176]	Time  0.177 ( 0.180)	Data  0.000 ( 0.001)	Loss 0.0000e+00 (0.0000e+00)	Acc@1 100.00 (100.00)	Acc@5 100.00 (100.00)
21-Jan-26 13:31:12 - Epoch: [90][ 399/1176]	Time  0.179 ( 0.180)	Data  0.000 ( 0.001)	Loss 0.0000e+00 (0.0000e+00)	Acc@1 100.00 (100.00)	Acc@5 100.00 (100.00)
21-Jan-26 13:31:30 - Epoch: [90][ 499/1176]	Time  0.177 ( 0.180)	Data  0.000 ( 0.001)	Loss 0.0000e+00 (0.0000e+00)	Acc@1 100.00 (100.00)	Acc@5 100.00 (100.00)
21-Jan-26 13:31:48 - Epoch: [90][ 599/1176]	Time  0.177 ( 0.180)	Data  0.000 ( 0.001)	Loss 0.0000e+00 (0.0000e+00)	Acc@1 100.00 (100.00)	Acc@5 100.00 (100.00)
21-Jan-26 13:32:06 - Epoch: [90][ 699/1176]	Time  0.177 ( 0.180)	Data  0.000 ( 0.000)	Loss 0.0000e+00 (0.0000e+00)	Acc@1 100.00 (100.00)	Acc@5 100.00 (100.00)
21-Jan-26 13:32:23 - Epoch: [90][ 799/1176]	Time  0.177 ( 0.180)	Data  0.000 ( 0.000)	Loss 0.0000e+00 (0.0000e+00)	Acc@1 100.00 (100.00)	Acc@5 100.00 (100.00)
21-Jan-26 13:32:41 - Epoch: [90][ 899/1176]	Time  0.174 ( 0.180)	Data  0.000 ( 0.000)	Loss 0.0000e+00 (0.0000e+00)	Acc@1 100.00 (100.00)	Acc@5 100.00 (100.00)
21-Jan-26 13:32:59 - Epoch: [90][ 999/1176]	Time  0.173 ( 0.180)	Data  0.000 ( 0.000)	Loss 0.0000e+00 (0.0000e+00)	Acc@1 100.00 (100.00)	Acc@5 100.00 (100.00)
21-Jan-26 13:33:17 - Epoch: [90][1099/1176]	Time  0.177 ( 0.179)	Data  0.000 ( 0.000)	Loss 0.0000e+00 (0.0000e+00)	Acc@1 100.00 (100.00)	Acc@5 100.00 (100.00)
21-Jan-26 13:33:31 -  @Training * Acc@1 100.000 Acc@5 100.000 Loss 0.000
21-Jan-26 13:33:31 - One training epoch latency: 211.1s | Avg Power: 245.9W | Energy: 51906.1676J
21-Jan-26 13:33:45 -  @Testing * Acc@1 96.528 Acc@5 99.653 Loss 2.216
21-Jan-26 13:33:45 - Best acc at epoch 90: 96.875
21-Jan-26 13:33:45 - Last learning rate: [3.0517578125e-08]
21-Jan-26 13:33:45 - 	 Epoch 91...
21-Jan-26 13:34:03 - Epoch: [91][  99/1176]	Time  0.180 ( 0.182)	Data  0.000 ( 0.002)	Loss 0.0000e+00 (0.0000e+00)	Acc@1 100.00 (100.00)	Acc@5 100.00 (100.00)
21-Jan-26 13:34:21 - Epoch: [91][ 199/1176]	Time  0.177 ( 0.181)	Data  0.000 ( 0.001)	Loss 0.0000e+00 (0.0000e+00)	Acc@1 100.00 (100.00)	Acc@5 100.00 (100.00)
21-Jan-26 13:34:39 - Epoch: [91][ 299/1176]	Time  0.176 ( 0.181)	Data  0.000 ( 0.001)	Loss 0.0000e+00 (0.0000e+00)	Acc@1 100.00 (100.00)	Acc@5 100.00 (100.00)
21-Jan-26 13:34:57 - Epoch: [91][ 399/1176]	Time  0.179 ( 0.180)	Data  0.000 ( 0.001)	Loss 0.0000e+00 (0.0000e+00)	Acc@1 100.00 (100.00)	Acc@5 100.00 (100.00)
21-Jan-26 13:35:15 - Epoch: [91][ 499/1176]	Time  0.177 ( 0.180)	Data  0.000 ( 0.001)	Loss 0.0000e+00 (0.0000e+00)	Acc@1 100.00 (100.00)	Acc@5 100.00 (100.00)
21-Jan-26 13:35:33 - Epoch: [91][ 599/1176]	Time  0.177 ( 0.180)	Data  0.000 ( 0.001)	Loss 0.0000e+00 (0.0000e+00)	Acc@1 100.00 (100.00)	Acc@5 100.00 (100.00)
21-Jan-26 13:35:51 - Epoch: [91][ 699/1176]	Time  0.177 ( 0.180)	Data  0.000 ( 0.001)	Loss 0.0000e+00 (0.0000e+00)	Acc@1 100.00 (100.00)	Acc@5 100.00 (100.00)
21-Jan-26 13:36:09 - Epoch: [91][ 799/1176]	Time  0.176 ( 0.180)	Data  0.000 ( 0.000)	Loss 0.0000e+00 (0.0000e+00)	Acc@1 100.00 (100.00)	Acc@5 100.00 (100.00)
21-Jan-26 13:36:26 - Epoch: [91][ 899/1176]	Time  0.177 ( 0.180)	Data  0.000 ( 0.000)	Loss 0.0000e+00 (0.0000e+00)	Acc@1 100.00 (100.00)	Acc@5 100.00 (100.00)
21-Jan-26 13:36:44 - Epoch: [91][ 999/1176]	Time  0.177 ( 0.180)	Data  0.000 ( 0.000)	Loss 0.0000e+00 (0.0000e+00)	Acc@1 100.00 (100.00)	Acc@5 100.00 (100.00)
21-Jan-26 13:37:02 - Epoch: [91][1099/1176]	Time  0.192 ( 0.179)	Data  0.000 ( 0.000)	Loss 0.0000e+00 (0.0000e+00)	Acc@1 100.00 (100.00)	Acc@5 100.00 (100.00)
21-Jan-26 13:37:16 -  @Training * Acc@1 100.000 Acc@5 100.000 Loss 0.000
21-Jan-26 13:37:16 - One training epoch latency: 211.1s | Avg Power: 242.4W | Energy: 51152.0144J
21-Jan-26 13:37:30 -  @Testing * Acc@1 96.528 Acc@5 99.653 Loss 2.208
21-Jan-26 13:37:30 - Best acc at epoch 91: 96.875
21-Jan-26 13:37:30 - Last learning rate: [3.0517578125e-08]
21-Jan-26 13:37:30 - 	 Epoch 92...
21-Jan-26 13:37:48 - Epoch: [92][  99/1176]	Time  0.175 ( 0.182)	Data  0.000 ( 0.002)	Loss 0.0000e+00 (0.0000e+00)	Acc@1 100.00 (100.00)	Acc@5 100.00 (100.00)
21-Jan-26 13:38:06 - Epoch: [92][ 199/1176]	Time  0.177 ( 0.181)	Data  0.000 ( 0.001)	Loss 0.0000e+00 (0.0000e+00)	Acc@1 100.00 (100.00)	Acc@5 100.00 (100.00)
21-Jan-26 13:38:24 - Epoch: [92][ 299/1176]	Time  0.180 ( 0.181)	Data  0.000 ( 0.001)	Loss 0.0000e+00 (0.0000e+00)	Acc@1 100.00 (100.00)	Acc@5 100.00 (100.00)
21-Jan-26 13:38:42 - Epoch: [92][ 399/1176]	Time  0.177 ( 0.181)	Data  0.000 ( 0.001)	Loss 0.0000e+00 (0.0000e+00)	Acc@1 100.00 (100.00)	Acc@5 100.00 (100.00)
21-Jan-26 13:39:00 - Epoch: [92][ 499/1176]	Time  0.177 ( 0.181)	Data  0.000 ( 0.001)	Loss 0.0000e+00 (0.0000e+00)	Acc@1 100.00 (100.00)	Acc@5 100.00 (100.00)
21-Jan-26 13:39:18 - Epoch: [92][ 599/1176]	Time  0.180 ( 0.180)	Data  0.000 ( 0.001)	Loss 0.0000e+00 (0.0000e+00)	Acc@1 100.00 (100.00)	Acc@5 100.00 (100.00)
21-Jan-26 13:39:36 - Epoch: [92][ 699/1176]	Time  0.177 ( 0.180)	Data  0.000 ( 0.000)	Loss 0.0000e+00 (0.0000e+00)	Acc@1 100.00 (100.00)	Acc@5 100.00 (100.00)
21-Jan-26 13:39:54 - Epoch: [92][ 799/1176]	Time  0.177 ( 0.180)	Data  0.000 ( 0.000)	Loss 0.0000e+00 (0.0000e+00)	Acc@1 100.00 (100.00)	Acc@5 100.00 (100.00)
21-Jan-26 13:40:12 - Epoch: [92][ 899/1176]	Time  0.177 ( 0.180)	Data  0.000 ( 0.000)	Loss 0.0000e+00 (0.0000e+00)	Acc@1 100.00 (100.00)	Acc@5 100.00 (100.00)
21-Jan-26 13:40:30 - Epoch: [92][ 999/1176]	Time  0.180 ( 0.180)	Data  0.000 ( 0.000)	Loss 0.0000e+00 (0.0000e+00)	Acc@1 100.00 (100.00)	Acc@5 100.00 (100.00)
21-Jan-26 13:40:47 - Epoch: [92][1099/1176]	Time  0.177 ( 0.180)	Data  0.000 ( 0.000)	Loss 0.0000e+00 (0.0000e+00)	Acc@1 100.00 (100.00)	Acc@5 100.00 (100.00)
21-Jan-26 13:41:01 -  @Training * Acc@1 100.000 Acc@5 100.000 Loss 0.000
21-Jan-26 13:41:01 - One training epoch latency: 211.6s | Avg Power: 242.2W | Energy: 51255.2967J
21-Jan-26 13:41:15 -  @Testing * Acc@1 96.528 Acc@5 99.653 Loss 2.178
21-Jan-26 13:41:15 - Best acc at epoch 92: 96.875
21-Jan-26 13:41:15 - Last learning rate: [3.0517578125e-08]
21-Jan-26 13:41:15 - 	 Epoch 93...
21-Jan-26 13:41:33 - Epoch: [93][  99/1176]	Time  0.177 ( 0.185)	Data  0.000 ( 0.002)	Loss 0.0000e+00 (0.0000e+00)	Acc@1 100.00 (100.00)	Acc@5 100.00 (100.00)
21-Jan-26 13:41:51 - Epoch: [93][ 199/1176]	Time  0.177 ( 0.183)	Data  0.000 ( 0.001)	Loss 0.0000e+00 (0.0000e+00)	Acc@1 100.00 (100.00)	Acc@5 100.00 (100.00)
21-Jan-26 13:42:09 - Epoch: [93][ 299/1176]	Time  0.179 ( 0.182)	Data  0.000 ( 0.001)	Loss 0.0000e+00 (0.0000e+00)	Acc@1 100.00 (100.00)	Acc@5 100.00 (100.00)
21-Jan-26 13:42:27 - Epoch: [93][ 399/1176]	Time  0.177 ( 0.181)	Data  0.000 ( 0.001)	Loss 0.0000e+00 (0.0000e+00)	Acc@1 100.00 (100.00)	Acc@5 100.00 (100.00)
21-Jan-26 13:42:45 - Epoch: [93][ 499/1176]	Time  0.180 ( 0.181)	Data  0.000 ( 0.001)	Loss 0.0000e+00 (0.0000e+00)	Acc@1 100.00 (100.00)	Acc@5 100.00 (100.00)
21-Jan-26 13:43:03 - Epoch: [93][ 599/1176]	Time  0.180 ( 0.181)	Data  0.000 ( 0.001)	Loss 0.0000e+00 (0.0000e+00)	Acc@1 100.00 (100.00)	Acc@5 100.00 (100.00)
21-Jan-26 13:43:21 - Epoch: [93][ 699/1176]	Time  0.177 ( 0.180)	Data  0.000 ( 0.001)	Loss 0.0000e+00 (0.0000e+00)	Acc@1 100.00 (100.00)	Acc@5 100.00 (100.00)
21-Jan-26 13:43:39 - Epoch: [93][ 799/1176]	Time  0.185 ( 0.180)	Data  0.000 ( 0.001)	Loss 0.0000e+00 (0.0000e+00)	Acc@1 100.00 (100.00)	Acc@5 100.00 (100.00)
21-Jan-26 13:43:57 - Epoch: [93][ 899/1176]	Time  0.181 ( 0.180)	Data  0.000 ( 0.000)	Loss 0.0000e+00 (0.0000e+00)	Acc@1 100.00 (100.00)	Acc@5 100.00 (100.00)
21-Jan-26 13:44:15 - Epoch: [93][ 999/1176]	Time  0.177 ( 0.180)	Data  0.000 ( 0.000)	Loss 0.0000e+00 (0.0000e+00)	Acc@1 100.00 (100.00)	Acc@5 100.00 (100.00)
21-Jan-26 13:44:33 - Epoch: [93][1099/1176]	Time  0.176 ( 0.180)	Data  0.000 ( 0.000)	Loss 0.0000e+00 (0.0000e+00)	Acc@1 100.00 (100.00)	Acc@5 100.00 (100.00)
21-Jan-26 13:44:46 -  @Training * Acc@1 100.000 Acc@5 100.000 Loss 0.000
21-Jan-26 13:44:47 - One training epoch latency: 211.6s | Avg Power: 243.5W | Energy: 51520.5083J
21-Jan-26 13:45:00 -  @Testing * Acc@1 96.528 Acc@5 99.653 Loss 2.153
21-Jan-26 13:45:00 - Best acc at epoch 93: 96.875
21-Jan-26 13:45:01 - Last learning rate: [1.52587890625e-08]
21-Jan-26 13:45:01 - 	 Epoch 94...
21-Jan-26 13:45:19 - Epoch: [94][  99/1176]	Time  0.177 ( 0.182)	Data  0.000 ( 0.002)	Loss 0.0000e+00 (0.0000e+00)	Acc@1 100.00 (100.00)	Acc@5 100.00 (100.00)
21-Jan-26 13:45:37 - Epoch: [94][ 199/1176]	Time  0.179 ( 0.181)	Data  0.000 ( 0.001)	Loss 0.0000e+00 (0.0000e+00)	Acc@1 100.00 (100.00)	Acc@5 100.00 (100.00)
21-Jan-26 13:45:55 - Epoch: [94][ 299/1176]	Time  0.178 ( 0.180)	Data  0.000 ( 0.001)	Loss 0.0000e+00 (0.0000e+00)	Acc@1 100.00 (100.00)	Acc@5 100.00 (100.00)
21-Jan-26 13:46:13 - Epoch: [94][ 399/1176]	Time  0.176 ( 0.180)	Data  0.000 ( 0.001)	Loss 0.0000e+00 (0.0000e+00)	Acc@1 100.00 (100.00)	Acc@5 100.00 (100.00)
21-Jan-26 13:46:30 - Epoch: [94][ 499/1176]	Time  0.177 ( 0.180)	Data  0.000 ( 0.001)	Loss 0.0000e+00 (0.0000e+00)	Acc@1 100.00 (100.00)	Acc@5 100.00 (100.00)
21-Jan-26 13:46:48 - Epoch: [94][ 599/1176]	Time  0.177 ( 0.180)	Data  0.000 ( 0.001)	Loss 0.0000e+00 (0.0000e+00)	Acc@1 100.00 (100.00)	Acc@5 100.00 (100.00)
21-Jan-26 13:47:06 - Epoch: [94][ 699/1176]	Time  0.180 ( 0.180)	Data  0.000 ( 0.001)	Loss 0.0000e+00 (0.0000e+00)	Acc@1 100.00 (100.00)	Acc@5 100.00 (100.00)
21-Jan-26 13:47:24 - Epoch: [94][ 799/1176]	Time  0.200 ( 0.180)	Data  0.000 ( 0.000)	Loss 0.0000e+00 (0.0000e+00)	Acc@1 100.00 (100.00)	Acc@5 100.00 (100.00)
21-Jan-26 13:47:42 - Epoch: [94][ 899/1176]	Time  0.176 ( 0.180)	Data  0.000 ( 0.000)	Loss 0.0000e+00 (0.0000e+00)	Acc@1 100.00 (100.00)	Acc@5 100.00 (100.00)
21-Jan-26 13:48:00 - Epoch: [94][ 999/1176]	Time  0.196 ( 0.180)	Data  0.000 ( 0.000)	Loss 0.0000e+00 (0.0000e+00)	Acc@1 100.00 (100.00)	Acc@5 100.00 (100.00)
21-Jan-26 13:48:18 - Epoch: [94][1099/1176]	Time  0.175 ( 0.179)	Data  0.000 ( 0.000)	Loss 0.0000e+00 (0.0000e+00)	Acc@1 100.00 (100.00)	Acc@5 100.00 (100.00)
21-Jan-26 13:48:32 -  @Training * Acc@1 100.000 Acc@5 100.000 Loss 0.000
21-Jan-26 13:48:32 - One training epoch latency: 211.1s | Avg Power: 245.4W | Energy: 51799.0255J
21-Jan-26 13:48:45 -  @Testing * Acc@1 96.528 Acc@5 99.653 Loss 2.145
21-Jan-26 13:48:45 - Best acc at epoch 94: 96.875
21-Jan-26 13:48:45 - Last learning rate: [1.52587890625e-08]
21-Jan-26 13:48:45 - 	 Epoch 95...
21-Jan-26 13:49:04 - Epoch: [95][  99/1176]	Time  0.177 ( 0.182)	Data  0.000 ( 0.002)	Loss 0.0000e+00 (0.0000e+00)	Acc@1 100.00 (100.00)	Acc@5 100.00 (100.00)
21-Jan-26 13:49:22 - Epoch: [95][ 199/1176]	Time  0.177 ( 0.181)	Data  0.000 ( 0.001)	Loss 0.0000e+00 (0.0000e+00)	Acc@1 100.00 (100.00)	Acc@5 100.00 (100.00)
21-Jan-26 13:49:40 - Epoch: [95][ 299/1176]	Time  0.177 ( 0.181)	Data  0.000 ( 0.001)	Loss 0.0000e+00 (0.0000e+00)	Acc@1 100.00 (100.00)	Acc@5 100.00 (100.00)
21-Jan-26 13:49:58 - Epoch: [95][ 399/1176]	Time  0.179 ( 0.180)	Data  0.000 ( 0.001)	Loss 0.0000e+00 (0.0000e+00)	Acc@1 100.00 (100.00)	Acc@5 100.00 (100.00)
21-Jan-26 13:50:15 - Epoch: [95][ 499/1176]	Time  0.174 ( 0.180)	Data  0.000 ( 0.001)	Loss 0.0000e+00 (0.0000e+00)	Acc@1 100.00 (100.00)	Acc@5 100.00 (100.00)
21-Jan-26 13:50:33 - Epoch: [95][ 599/1176]	Time  0.177 ( 0.180)	Data  0.000 ( 0.001)	Loss 0.0000e+00 (0.0000e+00)	Acc@1 100.00 (100.00)	Acc@5 100.00 (100.00)
21-Jan-26 13:50:51 - Epoch: [95][ 699/1176]	Time  0.199 ( 0.180)	Data  0.000 ( 0.000)	Loss 0.0000e+00 (0.0000e+00)	Acc@1 100.00 (100.00)	Acc@5 100.00 (100.00)
21-Jan-26 13:51:09 - Epoch: [95][ 799/1176]	Time  0.179 ( 0.180)	Data  0.000 ( 0.000)	Loss 0.0000e+00 (0.0000e+00)	Acc@1 100.00 (100.00)	Acc@5 100.00 (100.00)
21-Jan-26 13:51:27 - Epoch: [95][ 899/1176]	Time  0.177 ( 0.180)	Data  0.000 ( 0.000)	Loss 0.0000e+00 (0.0000e+00)	Acc@1 100.00 (100.00)	Acc@5 100.00 (100.00)
21-Jan-26 13:51:45 - Epoch: [95][ 999/1176]	Time  0.177 ( 0.180)	Data  0.000 ( 0.000)	Loss 0.0000e+00 (0.0000e+00)	Acc@1 100.00 (100.00)	Acc@5 100.00 (100.00)
21-Jan-26 13:52:03 - Epoch: [95][1099/1176]	Time  0.184 ( 0.180)	Data  0.000 ( 0.000)	Loss 0.0000e+00 (0.0000e+00)	Acc@1 100.00 (100.00)	Acc@5 100.00 (100.00)
21-Jan-26 13:52:17 -  @Training * Acc@1 100.000 Acc@5 100.000 Loss 0.000
21-Jan-26 13:52:17 - One training epoch latency: 211.3s | Avg Power: 242.2W | Energy: 51177.1256J
21-Jan-26 13:52:31 -  @Testing * Acc@1 96.528 Acc@5 99.653 Loss 2.199
21-Jan-26 13:52:31 - Best acc at epoch 95: 96.875
21-Jan-26 13:52:31 - Last learning rate: [1.52587890625e-08]
21-Jan-26 13:52:31 - 	 Epoch 96...
21-Jan-26 13:52:49 - Epoch: [96][  99/1176]	Time  0.176 ( 0.181)	Data  0.000 ( 0.002)	Loss 0.0000e+00 (0.0000e+00)	Acc@1 100.00 (100.00)	Acc@5 100.00 (100.00)
21-Jan-26 13:53:07 - Epoch: [96][ 199/1176]	Time  0.179 ( 0.181)	Data  0.000 ( 0.001)	Loss 0.0000e+00 (0.0000e+00)	Acc@1 100.00 (100.00)	Acc@5 100.00 (100.00)
21-Jan-26 13:53:25 - Epoch: [96][ 299/1176]	Time  0.180 ( 0.180)	Data  0.000 ( 0.001)	Loss 0.0000e+00 (0.0000e+00)	Acc@1 100.00 (100.00)	Acc@5 100.00 (100.00)
21-Jan-26 13:53:43 - Epoch: [96][ 399/1176]	Time  0.177 ( 0.180)	Data  0.000 ( 0.001)	Loss 0.0000e+00 (0.0000e+00)	Acc@1 100.00 (100.00)	Acc@5 100.00 (100.00)
21-Jan-26 13:54:01 - Epoch: [96][ 499/1176]	Time  0.176 ( 0.180)	Data  0.000 ( 0.001)	Loss 0.0000e+00 (0.0000e+00)	Acc@1 100.00 (100.00)	Acc@5 100.00 (100.00)
21-Jan-26 13:54:18 - Epoch: [96][ 599/1176]	Time  0.176 ( 0.180)	Data  0.000 ( 0.001)	Loss 0.0000e+00 (0.0000e+00)	Acc@1 100.00 (100.00)	Acc@5 100.00 (100.00)
21-Jan-26 13:54:36 - Epoch: [96][ 699/1176]	Time  0.176 ( 0.180)	Data  0.000 ( 0.001)	Loss 0.0000e+00 (0.0000e+00)	Acc@1 100.00 (100.00)	Acc@5 100.00 (100.00)
21-Jan-26 13:54:54 - Epoch: [96][ 799/1176]	Time  0.177 ( 0.180)	Data  0.000 ( 0.001)	Loss 0.0000e+00 (0.0000e+00)	Acc@1 100.00 (100.00)	Acc@5 100.00 (100.00)
21-Jan-26 13:55:12 - Epoch: [96][ 899/1176]	Time  0.197 ( 0.179)	Data  0.011 ( 0.000)	Loss 0.0000e+00 (0.0000e+00)	Acc@1 100.00 (100.00)	Acc@5 100.00 (100.00)
21-Jan-26 13:55:30 - Epoch: [96][ 999/1176]	Time  0.179 ( 0.179)	Data  0.000 ( 0.000)	Loss 0.0000e+00 (0.0000e+00)	Acc@1 100.00 (100.00)	Acc@5 100.00 (100.00)
21-Jan-26 13:55:48 - Epoch: [96][1099/1176]	Time  0.180 ( 0.179)	Data  0.000 ( 0.000)	Loss 0.0000e+00 (0.0000e+00)	Acc@1 100.00 (100.00)	Acc@5 100.00 (100.00)
21-Jan-26 13:56:02 -  @Training * Acc@1 100.000 Acc@5 100.000 Loss 0.000
21-Jan-26 13:56:02 - One training epoch latency: 211.0s | Avg Power: 243.5W | Energy: 51390.2409J
21-Jan-26 13:56:15 -  @Testing * Acc@1 96.528 Acc@5 99.653 Loss 2.172
21-Jan-26 13:56:15 - Best acc at epoch 96: 96.875
21-Jan-26 13:56:15 - Last learning rate: [1.52587890625e-08]
21-Jan-26 13:56:15 - 	 Epoch 97...
21-Jan-26 13:56:34 - Epoch: [97][  99/1176]	Time  0.177 ( 0.182)	Data  0.000 ( 0.002)	Loss 0.0000e+00 (0.0000e+00)	Acc@1 100.00 (100.00)	Acc@5 100.00 (100.00)
21-Jan-26 13:56:52 - Epoch: [97][ 199/1176]	Time  0.177 ( 0.181)	Data  0.000 ( 0.001)	Loss 0.0000e+00 (0.0000e+00)	Acc@1 100.00 (100.00)	Acc@5 100.00 (100.00)
21-Jan-26 13:57:09 - Epoch: [97][ 299/1176]	Time  0.176 ( 0.180)	Data  0.000 ( 0.001)	Loss 0.0000e+00 (0.0000e+00)	Acc@1 100.00 (100.00)	Acc@5 100.00 (100.00)
21-Jan-26 13:57:27 - Epoch: [97][ 399/1176]	Time  0.174 ( 0.180)	Data  0.000 ( 0.001)	Loss 0.0000e+00 (0.0000e+00)	Acc@1 100.00 (100.00)	Acc@5 100.00 (100.00)
21-Jan-26 13:57:45 - Epoch: [97][ 499/1176]	Time  0.177 ( 0.180)	Data  0.000 ( 0.001)	Loss 0.0000e+00 (0.0000e+00)	Acc@1 100.00 (100.00)	Acc@5 100.00 (100.00)
21-Jan-26 13:58:03 - Epoch: [97][ 599/1176]	Time  0.183 ( 0.180)	Data  0.000 ( 0.001)	Loss 0.0000e+00 (0.0000e+00)	Acc@1 100.00 (100.00)	Acc@5 100.00 (100.00)
21-Jan-26 13:58:21 - Epoch: [97][ 699/1176]	Time  0.179 ( 0.180)	Data  0.000 ( 0.000)	Loss 0.0000e+00 (0.0000e+00)	Acc@1 100.00 (100.00)	Acc@5 100.00 (100.00)
21-Jan-26 13:58:39 - Epoch: [97][ 799/1176]	Time  0.176 ( 0.179)	Data  0.000 ( 0.000)	Loss 0.0000e+00 (0.0000e+00)	Acc@1 100.00 (100.00)	Acc@5 100.00 (100.00)
21-Jan-26 13:58:57 - Epoch: [97][ 899/1176]	Time  0.205 ( 0.179)	Data  0.000 ( 0.000)	Loss 0.0000e+00 (0.0000e+00)	Acc@1 100.00 (100.00)	Acc@5 100.00 (100.00)
21-Jan-26 13:59:15 - Epoch: [97][ 999/1176]	Time  0.177 ( 0.179)	Data  0.000 ( 0.000)	Loss 0.0000e+00 (0.0000e+00)	Acc@1 100.00 (100.00)	Acc@5 100.00 (100.00)
21-Jan-26 13:59:33 - Epoch: [97][1099/1176]	Time  0.176 ( 0.179)	Data  0.000 ( 0.000)	Loss 0.0000e+00 (0.0000e+00)	Acc@1 100.00 (100.00)	Acc@5 100.00 (100.00)
21-Jan-26 13:59:46 -  @Training * Acc@1 100.000 Acc@5 100.000 Loss 0.000
21-Jan-26 13:59:46 - One training epoch latency: 210.9s | Avg Power: 244.3W | Energy: 51535.7466J
21-Jan-26 14:00:00 -  @Testing * Acc@1 96.528 Acc@5 99.653 Loss 2.181
21-Jan-26 14:00:00 - Best acc at epoch 97: 96.875
21-Jan-26 14:00:00 - Last learning rate: [1.52587890625e-08]
21-Jan-26 14:00:00 - 	 Epoch 98...
21-Jan-26 14:00:18 - Epoch: [98][  99/1176]	Time  0.184 ( 0.182)	Data  0.000 ( 0.002)	Loss 0.0000e+00 (0.0000e+00)	Acc@1 100.00 (100.00)	Acc@5 100.00 (100.00)
21-Jan-26 14:00:36 - Epoch: [98][ 199/1176]	Time  0.187 ( 0.181)	Data  0.000 ( 0.001)	Loss 0.0000e+00 (0.0000e+00)	Acc@1 100.00 (100.00)	Acc@5 100.00 (100.00)
21-Jan-26 14:00:54 - Epoch: [98][ 299/1176]	Time  0.182 ( 0.180)	Data  0.000 ( 0.001)	Loss 0.0000e+00 (0.0000e+00)	Acc@1 100.00 (100.00)	Acc@5 100.00 (100.00)
21-Jan-26 14:01:12 - Epoch: [98][ 399/1176]	Time  0.176 ( 0.180)	Data  0.000 ( 0.001)	Loss 0.0000e+00 (0.0000e+00)	Acc@1 100.00 (100.00)	Acc@5 100.00 (100.00)
21-Jan-26 14:01:30 - Epoch: [98][ 499/1176]	Time  0.177 ( 0.180)	Data  0.000 ( 0.001)	Loss 0.0000e+00 (0.0000e+00)	Acc@1 100.00 (100.00)	Acc@5 100.00 (100.00)
21-Jan-26 14:01:48 - Epoch: [98][ 599/1176]	Time  0.177 ( 0.180)	Data  0.000 ( 0.001)	Loss 0.0000e+00 (0.0000e+00)	Acc@1 100.00 (100.00)	Acc@5 100.00 (100.00)
21-Jan-26 14:02:06 - Epoch: [98][ 699/1176]	Time  0.176 ( 0.180)	Data  0.000 ( 0.001)	Loss 0.0000e+00 (0.0000e+00)	Acc@1 100.00 (100.00)	Acc@5 100.00 (100.00)
21-Jan-26 14:02:24 - Epoch: [98][ 799/1176]	Time  0.176 ( 0.179)	Data  0.000 ( 0.001)	Loss 0.0000e+00 (0.0000e+00)	Acc@1 100.00 (100.00)	Acc@5 100.00 (100.00)
21-Jan-26 14:02:41 - Epoch: [98][ 899/1176]	Time  0.179 ( 0.179)	Data  0.000 ( 0.000)	Loss 0.0000e+00 (0.0000e+00)	Acc@1 100.00 (100.00)	Acc@5 100.00 (100.00)
21-Jan-26 14:02:59 - Epoch: [98][ 999/1176]	Time  0.176 ( 0.179)	Data  0.000 ( 0.000)	Loss 0.0000e+00 (0.0000e+00)	Acc@1 100.00 (100.00)	Acc@5 100.00 (100.00)
21-Jan-26 14:03:17 - Epoch: [98][1099/1176]	Time  0.198 ( 0.179)	Data  0.000 ( 0.000)	Loss 0.0000e+00 (0.0000e+00)	Acc@1 100.00 (100.00)	Acc@5 100.00 (100.00)
21-Jan-26 14:03:31 -  @Training * Acc@1 100.000 Acc@5 100.000 Loss 0.000
21-Jan-26 14:03:31 - One training epoch latency: 210.9s | Avg Power: 245.2W | Energy: 51707.4883J
21-Jan-26 14:03:44 -  @Testing * Acc@1 96.528 Acc@5 99.653 Loss 2.203
21-Jan-26 14:03:44 - Best acc at epoch 98: 96.875
21-Jan-26 14:03:44 - Last learning rate: [1.52587890625e-08]
21-Jan-26 14:03:44 - 	 Epoch 99...
21-Jan-26 14:04:03 - Epoch: [99][  99/1176]	Time  0.177 ( 0.182)	Data  0.000 ( 0.002)	Loss 0.0000e+00 (0.0000e+00)	Acc@1 100.00 (100.00)	Acc@5 100.00 (100.00)
21-Jan-26 14:04:21 - Epoch: [99][ 199/1176]	Time  0.176 ( 0.181)	Data  0.000 ( 0.001)	Loss 0.0000e+00 (0.0000e+00)	Acc@1 100.00 (100.00)	Acc@5 100.00 (100.00)
21-Jan-26 14:04:39 - Epoch: [99][ 299/1176]	Time  0.179 ( 0.180)	Data  0.000 ( 0.001)	Loss 0.0000e+00 (0.0000e+00)	Acc@1 100.00 (100.00)	Acc@5 100.00 (100.00)
21-Jan-26 14:04:56 - Epoch: [99][ 399/1176]	Time  0.174 ( 0.180)	Data  0.000 ( 0.001)	Loss 0.0000e+00 (0.0000e+00)	Acc@1 100.00 (100.00)	Acc@5 100.00 (100.00)
21-Jan-26 14:05:14 - Epoch: [99][ 499/1176]	Time  0.176 ( 0.180)	Data  0.000 ( 0.001)	Loss 0.0000e+00 (0.0000e+00)	Acc@1 100.00 (100.00)	Acc@5 100.00 (100.00)
21-Jan-26 14:05:32 - Epoch: [99][ 599/1176]	Time  0.176 ( 0.180)	Data  0.000 ( 0.001)	Loss 0.0000e+00 (0.0000e+00)	Acc@1 100.00 (100.00)	Acc@5 100.00 (100.00)
21-Jan-26 14:05:50 - Epoch: [99][ 699/1176]	Time  0.181 ( 0.180)	Data  0.000 ( 0.001)	Loss 0.0000e+00 (0.0000e+00)	Acc@1 100.00 (100.00)	Acc@5 100.00 (100.00)
21-Jan-26 14:06:08 - Epoch: [99][ 799/1176]	Time  0.179 ( 0.179)	Data  0.000 ( 0.000)	Loss 0.0000e+00 (0.0000e+00)	Acc@1 100.00 (100.00)	Acc@5 100.00 (100.00)
21-Jan-26 14:06:26 - Epoch: [99][ 899/1176]	Time  0.176 ( 0.179)	Data  0.000 ( 0.000)	Loss 0.0000e+00 (0.0000e+00)	Acc@1 100.00 (100.00)	Acc@5 100.00 (100.00)
21-Jan-26 14:06:44 - Epoch: [99][ 999/1176]	Time  0.177 ( 0.179)	Data  0.000 ( 0.000)	Loss 0.0000e+00 (0.0000e+00)	Acc@1 100.00 (100.00)	Acc@5 100.00 (100.00)
21-Jan-26 14:07:02 - Epoch: [99][1099/1176]	Time  0.177 ( 0.179)	Data  0.000 ( 0.000)	Loss 0.0000e+00 (0.0000e+00)	Acc@1 100.00 (100.00)	Acc@5 100.00 (100.00)
21-Jan-26 14:07:15 -  @Training * Acc@1 100.000 Acc@5 100.000 Loss 0.000
21-Jan-26 14:07:15 - One training epoch latency: 210.8s | Avg Power: 246.6W | Energy: 51990.9559J
21-Jan-26 14:07:29 -  @Testing * Acc@1 96.528 Acc@5 99.653 Loss 2.197
21-Jan-26 14:07:29 - Best acc at epoch 99: 96.875
21-Jan-26 14:07:29 - Last learning rate: [1.52587890625e-08]
21-Jan-26 14:07:29 - 	 Epoch 100...
21-Jan-26 14:07:47 - Epoch: [100][  99/1176]	Time  0.174 ( 0.182)	Data  0.000 ( 0.002)	Loss 0.0000e+00 (0.0000e+00)	Acc@1 100.00 (100.00)	Acc@5 100.00 (100.00)
21-Jan-26 14:08:05 - Epoch: [100][ 199/1176]	Time  0.180 ( 0.181)	Data  0.000 ( 0.001)	Loss 0.0000e+00 (0.0000e+00)	Acc@1 100.00 (100.00)	Acc@5 100.00 (100.00)
21-Jan-26 14:08:23 - Epoch: [100][ 299/1176]	Time  0.180 ( 0.180)	Data  0.000 ( 0.001)	Loss 0.0000e+00 (0.0000e+00)	Acc@1 100.00 (100.00)	Acc@5 100.00 (100.00)
21-Jan-26 14:08:41 - Epoch: [100][ 399/1176]	Time  0.202 ( 0.180)	Data  0.000 ( 0.001)	Loss 0.0000e+00 (0.0000e+00)	Acc@1 100.00 (100.00)	Acc@5 100.00 (100.00)
21-Jan-26 14:08:59 - Epoch: [100][ 499/1176]	Time  0.179 ( 0.180)	Data  0.000 ( 0.001)	Loss 0.0000e+00 (0.0000e+00)	Acc@1 100.00 (100.00)	Acc@5 100.00 (100.00)
21-Jan-26 14:09:17 - Epoch: [100][ 599/1176]	Time  0.177 ( 0.180)	Data  0.000 ( 0.001)	Loss 0.0000e+00 (0.0000e+00)	Acc@1 100.00 (100.00)	Acc@5 100.00 (100.00)
21-Jan-26 14:09:35 - Epoch: [100][ 699/1176]	Time  0.176 ( 0.180)	Data  0.000 ( 0.000)	Loss 0.0000e+00 (0.0000e+00)	Acc@1 100.00 (100.00)	Acc@5 100.00 (100.00)
21-Jan-26 14:09:53 - Epoch: [100][ 799/1176]	Time  0.176 ( 0.180)	Data  0.000 ( 0.000)	Loss 0.0000e+00 (0.0000e+00)	Acc@1 100.00 (100.00)	Acc@5 100.00 (100.00)
21-Jan-26 14:10:11 - Epoch: [100][ 899/1176]	Time  0.177 ( 0.180)	Data  0.000 ( 0.000)	Loss 0.0000e+00 (0.0000e+00)	Acc@1 100.00 (100.00)	Acc@5 100.00 (100.00)
21-Jan-26 14:10:29 - Epoch: [100][ 999/1176]	Time  0.177 ( 0.179)	Data  0.000 ( 0.000)	Loss 0.0000e+00 (0.0000e+00)	Acc@1 100.00 (100.00)	Acc@5 100.00 (100.00)
21-Jan-26 14:10:46 - Epoch: [100][1099/1176]	Time  0.177 ( 0.179)	Data  0.000 ( 0.000)	Loss 0.0000e+00 (0.0000e+00)	Acc@1 100.00 (100.00)	Acc@5 100.00 (100.00)
21-Jan-26 14:11:00 -  @Training * Acc@1 100.000 Acc@5 100.000 Loss 0.000
21-Jan-26 14:11:00 - One training epoch latency: 211.0s | Avg Power: 246.4W | Energy: 51991.9752J
21-Jan-26 14:11:14 -  @Testing * Acc@1 96.528 Acc@5 99.653 Loss 2.257
21-Jan-26 14:11:14 - Best acc at epoch 100: 96.875
21-Jan-26 14:11:14 - Last learning rate: [1.52587890625e-08]
20-Feb-26 10:09:48 - Namespace(arch='dvs_tessvgg_model', cpu=False, dataset='DVSGesture', save_path='./experiments/DVSGesture_Lonic_wn_int8_ternary_int8', data_path='/home/cts3td/Datasets', trials=1, epochs=100, optimizer='Adam', loss='CE', lr=6.25e-05, lr_conv=6.25e-05, batch_size=1, val_batch_size=16, label_encoding='class', activation='LinearSpike', seed=1, pretrained_model=None, training_mode='tess', delay_ls=20, scheduler=100, print_freq=100, factors_stdp=[0.2, 0.5, 0.0, 1.0], pooling='MAX', weight_decay=0, lr_scheduler_type='ReduceLR', experiment_name='DVSGesture', wn=True, avoid_wn=False, low_precision_training=True, forward_intx=8)
20-Feb-26 10:09:48 - => Everything will be saved to ./experiments/DVSGesture_Lonic_wn_int8_ternary_int8
20-Feb-26 10:09:52 - CUDA GPU will be used for computations
20-Feb-26 10:09:53 - Training set length: 1176
20-Feb-26 10:09:53 - Test set length: 288
20-Feb-26 10:09:53 - Activation used: None
20-Feb-26 10:09:53 - Total Parameters: 9222.9K
20-Feb-26 10:09:53 - === Model ===
20-Feb-26 10:09:53 - VGGConvModel(
  (conv_block1): LocalLearningSignalGenerationLayer(
    (block): ConvBlock(
      (pool): Identity()
      (conv): Conv2dSTDP(2, 64, kernel_size=(3, 3), stride=(1, 1), padding=(1, 1), bias=False, threshold=0.60, leak=0.50, reset=soft, grad_leak=False, grad_threshold=False, factors=tensor([0.2000, 0.5000, 0.0000, 1.0000], device='cuda:0'))
      (dropout): DropoutLIF(
        Dropout(p=0.0, inplace=False)
        (dropout): Dropout(p=0.0, inplace=False)
      )
    )
  )
  (conv_block2): LocalLearningSignalGenerationLayer(
    (block): ConvBlock(
      (pool): MaxPool2d(kernel_size=2, stride=2, padding=0, dilation=1, ceil_mode=False)
      (conv): Conv2dSTDP(64, 128, kernel_size=(3, 3), stride=(1, 1), padding=(1, 1), bias=False, threshold=0.60, leak=0.50, reset=soft, grad_leak=False, grad_threshold=False, factors=tensor([0.2000, 0.5000, 0.0000, 1.0000], device='cuda:0'))
      (dropout): DropoutLIF(
        Dropout(p=0.0, inplace=False)
        (dropout): Dropout(p=0.0, inplace=False)
      )
    )
  )
  (conv_block3): LocalLearningSignalGenerationLayer(
    (block): ConvBlock(
      (pool): Identity()
      (conv): Conv2dSTDP(128, 256, kernel_size=(3, 3), stride=(1, 1), padding=(1, 1), bias=False, threshold=0.60, leak=0.50, reset=soft, grad_leak=False, grad_threshold=False, factors=tensor([0.2000, 0.5000, 0.0000, 1.0000], device='cuda:0'))
      (dropout): DropoutLIF(
        Dropout(p=0.0, inplace=False)
        (dropout): Dropout(p=0.0, inplace=False)
      )
    )
  )
  (conv_block4): LocalLearningSignalGenerationLayer(
    (block): ConvBlock(
      (pool): MaxPool2d(kernel_size=2, stride=2, padding=0, dilation=1, ceil_mode=False)
      (conv): Conv2dSTDP(256, 256, kernel_size=(3, 3), stride=(1, 1), padding=(1, 1), bias=False, threshold=0.60, leak=0.50, reset=soft, grad_leak=False, grad_threshold=False, factors=tensor([0.2000, 0.5000, 0.0000, 1.0000], device='cuda:0'))
      (dropout): DropoutLIF(
        Dropout(p=0.0, inplace=False)
        (dropout): Dropout(p=0.0, inplace=False)
      )
    )
  )
  (conv_block5): LocalLearningSignalGenerationLayer(
    (block): ConvBlock(
      (pool): Identity()
      (conv): Conv2dSTDP(256, 512, kernel_size=(3, 3), stride=(1, 1), padding=(1, 1), bias=False, threshold=0.60, leak=0.50, reset=soft, grad_leak=False, grad_threshold=False, factors=tensor([0.2000, 0.5000, 0.0000, 1.0000], device='cuda:0'))
      (dropout): DropoutLIF(
        Dropout(p=0.0, inplace=False)
        (dropout): Dropout(p=0.0, inplace=False)
      )
    )
  )
  (conv_block6): LocalLearningSignalGenerationLayer(
    (block): ConvBlock(
      (pool): MaxPool2d(kernel_size=2, stride=2, padding=0, dilation=1, ceil_mode=False)
      (conv): Conv2dSTDP(512, 512, kernel_size=(3, 3), stride=(1, 1), padding=(1, 1), bias=False, threshold=0.60, leak=0.50, reset=soft, grad_leak=False, grad_threshold=False, factors=tensor([0.2000, 0.5000, 0.0000, 1.0000], device='cuda:0'))
      (dropout): DropoutLIF(
        Dropout(p=0.0, inplace=False)
        (dropout): Dropout(p=0.0, inplace=False)
      )
    )
  )
  (conv_block7): LocalLearningSignalGenerationLayer(
    (block): ConvBlock(
      (pool): Identity()
      (conv): Conv2dSTDP(512, 512, kernel_size=(3, 3), stride=(1, 1), padding=(1, 1), bias=False, threshold=0.60, leak=0.50, reset=soft, grad_leak=False, grad_threshold=False, factors=tensor([0.2000, 0.5000, 0.0000, 1.0000], device='cuda:0'))
      (dropout): DropoutLIF(
        Dropout(p=0.0, inplace=False)
        (dropout): Dropout(p=0.0, inplace=False)
      )
    )
  )
  (conv_block8): LocalLearningSignalGenerationLayer(
    (block): ConvBlock(
      (pool): AdaptiveAvgPool2d(output_size=1)
      (conv): Conv2dSTDP(512, 512, kernel_size=(3, 3), stride=(1, 1), padding=(1, 1), bias=False, threshold=0.60, leak=0.50, reset=soft, grad_leak=False, grad_threshold=False, factors=tensor([0.2000, 0.5000, 0.0000, 1.0000], device='cuda:0'))
      (dropout): DropoutLIF(
        Dropout(p=0.0, inplace=False)
        (dropout): Dropout(p=0.0, inplace=False)
      )
    )
  )
  (linear): Linear(in_features=512, out_features=11, bias=True)
)
20-Feb-26 10:09:54 - 
=== Starting model training with 100 epochs:

20-Feb-26 10:09:54 - 	 Epoch 1...
20-Feb-26 10:15:21 - Epoch: [1][  99/1176]	Time  3.151 ( 3.271)	Data  0.000 ( 0.003)	Loss 2.1321e+01 (9.2788e+00)	Acc@1   0.00 ( 18.00)	Acc@5 100.00 ( 64.00)
20-Feb-26 10:20:37 - Epoch: [1][ 199/1176]	Time  3.155 ( 3.217)	Data  0.000 ( 0.001)	Loss 1.2135e+01 (8.3998e+00)	Acc@1   0.00 ( 19.00)	Acc@5 100.00 ( 62.50)
20-Feb-26 10:25:54 - Epoch: [1][ 299/1176]	Time  3.173 ( 3.200)	Data  0.000 ( 0.001)	Loss 1.0889e+00 (8.8131e+00)	Acc@1   0.00 ( 19.67)	Acc@5 100.00 ( 65.33)
20-Feb-26 10:31:12 - Epoch: [1][ 399/1176]	Time  3.181 ( 3.195)	Data  0.000 ( 0.001)	Loss 3.6559e+01 (9.0063e+00)	Acc@1   0.00 ( 22.00)	Acc@5   0.00 ( 69.00)
20-Feb-26 10:36:37 - Epoch: [1][ 499/1176]	Time  3.348 ( 3.206)	Data  0.000 ( 0.001)	Loss 3.3671e+01 (9.1468e+00)	Acc@1   0.00 ( 24.40)	Acc@5 100.00 ( 72.20)
20-Feb-26 10:42:06 - Epoch: [1][ 599/1176]	Time  3.354 ( 3.220)	Data  0.000 ( 0.001)	Loss 1.4912e-01 (9.0609e+00)	Acc@1 100.00 ( 26.83)	Acc@5 100.00 ( 74.50)
20-Feb-26 10:47:34 - Epoch: [1][ 699/1176]	Time  3.323 ( 3.229)	Data  0.000 ( 0.001)	Loss 2.8989e+00 (8.6689e+00)	Acc@1   0.00 ( 27.86)	Acc@5 100.00 ( 77.00)
20-Feb-26 10:53:02 - Epoch: [1][ 799/1176]	Time  3.243 ( 3.235)	Data  0.000 ( 0.000)	Loss 1.5189e+01 (8.4617e+00)	Acc@1   0.00 ( 30.12)	Acc@5 100.00 ( 78.50)
20-Feb-26 10:58:21 - Epoch: [1][ 899/1176]	Time  3.145 ( 3.231)	Data  0.000 ( 0.000)	Loss 2.5852e+00 (8.3241e+00)	Acc@1   0.00 ( 31.78)	Acc@5 100.00 ( 79.56)
20-Feb-26 11:03:40 - Epoch: [1][ 999/1176]	Time  3.181 ( 3.226)	Data  0.000 ( 0.000)	Loss 3.6814e-03 (8.1809e+00)	Acc@1 100.00 ( 32.80)	Acc@5 100.00 ( 80.90)
20-Feb-26 11:09:03 - Epoch: [1][1099/1176]	Time  3.174 ( 3.226)	Data  0.000 ( 0.000)	Loss 1.6389e+01 (7.9929e+00)	Acc@1   0.00 ( 33.91)	Acc@5   0.00 ( 82.18)
20-Feb-26 11:13:03 -  @Training * Acc@1 34.354 Acc@5 82.823 Loss 7.991
20-Feb-26 11:13:03 - One training epoch latency: 3.789e+03s | Avg Power: 262.6W | Energy: 995037.6062J
