21-Jan-26 14:40:46 - Namespace(arch='dvs_tessvgg_model', cpu=False, dataset='DVSGesture', save_path='./experiments/DVSGesture_Lonic_wn_int4_ternary_int8', data_path='/home/cts3td/Datasets', trials=1, epochs=100, optimizer='Adam', loss='CE', lr=6.25e-05, lr_conv=6.25e-05, batch_size=1, val_batch_size=16, label_encoding='class', activation='LinearSpike', seed=1, pretrained_model=None, training_mode='tess', delay_ls=20, scheduler=100, print_freq=100, factors_stdp=[0.2, 0.5, 0.0, 1.0], pooling='MAX', weight_decay=0, lr_scheduler_type='ReduceLR', experiment_name='DVSGesture', wn=True, avoid_wn=False, low_precision_training=True, forward_intx=4)
21-Jan-26 14:40:46 - => Everything will be saved to ./experiments/DVSGesture_Lonic_wn_int4_ternary_int8
21-Jan-26 14:40:47 - CUDA GPU will be used for computations
21-Jan-26 14:40:47 - Training set length: 1176
21-Jan-26 14:40:47 - Test set length: 288
21-Jan-26 14:40:47 - Activation used: None
21-Jan-26 14:40:47 - Total Parameters: 9222.9K
21-Jan-26 14:40:47 - === Model ===
21-Jan-26 14:40:47 - VGGConvModel(
  (conv_block1): LocalLearningSignalGenerationLayer(
    (block): ConvBlock(
      (pool): Identity()
      (conv): Conv2dSTDP(2, 64, kernel_size=(3, 3), stride=(1, 1), padding=(1, 1), bias=False, threshold=0.60, leak=0.50, reset=soft, grad_leak=False, grad_threshold=False, factors=tensor([0.2000, 0.5000, 0.0000, 1.0000], device='cuda:0'))
      (dropout): DropoutLIF(
        Dropout(p=0.0, inplace=False)
        (dropout): Dropout(p=0.0, inplace=False)
      )
    )
  )
  (conv_block2): LocalLearningSignalGenerationLayer(
    (block): ConvBlock(
      (pool): MaxPool2d(kernel_size=2, stride=2, padding=0, dilation=1, ceil_mode=False)
      (conv): Conv2dSTDP(64, 128, kernel_size=(3, 3), stride=(1, 1), padding=(1, 1), bias=False, threshold=0.60, leak=0.50, reset=soft, grad_leak=False, grad_threshold=False, factors=tensor([0.2000, 0.5000, 0.0000, 1.0000], device='cuda:0'))
      (dropout): DropoutLIF(
        Dropout(p=0.0, inplace=False)
        (dropout): Dropout(p=0.0, inplace=False)
      )
    )
  )
  (conv_block3): LocalLearningSignalGenerationLayer(
    (block): ConvBlock(
      (pool): Identity()
      (conv): Conv2dSTDP(128, 256, kernel_size=(3, 3), stride=(1, 1), padding=(1, 1), bias=False, threshold=0.60, leak=0.50, reset=soft, grad_leak=False, grad_threshold=False, factors=tensor([0.2000, 0.5000, 0.0000, 1.0000], device='cuda:0'))
      (dropout): DropoutLIF(
        Dropout(p=0.0, inplace=False)
        (dropout): Dropout(p=0.0, inplace=False)
      )
    )
  )
  (conv_block4): LocalLearningSignalGenerationLayer(
    (block): ConvBlock(
      (pool): MaxPool2d(kernel_size=2, stride=2, padding=0, dilation=1, ceil_mode=False)
      (conv): Conv2dSTDP(256, 256, kernel_size=(3, 3), stride=(1, 1), padding=(1, 1), bias=False, threshold=0.60, leak=0.50, reset=soft, grad_leak=False, grad_threshold=False, factors=tensor([0.2000, 0.5000, 0.0000, 1.0000], device='cuda:0'))
      (dropout): DropoutLIF(
        Dropout(p=0.0, inplace=False)
        (dropout): Dropout(p=0.0, inplace=False)
      )
    )
  )
  (conv_block5): LocalLearningSignalGenerationLayer(
    (block): ConvBlock(
      (pool): Identity()
      (conv): Conv2dSTDP(256, 512, kernel_size=(3, 3), stride=(1, 1), padding=(1, 1), bias=False, threshold=0.60, leak=0.50, reset=soft, grad_leak=False, grad_threshold=False, factors=tensor([0.2000, 0.5000, 0.0000, 1.0000], device='cuda:0'))
      (dropout): DropoutLIF(
        Dropout(p=0.0, inplace=False)
        (dropout): Dropout(p=0.0, inplace=False)
      )
    )
  )
  (conv_block6): LocalLearningSignalGenerationLayer(
    (block): ConvBlock(
      (pool): MaxPool2d(kernel_size=2, stride=2, padding=0, dilation=1, ceil_mode=False)
      (conv): Conv2dSTDP(512, 512, kernel_size=(3, 3), stride=(1, 1), padding=(1, 1), bias=False, threshold=0.60, leak=0.50, reset=soft, grad_leak=False, grad_threshold=False, factors=tensor([0.2000, 0.5000, 0.0000, 1.0000], device='cuda:0'))
      (dropout): DropoutLIF(
        Dropout(p=0.0, inplace=False)
        (dropout): Dropout(p=0.0, inplace=False)
      )
    )
  )
  (conv_block7): LocalLearningSignalGenerationLayer(
    (block): ConvBlock(
      (pool): Identity()
      (conv): Conv2dSTDP(512, 512, kernel_size=(3, 3), stride=(1, 1), padding=(1, 1), bias=False, threshold=0.60, leak=0.50, reset=soft, grad_leak=False, grad_threshold=False, factors=tensor([0.2000, 0.5000, 0.0000, 1.0000], device='cuda:0'))
      (dropout): DropoutLIF(
        Dropout(p=0.0, inplace=False)
        (dropout): Dropout(p=0.0, inplace=False)
      )
    )
  )
  (conv_block8): LocalLearningSignalGenerationLayer(
    (block): ConvBlock(
      (pool): AdaptiveAvgPool2d(output_size=1)
      (conv): Conv2dSTDP(512, 512, kernel_size=(3, 3), stride=(1, 1), padding=(1, 1), bias=False, threshold=0.60, leak=0.50, reset=soft, grad_leak=False, grad_threshold=False, factors=tensor([0.2000, 0.5000, 0.0000, 1.0000], device='cuda:0'))
      (dropout): DropoutLIF(
        Dropout(p=0.0, inplace=False)
        (dropout): Dropout(p=0.0, inplace=False)
      )
    )
  )
  (linear): Linear(in_features=512, out_features=11, bias=True)
)
21-Jan-26 14:40:47 - 
=== Starting model training with 100 epochs:

21-Jan-26 14:40:47 - 	 Epoch 1...
21-Jan-26 14:41:06 - Epoch: [1][  99/1176]	Time  0.177 ( 0.185)	Data  0.000 ( 0.002)	Loss 2.0589e+01 (9.0403e+00)	Acc@1   0.00 ( 16.00)	Acc@5 100.00 ( 61.00)
21-Jan-26 14:41:24 - Epoch: [1][ 199/1176]	Time  0.177 ( 0.182)	Data  0.000 ( 0.001)	Loss 9.8189e+00 (8.3891e+00)	Acc@1   0.00 ( 18.00)	Acc@5 100.00 ( 61.50)
21-Jan-26 14:41:42 - Epoch: [1][ 299/1176]	Time  0.176 ( 0.181)	Data  0.000 ( 0.001)	Loss 3.2168e+00 (9.0372e+00)	Acc@1   0.00 ( 19.00)	Acc@5 100.00 ( 64.67)
21-Jan-26 14:41:59 - Epoch: [1][ 399/1176]	Time  0.177 ( 0.180)	Data  0.000 ( 0.001)	Loss 3.9557e+01 (9.0967e+00)	Acc@1   0.00 ( 21.75)	Acc@5   0.00 ( 69.25)
21-Jan-26 14:42:17 - Epoch: [1][ 499/1176]	Time  0.177 ( 0.180)	Data  0.000 ( 0.001)	Loss 3.8389e+01 (9.2113e+00)	Acc@1   0.00 ( 24.20)	Acc@5 100.00 ( 72.20)
21-Jan-26 14:42:35 - Epoch: [1][ 599/1176]	Time  0.180 ( 0.179)	Data  0.000 ( 0.001)	Loss 1.9124e-01 (9.0899e+00)	Acc@1 100.00 ( 26.67)	Acc@5 100.00 ( 74.67)
21-Jan-26 14:42:53 - Epoch: [1][ 699/1176]	Time  0.177 ( 0.179)	Data  0.000 ( 0.001)	Loss 2.2584e+00 (8.7149e+00)	Acc@1   0.00 ( 27.57)	Acc@5 100.00 ( 77.00)
21-Jan-26 14:43:11 - Epoch: [1][ 799/1176]	Time  0.177 ( 0.179)	Data  0.000 ( 0.001)	Loss 1.4124e+01 (8.5233e+00)	Acc@1   0.00 ( 29.62)	Acc@5 100.00 ( 78.50)
21-Jan-26 14:43:29 - Epoch: [1][ 899/1176]	Time  0.176 ( 0.179)	Data  0.000 ( 0.000)	Loss 4.6095e+00 (8.3686e+00)	Acc@1   0.00 ( 31.44)	Acc@5 100.00 ( 79.44)
21-Jan-26 14:43:46 - Epoch: [1][ 999/1176]	Time  0.177 ( 0.179)	Data  0.000 ( 0.000)	Loss 2.4829e-03 (8.2259e+00)	Acc@1 100.00 ( 32.50)	Acc@5 100.00 ( 80.80)
21-Jan-26 14:44:04 - Epoch: [1][1099/1176]	Time  0.176 ( 0.179)	Data  0.000 ( 0.000)	Loss 1.5885e+01 (8.0200e+00)	Acc@1   0.00 ( 33.73)	Acc@5   0.00 ( 82.09)
21-Jan-26 14:44:18 -  @Training * Acc@1 34.269 Acc@5 82.568 Loss 8.007
21-Jan-26 14:44:18 - One training epoch latency: 210.4s | Avg Power: 235.5W | Energy: 49563.7557J
21-Jan-26 14:44:32 -  @Testing * Acc@1 51.042 Acc@5 95.486 Loss 4.249
21-Jan-26 14:44:32 - Best acc at epoch 1: 51.04166793823242
21-Jan-26 14:44:32 - Last learning rate: [6.25e-05]
21-Jan-26 14:44:32 - 	 Epoch 2...
21-Jan-26 14:44:50 - Epoch: [2][  99/1176]	Time  0.174 ( 0.181)	Data  0.000 ( 0.002)	Loss 5.9025e+00 (6.2886e+00)	Acc@1   0.00 ( 41.00)	Acc@5 100.00 ( 95.00)
21-Jan-26 14:45:08 - Epoch: [2][ 199/1176]	Time  0.177 ( 0.180)	Data  0.000 ( 0.001)	Loss 1.4381e-01 (5.6937e+00)	Acc@1 100.00 ( 47.00)	Acc@5 100.00 ( 96.00)
21-Jan-26 14:45:26 - Epoch: [2][ 299/1176]	Time  0.178 ( 0.180)	Data  0.000 ( 0.001)	Loss 0.0000e+00 (5.7766e+00)	Acc@1 100.00 ( 46.33)	Acc@5 100.00 ( 95.33)
21-Jan-26 14:45:44 - Epoch: [2][ 399/1176]	Time  0.176 ( 0.179)	Data  0.000 ( 0.001)	Loss 1.6204e+01 (5.4123e+00)	Acc@1   0.00 ( 48.25)	Acc@5 100.00 ( 96.00)
21-Jan-26 14:46:02 - Epoch: [2][ 499/1176]	Time  0.176 ( 0.179)	Data  0.000 ( 0.001)	Loss 5.9876e+00 (5.4159e+00)	Acc@1   0.00 ( 49.40)	Acc@5 100.00 ( 96.60)
21-Jan-26 14:46:20 - Epoch: [2][ 599/1176]	Time  0.177 ( 0.179)	Data  0.000 ( 0.000)	Loss 6.7201e+00 (5.4850e+00)	Acc@1   0.00 ( 50.33)	Acc@5 100.00 ( 97.00)
21-Jan-26 14:46:38 - Epoch: [2][ 699/1176]	Time  0.176 ( 0.179)	Data  0.000 ( 0.000)	Loss 1.6808e-05 (5.6500e+00)	Acc@1 100.00 ( 51.14)	Acc@5 100.00 ( 96.71)
21-Jan-26 14:46:55 - Epoch: [2][ 799/1176]	Time  0.176 ( 0.179)	Data  0.000 ( 0.000)	Loss 0.0000e+00 (5.6775e+00)	Acc@1 100.00 ( 51.75)	Acc@5 100.00 ( 96.50)
21-Jan-26 14:47:13 - Epoch: [2][ 899/1176]	Time  0.176 ( 0.179)	Data  0.000 ( 0.000)	Loss 8.3446e-07 (5.8795e+00)	Acc@1 100.00 ( 51.67)	Acc@5 100.00 ( 96.22)
21-Jan-26 14:47:31 - Epoch: [2][ 999/1176]	Time  0.178 ( 0.179)	Data  0.000 ( 0.000)	Loss 8.0665e-01 (5.7489e+00)	Acc@1   0.00 ( 52.60)	Acc@5 100.00 ( 96.50)
21-Jan-26 14:47:49 - Epoch: [2][1099/1176]	Time  0.187 ( 0.179)	Data  0.000 ( 0.000)	Loss 9.3958e+00 (5.7618e+00)	Acc@1   0.00 ( 53.64)	Acc@5 100.00 ( 96.64)
21-Jan-26 14:48:03 -  @Training * Acc@1 53.571 Acc@5 96.599 Loss 5.812
21-Jan-26 14:48:03 - One training epoch latency: 210.5s | Avg Power: 240.4W | Energy: 50607.0977J
21-Jan-26 14:48:16 -  @Testing * Acc@1 54.167 Acc@5 97.569 Loss 7.657
21-Jan-26 14:48:16 - Best acc at epoch 2: 54.16666793823242
21-Jan-26 14:48:16 - Last learning rate: [6.25e-05]
21-Jan-26 14:48:16 - 	 Epoch 3...
21-Jan-26 14:48:35 - Epoch: [3][  99/1176]	Time  0.177 ( 0.184)	Data  0.000 ( 0.002)	Loss 1.5833e+01 (6.0169e+00)	Acc@1   0.00 ( 61.00)	Acc@5 100.00 ( 96.00)
21-Jan-26 14:48:53 - Epoch: [3][ 199/1176]	Time  0.176 ( 0.181)	Data  0.000 ( 0.001)	Loss 4.9763e-01 (4.9639e+00)	Acc@1 100.00 ( 63.50)	Acc@5 100.00 ( 97.50)
21-Jan-26 14:49:11 - Epoch: [3][ 299/1176]	Time  0.176 ( 0.180)	Data  0.000 ( 0.001)	Loss 6.1255e-04 (5.0226e+00)	Acc@1 100.00 ( 62.00)	Acc@5 100.00 ( 97.00)
21-Jan-26 14:49:28 - Epoch: [3][ 399/1176]	Time  0.177 ( 0.180)	Data  0.000 ( 0.001)	Loss 5.2904e-01 (4.7260e+00)	Acc@1 100.00 ( 63.75)	Acc@5 100.00 ( 97.50)
21-Jan-26 14:49:46 - Epoch: [3][ 499/1176]	Time  0.200 ( 0.180)	Data  0.011 ( 0.001)	Loss 2.8007e+01 (4.4537e+00)	Acc@1   0.00 ( 63.40)	Acc@5 100.00 ( 98.00)
21-Jan-26 14:50:04 - Epoch: [3][ 599/1176]	Time  0.177 ( 0.179)	Data  0.000 ( 0.001)	Loss 0.0000e+00 (4.2666e+00)	Acc@1 100.00 ( 64.83)	Acc@5 100.00 ( 98.17)
21-Jan-26 14:50:22 - Epoch: [3][ 699/1176]	Time  0.177 ( 0.179)	Data  0.000 ( 0.000)	Loss 0.0000e+00 (4.2337e+00)	Acc@1 100.00 ( 65.14)	Acc@5 100.00 ( 98.29)
21-Jan-26 14:50:40 - Epoch: [3][ 799/1176]	Time  0.176 ( 0.179)	Data  0.000 ( 0.000)	Loss 8.8463e-01 (4.4524e+00)	Acc@1   0.00 ( 64.25)	Acc@5 100.00 ( 98.25)
21-Jan-26 14:50:57 - Epoch: [3][ 899/1176]	Time  0.176 ( 0.179)	Data  0.000 ( 0.000)	Loss 2.0676e-03 (4.4269e+00)	Acc@1 100.00 ( 64.00)	Acc@5 100.00 ( 98.22)
21-Jan-26 14:51:15 - Epoch: [3][ 999/1176]	Time  0.177 ( 0.179)	Data  0.000 ( 0.000)	Loss 1.0596e-01 (4.3065e+00)	Acc@1 100.00 ( 64.30)	Acc@5 100.00 ( 98.30)
21-Jan-26 14:51:33 - Epoch: [3][1099/1176]	Time  0.192 ( 0.179)	Data  0.000 ( 0.000)	Loss 0.0000e+00 (4.4646e+00)	Acc@1 100.00 ( 64.36)	Acc@5 100.00 ( 98.18)
21-Jan-26 14:51:47 -  @Training * Acc@1 64.966 Acc@5 98.129 Loss 4.421
21-Jan-26 14:51:47 - One training epoch latency: 210.3s | Avg Power: 240.2W | Energy: 50520.9493J
21-Jan-26 14:52:00 -  @Testing * Acc@1 66.319 Acc@5 98.611 Loss 4.501
21-Jan-26 14:52:00 - Best acc at epoch 3: 66.31944274902344
21-Jan-26 14:52:00 - Last learning rate: [6.25e-05]
21-Jan-26 14:52:00 - 	 Epoch 4...
21-Jan-26 14:52:19 - Epoch: [4][  99/1176]	Time  0.177 ( 0.182)	Data  0.000 ( 0.002)	Loss 4.7587e+00 (3.3949e+00)	Acc@1   0.00 ( 68.00)	Acc@5 100.00 ( 99.00)
21-Jan-26 14:52:37 - Epoch: [4][ 199/1176]	Time  0.179 ( 0.180)	Data  0.000 ( 0.001)	Loss 0.0000e+00 (3.9149e+00)	Acc@1 100.00 ( 71.00)	Acc@5 100.00 ( 98.50)
21-Jan-26 14:52:54 - Epoch: [4][ 299/1176]	Time  0.180 ( 0.180)	Data  0.000 ( 0.001)	Loss 4.0571e+01 (3.8972e+00)	Acc@1   0.00 ( 68.67)	Acc@5 100.00 ( 98.67)
21-Jan-26 14:53:12 - Epoch: [4][ 399/1176]	Time  0.180 ( 0.180)	Data  0.000 ( 0.001)	Loss 0.0000e+00 (3.7659e+00)	Acc@1 100.00 ( 68.75)	Acc@5 100.00 ( 98.75)
21-Jan-26 14:53:30 - Epoch: [4][ 499/1176]	Time  0.177 ( 0.179)	Data  0.000 ( 0.001)	Loss 1.1144e+01 (3.8784e+00)	Acc@1   0.00 ( 69.20)	Acc@5 100.00 ( 98.40)
21-Jan-26 14:53:48 - Epoch: [4][ 599/1176]	Time  0.184 ( 0.179)	Data  0.000 ( 0.001)	Loss 0.0000e+00 (3.9517e+00)	Acc@1 100.00 ( 68.83)	Acc@5 100.00 ( 98.33)
21-Jan-26 14:54:06 - Epoch: [4][ 699/1176]	Time  0.176 ( 0.179)	Data  0.000 ( 0.000)	Loss 1.3542e-02 (3.7300e+00)	Acc@1 100.00 ( 69.00)	Acc@5 100.00 ( 98.57)
21-Jan-26 14:54:24 - Epoch: [4][ 799/1176]	Time  0.176 ( 0.179)	Data  0.000 ( 0.000)	Loss 1.1366e+01 (3.7907e+00)	Acc@1   0.00 ( 69.12)	Acc@5 100.00 ( 98.62)
21-Jan-26 14:54:42 - Epoch: [4][ 899/1176]	Time  0.179 ( 0.179)	Data  0.000 ( 0.000)	Loss 8.9590e+00 (3.9176e+00)	Acc@1   0.00 ( 69.00)	Acc@5 100.00 ( 98.56)
21-Jan-26 14:55:00 - Epoch: [4][ 999/1176]	Time  0.177 ( 0.179)	Data  0.000 ( 0.000)	Loss 9.0599e-06 (3.9459e+00)	Acc@1 100.00 ( 69.00)	Acc@5 100.00 ( 98.70)
21-Jan-26 14:55:17 - Epoch: [4][1099/1176]	Time  0.177 ( 0.179)	Data  0.000 ( 0.000)	Loss 1.5142e-02 (3.9665e+00)	Acc@1 100.00 ( 68.82)	Acc@5 100.00 ( 98.82)
21-Jan-26 14:55:31 -  @Training * Acc@1 68.878 Acc@5 98.810 Loss 3.900
21-Jan-26 14:55:31 - One training epoch latency: 210.6s | Avg Power: 240.1W | Energy: 50555.3075J
21-Jan-26 14:55:45 -  @Testing * Acc@1 71.875 Acc@5 99.306 Loss 4.599
21-Jan-26 14:55:45 - Best acc at epoch 4: 71.875
21-Jan-26 14:55:45 - Last learning rate: [6.25e-05]
21-Jan-26 14:55:45 - 	 Epoch 5...
21-Jan-26 14:56:03 - Epoch: [5][  99/1176]	Time  0.179 ( 0.182)	Data  0.000 ( 0.003)	Loss 9.5233e+00 (3.7169e+00)	Acc@1   0.00 ( 68.00)	Acc@5 100.00 (100.00)
21-Jan-26 14:56:21 - Epoch: [5][ 199/1176]	Time  0.177 ( 0.181)	Data  0.000 ( 0.001)	Loss 1.4566e+01 (3.1413e+00)	Acc@1   0.00 ( 72.50)	Acc@5 100.00 (100.00)
21-Jan-26 14:56:39 - Epoch: [5][ 299/1176]	Time  0.176 ( 0.180)	Data  0.000 ( 0.001)	Loss 1.4819e+01 (3.4389e+00)	Acc@1   0.00 ( 73.67)	Acc@5 100.00 ( 99.33)
21-Jan-26 14:56:57 - Epoch: [5][ 399/1176]	Time  0.176 ( 0.180)	Data  0.000 ( 0.001)	Loss 1.9383e+01 (3.1871e+00)	Acc@1   0.00 ( 73.25)	Acc@5 100.00 ( 99.50)
21-Jan-26 14:57:14 - Epoch: [5][ 499/1176]	Time  0.176 ( 0.179)	Data  0.000 ( 0.001)	Loss 5.9605e-07 (3.1530e+00)	Acc@1 100.00 ( 73.60)	Acc@5 100.00 ( 99.60)
21-Jan-26 14:57:32 - Epoch: [5][ 599/1176]	Time  0.174 ( 0.179)	Data  0.000 ( 0.001)	Loss 0.0000e+00 (3.1551e+00)	Acc@1 100.00 ( 73.50)	Acc@5 100.00 ( 99.50)
21-Jan-26 14:57:50 - Epoch: [5][ 699/1176]	Time  0.179 ( 0.179)	Data  0.000 ( 0.001)	Loss 0.0000e+00 (3.1686e+00)	Acc@1 100.00 ( 72.71)	Acc@5 100.00 ( 99.29)
21-Jan-26 14:58:08 - Epoch: [5][ 799/1176]	Time  0.184 ( 0.179)	Data  0.000 ( 0.001)	Loss 2.5205e-03 (3.2497e+00)	Acc@1 100.00 ( 72.88)	Acc@5 100.00 ( 99.38)
21-Jan-26 14:58:26 - Epoch: [5][ 899/1176]	Time  0.176 ( 0.179)	Data  0.000 ( 0.001)	Loss 8.7509e-01 (3.1005e+00)	Acc@1   0.00 ( 72.89)	Acc@5 100.00 ( 99.44)
21-Jan-26 14:58:44 - Epoch: [5][ 999/1176]	Time  0.177 ( 0.179)	Data  0.000 ( 0.000)	Loss 0.0000e+00 (3.1195e+00)	Acc@1 100.00 ( 73.20)	Acc@5 100.00 ( 99.40)
21-Jan-26 14:59:02 - Epoch: [5][1099/1176]	Time  0.173 ( 0.179)	Data  0.000 ( 0.000)	Loss 6.4050e+00 (3.3093e+00)	Acc@1   0.00 ( 72.73)	Acc@5 100.00 ( 99.36)
21-Jan-26 14:59:15 -  @Training * Acc@1 72.449 Acc@5 99.320 Loss 3.424
21-Jan-26 14:59:15 - One training epoch latency: 210.5s | Avg Power: 242.1W | Energy: 50955.0086J
21-Jan-26 14:59:29 -  @Testing * Acc@1 56.944 Acc@5 98.958 Loss 8.975
21-Jan-26 14:59:29 - Best acc at epoch 5: 71.875
21-Jan-26 14:59:29 - Last learning rate: [6.25e-05]
21-Jan-26 14:59:29 - 	 Epoch 6...
21-Jan-26 14:59:47 - Epoch: [6][  99/1176]	Time  0.179 ( 0.181)	Data  0.000 ( 0.002)	Loss 1.3113e-06 (3.8644e+00)	Acc@1 100.00 ( 72.00)	Acc@5 100.00 ( 99.00)
21-Jan-26 15:00:05 - Epoch: [6][ 199/1176]	Time  0.177 ( 0.180)	Data  0.000 ( 0.001)	Loss 2.4197e-04 (3.6109e+00)	Acc@1 100.00 ( 72.00)	Acc@5 100.00 ( 99.50)
21-Jan-26 15:00:23 - Epoch: [6][ 299/1176]	Time  0.177 ( 0.180)	Data  0.000 ( 0.001)	Loss 4.7776e+00 (3.4394e+00)	Acc@1   0.00 ( 74.33)	Acc@5 100.00 ( 99.33)
21-Jan-26 15:00:41 - Epoch: [6][ 399/1176]	Time  0.176 ( 0.179)	Data  0.000 ( 0.001)	Loss 0.0000e+00 (3.0171e+00)	Acc@1 100.00 ( 75.75)	Acc@5 100.00 ( 99.50)
21-Jan-26 15:00:59 - Epoch: [6][ 499/1176]	Time  0.174 ( 0.179)	Data  0.000 ( 0.001)	Loss 7.7444e-04 (3.2154e+00)	Acc@1 100.00 ( 74.60)	Acc@5 100.00 ( 99.40)
21-Jan-26 15:01:16 - Epoch: [6][ 599/1176]	Time  0.176 ( 0.179)	Data  0.000 ( 0.001)	Loss 0.0000e+00 (3.2457e+00)	Acc@1 100.00 ( 74.50)	Acc@5 100.00 ( 99.50)
21-Jan-26 15:01:34 - Epoch: [6][ 699/1176]	Time  0.177 ( 0.179)	Data  0.000 ( 0.001)	Loss 0.0000e+00 (3.1048e+00)	Acc@1 100.00 ( 75.14)	Acc@5 100.00 ( 99.57)
21-Jan-26 15:01:52 - Epoch: [6][ 799/1176]	Time  0.185 ( 0.179)	Data  0.000 ( 0.000)	Loss 2.1707e-02 (3.1339e+00)	Acc@1 100.00 ( 75.12)	Acc@5 100.00 ( 99.62)
21-Jan-26 15:02:10 - Epoch: [6][ 899/1176]	Time  0.177 ( 0.179)	Data  0.000 ( 0.000)	Loss 1.0829e+01 (3.0422e+00)	Acc@1   0.00 ( 75.44)	Acc@5 100.00 ( 99.67)
21-Jan-26 15:02:28 - Epoch: [6][ 999/1176]	Time  0.177 ( 0.179)	Data  0.000 ( 0.000)	Loss 0.0000e+00 (3.0829e+00)	Acc@1 100.00 ( 75.40)	Acc@5 100.00 ( 99.70)
21-Jan-26 15:02:46 - Epoch: [6][1099/1176]	Time  0.176 ( 0.179)	Data  0.000 ( 0.000)	Loss 0.0000e+00 (3.1376e+00)	Acc@1 100.00 ( 75.45)	Acc@5 100.00 ( 99.73)
21-Jan-26 15:02:59 -  @Training * Acc@1 75.850 Acc@5 99.745 Loss 3.063
21-Jan-26 15:02:59 - One training epoch latency: 210.4s | Avg Power: 240.6W | Energy: 50602.8373J
21-Jan-26 15:03:13 -  @Testing * Acc@1 71.875 Acc@5 99.653 Loss 5.559
21-Jan-26 15:03:13 - Best acc at epoch 6: 71.875
21-Jan-26 15:03:13 - Last learning rate: [6.25e-05]
21-Jan-26 15:03:13 - 	 Epoch 7...
21-Jan-26 15:03:31 - Epoch: [7][  99/1176]	Time  0.179 ( 0.182)	Data  0.000 ( 0.003)	Loss 7.1575e+00 (2.6018e+00)	Acc@1   0.00 ( 79.00)	Acc@5 100.00 ( 99.00)
21-Jan-26 15:03:49 - Epoch: [7][ 199/1176]	Time  0.177 ( 0.181)	Data  0.000 ( 0.002)	Loss 0.0000e+00 (2.7034e+00)	Acc@1 100.00 ( 74.50)	Acc@5 100.00 ( 99.50)
21-Jan-26 15:04:07 - Epoch: [7][ 299/1176]	Time  0.177 ( 0.180)	Data  0.000 ( 0.001)	Loss 0.0000e+00 (2.6256e+00)	Acc@1 100.00 ( 73.33)	Acc@5 100.00 ( 99.67)
21-Jan-26 15:04:25 - Epoch: [7][ 399/1176]	Time  0.176 ( 0.180)	Data  0.000 ( 0.001)	Loss 6.9928e-04 (2.6369e+00)	Acc@1 100.00 ( 75.50)	Acc@5 100.00 ( 99.50)
21-Jan-26 15:04:43 - Epoch: [7][ 499/1176]	Time  0.176 ( 0.180)	Data  0.000 ( 0.001)	Loss 0.0000e+00 (2.7792e+00)	Acc@1 100.00 ( 76.40)	Acc@5 100.00 ( 99.40)
21-Jan-26 15:05:01 - Epoch: [7][ 599/1176]	Time  0.177 ( 0.180)	Data  0.000 ( 0.001)	Loss 0.0000e+00 (2.7823e+00)	Acc@1 100.00 ( 76.67)	Acc@5 100.00 ( 99.50)
21-Jan-26 15:05:19 - Epoch: [7][ 699/1176]	Time  0.176 ( 0.180)	Data  0.000 ( 0.001)	Loss 4.7444e-05 (2.7947e+00)	Acc@1 100.00 ( 76.57)	Acc@5 100.00 ( 99.57)
21-Jan-26 15:05:37 - Epoch: [7][ 799/1176]	Time  0.179 ( 0.180)	Data  0.000 ( 0.001)	Loss 3.5763e-07 (2.6535e+00)	Acc@1 100.00 ( 77.50)	Acc@5 100.00 ( 99.62)
21-Jan-26 15:05:55 - Epoch: [7][ 899/1176]	Time  0.177 ( 0.179)	Data  0.000 ( 0.001)	Loss 9.4144e+00 (2.6347e+00)	Acc@1   0.00 ( 77.44)	Acc@5 100.00 ( 99.67)
21-Jan-26 15:06:12 - Epoch: [7][ 999/1176]	Time  0.174 ( 0.179)	Data  0.000 ( 0.000)	Loss 8.3446e-07 (2.5078e+00)	Acc@1 100.00 ( 77.70)	Acc@5 100.00 ( 99.70)
21-Jan-26 15:06:30 - Epoch: [7][1099/1176]	Time  0.177 ( 0.179)	Data  0.000 ( 0.000)	Loss 0.0000e+00 (2.5580e+00)	Acc@1 100.00 ( 77.64)	Acc@5 100.00 ( 99.73)
21-Jan-26 15:06:44 -  @Training * Acc@1 77.806 Acc@5 99.745 Loss 2.536
21-Jan-26 15:06:44 - One training epoch latency: 211.1s | Avg Power: 240.2W | Energy: 50702.8948J
21-Jan-26 15:06:58 -  @Testing * Acc@1 75.000 Acc@5 99.306 Loss 3.386
21-Jan-26 15:06:58 - Best acc at epoch 7: 75.0
21-Jan-26 15:06:58 - Last learning rate: [6.25e-05]
21-Jan-26 15:06:58 - 	 Epoch 8...
21-Jan-26 15:07:16 - Epoch: [8][  99/1176]	Time  0.180 ( 0.181)	Data  0.000 ( 0.002)	Loss 2.3842e-07 (2.1966e+00)	Acc@1 100.00 ( 77.00)	Acc@5 100.00 (100.00)
21-Jan-26 15:07:34 - Epoch: [8][ 199/1176]	Time  0.177 ( 0.180)	Data  0.000 ( 0.001)	Loss 9.6321e+00 (2.2004e+00)	Acc@1   0.00 ( 76.50)	Acc@5 100.00 (100.00)
21-Jan-26 15:07:52 - Epoch: [8][ 299/1176]	Time  0.177 ( 0.180)	Data  0.000 ( 0.001)	Loss 1.7527e+01 (2.4015e+00)	Acc@1   0.00 ( 75.00)	Acc@5 100.00 ( 99.67)
21-Jan-26 15:08:10 - Epoch: [8][ 399/1176]	Time  0.177 ( 0.180)	Data  0.000 ( 0.001)	Loss 2.2093e+01 (2.4198e+00)	Acc@1   0.00 ( 75.50)	Acc@5 100.00 ( 99.75)
21-Jan-26 15:08:28 - Epoch: [8][ 499/1176]	Time  0.177 ( 0.180)	Data  0.000 ( 0.001)	Loss 0.0000e+00 (2.4211e+00)	Acc@1 100.00 ( 76.40)	Acc@5 100.00 ( 99.60)
21-Jan-26 15:08:45 - Epoch: [8][ 599/1176]	Time  0.177 ( 0.179)	Data  0.000 ( 0.001)	Loss 0.0000e+00 (2.1471e+00)	Acc@1 100.00 ( 78.17)	Acc@5 100.00 ( 99.67)
21-Jan-26 15:09:03 - Epoch: [8][ 699/1176]	Time  0.174 ( 0.179)	Data  0.000 ( 0.001)	Loss 0.0000e+00 (2.0850e+00)	Acc@1 100.00 ( 79.29)	Acc@5 100.00 ( 99.57)
21-Jan-26 15:09:21 - Epoch: [8][ 799/1176]	Time  0.174 ( 0.179)	Data  0.000 ( 0.000)	Loss 2.7166e-01 (2.1401e+00)	Acc@1 100.00 ( 79.62)	Acc@5 100.00 ( 99.62)
21-Jan-26 15:09:39 - Epoch: [8][ 899/1176]	Time  0.180 ( 0.179)	Data  0.000 ( 0.000)	Loss 0.0000e+00 (2.1368e+00)	Acc@1 100.00 ( 79.89)	Acc@5 100.00 ( 99.67)
21-Jan-26 15:09:57 - Epoch: [8][ 999/1176]	Time  0.177 ( 0.179)	Data  0.000 ( 0.000)	Loss 3.2563e-04 (2.3368e+00)	Acc@1 100.00 ( 79.30)	Acc@5 100.00 ( 99.70)
21-Jan-26 15:10:15 - Epoch: [8][1099/1176]	Time  0.177 ( 0.179)	Data  0.000 ( 0.000)	Loss 5.6894e-04 (2.2581e+00)	Acc@1 100.00 ( 79.91)	Acc@5 100.00 ( 99.73)
21-Jan-26 15:10:28 -  @Training * Acc@1 79.932 Acc@5 99.745 Loss 2.244
21-Jan-26 15:10:29 - One training epoch latency: 210.6s | Avg Power: 241.9W | Energy: 50937.1805J
21-Jan-26 15:10:42 -  @Testing * Acc@1 80.903 Acc@5 99.306 Loss 3.268
21-Jan-26 15:10:42 - Best acc at epoch 8: 80.90277862548828
21-Jan-26 15:10:42 - Last learning rate: [6.25e-05]
21-Jan-26 15:10:42 - 	 Epoch 9...
21-Jan-26 15:11:01 - Epoch: [9][  99/1176]	Time  0.179 ( 0.182)	Data  0.000 ( 0.002)	Loss 2.2343e+01 (9.5463e-01)	Acc@1   0.00 ( 88.00)	Acc@5 100.00 (100.00)
21-Jan-26 15:11:18 - Epoch: [9][ 199/1176]	Time  0.176 ( 0.180)	Data  0.000 ( 0.001)	Loss 0.0000e+00 (1.2582e+00)	Acc@1 100.00 ( 88.00)	Acc@5 100.00 (100.00)
21-Jan-26 15:11:36 - Epoch: [9][ 299/1176]	Time  0.177 ( 0.180)	Data  0.000 ( 0.001)	Loss 1.1251e+01 (1.4508e+00)	Acc@1   0.00 ( 86.33)	Acc@5 100.00 (100.00)
21-Jan-26 15:11:54 - Epoch: [9][ 399/1176]	Time  0.179 ( 0.180)	Data  0.000 ( 0.001)	Loss 1.1575e-04 (1.5564e+00)	Acc@1 100.00 ( 86.25)	Acc@5 100.00 ( 99.75)
21-Jan-26 15:12:12 - Epoch: [9][ 499/1176]	Time  0.181 ( 0.179)	Data  0.000 ( 0.001)	Loss 0.0000e+00 (1.8775e+00)	Acc@1 100.00 ( 84.40)	Acc@5 100.00 ( 99.80)
21-Jan-26 15:12:30 - Epoch: [9][ 599/1176]	Time  0.177 ( 0.179)	Data  0.000 ( 0.001)	Loss 0.0000e+00 (1.8930e+00)	Acc@1 100.00 ( 83.67)	Acc@5 100.00 ( 99.83)
21-Jan-26 15:12:48 - Epoch: [9][ 699/1176]	Time  0.176 ( 0.179)	Data  0.000 ( 0.000)	Loss 2.4888e-04 (1.9666e+00)	Acc@1 100.00 ( 83.43)	Acc@5 100.00 ( 99.86)
21-Jan-26 15:13:06 - Epoch: [9][ 799/1176]	Time  0.176 ( 0.179)	Data  0.000 ( 0.000)	Loss 0.0000e+00 (2.0029e+00)	Acc@1 100.00 ( 83.50)	Acc@5 100.00 ( 99.88)
21-Jan-26 15:13:23 - Epoch: [9][ 899/1176]	Time  0.177 ( 0.179)	Data  0.000 ( 0.000)	Loss 2.3842e-07 (2.0254e+00)	Acc@1 100.00 ( 83.33)	Acc@5 100.00 ( 99.89)
21-Jan-26 15:13:41 - Epoch: [9][ 999/1176]	Time  0.177 ( 0.179)	Data  0.000 ( 0.000)	Loss 0.0000e+00 (2.0282e+00)	Acc@1 100.00 ( 83.50)	Acc@5 100.00 ( 99.80)
21-Jan-26 15:13:59 - Epoch: [9][1099/1176]	Time  0.185 ( 0.179)	Data  0.000 ( 0.000)	Loss 0.0000e+00 (2.0527e+00)	Acc@1 100.00 ( 83.55)	Acc@5 100.00 ( 99.82)
21-Jan-26 15:14:13 -  @Training * Acc@1 83.503 Acc@5 99.830 Loss 2.043
21-Jan-26 15:14:13 - One training epoch latency: 210.2s | Avg Power: 240.8W | Energy: 50616.7836J
21-Jan-26 15:14:26 -  @Testing * Acc@1 77.431 Acc@5 99.306 Loss 3.921
21-Jan-26 15:14:26 - Best acc at epoch 9: 80.90277862548828
21-Jan-26 15:14:26 - Last learning rate: [6.25e-05]
21-Jan-26 15:14:26 - 	 Epoch 10...
21-Jan-26 15:14:44 - Epoch: [10][  99/1176]	Time  0.176 ( 0.181)	Data  0.000 ( 0.002)	Loss 9.6862e+00 (1.8323e+00)	Acc@1   0.00 ( 86.00)	Acc@5 100.00 (100.00)
21-Jan-26 15:15:02 - Epoch: [10][ 199/1176]	Time  0.197 ( 0.180)	Data  0.000 ( 0.001)	Loss 5.3368e-04 (1.4831e+00)	Acc@1 100.00 ( 87.50)	Acc@5 100.00 (100.00)
21-Jan-26 15:15:20 - Epoch: [10][ 299/1176]	Time  0.181 ( 0.179)	Data  0.000 ( 0.001)	Loss 6.2399e-04 (1.5456e+00)	Acc@1 100.00 ( 88.00)	Acc@5 100.00 (100.00)
21-Jan-26 15:15:38 - Epoch: [10][ 399/1176]	Time  0.177 ( 0.179)	Data  0.000 ( 0.001)	Loss 5.9605e-07 (1.4471e+00)	Acc@1 100.00 ( 88.00)	Acc@5 100.00 (100.00)
21-Jan-26 15:15:56 - Epoch: [10][ 499/1176]	Time  0.176 ( 0.179)	Data  0.000 ( 0.001)	Loss 0.0000e+00 (1.4642e+00)	Acc@1 100.00 ( 87.60)	Acc@5 100.00 (100.00)
21-Jan-26 15:16:14 - Epoch: [10][ 599/1176]	Time  0.177 ( 0.179)	Data  0.000 ( 0.001)	Loss 0.0000e+00 (1.6143e+00)	Acc@1 100.00 ( 87.17)	Acc@5 100.00 (100.00)
21-Jan-26 15:16:31 - Epoch: [10][ 699/1176]	Time  0.176 ( 0.179)	Data  0.000 ( 0.000)	Loss 0.0000e+00 (1.7905e+00)	Acc@1 100.00 ( 86.14)	Acc@5 100.00 (100.00)
21-Jan-26 15:16:49 - Epoch: [10][ 799/1176]	Time  0.177 ( 0.179)	Data  0.000 ( 0.000)	Loss 0.0000e+00 (1.8026e+00)	Acc@1 100.00 ( 85.88)	Acc@5 100.00 ( 99.88)
21-Jan-26 15:17:07 - Epoch: [10][ 899/1176]	Time  0.178 ( 0.179)	Data  0.000 ( 0.000)	Loss 0.0000e+00 (1.7955e+00)	Acc@1 100.00 ( 85.56)	Acc@5 100.00 ( 99.89)
21-Jan-26 15:17:25 - Epoch: [10][ 999/1176]	Time  0.174 ( 0.179)	Data  0.000 ( 0.000)	Loss 5.9605e-07 (1.8185e+00)	Acc@1 100.00 ( 85.10)	Acc@5 100.00 ( 99.90)
21-Jan-26 15:17:43 - Epoch: [10][1099/1176]	Time  0.176 ( 0.179)	Data  0.000 ( 0.000)	Loss 1.1731e+01 (1.8139e+00)	Acc@1   0.00 ( 85.09)	Acc@5 100.00 ( 99.91)
21-Jan-26 15:17:56 -  @Training * Acc@1 84.439 Acc@5 99.915 Loss 1.901
21-Jan-26 15:17:56 - One training epoch latency: 210.1s | Avg Power: 246.6W | Energy: 51813.4014J
21-Jan-26 15:18:10 -  @Testing * Acc@1 81.597 Acc@5 99.306 Loss 3.275
21-Jan-26 15:18:10 - Best acc at epoch 10: 81.59722137451172
21-Jan-26 15:18:10 - Last learning rate: [6.25e-05]
21-Jan-26 15:18:10 - 	 Epoch 11...
21-Jan-26 15:18:28 - Epoch: [11][  99/1176]	Time  0.188 ( 0.181)	Data  0.000 ( 0.002)	Loss 0.0000e+00 (1.2868e+00)	Acc@1 100.00 ( 84.00)	Acc@5 100.00 (100.00)
21-Jan-26 15:18:46 - Epoch: [11][ 199/1176]	Time  0.179 ( 0.180)	Data  0.000 ( 0.001)	Loss 0.0000e+00 (1.3862e+00)	Acc@1 100.00 ( 81.00)	Acc@5 100.00 (100.00)
21-Jan-26 15:19:04 - Epoch: [11][ 299/1176]	Time  0.176 ( 0.180)	Data  0.000 ( 0.001)	Loss 6.0797e-06 (1.4023e+00)	Acc@1 100.00 ( 80.67)	Acc@5 100.00 (100.00)
21-Jan-26 15:19:22 - Epoch: [11][ 399/1176]	Time  0.177 ( 0.179)	Data  0.000 ( 0.001)	Loss 2.9991e-03 (1.4602e+00)	Acc@1 100.00 ( 81.50)	Acc@5 100.00 (100.00)
21-Jan-26 15:19:40 - Epoch: [11][ 499/1176]	Time  0.179 ( 0.179)	Data  0.000 ( 0.001)	Loss 0.0000e+00 (1.3808e+00)	Acc@1 100.00 ( 83.80)	Acc@5 100.00 (100.00)
21-Jan-26 15:19:57 - Epoch: [11][ 599/1176]	Time  0.177 ( 0.179)	Data  0.000 ( 0.000)	Loss 0.0000e+00 (1.3266e+00)	Acc@1 100.00 ( 84.50)	Acc@5 100.00 (100.00)
21-Jan-26 15:20:15 - Epoch: [11][ 699/1176]	Time  0.178 ( 0.179)	Data  0.000 ( 0.000)	Loss 1.2428e-01 (1.4451e+00)	Acc@1 100.00 ( 84.29)	Acc@5 100.00 (100.00)
21-Jan-26 15:20:33 - Epoch: [11][ 799/1176]	Time  0.177 ( 0.179)	Data  0.000 ( 0.000)	Loss 0.0000e+00 (1.5045e+00)	Acc@1 100.00 ( 84.00)	Acc@5 100.00 (100.00)
21-Jan-26 15:20:51 - Epoch: [11][ 899/1176]	Time  0.185 ( 0.179)	Data  0.000 ( 0.000)	Loss 3.2134e-04 (1.5379e+00)	Acc@1 100.00 ( 84.00)	Acc@5 100.00 (100.00)
21-Jan-26 15:21:09 - Epoch: [11][ 999/1176]	Time  0.177 ( 0.179)	Data  0.000 ( 0.000)	Loss 0.0000e+00 (1.5803e+00)	Acc@1 100.00 ( 84.30)	Acc@5 100.00 (100.00)
21-Jan-26 15:21:27 - Epoch: [11][1099/1176]	Time  0.189 ( 0.179)	Data  0.000 ( 0.000)	Loss 0.0000e+00 (1.5968e+00)	Acc@1 100.00 ( 84.55)	Acc@5 100.00 (100.00)
21-Jan-26 15:21:40 -  @Training * Acc@1 84.694 Acc@5 100.000 Loss 1.589
21-Jan-26 15:21:40 - One training epoch latency: 210.4s | Avg Power: 245.7W | Energy: 51679.2035J
21-Jan-26 15:21:54 -  @Testing * Acc@1 81.944 Acc@5 99.306 Loss 3.275
21-Jan-26 15:21:54 - Best acc at epoch 11: 81.94444274902344
21-Jan-26 15:21:54 - Last learning rate: [6.25e-05]
21-Jan-26 15:21:54 - 	 Epoch 12...
21-Jan-26 15:22:12 - Epoch: [12][  99/1176]	Time  0.177 ( 0.182)	Data  0.000 ( 0.002)	Loss 0.0000e+00 (1.6124e+00)	Acc@1 100.00 ( 89.00)	Acc@5 100.00 (100.00)
21-Jan-26 15:22:30 - Epoch: [12][ 199/1176]	Time  0.177 ( 0.181)	Data  0.000 ( 0.001)	Loss 0.0000e+00 (1.2424e+00)	Acc@1 100.00 ( 90.50)	Acc@5 100.00 (100.00)
21-Jan-26 15:22:48 - Epoch: [12][ 299/1176]	Time  0.184 ( 0.180)	Data  0.000 ( 0.001)	Loss 0.0000e+00 (1.3754e+00)	Acc@1 100.00 ( 88.00)	Acc@5 100.00 (100.00)
21-Jan-26 15:23:06 - Epoch: [12][ 399/1176]	Time  0.185 ( 0.180)	Data  0.000 ( 0.001)	Loss 0.0000e+00 (1.4698e+00)	Acc@1 100.00 ( 86.25)	Acc@5 100.00 (100.00)
21-Jan-26 15:23:24 - Epoch: [12][ 499/1176]	Time  0.177 ( 0.179)	Data  0.000 ( 0.001)	Loss 0.0000e+00 (1.6196e+00)	Acc@1 100.00 ( 85.40)	Acc@5 100.00 (100.00)
21-Jan-26 15:23:42 - Epoch: [12][ 599/1176]	Time  0.176 ( 0.179)	Data  0.000 ( 0.001)	Loss 0.0000e+00 (1.6061e+00)	Acc@1 100.00 ( 84.83)	Acc@5 100.00 (100.00)
21-Jan-26 15:24:00 - Epoch: [12][ 699/1176]	Time  0.177 ( 0.179)	Data  0.000 ( 0.001)	Loss 0.0000e+00 (1.5637e+00)	Acc@1 100.00 ( 85.57)	Acc@5 100.00 (100.00)
21-Jan-26 15:24:17 - Epoch: [12][ 799/1176]	Time  0.177 ( 0.179)	Data  0.000 ( 0.000)	Loss 0.0000e+00 (1.5399e+00)	Acc@1 100.00 ( 85.88)	Acc@5 100.00 (100.00)
21-Jan-26 15:24:35 - Epoch: [12][ 899/1176]	Time  0.176 ( 0.179)	Data  0.000 ( 0.000)	Loss 0.0000e+00 (1.5663e+00)	Acc@1 100.00 ( 85.78)	Acc@5 100.00 (100.00)
21-Jan-26 15:24:53 - Epoch: [12][ 999/1176]	Time  0.182 ( 0.179)	Data  0.000 ( 0.000)	Loss 0.0000e+00 (1.5893e+00)	Acc@1 100.00 ( 86.10)	Acc@5 100.00 (100.00)
21-Jan-26 15:25:11 - Epoch: [12][1099/1176]	Time  0.177 ( 0.179)	Data  0.000 ( 0.000)	Loss 0.0000e+00 (1.6034e+00)	Acc@1 100.00 ( 85.82)	Acc@5 100.00 (100.00)
21-Jan-26 15:25:25 -  @Training * Acc@1 86.054 Acc@5 100.000 Loss 1.543
21-Jan-26 15:25:25 - One training epoch latency: 210.4s | Avg Power: 244.4W | Energy: 51415.1307J
21-Jan-26 15:25:38 -  @Testing * Acc@1 84.028 Acc@5 99.306 Loss 3.024
21-Jan-26 15:25:38 - Best acc at epoch 12: 84.02777862548828
21-Jan-26 15:25:38 - Last learning rate: [6.25e-05]
21-Jan-26 15:25:39 - 	 Epoch 13...
21-Jan-26 15:25:57 - Epoch: [13][  99/1176]	Time  0.177 ( 0.181)	Data  0.000 ( 0.002)	Loss 0.0000e+00 (1.2248e+00)	Acc@1 100.00 ( 90.00)	Acc@5 100.00 (100.00)
21-Jan-26 15:26:15 - Epoch: [13][ 199/1176]	Time  0.179 ( 0.180)	Data  0.000 ( 0.001)	Loss 6.6561e+00 (1.4854e+00)	Acc@1   0.00 ( 88.50)	Acc@5 100.00 (100.00)
21-Jan-26 15:26:32 - Epoch: [13][ 299/1176]	Time  0.177 ( 0.180)	Data  0.000 ( 0.001)	Loss 0.0000e+00 (1.2275e+00)	Acc@1 100.00 ( 88.67)	Acc@5 100.00 (100.00)
21-Jan-26 15:26:50 - Epoch: [13][ 399/1176]	Time  0.176 ( 0.179)	Data  0.000 ( 0.001)	Loss 0.0000e+00 (1.1133e+00)	Acc@1 100.00 ( 88.75)	Acc@5 100.00 (100.00)
21-Jan-26 15:27:08 - Epoch: [13][ 499/1176]	Time  0.186 ( 0.180)	Data  0.000 ( 0.001)	Loss 0.0000e+00 (1.1672e+00)	Acc@1 100.00 ( 88.20)	Acc@5 100.00 (100.00)
21-Jan-26 15:27:26 - Epoch: [13][ 599/1176]	Time  0.179 ( 0.180)	Data  0.000 ( 0.001)	Loss 2.3842e-07 (1.3759e+00)	Acc@1 100.00 ( 87.67)	Acc@5 100.00 ( 99.83)
21-Jan-26 15:27:44 - Epoch: [13][ 699/1176]	Time  0.184 ( 0.179)	Data  0.000 ( 0.001)	Loss 0.0000e+00 (1.4192e+00)	Acc@1 100.00 ( 87.43)	Acc@5 100.00 ( 99.86)
21-Jan-26 15:28:02 - Epoch: [13][ 799/1176]	Time  0.177 ( 0.179)	Data  0.000 ( 0.000)	Loss 0.0000e+00 (1.4601e+00)	Acc@1 100.00 ( 87.25)	Acc@5 100.00 ( 99.88)
21-Jan-26 15:28:20 - Epoch: [13][ 899/1176]	Time  0.176 ( 0.179)	Data  0.000 ( 0.000)	Loss 8.4553e+00 (1.4784e+00)	Acc@1   0.00 ( 86.89)	Acc@5 100.00 ( 99.89)
21-Jan-26 15:28:38 - Epoch: [13][ 999/1176]	Time  0.176 ( 0.179)	Data  0.000 ( 0.000)	Loss 0.0000e+00 (1.5082e+00)	Acc@1 100.00 ( 86.90)	Acc@5 100.00 ( 99.90)
21-Jan-26 15:28:55 - Epoch: [13][1099/1176]	Time  0.176 ( 0.179)	Data  0.000 ( 0.000)	Loss 0.0000e+00 (1.5204e+00)	Acc@1 100.00 ( 87.18)	Acc@5 100.00 ( 99.91)
21-Jan-26 15:29:09 -  @Training * Acc@1 87.330 Acc@5 99.915 Loss 1.477
21-Jan-26 15:29:09 - One training epoch latency: 210.5s | Avg Power: 241.0W | Energy: 50728.1157J
21-Jan-26 15:29:23 -  @Testing * Acc@1 82.639 Acc@5 99.306 Loss 3.689
21-Jan-26 15:29:23 - Best acc at epoch 13: 84.02777862548828
21-Jan-26 15:29:23 - Last learning rate: [6.25e-05]
21-Jan-26 15:29:23 - 	 Epoch 14...
21-Jan-26 15:29:41 - Epoch: [14][  99/1176]	Time  0.188 ( 0.182)	Data  0.000 ( 0.003)	Loss 0.0000e+00 (1.2257e+00)	Acc@1 100.00 ( 85.00)	Acc@5 100.00 (100.00)
21-Jan-26 15:34:05 - Epoch: [14][ 199/1176]	Time  0.173 ( 1.410)	Data  0.000 ( 1.231)	Loss 0.0000e+00 (1.0196e+00)	Acc@1 100.00 ( 87.50)	Acc@5 100.00 (100.00)
21-Jan-26 15:34:23 - Epoch: [14][ 299/1176]	Time  0.176 ( 0.999)	Data  0.000 ( 0.820)	Loss 0.0000e+00 (1.2724e+00)	Acc@1 100.00 ( 88.67)	Acc@5 100.00 (100.00)
21-Jan-26 15:34:40 - Epoch: [14][ 399/1176]	Time  0.176 ( 0.794)	Data  0.000 ( 0.615)	Loss 0.0000e+00 (1.3144e+00)	Acc@1 100.00 ( 88.75)	Acc@5 100.00 (100.00)
21-Jan-26 15:34:58 - Epoch: [14][ 499/1176]	Time  0.177 ( 0.671)	Data  0.000 ( 0.492)	Loss 1.8209e+00 (1.3836e+00)	Acc@1   0.00 ( 89.00)	Acc@5 100.00 (100.00)
21-Jan-26 15:35:16 - Epoch: [14][ 599/1176]	Time  0.184 ( 0.589)	Data  0.000 ( 0.410)	Loss 0.0000e+00 (1.3700e+00)	Acc@1 100.00 ( 89.33)	Acc@5 100.00 (100.00)
21-Jan-26 15:35:34 - Epoch: [14][ 699/1176]	Time  0.176 ( 0.530)	Data  0.000 ( 0.352)	Loss 0.0000e+00 (1.3707e+00)	Acc@1 100.00 ( 89.43)	Acc@5 100.00 (100.00)
21-Jan-26 15:35:52 - Epoch: [14][ 799/1176]	Time  0.177 ( 0.486)	Data  0.000 ( 0.308)	Loss 0.0000e+00 (1.4049e+00)	Acc@1 100.00 ( 89.12)	Acc@5 100.00 (100.00)
21-Jan-26 15:36:09 - Epoch: [14][ 899/1176]	Time  0.176 ( 0.452)	Data  0.000 ( 0.274)	Loss 0.0000e+00 (1.4660e+00)	Acc@1 100.00 ( 89.00)	Acc@5 100.00 (100.00)
21-Jan-26 15:36:27 - Epoch: [14][ 999/1176]	Time  0.176 ( 0.424)	Data  0.000 ( 0.246)	Loss 1.1704e+01 (1.4322e+00)	Acc@1   0.00 ( 88.90)	Acc@5 100.00 (100.00)
21-Jan-26 15:36:45 - Epoch: [14][1099/1176]	Time  0.183 ( 0.402)	Data  0.000 ( 0.224)	Loss 0.0000e+00 (1.3674e+00)	Acc@1 100.00 ( 89.09)	Acc@5 100.00 (100.00)
21-Jan-26 15:36:59 -  @Training * Acc@1 89.371 Acc@5 100.000 Loss 1.326
21-Jan-26 15:36:59 - One training epoch latency: 455.8s | Avg Power: 170.7W | Energy: 77799.4336J
21-Jan-26 15:37:12 -  @Testing * Acc@1 77.083 Acc@5 99.306 Loss 5.232
21-Jan-26 15:37:12 - Best acc at epoch 14: 84.02777862548828
21-Jan-26 15:37:12 - Last learning rate: [6.25e-05]
21-Jan-26 15:37:12 - 	 Epoch 15...
21-Jan-26 15:37:31 - Epoch: [15][  99/1176]	Time  0.176 ( 0.182)	Data  0.000 ( 0.002)	Loss 1.1921e-07 (1.4178e+00)	Acc@1 100.00 ( 89.00)	Acc@5 100.00 (100.00)
21-Jan-26 15:37:48 - Epoch: [15][ 199/1176]	Time  0.179 ( 0.180)	Data  0.000 ( 0.001)	Loss 0.0000e+00 (1.4152e+00)	Acc@1 100.00 ( 89.00)	Acc@5 100.00 (100.00)
21-Jan-26 15:38:06 - Epoch: [15][ 299/1176]	Time  0.177 ( 0.180)	Data  0.000 ( 0.001)	Loss 0.0000e+00 (1.2911e+00)	Acc@1 100.00 ( 90.00)	Acc@5 100.00 (100.00)
21-Jan-26 15:38:24 - Epoch: [15][ 399/1176]	Time  0.177 ( 0.180)	Data  0.000 ( 0.001)	Loss 0.0000e+00 (1.3406e+00)	Acc@1 100.00 ( 89.50)	Acc@5 100.00 (100.00)
21-Jan-26 15:38:42 - Epoch: [15][ 499/1176]	Time  0.191 ( 0.180)	Data  0.000 ( 0.001)	Loss 0.0000e+00 (1.2192e+00)	Acc@1 100.00 ( 90.40)	Acc@5 100.00 (100.00)
21-Jan-26 15:39:00 - Epoch: [15][ 599/1176]	Time  0.185 ( 0.179)	Data  0.000 ( 0.001)	Loss 0.0000e+00 (1.1098e+00)	Acc@1 100.00 ( 90.50)	Acc@5 100.00 (100.00)
21-Jan-26 15:39:18 - Epoch: [15][ 699/1176]	Time  0.177 ( 0.179)	Data  0.000 ( 0.001)	Loss 1.3414e+01 (1.0790e+00)	Acc@1   0.00 ( 90.71)	Acc@5 100.00 (100.00)
21-Jan-26 15:39:36 - Epoch: [15][ 799/1176]	Time  0.177 ( 0.179)	Data  0.000 ( 0.000)	Loss 0.0000e+00 (1.0722e+00)	Acc@1 100.00 ( 90.25)	Acc@5 100.00 (100.00)
21-Jan-26 15:39:54 - Epoch: [15][ 899/1176]	Time  0.177 ( 0.179)	Data  0.000 ( 0.000)	Loss 0.0000e+00 (1.1399e+00)	Acc@1 100.00 ( 90.33)	Acc@5 100.00 (100.00)
21-Jan-26 15:40:12 - Epoch: [15][ 999/1176]	Time  0.180 ( 0.179)	Data  0.000 ( 0.000)	Loss 9.1375e+00 (1.1249e+00)	Acc@1   0.00 ( 90.40)	Acc@5 100.00 (100.00)
21-Jan-26 15:40:29 - Epoch: [15][1099/1176]	Time  0.179 ( 0.179)	Data  0.000 ( 0.000)	Loss 0.0000e+00 (1.1661e+00)	Acc@1 100.00 ( 90.27)	Acc@5 100.00 (100.00)
21-Jan-26 15:40:43 -  @Training * Acc@1 90.476 Acc@5 100.000 Loss 1.173
21-Jan-26 15:40:43 - One training epoch latency: 210.8s | Avg Power: 240.4W | Energy: 50674.7480J
21-Jan-26 15:40:57 -  @Testing * Acc@1 78.125 Acc@5 98.958 Loss 5.758
21-Jan-26 15:40:57 - Best acc at epoch 15: 84.02777862548828
21-Jan-26 15:40:57 - Last learning rate: [6.25e-05]
21-Jan-26 15:40:57 - 	 Epoch 16...
21-Jan-26 15:41:15 - Epoch: [16][  99/1176]	Time  0.185 ( 0.182)	Data  0.000 ( 0.002)	Loss 0.0000e+00 (7.7397e-01)	Acc@1 100.00 ( 91.00)	Acc@5 100.00 (100.00)
21-Jan-26 15:41:33 - Epoch: [16][ 199/1176]	Time  0.188 ( 0.181)	Data  0.000 ( 0.001)	Loss 0.0000e+00 (7.2193e-01)	Acc@1 100.00 ( 91.50)	Acc@5 100.00 (100.00)
21-Jan-26 15:41:51 - Epoch: [16][ 299/1176]	Time  0.180 ( 0.180)	Data  0.000 ( 0.001)	Loss 0.0000e+00 (8.6121e-01)	Acc@1 100.00 ( 91.33)	Acc@5 100.00 (100.00)
21-Jan-26 15:42:09 - Epoch: [16][ 399/1176]	Time  0.179 ( 0.180)	Data  0.000 ( 0.001)	Loss 0.0000e+00 (7.3461e-01)	Acc@1 100.00 ( 91.75)	Acc@5 100.00 (100.00)
21-Jan-26 15:42:27 - Epoch: [16][ 499/1176]	Time  0.200 ( 0.180)	Data  0.000 ( 0.001)	Loss 0.0000e+00 (7.7140e-01)	Acc@1 100.00 ( 91.80)	Acc@5 100.00 (100.00)
21-Jan-26 15:42:45 - Epoch: [16][ 599/1176]	Time  0.180 ( 0.180)	Data  0.000 ( 0.001)	Loss 0.0000e+00 (7.9892e-01)	Acc@1 100.00 ( 91.50)	Acc@5 100.00 (100.00)
21-Jan-26 15:43:03 - Epoch: [16][ 699/1176]	Time  0.177 ( 0.180)	Data  0.000 ( 0.000)	Loss 0.0000e+00 (8.1089e-01)	Acc@1 100.00 ( 91.29)	Acc@5 100.00 (100.00)
21-Jan-26 15:43:21 - Epoch: [16][ 799/1176]	Time  0.177 ( 0.179)	Data  0.000 ( 0.000)	Loss 0.0000e+00 (8.1830e-01)	Acc@1 100.00 ( 91.12)	Acc@5 100.00 (100.00)
21-Jan-26 15:43:38 - Epoch: [16][ 899/1176]	Time  0.177 ( 0.179)	Data  0.000 ( 0.000)	Loss 0.0000e+00 (8.5747e-01)	Acc@1 100.00 ( 90.78)	Acc@5 100.00 (100.00)
21-Jan-26 15:43:56 - Epoch: [16][ 999/1176]	Time  0.177 ( 0.179)	Data  0.000 ( 0.000)	Loss 0.0000e+00 (8.8114e-01)	Acc@1 100.00 ( 90.80)	Acc@5 100.00 (100.00)
21-Jan-26 15:44:14 - Epoch: [16][1099/1176]	Time  0.177 ( 0.179)	Data  0.000 ( 0.000)	Loss 6.5268e+00 (9.0519e-01)	Acc@1   0.00 ( 90.55)	Acc@5 100.00 (100.00)
21-Jan-26 15:44:28 -  @Training * Acc@1 90.646 Acc@5 100.000 Loss 0.910
21-Jan-26 15:44:28 - One training epoch latency: 211.0s | Avg Power: 240.7W | Energy: 50786.0305J
21-Jan-26 15:44:41 -  @Testing * Acc@1 87.500 Acc@5 99.306 Loss 2.389
21-Jan-26 15:44:41 - Best acc at epoch 16: 87.5
21-Jan-26 15:44:42 - Last learning rate: [6.25e-05]
21-Jan-26 15:44:42 - 	 Epoch 17...
21-Jan-26 15:45:00 - Epoch: [17][  99/1176]	Time  0.176 ( 0.181)	Data  0.000 ( 0.002)	Loss 0.0000e+00 (4.8131e-01)	Acc@1 100.00 ( 93.00)	Acc@5 100.00 (100.00)
21-Jan-26 15:45:18 - Epoch: [17][ 199/1176]	Time  0.174 ( 0.180)	Data  0.000 ( 0.001)	Loss 3.5814e+00 (5.9985e-01)	Acc@1   0.00 ( 92.50)	Acc@5 100.00 (100.00)
21-Jan-26 15:45:36 - Epoch: [17][ 299/1176]	Time  0.176 ( 0.180)	Data  0.000 ( 0.001)	Loss 0.0000e+00 (6.8087e-01)	Acc@1 100.00 ( 93.33)	Acc@5 100.00 (100.00)
21-Jan-26 15:45:53 - Epoch: [17][ 399/1176]	Time  0.177 ( 0.180)	Data  0.000 ( 0.001)	Loss 0.0000e+00 (6.4516e-01)	Acc@1 100.00 ( 93.50)	Acc@5 100.00 (100.00)
21-Jan-26 15:46:11 - Epoch: [17][ 499/1176]	Time  0.177 ( 0.180)	Data  0.000 ( 0.001)	Loss 0.0000e+00 (7.5623e-01)	Acc@1 100.00 ( 93.40)	Acc@5 100.00 (100.00)
21-Jan-26 15:46:29 - Epoch: [17][ 599/1176]	Time  0.177 ( 0.179)	Data  0.000 ( 0.000)	Loss 0.0000e+00 (8.2061e-01)	Acc@1 100.00 ( 93.00)	Acc@5 100.00 (100.00)
21-Jan-26 15:46:47 - Epoch: [17][ 699/1176]	Time  0.197 ( 0.179)	Data  0.000 ( 0.000)	Loss 2.7188e+01 (8.0047e-01)	Acc@1   0.00 ( 93.00)	Acc@5 100.00 (100.00)
21-Jan-26 15:47:05 - Epoch: [17][ 799/1176]	Time  0.177 ( 0.179)	Data  0.000 ( 0.000)	Loss 0.0000e+00 (9.5692e-01)	Acc@1 100.00 ( 92.12)	Acc@5 100.00 (100.00)
21-Jan-26 15:47:23 - Epoch: [17][ 899/1176]	Time  0.176 ( 0.179)	Data  0.000 ( 0.000)	Loss 0.0000e+00 (8.8957e-01)	Acc@1 100.00 ( 92.44)	Acc@5 100.00 (100.00)
21-Jan-26 15:47:41 - Epoch: [17][ 999/1176]	Time  0.177 ( 0.179)	Data  0.000 ( 0.000)	Loss 3.0062e+00 (8.6193e-01)	Acc@1   0.00 ( 92.50)	Acc@5 100.00 (100.00)
21-Jan-26 15:47:59 - Epoch: [17][1099/1176]	Time  0.174 ( 0.179)	Data  0.000 ( 0.000)	Loss 0.0000e+00 (9.1881e-01)	Acc@1 100.00 ( 91.82)	Acc@5 100.00 (100.00)
21-Jan-26 15:48:12 -  @Training * Acc@1 91.837 Acc@5 100.000 Loss 0.909
21-Jan-26 15:48:13 - One training epoch latency: 210.9s | Avg Power: 242.5W | Energy: 51131.7332J
21-Jan-26 15:48:26 -  @Testing * Acc@1 84.028 Acc@5 99.306 Loss 3.177
21-Jan-26 15:48:26 - Best acc at epoch 17: 87.5
21-Jan-26 15:48:26 - Last learning rate: [6.25e-05]
21-Jan-26 15:48:26 - 	 Epoch 18...
21-Jan-26 15:48:44 - Epoch: [18][  99/1176]	Time  0.176 ( 0.182)	Data  0.000 ( 0.002)	Loss 0.0000e+00 (9.3634e-01)	Acc@1 100.00 ( 90.00)	Acc@5 100.00 (100.00)
21-Jan-26 15:49:02 - Epoch: [18][ 199/1176]	Time  0.179 ( 0.181)	Data  0.000 ( 0.001)	Loss 6.1635e+00 (6.4336e-01)	Acc@1   0.00 ( 92.50)	Acc@5 100.00 (100.00)
21-Jan-26 15:49:20 - Epoch: [18][ 299/1176]	Time  0.179 ( 0.180)	Data  0.000 ( 0.001)	Loss 0.0000e+00 (5.5583e-01)	Acc@1 100.00 ( 93.33)	Acc@5 100.00 (100.00)
21-Jan-26 15:49:38 - Epoch: [18][ 399/1176]	Time  0.182 ( 0.180)	Data  0.000 ( 0.001)	Loss 0.0000e+00 (5.6859e-01)	Acc@1 100.00 ( 93.50)	Acc@5 100.00 (100.00)
21-Jan-26 15:49:56 - Epoch: [18][ 499/1176]	Time  0.176 ( 0.180)	Data  0.000 ( 0.001)	Loss 0.0000e+00 (6.0185e-01)	Acc@1 100.00 ( 93.60)	Acc@5 100.00 (100.00)
21-Jan-26 15:50:14 - Epoch: [18][ 599/1176]	Time  0.174 ( 0.179)	Data  0.000 ( 0.000)	Loss 0.0000e+00 (6.6242e-01)	Acc@1 100.00 ( 93.50)	Acc@5 100.00 (100.00)
21-Jan-26 15:50:32 - Epoch: [18][ 699/1176]	Time  0.180 ( 0.179)	Data  0.000 ( 0.000)	Loss 0.0000e+00 (7.3421e-01)	Acc@1 100.00 ( 93.43)	Acc@5 100.00 (100.00)
21-Jan-26 15:50:50 - Epoch: [18][ 799/1176]	Time  0.176 ( 0.179)	Data  0.000 ( 0.000)	Loss 0.0000e+00 (6.8896e-01)	Acc@1 100.00 ( 93.62)	Acc@5 100.00 (100.00)
21-Jan-26 15:51:08 - Epoch: [18][ 899/1176]	Time  0.177 ( 0.179)	Data  0.000 ( 0.000)	Loss 0.0000e+00 (7.1329e-01)	Acc@1 100.00 ( 93.44)	Acc@5 100.00 (100.00)
21-Jan-26 15:51:25 - Epoch: [18][ 999/1176]	Time  0.176 ( 0.179)	Data  0.000 ( 0.000)	Loss 0.0000e+00 (9.5597e-01)	Acc@1 100.00 ( 93.10)	Acc@5 100.00 (100.00)
21-Jan-26 15:51:43 - Epoch: [18][1099/1176]	Time  0.177 ( 0.179)	Data  0.000 ( 0.000)	Loss 3.9158e+00 (9.4911e-01)	Acc@1   0.00 ( 92.91)	Acc@5 100.00 (100.00)
21-Jan-26 15:51:57 -  @Training * Acc@1 92.857 Acc@5 100.000 Loss 0.934
21-Jan-26 15:51:57 - One training epoch latency: 211.0s | Avg Power: 241.0W | Energy: 50840.4532J
21-Jan-26 15:52:11 -  @Testing * Acc@1 90.278 Acc@5 99.306 Loss 2.214
21-Jan-26 15:52:11 - Best acc at epoch 18: 90.27777862548828
21-Jan-26 15:52:11 - Last learning rate: [6.25e-05]
21-Jan-26 15:52:11 - 	 Epoch 19...
21-Jan-26 15:52:29 - Epoch: [19][  99/1176]	Time  0.179 ( 0.183)	Data  0.000 ( 0.002)	Loss 0.0000e+00 (4.5315e-01)	Acc@1 100.00 ( 94.00)	Acc@5 100.00 (100.00)
21-Jan-26 15:52:47 - Epoch: [19][ 199/1176]	Time  0.179 ( 0.182)	Data  0.000 ( 0.001)	Loss 0.0000e+00 (4.0580e-01)	Acc@1 100.00 ( 95.00)	Acc@5 100.00 (100.00)
21-Jan-26 15:53:05 - Epoch: [19][ 299/1176]	Time  0.177 ( 0.181)	Data  0.000 ( 0.001)	Loss 1.7450e+00 (7.0591e-01)	Acc@1   0.00 ( 92.67)	Acc@5 100.00 (100.00)
21-Jan-26 15:53:23 - Epoch: [19][ 399/1176]	Time  0.197 ( 0.181)	Data  0.000 ( 0.001)	Loss 0.0000e+00 (6.1458e-01)	Acc@1 100.00 ( 93.50)	Acc@5 100.00 (100.00)
21-Jan-26 15:53:41 - Epoch: [19][ 499/1176]	Time  0.185 ( 0.180)	Data  0.000 ( 0.001)	Loss 0.0000e+00 (6.6149e-01)	Acc@1 100.00 ( 94.40)	Acc@5 100.00 (100.00)
21-Jan-26 15:53:59 - Epoch: [19][ 599/1176]	Time  0.184 ( 0.180)	Data  0.000 ( 0.001)	Loss 0.0000e+00 (6.4754e-01)	Acc@1 100.00 ( 94.00)	Acc@5 100.00 (100.00)
21-Jan-26 15:54:17 - Epoch: [19][ 699/1176]	Time  0.179 ( 0.180)	Data  0.000 ( 0.001)	Loss 0.0000e+00 (7.1372e-01)	Acc@1 100.00 ( 94.00)	Acc@5 100.00 (100.00)
21-Jan-26 15:54:35 - Epoch: [19][ 799/1176]	Time  0.177 ( 0.180)	Data  0.000 ( 0.000)	Loss 0.0000e+00 (7.5703e-01)	Acc@1 100.00 ( 93.50)	Acc@5 100.00 (100.00)
21-Jan-26 15:54:53 - Epoch: [19][ 899/1176]	Time  0.181 ( 0.180)	Data  0.000 ( 0.000)	Loss 1.1774e+01 (7.7744e-01)	Acc@1   0.00 ( 93.22)	Acc@5 100.00 (100.00)
21-Jan-26 15:55:11 - Epoch: [19][ 999/1176]	Time  0.176 ( 0.180)	Data  0.000 ( 0.000)	Loss 0.0000e+00 (7.9546e-01)	Acc@1 100.00 ( 93.10)	Acc@5 100.00 (100.00)
21-Jan-26 15:55:29 - Epoch: [19][1099/1176]	Time  0.176 ( 0.180)	Data  0.000 ( 0.000)	Loss 0.0000e+00 (8.0086e-01)	Acc@1 100.00 ( 93.09)	Acc@5 100.00 (100.00)
21-Jan-26 15:55:42 -  @Training * Acc@1 93.112 Acc@5 100.000 Loss 0.853
21-Jan-26 15:55:42 - One training epoch latency: 211.3s | Avg Power: 240.5W | Energy: 50823.0584J
21-Jan-26 15:55:56 -  @Testing * Acc@1 86.806 Acc@5 99.306 Loss 3.582
21-Jan-26 15:55:56 - Best acc at epoch 19: 90.27777862548828
21-Jan-26 15:55:56 - Last learning rate: [6.25e-05]
21-Jan-26 15:55:56 - 	 Epoch 20...
21-Jan-26 15:56:14 - Epoch: [20][  99/1176]	Time  0.194 ( 0.181)	Data  0.000 ( 0.002)	Loss 3.9780e+00 (2.0702e-01)	Acc@1   0.00 ( 97.00)	Acc@5 100.00 (100.00)
21-Jan-26 15:56:32 - Epoch: [20][ 199/1176]	Time  0.185 ( 0.180)	Data  0.000 ( 0.001)	Loss 0.0000e+00 (3.4286e-01)	Acc@1 100.00 ( 96.50)	Acc@5 100.00 (100.00)
21-Jan-26 15:56:50 - Epoch: [20][ 299/1176]	Time  0.181 ( 0.180)	Data  0.000 ( 0.001)	Loss 0.0000e+00 (5.1105e-01)	Acc@1 100.00 ( 96.33)	Acc@5 100.00 (100.00)
21-Jan-26 15:57:08 - Epoch: [20][ 399/1176]	Time  0.179 ( 0.180)	Data  0.000 ( 0.001)	Loss 0.0000e+00 (4.4910e-01)	Acc@1 100.00 ( 96.00)	Acc@5 100.00 (100.00)
21-Jan-26 15:57:26 - Epoch: [20][ 499/1176]	Time  0.177 ( 0.180)	Data  0.000 ( 0.001)	Loss 0.0000e+00 (5.9303e-01)	Acc@1 100.00 ( 95.00)	Acc@5 100.00 (100.00)
21-Jan-26 15:57:44 - Epoch: [20][ 599/1176]	Time  0.173 ( 0.179)	Data  0.000 ( 0.001)	Loss 0.0000e+00 (6.9534e-01)	Acc@1 100.00 ( 95.17)	Acc@5 100.00 (100.00)
21-Jan-26 15:58:02 - Epoch: [20][ 699/1176]	Time  0.176 ( 0.179)	Data  0.000 ( 0.000)	Loss 0.0000e+00 (6.3598e-01)	Acc@1 100.00 ( 95.43)	Acc@5 100.00 (100.00)
21-Jan-26 15:58:19 - Epoch: [20][ 799/1176]	Time  0.179 ( 0.179)	Data  0.000 ( 0.000)	Loss 3.3183e+01 (7.1188e-01)	Acc@1   0.00 ( 94.88)	Acc@5 100.00 (100.00)
21-Jan-26 15:58:37 - Epoch: [20][ 899/1176]	Time  0.177 ( 0.179)	Data  0.000 ( 0.000)	Loss 0.0000e+00 (6.5511e-01)	Acc@1 100.00 ( 95.11)	Acc@5 100.00 (100.00)
21-Jan-26 15:58:55 - Epoch: [20][ 999/1176]	Time  0.177 ( 0.179)	Data  0.000 ( 0.000)	Loss 4.0650e-05 (6.7568e-01)	Acc@1 100.00 ( 95.20)	Acc@5 100.00 (100.00)
21-Jan-26 15:59:13 - Epoch: [20][1099/1176]	Time  0.179 ( 0.179)	Data  0.000 ( 0.000)	Loss 0.0000e+00 (6.6851e-01)	Acc@1 100.00 ( 95.36)	Acc@5 100.00 (100.00)
21-Jan-26 15:59:27 -  @Training * Acc@1 95.493 Acc@5 100.000 Loss 0.646
21-Jan-26 15:59:27 - One training epoch latency: 210.9s | Avg Power: 242.0W | Energy: 51047.6576J
21-Jan-26 15:59:41 -  @Testing * Acc@1 87.847 Acc@5 99.653 Loss 3.045
21-Jan-26 15:59:41 - Best acc at epoch 20: 90.27777862548828
21-Jan-26 15:59:41 - Last learning rate: [6.25e-05]
21-Jan-26 15:59:41 - 	 Epoch 21...
21-Jan-26 15:59:59 - Epoch: [21][  99/1176]	Time  0.180 ( 0.182)	Data  0.000 ( 0.002)	Loss 0.0000e+00 (1.7706e-01)	Acc@1 100.00 ( 97.00)	Acc@5 100.00 (100.00)
21-Jan-26 16:00:17 - Epoch: [21][ 199/1176]	Time  0.176 ( 0.181)	Data  0.000 ( 0.001)	Loss 0.0000e+00 (5.0651e-01)	Acc@1 100.00 ( 96.50)	Acc@5 100.00 (100.00)
21-Jan-26 16:00:35 - Epoch: [21][ 299/1176]	Time  0.177 ( 0.180)	Data  0.000 ( 0.001)	Loss 0.0000e+00 (4.8161e-01)	Acc@1 100.00 ( 95.33)	Acc@5 100.00 (100.00)
21-Jan-26 16:00:53 - Epoch: [21][ 399/1176]	Time  0.176 ( 0.180)	Data  0.000 ( 0.001)	Loss 0.0000e+00 (4.2806e-01)	Acc@1 100.00 ( 95.75)	Acc@5 100.00 (100.00)
21-Jan-26 16:01:11 - Epoch: [21][ 499/1176]	Time  0.177 ( 0.180)	Data  0.000 ( 0.001)	Loss 0.0000e+00 (4.3965e-01)	Acc@1 100.00 ( 96.20)	Acc@5 100.00 (100.00)
21-Jan-26 16:01:29 - Epoch: [21][ 599/1176]	Time  0.176 ( 0.180)	Data  0.000 ( 0.001)	Loss 0.0000e+00 (4.4834e-01)	Acc@1 100.00 ( 95.67)	Acc@5 100.00 (100.00)
21-Jan-26 16:01:46 - Epoch: [21][ 699/1176]	Time  0.176 ( 0.180)	Data  0.000 ( 0.000)	Loss 0.0000e+00 (5.4699e-01)	Acc@1 100.00 ( 95.57)	Acc@5 100.00 (100.00)
21-Jan-26 16:02:04 - Epoch: [21][ 799/1176]	Time  0.176 ( 0.180)	Data  0.000 ( 0.000)	Loss 1.0824e-03 (5.3241e-01)	Acc@1 100.00 ( 95.38)	Acc@5 100.00 (100.00)
21-Jan-26 16:02:22 - Epoch: [21][ 899/1176]	Time  0.180 ( 0.180)	Data  0.000 ( 0.000)	Loss 0.0000e+00 (5.3232e-01)	Acc@1 100.00 ( 95.56)	Acc@5 100.00 (100.00)
21-Jan-26 16:02:40 - Epoch: [21][ 999/1176]	Time  0.180 ( 0.180)	Data  0.000 ( 0.000)	Loss 0.0000e+00 (5.2950e-01)	Acc@1 100.00 ( 95.60)	Acc@5 100.00 (100.00)
21-Jan-26 16:02:58 - Epoch: [21][1099/1176]	Time  0.176 ( 0.180)	Data  0.000 ( 0.000)	Loss 0.0000e+00 (6.0865e-01)	Acc@1 100.00 ( 95.36)	Acc@5 100.00 (100.00)
21-Jan-26 16:03:12 -  @Training * Acc@1 95.493 Acc@5 100.000 Loss 0.604
21-Jan-26 16:03:12 - One training epoch latency: 211.4s | Avg Power: 241.0W | Energy: 50959.2619J
21-Jan-26 16:03:26 -  @Testing * Acc@1 90.278 Acc@5 99.306 Loss 2.379
21-Jan-26 16:03:26 - Best acc at epoch 21: 90.27777862548828
21-Jan-26 16:03:26 - Last learning rate: [6.25e-05]
21-Jan-26 16:03:26 - 	 Epoch 22...
21-Jan-26 16:03:44 - Epoch: [22][  99/1176]	Time  0.177 ( 0.182)	Data  0.000 ( 0.002)	Loss 0.0000e+00 (1.8025e-01)	Acc@1 100.00 ( 96.00)	Acc@5 100.00 (100.00)
21-Jan-26 16:04:02 - Epoch: [22][ 199/1176]	Time  0.179 ( 0.181)	Data  0.000 ( 0.001)	Loss 0.0000e+00 (5.8526e-01)	Acc@1 100.00 ( 94.50)	Acc@5 100.00 (100.00)
21-Jan-26 16:04:20 - Epoch: [22][ 299/1176]	Time  0.177 ( 0.180)	Data  0.000 ( 0.001)	Loss 0.0000e+00 (4.0778e-01)	Acc@1 100.00 ( 95.67)	Acc@5 100.00 (100.00)
21-Jan-26 16:04:38 - Epoch: [22][ 399/1176]	Time  0.180 ( 0.180)	Data  0.000 ( 0.001)	Loss 1.8488e-04 (4.3334e-01)	Acc@1 100.00 ( 95.25)	Acc@5 100.00 (100.00)
21-Jan-26 16:04:55 - Epoch: [22][ 499/1176]	Time  0.177 ( 0.180)	Data  0.000 ( 0.001)	Loss 0.0000e+00 (3.4686e-01)	Acc@1 100.00 ( 96.20)	Acc@5 100.00 (100.00)
21-Jan-26 16:05:13 - Epoch: [22][ 599/1176]	Time  0.174 ( 0.180)	Data  0.000 ( 0.001)	Loss 0.0000e+00 (3.1535e-01)	Acc@1 100.00 ( 96.50)	Acc@5 100.00 (100.00)
21-Jan-26 16:05:31 - Epoch: [22][ 699/1176]	Time  0.179 ( 0.179)	Data  0.000 ( 0.000)	Loss 0.0000e+00 (3.3966e-01)	Acc@1 100.00 ( 96.29)	Acc@5 100.00 (100.00)
21-Jan-26 16:05:49 - Epoch: [22][ 799/1176]	Time  0.196 ( 0.179)	Data  0.000 ( 0.000)	Loss 0.0000e+00 (4.2007e-01)	Acc@1 100.00 ( 96.12)	Acc@5 100.00 (100.00)
21-Jan-26 16:06:07 - Epoch: [22][ 899/1176]	Time  0.180 ( 0.179)	Data  0.000 ( 0.000)	Loss 0.0000e+00 (4.4590e-01)	Acc@1 100.00 ( 96.11)	Acc@5 100.00 (100.00)
21-Jan-26 16:06:25 - Epoch: [22][ 999/1176]	Time  0.176 ( 0.179)	Data  0.000 ( 0.000)	Loss 0.0000e+00 (5.2246e-01)	Acc@1 100.00 ( 95.60)	Acc@5 100.00 (100.00)
21-Jan-26 16:06:43 - Epoch: [22][1099/1176]	Time  0.176 ( 0.179)	Data  0.000 ( 0.000)	Loss 1.7439e+01 (5.3247e-01)	Acc@1   0.00 ( 95.36)	Acc@5 100.00 (100.00)
21-Jan-26 16:06:56 -  @Training * Acc@1 95.323 Acc@5 100.000 Loss 0.539
21-Jan-26 16:06:56 - One training epoch latency: 210.9s | Avg Power: 240.6W | Energy: 50726.3384J
21-Jan-26 16:07:10 -  @Testing * Acc@1 91.667 Acc@5 99.306 Loss 2.764
21-Jan-26 16:07:10 - Best acc at epoch 22: 91.66666412353516
21-Jan-26 16:07:10 - Last learning rate: [6.25e-05]
21-Jan-26 16:07:10 - 	 Epoch 23...
21-Jan-26 16:07:28 - Epoch: [23][  99/1176]	Time  0.177 ( 0.182)	Data  0.000 ( 0.003)	Loss 1.0729e-06 (4.7651e-01)	Acc@1 100.00 ( 96.00)	Acc@5 100.00 (100.00)
21-Jan-26 16:07:46 - Epoch: [23][ 199/1176]	Time  0.180 ( 0.181)	Data  0.000 ( 0.001)	Loss 0.0000e+00 (4.6121e-01)	Acc@1 100.00 ( 95.50)	Acc@5 100.00 (100.00)
21-Jan-26 16:08:04 - Epoch: [23][ 299/1176]	Time  0.180 ( 0.180)	Data  0.000 ( 0.001)	Loss 0.0000e+00 (5.0219e-01)	Acc@1 100.00 ( 95.67)	Acc@5 100.00 (100.00)
21-Jan-26 16:08:22 - Epoch: [23][ 399/1176]	Time  0.182 ( 0.180)	Data  0.000 ( 0.001)	Loss 0.0000e+00 (3.8538e-01)	Acc@1 100.00 ( 96.50)	Acc@5 100.00 (100.00)
21-Jan-26 16:08:40 - Epoch: [23][ 499/1176]	Time  0.179 ( 0.179)	Data  0.000 ( 0.001)	Loss 0.0000e+00 (4.7766e-01)	Acc@1 100.00 ( 96.20)	Acc@5 100.00 (100.00)
21-Jan-26 16:08:58 - Epoch: [23][ 599/1176]	Time  0.176 ( 0.179)	Data  0.000 ( 0.001)	Loss 0.0000e+00 (5.2093e-01)	Acc@1 100.00 ( 96.00)	Acc@5 100.00 (100.00)
21-Jan-26 16:09:16 - Epoch: [23][ 699/1176]	Time  0.180 ( 0.179)	Data  0.000 ( 0.001)	Loss 0.0000e+00 (4.5088e-01)	Acc@1 100.00 ( 96.29)	Acc@5 100.00 (100.00)
21-Jan-26 16:09:34 - Epoch: [23][ 799/1176]	Time  0.176 ( 0.179)	Data  0.000 ( 0.001)	Loss 0.0000e+00 (4.0116e-01)	Acc@1 100.00 ( 96.50)	Acc@5 100.00 (100.00)
21-Jan-26 16:09:51 - Epoch: [23][ 899/1176]	Time  0.173 ( 0.179)	Data  0.000 ( 0.000)	Loss 0.0000e+00 (4.1421e-01)	Acc@1 100.00 ( 96.67)	Acc@5 100.00 (100.00)
21-Jan-26 16:10:09 - Epoch: [23][ 999/1176]	Time  0.178 ( 0.179)	Data  0.000 ( 0.000)	Loss 1.4017e+01 (4.8037e-01)	Acc@1   0.00 ( 96.00)	Acc@5 100.00 (100.00)
21-Jan-26 16:10:27 - Epoch: [23][1099/1176]	Time  0.177 ( 0.179)	Data  0.000 ( 0.000)	Loss 0.0000e+00 (4.6193e-01)	Acc@1 100.00 ( 96.18)	Acc@5 100.00 (100.00)
21-Jan-26 16:10:41 -  @Training * Acc@1 96.344 Acc@5 100.000 Loss 0.436
21-Jan-26 16:10:41 - One training epoch latency: 210.8s | Avg Power: 242.4W | Energy: 51095.7493J
21-Jan-26 16:10:55 -  @Testing * Acc@1 93.056 Acc@5 99.306 Loss 2.633
21-Jan-26 16:10:55 - Best acc at epoch 23: 93.05555725097656
21-Jan-26 16:10:55 - Last learning rate: [6.25e-05]
21-Jan-26 16:10:55 - 	 Epoch 24...
21-Jan-26 16:11:13 - Epoch: [24][  99/1176]	Time  0.183 ( 0.182)	Data  0.000 ( 0.002)	Loss 0.0000e+00 (2.9801e-01)	Acc@1 100.00 ( 98.00)	Acc@5 100.00 (100.00)
21-Jan-26 16:11:31 - Epoch: [24][ 199/1176]	Time  0.179 ( 0.181)	Data  0.000 ( 0.001)	Loss 0.0000e+00 (1.4903e-01)	Acc@1 100.00 ( 99.00)	Acc@5 100.00 (100.00)
21-Jan-26 16:11:49 - Epoch: [24][ 299/1176]	Time  0.176 ( 0.180)	Data  0.000 ( 0.001)	Loss 0.0000e+00 (2.1232e-01)	Acc@1 100.00 ( 98.33)	Acc@5 100.00 (100.00)
21-Jan-26 16:12:07 - Epoch: [24][ 399/1176]	Time  0.174 ( 0.180)	Data  0.000 ( 0.001)	Loss 0.0000e+00 (2.2933e-01)	Acc@1 100.00 ( 98.25)	Acc@5 100.00 (100.00)
21-Jan-26 16:12:25 - Epoch: [24][ 499/1176]	Time  0.179 ( 0.180)	Data  0.000 ( 0.001)	Loss 0.0000e+00 (3.3375e-01)	Acc@1 100.00 ( 98.00)	Acc@5 100.00 (100.00)
21-Jan-26 16:12:43 - Epoch: [24][ 599/1176]	Time  0.176 ( 0.180)	Data  0.000 ( 0.001)	Loss 0.0000e+00 (4.1997e-01)	Acc@1 100.00 ( 97.33)	Acc@5 100.00 (100.00)
21-Jan-26 16:13:01 - Epoch: [24][ 699/1176]	Time  0.179 ( 0.180)	Data  0.000 ( 0.001)	Loss 0.0000e+00 (4.2577e-01)	Acc@1 100.00 ( 97.00)	Acc@5 100.00 (100.00)
21-Jan-26 16:13:19 - Epoch: [24][ 799/1176]	Time  0.179 ( 0.180)	Data  0.000 ( 0.000)	Loss 0.0000e+00 (4.2350e-01)	Acc@1 100.00 ( 97.25)	Acc@5 100.00 (100.00)
21-Jan-26 16:13:37 - Epoch: [24][ 899/1176]	Time  0.179 ( 0.180)	Data  0.000 ( 0.000)	Loss 0.0000e+00 (4.1026e-01)	Acc@1 100.00 ( 97.11)	Acc@5 100.00 (100.00)
21-Jan-26 16:13:55 - Epoch: [24][ 999/1176]	Time  0.176 ( 0.180)	Data  0.000 ( 0.000)	Loss 0.0000e+00 (4.0982e-01)	Acc@1 100.00 ( 97.10)	Acc@5 100.00 (100.00)
21-Jan-26 16:14:13 - Epoch: [24][1099/1176]	Time  0.177 ( 0.180)	Data  0.000 ( 0.000)	Loss 0.0000e+00 (3.8102e-01)	Acc@1 100.00 ( 97.18)	Acc@5 100.00 (100.00)
21-Jan-26 16:14:26 -  @Training * Acc@1 97.364 Acc@5 100.000 Loss 0.356
21-Jan-26 16:14:26 - One training epoch latency: 211.5s | Avg Power: 241.3W | Energy: 51033.0690J
21-Jan-26 16:14:40 -  @Testing * Acc@1 91.667 Acc@5 99.306 Loss 2.877
21-Jan-26 16:14:40 - Best acc at epoch 24: 93.05555725097656
21-Jan-26 16:14:40 - Last learning rate: [3.125e-05]
21-Jan-26 16:14:40 - 	 Epoch 25...
21-Jan-26 16:14:58 - Epoch: [25][  99/1176]	Time  0.179 ( 0.182)	Data  0.000 ( 0.002)	Loss 0.0000e+00 (2.9718e-04)	Acc@1 100.00 (100.00)	Acc@5 100.00 (100.00)
21-Jan-26 16:15:16 - Epoch: [25][ 199/1176]	Time  0.177 ( 0.181)	Data  0.000 ( 0.001)	Loss 0.0000e+00 (1.4860e-04)	Acc@1 100.00 (100.00)	Acc@5 100.00 (100.00)
21-Jan-26 16:15:34 - Epoch: [25][ 299/1176]	Time  0.177 ( 0.181)	Data  0.000 ( 0.001)	Loss 0.0000e+00 (3.4292e-02)	Acc@1 100.00 ( 99.67)	Acc@5 100.00 (100.00)
21-Jan-26 16:15:52 - Epoch: [25][ 399/1176]	Time  0.176 ( 0.180)	Data  0.000 ( 0.001)	Loss 0.0000e+00 (1.3097e-01)	Acc@1 100.00 ( 99.25)	Acc@5 100.00 (100.00)
21-Jan-26 16:16:10 - Epoch: [25][ 499/1176]	Time  0.177 ( 0.180)	Data  0.000 ( 0.001)	Loss 0.0000e+00 (1.0478e-01)	Acc@1 100.00 ( 99.40)	Acc@5 100.00 (100.00)
21-Jan-26 16:16:28 - Epoch: [25][ 599/1176]	Time  0.193 ( 0.180)	Data  0.000 ( 0.001)	Loss 0.0000e+00 (8.7318e-02)	Acc@1 100.00 ( 99.50)	Acc@5 100.00 (100.00)
21-Jan-26 16:16:46 - Epoch: [25][ 699/1176]	Time  0.184 ( 0.180)	Data  0.000 ( 0.001)	Loss 0.0000e+00 (7.4846e-02)	Acc@1 100.00 ( 99.57)	Acc@5 100.00 (100.00)
21-Jan-26 16:17:04 - Epoch: [25][ 799/1176]	Time  0.180 ( 0.180)	Data  0.000 ( 0.001)	Loss 0.0000e+00 (6.5530e-02)	Acc@1 100.00 ( 99.62)	Acc@5 100.00 (100.00)
21-Jan-26 16:17:22 - Epoch: [25][ 899/1176]	Time  0.179 ( 0.180)	Data  0.000 ( 0.001)	Loss 0.0000e+00 (1.2037e-01)	Acc@1 100.00 ( 99.44)	Acc@5 100.00 (100.00)
21-Jan-26 16:17:40 - Epoch: [25][ 999/1176]	Time  0.176 ( 0.180)	Data  0.000 ( 0.000)	Loss 0.0000e+00 (1.1221e-01)	Acc@1 100.00 ( 99.40)	Acc@5 100.00 (100.00)
21-Jan-26 16:17:58 - Epoch: [25][1099/1176]	Time  0.176 ( 0.179)	Data  0.000 ( 0.000)	Loss 0.0000e+00 (1.0201e-01)	Acc@1 100.00 ( 99.45)	Acc@5 100.00 (100.00)
21-Jan-26 16:18:11 -  @Training * Acc@1 99.405 Acc@5 100.000 Loss 0.097
21-Jan-26 16:18:11 - One training epoch latency: 211.1s | Avg Power: 240.8W | Energy: 50838.8216J
21-Jan-26 16:18:25 -  @Testing * Acc@1 94.444 Acc@5 100.000 Loss 2.035
21-Jan-26 16:18:25 - Best acc at epoch 25: 94.44444274902344
21-Jan-26 16:18:25 - Last learning rate: [3.125e-05]
21-Jan-26 16:18:25 - 	 Epoch 26...
21-Jan-26 16:18:43 - Epoch: [26][  99/1176]	Time  0.179 ( 0.182)	Data  0.000 ( 0.002)	Loss 0.0000e+00 (8.4285e-03)	Acc@1 100.00 ( 99.00)	Acc@5 100.00 (100.00)
21-Jan-26 16:19:01 - Epoch: [26][ 199/1176]	Time  0.174 ( 0.181)	Data  0.000 ( 0.001)	Loss 0.0000e+00 (1.3474e-01)	Acc@1 100.00 ( 99.00)	Acc@5 100.00 (100.00)
21-Jan-26 16:19:19 - Epoch: [26][ 299/1176]	Time  0.179 ( 0.181)	Data  0.000 ( 0.001)	Loss 0.0000e+00 (9.0086e-02)	Acc@1 100.00 ( 99.33)	Acc@5 100.00 (100.00)
21-Jan-26 16:19:37 - Epoch: [26][ 399/1176]	Time  0.194 ( 0.180)	Data  0.011 ( 0.001)	Loss 0.0000e+00 (9.9511e-02)	Acc@1 100.00 ( 99.00)	Acc@5 100.00 (100.00)
21-Jan-26 16:19:55 - Epoch: [26][ 499/1176]	Time  0.188 ( 0.180)	Data  0.000 ( 0.001)	Loss 0.0000e+00 (7.9608e-02)	Acc@1 100.00 ( 99.20)	Acc@5 100.00 (100.00)
21-Jan-26 16:20:13 - Epoch: [26][ 599/1176]	Time  0.185 ( 0.180)	Data  0.000 ( 0.001)	Loss 0.0000e+00 (6.6340e-02)	Acc@1 100.00 ( 99.33)	Acc@5 100.00 (100.00)
21-Jan-26 16:20:31 - Epoch: [26][ 699/1176]	Time  0.177 ( 0.180)	Data  0.000 ( 0.000)	Loss 0.0000e+00 (9.8569e-02)	Acc@1 100.00 ( 99.29)	Acc@5 100.00 (100.00)
21-Jan-26 16:20:49 - Epoch: [26][ 799/1176]	Time  0.177 ( 0.180)	Data  0.000 ( 0.000)	Loss 0.0000e+00 (8.7546e-02)	Acc@1 100.00 ( 99.25)	Acc@5 100.00 (100.00)
21-Jan-26 16:21:07 - Epoch: [26][ 899/1176]	Time  0.179 ( 0.180)	Data  0.000 ( 0.000)	Loss 0.0000e+00 (7.7819e-02)	Acc@1 100.00 ( 99.33)	Acc@5 100.00 (100.00)
21-Jan-26 16:21:25 - Epoch: [26][ 999/1176]	Time  0.179 ( 0.180)	Data  0.000 ( 0.000)	Loss 0.0000e+00 (7.0037e-02)	Acc@1 100.00 ( 99.40)	Acc@5 100.00 (100.00)
21-Jan-26 16:21:43 - Epoch: [26][1099/1176]	Time  0.177 ( 0.180)	Data  0.000 ( 0.000)	Loss 0.0000e+00 (9.2863e-02)	Acc@1 100.00 ( 99.36)	Acc@5 100.00 (100.00)
21-Jan-26 16:21:56 -  @Training * Acc@1 99.405 Acc@5 100.000 Loss 0.087
21-Jan-26 16:21:56 - One training epoch latency: 211.1s | Avg Power: 241.7W | Energy: 51037.2911J
21-Jan-26 16:22:10 -  @Testing * Acc@1 94.444 Acc@5 99.653 Loss 2.021
21-Jan-26 16:22:10 - Best acc at epoch 26: 94.44444274902344
21-Jan-26 16:22:10 - Last learning rate: [3.125e-05]
21-Jan-26 16:22:10 - 	 Epoch 27...
21-Jan-26 16:22:28 - Epoch: [27][  99/1176]	Time  0.177 ( 0.181)	Data  0.000 ( 0.002)	Loss 0.0000e+00 (0.0000e+00)	Acc@1 100.00 (100.00)	Acc@5 100.00 (100.00)
21-Jan-26 16:22:46 - Epoch: [27][ 199/1176]	Time  0.180 ( 0.180)	Data  0.000 ( 0.001)	Loss 0.0000e+00 (2.5629e-07)	Acc@1 100.00 (100.00)	Acc@5 100.00 (100.00)
21-Jan-26 16:23:04 - Epoch: [27][ 299/1176]	Time  0.176 ( 0.180)	Data  0.000 ( 0.001)	Loss 0.0000e+00 (6.7056e-02)	Acc@1 100.00 ( 99.33)	Acc@5 100.00 (100.00)
21-Jan-26 16:23:22 - Epoch: [27][ 399/1176]	Time  0.180 ( 0.180)	Data  0.000 ( 0.001)	Loss 0.0000e+00 (5.0292e-02)	Acc@1 100.00 ( 99.50)	Acc@5 100.00 (100.00)
21-Jan-26 16:23:40 - Epoch: [27][ 499/1176]	Time  0.176 ( 0.180)	Data  0.000 ( 0.001)	Loss 0.0000e+00 (4.0234e-02)	Acc@1 100.00 ( 99.60)	Acc@5 100.00 (100.00)
21-Jan-26 16:23:58 - Epoch: [27][ 599/1176]	Time  0.177 ( 0.180)	Data  0.000 ( 0.001)	Loss 0.0000e+00 (3.3528e-02)	Acc@1 100.00 ( 99.67)	Acc@5 100.00 (100.00)
21-Jan-26 16:24:15 - Epoch: [27][ 699/1176]	Time  0.176 ( 0.179)	Data  0.000 ( 0.001)	Loss 0.0000e+00 (4.9173e-02)	Acc@1 100.00 ( 99.43)	Acc@5 100.00 (100.00)
21-Jan-26 16:24:33 - Epoch: [27][ 799/1176]	Time  0.176 ( 0.179)	Data  0.000 ( 0.001)	Loss 0.0000e+00 (4.3027e-02)	Acc@1 100.00 ( 99.50)	Acc@5 100.00 (100.00)
21-Jan-26 16:24:51 - Epoch: [27][ 899/1176]	Time  0.179 ( 0.179)	Data  0.000 ( 0.000)	Loss 0.0000e+00 (3.8284e-02)	Acc@1 100.00 ( 99.56)	Acc@5 100.00 (100.00)
21-Jan-26 16:25:09 - Epoch: [27][ 999/1176]	Time  0.181 ( 0.179)	Data  0.000 ( 0.000)	Loss 0.0000e+00 (5.8425e-02)	Acc@1 100.00 ( 99.50)	Acc@5 100.00 (100.00)
21-Jan-26 16:25:27 - Epoch: [27][1099/1176]	Time  0.179 ( 0.179)	Data  0.000 ( 0.000)	Loss 0.0000e+00 (5.3189e-02)	Acc@1 100.00 ( 99.55)	Acc@5 100.00 (100.00)
21-Jan-26 16:25:41 -  @Training * Acc@1 99.575 Acc@5 100.000 Loss 0.050
21-Jan-26 16:25:41 - One training epoch latency: 211.0s | Avg Power: 242.4W | Energy: 51143.6071J
21-Jan-26 16:25:54 -  @Testing * Acc@1 94.444 Acc@5 99.653 Loss 1.968
21-Jan-26 16:25:54 - Best acc at epoch 27: 94.44444274902344
21-Jan-26 16:25:54 - Last learning rate: [3.125e-05]
21-Jan-26 16:25:54 - 	 Epoch 28...
21-Jan-26 16:26:13 - Epoch: [28][  99/1176]	Time  0.180 ( 0.182)	Data  0.000 ( 0.002)	Loss 3.0894e-04 (1.6811e-02)	Acc@1 100.00 ( 99.00)	Acc@5 100.00 (100.00)
21-Jan-26 16:26:31 - Epoch: [28][ 199/1176]	Time  0.178 ( 0.181)	Data  0.000 ( 0.001)	Loss 0.0000e+00 (8.4054e-03)	Acc@1 100.00 ( 99.50)	Acc@5 100.00 (100.00)
21-Jan-26 16:26:49 - Epoch: [28][ 299/1176]	Time  0.179 ( 0.180)	Data  0.000 ( 0.001)	Loss 0.0000e+00 (5.6036e-03)	Acc@1 100.00 ( 99.67)	Acc@5 100.00 (100.00)
21-Jan-26 16:27:07 - Epoch: [28][ 399/1176]	Time  0.180 ( 0.180)	Data  0.000 ( 0.001)	Loss 0.0000e+00 (4.4057e-02)	Acc@1 100.00 ( 99.50)	Acc@5 100.00 (100.00)
21-Jan-26 16:27:24 - Epoch: [28][ 499/1176]	Time  0.177 ( 0.180)	Data  0.000 ( 0.000)	Loss 0.0000e+00 (3.5246e-02)	Acc@1 100.00 ( 99.60)	Acc@5 100.00 (100.00)
21-Jan-26 16:27:42 - Epoch: [28][ 599/1176]	Time  0.174 ( 0.180)	Data  0.000 ( 0.000)	Loss 0.0000e+00 (2.9372e-02)	Acc@1 100.00 ( 99.67)	Acc@5 100.00 (100.00)
21-Jan-26 16:28:00 - Epoch: [28][ 699/1176]	Time  0.177 ( 0.180)	Data  0.000 ( 0.000)	Loss 0.0000e+00 (5.1733e-02)	Acc@1 100.00 ( 99.43)	Acc@5 100.00 (100.00)
21-Jan-26 16:28:18 - Epoch: [28][ 799/1176]	Time  0.198 ( 0.180)	Data  0.000 ( 0.000)	Loss 0.0000e+00 (4.5266e-02)	Acc@1 100.00 ( 99.50)	Acc@5 100.00 (100.00)
21-Jan-26 16:28:36 - Epoch: [28][ 899/1176]	Time  0.176 ( 0.180)	Data  0.000 ( 0.000)	Loss 0.0000e+00 (4.8926e-02)	Acc@1 100.00 ( 99.44)	Acc@5 100.00 (100.00)
21-Jan-26 16:28:54 - Epoch: [28][ 999/1176]	Time  0.177 ( 0.179)	Data  0.000 ( 0.000)	Loss 0.0000e+00 (4.7615e-02)	Acc@1 100.00 ( 99.40)	Acc@5 100.00 (100.00)
21-Jan-26 16:29:12 - Epoch: [28][1099/1176]	Time  0.176 ( 0.179)	Data  0.000 ( 0.000)	Loss 0.0000e+00 (5.5227e-02)	Acc@1 100.00 ( 99.27)	Acc@5 100.00 (100.00)
21-Jan-26 16:29:25 -  @Training * Acc@1 98.895 Acc@5 100.000 Loss 0.076
21-Jan-26 16:29:26 - One training epoch latency: 211.0s | Avg Power: 242.2W | Energy: 51110.1095J
21-Jan-26 16:29:39 -  @Testing * Acc@1 92.361 Acc@5 100.000 Loss 2.215
21-Jan-26 16:29:39 - Best acc at epoch 28: 94.44444274902344
21-Jan-26 16:29:39 - Last learning rate: [3.125e-05]
21-Jan-26 16:29:39 - 	 Epoch 29...
21-Jan-26 16:29:57 - Epoch: [29][  99/1176]	Time  0.177 ( 0.182)	Data  0.000 ( 0.002)	Loss 0.0000e+00 (0.0000e+00)	Acc@1 100.00 (100.00)	Acc@5 100.00 (100.00)
21-Jan-26 16:30:15 - Epoch: [29][ 199/1176]	Time  0.174 ( 0.180)	Data  0.000 ( 0.001)	Loss 0.0000e+00 (0.0000e+00)	Acc@1 100.00 (100.00)	Acc@5 100.00 (100.00)
21-Jan-26 16:30:33 - Epoch: [29][ 299/1176]	Time  0.194 ( 0.180)	Data  0.011 ( 0.001)	Loss 0.0000e+00 (0.0000e+00)	Acc@1 100.00 (100.00)	Acc@5 100.00 (100.00)
21-Jan-26 16:30:51 - Epoch: [29][ 399/1176]	Time  0.181 ( 0.180)	Data  0.000 ( 0.001)	Loss 0.0000e+00 (0.0000e+00)	Acc@1 100.00 (100.00)	Acc@5 100.00 (100.00)
21-Jan-26 16:31:09 - Epoch: [29][ 499/1176]	Time  0.176 ( 0.180)	Data  0.000 ( 0.001)	Loss 0.0000e+00 (2.1739e-06)	Acc@1 100.00 (100.00)	Acc@5 100.00 (100.00)
21-Jan-26 16:31:27 - Epoch: [29][ 599/1176]	Time  0.193 ( 0.180)	Data  0.000 ( 0.001)	Loss 0.0000e+00 (1.8122e-06)	Acc@1 100.00 (100.00)	Acc@5 100.00 (100.00)
21-Jan-26 16:31:45 - Epoch: [29][ 699/1176]	Time  0.176 ( 0.179)	Data  0.000 ( 0.001)	Loss 0.0000e+00 (1.5533e-06)	Acc@1 100.00 (100.00)	Acc@5 100.00 (100.00)
21-Jan-26 16:32:03 - Epoch: [29][ 799/1176]	Time  0.179 ( 0.179)	Data  0.000 ( 0.000)	Loss 0.0000e+00 (6.4762e-02)	Acc@1 100.00 ( 99.75)	Acc@5 100.00 (100.00)
21-Jan-26 16:32:21 - Epoch: [29][ 899/1176]	Time  0.177 ( 0.179)	Data  0.000 ( 0.000)	Loss 0.0000e+00 (7.0092e-02)	Acc@1 100.00 ( 99.67)	Acc@5 100.00 (100.00)
21-Jan-26 16:32:38 - Epoch: [29][ 999/1176]	Time  0.178 ( 0.179)	Data  0.000 ( 0.000)	Loss 0.0000e+00 (6.3083e-02)	Acc@1 100.00 ( 99.70)	Acc@5 100.00 (100.00)
21-Jan-26 16:32:56 - Epoch: [29][1099/1176]	Time  0.177 ( 0.179)	Data  0.000 ( 0.000)	Loss 0.0000e+00 (5.7823e-02)	Acc@1 100.00 ( 99.73)	Acc@5 100.00 (100.00)
21-Jan-26 16:33:10 -  @Training * Acc@1 99.745 Acc@5 100.000 Loss 0.054
21-Jan-26 16:33:10 - One training epoch latency: 210.9s | Avg Power: 245.8W | Energy: 51834.4362J
21-Jan-26 16:33:24 -  @Testing * Acc@1 93.403 Acc@5 99.653 Loss 2.394
21-Jan-26 16:33:24 - Best acc at epoch 29: 94.44444274902344
21-Jan-26 16:33:24 - Last learning rate: [3.125e-05]
21-Jan-26 16:33:24 - 	 Epoch 30...
21-Jan-26 16:33:42 - Epoch: [30][  99/1176]	Time  0.177 ( 0.182)	Data  0.000 ( 0.002)	Loss 0.0000e+00 (7.4706e-06)	Acc@1 100.00 (100.00)	Acc@5 100.00 (100.00)
21-Jan-26 16:34:00 - Epoch: [30][ 199/1176]	Time  0.179 ( 0.181)	Data  0.000 ( 0.001)	Loss 0.0000e+00 (3.7413e-06)	Acc@1 100.00 (100.00)	Acc@5 100.00 (100.00)
21-Jan-26 16:34:18 - Epoch: [30][ 299/1176]	Time  0.177 ( 0.180)	Data  0.000 ( 0.001)	Loss 0.0000e+00 (2.4942e-06)	Acc@1 100.00 (100.00)	Acc@5 100.00 (100.00)
21-Jan-26 16:34:36 - Epoch: [30][ 399/1176]	Time  0.179 ( 0.180)	Data  0.000 ( 0.001)	Loss 0.0000e+00 (2.3693e-02)	Acc@1 100.00 ( 99.75)	Acc@5 100.00 (100.00)
21-Jan-26 16:34:54 - Epoch: [30][ 499/1176]	Time  0.177 ( 0.180)	Data  0.000 ( 0.001)	Loss 0.0000e+00 (4.6806e-02)	Acc@1 100.00 ( 99.60)	Acc@5 100.00 (100.00)
21-Jan-26 16:35:12 - Epoch: [30][ 599/1176]	Time  0.179 ( 0.180)	Data  0.000 ( 0.001)	Loss 0.0000e+00 (9.9066e-02)	Acc@1 100.00 ( 99.50)	Acc@5 100.00 (100.00)
21-Jan-26 16:35:29 - Epoch: [30][ 699/1176]	Time  0.174 ( 0.180)	Data  0.000 ( 0.001)	Loss 0.0000e+00 (8.4914e-02)	Acc@1 100.00 ( 99.57)	Acc@5 100.00 (100.00)
21-Jan-26 16:35:47 - Epoch: [30][ 799/1176]	Time  0.177 ( 0.180)	Data  0.000 ( 0.000)	Loss 0.0000e+00 (9.9975e-02)	Acc@1 100.00 ( 99.50)	Acc@5 100.00 (100.00)
21-Jan-26 16:36:05 - Epoch: [30][ 899/1176]	Time  0.177 ( 0.180)	Data  0.000 ( 0.000)	Loss 0.0000e+00 (8.8867e-02)	Acc@1 100.00 ( 99.56)	Acc@5 100.00 (100.00)
21-Jan-26 16:36:23 - Epoch: [30][ 999/1176]	Time  0.177 ( 0.180)	Data  0.000 ( 0.000)	Loss 0.0000e+00 (1.0141e-01)	Acc@1 100.00 ( 99.50)	Acc@5 100.00 (100.00)
21-Jan-26 16:36:41 - Epoch: [30][1099/1176]	Time  0.177 ( 0.180)	Data  0.000 ( 0.000)	Loss 0.0000e+00 (9.2191e-02)	Acc@1 100.00 ( 99.55)	Acc@5 100.00 (100.00)
21-Jan-26 16:36:55 -  @Training * Acc@1 99.490 Acc@5 100.000 Loss 0.114
21-Jan-26 16:36:55 - One training epoch latency: 211.2s | Avg Power: 246.1W | Energy: 51975.1624J
21-Jan-26 16:37:08 -  @Testing * Acc@1 94.792 Acc@5 99.306 Loss 2.101
21-Jan-26 16:37:08 - Best acc at epoch 30: 94.79166412353516
21-Jan-26 16:37:09 - Last learning rate: [3.125e-05]
21-Jan-26 16:37:09 - 	 Epoch 31...
21-Jan-26 16:37:27 - Epoch: [31][  99/1176]	Time  0.191 ( 0.182)	Data  0.000 ( 0.002)	Loss 0.0000e+00 (1.0567e-05)	Acc@1 100.00 (100.00)	Acc@5 100.00 (100.00)
21-Jan-26 16:37:45 - Epoch: [31][ 199/1176]	Time  0.176 ( 0.180)	Data  0.000 ( 0.001)	Loss 0.0000e+00 (3.1187e-04)	Acc@1 100.00 (100.00)	Acc@5 100.00 (100.00)
21-Jan-26 16:38:03 - Epoch: [31][ 299/1176]	Time  0.179 ( 0.180)	Data  0.000 ( 0.001)	Loss 0.0000e+00 (5.4768e-02)	Acc@1 100.00 ( 99.67)	Acc@5 100.00 (100.00)
21-Jan-26 16:38:20 - Epoch: [31][ 399/1176]	Time  0.176 ( 0.180)	Data  0.000 ( 0.001)	Loss 0.0000e+00 (4.1076e-02)	Acc@1 100.00 ( 99.75)	Acc@5 100.00 (100.00)
21-Jan-26 16:38:38 - Epoch: [31][ 499/1176]	Time  0.179 ( 0.179)	Data  0.000 ( 0.001)	Loss 0.0000e+00 (3.2861e-02)	Acc@1 100.00 ( 99.80)	Acc@5 100.00 (100.00)
21-Jan-26 16:38:56 - Epoch: [31][ 599/1176]	Time  0.183 ( 0.179)	Data  0.000 ( 0.000)	Loss 0.0000e+00 (2.7384e-02)	Acc@1 100.00 ( 99.83)	Acc@5 100.00 (100.00)
21-Jan-26 16:39:14 - Epoch: [31][ 699/1176]	Time  0.184 ( 0.179)	Data  0.000 ( 0.000)	Loss 0.0000e+00 (2.3472e-02)	Acc@1 100.00 ( 99.86)	Acc@5 100.00 (100.00)
21-Jan-26 16:39:32 - Epoch: [31][ 799/1176]	Time  0.177 ( 0.179)	Data  0.000 ( 0.000)	Loss 0.0000e+00 (2.0538e-02)	Acc@1 100.00 ( 99.88)	Acc@5 100.00 (100.00)
21-Jan-26 16:39:50 - Epoch: [31][ 899/1176]	Time  0.176 ( 0.179)	Data  0.000 ( 0.000)	Loss 0.0000e+00 (1.8256e-02)	Acc@1 100.00 ( 99.89)	Acc@5 100.00 (100.00)
21-Jan-26 16:40:08 - Epoch: [31][ 999/1176]	Time  0.177 ( 0.179)	Data  0.000 ( 0.000)	Loss 0.0000e+00 (1.6430e-02)	Acc@1 100.00 ( 99.90)	Acc@5 100.00 (100.00)
21-Jan-26 16:40:26 - Epoch: [31][1099/1176]	Time  0.176 ( 0.179)	Data  0.000 ( 0.000)	Loss 0.0000e+00 (1.4937e-02)	Acc@1 100.00 ( 99.91)	Acc@5 100.00 (100.00)
21-Jan-26 16:40:39 -  @Training * Acc@1 99.915 Acc@5 100.000 Loss 0.014
21-Jan-26 16:40:40 - One training epoch latency: 210.8s | Avg Power: 244.9W | Energy: 51608.0923J
21-Jan-26 16:40:53 -  @Testing * Acc@1 93.750 Acc@5 99.306 Loss 3.318
21-Jan-26 16:40:53 - Best acc at epoch 31: 94.79166412353516
21-Jan-26 16:40:53 - Last learning rate: [3.125e-05]
21-Jan-26 16:40:53 - 	 Epoch 32...
21-Jan-26 16:41:11 - Epoch: [32][  99/1176]	Time  0.179 ( 0.181)	Data  0.000 ( 0.002)	Loss 0.0000e+00 (0.0000e+00)	Acc@1 100.00 (100.00)	Acc@5 100.00 (100.00)
21-Jan-26 16:41:29 - Epoch: [32][ 199/1176]	Time  0.192 ( 0.180)	Data  0.000 ( 0.001)	Loss 0.0000e+00 (1.7881e-09)	Acc@1 100.00 (100.00)	Acc@5 100.00 (100.00)
21-Jan-26 16:41:47 - Epoch: [32][ 299/1176]	Time  0.180 ( 0.180)	Data  0.000 ( 0.001)	Loss 0.0000e+00 (1.1921e-09)	Acc@1 100.00 (100.00)	Acc@5 100.00 (100.00)
21-Jan-26 16:42:05 - Epoch: [32][ 399/1176]	Time  0.177 ( 0.180)	Data  0.000 ( 0.001)	Loss 0.0000e+00 (8.9407e-10)	Acc@1 100.00 (100.00)	Acc@5 100.00 (100.00)
21-Jan-26 16:42:23 - Epoch: [32][ 499/1176]	Time  0.177 ( 0.179)	Data  0.000 ( 0.001)	Loss 0.0000e+00 (7.0625e-02)	Acc@1 100.00 ( 99.80)	Acc@5 100.00 (100.00)
21-Jan-26 16:42:41 - Epoch: [32][ 599/1176]	Time  0.179 ( 0.179)	Data  0.000 ( 0.000)	Loss 0.0000e+00 (1.0530e-01)	Acc@1 100.00 ( 99.67)	Acc@5 100.00 (100.00)
21-Jan-26 16:42:59 - Epoch: [32][ 699/1176]	Time  0.174 ( 0.179)	Data  0.000 ( 0.000)	Loss 0.0000e+00 (1.4364e-01)	Acc@1 100.00 ( 99.43)	Acc@5 100.00 (100.00)
21-Jan-26 16:43:17 - Epoch: [32][ 799/1176]	Time  0.177 ( 0.179)	Data  0.000 ( 0.000)	Loss 0.0000e+00 (1.2568e-01)	Acc@1 100.00 ( 99.50)	Acc@5 100.00 (100.00)
21-Jan-26 16:43:34 - Epoch: [32][ 899/1176]	Time  0.176 ( 0.179)	Data  0.000 ( 0.000)	Loss 0.0000e+00 (1.1172e-01)	Acc@1 100.00 ( 99.56)	Acc@5 100.00 (100.00)
21-Jan-26 16:43:52 - Epoch: [32][ 999/1176]	Time  0.177 ( 0.179)	Data  0.000 ( 0.000)	Loss 0.0000e+00 (1.0055e-01)	Acc@1 100.00 ( 99.60)	Acc@5 100.00 (100.00)
21-Jan-26 16:44:10 - Epoch: [32][1099/1176]	Time  0.177 ( 0.179)	Data  0.000 ( 0.000)	Loss 0.0000e+00 (9.1406e-02)	Acc@1 100.00 ( 99.64)	Acc@5 100.00 (100.00)
21-Jan-26 16:44:24 -  @Training * Acc@1 99.660 Acc@5 100.000 Loss 0.085
21-Jan-26 16:44:24 - One training epoch latency: 210.9s | Avg Power: 244.1W | Energy: 51487.5793J
21-Jan-26 16:44:38 -  @Testing * Acc@1 95.486 Acc@5 99.306 Loss 2.378
21-Jan-26 16:44:38 - Best acc at epoch 32: 95.48611450195312
21-Jan-26 16:44:38 - Last learning rate: [3.125e-05]
21-Jan-26 16:44:38 - 	 Epoch 33...
21-Jan-26 16:44:56 - Epoch: [33][  99/1176]	Time  0.185 ( 0.182)	Data  0.000 ( 0.002)	Loss 0.0000e+00 (0.0000e+00)	Acc@1 100.00 (100.00)	Acc@5 100.00 (100.00)
21-Jan-26 16:45:14 - Epoch: [33][ 199/1176]	Time  0.188 ( 0.181)	Data  0.000 ( 0.001)	Loss 0.0000e+00 (0.0000e+00)	Acc@1 100.00 (100.00)	Acc@5 100.00 (100.00)
21-Jan-26 16:45:32 - Epoch: [33][ 299/1176]	Time  0.177 ( 0.180)	Data  0.000 ( 0.001)	Loss 0.0000e+00 (0.0000e+00)	Acc@1 100.00 (100.00)	Acc@5 100.00 (100.00)
21-Jan-26 16:45:50 - Epoch: [33][ 399/1176]	Time  0.177 ( 0.180)	Data  0.000 ( 0.001)	Loss 0.0000e+00 (9.5032e-05)	Acc@1 100.00 (100.00)	Acc@5 100.00 (100.00)
21-Jan-26 16:46:08 - Epoch: [33][ 499/1176]	Time  0.176 ( 0.180)	Data  0.000 ( 0.001)	Loss 0.0000e+00 (7.6026e-05)	Acc@1 100.00 (100.00)	Acc@5 100.00 (100.00)
21-Jan-26 16:46:26 - Epoch: [33][ 599/1176]	Time  0.180 ( 0.180)	Data  0.000 ( 0.001)	Loss 0.0000e+00 (6.3359e-05)	Acc@1 100.00 (100.00)	Acc@5 100.00 (100.00)
21-Jan-26 16:46:44 - Epoch: [33][ 699/1176]	Time  0.177 ( 0.180)	Data  0.000 ( 0.000)	Loss 0.0000e+00 (5.4308e-05)	Acc@1 100.00 (100.00)	Acc@5 100.00 (100.00)
21-Jan-26 16:47:02 - Epoch: [33][ 799/1176]	Time  0.179 ( 0.180)	Data  0.000 ( 0.000)	Loss 0.0000e+00 (1.9577e-03)	Acc@1 100.00 ( 99.88)	Acc@5 100.00 (100.00)
21-Jan-26 16:47:19 - Epoch: [33][ 899/1176]	Time  0.176 ( 0.180)	Data  0.000 ( 0.000)	Loss 0.0000e+00 (8.5969e-03)	Acc@1 100.00 ( 99.78)	Acc@5 100.00 (100.00)
21-Jan-26 16:47:37 - Epoch: [33][ 999/1176]	Time  0.176 ( 0.180)	Data  0.000 ( 0.000)	Loss 0.0000e+00 (4.1908e-02)	Acc@1 100.00 ( 99.40)	Acc@5 100.00 (100.00)
21-Jan-26 16:47:55 - Epoch: [33][1099/1176]	Time  0.180 ( 0.180)	Data  0.000 ( 0.000)	Loss 0.0000e+00 (3.8098e-02)	Acc@1 100.00 ( 99.45)	Acc@5 100.00 (100.00)
21-Jan-26 16:48:09 -  @Training * Acc@1 99.490 Acc@5 100.000 Loss 0.036
21-Jan-26 16:48:09 - One training epoch latency: 211.2s | Avg Power: 242.8W | Energy: 51281.9185J
21-Jan-26 16:48:23 -  @Testing * Acc@1 94.792 Acc@5 99.306 Loss 2.431
21-Jan-26 16:48:23 - Best acc at epoch 33: 95.48611450195312
21-Jan-26 16:48:23 - Last learning rate: [1.5625e-05]
21-Jan-26 16:48:23 - 	 Epoch 34...
21-Jan-26 16:48:41 - Epoch: [34][  99/1176]	Time  0.177 ( 0.181)	Data  0.000 ( 0.002)	Loss 0.0000e+00 (0.0000e+00)	Acc@1 100.00 (100.00)	Acc@5 100.00 (100.00)
21-Jan-26 16:48:59 - Epoch: [34][ 199/1176]	Time  0.179 ( 0.180)	Data  0.000 ( 0.001)	Loss 0.0000e+00 (0.0000e+00)	Acc@1 100.00 (100.00)	Acc@5 100.00 (100.00)
21-Jan-26 16:49:17 - Epoch: [34][ 299/1176]	Time  0.176 ( 0.180)	Data  0.000 ( 0.001)	Loss 0.0000e+00 (0.0000e+00)	Acc@1 100.00 (100.00)	Acc@5 100.00 (100.00)
21-Jan-26 16:49:34 - Epoch: [34][ 399/1176]	Time  0.177 ( 0.179)	Data  0.000 ( 0.001)	Loss 0.0000e+00 (0.0000e+00)	Acc@1 100.00 (100.00)	Acc@5 100.00 (100.00)
21-Jan-26 16:49:52 - Epoch: [34][ 499/1176]	Time  0.176 ( 0.179)	Data  0.000 ( 0.001)	Loss 0.0000e+00 (0.0000e+00)	Acc@1 100.00 (100.00)	Acc@5 100.00 (100.00)
21-Jan-26 16:50:10 - Epoch: [34][ 599/1176]	Time  0.177 ( 0.179)	Data  0.000 ( 0.001)	Loss 0.0000e+00 (0.0000e+00)	Acc@1 100.00 (100.00)	Acc@5 100.00 (100.00)
21-Jan-26 16:50:28 - Epoch: [34][ 699/1176]	Time  0.182 ( 0.179)	Data  0.000 ( 0.000)	Loss 0.0000e+00 (0.0000e+00)	Acc@1 100.00 (100.00)	Acc@5 100.00 (100.00)
21-Jan-26 16:50:46 - Epoch: [34][ 799/1176]	Time  0.176 ( 0.179)	Data  0.000 ( 0.000)	Loss 0.0000e+00 (0.0000e+00)	Acc@1 100.00 (100.00)	Acc@5 100.00 (100.00)
21-Jan-26 16:51:04 - Epoch: [34][ 899/1176]	Time  0.177 ( 0.179)	Data  0.000 ( 0.000)	Loss 0.0000e+00 (0.0000e+00)	Acc@1 100.00 (100.00)	Acc@5 100.00 (100.00)
21-Jan-26 16:51:22 - Epoch: [34][ 999/1176]	Time  0.177 ( 0.179)	Data  0.000 ( 0.000)	Loss 0.0000e+00 (6.6039e-06)	Acc@1 100.00 (100.00)	Acc@5 100.00 (100.00)
21-Jan-26 16:51:40 - Epoch: [34][1099/1176]	Time  0.177 ( 0.179)	Data  0.000 ( 0.000)	Loss 0.0000e+00 (6.0036e-06)	Acc@1 100.00 (100.00)	Acc@5 100.00 (100.00)
21-Jan-26 16:51:53 -  @Training * Acc@1 100.000 Acc@5 100.000 Loss 0.000
21-Jan-26 16:51:53 - One training epoch latency: 210.7s | Avg Power: 241.6W | Energy: 50884.9766J
21-Jan-26 16:52:07 -  @Testing * Acc@1 95.486 Acc@5 99.306 Loss 2.042
21-Jan-26 16:52:07 - Best acc at epoch 34: 95.48611450195312
21-Jan-26 16:52:07 - Last learning rate: [1.5625e-05]
21-Jan-26 16:52:07 - 	 Epoch 35...
21-Jan-26 16:52:25 - Epoch: [35][  99/1176]	Time  0.177 ( 0.182)	Data  0.000 ( 0.002)	Loss 0.0000e+00 (0.0000e+00)	Acc@1 100.00 (100.00)	Acc@5 100.00 (100.00)
21-Jan-26 16:52:43 - Epoch: [35][ 199/1176]	Time  0.177 ( 0.182)	Data  0.000 ( 0.001)	Loss 0.0000e+00 (0.0000e+00)	Acc@1 100.00 (100.00)	Acc@5 100.00 (100.00)
21-Jan-26 16:53:01 - Epoch: [35][ 299/1176]	Time  0.177 ( 0.181)	Data  0.000 ( 0.001)	Loss 0.0000e+00 (0.0000e+00)	Acc@1 100.00 (100.00)	Acc@5 100.00 (100.00)
21-Jan-26 16:53:19 - Epoch: [35][ 399/1176]	Time  0.179 ( 0.181)	Data  0.000 ( 0.001)	Loss 0.0000e+00 (0.0000e+00)	Acc@1 100.00 (100.00)	Acc@5 100.00 (100.00)
21-Jan-26 16:53:37 - Epoch: [35][ 499/1176]	Time  0.177 ( 0.180)	Data  0.000 ( 0.001)	Loss 0.0000e+00 (0.0000e+00)	Acc@1 100.00 (100.00)	Acc@5 100.00 (100.00)
21-Jan-26 16:53:55 - Epoch: [35][ 599/1176]	Time  0.178 ( 0.180)	Data  0.000 ( 0.001)	Loss 0.0000e+00 (0.0000e+00)	Acc@1 100.00 (100.00)	Acc@5 100.00 (100.00)
21-Jan-26 16:54:13 - Epoch: [35][ 699/1176]	Time  0.174 ( 0.180)	Data  0.000 ( 0.001)	Loss 0.0000e+00 (0.0000e+00)	Acc@1 100.00 (100.00)	Acc@5 100.00 (100.00)
21-Jan-26 16:54:31 - Epoch: [35][ 799/1176]	Time  0.179 ( 0.180)	Data  0.000 ( 0.000)	Loss 0.0000e+00 (0.0000e+00)	Acc@1 100.00 (100.00)	Acc@5 100.00 (100.00)
21-Jan-26 16:54:49 - Epoch: [35][ 899/1176]	Time  0.176 ( 0.180)	Data  0.000 ( 0.000)	Loss 0.0000e+00 (0.0000e+00)	Acc@1 100.00 (100.00)	Acc@5 100.00 (100.00)
21-Jan-26 16:55:07 - Epoch: [35][ 999/1176]	Time  0.177 ( 0.180)	Data  0.000 ( 0.000)	Loss 0.0000e+00 (0.0000e+00)	Acc@1 100.00 (100.00)	Acc@5 100.00 (100.00)
21-Jan-26 16:55:25 - Epoch: [35][1099/1176]	Time  0.177 ( 0.180)	Data  0.000 ( 0.000)	Loss 0.0000e+00 (0.0000e+00)	Acc@1 100.00 (100.00)	Acc@5 100.00 (100.00)
21-Jan-26 16:55:38 -  @Training * Acc@1 100.000 Acc@5 100.000 Loss 0.000
21-Jan-26 16:55:38 - One training epoch latency: 211.3s | Avg Power: 241.3W | Energy: 50984.3585J
21-Jan-26 16:55:52 -  @Testing * Acc@1 95.486 Acc@5 99.306 Loss 2.204
21-Jan-26 16:55:52 - Best acc at epoch 35: 95.48611450195312
21-Jan-26 16:55:52 - Last learning rate: [1.5625e-05]
21-Jan-26 16:55:52 - 	 Epoch 36...
21-Jan-26 16:56:10 - Epoch: [36][  99/1176]	Time  0.180 ( 0.182)	Data  0.000 ( 0.002)	Loss 0.0000e+00 (0.0000e+00)	Acc@1 100.00 (100.00)	Acc@5 100.00 (100.00)
21-Jan-26 16:56:28 - Epoch: [36][ 199/1176]	Time  0.177 ( 0.181)	Data  0.000 ( 0.001)	Loss 0.0000e+00 (0.0000e+00)	Acc@1 100.00 (100.00)	Acc@5 100.00 (100.00)
21-Jan-26 16:56:46 - Epoch: [36][ 299/1176]	Time  0.179 ( 0.181)	Data  0.000 ( 0.001)	Loss 0.0000e+00 (0.0000e+00)	Acc@1 100.00 (100.00)	Acc@5 100.00 (100.00)
21-Jan-26 16:57:04 - Epoch: [36][ 399/1176]	Time  0.180 ( 0.180)	Data  0.000 ( 0.001)	Loss 0.0000e+00 (0.0000e+00)	Acc@1 100.00 (100.00)	Acc@5 100.00 (100.00)
21-Jan-26 16:57:22 - Epoch: [36][ 499/1176]	Time  0.195 ( 0.180)	Data  0.000 ( 0.001)	Loss 0.0000e+00 (0.0000e+00)	Acc@1 100.00 (100.00)	Acc@5 100.00 (100.00)
21-Jan-26 16:57:40 - Epoch: [36][ 599/1176]	Time  0.188 ( 0.180)	Data  0.000 ( 0.001)	Loss 0.0000e+00 (0.0000e+00)	Acc@1 100.00 (100.00)	Acc@5 100.00 (100.00)
21-Jan-26 16:57:58 - Epoch: [36][ 699/1176]	Time  0.179 ( 0.180)	Data  0.000 ( 0.001)	Loss 0.0000e+00 (0.0000e+00)	Acc@1 100.00 (100.00)	Acc@5 100.00 (100.00)
21-Jan-26 16:58:16 - Epoch: [36][ 799/1176]	Time  0.185 ( 0.180)	Data  0.000 ( 0.000)	Loss 0.0000e+00 (0.0000e+00)	Acc@1 100.00 (100.00)	Acc@5 100.00 (100.00)
21-Jan-26 16:58:34 - Epoch: [36][ 899/1176]	Time  0.177 ( 0.180)	Data  0.000 ( 0.000)	Loss 0.0000e+00 (0.0000e+00)	Acc@1 100.00 (100.00)	Acc@5 100.00 (100.00)
21-Jan-26 16:58:52 - Epoch: [36][ 999/1176]	Time  0.177 ( 0.180)	Data  0.000 ( 0.000)	Loss 0.0000e+00 (0.0000e+00)	Acc@1 100.00 (100.00)	Acc@5 100.00 (100.00)
21-Jan-26 16:59:10 - Epoch: [36][1099/1176]	Time  0.174 ( 0.180)	Data  0.000 ( 0.000)	Loss 0.0000e+00 (0.0000e+00)	Acc@1 100.00 (100.00)	Acc@5 100.00 (100.00)
21-Jan-26 16:59:23 -  @Training * Acc@1 100.000 Acc@5 100.000 Loss 0.000
21-Jan-26 16:59:24 - One training epoch latency: 211.5s | Avg Power: 241.7W | Energy: 51116.0007J
21-Jan-26 16:59:37 -  @Testing * Acc@1 94.444 Acc@5 99.306 Loss 2.686
21-Jan-26 16:59:37 - Best acc at epoch 36: 95.48611450195312
21-Jan-26 16:59:37 - Last learning rate: [1.5625e-05]
21-Jan-26 16:59:37 - 	 Epoch 37...
21-Jan-26 16:59:56 - Epoch: [37][  99/1176]	Time  0.180 ( 0.181)	Data  0.000 ( 0.002)	Loss 0.0000e+00 (0.0000e+00)	Acc@1 100.00 (100.00)	Acc@5 100.00 (100.00)
21-Jan-26 17:00:14 - Epoch: [37][ 199/1176]	Time  0.179 ( 0.180)	Data  0.000 ( 0.001)	Loss 0.0000e+00 (0.0000e+00)	Acc@1 100.00 (100.00)	Acc@5 100.00 (100.00)
21-Jan-26 17:00:31 - Epoch: [37][ 299/1176]	Time  0.177 ( 0.180)	Data  0.000 ( 0.001)	Loss 0.0000e+00 (0.0000e+00)	Acc@1 100.00 (100.00)	Acc@5 100.00 (100.00)
21-Jan-26 17:00:49 - Epoch: [37][ 399/1176]	Time  0.179 ( 0.180)	Data  0.000 ( 0.001)	Loss 0.0000e+00 (0.0000e+00)	Acc@1 100.00 (100.00)	Acc@5 100.00 (100.00)
21-Jan-26 17:01:07 - Epoch: [37][ 499/1176]	Time  0.179 ( 0.180)	Data  0.000 ( 0.001)	Loss 0.0000e+00 (5.2170e-03)	Acc@1 100.00 ( 99.80)	Acc@5 100.00 (100.00)
21-Jan-26 17:01:25 - Epoch: [37][ 599/1176]	Time  0.177 ( 0.180)	Data  0.000 ( 0.000)	Loss 0.0000e+00 (4.3475e-03)	Acc@1 100.00 ( 99.83)	Acc@5 100.00 (100.00)
21-Jan-26 17:01:43 - Epoch: [37][ 699/1176]	Time  0.176 ( 0.180)	Data  0.000 ( 0.000)	Loss 0.0000e+00 (3.7264e-03)	Acc@1 100.00 ( 99.86)	Acc@5 100.00 (100.00)
21-Jan-26 17:02:01 - Epoch: [37][ 799/1176]	Time  0.182 ( 0.180)	Data  0.000 ( 0.000)	Loss 0.0000e+00 (3.2606e-03)	Acc@1 100.00 ( 99.88)	Acc@5 100.00 (100.00)
21-Jan-26 17:02:19 - Epoch: [37][ 899/1176]	Time  0.176 ( 0.180)	Data  0.000 ( 0.000)	Loss 0.0000e+00 (2.8983e-03)	Acc@1 100.00 ( 99.89)	Acc@5 100.00 (100.00)
21-Jan-26 17:02:37 - Epoch: [37][ 999/1176]	Time  0.180 ( 0.180)	Data  0.000 ( 0.000)	Loss 0.0000e+00 (2.6085e-03)	Acc@1 100.00 ( 99.90)	Acc@5 100.00 (100.00)
21-Jan-26 17:02:55 - Epoch: [37][1099/1176]	Time  0.176 ( 0.179)	Data  0.000 ( 0.000)	Loss 0.0000e+00 (2.3714e-03)	Acc@1 100.00 ( 99.91)	Acc@5 100.00 (100.00)
21-Jan-26 17:03:08 -  @Training * Acc@1 99.915 Acc@5 100.000 Loss 0.002
21-Jan-26 17:03:09 - One training epoch latency: 211.0s | Avg Power: 241.6W | Energy: 50979.9259J
21-Jan-26 17:03:22 -  @Testing * Acc@1 95.139 Acc@5 99.306 Loss 2.208
21-Jan-26 17:03:22 - Best acc at epoch 37: 95.48611450195312
21-Jan-26 17:03:22 - Last learning rate: [1.5625e-05]
21-Jan-26 17:03:22 - 	 Epoch 38...
21-Jan-26 17:03:41 - Epoch: [38][  99/1176]	Time  0.180 ( 0.182)	Data  0.000 ( 0.002)	Loss 0.0000e+00 (0.0000e+00)	Acc@1 100.00 (100.00)	Acc@5 100.00 (100.00)
21-Jan-26 17:03:59 - Epoch: [38][ 199/1176]	Time  0.174 ( 0.181)	Data  0.000 ( 0.001)	Loss 0.0000e+00 (0.0000e+00)	Acc@1 100.00 (100.00)	Acc@5 100.00 (100.00)
21-Jan-26 17:04:17 - Epoch: [38][ 299/1176]	Time  0.177 ( 0.181)	Data  0.000 ( 0.001)	Loss 0.0000e+00 (0.0000e+00)	Acc@1 100.00 (100.00)	Acc@5 100.00 (100.00)
21-Jan-26 17:04:35 - Epoch: [38][ 399/1176]	Time  0.176 ( 0.181)	Data  0.000 ( 0.001)	Loss 0.0000e+00 (0.0000e+00)	Acc@1 100.00 (100.00)	Acc@5 100.00 (100.00)
21-Jan-26 17:04:52 - Epoch: [38][ 499/1176]	Time  0.179 ( 0.180)	Data  0.000 ( 0.001)	Loss 0.0000e+00 (0.0000e+00)	Acc@1 100.00 (100.00)	Acc@5 100.00 (100.00)
21-Jan-26 17:05:10 - Epoch: [38][ 599/1176]	Time  0.180 ( 0.180)	Data  0.000 ( 0.001)	Loss 0.0000e+00 (0.0000e+00)	Acc@1 100.00 (100.00)	Acc@5 100.00 (100.00)
21-Jan-26 17:05:28 - Epoch: [38][ 699/1176]	Time  0.177 ( 0.180)	Data  0.000 ( 0.000)	Loss 0.0000e+00 (0.0000e+00)	Acc@1 100.00 (100.00)	Acc@5 100.00 (100.00)
21-Jan-26 17:05:46 - Epoch: [38][ 799/1176]	Time  0.179 ( 0.180)	Data  0.000 ( 0.000)	Loss 0.0000e+00 (0.0000e+00)	Acc@1 100.00 (100.00)	Acc@5 100.00 (100.00)
21-Jan-26 17:06:04 - Epoch: [38][ 899/1176]	Time  0.177 ( 0.180)	Data  0.000 ( 0.000)	Loss 0.0000e+00 (0.0000e+00)	Acc@1 100.00 (100.00)	Acc@5 100.00 (100.00)
21-Jan-26 17:06:22 - Epoch: [38][ 999/1176]	Time  0.176 ( 0.180)	Data  0.000 ( 0.000)	Loss 0.0000e+00 (0.0000e+00)	Acc@1 100.00 (100.00)	Acc@5 100.00 (100.00)
21-Jan-26 17:06:40 - Epoch: [38][1099/1176]	Time  0.195 ( 0.180)	Data  0.000 ( 0.000)	Loss 0.0000e+00 (0.0000e+00)	Acc@1 100.00 (100.00)	Acc@5 100.00 (100.00)
21-Jan-26 17:06:54 -  @Training * Acc@1 100.000 Acc@5 100.000 Loss 0.000
21-Jan-26 17:06:54 - One training epoch latency: 211.5s | Avg Power: 241.2W | Energy: 51001.6918J
21-Jan-26 17:07:08 -  @Testing * Acc@1 94.444 Acc@5 99.653 Loss 2.414
21-Jan-26 17:07:08 - Best acc at epoch 38: 95.48611450195312
21-Jan-26 17:07:08 - Last learning rate: [1.5625e-05]
21-Jan-26 17:07:08 - 	 Epoch 39...
21-Jan-26 17:07:26 - Epoch: [39][  99/1176]	Time  0.177 ( 0.181)	Data  0.000 ( 0.002)	Loss 0.0000e+00 (0.0000e+00)	Acc@1 100.00 (100.00)	Acc@5 100.00 (100.00)
21-Jan-26 17:07:44 - Epoch: [39][ 199/1176]	Time  0.179 ( 0.181)	Data  0.000 ( 0.001)	Loss 0.0000e+00 (0.0000e+00)	Acc@1 100.00 (100.00)	Acc@5 100.00 (100.00)
21-Jan-26 17:08:02 - Epoch: [39][ 299/1176]	Time  0.179 ( 0.181)	Data  0.000 ( 0.001)	Loss 0.0000e+00 (0.0000e+00)	Acc@1 100.00 (100.00)	Acc@5 100.00 (100.00)
21-Jan-26 17:08:20 - Epoch: [39][ 399/1176]	Time  0.177 ( 0.180)	Data  0.000 ( 0.001)	Loss 0.0000e+00 (0.0000e+00)	Acc@1 100.00 (100.00)	Acc@5 100.00 (100.00)
21-Jan-26 17:08:38 - Epoch: [39][ 499/1176]	Time  0.177 ( 0.180)	Data  0.000 ( 0.001)	Loss 0.0000e+00 (0.0000e+00)	Acc@1 100.00 (100.00)	Acc@5 100.00 (100.00)
21-Jan-26 17:08:56 - Epoch: [39][ 599/1176]	Time  0.177 ( 0.180)	Data  0.000 ( 0.000)	Loss 0.0000e+00 (0.0000e+00)	Acc@1 100.00 (100.00)	Acc@5 100.00 (100.00)
21-Jan-26 17:09:14 - Epoch: [39][ 699/1176]	Time  0.174 ( 0.180)	Data  0.000 ( 0.000)	Loss 0.0000e+00 (0.0000e+00)	Acc@1 100.00 (100.00)	Acc@5 100.00 (100.00)
21-Jan-26 17:09:31 - Epoch: [39][ 799/1176]	Time  0.174 ( 0.180)	Data  0.000 ( 0.000)	Loss 0.0000e+00 (0.0000e+00)	Acc@1 100.00 (100.00)	Acc@5 100.00 (100.00)
21-Jan-26 17:09:49 - Epoch: [39][ 899/1176]	Time  0.176 ( 0.180)	Data  0.000 ( 0.000)	Loss 0.0000e+00 (0.0000e+00)	Acc@1 100.00 (100.00)	Acc@5 100.00 (100.00)
21-Jan-26 17:10:07 - Epoch: [39][ 999/1176]	Time  0.177 ( 0.180)	Data  0.000 ( 0.000)	Loss 0.0000e+00 (0.0000e+00)	Acc@1 100.00 (100.00)	Acc@5 100.00 (100.00)
21-Jan-26 17:10:25 - Epoch: [39][1099/1176]	Time  0.187 ( 0.180)	Data  0.000 ( 0.000)	Loss 0.0000e+00 (0.0000e+00)	Acc@1 100.00 (100.00)	Acc@5 100.00 (100.00)
21-Jan-26 17:10:39 -  @Training * Acc@1 100.000 Acc@5 100.000 Loss 0.000
21-Jan-26 17:10:39 - One training epoch latency: 211.2s | Avg Power: 242.0W | Energy: 51110.5111J
21-Jan-26 17:10:53 -  @Testing * Acc@1 94.792 Acc@5 99.306 Loss 2.311
21-Jan-26 17:10:53 - Best acc at epoch 39: 95.48611450195312
21-Jan-26 17:10:53 - Last learning rate: [7.8125e-06]
21-Jan-26 17:10:53 - 	 Epoch 40...
21-Jan-26 17:11:11 - Epoch: [40][  99/1176]	Time  0.177 ( 0.183)	Data  0.000 ( 0.002)	Loss 0.0000e+00 (0.0000e+00)	Acc@1 100.00 (100.00)	Acc@5 100.00 (100.00)
21-Jan-26 17:11:29 - Epoch: [40][ 199/1176]	Time  0.179 ( 0.181)	Data  0.000 ( 0.001)	Loss 0.0000e+00 (0.0000e+00)	Acc@1 100.00 (100.00)	Acc@5 100.00 (100.00)
21-Jan-26 17:11:47 - Epoch: [40][ 299/1176]	Time  0.180 ( 0.181)	Data  0.000 ( 0.001)	Loss 0.0000e+00 (0.0000e+00)	Acc@1 100.00 (100.00)	Acc@5 100.00 (100.00)
21-Jan-26 17:12:05 - Epoch: [40][ 399/1176]	Time  0.180 ( 0.181)	Data  0.000 ( 0.001)	Loss 0.0000e+00 (0.0000e+00)	Acc@1 100.00 (100.00)	Acc@5 100.00 (100.00)
21-Jan-26 17:12:23 - Epoch: [40][ 499/1176]	Time  0.177 ( 0.180)	Data  0.000 ( 0.001)	Loss 0.0000e+00 (0.0000e+00)	Acc@1 100.00 (100.00)	Acc@5 100.00 (100.00)
21-Jan-26 17:12:41 - Epoch: [40][ 599/1176]	Time  0.180 ( 0.180)	Data  0.000 ( 0.001)	Loss 0.0000e+00 (0.0000e+00)	Acc@1 100.00 (100.00)	Acc@5 100.00 (100.00)
21-Jan-26 17:12:59 - Epoch: [40][ 699/1176]	Time  0.176 ( 0.180)	Data  0.000 ( 0.000)	Loss 0.0000e+00 (0.0000e+00)	Acc@1 100.00 (100.00)	Acc@5 100.00 (100.00)
21-Jan-26 17:13:17 - Epoch: [40][ 799/1176]	Time  0.176 ( 0.180)	Data  0.000 ( 0.000)	Loss 0.0000e+00 (0.0000e+00)	Acc@1 100.00 (100.00)	Acc@5 100.00 (100.00)
21-Jan-26 17:13:35 - Epoch: [40][ 899/1176]	Time  0.179 ( 0.180)	Data  0.000 ( 0.000)	Loss 0.0000e+00 (0.0000e+00)	Acc@1 100.00 (100.00)	Acc@5 100.00 (100.00)
21-Jan-26 17:13:52 - Epoch: [40][ 999/1176]	Time  0.174 ( 0.180)	Data  0.000 ( 0.000)	Loss 0.0000e+00 (0.0000e+00)	Acc@1 100.00 (100.00)	Acc@5 100.00 (100.00)
21-Jan-26 17:14:10 - Epoch: [40][1099/1176]	Time  0.177 ( 0.180)	Data  0.000 ( 0.000)	Loss 0.0000e+00 (0.0000e+00)	Acc@1 100.00 (100.00)	Acc@5 100.00 (100.00)
21-Jan-26 17:14:24 -  @Training * Acc@1 100.000 Acc@5 100.000 Loss 0.000
21-Jan-26 17:14:24 - One training epoch latency: 211.4s | Avg Power: 242.0W | Energy: 51146.6070J
21-Jan-26 17:14:38 -  @Testing * Acc@1 94.444 Acc@5 99.653 Loss 2.260
21-Jan-26 17:14:38 - Best acc at epoch 40: 95.48611450195312
21-Jan-26 17:14:38 - Last learning rate: [7.8125e-06]
21-Jan-26 17:14:38 - 	 Epoch 41...
21-Jan-26 17:14:56 - Epoch: [41][  99/1176]	Time  0.177 ( 0.182)	Data  0.000 ( 0.002)	Loss 0.0000e+00 (0.0000e+00)	Acc@1 100.00 (100.00)	Acc@5 100.00 (100.00)
21-Jan-26 17:15:14 - Epoch: [41][ 199/1176]	Time  0.176 ( 0.181)	Data  0.000 ( 0.001)	Loss 0.0000e+00 (0.0000e+00)	Acc@1 100.00 (100.00)	Acc@5 100.00 (100.00)
21-Jan-26 17:15:32 - Epoch: [41][ 299/1176]	Time  0.177 ( 0.181)	Data  0.000 ( 0.001)	Loss 0.0000e+00 (0.0000e+00)	Acc@1 100.00 (100.00)	Acc@5 100.00 (100.00)
21-Jan-26 17:15:50 - Epoch: [41][ 399/1176]	Time  0.180 ( 0.180)	Data  0.000 ( 0.001)	Loss 0.0000e+00 (0.0000e+00)	Acc@1 100.00 (100.00)	Acc@5 100.00 (100.00)
21-Jan-26 17:16:08 - Epoch: [41][ 499/1176]	Time  0.179 ( 0.180)	Data  0.000 ( 0.001)	Loss 0.0000e+00 (0.0000e+00)	Acc@1 100.00 (100.00)	Acc@5 100.00 (100.00)
21-Jan-26 17:16:26 - Epoch: [41][ 599/1176]	Time  0.179 ( 0.180)	Data  0.000 ( 0.001)	Loss 0.0000e+00 (0.0000e+00)	Acc@1 100.00 (100.00)	Acc@5 100.00 (100.00)
21-Jan-26 17:16:44 - Epoch: [41][ 699/1176]	Time  0.179 ( 0.180)	Data  0.000 ( 0.000)	Loss 0.0000e+00 (0.0000e+00)	Acc@1 100.00 (100.00)	Acc@5 100.00 (100.00)
21-Jan-26 17:17:02 - Epoch: [41][ 799/1176]	Time  0.176 ( 0.180)	Data  0.000 ( 0.000)	Loss 0.0000e+00 (0.0000e+00)	Acc@1 100.00 (100.00)	Acc@5 100.00 (100.00)
21-Jan-26 17:17:19 - Epoch: [41][ 899/1176]	Time  0.177 ( 0.180)	Data  0.000 ( 0.000)	Loss 0.0000e+00 (0.0000e+00)	Acc@1 100.00 (100.00)	Acc@5 100.00 (100.00)
21-Jan-26 17:17:37 - Epoch: [41][ 999/1176]	Time  0.177 ( 0.180)	Data  0.000 ( 0.000)	Loss 0.0000e+00 (0.0000e+00)	Acc@1 100.00 (100.00)	Acc@5 100.00 (100.00)
21-Jan-26 17:17:55 - Epoch: [41][1099/1176]	Time  0.176 ( 0.180)	Data  0.000 ( 0.000)	Loss 0.0000e+00 (0.0000e+00)	Acc@1 100.00 (100.00)	Acc@5 100.00 (100.00)
21-Jan-26 17:18:09 -  @Training * Acc@1 100.000 Acc@5 100.000 Loss 0.000
21-Jan-26 17:18:09 - One training epoch latency: 211.3s | Avg Power: 240.8W | Energy: 50865.2072J
21-Jan-26 17:18:23 -  @Testing * Acc@1 95.139 Acc@5 99.306 Loss 2.327
21-Jan-26 17:18:23 - Best acc at epoch 41: 95.48611450195312
21-Jan-26 17:18:23 - Last learning rate: [7.8125e-06]
21-Jan-26 17:18:23 - 	 Epoch 42...
21-Jan-26 17:18:41 - Epoch: [42][  99/1176]	Time  0.177 ( 0.182)	Data  0.000 ( 0.002)	Loss 0.0000e+00 (0.0000e+00)	Acc@1 100.00 (100.00)	Acc@5 100.00 (100.00)
21-Jan-26 17:18:59 - Epoch: [42][ 199/1176]	Time  0.177 ( 0.181)	Data  0.000 ( 0.001)	Loss 0.0000e+00 (0.0000e+00)	Acc@1 100.00 (100.00)	Acc@5 100.00 (100.00)
21-Jan-26 17:19:17 - Epoch: [42][ 299/1176]	Time  0.177 ( 0.181)	Data  0.000 ( 0.001)	Loss 0.0000e+00 (0.0000e+00)	Acc@1 100.00 (100.00)	Acc@5 100.00 (100.00)
21-Jan-26 17:19:35 - Epoch: [42][ 399/1176]	Time  0.179 ( 0.180)	Data  0.000 ( 0.001)	Loss 0.0000e+00 (0.0000e+00)	Acc@1 100.00 (100.00)	Acc@5 100.00 (100.00)
21-Jan-26 17:19:53 - Epoch: [42][ 499/1176]	Time  0.180 ( 0.180)	Data  0.000 ( 0.001)	Loss 0.0000e+00 (0.0000e+00)	Acc@1 100.00 (100.00)	Acc@5 100.00 (100.00)
21-Jan-26 17:20:11 - Epoch: [42][ 599/1176]	Time  0.177 ( 0.180)	Data  0.000 ( 0.000)	Loss 0.0000e+00 (0.0000e+00)	Acc@1 100.00 (100.00)	Acc@5 100.00 (100.00)
21-Jan-26 17:20:28 - Epoch: [42][ 699/1176]	Time  0.174 ( 0.180)	Data  0.000 ( 0.000)	Loss 0.0000e+00 (0.0000e+00)	Acc@1 100.00 (100.00)	Acc@5 100.00 (100.00)
21-Jan-26 17:20:46 - Epoch: [42][ 799/1176]	Time  0.177 ( 0.180)	Data  0.000 ( 0.000)	Loss 0.0000e+00 (0.0000e+00)	Acc@1 100.00 (100.00)	Acc@5 100.00 (100.00)
21-Jan-26 17:21:04 - Epoch: [42][ 899/1176]	Time  0.180 ( 0.180)	Data  0.000 ( 0.000)	Loss 0.0000e+00 (0.0000e+00)	Acc@1 100.00 (100.00)	Acc@5 100.00 (100.00)
21-Jan-26 17:21:22 - Epoch: [42][ 999/1176]	Time  0.184 ( 0.180)	Data  0.000 ( 0.000)	Loss 0.0000e+00 (0.0000e+00)	Acc@1 100.00 (100.00)	Acc@5 100.00 (100.00)
21-Jan-26 17:21:40 - Epoch: [42][1099/1176]	Time  0.176 ( 0.179)	Data  0.000 ( 0.000)	Loss 0.0000e+00 (0.0000e+00)	Acc@1 100.00 (100.00)	Acc@5 100.00 (100.00)
21-Jan-26 17:21:54 -  @Training * Acc@1 100.000 Acc@5 100.000 Loss 0.000
21-Jan-26 17:21:54 - One training epoch latency: 211.0s | Avg Power: 241.8W | Energy: 51024.4016J
21-Jan-26 17:22:07 -  @Testing * Acc@1 95.139 Acc@5 99.306 Loss 2.378
21-Jan-26 17:22:07 - Best acc at epoch 42: 95.48611450195312
21-Jan-26 17:22:07 - Last learning rate: [7.8125e-06]
21-Jan-26 17:22:07 - 	 Epoch 43...
21-Jan-26 17:22:26 - Epoch: [43][  99/1176]	Time  0.177 ( 0.182)	Data  0.000 ( 0.002)	Loss 0.0000e+00 (0.0000e+00)	Acc@1 100.00 (100.00)	Acc@5 100.00 (100.00)
21-Jan-26 17:22:43 - Epoch: [43][ 199/1176]	Time  0.177 ( 0.181)	Data  0.000 ( 0.001)	Loss 0.0000e+00 (0.0000e+00)	Acc@1 100.00 (100.00)	Acc@5 100.00 (100.00)
21-Jan-26 17:23:01 - Epoch: [43][ 299/1176]	Time  0.179 ( 0.180)	Data  0.000 ( 0.001)	Loss 0.0000e+00 (0.0000e+00)	Acc@1 100.00 (100.00)	Acc@5 100.00 (100.00)
21-Jan-26 17:23:19 - Epoch: [43][ 399/1176]	Time  0.180 ( 0.180)	Data  0.000 ( 0.001)	Loss 0.0000e+00 (0.0000e+00)	Acc@1 100.00 (100.00)	Acc@5 100.00 (100.00)
21-Jan-26 17:23:37 - Epoch: [43][ 499/1176]	Time  0.177 ( 0.180)	Data  0.000 ( 0.001)	Loss 0.0000e+00 (0.0000e+00)	Acc@1 100.00 (100.00)	Acc@5 100.00 (100.00)
21-Jan-26 17:23:55 - Epoch: [43][ 599/1176]	Time  0.176 ( 0.180)	Data  0.000 ( 0.001)	Loss 0.0000e+00 (0.0000e+00)	Acc@1 100.00 (100.00)	Acc@5 100.00 (100.00)
21-Jan-26 17:24:13 - Epoch: [43][ 699/1176]	Time  0.177 ( 0.180)	Data  0.000 ( 0.000)	Loss 0.0000e+00 (0.0000e+00)	Acc@1 100.00 (100.00)	Acc@5 100.00 (100.00)
21-Jan-26 17:24:31 - Epoch: [43][ 799/1176]	Time  0.177 ( 0.180)	Data  0.000 ( 0.000)	Loss 0.0000e+00 (0.0000e+00)	Acc@1 100.00 (100.00)	Acc@5 100.00 (100.00)
21-Jan-26 17:24:49 - Epoch: [43][ 899/1176]	Time  0.201 ( 0.180)	Data  0.011 ( 0.000)	Loss 0.0000e+00 (0.0000e+00)	Acc@1 100.00 (100.00)	Acc@5 100.00 (100.00)
21-Jan-26 17:25:07 - Epoch: [43][ 999/1176]	Time  0.183 ( 0.180)	Data  0.000 ( 0.000)	Loss 0.0000e+00 (0.0000e+00)	Acc@1 100.00 (100.00)	Acc@5 100.00 (100.00)
21-Jan-26 17:25:25 - Epoch: [43][1099/1176]	Time  0.176 ( 0.180)	Data  0.000 ( 0.000)	Loss 0.0000e+00 (0.0000e+00)	Acc@1 100.00 (100.00)	Acc@5 100.00 (100.00)
21-Jan-26 17:25:39 -  @Training * Acc@1 100.000 Acc@5 100.000 Loss 0.000
21-Jan-26 17:25:39 - One training epoch latency: 211.3s | Avg Power: 242.6W | Energy: 51266.6899J
21-Jan-26 17:25:52 -  @Testing * Acc@1 95.139 Acc@5 99.306 Loss 2.344
21-Jan-26 17:25:52 - Best acc at epoch 43: 95.48611450195312
21-Jan-26 17:25:52 - Last learning rate: [7.8125e-06]
21-Jan-26 17:25:52 - 	 Epoch 44...
21-Jan-26 17:26:11 - Epoch: [44][  99/1176]	Time  0.180 ( 0.182)	Data  0.000 ( 0.002)	Loss 0.0000e+00 (0.0000e+00)	Acc@1 100.00 (100.00)	Acc@5 100.00 (100.00)
21-Jan-26 17:26:29 - Epoch: [44][ 199/1176]	Time  0.177 ( 0.181)	Data  0.000 ( 0.001)	Loss 0.0000e+00 (0.0000e+00)	Acc@1 100.00 (100.00)	Acc@5 100.00 (100.00)
21-Jan-26 17:26:47 - Epoch: [44][ 299/1176]	Time  0.174 ( 0.181)	Data  0.000 ( 0.001)	Loss 0.0000e+00 (0.0000e+00)	Acc@1 100.00 (100.00)	Acc@5 100.00 (100.00)
21-Jan-26 17:27:05 - Epoch: [44][ 399/1176]	Time  0.177 ( 0.180)	Data  0.000 ( 0.001)	Loss 0.0000e+00 (0.0000e+00)	Acc@1 100.00 (100.00)	Acc@5 100.00 (100.00)
21-Jan-26 17:27:22 - Epoch: [44][ 499/1176]	Time  0.180 ( 0.180)	Data  0.000 ( 0.001)	Loss 0.0000e+00 (0.0000e+00)	Acc@1 100.00 (100.00)	Acc@5 100.00 (100.00)
21-Jan-26 17:27:40 - Epoch: [44][ 599/1176]	Time  0.176 ( 0.180)	Data  0.000 ( 0.001)	Loss 0.0000e+00 (0.0000e+00)	Acc@1 100.00 (100.00)	Acc@5 100.00 (100.00)
21-Jan-26 17:27:58 - Epoch: [44][ 699/1176]	Time  0.177 ( 0.180)	Data  0.000 ( 0.000)	Loss 0.0000e+00 (0.0000e+00)	Acc@1 100.00 (100.00)	Acc@5 100.00 (100.00)
21-Jan-26 17:28:16 - Epoch: [44][ 799/1176]	Time  0.176 ( 0.180)	Data  0.000 ( 0.000)	Loss 0.0000e+00 (0.0000e+00)	Acc@1 100.00 (100.00)	Acc@5 100.00 (100.00)
21-Jan-26 17:28:34 - Epoch: [44][ 899/1176]	Time  0.201 ( 0.180)	Data  0.000 ( 0.000)	Loss 0.0000e+00 (0.0000e+00)	Acc@1 100.00 (100.00)	Acc@5 100.00 (100.00)
21-Jan-26 17:28:52 - Epoch: [44][ 999/1176]	Time  0.182 ( 0.180)	Data  0.000 ( 0.000)	Loss 0.0000e+00 (0.0000e+00)	Acc@1 100.00 (100.00)	Acc@5 100.00 (100.00)
21-Jan-26 17:29:10 - Epoch: [44][1099/1176]	Time  0.177 ( 0.180)	Data  0.000 ( 0.000)	Loss 0.0000e+00 (0.0000e+00)	Acc@1 100.00 (100.00)	Acc@5 100.00 (100.00)
21-Jan-26 17:29:24 -  @Training * Acc@1 100.000 Acc@5 100.000 Loss 0.000
21-Jan-26 17:29:24 - One training epoch latency: 211.3s | Avg Power: 241.1W | Energy: 50944.1001J
21-Jan-26 17:29:37 -  @Testing * Acc@1 96.181 Acc@5 99.653 Loss 2.077
21-Jan-26 17:29:37 - Best acc at epoch 44: 96.18055725097656
21-Jan-26 17:29:38 - Last learning rate: [7.8125e-06]
21-Jan-26 17:29:38 - 	 Epoch 45...
21-Jan-26 17:29:56 - Epoch: [45][  99/1176]	Time  0.174 ( 0.182)	Data  0.000 ( 0.002)	Loss 0.0000e+00 (0.0000e+00)	Acc@1 100.00 (100.00)	Acc@5 100.00 (100.00)
21-Jan-26 17:30:14 - Epoch: [45][ 199/1176]	Time  0.179 ( 0.181)	Data  0.000 ( 0.001)	Loss 0.0000e+00 (0.0000e+00)	Acc@1 100.00 (100.00)	Acc@5 100.00 (100.00)
21-Jan-26 17:30:32 - Epoch: [45][ 299/1176]	Time  0.179 ( 0.181)	Data  0.000 ( 0.001)	Loss 0.0000e+00 (0.0000e+00)	Acc@1 100.00 (100.00)	Acc@5 100.00 (100.00)
21-Jan-26 17:30:50 - Epoch: [45][ 399/1176]	Time  0.177 ( 0.180)	Data  0.000 ( 0.001)	Loss 0.0000e+00 (0.0000e+00)	Acc@1 100.00 (100.00)	Acc@5 100.00 (100.00)
21-Jan-26 17:31:08 - Epoch: [45][ 499/1176]	Time  0.177 ( 0.180)	Data  0.000 ( 0.001)	Loss 0.0000e+00 (0.0000e+00)	Acc@1 100.00 (100.00)	Acc@5 100.00 (100.00)
21-Jan-26 17:31:26 - Epoch: [45][ 599/1176]	Time  0.177 ( 0.180)	Data  0.000 ( 0.000)	Loss 0.0000e+00 (0.0000e+00)	Acc@1 100.00 (100.00)	Acc@5 100.00 (100.00)
21-Jan-26 17:31:44 - Epoch: [45][ 699/1176]	Time  0.177 ( 0.180)	Data  0.000 ( 0.000)	Loss 0.0000e+00 (0.0000e+00)	Acc@1 100.00 (100.00)	Acc@5 100.00 (100.00)
21-Jan-26 17:32:01 - Epoch: [45][ 799/1176]	Time  0.177 ( 0.180)	Data  0.000 ( 0.000)	Loss 0.0000e+00 (0.0000e+00)	Acc@1 100.00 (100.00)	Acc@5 100.00 (100.00)
21-Jan-26 17:32:19 - Epoch: [45][ 899/1176]	Time  0.177 ( 0.180)	Data  0.000 ( 0.000)	Loss 0.0000e+00 (0.0000e+00)	Acc@1 100.00 (100.00)	Acc@5 100.00 (100.00)
21-Jan-26 17:32:37 - Epoch: [45][ 999/1176]	Time  0.177 ( 0.180)	Data  0.000 ( 0.000)	Loss 0.0000e+00 (0.0000e+00)	Acc@1 100.00 (100.00)	Acc@5 100.00 (100.00)
21-Jan-26 17:32:55 - Epoch: [45][1099/1176]	Time  0.201 ( 0.180)	Data  0.010 ( 0.000)	Loss 0.0000e+00 (0.0000e+00)	Acc@1 100.00 (100.00)	Acc@5 100.00 (100.00)
21-Jan-26 17:33:09 -  @Training * Acc@1 100.000 Acc@5 100.000 Loss 0.000
21-Jan-26 17:33:09 - One training epoch latency: 211.3s | Avg Power: 241.1W | Energy: 50942.6763J
21-Jan-26 17:33:23 -  @Testing * Acc@1 95.139 Acc@5 99.653 Loss 2.207
21-Jan-26 17:33:23 - Best acc at epoch 45: 96.18055725097656
21-Jan-26 17:33:23 - Last learning rate: [3.90625e-06]
21-Jan-26 17:33:23 - 	 Epoch 46...
21-Jan-26 17:33:41 - Epoch: [46][  99/1176]	Time  0.180 ( 0.182)	Data  0.000 ( 0.002)	Loss 0.0000e+00 (0.0000e+00)	Acc@1 100.00 (100.00)	Acc@5 100.00 (100.00)
21-Jan-26 17:33:59 - Epoch: [46][ 199/1176]	Time  0.180 ( 0.181)	Data  0.000 ( 0.001)	Loss 0.0000e+00 (0.0000e+00)	Acc@1 100.00 (100.00)	Acc@5 100.00 (100.00)
21-Jan-26 17:34:17 - Epoch: [46][ 299/1176]	Time  0.180 ( 0.181)	Data  0.000 ( 0.001)	Loss 0.0000e+00 (0.0000e+00)	Acc@1 100.00 (100.00)	Acc@5 100.00 (100.00)
21-Jan-26 17:34:35 - Epoch: [46][ 399/1176]	Time  0.174 ( 0.181)	Data  0.000 ( 0.001)	Loss 0.0000e+00 (0.0000e+00)	Acc@1 100.00 (100.00)	Acc@5 100.00 (100.00)
21-Jan-26 17:34:53 - Epoch: [46][ 499/1176]	Time  0.180 ( 0.180)	Data  0.000 ( 0.001)	Loss 0.0000e+00 (0.0000e+00)	Acc@1 100.00 (100.00)	Acc@5 100.00 (100.00)
21-Jan-26 17:35:11 - Epoch: [46][ 599/1176]	Time  0.177 ( 0.180)	Data  0.000 ( 0.001)	Loss 0.0000e+00 (0.0000e+00)	Acc@1 100.00 (100.00)	Acc@5 100.00 (100.00)
21-Jan-26 17:35:29 - Epoch: [46][ 699/1176]	Time  0.177 ( 0.180)	Data  0.000 ( 0.001)	Loss 0.0000e+00 (0.0000e+00)	Acc@1 100.00 (100.00)	Acc@5 100.00 (100.00)
21-Jan-26 17:35:47 - Epoch: [46][ 799/1176]	Time  0.177 ( 0.180)	Data  0.000 ( 0.000)	Loss 0.0000e+00 (0.0000e+00)	Acc@1 100.00 (100.00)	Acc@5 100.00 (100.00)
21-Jan-26 17:36:05 - Epoch: [46][ 899/1176]	Time  0.180 ( 0.180)	Data  0.000 ( 0.000)	Loss 0.0000e+00 (0.0000e+00)	Acc@1 100.00 (100.00)	Acc@5 100.00 (100.00)
21-Jan-26 17:36:22 - Epoch: [46][ 999/1176]	Time  0.177 ( 0.180)	Data  0.000 ( 0.000)	Loss 0.0000e+00 (0.0000e+00)	Acc@1 100.00 (100.00)	Acc@5 100.00 (100.00)
21-Jan-26 17:36:40 - Epoch: [46][1099/1176]	Time  0.177 ( 0.180)	Data  0.000 ( 0.000)	Loss 0.0000e+00 (0.0000e+00)	Acc@1 100.00 (100.00)	Acc@5 100.00 (100.00)
21-Jan-26 17:36:54 -  @Training * Acc@1 100.000 Acc@5 100.000 Loss 0.000
21-Jan-26 17:36:54 - One training epoch latency: 211.4s | Avg Power: 242.6W | Energy: 51283.1970J
21-Jan-26 17:37:08 -  @Testing * Acc@1 95.833 Acc@5 99.653 Loss 2.253
21-Jan-26 17:37:08 - Best acc at epoch 46: 96.18055725097656
21-Jan-26 17:37:08 - Last learning rate: [3.90625e-06]
21-Jan-26 17:37:08 - 	 Epoch 47...
21-Jan-26 17:37:26 - Epoch: [47][  99/1176]	Time  0.174 ( 0.182)	Data  0.000 ( 0.002)	Loss 0.0000e+00 (0.0000e+00)	Acc@1 100.00 (100.00)	Acc@5 100.00 (100.00)
21-Jan-26 17:37:44 - Epoch: [47][ 199/1176]	Time  0.177 ( 0.181)	Data  0.000 ( 0.001)	Loss 0.0000e+00 (0.0000e+00)	Acc@1 100.00 (100.00)	Acc@5 100.00 (100.00)
21-Jan-26 17:38:02 - Epoch: [47][ 299/1176]	Time  0.180 ( 0.181)	Data  0.000 ( 0.001)	Loss 0.0000e+00 (0.0000e+00)	Acc@1 100.00 (100.00)	Acc@5 100.00 (100.00)
21-Jan-26 17:38:20 - Epoch: [47][ 399/1176]	Time  0.180 ( 0.180)	Data  0.000 ( 0.001)	Loss 0.0000e+00 (0.0000e+00)	Acc@1 100.00 (100.00)	Acc@5 100.00 (100.00)
21-Jan-26 17:38:38 - Epoch: [47][ 499/1176]	Time  0.185 ( 0.180)	Data  0.000 ( 0.001)	Loss 0.0000e+00 (0.0000e+00)	Acc@1 100.00 (100.00)	Acc@5 100.00 (100.00)
21-Jan-26 17:38:56 - Epoch: [47][ 599/1176]	Time  0.177 ( 0.180)	Data  0.000 ( 0.001)	Loss 0.0000e+00 (0.0000e+00)	Acc@1 100.00 (100.00)	Acc@5 100.00 (100.00)
21-Jan-26 17:39:14 - Epoch: [47][ 699/1176]	Time  0.174 ( 0.180)	Data  0.000 ( 0.000)	Loss 0.0000e+00 (0.0000e+00)	Acc@1 100.00 (100.00)	Acc@5 100.00 (100.00)
21-Jan-26 17:39:32 - Epoch: [47][ 799/1176]	Time  0.177 ( 0.180)	Data  0.000 ( 0.000)	Loss 0.0000e+00 (0.0000e+00)	Acc@1 100.00 (100.00)	Acc@5 100.00 (100.00)
21-Jan-26 17:39:50 - Epoch: [47][ 899/1176]	Time  0.179 ( 0.180)	Data  0.000 ( 0.000)	Loss 0.0000e+00 (0.0000e+00)	Acc@1 100.00 (100.00)	Acc@5 100.00 (100.00)
21-Jan-26 17:40:08 - Epoch: [47][ 999/1176]	Time  0.178 ( 0.180)	Data  0.000 ( 0.000)	Loss 0.0000e+00 (0.0000e+00)	Acc@1 100.00 (100.00)	Acc@5 100.00 (100.00)
21-Jan-26 17:40:26 - Epoch: [47][1099/1176]	Time  0.177 ( 0.180)	Data  0.000 ( 0.000)	Loss 0.0000e+00 (0.0000e+00)	Acc@1 100.00 (100.00)	Acc@5 100.00 (100.00)
21-Jan-26 17:40:39 -  @Training * Acc@1 100.000 Acc@5 100.000 Loss 0.000
21-Jan-26 17:40:39 - One training epoch latency: 211.1s | Avg Power: 241.1W | Energy: 50897.5823J
21-Jan-26 17:40:53 -  @Testing * Acc@1 95.139 Acc@5 99.653 Loss 2.404
21-Jan-26 17:40:53 - Best acc at epoch 47: 96.18055725097656
21-Jan-26 17:40:53 - Last learning rate: [3.90625e-06]
21-Jan-26 17:40:53 - 	 Epoch 48...
21-Jan-26 17:41:11 - Epoch: [48][  99/1176]	Time  0.179 ( 0.182)	Data  0.000 ( 0.002)	Loss 0.0000e+00 (0.0000e+00)	Acc@1 100.00 (100.00)	Acc@5 100.00 (100.00)
21-Jan-26 17:41:29 - Epoch: [48][ 199/1176]	Time  0.177 ( 0.181)	Data  0.000 ( 0.001)	Loss 0.0000e+00 (0.0000e+00)	Acc@1 100.00 (100.00)	Acc@5 100.00 (100.00)
21-Jan-26 17:41:47 - Epoch: [48][ 299/1176]	Time  0.177 ( 0.181)	Data  0.000 ( 0.001)	Loss 0.0000e+00 (0.0000e+00)	Acc@1 100.00 (100.00)	Acc@5 100.00 (100.00)
21-Jan-26 17:42:05 - Epoch: [48][ 399/1176]	Time  0.179 ( 0.181)	Data  0.000 ( 0.001)	Loss 0.0000e+00 (0.0000e+00)	Acc@1 100.00 (100.00)	Acc@5 100.00 (100.00)
21-Jan-26 17:42:23 - Epoch: [48][ 499/1176]	Time  0.176 ( 0.180)	Data  0.000 ( 0.001)	Loss 0.0000e+00 (0.0000e+00)	Acc@1 100.00 (100.00)	Acc@5 100.00 (100.00)
21-Jan-26 17:42:41 - Epoch: [48][ 599/1176]	Time  0.177 ( 0.180)	Data  0.000 ( 0.001)	Loss 0.0000e+00 (0.0000e+00)	Acc@1 100.00 (100.00)	Acc@5 100.00 (100.00)
21-Jan-26 17:42:59 - Epoch: [48][ 699/1176]	Time  0.177 ( 0.180)	Data  0.000 ( 0.000)	Loss 0.0000e+00 (0.0000e+00)	Acc@1 100.00 (100.00)	Acc@5 100.00 (100.00)
21-Jan-26 17:43:17 - Epoch: [48][ 799/1176]	Time  0.192 ( 0.180)	Data  0.000 ( 0.000)	Loss 0.0000e+00 (0.0000e+00)	Acc@1 100.00 (100.00)	Acc@5 100.00 (100.00)
21-Jan-26 17:43:35 - Epoch: [48][ 899/1176]	Time  0.185 ( 0.180)	Data  0.000 ( 0.000)	Loss 0.0000e+00 (0.0000e+00)	Acc@1 100.00 (100.00)	Acc@5 100.00 (100.00)
21-Jan-26 17:43:53 - Epoch: [48][ 999/1176]	Time  0.176 ( 0.180)	Data  0.000 ( 0.000)	Loss 0.0000e+00 (0.0000e+00)	Acc@1 100.00 (100.00)	Acc@5 100.00 (100.00)
21-Jan-26 17:44:11 - Epoch: [48][1099/1176]	Time  0.177 ( 0.180)	Data  0.000 ( 0.000)	Loss 0.0000e+00 (0.0000e+00)	Acc@1 100.00 (100.00)	Acc@5 100.00 (100.00)
21-Jan-26 17:44:24 -  @Training * Acc@1 100.000 Acc@5 100.000 Loss 0.000
21-Jan-26 17:44:24 - One training epoch latency: 211.4s | Avg Power: 240.6W | Energy: 50865.3397J
21-Jan-26 17:44:38 -  @Testing * Acc@1 95.139 Acc@5 99.653 Loss 2.252
21-Jan-26 17:44:38 - Best acc at epoch 48: 96.18055725097656
21-Jan-26 17:44:38 - Last learning rate: [3.90625e-06]
21-Jan-26 17:44:38 - 	 Epoch 49...
21-Jan-26 17:44:56 - Epoch: [49][  99/1176]	Time  0.179 ( 0.182)	Data  0.000 ( 0.002)	Loss 0.0000e+00 (0.0000e+00)	Acc@1 100.00 (100.00)	Acc@5 100.00 (100.00)
21-Jan-26 17:45:14 - Epoch: [49][ 199/1176]	Time  0.179 ( 0.181)	Data  0.000 ( 0.001)	Loss 0.0000e+00 (0.0000e+00)	Acc@1 100.00 (100.00)	Acc@5 100.00 (100.00)
21-Jan-26 17:45:32 - Epoch: [49][ 299/1176]	Time  0.179 ( 0.180)	Data  0.000 ( 0.001)	Loss 0.0000e+00 (0.0000e+00)	Acc@1 100.00 (100.00)	Acc@5 100.00 (100.00)
21-Jan-26 17:45:50 - Epoch: [49][ 399/1176]	Time  0.196 ( 0.180)	Data  0.000 ( 0.001)	Loss 0.0000e+00 (0.0000e+00)	Acc@1 100.00 (100.00)	Acc@5 100.00 (100.00)
21-Jan-26 17:46:08 - Epoch: [49][ 499/1176]	Time  0.187 ( 0.180)	Data  0.000 ( 0.001)	Loss 0.0000e+00 (0.0000e+00)	Acc@1 100.00 (100.00)	Acc@5 100.00 (100.00)
21-Jan-26 17:46:26 - Epoch: [49][ 599/1176]	Time  0.182 ( 0.180)	Data  0.000 ( 0.001)	Loss 0.0000e+00 (0.0000e+00)	Acc@1 100.00 (100.00)	Acc@5 100.00 (100.00)
21-Jan-26 17:46:44 - Epoch: [49][ 699/1176]	Time  0.179 ( 0.180)	Data  0.000 ( 0.000)	Loss 0.0000e+00 (0.0000e+00)	Acc@1 100.00 (100.00)	Acc@5 100.00 (100.00)
21-Jan-26 17:47:02 - Epoch: [49][ 799/1176]	Time  0.177 ( 0.180)	Data  0.000 ( 0.000)	Loss 0.0000e+00 (0.0000e+00)	Acc@1 100.00 (100.00)	Acc@5 100.00 (100.00)
21-Jan-26 17:47:20 - Epoch: [49][ 899/1176]	Time  0.176 ( 0.180)	Data  0.000 ( 0.000)	Loss 0.0000e+00 (0.0000e+00)	Acc@1 100.00 (100.00)	Acc@5 100.00 (100.00)
21-Jan-26 17:47:38 - Epoch: [49][ 999/1176]	Time  0.179 ( 0.180)	Data  0.000 ( 0.000)	Loss 0.0000e+00 (0.0000e+00)	Acc@1 100.00 (100.00)	Acc@5 100.00 (100.00)
21-Jan-26 17:47:56 - Epoch: [49][1099/1176]	Time  0.176 ( 0.179)	Data  0.000 ( 0.000)	Loss 0.0000e+00 (0.0000e+00)	Acc@1 100.00 (100.00)	Acc@5 100.00 (100.00)
21-Jan-26 17:48:09 -  @Training * Acc@1 100.000 Acc@5 100.000 Loss 0.000
21-Jan-26 17:48:09 - One training epoch latency: 211.1s | Avg Power: 242.4W | Energy: 51178.4291J
21-Jan-26 17:48:23 -  @Testing * Acc@1 95.486 Acc@5 99.653 Loss 2.250
21-Jan-26 17:48:23 - Best acc at epoch 49: 96.18055725097656
21-Jan-26 17:48:23 - Last learning rate: [3.90625e-06]
21-Jan-26 17:48:23 - 	 Epoch 50...
21-Jan-26 17:48:41 - Epoch: [50][  99/1176]	Time  0.179 ( 0.182)	Data  0.000 ( 0.002)	Loss 0.0000e+00 (0.0000e+00)	Acc@1 100.00 (100.00)	Acc@5 100.00 (100.00)
21-Jan-26 17:48:59 - Epoch: [50][ 199/1176]	Time  0.182 ( 0.181)	Data  0.000 ( 0.001)	Loss 0.0000e+00 (0.0000e+00)	Acc@1 100.00 (100.00)	Acc@5 100.00 (100.00)
21-Jan-26 17:49:17 - Epoch: [50][ 299/1176]	Time  0.188 ( 0.181)	Data  0.000 ( 0.001)	Loss 0.0000e+00 (0.0000e+00)	Acc@1 100.00 (100.00)	Acc@5 100.00 (100.00)
21-Jan-26 17:49:35 - Epoch: [50][ 399/1176]	Time  0.186 ( 0.181)	Data  0.000 ( 0.001)	Loss 0.0000e+00 (0.0000e+00)	Acc@1 100.00 (100.00)	Acc@5 100.00 (100.00)
21-Jan-26 17:49:53 - Epoch: [50][ 499/1176]	Time  0.185 ( 0.180)	Data  0.000 ( 0.001)	Loss 0.0000e+00 (0.0000e+00)	Acc@1 100.00 (100.00)	Acc@5 100.00 (100.00)
21-Jan-26 17:50:11 - Epoch: [50][ 599/1176]	Time  0.185 ( 0.180)	Data  0.000 ( 0.001)	Loss 0.0000e+00 (0.0000e+00)	Acc@1 100.00 (100.00)	Acc@5 100.00 (100.00)
21-Jan-26 17:50:29 - Epoch: [50][ 699/1176]	Time  0.176 ( 0.180)	Data  0.000 ( 0.000)	Loss 0.0000e+00 (0.0000e+00)	Acc@1 100.00 (100.00)	Acc@5 100.00 (100.00)
21-Jan-26 17:50:47 - Epoch: [50][ 799/1176]	Time  0.177 ( 0.180)	Data  0.000 ( 0.000)	Loss 0.0000e+00 (0.0000e+00)	Acc@1 100.00 (100.00)	Acc@5 100.00 (100.00)
21-Jan-26 17:51:05 - Epoch: [50][ 899/1176]	Time  0.177 ( 0.180)	Data  0.000 ( 0.000)	Loss 0.0000e+00 (0.0000e+00)	Acc@1 100.00 (100.00)	Acc@5 100.00 (100.00)
21-Jan-26 17:51:23 - Epoch: [50][ 999/1176]	Time  0.177 ( 0.180)	Data  0.000 ( 0.000)	Loss 0.0000e+00 (0.0000e+00)	Acc@1 100.00 (100.00)	Acc@5 100.00 (100.00)
21-Jan-26 17:51:41 - Epoch: [50][1099/1176]	Time  0.180 ( 0.180)	Data  0.000 ( 0.000)	Loss 0.0000e+00 (0.0000e+00)	Acc@1 100.00 (100.00)	Acc@5 100.00 (100.00)
21-Jan-26 17:51:54 -  @Training * Acc@1 100.000 Acc@5 100.000 Loss 0.000
21-Jan-26 17:51:54 - One training epoch latency: 211.3s | Avg Power: 241.8W | Energy: 51094.5988J
21-Jan-26 17:52:08 -  @Testing * Acc@1 95.139 Acc@5 99.653 Loss 2.477
21-Jan-26 17:52:08 - Best acc at epoch 50: 96.18055725097656
21-Jan-26 17:52:08 - Last learning rate: [3.90625e-06]
21-Jan-26 17:52:08 - 	 Epoch 51...
21-Jan-26 17:52:26 - Epoch: [51][  99/1176]	Time  0.185 ( 0.182)	Data  0.000 ( 0.002)	Loss 0.0000e+00 (0.0000e+00)	Acc@1 100.00 (100.00)	Acc@5 100.00 (100.00)
21-Jan-26 17:52:44 - Epoch: [51][ 199/1176]	Time  0.180 ( 0.181)	Data  0.000 ( 0.001)	Loss 0.0000e+00 (0.0000e+00)	Acc@1 100.00 (100.00)	Acc@5 100.00 (100.00)
21-Jan-26 17:53:02 - Epoch: [51][ 299/1176]	Time  0.188 ( 0.181)	Data  0.000 ( 0.001)	Loss 0.0000e+00 (0.0000e+00)	Acc@1 100.00 (100.00)	Acc@5 100.00 (100.00)
21-Jan-26 17:53:20 - Epoch: [51][ 399/1176]	Time  0.185 ( 0.180)	Data  0.000 ( 0.001)	Loss 0.0000e+00 (0.0000e+00)	Acc@1 100.00 (100.00)	Acc@5 100.00 (100.00)
21-Jan-26 17:53:38 - Epoch: [51][ 499/1176]	Time  0.180 ( 0.180)	Data  0.000 ( 0.001)	Loss 0.0000e+00 (0.0000e+00)	Acc@1 100.00 (100.00)	Acc@5 100.00 (100.00)
21-Jan-26 17:53:56 - Epoch: [51][ 599/1176]	Time  0.177 ( 0.180)	Data  0.000 ( 0.001)	Loss 0.0000e+00 (0.0000e+00)	Acc@1 100.00 (100.00)	Acc@5 100.00 (100.00)
21-Jan-26 17:54:14 - Epoch: [51][ 699/1176]	Time  0.177 ( 0.180)	Data  0.000 ( 0.001)	Loss 0.0000e+00 (0.0000e+00)	Acc@1 100.00 (100.00)	Acc@5 100.00 (100.00)
21-Jan-26 17:54:32 - Epoch: [51][ 799/1176]	Time  0.175 ( 0.180)	Data  0.000 ( 0.000)	Loss 0.0000e+00 (0.0000e+00)	Acc@1 100.00 (100.00)	Acc@5 100.00 (100.00)
21-Jan-26 17:54:50 - Epoch: [51][ 899/1176]	Time  0.176 ( 0.180)	Data  0.000 ( 0.000)	Loss 0.0000e+00 (0.0000e+00)	Acc@1 100.00 (100.00)	Acc@5 100.00 (100.00)
21-Jan-26 17:55:08 - Epoch: [51][ 999/1176]	Time  0.177 ( 0.180)	Data  0.000 ( 0.000)	Loss 0.0000e+00 (0.0000e+00)	Acc@1 100.00 (100.00)	Acc@5 100.00 (100.00)
21-Jan-26 17:55:26 - Epoch: [51][1099/1176]	Time  0.177 ( 0.180)	Data  0.000 ( 0.000)	Loss 0.0000e+00 (0.0000e+00)	Acc@1 100.00 (100.00)	Acc@5 100.00 (100.00)
21-Jan-26 17:55:39 -  @Training * Acc@1 100.000 Acc@5 100.000 Loss 0.000
21-Jan-26 17:55:39 - One training epoch latency: 211.3s | Avg Power: 241.2W | Energy: 50964.6743J
21-Jan-26 17:55:53 -  @Testing * Acc@1 95.833 Acc@5 99.653 Loss 2.136
21-Jan-26 17:55:53 - Best acc at epoch 51: 96.18055725097656
21-Jan-26 17:55:53 - Last learning rate: [1.953125e-06]
21-Jan-26 17:55:53 - 	 Epoch 52...
21-Jan-26 17:56:11 - Epoch: [52][  99/1176]	Time  0.180 ( 0.182)	Data  0.000 ( 0.002)	Loss 0.0000e+00 (0.0000e+00)	Acc@1 100.00 (100.00)	Acc@5 100.00 (100.00)
21-Jan-26 17:56:29 - Epoch: [52][ 199/1176]	Time  0.176 ( 0.181)	Data  0.000 ( 0.001)	Loss 0.0000e+00 (0.0000e+00)	Acc@1 100.00 (100.00)	Acc@5 100.00 (100.00)
21-Jan-26 17:56:47 - Epoch: [52][ 299/1176]	Time  0.183 ( 0.181)	Data  0.000 ( 0.001)	Loss 0.0000e+00 (0.0000e+00)	Acc@1 100.00 (100.00)	Acc@5 100.00 (100.00)
21-Jan-26 17:57:05 - Epoch: [52][ 399/1176]	Time  0.176 ( 0.181)	Data  0.000 ( 0.001)	Loss 0.0000e+00 (0.0000e+00)	Acc@1 100.00 (100.00)	Acc@5 100.00 (100.00)
21-Jan-26 17:57:23 - Epoch: [52][ 499/1176]	Time  0.198 ( 0.180)	Data  0.000 ( 0.001)	Loss 0.0000e+00 (0.0000e+00)	Acc@1 100.00 (100.00)	Acc@5 100.00 (100.00)
21-Jan-26 17:57:41 - Epoch: [52][ 599/1176]	Time  0.181 ( 0.180)	Data  0.000 ( 0.000)	Loss 0.0000e+00 (0.0000e+00)	Acc@1 100.00 (100.00)	Acc@5 100.00 (100.00)
21-Jan-26 17:57:59 - Epoch: [52][ 699/1176]	Time  0.177 ( 0.180)	Data  0.000 ( 0.000)	Loss 0.0000e+00 (0.0000e+00)	Acc@1 100.00 (100.00)	Acc@5 100.00 (100.00)
21-Jan-26 17:58:17 - Epoch: [52][ 799/1176]	Time  0.177 ( 0.180)	Data  0.000 ( 0.000)	Loss 0.0000e+00 (0.0000e+00)	Acc@1 100.00 (100.00)	Acc@5 100.00 (100.00)
21-Jan-26 17:58:35 - Epoch: [52][ 899/1176]	Time  0.180 ( 0.180)	Data  0.000 ( 0.000)	Loss 0.0000e+00 (0.0000e+00)	Acc@1 100.00 (100.00)	Acc@5 100.00 (100.00)
21-Jan-26 17:58:53 - Epoch: [52][ 999/1176]	Time  0.177 ( 0.180)	Data  0.000 ( 0.000)	Loss 0.0000e+00 (0.0000e+00)	Acc@1 100.00 (100.00)	Acc@5 100.00 (100.00)
21-Jan-26 17:59:11 - Epoch: [52][1099/1176]	Time  0.177 ( 0.180)	Data  0.000 ( 0.000)	Loss 0.0000e+00 (0.0000e+00)	Acc@1 100.00 (100.00)	Acc@5 100.00 (100.00)
21-Jan-26 17:59:24 -  @Training * Acc@1 100.000 Acc@5 100.000 Loss 0.000
21-Jan-26 17:59:24 - One training epoch latency: 211.2s | Avg Power: 242.1W | Energy: 51123.6690J
21-Jan-26 17:59:38 -  @Testing * Acc@1 95.833 Acc@5 99.653 Loss 2.286
21-Jan-26 17:59:38 - Best acc at epoch 52: 96.18055725097656
21-Jan-26 17:59:38 - Last learning rate: [1.953125e-06]
21-Jan-26 17:59:38 - 	 Epoch 53...
21-Jan-26 17:59:56 - Epoch: [53][  99/1176]	Time  0.180 ( 0.182)	Data  0.000 ( 0.002)	Loss 0.0000e+00 (0.0000e+00)	Acc@1 100.00 (100.00)	Acc@5 100.00 (100.00)
21-Jan-26 18:00:14 - Epoch: [53][ 199/1176]	Time  0.180 ( 0.181)	Data  0.000 ( 0.001)	Loss 0.0000e+00 (0.0000e+00)	Acc@1 100.00 (100.00)	Acc@5 100.00 (100.00)
21-Jan-26 18:00:32 - Epoch: [53][ 299/1176]	Time  0.177 ( 0.181)	Data  0.000 ( 0.001)	Loss 0.0000e+00 (0.0000e+00)	Acc@1 100.00 (100.00)	Acc@5 100.00 (100.00)
21-Jan-26 18:00:50 - Epoch: [53][ 399/1176]	Time  0.177 ( 0.180)	Data  0.000 ( 0.001)	Loss 0.0000e+00 (0.0000e+00)	Acc@1 100.00 (100.00)	Acc@5 100.00 (100.00)
21-Jan-26 18:01:08 - Epoch: [53][ 499/1176]	Time  0.177 ( 0.180)	Data  0.000 ( 0.001)	Loss 0.0000e+00 (0.0000e+00)	Acc@1 100.00 (100.00)	Acc@5 100.00 (100.00)
21-Jan-26 18:01:26 - Epoch: [53][ 599/1176]	Time  0.177 ( 0.180)	Data  0.000 ( 0.001)	Loss 0.0000e+00 (0.0000e+00)	Acc@1 100.00 (100.00)	Acc@5 100.00 (100.00)
21-Jan-26 18:01:44 - Epoch: [53][ 699/1176]	Time  0.195 ( 0.180)	Data  0.000 ( 0.001)	Loss 0.0000e+00 (0.0000e+00)	Acc@1 100.00 (100.00)	Acc@5 100.00 (100.00)
21-Jan-26 18:02:02 - Epoch: [53][ 799/1176]	Time  0.182 ( 0.180)	Data  0.000 ( 0.000)	Loss 0.0000e+00 (0.0000e+00)	Acc@1 100.00 (100.00)	Acc@5 100.00 (100.00)
21-Jan-26 18:02:20 - Epoch: [53][ 899/1176]	Time  0.177 ( 0.180)	Data  0.000 ( 0.000)	Loss 0.0000e+00 (0.0000e+00)	Acc@1 100.00 (100.00)	Acc@5 100.00 (100.00)
21-Jan-26 18:02:38 - Epoch: [53][ 999/1176]	Time  0.177 ( 0.180)	Data  0.000 ( 0.000)	Loss 0.0000e+00 (0.0000e+00)	Acc@1 100.00 (100.00)	Acc@5 100.00 (100.00)
21-Jan-26 18:02:56 - Epoch: [53][1099/1176]	Time  0.177 ( 0.180)	Data  0.000 ( 0.000)	Loss 0.0000e+00 (0.0000e+00)	Acc@1 100.00 (100.00)	Acc@5 100.00 (100.00)
21-Jan-26 18:03:09 -  @Training * Acc@1 100.000 Acc@5 100.000 Loss 0.000
21-Jan-26 18:03:10 - One training epoch latency: 211.3s | Avg Power: 242.0W | Energy: 51143.8147J
21-Jan-26 18:03:23 -  @Testing * Acc@1 95.486 Acc@5 99.653 Loss 2.303
21-Jan-26 18:03:23 - Best acc at epoch 53: 96.18055725097656
21-Jan-26 18:03:23 - Last learning rate: [1.953125e-06]
21-Jan-26 18:03:23 - 	 Epoch 54...
21-Jan-26 18:03:41 - Epoch: [54][  99/1176]	Time  0.180 ( 0.182)	Data  0.000 ( 0.002)	Loss 0.0000e+00 (0.0000e+00)	Acc@1 100.00 (100.00)	Acc@5 100.00 (100.00)
21-Jan-26 18:03:59 - Epoch: [54][ 199/1176]	Time  0.179 ( 0.181)	Data  0.000 ( 0.001)	Loss 0.0000e+00 (0.0000e+00)	Acc@1 100.00 (100.00)	Acc@5 100.00 (100.00)
21-Jan-26 18:04:17 - Epoch: [54][ 299/1176]	Time  0.176 ( 0.180)	Data  0.000 ( 0.001)	Loss 0.0000e+00 (0.0000e+00)	Acc@1 100.00 (100.00)	Acc@5 100.00 (100.00)
21-Jan-26 18:04:35 - Epoch: [54][ 399/1176]	Time  0.176 ( 0.180)	Data  0.000 ( 0.001)	Loss 0.0000e+00 (0.0000e+00)	Acc@1 100.00 (100.00)	Acc@5 100.00 (100.00)
21-Jan-26 18:04:53 - Epoch: [54][ 499/1176]	Time  0.177 ( 0.180)	Data  0.000 ( 0.001)	Loss 0.0000e+00 (0.0000e+00)	Acc@1 100.00 (100.00)	Acc@5 100.00 (100.00)
21-Jan-26 18:05:11 - Epoch: [54][ 599/1176]	Time  0.180 ( 0.180)	Data  0.000 ( 0.001)	Loss 0.0000e+00 (0.0000e+00)	Acc@1 100.00 (100.00)	Acc@5 100.00 (100.00)
21-Jan-26 18:05:29 - Epoch: [54][ 699/1176]	Time  0.180 ( 0.180)	Data  0.000 ( 0.001)	Loss 0.0000e+00 (0.0000e+00)	Acc@1 100.00 (100.00)	Acc@5 100.00 (100.00)
21-Jan-26 18:05:47 - Epoch: [54][ 799/1176]	Time  0.176 ( 0.180)	Data  0.000 ( 0.000)	Loss 0.0000e+00 (0.0000e+00)	Acc@1 100.00 (100.00)	Acc@5 100.00 (100.00)
21-Jan-26 18:06:05 - Epoch: [54][ 899/1176]	Time  0.177 ( 0.180)	Data  0.000 ( 0.000)	Loss 0.0000e+00 (0.0000e+00)	Acc@1 100.00 (100.00)	Acc@5 100.00 (100.00)
21-Jan-26 18:06:23 - Epoch: [54][ 999/1176]	Time  0.177 ( 0.179)	Data  0.000 ( 0.000)	Loss 0.0000e+00 (0.0000e+00)	Acc@1 100.00 (100.00)	Acc@5 100.00 (100.00)
21-Jan-26 18:06:40 - Epoch: [54][1099/1176]	Time  0.177 ( 0.179)	Data  0.000 ( 0.000)	Loss 0.0000e+00 (0.0000e+00)	Acc@1 100.00 (100.00)	Acc@5 100.00 (100.00)
21-Jan-26 18:06:54 -  @Training * Acc@1 100.000 Acc@5 100.000 Loss 0.000
21-Jan-26 18:06:54 - One training epoch latency: 210.9s | Avg Power: 241.2W | Energy: 50876.1466J
21-Jan-26 18:07:08 -  @Testing * Acc@1 95.833 Acc@5 99.653 Loss 2.366
21-Jan-26 18:07:08 - Best acc at epoch 54: 96.18055725097656
21-Jan-26 18:07:08 - Last learning rate: [1.953125e-06]
21-Jan-26 18:07:08 - 	 Epoch 55...
21-Jan-26 18:07:26 - Epoch: [55][  99/1176]	Time  0.179 ( 0.182)	Data  0.000 ( 0.002)	Loss 0.0000e+00 (0.0000e+00)	Acc@1 100.00 (100.00)	Acc@5 100.00 (100.00)
21-Jan-26 18:07:44 - Epoch: [55][ 199/1176]	Time  0.177 ( 0.181)	Data  0.000 ( 0.001)	Loss 0.0000e+00 (0.0000e+00)	Acc@1 100.00 (100.00)	Acc@5 100.00 (100.00)
21-Jan-26 18:08:02 - Epoch: [55][ 299/1176]	Time  0.177 ( 0.180)	Data  0.000 ( 0.001)	Loss 0.0000e+00 (0.0000e+00)	Acc@1 100.00 (100.00)	Acc@5 100.00 (100.00)
21-Jan-26 18:08:20 - Epoch: [55][ 399/1176]	Time  0.179 ( 0.180)	Data  0.000 ( 0.001)	Loss 0.0000e+00 (0.0000e+00)	Acc@1 100.00 (100.00)	Acc@5 100.00 (100.00)
21-Jan-26 18:08:38 - Epoch: [55][ 499/1176]	Time  0.184 ( 0.180)	Data  0.000 ( 0.001)	Loss 0.0000e+00 (0.0000e+00)	Acc@1 100.00 (100.00)	Acc@5 100.00 (100.00)
21-Jan-26 18:08:56 - Epoch: [55][ 599/1176]	Time  0.179 ( 0.180)	Data  0.000 ( 0.001)	Loss 0.0000e+00 (0.0000e+00)	Acc@1 100.00 (100.00)	Acc@5 100.00 (100.00)
21-Jan-26 18:09:14 - Epoch: [55][ 699/1176]	Time  0.177 ( 0.180)	Data  0.000 ( 0.000)	Loss 0.0000e+00 (0.0000e+00)	Acc@1 100.00 (100.00)	Acc@5 100.00 (100.00)
21-Jan-26 18:09:32 - Epoch: [55][ 799/1176]	Time  0.176 ( 0.180)	Data  0.000 ( 0.000)	Loss 0.0000e+00 (0.0000e+00)	Acc@1 100.00 (100.00)	Acc@5 100.00 (100.00)
21-Jan-26 18:09:50 - Epoch: [55][ 899/1176]	Time  0.180 ( 0.180)	Data  0.000 ( 0.000)	Loss 0.0000e+00 (0.0000e+00)	Acc@1 100.00 (100.00)	Acc@5 100.00 (100.00)
21-Jan-26 18:10:08 - Epoch: [55][ 999/1176]	Time  0.174 ( 0.179)	Data  0.000 ( 0.000)	Loss 0.0000e+00 (0.0000e+00)	Acc@1 100.00 (100.00)	Acc@5 100.00 (100.00)
21-Jan-26 18:10:25 - Epoch: [55][1099/1176]	Time  0.177 ( 0.179)	Data  0.000 ( 0.000)	Loss 0.0000e+00 (0.0000e+00)	Acc@1 100.00 (100.00)	Acc@5 100.00 (100.00)
21-Jan-26 18:10:39 -  @Training * Acc@1 100.000 Acc@5 100.000 Loss 0.000
21-Jan-26 18:10:39 - One training epoch latency: 211.0s | Avg Power: 241.6W | Energy: 50981.1984J
21-Jan-26 18:10:53 -  @Testing * Acc@1 95.486 Acc@5 99.653 Loss 2.126
21-Jan-26 18:10:53 - Best acc at epoch 55: 96.18055725097656
21-Jan-26 18:10:53 - Last learning rate: [1.953125e-06]
21-Jan-26 18:10:53 - 	 Epoch 56...
21-Jan-26 18:11:11 - Epoch: [56][  99/1176]	Time  0.185 ( 0.183)	Data  0.000 ( 0.002)	Loss 0.0000e+00 (0.0000e+00)	Acc@1 100.00 (100.00)	Acc@5 100.00 (100.00)
21-Jan-26 18:11:29 - Epoch: [56][ 199/1176]	Time  0.181 ( 0.181)	Data  0.000 ( 0.001)	Loss 0.0000e+00 (0.0000e+00)	Acc@1 100.00 (100.00)	Acc@5 100.00 (100.00)
21-Jan-26 18:11:47 - Epoch: [56][ 299/1176]	Time  0.180 ( 0.181)	Data  0.000 ( 0.001)	Loss 0.0000e+00 (0.0000e+00)	Acc@1 100.00 (100.00)	Acc@5 100.00 (100.00)
21-Jan-26 18:12:05 - Epoch: [56][ 399/1176]	Time  0.180 ( 0.180)	Data  0.000 ( 0.001)	Loss 0.0000e+00 (0.0000e+00)	Acc@1 100.00 (100.00)	Acc@5 100.00 (100.00)
21-Jan-26 18:12:23 - Epoch: [56][ 499/1176]	Time  0.180 ( 0.180)	Data  0.000 ( 0.001)	Loss 0.0000e+00 (0.0000e+00)	Acc@1 100.00 (100.00)	Acc@5 100.00 (100.00)
21-Jan-26 18:12:41 - Epoch: [56][ 599/1176]	Time  0.177 ( 0.180)	Data  0.000 ( 0.001)	Loss 0.0000e+00 (0.0000e+00)	Acc@1 100.00 (100.00)	Acc@5 100.00 (100.00)
21-Jan-26 18:12:59 - Epoch: [56][ 699/1176]	Time  0.177 ( 0.180)	Data  0.000 ( 0.001)	Loss 0.0000e+00 (0.0000e+00)	Acc@1 100.00 (100.00)	Acc@5 100.00 (100.00)
21-Jan-26 18:13:16 - Epoch: [56][ 799/1176]	Time  0.177 ( 0.180)	Data  0.000 ( 0.000)	Loss 0.0000e+00 (0.0000e+00)	Acc@1 100.00 (100.00)	Acc@5 100.00 (100.00)
21-Jan-26 18:13:34 - Epoch: [56][ 899/1176]	Time  0.177 ( 0.180)	Data  0.000 ( 0.000)	Loss 0.0000e+00 (0.0000e+00)	Acc@1 100.00 (100.00)	Acc@5 100.00 (100.00)
21-Jan-26 18:13:52 - Epoch: [56][ 999/1176]	Time  0.176 ( 0.179)	Data  0.000 ( 0.000)	Loss 0.0000e+00 (0.0000e+00)	Acc@1 100.00 (100.00)	Acc@5 100.00 (100.00)
21-Jan-26 18:14:10 - Epoch: [56][1099/1176]	Time  0.190 ( 0.179)	Data  0.000 ( 0.000)	Loss 0.0000e+00 (0.0000e+00)	Acc@1 100.00 (100.00)	Acc@5 100.00 (100.00)
21-Jan-26 18:14:24 -  @Training * Acc@1 100.000 Acc@5 100.000 Loss 0.000
21-Jan-26 18:14:24 - One training epoch latency: 211.0s | Avg Power: 242.7W | Energy: 51197.2382J
21-Jan-26 18:14:37 -  @Testing * Acc@1 95.833 Acc@5 99.653 Loss 2.354
21-Jan-26 18:14:37 - Best acc at epoch 56: 96.18055725097656
21-Jan-26 18:14:37 - Last learning rate: [1.953125e-06]
21-Jan-26 18:14:37 - 	 Epoch 57...
21-Jan-26 18:14:56 - Epoch: [57][  99/1176]	Time  0.177 ( 0.182)	Data  0.000 ( 0.002)	Loss 0.0000e+00 (0.0000e+00)	Acc@1 100.00 (100.00)	Acc@5 100.00 (100.00)
21-Jan-26 18:15:13 - Epoch: [57][ 199/1176]	Time  0.177 ( 0.181)	Data  0.000 ( 0.001)	Loss 0.0000e+00 (0.0000e+00)	Acc@1 100.00 (100.00)	Acc@5 100.00 (100.00)
21-Jan-26 18:15:31 - Epoch: [57][ 299/1176]	Time  0.177 ( 0.180)	Data  0.000 ( 0.001)	Loss 0.0000e+00 (0.0000e+00)	Acc@1 100.00 (100.00)	Acc@5 100.00 (100.00)
21-Jan-26 18:15:49 - Epoch: [57][ 399/1176]	Time  0.174 ( 0.180)	Data  0.000 ( 0.001)	Loss 0.0000e+00 (0.0000e+00)	Acc@1 100.00 (100.00)	Acc@5 100.00 (100.00)
21-Jan-26 18:16:07 - Epoch: [57][ 499/1176]	Time  0.176 ( 0.180)	Data  0.000 ( 0.001)	Loss 0.0000e+00 (0.0000e+00)	Acc@1 100.00 (100.00)	Acc@5 100.00 (100.00)
21-Jan-26 18:16:25 - Epoch: [57][ 599/1176]	Time  0.177 ( 0.180)	Data  0.000 ( 0.001)	Loss 0.0000e+00 (0.0000e+00)	Acc@1 100.00 (100.00)	Acc@5 100.00 (100.00)
21-Jan-26 18:16:43 - Epoch: [57][ 699/1176]	Time  0.184 ( 0.180)	Data  0.000 ( 0.001)	Loss 0.0000e+00 (0.0000e+00)	Acc@1 100.00 (100.00)	Acc@5 100.00 (100.00)
21-Jan-26 18:17:01 - Epoch: [57][ 799/1176]	Time  0.177 ( 0.179)	Data  0.000 ( 0.000)	Loss 0.0000e+00 (0.0000e+00)	Acc@1 100.00 (100.00)	Acc@5 100.00 (100.00)
21-Jan-26 18:17:19 - Epoch: [57][ 899/1176]	Time  0.177 ( 0.179)	Data  0.000 ( 0.000)	Loss 0.0000e+00 (0.0000e+00)	Acc@1 100.00 (100.00)	Acc@5 100.00 (100.00)
21-Jan-26 18:17:37 - Epoch: [57][ 999/1176]	Time  0.176 ( 0.179)	Data  0.000 ( 0.000)	Loss 0.0000e+00 (0.0000e+00)	Acc@1 100.00 (100.00)	Acc@5 100.00 (100.00)
21-Jan-26 18:17:54 - Epoch: [57][1099/1176]	Time  0.177 ( 0.179)	Data  0.000 ( 0.000)	Loss 0.0000e+00 (0.0000e+00)	Acc@1 100.00 (100.00)	Acc@5 100.00 (100.00)
21-Jan-26 18:18:08 -  @Training * Acc@1 100.000 Acc@5 100.000 Loss 0.000
21-Jan-26 18:18:08 - One training epoch latency: 210.8s | Avg Power: 241.6W | Energy: 50923.3143J
21-Jan-26 18:18:22 -  @Testing * Acc@1 95.139 Acc@5 99.653 Loss 2.293
21-Jan-26 18:18:22 - Best acc at epoch 57: 96.18055725097656
21-Jan-26 18:18:22 - Last learning rate: [9.765625e-07]
21-Jan-26 18:18:22 - 	 Epoch 58...
21-Jan-26 18:18:40 - Epoch: [58][  99/1176]	Time  0.197 ( 0.182)	Data  0.000 ( 0.002)	Loss 0.0000e+00 (0.0000e+00)	Acc@1 100.00 (100.00)	Acc@5 100.00 (100.00)
21-Jan-26 18:18:58 - Epoch: [58][ 199/1176]	Time  0.200 ( 0.181)	Data  0.000 ( 0.001)	Loss 0.0000e+00 (0.0000e+00)	Acc@1 100.00 (100.00)	Acc@5 100.00 (100.00)
21-Jan-26 18:19:16 - Epoch: [58][ 299/1176]	Time  0.185 ( 0.181)	Data  0.000 ( 0.001)	Loss 0.0000e+00 (0.0000e+00)	Acc@1 100.00 (100.00)	Acc@5 100.00 (100.00)
21-Jan-26 18:19:34 - Epoch: [58][ 399/1176]	Time  0.184 ( 0.180)	Data  0.000 ( 0.001)	Loss 0.0000e+00 (0.0000e+00)	Acc@1 100.00 (100.00)	Acc@5 100.00 (100.00)
21-Jan-26 18:19:52 - Epoch: [58][ 499/1176]	Time  0.176 ( 0.180)	Data  0.000 ( 0.001)	Loss 0.0000e+00 (0.0000e+00)	Acc@1 100.00 (100.00)	Acc@5 100.00 (100.00)
21-Jan-26 18:20:10 - Epoch: [58][ 599/1176]	Time  0.177 ( 0.180)	Data  0.000 ( 0.000)	Loss 0.0000e+00 (0.0000e+00)	Acc@1 100.00 (100.00)	Acc@5 100.00 (100.00)
21-Jan-26 18:20:28 - Epoch: [58][ 699/1176]	Time  0.176 ( 0.180)	Data  0.000 ( 0.000)	Loss 0.0000e+00 (0.0000e+00)	Acc@1 100.00 (100.00)	Acc@5 100.00 (100.00)
21-Jan-26 18:20:46 - Epoch: [58][ 799/1176]	Time  0.177 ( 0.180)	Data  0.000 ( 0.000)	Loss 0.0000e+00 (0.0000e+00)	Acc@1 100.00 (100.00)	Acc@5 100.00 (100.00)
21-Jan-26 18:21:03 - Epoch: [58][ 899/1176]	Time  0.176 ( 0.179)	Data  0.000 ( 0.000)	Loss 0.0000e+00 (0.0000e+00)	Acc@1 100.00 (100.00)	Acc@5 100.00 (100.00)
21-Jan-26 18:21:21 - Epoch: [58][ 999/1176]	Time  0.177 ( 0.179)	Data  0.000 ( 0.000)	Loss 0.0000e+00 (0.0000e+00)	Acc@1 100.00 (100.00)	Acc@5 100.00 (100.00)
21-Jan-26 18:21:39 - Epoch: [58][1099/1176]	Time  0.193 ( 0.179)	Data  0.000 ( 0.000)	Loss 0.0000e+00 (0.0000e+00)	Acc@1 100.00 (100.00)	Acc@5 100.00 (100.00)
21-Jan-26 18:21:53 -  @Training * Acc@1 100.000 Acc@5 100.000 Loss 0.000
21-Jan-26 18:21:53 - One training epoch latency: 210.8s | Avg Power: 241.3W | Energy: 50873.9990J
21-Jan-26 18:22:06 -  @Testing * Acc@1 94.792 Acc@5 99.653 Loss 2.195
21-Jan-26 18:22:06 - Best acc at epoch 58: 96.18055725097656
21-Jan-26 18:22:06 - Last learning rate: [9.765625e-07]
21-Jan-26 18:22:06 - 	 Epoch 59...
21-Jan-26 18:22:25 - Epoch: [59][  99/1176]	Time  0.179 ( 0.182)	Data  0.000 ( 0.002)	Loss 0.0000e+00 (0.0000e+00)	Acc@1 100.00 (100.00)	Acc@5 100.00 (100.00)
21-Jan-26 18:22:43 - Epoch: [59][ 199/1176]	Time  0.179 ( 0.181)	Data  0.000 ( 0.001)	Loss 0.0000e+00 (0.0000e+00)	Acc@1 100.00 (100.00)	Acc@5 100.00 (100.00)
21-Jan-26 18:23:01 - Epoch: [59][ 299/1176]	Time  0.177 ( 0.180)	Data  0.000 ( 0.001)	Loss 0.0000e+00 (0.0000e+00)	Acc@1 100.00 (100.00)	Acc@5 100.00 (100.00)
21-Jan-26 18:23:18 - Epoch: [59][ 399/1176]	Time  0.176 ( 0.180)	Data  0.000 ( 0.001)	Loss 0.0000e+00 (0.0000e+00)	Acc@1 100.00 (100.00)	Acc@5 100.00 (100.00)
21-Jan-26 18:23:36 - Epoch: [59][ 499/1176]	Time  0.179 ( 0.180)	Data  0.000 ( 0.001)	Loss 0.0000e+00 (0.0000e+00)	Acc@1 100.00 (100.00)	Acc@5 100.00 (100.00)
21-Jan-26 18:23:54 - Epoch: [59][ 599/1176]	Time  0.177 ( 0.180)	Data  0.000 ( 0.001)	Loss 0.0000e+00 (0.0000e+00)	Acc@1 100.00 (100.00)	Acc@5 100.00 (100.00)
21-Jan-26 18:24:12 - Epoch: [59][ 699/1176]	Time  0.185 ( 0.179)	Data  0.000 ( 0.000)	Loss 0.0000e+00 (0.0000e+00)	Acc@1 100.00 (100.00)	Acc@5 100.00 (100.00)
21-Jan-26 18:24:30 - Epoch: [59][ 799/1176]	Time  0.176 ( 0.179)	Data  0.000 ( 0.000)	Loss 0.0000e+00 (0.0000e+00)	Acc@1 100.00 (100.00)	Acc@5 100.00 (100.00)
21-Jan-26 18:24:48 - Epoch: [59][ 899/1176]	Time  0.177 ( 0.179)	Data  0.000 ( 0.000)	Loss 0.0000e+00 (0.0000e+00)	Acc@1 100.00 (100.00)	Acc@5 100.00 (100.00)
21-Jan-26 18:25:06 - Epoch: [59][ 999/1176]	Time  0.176 ( 0.179)	Data  0.000 ( 0.000)	Loss 0.0000e+00 (0.0000e+00)	Acc@1 100.00 (100.00)	Acc@5 100.00 (100.00)
21-Jan-26 18:25:23 - Epoch: [59][1099/1176]	Time  0.176 ( 0.179)	Data  0.000 ( 0.000)	Loss 0.0000e+00 (0.0000e+00)	Acc@1 100.00 (100.00)	Acc@5 100.00 (100.00)
21-Jan-26 18:25:37 -  @Training * Acc@1 100.000 Acc@5 100.000 Loss 0.000
21-Jan-26 18:25:37 - One training epoch latency: 210.6s | Avg Power: 242.9W | Energy: 51163.7909J
21-Jan-26 18:25:51 -  @Testing * Acc@1 95.833 Acc@5 99.653 Loss 2.227
21-Jan-26 18:25:51 - Best acc at epoch 59: 96.18055725097656
21-Jan-26 18:25:51 - Last learning rate: [9.765625e-07]
21-Jan-26 18:25:51 - 	 Epoch 60...
21-Jan-26 18:26:09 - Epoch: [60][  99/1176]	Time  0.182 ( 0.182)	Data  0.000 ( 0.002)	Loss 0.0000e+00 (0.0000e+00)	Acc@1 100.00 (100.00)	Acc@5 100.00 (100.00)
21-Jan-26 18:26:27 - Epoch: [60][ 199/1176]	Time  0.185 ( 0.181)	Data  0.000 ( 0.001)	Loss 0.0000e+00 (0.0000e+00)	Acc@1 100.00 (100.00)	Acc@5 100.00 (100.00)
21-Jan-26 18:26:45 - Epoch: [60][ 299/1176]	Time  0.177 ( 0.180)	Data  0.000 ( 0.001)	Loss 0.0000e+00 (0.0000e+00)	Acc@1 100.00 (100.00)	Acc@5 100.00 (100.00)
21-Jan-26 18:27:03 - Epoch: [60][ 399/1176]	Time  0.179 ( 0.180)	Data  0.000 ( 0.001)	Loss 0.0000e+00 (0.0000e+00)	Acc@1 100.00 (100.00)	Acc@5 100.00 (100.00)
21-Jan-26 18:27:21 - Epoch: [60][ 499/1176]	Time  0.176 ( 0.180)	Data  0.000 ( 0.001)	Loss 0.0000e+00 (0.0000e+00)	Acc@1 100.00 (100.00)	Acc@5 100.00 (100.00)
21-Jan-26 18:27:39 - Epoch: [60][ 599/1176]	Time  0.176 ( 0.180)	Data  0.000 ( 0.001)	Loss 0.0000e+00 (0.0000e+00)	Acc@1 100.00 (100.00)	Acc@5 100.00 (100.00)
21-Jan-26 18:27:57 - Epoch: [60][ 699/1176]	Time  0.177 ( 0.180)	Data  0.000 ( 0.001)	Loss 0.0000e+00 (0.0000e+00)	Acc@1 100.00 (100.00)	Acc@5 100.00 (100.00)
21-Jan-26 18:28:14 - Epoch: [60][ 799/1176]	Time  0.179 ( 0.180)	Data  0.000 ( 0.001)	Loss 0.0000e+00 (0.0000e+00)	Acc@1 100.00 (100.00)	Acc@5 100.00 (100.00)
21-Jan-26 18:28:32 - Epoch: [60][ 899/1176]	Time  0.176 ( 0.179)	Data  0.000 ( 0.001)	Loss 0.0000e+00 (0.0000e+00)	Acc@1 100.00 (100.00)	Acc@5 100.00 (100.00)
21-Jan-26 18:28:50 - Epoch: [60][ 999/1176]	Time  0.201 ( 0.179)	Data  0.000 ( 0.000)	Loss 0.0000e+00 (0.0000e+00)	Acc@1 100.00 (100.00)	Acc@5 100.00 (100.00)
21-Jan-26 18:29:08 - Epoch: [60][1099/1176]	Time  0.186 ( 0.179)	Data  0.000 ( 0.000)	Loss 0.0000e+00 (0.0000e+00)	Acc@1 100.00 (100.00)	Acc@5 100.00 (100.00)
21-Jan-26 18:29:22 -  @Training * Acc@1 100.000 Acc@5 100.000 Loss 0.000
21-Jan-26 18:29:22 - One training epoch latency: 210.8s | Avg Power: 241.6W | Energy: 50926.2068J
21-Jan-26 18:29:35 -  @Testing * Acc@1 95.486 Acc@5 99.653 Loss 2.199
21-Jan-26 18:29:35 - Best acc at epoch 60: 96.18055725097656
21-Jan-26 18:29:36 - Last learning rate: [9.765625e-07]
21-Jan-26 18:29:36 - 	 Epoch 61...
21-Jan-26 18:29:54 - Epoch: [61][  99/1176]	Time  0.177 ( 0.182)	Data  0.000 ( 0.002)	Loss 0.0000e+00 (0.0000e+00)	Acc@1 100.00 (100.00)	Acc@5 100.00 (100.00)
21-Jan-26 18:30:12 - Epoch: [61][ 199/1176]	Time  0.177 ( 0.181)	Data  0.000 ( 0.001)	Loss 0.0000e+00 (0.0000e+00)	Acc@1 100.00 (100.00)	Acc@5 100.00 (100.00)
21-Jan-26 18:30:30 - Epoch: [61][ 299/1176]	Time  0.180 ( 0.180)	Data  0.000 ( 0.001)	Loss 0.0000e+00 (0.0000e+00)	Acc@1 100.00 (100.00)	Acc@5 100.00 (100.00)
21-Jan-26 18:30:48 - Epoch: [61][ 399/1176]	Time  0.177 ( 0.180)	Data  0.000 ( 0.001)	Loss 0.0000e+00 (0.0000e+00)	Acc@1 100.00 (100.00)	Acc@5 100.00 (100.00)
21-Jan-26 18:31:06 - Epoch: [61][ 499/1176]	Time  0.177 ( 0.180)	Data  0.000 ( 0.001)	Loss 0.0000e+00 (0.0000e+00)	Acc@1 100.00 (100.00)	Acc@5 100.00 (100.00)
21-Jan-26 18:31:23 - Epoch: [61][ 599/1176]	Time  0.177 ( 0.180)	Data  0.000 ( 0.001)	Loss 0.0000e+00 (0.0000e+00)	Acc@1 100.00 (100.00)	Acc@5 100.00 (100.00)
21-Jan-26 18:31:41 - Epoch: [61][ 699/1176]	Time  0.177 ( 0.180)	Data  0.000 ( 0.000)	Loss 0.0000e+00 (0.0000e+00)	Acc@1 100.00 (100.00)	Acc@5 100.00 (100.00)
21-Jan-26 18:31:59 - Epoch: [61][ 799/1176]	Time  0.174 ( 0.180)	Data  0.000 ( 0.000)	Loss 0.0000e+00 (0.0000e+00)	Acc@1 100.00 (100.00)	Acc@5 100.00 (100.00)
21-Jan-26 18:32:17 - Epoch: [61][ 899/1176]	Time  0.182 ( 0.180)	Data  0.000 ( 0.000)	Loss 0.0000e+00 (0.0000e+00)	Acc@1 100.00 (100.00)	Acc@5 100.00 (100.00)
21-Jan-26 18:32:35 - Epoch: [61][ 999/1176]	Time  0.180 ( 0.179)	Data  0.000 ( 0.000)	Loss 0.0000e+00 (0.0000e+00)	Acc@1 100.00 (100.00)	Acc@5 100.00 (100.00)
21-Jan-26 18:32:53 - Epoch: [61][1099/1176]	Time  0.176 ( 0.179)	Data  0.000 ( 0.000)	Loss 0.0000e+00 (0.0000e+00)	Acc@1 100.00 (100.00)	Acc@5 100.00 (100.00)
21-Jan-26 18:33:06 -  @Training * Acc@1 100.000 Acc@5 100.000 Loss 0.000
21-Jan-26 18:33:07 - One training epoch latency: 211.0s | Avg Power: 241.0W | Energy: 50839.8531J
21-Jan-26 18:33:20 -  @Testing * Acc@1 95.486 Acc@5 99.653 Loss 2.202
21-Jan-26 18:33:20 - Best acc at epoch 61: 96.18055725097656
21-Jan-26 18:33:20 - Last learning rate: [9.765625e-07]
21-Jan-26 18:33:20 - 	 Epoch 62...
21-Jan-26 18:33:39 - Epoch: [62][  99/1176]	Time  0.177 ( 0.182)	Data  0.000 ( 0.002)	Loss 0.0000e+00 (0.0000e+00)	Acc@1 100.00 (100.00)	Acc@5 100.00 (100.00)
21-Jan-26 18:33:56 - Epoch: [62][ 199/1176]	Time  0.179 ( 0.180)	Data  0.000 ( 0.001)	Loss 0.0000e+00 (0.0000e+00)	Acc@1 100.00 (100.00)	Acc@5 100.00 (100.00)
21-Jan-26 18:34:14 - Epoch: [62][ 299/1176]	Time  0.177 ( 0.180)	Data  0.000 ( 0.001)	Loss 0.0000e+00 (0.0000e+00)	Acc@1 100.00 (100.00)	Acc@5 100.00 (100.00)
21-Jan-26 18:34:32 - Epoch: [62][ 399/1176]	Time  0.176 ( 0.180)	Data  0.000 ( 0.001)	Loss 0.0000e+00 (0.0000e+00)	Acc@1 100.00 (100.00)	Acc@5 100.00 (100.00)
21-Jan-26 18:34:50 - Epoch: [62][ 499/1176]	Time  0.183 ( 0.179)	Data  0.000 ( 0.001)	Loss 0.0000e+00 (0.0000e+00)	Acc@1 100.00 (100.00)	Acc@5 100.00 (100.00)
21-Jan-26 18:35:08 - Epoch: [62][ 599/1176]	Time  0.177 ( 0.179)	Data  0.000 ( 0.001)	Loss 0.0000e+00 (0.0000e+00)	Acc@1 100.00 (100.00)	Acc@5 100.00 (100.00)
21-Jan-26 18:35:26 - Epoch: [62][ 699/1176]	Time  0.173 ( 0.179)	Data  0.000 ( 0.000)	Loss 0.0000e+00 (0.0000e+00)	Acc@1 100.00 (100.00)	Acc@5 100.00 (100.00)
21-Jan-26 18:35:44 - Epoch: [62][ 799/1176]	Time  0.174 ( 0.179)	Data  0.000 ( 0.000)	Loss 0.0000e+00 (0.0000e+00)	Acc@1 100.00 (100.00)	Acc@5 100.00 (100.00)
21-Jan-26 18:36:02 - Epoch: [62][ 899/1176]	Time  0.179 ( 0.179)	Data  0.000 ( 0.000)	Loss 0.0000e+00 (0.0000e+00)	Acc@1 100.00 (100.00)	Acc@5 100.00 (100.00)
21-Jan-26 18:36:19 - Epoch: [62][ 999/1176]	Time  0.177 ( 0.179)	Data  0.000 ( 0.000)	Loss 0.0000e+00 (0.0000e+00)	Acc@1 100.00 (100.00)	Acc@5 100.00 (100.00)
21-Jan-26 18:36:37 - Epoch: [62][1099/1176]	Time  0.177 ( 0.179)	Data  0.000 ( 0.000)	Loss 0.0000e+00 (0.0000e+00)	Acc@1 100.00 (100.00)	Acc@5 100.00 (100.00)
21-Jan-26 18:36:51 -  @Training * Acc@1 100.000 Acc@5 100.000 Loss 0.000
21-Jan-26 18:36:51 - One training epoch latency: 210.5s | Avg Power: 243.0W | Energy: 51136.9216J
21-Jan-26 18:37:04 -  @Testing * Acc@1 95.139 Acc@5 99.653 Loss 2.300
21-Jan-26 18:37:04 - Best acc at epoch 62: 96.18055725097656
21-Jan-26 18:37:04 - Last learning rate: [9.765625e-07]
21-Jan-26 18:37:04 - 	 Epoch 63...
21-Jan-26 18:37:23 - Epoch: [63][  99/1176]	Time  0.177 ( 0.181)	Data  0.000 ( 0.002)	Loss 0.0000e+00 (0.0000e+00)	Acc@1 100.00 (100.00)	Acc@5 100.00 (100.00)
21-Jan-26 18:37:41 - Epoch: [63][ 199/1176]	Time  0.177 ( 0.180)	Data  0.000 ( 0.001)	Loss 0.0000e+00 (0.0000e+00)	Acc@1 100.00 (100.00)	Acc@5 100.00 (100.00)
21-Jan-26 18:37:58 - Epoch: [63][ 299/1176]	Time  0.177 ( 0.180)	Data  0.000 ( 0.001)	Loss 0.0000e+00 (0.0000e+00)	Acc@1 100.00 (100.00)	Acc@5 100.00 (100.00)
21-Jan-26 18:38:16 - Epoch: [63][ 399/1176]	Time  0.177 ( 0.180)	Data  0.000 ( 0.001)	Loss 0.0000e+00 (0.0000e+00)	Acc@1 100.00 (100.00)	Acc@5 100.00 (100.00)
21-Jan-26 18:38:34 - Epoch: [63][ 499/1176]	Time  0.179 ( 0.180)	Data  0.000 ( 0.001)	Loss 0.0000e+00 (0.0000e+00)	Acc@1 100.00 (100.00)	Acc@5 100.00 (100.00)
21-Jan-26 18:38:52 - Epoch: [63][ 599/1176]	Time  0.198 ( 0.179)	Data  0.000 ( 0.001)	Loss 0.0000e+00 (0.0000e+00)	Acc@1 100.00 (100.00)	Acc@5 100.00 (100.00)
21-Jan-26 18:39:10 - Epoch: [63][ 699/1176]	Time  0.178 ( 0.179)	Data  0.000 ( 0.000)	Loss 0.0000e+00 (0.0000e+00)	Acc@1 100.00 (100.00)	Acc@5 100.00 (100.00)
21-Jan-26 18:39:28 - Epoch: [63][ 799/1176]	Time  0.177 ( 0.179)	Data  0.000 ( 0.000)	Loss 0.0000e+00 (0.0000e+00)	Acc@1 100.00 (100.00)	Acc@5 100.00 (100.00)
21-Jan-26 18:39:46 - Epoch: [63][ 899/1176]	Time  0.176 ( 0.179)	Data  0.000 ( 0.000)	Loss 0.0000e+00 (0.0000e+00)	Acc@1 100.00 (100.00)	Acc@5 100.00 (100.00)
21-Jan-26 18:40:04 - Epoch: [63][ 999/1176]	Time  0.177 ( 0.179)	Data  0.000 ( 0.000)	Loss 0.0000e+00 (0.0000e+00)	Acc@1 100.00 (100.00)	Acc@5 100.00 (100.00)
21-Jan-26 18:40:22 - Epoch: [63][1099/1176]	Time  0.177 ( 0.179)	Data  0.000 ( 0.000)	Loss 0.0000e+00 (0.0000e+00)	Acc@1 100.00 (100.00)	Acc@5 100.00 (100.00)
21-Jan-26 18:40:35 -  @Training * Acc@1 100.000 Acc@5 100.000 Loss 0.000
21-Jan-26 18:40:35 - One training epoch latency: 210.7s | Avg Power: 241.8W | Energy: 50951.5918J
21-Jan-26 18:40:49 -  @Testing * Acc@1 95.833 Acc@5 99.653 Loss 2.250
21-Jan-26 18:40:49 - Best acc at epoch 63: 96.18055725097656
21-Jan-26 18:40:49 - Last learning rate: [4.8828125e-07]
21-Jan-26 18:40:49 - 	 Epoch 64...
21-Jan-26 18:41:07 - Epoch: [64][  99/1176]	Time  0.196 ( 0.183)	Data  0.000 ( 0.002)	Loss 0.0000e+00 (0.0000e+00)	Acc@1 100.00 (100.00)	Acc@5 100.00 (100.00)
21-Jan-26 18:41:25 - Epoch: [64][ 199/1176]	Time  0.179 ( 0.181)	Data  0.000 ( 0.001)	Loss 0.0000e+00 (0.0000e+00)	Acc@1 100.00 (100.00)	Acc@5 100.00 (100.00)
21-Jan-26 18:41:43 - Epoch: [64][ 299/1176]	Time  0.188 ( 0.181)	Data  0.000 ( 0.001)	Loss 0.0000e+00 (0.0000e+00)	Acc@1 100.00 (100.00)	Acc@5 100.00 (100.00)
21-Jan-26 18:42:01 - Epoch: [64][ 399/1176]	Time  0.176 ( 0.180)	Data  0.000 ( 0.001)	Loss 0.0000e+00 (0.0000e+00)	Acc@1 100.00 (100.00)	Acc@5 100.00 (100.00)
21-Jan-26 18:42:19 - Epoch: [64][ 499/1176]	Time  0.177 ( 0.180)	Data  0.000 ( 0.001)	Loss 0.0000e+00 (0.0000e+00)	Acc@1 100.00 (100.00)	Acc@5 100.00 (100.00)
21-Jan-26 18:42:37 - Epoch: [64][ 599/1176]	Time  0.177 ( 0.180)	Data  0.000 ( 0.001)	Loss 0.0000e+00 (0.0000e+00)	Acc@1 100.00 (100.00)	Acc@5 100.00 (100.00)
21-Jan-26 18:42:55 - Epoch: [64][ 699/1176]	Time  0.179 ( 0.180)	Data  0.000 ( 0.001)	Loss 0.0000e+00 (0.0000e+00)	Acc@1 100.00 (100.00)	Acc@5 100.00 (100.00)
21-Jan-26 18:43:13 - Epoch: [64][ 799/1176]	Time  0.178 ( 0.180)	Data  0.000 ( 0.000)	Loss 0.0000e+00 (0.0000e+00)	Acc@1 100.00 (100.00)	Acc@5 100.00 (100.00)
21-Jan-26 18:43:30 - Epoch: [64][ 899/1176]	Time  0.177 ( 0.180)	Data  0.000 ( 0.000)	Loss 0.0000e+00 (0.0000e+00)	Acc@1 100.00 (100.00)	Acc@5 100.00 (100.00)
21-Jan-26 18:43:48 - Epoch: [64][ 999/1176]	Time  0.177 ( 0.179)	Data  0.000 ( 0.000)	Loss 0.0000e+00 (0.0000e+00)	Acc@1 100.00 (100.00)	Acc@5 100.00 (100.00)
21-Jan-26 18:44:06 - Epoch: [64][1099/1176]	Time  0.206 ( 0.179)	Data  0.011 ( 0.000)	Loss 0.0000e+00 (0.0000e+00)	Acc@1 100.00 (100.00)	Acc@5 100.00 (100.00)
21-Jan-26 18:44:20 -  @Training * Acc@1 100.000 Acc@5 100.000 Loss 0.000
21-Jan-26 18:44:20 - One training epoch latency: 210.9s | Avg Power: 241.7W | Energy: 50982.0249J
21-Jan-26 18:44:34 -  @Testing * Acc@1 95.139 Acc@5 99.653 Loss 2.231
21-Jan-26 18:44:34 - Best acc at epoch 64: 96.18055725097656
21-Jan-26 18:44:34 - Last learning rate: [4.8828125e-07]
21-Jan-26 18:44:34 - 	 Epoch 65...
21-Jan-26 18:44:52 - Epoch: [65][  99/1176]	Time  0.177 ( 0.181)	Data  0.000 ( 0.002)	Loss 0.0000e+00 (0.0000e+00)	Acc@1 100.00 (100.00)	Acc@5 100.00 (100.00)
21-Jan-26 18:45:10 - Epoch: [65][ 199/1176]	Time  0.177 ( 0.180)	Data  0.000 ( 0.001)	Loss 0.0000e+00 (0.0000e+00)	Acc@1 100.00 (100.00)	Acc@5 100.00 (100.00)
21-Jan-26 18:45:28 - Epoch: [65][ 299/1176]	Time  0.174 ( 0.180)	Data  0.000 ( 0.001)	Loss 0.0000e+00 (0.0000e+00)	Acc@1 100.00 (100.00)	Acc@5 100.00 (100.00)
21-Jan-26 18:45:45 - Epoch: [65][ 399/1176]	Time  0.176 ( 0.180)	Data  0.000 ( 0.001)	Loss 0.0000e+00 (0.0000e+00)	Acc@1 100.00 (100.00)	Acc@5 100.00 (100.00)
21-Jan-26 18:46:03 - Epoch: [65][ 499/1176]	Time  0.173 ( 0.180)	Data  0.000 ( 0.001)	Loss 0.0000e+00 (0.0000e+00)	Acc@1 100.00 (100.00)	Acc@5 100.00 (100.00)
21-Jan-26 18:46:21 - Epoch: [65][ 599/1176]	Time  0.174 ( 0.179)	Data  0.000 ( 0.001)	Loss 0.0000e+00 (0.0000e+00)	Acc@1 100.00 (100.00)	Acc@5 100.00 (100.00)
21-Jan-26 18:46:39 - Epoch: [65][ 699/1176]	Time  0.184 ( 0.179)	Data  0.000 ( 0.000)	Loss 0.0000e+00 (0.0000e+00)	Acc@1 100.00 (100.00)	Acc@5 100.00 (100.00)
21-Jan-26 18:46:57 - Epoch: [65][ 799/1176]	Time  0.180 ( 0.179)	Data  0.000 ( 0.000)	Loss 0.0000e+00 (0.0000e+00)	Acc@1 100.00 (100.00)	Acc@5 100.00 (100.00)
21-Jan-26 18:47:15 - Epoch: [65][ 899/1176]	Time  0.176 ( 0.179)	Data  0.000 ( 0.000)	Loss 0.0000e+00 (0.0000e+00)	Acc@1 100.00 (100.00)	Acc@5 100.00 (100.00)
21-Jan-26 18:47:33 - Epoch: [65][ 999/1176]	Time  0.176 ( 0.179)	Data  0.000 ( 0.000)	Loss 0.0000e+00 (0.0000e+00)	Acc@1 100.00 (100.00)	Acc@5 100.00 (100.00)
21-Jan-26 18:47:50 - Epoch: [65][1099/1176]	Time  0.177 ( 0.179)	Data  0.000 ( 0.000)	Loss 0.0000e+00 (0.0000e+00)	Acc@1 100.00 (100.00)	Acc@5 100.00 (100.00)
21-Jan-26 18:48:04 -  @Training * Acc@1 100.000 Acc@5 100.000 Loss 0.000
21-Jan-26 18:48:04 - One training epoch latency: 210.5s | Avg Power: 243.7W | Energy: 51293.8557J
21-Jan-26 18:48:18 -  @Testing * Acc@1 95.139 Acc@5 99.653 Loss 2.194
21-Jan-26 18:48:18 - Best acc at epoch 65: 96.18055725097656
21-Jan-26 18:48:18 - Last learning rate: [4.8828125e-07]
21-Jan-26 18:48:18 - 	 Epoch 66...
21-Jan-26 18:48:36 - Epoch: [66][  99/1176]	Time  0.188 ( 0.182)	Data  0.000 ( 0.002)	Loss 0.0000e+00 (0.0000e+00)	Acc@1 100.00 (100.00)	Acc@5 100.00 (100.00)
21-Jan-26 18:48:54 - Epoch: [66][ 199/1176]	Time  0.180 ( 0.181)	Data  0.000 ( 0.001)	Loss 0.0000e+00 (0.0000e+00)	Acc@1 100.00 (100.00)	Acc@5 100.00 (100.00)
21-Jan-26 18:49:12 - Epoch: [66][ 299/1176]	Time  0.177 ( 0.180)	Data  0.000 ( 0.001)	Loss 0.0000e+00 (0.0000e+00)	Acc@1 100.00 (100.00)	Acc@5 100.00 (100.00)
21-Jan-26 18:49:30 - Epoch: [66][ 399/1176]	Time  0.180 ( 0.180)	Data  0.000 ( 0.001)	Loss 0.0000e+00 (0.0000e+00)	Acc@1 100.00 (100.00)	Acc@5 100.00 (100.00)
21-Jan-26 18:49:48 - Epoch: [66][ 499/1176]	Time  0.177 ( 0.180)	Data  0.000 ( 0.001)	Loss 0.0000e+00 (0.0000e+00)	Acc@1 100.00 (100.00)	Acc@5 100.00 (100.00)
21-Jan-26 18:50:06 - Epoch: [66][ 599/1176]	Time  0.177 ( 0.180)	Data  0.000 ( 0.001)	Loss 0.0000e+00 (0.0000e+00)	Acc@1 100.00 (100.00)	Acc@5 100.00 (100.00)
21-Jan-26 18:50:23 - Epoch: [66][ 699/1176]	Time  0.177 ( 0.179)	Data  0.000 ( 0.000)	Loss 0.0000e+00 (0.0000e+00)	Acc@1 100.00 (100.00)	Acc@5 100.00 (100.00)
21-Jan-26 18:50:41 - Epoch: [66][ 799/1176]	Time  0.177 ( 0.179)	Data  0.000 ( 0.000)	Loss 0.0000e+00 (0.0000e+00)	Acc@1 100.00 (100.00)	Acc@5 100.00 (100.00)
21-Jan-26 18:50:59 - Epoch: [66][ 899/1176]	Time  0.184 ( 0.179)	Data  0.000 ( 0.000)	Loss 0.0000e+00 (0.0000e+00)	Acc@1 100.00 (100.00)	Acc@5 100.00 (100.00)
21-Jan-26 18:51:17 - Epoch: [66][ 999/1176]	Time  0.176 ( 0.179)	Data  0.000 ( 0.000)	Loss 0.0000e+00 (0.0000e+00)	Acc@1 100.00 (100.00)	Acc@5 100.00 (100.00)
21-Jan-26 18:51:35 - Epoch: [66][1099/1176]	Time  0.176 ( 0.179)	Data  0.000 ( 0.000)	Loss 0.0000e+00 (0.0000e+00)	Acc@1 100.00 (100.00)	Acc@5 100.00 (100.00)
21-Jan-26 18:51:48 -  @Training * Acc@1 100.000 Acc@5 100.000 Loss 0.000
21-Jan-26 18:51:48 - One training epoch latency: 210.7s | Avg Power: 242.4W | Energy: 51067.7322J
21-Jan-26 18:52:02 -  @Testing * Acc@1 95.486 Acc@5 99.653 Loss 2.272
21-Jan-26 18:52:02 - Best acc at epoch 66: 96.18055725097656
21-Jan-26 18:52:02 - Last learning rate: [4.8828125e-07]
21-Jan-26 18:52:02 - 	 Epoch 67...
21-Jan-26 18:52:20 - Epoch: [67][  99/1176]	Time  0.179 ( 0.182)	Data  0.000 ( 0.002)	Loss 0.0000e+00 (0.0000e+00)	Acc@1 100.00 (100.00)	Acc@5 100.00 (100.00)
21-Jan-26 18:52:38 - Epoch: [67][ 199/1176]	Time  0.176 ( 0.180)	Data  0.000 ( 0.001)	Loss 0.0000e+00 (0.0000e+00)	Acc@1 100.00 (100.00)	Acc@5 100.00 (100.00)
21-Jan-26 18:52:56 - Epoch: [67][ 299/1176]	Time  0.196 ( 0.180)	Data  0.000 ( 0.001)	Loss 0.0000e+00 (0.0000e+00)	Acc@1 100.00 (100.00)	Acc@5 100.00 (100.00)
21-Jan-26 18:53:14 - Epoch: [67][ 399/1176]	Time  0.185 ( 0.180)	Data  0.000 ( 0.001)	Loss 0.0000e+00 (0.0000e+00)	Acc@1 100.00 (100.00)	Acc@5 100.00 (100.00)
21-Jan-26 18:53:32 - Epoch: [67][ 499/1176]	Time  0.176 ( 0.179)	Data  0.000 ( 0.001)	Loss 0.0000e+00 (0.0000e+00)	Acc@1 100.00 (100.00)	Acc@5 100.00 (100.00)
21-Jan-26 18:53:50 - Epoch: [67][ 599/1176]	Time  0.177 ( 0.179)	Data  0.000 ( 0.001)	Loss 0.0000e+00 (0.0000e+00)	Acc@1 100.00 (100.00)	Acc@5 100.00 (100.00)
21-Jan-26 18:54:08 - Epoch: [67][ 699/1176]	Time  0.176 ( 0.179)	Data  0.000 ( 0.000)	Loss 0.0000e+00 (0.0000e+00)	Acc@1 100.00 (100.00)	Acc@5 100.00 (100.00)
21-Jan-26 18:54:26 - Epoch: [67][ 799/1176]	Time  0.177 ( 0.179)	Data  0.000 ( 0.000)	Loss 0.0000e+00 (0.0000e+00)	Acc@1 100.00 (100.00)	Acc@5 100.00 (100.00)
21-Jan-26 18:54:43 - Epoch: [67][ 899/1176]	Time  0.177 ( 0.179)	Data  0.000 ( 0.000)	Loss 0.0000e+00 (0.0000e+00)	Acc@1 100.00 (100.00)	Acc@5 100.00 (100.00)
21-Jan-26 18:55:01 - Epoch: [67][ 999/1176]	Time  0.177 ( 0.179)	Data  0.000 ( 0.000)	Loss 0.0000e+00 (0.0000e+00)	Acc@1 100.00 (100.00)	Acc@5 100.00 (100.00)
21-Jan-26 18:55:19 - Epoch: [67][1099/1176]	Time  0.184 ( 0.179)	Data  0.000 ( 0.000)	Loss 0.0000e+00 (0.0000e+00)	Acc@1 100.00 (100.00)	Acc@5 100.00 (100.00)
21-Jan-26 18:55:33 -  @Training * Acc@1 100.000 Acc@5 100.000 Loss 0.000
21-Jan-26 18:55:33 - One training epoch latency: 210.5s | Avg Power: 241.5W | Energy: 50834.7535J
21-Jan-26 18:55:46 -  @Testing * Acc@1 95.486 Acc@5 99.653 Loss 2.220
21-Jan-26 18:55:46 - Best acc at epoch 67: 96.18055725097656
21-Jan-26 18:55:46 - Last learning rate: [4.8828125e-07]
21-Jan-26 18:55:46 - 	 Epoch 68...
21-Jan-26 18:56:05 - Epoch: [68][  99/1176]	Time  0.179 ( 0.182)	Data  0.000 ( 0.002)	Loss 0.0000e+00 (0.0000e+00)	Acc@1 100.00 (100.00)	Acc@5 100.00 (100.00)
21-Jan-26 18:56:22 - Epoch: [68][ 199/1176]	Time  0.177 ( 0.180)	Data  0.000 ( 0.001)	Loss 0.0000e+00 (0.0000e+00)	Acc@1 100.00 (100.00)	Acc@5 100.00 (100.00)
21-Jan-26 18:56:40 - Epoch: [68][ 299/1176]	Time  0.176 ( 0.180)	Data  0.000 ( 0.001)	Loss 0.0000e+00 (0.0000e+00)	Acc@1 100.00 (100.00)	Acc@5 100.00 (100.00)
21-Jan-26 18:56:58 - Epoch: [68][ 399/1176]	Time  0.177 ( 0.180)	Data  0.000 ( 0.001)	Loss 0.0000e+00 (0.0000e+00)	Acc@1 100.00 (100.00)	Acc@5 100.00 (100.00)
21-Jan-26 18:57:16 - Epoch: [68][ 499/1176]	Time  0.184 ( 0.179)	Data  0.000 ( 0.000)	Loss 0.0000e+00 (0.0000e+00)	Acc@1 100.00 (100.00)	Acc@5 100.00 (100.00)
21-Jan-26 18:57:34 - Epoch: [68][ 599/1176]	Time  0.180 ( 0.179)	Data  0.000 ( 0.000)	Loss 0.0000e+00 (0.0000e+00)	Acc@1 100.00 (100.00)	Acc@5 100.00 (100.00)
21-Jan-26 18:57:52 - Epoch: [68][ 699/1176]	Time  0.174 ( 0.179)	Data  0.000 ( 0.000)	Loss 0.0000e+00 (0.0000e+00)	Acc@1 100.00 (100.00)	Acc@5 100.00 (100.00)
21-Jan-26 18:58:10 - Epoch: [68][ 799/1176]	Time  0.174 ( 0.179)	Data  0.000 ( 0.000)	Loss 0.0000e+00 (0.0000e+00)	Acc@1 100.00 (100.00)	Acc@5 100.00 (100.00)
21-Jan-26 18:58:28 - Epoch: [68][ 899/1176]	Time  0.177 ( 0.179)	Data  0.000 ( 0.000)	Loss 0.0000e+00 (0.0000e+00)	Acc@1 100.00 (100.00)	Acc@5 100.00 (100.00)
21-Jan-26 18:58:45 - Epoch: [68][ 999/1176]	Time  0.176 ( 0.179)	Data  0.000 ( 0.000)	Loss 0.0000e+00 (0.0000e+00)	Acc@1 100.00 (100.00)	Acc@5 100.00 (100.00)
21-Jan-26 18:59:03 - Epoch: [68][1099/1176]	Time  0.177 ( 0.179)	Data  0.000 ( 0.000)	Loss 0.0000e+00 (0.0000e+00)	Acc@1 100.00 (100.00)	Acc@5 100.00 (100.00)
21-Jan-26 18:59:17 -  @Training * Acc@1 100.000 Acc@5 100.000 Loss 0.000
21-Jan-26 18:59:17 - One training epoch latency: 210.7s | Avg Power: 241.7W | Energy: 50923.7699J
21-Jan-26 18:59:31 -  @Testing * Acc@1 95.486 Acc@5 99.653 Loss 2.188
21-Jan-26 18:59:31 - Best acc at epoch 68: 96.18055725097656
21-Jan-26 18:59:31 - Last learning rate: [4.8828125e-07]
21-Jan-26 18:59:31 - 	 Epoch 69...
21-Jan-26 18:59:49 - Epoch: [69][  99/1176]	Time  0.177 ( 0.182)	Data  0.000 ( 0.002)	Loss 0.0000e+00 (0.0000e+00)	Acc@1 100.00 (100.00)	Acc@5 100.00 (100.00)
21-Jan-26 19:00:07 - Epoch: [69][ 199/1176]	Time  0.177 ( 0.181)	Data  0.000 ( 0.001)	Loss 0.0000e+00 (0.0000e+00)	Acc@1 100.00 (100.00)	Acc@5 100.00 (100.00)
21-Jan-26 19:00:25 - Epoch: [69][ 299/1176]	Time  0.177 ( 0.180)	Data  0.000 ( 0.001)	Loss 0.0000e+00 (0.0000e+00)	Acc@1 100.00 (100.00)	Acc@5 100.00 (100.00)
21-Jan-26 19:00:43 - Epoch: [69][ 399/1176]	Time  0.174 ( 0.180)	Data  0.000 ( 0.001)	Loss 0.0000e+00 (0.0000e+00)	Acc@1 100.00 (100.00)	Acc@5 100.00 (100.00)
21-Jan-26 19:01:01 - Epoch: [69][ 499/1176]	Time  0.174 ( 0.180)	Data  0.000 ( 0.001)	Loss 0.0000e+00 (0.0000e+00)	Acc@1 100.00 (100.00)	Acc@5 100.00 (100.00)
21-Jan-26 19:01:18 - Epoch: [69][ 599/1176]	Time  0.180 ( 0.180)	Data  0.000 ( 0.001)	Loss 0.0000e+00 (0.0000e+00)	Acc@1 100.00 (100.00)	Acc@5 100.00 (100.00)
21-Jan-26 19:01:36 - Epoch: [69][ 699/1176]	Time  0.177 ( 0.180)	Data  0.000 ( 0.000)	Loss 0.0000e+00 (0.0000e+00)	Acc@1 100.00 (100.00)	Acc@5 100.00 (100.00)
21-Jan-26 19:01:54 - Epoch: [69][ 799/1176]	Time  0.177 ( 0.180)	Data  0.000 ( 0.000)	Loss 0.0000e+00 (0.0000e+00)	Acc@1 100.00 (100.00)	Acc@5 100.00 (100.00)
21-Jan-26 19:02:12 - Epoch: [69][ 899/1176]	Time  0.176 ( 0.179)	Data  0.000 ( 0.000)	Loss 0.0000e+00 (0.0000e+00)	Acc@1 100.00 (100.00)	Acc@5 100.00 (100.00)
21-Jan-26 19:02:30 - Epoch: [69][ 999/1176]	Time  0.195 ( 0.179)	Data  0.000 ( 0.000)	Loss 0.0000e+00 (0.0000e+00)	Acc@1 100.00 (100.00)	Acc@5 100.00 (100.00)
21-Jan-26 19:02:48 - Epoch: [69][1099/1176]	Time  0.184 ( 0.179)	Data  0.000 ( 0.000)	Loss 0.0000e+00 (0.0000e+00)	Acc@1 100.00 (100.00)	Acc@5 100.00 (100.00)
21-Jan-26 19:03:02 -  @Training * Acc@1 100.000 Acc@5 100.000 Loss 0.000
21-Jan-26 19:03:02 - One training epoch latency: 210.9s | Avg Power: 242.7W | Energy: 51184.7309J
21-Jan-26 19:03:15 -  @Testing * Acc@1 95.486 Acc@5 99.653 Loss 2.222
21-Jan-26 19:03:15 - Best acc at epoch 69: 96.18055725097656
21-Jan-26 19:03:15 - Last learning rate: [2.44140625e-07]
21-Jan-26 19:03:15 - 	 Epoch 70...
21-Jan-26 19:03:34 - Epoch: [70][  99/1176]	Time  0.179 ( 0.182)	Data  0.000 ( 0.002)	Loss 0.0000e+00 (0.0000e+00)	Acc@1 100.00 (100.00)	Acc@5 100.00 (100.00)
21-Jan-26 19:03:52 - Epoch: [70][ 199/1176]	Time  0.179 ( 0.181)	Data  0.000 ( 0.001)	Loss 0.0000e+00 (0.0000e+00)	Acc@1 100.00 (100.00)	Acc@5 100.00 (100.00)
21-Jan-26 19:04:10 - Epoch: [70][ 299/1176]	Time  0.174 ( 0.180)	Data  0.000 ( 0.001)	Loss 0.0000e+00 (0.0000e+00)	Acc@1 100.00 (100.00)	Acc@5 100.00 (100.00)
21-Jan-26 19:04:27 - Epoch: [70][ 399/1176]	Time  0.179 ( 0.180)	Data  0.000 ( 0.001)	Loss 0.0000e+00 (0.0000e+00)	Acc@1 100.00 (100.00)	Acc@5 100.00 (100.00)
21-Jan-26 19:04:45 - Epoch: [70][ 499/1176]	Time  0.176 ( 0.180)	Data  0.000 ( 0.001)	Loss 0.0000e+00 (0.0000e+00)	Acc@1 100.00 (100.00)	Acc@5 100.00 (100.00)
21-Jan-26 19:05:03 - Epoch: [70][ 599/1176]	Time  0.179 ( 0.180)	Data  0.000 ( 0.001)	Loss 0.0000e+00 (0.0000e+00)	Acc@1 100.00 (100.00)	Acc@5 100.00 (100.00)
21-Jan-26 19:05:21 - Epoch: [70][ 699/1176]	Time  0.193 ( 0.180)	Data  0.000 ( 0.000)	Loss 0.0000e+00 (0.0000e+00)	Acc@1 100.00 (100.00)	Acc@5 100.00 (100.00)
21-Jan-26 19:05:39 - Epoch: [70][ 799/1176]	Time  0.177 ( 0.179)	Data  0.000 ( 0.000)	Loss 0.0000e+00 (0.0000e+00)	Acc@1 100.00 (100.00)	Acc@5 100.00 (100.00)
21-Jan-26 19:05:57 - Epoch: [70][ 899/1176]	Time  0.208 ( 0.179)	Data  0.000 ( 0.000)	Loss 0.0000e+00 (0.0000e+00)	Acc@1 100.00 (100.00)	Acc@5 100.00 (100.00)
21-Jan-26 19:06:15 - Epoch: [70][ 999/1176]	Time  0.176 ( 0.179)	Data  0.000 ( 0.000)	Loss 0.0000e+00 (0.0000e+00)	Acc@1 100.00 (100.00)	Acc@5 100.00 (100.00)
21-Jan-26 19:06:33 - Epoch: [70][1099/1176]	Time  0.176 ( 0.179)	Data  0.000 ( 0.000)	Loss 0.0000e+00 (0.0000e+00)	Acc@1 100.00 (100.00)	Acc@5 100.00 (100.00)
21-Jan-26 19:06:46 -  @Training * Acc@1 100.000 Acc@5 100.000 Loss 0.000
21-Jan-26 19:06:46 - One training epoch latency: 210.8s | Avg Power: 240.9W | Energy: 50790.3893J
21-Jan-26 19:07:00 -  @Testing * Acc@1 95.486 Acc@5 99.653 Loss 2.197
21-Jan-26 19:07:00 - Best acc at epoch 70: 96.18055725097656
21-Jan-26 19:07:00 - Last learning rate: [2.44140625e-07]
21-Jan-26 19:07:00 - 	 Epoch 71...
21-Jan-26 19:07:18 - Epoch: [71][  99/1176]	Time  0.188 ( 0.182)	Data  0.000 ( 0.002)	Loss 0.0000e+00 (0.0000e+00)	Acc@1 100.00 (100.00)	Acc@5 100.00 (100.00)
21-Jan-26 19:07:36 - Epoch: [71][ 199/1176]	Time  0.177 ( 0.181)	Data  0.000 ( 0.001)	Loss 0.0000e+00 (0.0000e+00)	Acc@1 100.00 (100.00)	Acc@5 100.00 (100.00)
21-Jan-26 19:07:54 - Epoch: [71][ 299/1176]	Time  0.176 ( 0.180)	Data  0.000 ( 0.001)	Loss 0.0000e+00 (0.0000e+00)	Acc@1 100.00 (100.00)	Acc@5 100.00 (100.00)
21-Jan-26 19:08:12 - Epoch: [71][ 399/1176]	Time  0.177 ( 0.180)	Data  0.000 ( 0.001)	Loss 0.0000e+00 (0.0000e+00)	Acc@1 100.00 (100.00)	Acc@5 100.00 (100.00)
21-Jan-26 19:08:30 - Epoch: [71][ 499/1176]	Time  0.176 ( 0.180)	Data  0.000 ( 0.001)	Loss 0.0000e+00 (0.0000e+00)	Acc@1 100.00 (100.00)	Acc@5 100.00 (100.00)
21-Jan-26 19:08:48 - Epoch: [71][ 599/1176]	Time  0.176 ( 0.180)	Data  0.000 ( 0.001)	Loss 0.0000e+00 (0.0000e+00)	Acc@1 100.00 (100.00)	Acc@5 100.00 (100.00)
21-Jan-26 19:09:06 - Epoch: [71][ 699/1176]	Time  0.174 ( 0.180)	Data  0.000 ( 0.001)	Loss 0.0000e+00 (0.0000e+00)	Acc@1 100.00 (100.00)	Acc@5 100.00 (100.00)
21-Jan-26 19:09:23 - Epoch: [71][ 799/1176]	Time  0.176 ( 0.179)	Data  0.000 ( 0.000)	Loss 0.0000e+00 (0.0000e+00)	Acc@1 100.00 (100.00)	Acc@5 100.00 (100.00)
21-Jan-26 19:09:41 - Epoch: [71][ 899/1176]	Time  0.177 ( 0.179)	Data  0.000 ( 0.000)	Loss 0.0000e+00 (0.0000e+00)	Acc@1 100.00 (100.00)	Acc@5 100.00 (100.00)
21-Jan-26 19:09:59 - Epoch: [71][ 999/1176]	Time  0.173 ( 0.179)	Data  0.000 ( 0.000)	Loss 0.0000e+00 (0.0000e+00)	Acc@1 100.00 (100.00)	Acc@5 100.00 (100.00)
21-Jan-26 19:10:17 - Epoch: [71][1099/1176]	Time  0.185 ( 0.179)	Data  0.000 ( 0.000)	Loss 0.0000e+00 (0.0000e+00)	Acc@1 100.00 (100.00)	Acc@5 100.00 (100.00)
21-Jan-26 19:10:31 -  @Training * Acc@1 100.000 Acc@5 100.000 Loss 0.000
21-Jan-26 19:10:31 - One training epoch latency: 210.8s | Avg Power: 241.4W | Energy: 50891.9298J
21-Jan-26 19:10:44 -  @Testing * Acc@1 95.486 Acc@5 99.653 Loss 2.258
21-Jan-26 19:10:44 - Best acc at epoch 71: 96.18055725097656
21-Jan-26 19:10:44 - Last learning rate: [2.44140625e-07]
21-Jan-26 19:10:44 - 	 Epoch 72...
21-Jan-26 19:11:02 - Epoch: [72][  99/1176]	Time  0.179 ( 0.182)	Data  0.000 ( 0.002)	Loss 0.0000e+00 (0.0000e+00)	Acc@1 100.00 (100.00)	Acc@5 100.00 (100.00)
21-Jan-26 19:11:20 - Epoch: [72][ 199/1176]	Time  0.179 ( 0.181)	Data  0.000 ( 0.001)	Loss 0.0000e+00 (0.0000e+00)	Acc@1 100.00 (100.00)	Acc@5 100.00 (100.00)
21-Jan-26 19:11:38 - Epoch: [72][ 299/1176]	Time  0.177 ( 0.180)	Data  0.000 ( 0.001)	Loss 0.0000e+00 (0.0000e+00)	Acc@1 100.00 (100.00)	Acc@5 100.00 (100.00)
21-Jan-26 19:11:56 - Epoch: [72][ 399/1176]	Time  0.174 ( 0.180)	Data  0.000 ( 0.001)	Loss 0.0000e+00 (0.0000e+00)	Acc@1 100.00 (100.00)	Acc@5 100.00 (100.00)
21-Jan-26 19:12:14 - Epoch: [72][ 499/1176]	Time  0.185 ( 0.180)	Data  0.000 ( 0.001)	Loss 0.0000e+00 (0.0000e+00)	Acc@1 100.00 (100.00)	Acc@5 100.00 (100.00)
21-Jan-26 19:12:32 - Epoch: [72][ 599/1176]	Time  0.186 ( 0.180)	Data  0.000 ( 0.001)	Loss 0.0000e+00 (0.0000e+00)	Acc@1 100.00 (100.00)	Acc@5 100.00 (100.00)
21-Jan-26 19:12:50 - Epoch: [72][ 699/1176]	Time  0.176 ( 0.179)	Data  0.000 ( 0.000)	Loss 0.0000e+00 (0.0000e+00)	Acc@1 100.00 (100.00)	Acc@5 100.00 (100.00)
21-Jan-26 19:13:08 - Epoch: [72][ 799/1176]	Time  0.174 ( 0.180)	Data  0.000 ( 0.000)	Loss 0.0000e+00 (0.0000e+00)	Acc@1 100.00 (100.00)	Acc@5 100.00 (100.00)
21-Jan-26 19:13:26 - Epoch: [72][ 899/1176]	Time  0.177 ( 0.179)	Data  0.000 ( 0.000)	Loss 0.0000e+00 (0.0000e+00)	Acc@1 100.00 (100.00)	Acc@5 100.00 (100.00)
21-Jan-26 19:13:44 - Epoch: [72][ 999/1176]	Time  0.176 ( 0.179)	Data  0.000 ( 0.000)	Loss 0.0000e+00 (0.0000e+00)	Acc@1 100.00 (100.00)	Acc@5 100.00 (100.00)
21-Jan-26 19:14:01 - Epoch: [72][1099/1176]	Time  0.177 ( 0.179)	Data  0.000 ( 0.000)	Loss 0.0000e+00 (0.0000e+00)	Acc@1 100.00 (100.00)	Acc@5 100.00 (100.00)
21-Jan-26 19:14:15 -  @Training * Acc@1 100.000 Acc@5 100.000 Loss 0.000
21-Jan-26 19:14:15 - One training epoch latency: 210.9s | Avg Power: 242.9W | Energy: 51222.8442J
21-Jan-26 19:14:29 -  @Testing * Acc@1 95.486 Acc@5 99.653 Loss 2.262
21-Jan-26 19:14:29 - Best acc at epoch 72: 96.18055725097656
21-Jan-26 19:14:29 - Last learning rate: [2.44140625e-07]
21-Jan-26 19:14:29 - 	 Epoch 73...
21-Jan-26 19:14:47 - Epoch: [73][  99/1176]	Time  0.177 ( 0.183)	Data  0.000 ( 0.002)	Loss 0.0000e+00 (0.0000e+00)	Acc@1 100.00 (100.00)	Acc@5 100.00 (100.00)
21-Jan-26 19:15:05 - Epoch: [73][ 199/1176]	Time  0.177 ( 0.181)	Data  0.000 ( 0.001)	Loss 0.0000e+00 (0.0000e+00)	Acc@1 100.00 (100.00)	Acc@5 100.00 (100.00)
21-Jan-26 19:15:23 - Epoch: [73][ 299/1176]	Time  0.197 ( 0.181)	Data  0.000 ( 0.001)	Loss 0.0000e+00 (0.0000e+00)	Acc@1 100.00 (100.00)	Acc@5 100.00 (100.00)
21-Jan-26 19:15:41 - Epoch: [73][ 399/1176]	Time  0.179 ( 0.180)	Data  0.000 ( 0.001)	Loss 0.0000e+00 (0.0000e+00)	Acc@1 100.00 (100.00)	Acc@5 100.00 (100.00)
21-Jan-26 19:15:59 - Epoch: [73][ 499/1176]	Time  0.180 ( 0.180)	Data  0.000 ( 0.001)	Loss 0.0000e+00 (0.0000e+00)	Acc@1 100.00 (100.00)	Acc@5 100.00 (100.00)
21-Jan-26 19:16:17 - Epoch: [73][ 599/1176]	Time  0.180 ( 0.180)	Data  0.000 ( 0.001)	Loss 0.0000e+00 (0.0000e+00)	Acc@1 100.00 (100.00)	Acc@5 100.00 (100.00)
21-Jan-26 19:16:35 - Epoch: [73][ 699/1176]	Time  0.177 ( 0.180)	Data  0.000 ( 0.000)	Loss 0.0000e+00 (0.0000e+00)	Acc@1 100.00 (100.00)	Acc@5 100.00 (100.00)
21-Jan-26 19:16:53 - Epoch: [73][ 799/1176]	Time  0.177 ( 0.180)	Data  0.000 ( 0.000)	Loss 0.0000e+00 (0.0000e+00)	Acc@1 100.00 (100.00)	Acc@5 100.00 (100.00)
21-Jan-26 19:17:10 - Epoch: [73][ 899/1176]	Time  0.177 ( 0.179)	Data  0.000 ( 0.000)	Loss 0.0000e+00 (0.0000e+00)	Acc@1 100.00 (100.00)	Acc@5 100.00 (100.00)
21-Jan-26 19:17:28 - Epoch: [73][ 999/1176]	Time  0.177 ( 0.179)	Data  0.000 ( 0.000)	Loss 0.0000e+00 (0.0000e+00)	Acc@1 100.00 (100.00)	Acc@5 100.00 (100.00)
21-Jan-26 19:17:46 - Epoch: [73][1099/1176]	Time  0.177 ( 0.179)	Data  0.000 ( 0.000)	Loss 0.0000e+00 (0.0000e+00)	Acc@1 100.00 (100.00)	Acc@5 100.00 (100.00)
21-Jan-26 19:18:00 -  @Training * Acc@1 100.000 Acc@5 100.000 Loss 0.000
21-Jan-26 19:18:00 - One training epoch latency: 210.9s | Avg Power: 241.5W | Energy: 50932.7041J
21-Jan-26 19:18:13 -  @Testing * Acc@1 95.486 Acc@5 99.653 Loss 2.319
21-Jan-26 19:18:13 - Best acc at epoch 73: 96.18055725097656
21-Jan-26 19:18:13 - Last learning rate: [2.44140625e-07]
21-Jan-26 19:18:13 - 	 Epoch 74...
21-Jan-26 19:18:32 - Epoch: [74][  99/1176]	Time  0.176 ( 0.181)	Data  0.000 ( 0.002)	Loss 0.0000e+00 (0.0000e+00)	Acc@1 100.00 (100.00)	Acc@5 100.00 (100.00)
21-Jan-26 19:18:50 - Epoch: [74][ 199/1176]	Time  0.176 ( 0.180)	Data  0.000 ( 0.001)	Loss 0.0000e+00 (0.0000e+00)	Acc@1 100.00 (100.00)	Acc@5 100.00 (100.00)
21-Jan-26 19:19:07 - Epoch: [74][ 299/1176]	Time  0.174 ( 0.180)	Data  0.000 ( 0.001)	Loss 0.0000e+00 (0.0000e+00)	Acc@1 100.00 (100.00)	Acc@5 100.00 (100.00)
21-Jan-26 19:19:25 - Epoch: [74][ 399/1176]	Time  0.177 ( 0.180)	Data  0.000 ( 0.001)	Loss 0.0000e+00 (0.0000e+00)	Acc@1 100.00 (100.00)	Acc@5 100.00 (100.00)
21-Jan-26 19:19:43 - Epoch: [74][ 499/1176]	Time  0.177 ( 0.180)	Data  0.000 ( 0.001)	Loss 0.0000e+00 (0.0000e+00)	Acc@1 100.00 (100.00)	Acc@5 100.00 (100.00)
21-Jan-26 19:20:01 - Epoch: [74][ 599/1176]	Time  0.173 ( 0.180)	Data  0.000 ( 0.000)	Loss 0.0000e+00 (0.0000e+00)	Acc@1 100.00 (100.00)	Acc@5 100.00 (100.00)
21-Jan-26 19:20:19 - Epoch: [74][ 699/1176]	Time  0.181 ( 0.179)	Data  0.000 ( 0.000)	Loss 0.0000e+00 (0.0000e+00)	Acc@1 100.00 (100.00)	Acc@5 100.00 (100.00)
21-Jan-26 19:20:37 - Epoch: [74][ 799/1176]	Time  0.177 ( 0.179)	Data  0.000 ( 0.000)	Loss 0.0000e+00 (0.0000e+00)	Acc@1 100.00 (100.00)	Acc@5 100.00 (100.00)
21-Jan-26 19:20:55 - Epoch: [74][ 899/1176]	Time  0.176 ( 0.179)	Data  0.000 ( 0.000)	Loss 0.0000e+00 (0.0000e+00)	Acc@1 100.00 (100.00)	Acc@5 100.00 (100.00)
21-Jan-26 19:21:13 - Epoch: [74][ 999/1176]	Time  0.177 ( 0.179)	Data  0.000 ( 0.000)	Loss 0.0000e+00 (0.0000e+00)	Acc@1 100.00 (100.00)	Acc@5 100.00 (100.00)
21-Jan-26 19:21:30 - Epoch: [74][1099/1176]	Time  0.174 ( 0.179)	Data  0.000 ( 0.000)	Loss 0.0000e+00 (0.0000e+00)	Acc@1 100.00 (100.00)	Acc@5 100.00 (100.00)
21-Jan-26 19:21:44 -  @Training * Acc@1 100.000 Acc@5 100.000 Loss 0.000
21-Jan-26 19:21:44 - One training epoch latency: 210.6s | Avg Power: 241.8W | Energy: 50938.3416J
21-Jan-26 19:21:58 -  @Testing * Acc@1 95.139 Acc@5 99.653 Loss 2.256
21-Jan-26 19:21:58 - Best acc at epoch 74: 96.18055725097656
21-Jan-26 19:21:58 - Last learning rate: [2.44140625e-07]
21-Jan-26 19:21:58 - 	 Epoch 75...
21-Jan-26 19:22:16 - Epoch: [75][  99/1176]	Time  0.191 ( 0.182)	Data  0.000 ( 0.002)	Loss 0.0000e+00 (0.0000e+00)	Acc@1 100.00 (100.00)	Acc@5 100.00 (100.00)
21-Jan-26 19:22:34 - Epoch: [75][ 199/1176]	Time  0.178 ( 0.181)	Data  0.000 ( 0.001)	Loss 0.0000e+00 (0.0000e+00)	Acc@1 100.00 (100.00)	Acc@5 100.00 (100.00)
21-Jan-26 19:22:52 - Epoch: [75][ 299/1176]	Time  0.185 ( 0.180)	Data  0.000 ( 0.001)	Loss 0.0000e+00 (0.0000e+00)	Acc@1 100.00 (100.00)	Acc@5 100.00 (100.00)
21-Jan-26 19:23:10 - Epoch: [75][ 399/1176]	Time  0.177 ( 0.180)	Data  0.000 ( 0.001)	Loss 0.0000e+00 (0.0000e+00)	Acc@1 100.00 (100.00)	Acc@5 100.00 (100.00)
21-Jan-26 19:23:28 - Epoch: [75][ 499/1176]	Time  0.176 ( 0.180)	Data  0.000 ( 0.001)	Loss 0.0000e+00 (0.0000e+00)	Acc@1 100.00 (100.00)	Acc@5 100.00 (100.00)
21-Jan-26 19:23:46 - Epoch: [75][ 599/1176]	Time  0.177 ( 0.180)	Data  0.000 ( 0.001)	Loss 0.0000e+00 (0.0000e+00)	Acc@1 100.00 (100.00)	Acc@5 100.00 (100.00)
21-Jan-26 19:24:04 - Epoch: [75][ 699/1176]	Time  0.176 ( 0.179)	Data  0.000 ( 0.000)	Loss 0.0000e+00 (0.0000e+00)	Acc@1 100.00 (100.00)	Acc@5 100.00 (100.00)
21-Jan-26 19:24:21 - Epoch: [75][ 799/1176]	Time  0.174 ( 0.179)	Data  0.000 ( 0.000)	Loss 0.0000e+00 (0.0000e+00)	Acc@1 100.00 (100.00)	Acc@5 100.00 (100.00)
21-Jan-26 19:24:39 - Epoch: [75][ 899/1176]	Time  0.174 ( 0.179)	Data  0.000 ( 0.000)	Loss 0.0000e+00 (0.0000e+00)	Acc@1 100.00 (100.00)	Acc@5 100.00 (100.00)
21-Jan-26 19:24:57 - Epoch: [75][ 999/1176]	Time  0.176 ( 0.179)	Data  0.000 ( 0.000)	Loss 0.0000e+00 (0.0000e+00)	Acc@1 100.00 (100.00)	Acc@5 100.00 (100.00)
21-Jan-26 19:25:15 - Epoch: [75][1099/1176]	Time  0.182 ( 0.179)	Data  0.000 ( 0.000)	Loss 0.0000e+00 (0.0000e+00)	Acc@1 100.00 (100.00)	Acc@5 100.00 (100.00)
21-Jan-26 19:25:29 -  @Training * Acc@1 100.000 Acc@5 100.000 Loss 0.000
21-Jan-26 19:25:29 - One training epoch latency: 210.8s | Avg Power: 243.0W | Energy: 51238.5186J
21-Jan-26 19:25:42 -  @Testing * Acc@1 95.139 Acc@5 99.653 Loss 2.266
21-Jan-26 19:25:42 - Best acc at epoch 75: 96.18055725097656
21-Jan-26 19:25:42 - Last learning rate: [1.220703125e-07]
21-Jan-26 19:25:42 - 	 Epoch 76...
21-Jan-26 19:26:01 - Epoch: [76][  99/1176]	Time  0.177 ( 0.182)	Data  0.000 ( 0.002)	Loss 0.0000e+00 (0.0000e+00)	Acc@1 100.00 (100.00)	Acc@5 100.00 (100.00)
21-Jan-26 19:26:19 - Epoch: [76][ 199/1176]	Time  0.177 ( 0.180)	Data  0.000 ( 0.001)	Loss 0.0000e+00 (0.0000e+00)	Acc@1 100.00 (100.00)	Acc@5 100.00 (100.00)
21-Jan-26 19:26:36 - Epoch: [76][ 299/1176]	Time  0.176 ( 0.180)	Data  0.000 ( 0.001)	Loss 0.0000e+00 (0.0000e+00)	Acc@1 100.00 (100.00)	Acc@5 100.00 (100.00)
21-Jan-26 19:26:54 - Epoch: [76][ 399/1176]	Time  0.179 ( 0.180)	Data  0.000 ( 0.001)	Loss 0.0000e+00 (0.0000e+00)	Acc@1 100.00 (100.00)	Acc@5 100.00 (100.00)
21-Jan-26 19:27:12 - Epoch: [76][ 499/1176]	Time  0.177 ( 0.180)	Data  0.000 ( 0.001)	Loss 0.0000e+00 (0.0000e+00)	Acc@1 100.00 (100.00)	Acc@5 100.00 (100.00)
21-Jan-26 19:27:30 - Epoch: [76][ 599/1176]	Time  0.184 ( 0.179)	Data  0.000 ( 0.001)	Loss 0.0000e+00 (0.0000e+00)	Acc@1 100.00 (100.00)	Acc@5 100.00 (100.00)
21-Jan-26 19:27:48 - Epoch: [76][ 699/1176]	Time  0.176 ( 0.179)	Data  0.000 ( 0.001)	Loss 0.0000e+00 (0.0000e+00)	Acc@1 100.00 (100.00)	Acc@5 100.00 (100.00)
21-Jan-26 19:28:06 - Epoch: [76][ 799/1176]	Time  0.177 ( 0.179)	Data  0.000 ( 0.000)	Loss 0.0000e+00 (0.0000e+00)	Acc@1 100.00 (100.00)	Acc@5 100.00 (100.00)
21-Jan-26 19:28:24 - Epoch: [76][ 899/1176]	Time  0.176 ( 0.179)	Data  0.000 ( 0.000)	Loss 0.0000e+00 (0.0000e+00)	Acc@1 100.00 (100.00)	Acc@5 100.00 (100.00)
21-Jan-26 19:28:42 - Epoch: [76][ 999/1176]	Time  0.179 ( 0.179)	Data  0.000 ( 0.000)	Loss 0.0000e+00 (0.0000e+00)	Acc@1 100.00 (100.00)	Acc@5 100.00 (100.00)
21-Jan-26 19:28:59 - Epoch: [76][1099/1176]	Time  0.177 ( 0.179)	Data  0.000 ( 0.000)	Loss 0.0000e+00 (0.0000e+00)	Acc@1 100.00 (100.00)	Acc@5 100.00 (100.00)
21-Jan-26 19:29:13 -  @Training * Acc@1 100.000 Acc@5 100.000 Loss 0.000
21-Jan-26 19:29:13 - One training epoch latency: 210.6s | Avg Power: 242.3W | Energy: 51013.9914J
21-Jan-26 19:29:27 -  @Testing * Acc@1 95.486 Acc@5 99.653 Loss 2.250
21-Jan-26 19:29:27 - Best acc at epoch 76: 96.18055725097656
21-Jan-26 19:29:27 - Last learning rate: [1.220703125e-07]
21-Jan-26 19:29:27 - 	 Epoch 77...
21-Jan-26 19:29:45 - Epoch: [77][  99/1176]	Time  0.187 ( 0.182)	Data  0.000 ( 0.002)	Loss 0.0000e+00 (0.0000e+00)	Acc@1 100.00 (100.00)	Acc@5 100.00 (100.00)
21-Jan-26 19:30:03 - Epoch: [77][ 199/1176]	Time  0.176 ( 0.181)	Data  0.000 ( 0.001)	Loss 0.0000e+00 (0.0000e+00)	Acc@1 100.00 (100.00)	Acc@5 100.00 (100.00)
21-Jan-26 19:30:21 - Epoch: [77][ 299/1176]	Time  0.179 ( 0.180)	Data  0.000 ( 0.001)	Loss 0.0000e+00 (0.0000e+00)	Acc@1 100.00 (100.00)	Acc@5 100.00 (100.00)
21-Jan-26 19:30:39 - Epoch: [77][ 399/1176]	Time  0.177 ( 0.180)	Data  0.000 ( 0.001)	Loss 0.0000e+00 (0.0000e+00)	Acc@1 100.00 (100.00)	Acc@5 100.00 (100.00)
21-Jan-26 19:30:57 - Epoch: [77][ 499/1176]	Time  0.190 ( 0.180)	Data  0.000 ( 0.000)	Loss 0.0000e+00 (0.0000e+00)	Acc@1 100.00 (100.00)	Acc@5 100.00 (100.00)
21-Jan-26 19:31:15 - Epoch: [77][ 599/1176]	Time  0.176 ( 0.180)	Data  0.000 ( 0.000)	Loss 0.0000e+00 (0.0000e+00)	Acc@1 100.00 (100.00)	Acc@5 100.00 (100.00)
21-Jan-26 19:31:33 - Epoch: [77][ 699/1176]	Time  0.176 ( 0.180)	Data  0.000 ( 0.000)	Loss 0.0000e+00 (0.0000e+00)	Acc@1 100.00 (100.00)	Acc@5 100.00 (100.00)
21-Jan-26 19:31:50 - Epoch: [77][ 799/1176]	Time  0.175 ( 0.179)	Data  0.000 ( 0.000)	Loss 0.0000e+00 (0.0000e+00)	Acc@1 100.00 (100.00)	Acc@5 100.00 (100.00)
21-Jan-26 19:32:08 - Epoch: [77][ 899/1176]	Time  0.176 ( 0.179)	Data  0.000 ( 0.000)	Loss 0.0000e+00 (0.0000e+00)	Acc@1 100.00 (100.00)	Acc@5 100.00 (100.00)
21-Jan-26 19:32:26 - Epoch: [77][ 999/1176]	Time  0.200 ( 0.179)	Data  0.011 ( 0.000)	Loss 0.0000e+00 (0.0000e+00)	Acc@1 100.00 (100.00)	Acc@5 100.00 (100.00)
21-Jan-26 19:32:44 - Epoch: [77][1099/1176]	Time  0.185 ( 0.179)	Data  0.000 ( 0.000)	Loss 0.0000e+00 (0.0000e+00)	Acc@1 100.00 (100.00)	Acc@5 100.00 (100.00)
21-Jan-26 19:32:58 -  @Training * Acc@1 100.000 Acc@5 100.000 Loss 0.000
21-Jan-26 19:32:58 - One training epoch latency: 210.8s | Avg Power: 241.8W | Energy: 50964.8256J
21-Jan-26 19:33:11 -  @Testing * Acc@1 95.833 Acc@5 99.653 Loss 2.237
21-Jan-26 19:33:11 - Best acc at epoch 77: 96.18055725097656
21-Jan-26 19:33:11 - Last learning rate: [1.220703125e-07]
21-Jan-26 19:33:11 - 	 Epoch 78...
21-Jan-26 19:33:30 - Epoch: [78][  99/1176]	Time  0.177 ( 0.182)	Data  0.000 ( 0.002)	Loss 0.0000e+00 (0.0000e+00)	Acc@1 100.00 (100.00)	Acc@5 100.00 (100.00)
21-Jan-26 19:33:48 - Epoch: [78][ 199/1176]	Time  0.176 ( 0.181)	Data  0.000 ( 0.001)	Loss 0.0000e+00 (0.0000e+00)	Acc@1 100.00 (100.00)	Acc@5 100.00 (100.00)
21-Jan-26 19:34:05 - Epoch: [78][ 299/1176]	Time  0.180 ( 0.180)	Data  0.000 ( 0.001)	Loss 0.0000e+00 (0.0000e+00)	Acc@1 100.00 (100.00)	Acc@5 100.00 (100.00)
21-Jan-26 19:34:23 - Epoch: [78][ 399/1176]	Time  0.176 ( 0.180)	Data  0.000 ( 0.001)	Loss 0.0000e+00 (0.0000e+00)	Acc@1 100.00 (100.00)	Acc@5 100.00 (100.00)
21-Jan-26 19:34:41 - Epoch: [78][ 499/1176]	Time  0.180 ( 0.180)	Data  0.000 ( 0.001)	Loss 0.0000e+00 (0.0000e+00)	Acc@1 100.00 (100.00)	Acc@5 100.00 (100.00)
21-Jan-26 19:34:59 - Epoch: [78][ 599/1176]	Time  0.184 ( 0.179)	Data  0.000 ( 0.001)	Loss 0.0000e+00 (0.0000e+00)	Acc@1 100.00 (100.00)	Acc@5 100.00 (100.00)
21-Jan-26 19:35:17 - Epoch: [78][ 699/1176]	Time  0.185 ( 0.179)	Data  0.000 ( 0.000)	Loss 0.0000e+00 (0.0000e+00)	Acc@1 100.00 (100.00)	Acc@5 100.00 (100.00)
21-Jan-26 19:35:35 - Epoch: [78][ 799/1176]	Time  0.179 ( 0.179)	Data  0.000 ( 0.000)	Loss 0.0000e+00 (0.0000e+00)	Acc@1 100.00 (100.00)	Acc@5 100.00 (100.00)
21-Jan-26 19:35:53 - Epoch: [78][ 899/1176]	Time  0.177 ( 0.179)	Data  0.000 ( 0.000)	Loss 0.0000e+00 (0.0000e+00)	Acc@1 100.00 (100.00)	Acc@5 100.00 (100.00)
21-Jan-26 19:36:11 - Epoch: [78][ 999/1176]	Time  0.176 ( 0.179)	Data  0.000 ( 0.000)	Loss 0.0000e+00 (0.0000e+00)	Acc@1 100.00 (100.00)	Acc@5 100.00 (100.00)
21-Jan-26 19:36:29 - Epoch: [78][1099/1176]	Time  0.177 ( 0.179)	Data  0.000 ( 0.000)	Loss 0.0000e+00 (0.0000e+00)	Acc@1 100.00 (100.00)	Acc@5 100.00 (100.00)
21-Jan-26 19:36:42 -  @Training * Acc@1 100.000 Acc@5 100.000 Loss 0.000
21-Jan-26 19:36:42 - One training epoch latency: 210.8s | Avg Power: 242.7W | Energy: 51162.0926J
21-Jan-26 19:36:56 -  @Testing * Acc@1 95.486 Acc@5 99.653 Loss 2.205
21-Jan-26 19:36:56 - Best acc at epoch 78: 96.18055725097656
21-Jan-26 19:36:56 - Last learning rate: [1.220703125e-07]
21-Jan-26 19:36:56 - 	 Epoch 79...
21-Jan-26 19:37:14 - Epoch: [79][  99/1176]	Time  0.176 ( 0.182)	Data  0.000 ( 0.002)	Loss 0.0000e+00 (0.0000e+00)	Acc@1 100.00 (100.00)	Acc@5 100.00 (100.00)
21-Jan-26 19:37:32 - Epoch: [79][ 199/1176]	Time  0.177 ( 0.181)	Data  0.000 ( 0.001)	Loss 0.0000e+00 (0.0000e+00)	Acc@1 100.00 (100.00)	Acc@5 100.00 (100.00)
21-Jan-26 19:37:50 - Epoch: [79][ 299/1176]	Time  0.179 ( 0.181)	Data  0.000 ( 0.001)	Loss 0.0000e+00 (0.0000e+00)	Acc@1 100.00 (100.00)	Acc@5 100.00 (100.00)
21-Jan-26 19:38:08 - Epoch: [79][ 399/1176]	Time  0.191 ( 0.180)	Data  0.000 ( 0.001)	Loss 0.0000e+00 (0.0000e+00)	Acc@1 100.00 (100.00)	Acc@5 100.00 (100.00)
21-Jan-26 19:38:26 - Epoch: [79][ 499/1176]	Time  0.179 ( 0.180)	Data  0.000 ( 0.001)	Loss 0.0000e+00 (0.0000e+00)	Acc@1 100.00 (100.00)	Acc@5 100.00 (100.00)
21-Jan-26 19:38:44 - Epoch: [79][ 599/1176]	Time  0.177 ( 0.180)	Data  0.000 ( 0.001)	Loss 0.0000e+00 (0.0000e+00)	Acc@1 100.00 (100.00)	Acc@5 100.00 (100.00)
21-Jan-26 19:39:02 - Epoch: [79][ 699/1176]	Time  0.177 ( 0.180)	Data  0.000 ( 0.000)	Loss 0.0000e+00 (0.0000e+00)	Acc@1 100.00 (100.00)	Acc@5 100.00 (100.00)
21-Jan-26 19:39:20 - Epoch: [79][ 799/1176]	Time  0.177 ( 0.180)	Data  0.000 ( 0.000)	Loss 0.0000e+00 (0.0000e+00)	Acc@1 100.00 (100.00)	Acc@5 100.00 (100.00)
21-Jan-26 19:39:38 - Epoch: [79][ 899/1176]	Time  0.176 ( 0.179)	Data  0.000 ( 0.000)	Loss 0.0000e+00 (0.0000e+00)	Acc@1 100.00 (100.00)	Acc@5 100.00 (100.00)
21-Jan-26 19:39:55 - Epoch: [79][ 999/1176]	Time  0.173 ( 0.179)	Data  0.000 ( 0.000)	Loss 0.0000e+00 (0.0000e+00)	Acc@1 100.00 (100.00)	Acc@5 100.00 (100.00)
21-Jan-26 19:40:13 - Epoch: [79][1099/1176]	Time  0.177 ( 0.179)	Data  0.000 ( 0.000)	Loss 0.0000e+00 (0.0000e+00)	Acc@1 100.00 (100.00)	Acc@5 100.00 (100.00)
21-Jan-26 19:40:27 -  @Training * Acc@1 100.000 Acc@5 100.000 Loss 0.000
21-Jan-26 19:40:27 - One training epoch latency: 211.0s | Avg Power: 242.5W | Energy: 51158.6930J
21-Jan-26 19:40:41 -  @Testing * Acc@1 95.486 Acc@5 99.653 Loss 2.227
21-Jan-26 19:40:41 - Best acc at epoch 79: 96.18055725097656
21-Jan-26 19:40:41 - Last learning rate: [1.220703125e-07]
21-Jan-26 19:40:41 - 	 Epoch 80...
21-Jan-26 19:40:59 - Epoch: [80][  99/1176]	Time  0.180 ( 0.182)	Data  0.000 ( 0.002)	Loss 0.0000e+00 (0.0000e+00)	Acc@1 100.00 (100.00)	Acc@5 100.00 (100.00)
21-Jan-26 19:41:17 - Epoch: [80][ 199/1176]	Time  0.177 ( 0.181)	Data  0.000 ( 0.001)	Loss 0.0000e+00 (0.0000e+00)	Acc@1 100.00 (100.00)	Acc@5 100.00 (100.00)
21-Jan-26 19:41:35 - Epoch: [80][ 299/1176]	Time  0.177 ( 0.180)	Data  0.000 ( 0.001)	Loss 0.0000e+00 (0.0000e+00)	Acc@1 100.00 (100.00)	Acc@5 100.00 (100.00)
21-Jan-26 19:41:53 - Epoch: [80][ 399/1176]	Time  0.180 ( 0.180)	Data  0.000 ( 0.001)	Loss 0.0000e+00 (0.0000e+00)	Acc@1 100.00 (100.00)	Acc@5 100.00 (100.00)
21-Jan-26 19:42:11 - Epoch: [80][ 499/1176]	Time  0.176 ( 0.180)	Data  0.000 ( 0.001)	Loss 0.0000e+00 (0.0000e+00)	Acc@1 100.00 (100.00)	Acc@5 100.00 (100.00)
21-Jan-26 19:42:29 - Epoch: [80][ 599/1176]	Time  0.177 ( 0.180)	Data  0.000 ( 0.001)	Loss 0.0000e+00 (0.0000e+00)	Acc@1 100.00 (100.00)	Acc@5 100.00 (100.00)
21-Jan-26 19:42:46 - Epoch: [80][ 699/1176]	Time  0.176 ( 0.180)	Data  0.000 ( 0.000)	Loss 0.0000e+00 (0.0000e+00)	Acc@1 100.00 (100.00)	Acc@5 100.00 (100.00)
21-Jan-26 19:43:04 - Epoch: [80][ 799/1176]	Time  0.179 ( 0.180)	Data  0.000 ( 0.000)	Loss 0.0000e+00 (0.0000e+00)	Acc@1 100.00 (100.00)	Acc@5 100.00 (100.00)
21-Jan-26 19:43:22 - Epoch: [80][ 899/1176]	Time  0.176 ( 0.179)	Data  0.000 ( 0.000)	Loss 0.0000e+00 (0.0000e+00)	Acc@1 100.00 (100.00)	Acc@5 100.00 (100.00)
21-Jan-26 19:43:40 - Epoch: [80][ 999/1176]	Time  0.185 ( 0.179)	Data  0.000 ( 0.000)	Loss 0.0000e+00 (0.0000e+00)	Acc@1 100.00 (100.00)	Acc@5 100.00 (100.00)
21-Jan-26 19:43:58 - Epoch: [80][1099/1176]	Time  0.176 ( 0.179)	Data  0.000 ( 0.000)	Loss 0.0000e+00 (0.0000e+00)	Acc@1 100.00 (100.00)	Acc@5 100.00 (100.00)
21-Jan-26 19:44:12 -  @Training * Acc@1 100.000 Acc@5 100.000 Loss 0.000
21-Jan-26 19:44:12 - One training epoch latency: 210.9s | Avg Power: 241.6W | Energy: 50954.0907J
21-Jan-26 19:44:25 -  @Testing * Acc@1 95.833 Acc@5 99.653 Loss 2.176
21-Jan-26 19:44:25 - Best acc at epoch 80: 96.18055725097656
21-Jan-26 19:44:25 - Last learning rate: [1.220703125e-07]
21-Jan-26 19:44:25 - 	 Epoch 81...
21-Jan-26 19:44:44 - Epoch: [81][  99/1176]	Time  0.177 ( 0.182)	Data  0.000 ( 0.002)	Loss 0.0000e+00 (0.0000e+00)	Acc@1 100.00 (100.00)	Acc@5 100.00 (100.00)
21-Jan-26 19:45:02 - Epoch: [81][ 199/1176]	Time  0.180 ( 0.181)	Data  0.000 ( 0.001)	Loss 0.0000e+00 (0.0000e+00)	Acc@1 100.00 (100.00)	Acc@5 100.00 (100.00)
21-Jan-26 19:45:19 - Epoch: [81][ 299/1176]	Time  0.177 ( 0.180)	Data  0.000 ( 0.001)	Loss 0.0000e+00 (0.0000e+00)	Acc@1 100.00 (100.00)	Acc@5 100.00 (100.00)
21-Jan-26 19:45:37 - Epoch: [81][ 399/1176]	Time  0.180 ( 0.180)	Data  0.000 ( 0.001)	Loss 0.0000e+00 (0.0000e+00)	Acc@1 100.00 (100.00)	Acc@5 100.00 (100.00)
21-Jan-26 19:45:55 - Epoch: [81][ 499/1176]	Time  0.179 ( 0.180)	Data  0.000 ( 0.001)	Loss 0.0000e+00 (0.0000e+00)	Acc@1 100.00 (100.00)	Acc@5 100.00 (100.00)
21-Jan-26 19:46:13 - Epoch: [81][ 599/1176]	Time  0.178 ( 0.180)	Data  0.000 ( 0.001)	Loss 0.0000e+00 (0.0000e+00)	Acc@1 100.00 (100.00)	Acc@5 100.00 (100.00)
21-Jan-26 19:46:31 - Epoch: [81][ 699/1176]	Time  0.193 ( 0.180)	Data  0.000 ( 0.000)	Loss 0.0000e+00 (0.0000e+00)	Acc@1 100.00 (100.00)	Acc@5 100.00 (100.00)
21-Jan-26 19:46:49 - Epoch: [81][ 799/1176]	Time  0.184 ( 0.180)	Data  0.000 ( 0.000)	Loss 0.0000e+00 (0.0000e+00)	Acc@1 100.00 (100.00)	Acc@5 100.00 (100.00)
21-Jan-26 19:47:07 - Epoch: [81][ 899/1176]	Time  0.177 ( 0.180)	Data  0.000 ( 0.000)	Loss 0.0000e+00 (0.0000e+00)	Acc@1 100.00 (100.00)	Acc@5 100.00 (100.00)
21-Jan-26 19:47:25 - Epoch: [81][ 999/1176]	Time  0.179 ( 0.179)	Data  0.000 ( 0.000)	Loss 0.0000e+00 (0.0000e+00)	Acc@1 100.00 (100.00)	Acc@5 100.00 (100.00)
21-Jan-26 19:47:43 - Epoch: [81][1099/1176]	Time  0.176 ( 0.179)	Data  0.000 ( 0.000)	Loss 0.0000e+00 (0.0000e+00)	Acc@1 100.00 (100.00)	Acc@5 100.00 (100.00)
21-Jan-26 19:47:56 -  @Training * Acc@1 100.000 Acc@5 100.000 Loss 0.000
21-Jan-26 19:47:56 - One training epoch latency: 210.9s | Avg Power: 242.4W | Energy: 51140.6309J
21-Jan-26 19:48:10 -  @Testing * Acc@1 95.486 Acc@5 99.653 Loss 2.229
21-Jan-26 19:48:10 - Best acc at epoch 81: 96.18055725097656
21-Jan-26 19:48:10 - Last learning rate: [6.103515625e-08]
21-Jan-26 19:48:10 - 	 Epoch 82...
21-Jan-26 19:48:28 - Epoch: [82][  99/1176]	Time  0.179 ( 0.182)	Data  0.000 ( 0.002)	Loss 0.0000e+00 (0.0000e+00)	Acc@1 100.00 (100.00)	Acc@5 100.00 (100.00)
21-Jan-26 19:48:46 - Epoch: [82][ 199/1176]	Time  0.174 ( 0.180)	Data  0.000 ( 0.001)	Loss 0.0000e+00 (0.0000e+00)	Acc@1 100.00 (100.00)	Acc@5 100.00 (100.00)
21-Jan-26 19:49:04 - Epoch: [82][ 299/1176]	Time  0.185 ( 0.180)	Data  0.000 ( 0.001)	Loss 0.0000e+00 (0.0000e+00)	Acc@1 100.00 (100.00)	Acc@5 100.00 (100.00)
21-Jan-26 19:49:22 - Epoch: [82][ 399/1176]	Time  0.184 ( 0.180)	Data  0.000 ( 0.001)	Loss 0.0000e+00 (0.0000e+00)	Acc@1 100.00 (100.00)	Acc@5 100.00 (100.00)
21-Jan-26 19:49:40 - Epoch: [82][ 499/1176]	Time  0.180 ( 0.180)	Data  0.000 ( 0.001)	Loss 0.0000e+00 (0.0000e+00)	Acc@1 100.00 (100.00)	Acc@5 100.00 (100.00)
21-Jan-26 19:49:58 - Epoch: [82][ 599/1176]	Time  0.176 ( 0.180)	Data  0.000 ( 0.001)	Loss 0.0000e+00 (0.0000e+00)	Acc@1 100.00 (100.00)	Acc@5 100.00 (100.00)
21-Jan-26 19:50:16 - Epoch: [82][ 699/1176]	Time  0.173 ( 0.179)	Data  0.000 ( 0.000)	Loss 0.0000e+00 (0.0000e+00)	Acc@1 100.00 (100.00)	Acc@5 100.00 (100.00)
21-Jan-26 19:50:34 - Epoch: [82][ 799/1176]	Time  0.177 ( 0.179)	Data  0.000 ( 0.000)	Loss 0.0000e+00 (0.0000e+00)	Acc@1 100.00 (100.00)	Acc@5 100.00 (100.00)
21-Jan-26 19:50:51 - Epoch: [82][ 899/1176]	Time  0.174 ( 0.179)	Data  0.000 ( 0.000)	Loss 0.0000e+00 (0.0000e+00)	Acc@1 100.00 (100.00)	Acc@5 100.00 (100.00)
21-Jan-26 19:51:09 - Epoch: [82][ 999/1176]	Time  0.183 ( 0.179)	Data  0.000 ( 0.000)	Loss 0.0000e+00 (0.0000e+00)	Acc@1 100.00 (100.00)	Acc@5 100.00 (100.00)
21-Jan-26 19:51:27 - Epoch: [82][1099/1176]	Time  0.188 ( 0.179)	Data  0.000 ( 0.000)	Loss 0.0000e+00 (0.0000e+00)	Acc@1 100.00 (100.00)	Acc@5 100.00 (100.00)
21-Jan-26 19:51:41 -  @Training * Acc@1 100.000 Acc@5 100.000 Loss 0.000
21-Jan-26 19:51:41 - One training epoch latency: 210.6s | Avg Power: 243.2W | Energy: 51218.3722J
21-Jan-26 19:51:54 -  @Testing * Acc@1 95.486 Acc@5 99.653 Loss 2.156
21-Jan-26 19:51:54 - Best acc at epoch 82: 96.18055725097656
21-Jan-26 19:51:54 - Last learning rate: [6.103515625e-08]
21-Jan-26 19:51:54 - 	 Epoch 83...
21-Jan-26 19:52:13 - Epoch: [83][  99/1176]	Time  0.176 ( 0.182)	Data  0.000 ( 0.002)	Loss 0.0000e+00 (0.0000e+00)	Acc@1 100.00 (100.00)	Acc@5 100.00 (100.00)
21-Jan-26 19:52:31 - Epoch: [83][ 199/1176]	Time  0.177 ( 0.181)	Data  0.000 ( 0.001)	Loss 0.0000e+00 (0.0000e+00)	Acc@1 100.00 (100.00)	Acc@5 100.00 (100.00)
21-Jan-26 19:52:48 - Epoch: [83][ 299/1176]	Time  0.177 ( 0.180)	Data  0.000 ( 0.001)	Loss 0.0000e+00 (0.0000e+00)	Acc@1 100.00 (100.00)	Acc@5 100.00 (100.00)
21-Jan-26 19:53:06 - Epoch: [83][ 399/1176]	Time  0.180 ( 0.180)	Data  0.000 ( 0.001)	Loss 0.0000e+00 (0.0000e+00)	Acc@1 100.00 (100.00)	Acc@5 100.00 (100.00)
21-Jan-26 19:53:24 - Epoch: [83][ 499/1176]	Time  0.174 ( 0.180)	Data  0.000 ( 0.001)	Loss 0.0000e+00 (0.0000e+00)	Acc@1 100.00 (100.00)	Acc@5 100.00 (100.00)
21-Jan-26 19:53:42 - Epoch: [83][ 599/1176]	Time  0.177 ( 0.180)	Data  0.000 ( 0.001)	Loss 0.0000e+00 (0.0000e+00)	Acc@1 100.00 (100.00)	Acc@5 100.00 (100.00)
21-Jan-26 19:54:00 - Epoch: [83][ 699/1176]	Time  0.194 ( 0.180)	Data  0.000 ( 0.000)	Loss 0.0000e+00 (0.0000e+00)	Acc@1 100.00 (100.00)	Acc@5 100.00 (100.00)
21-Jan-26 19:54:18 - Epoch: [83][ 799/1176]	Time  0.186 ( 0.180)	Data  0.000 ( 0.000)	Loss 0.0000e+00 (0.0000e+00)	Acc@1 100.00 (100.00)	Acc@5 100.00 (100.00)
21-Jan-26 19:54:36 - Epoch: [83][ 899/1176]	Time  0.176 ( 0.179)	Data  0.000 ( 0.000)	Loss 0.0000e+00 (0.0000e+00)	Acc@1 100.00 (100.00)	Acc@5 100.00 (100.00)
21-Jan-26 19:54:54 - Epoch: [83][ 999/1176]	Time  0.176 ( 0.179)	Data  0.000 ( 0.000)	Loss 0.0000e+00 (0.0000e+00)	Acc@1 100.00 (100.00)	Acc@5 100.00 (100.00)
21-Jan-26 19:55:12 - Epoch: [83][1099/1176]	Time  0.176 ( 0.179)	Data  0.000 ( 0.000)	Loss 0.0000e+00 (0.0000e+00)	Acc@1 100.00 (100.00)	Acc@5 100.00 (100.00)
21-Jan-26 19:55:26 -  @Training * Acc@1 100.000 Acc@5 100.000 Loss 0.000
21-Jan-26 19:55:26 - One training epoch latency: 211.3s | Avg Power: 241.1W | Energy: 50954.0788J
21-Jan-26 19:55:40 -  @Testing * Acc@1 95.486 Acc@5 99.653 Loss 2.191
21-Jan-26 19:55:40 - Best acc at epoch 83: 96.18055725097656
21-Jan-26 19:55:40 - Last learning rate: [6.103515625e-08]
21-Jan-26 19:55:40 - 	 Epoch 84...
21-Jan-26 19:55:58 - Epoch: [84][  99/1176]	Time  0.177 ( 0.182)	Data  0.000 ( 0.002)	Loss 0.0000e+00 (0.0000e+00)	Acc@1 100.00 (100.00)	Acc@5 100.00 (100.00)
21-Jan-26 19:56:16 - Epoch: [84][ 199/1176]	Time  0.177 ( 0.181)	Data  0.000 ( 0.001)	Loss 0.0000e+00 (0.0000e+00)	Acc@1 100.00 (100.00)	Acc@5 100.00 (100.00)
21-Jan-26 19:56:34 - Epoch: [84][ 299/1176]	Time  0.177 ( 0.180)	Data  0.000 ( 0.001)	Loss 0.0000e+00 (0.0000e+00)	Acc@1 100.00 (100.00)	Acc@5 100.00 (100.00)
21-Jan-26 19:56:52 - Epoch: [84][ 399/1176]	Time  0.180 ( 0.180)	Data  0.000 ( 0.001)	Loss 0.0000e+00 (0.0000e+00)	Acc@1 100.00 (100.00)	Acc@5 100.00 (100.00)
21-Jan-26 19:57:10 - Epoch: [84][ 499/1176]	Time  0.180 ( 0.180)	Data  0.000 ( 0.001)	Loss 0.0000e+00 (0.0000e+00)	Acc@1 100.00 (100.00)	Acc@5 100.00 (100.00)
21-Jan-26 19:57:28 - Epoch: [84][ 599/1176]	Time  0.180 ( 0.180)	Data  0.000 ( 0.000)	Loss 0.0000e+00 (0.0000e+00)	Acc@1 100.00 (100.00)	Acc@5 100.00 (100.00)
21-Jan-26 19:57:45 - Epoch: [84][ 699/1176]	Time  0.177 ( 0.179)	Data  0.000 ( 0.000)	Loss 0.0000e+00 (0.0000e+00)	Acc@1 100.00 (100.00)	Acc@5 100.00 (100.00)
21-Jan-26 19:58:03 - Epoch: [84][ 799/1176]	Time  0.176 ( 0.179)	Data  0.000 ( 0.000)	Loss 0.0000e+00 (0.0000e+00)	Acc@1 100.00 (100.00)	Acc@5 100.00 (100.00)
21-Jan-26 19:58:21 - Epoch: [84][ 899/1176]	Time  0.183 ( 0.179)	Data  0.000 ( 0.000)	Loss 0.0000e+00 (0.0000e+00)	Acc@1 100.00 (100.00)	Acc@5 100.00 (100.00)
21-Jan-26 19:58:39 - Epoch: [84][ 999/1176]	Time  0.177 ( 0.179)	Data  0.000 ( 0.000)	Loss 0.0000e+00 (0.0000e+00)	Acc@1 100.00 (100.00)	Acc@5 100.00 (100.00)
21-Jan-26 19:58:57 - Epoch: [84][1099/1176]	Time  0.190 ( 0.179)	Data  0.000 ( 0.000)	Loss 0.0000e+00 (0.0000e+00)	Acc@1 100.00 (100.00)	Acc@5 100.00 (100.00)
21-Jan-26 19:59:10 -  @Training * Acc@1 100.000 Acc@5 100.000 Loss 0.000
21-Jan-26 19:59:10 - One training epoch latency: 210.7s | Avg Power: 241.7W | Energy: 50929.8130J
21-Jan-26 19:59:24 -  @Testing * Acc@1 95.486 Acc@5 99.653 Loss 2.203
21-Jan-26 19:59:24 - Best acc at epoch 84: 96.18055725097656
21-Jan-26 19:59:24 - Last learning rate: [6.103515625e-08]
21-Jan-26 19:59:24 - 	 Epoch 85...
21-Jan-26 19:59:42 - Epoch: [85][  99/1176]	Time  0.179 ( 0.182)	Data  0.000 ( 0.002)	Loss 0.0000e+00 (0.0000e+00)	Acc@1 100.00 (100.00)	Acc@5 100.00 (100.00)
21-Jan-26 20:00:00 - Epoch: [85][ 199/1176]	Time  0.174 ( 0.181)	Data  0.000 ( 0.001)	Loss 0.0000e+00 (0.0000e+00)	Acc@1 100.00 (100.00)	Acc@5 100.00 (100.00)
21-Jan-26 20:00:18 - Epoch: [85][ 299/1176]	Time  0.200 ( 0.180)	Data  0.000 ( 0.001)	Loss 0.0000e+00 (0.0000e+00)	Acc@1 100.00 (100.00)	Acc@5 100.00 (100.00)
21-Jan-26 20:00:36 - Epoch: [85][ 399/1176]	Time  0.184 ( 0.180)	Data  0.000 ( 0.001)	Loss 0.0000e+00 (0.0000e+00)	Acc@1 100.00 (100.00)	Acc@5 100.00 (100.00)
21-Jan-26 20:00:54 - Epoch: [85][ 499/1176]	Time  0.177 ( 0.180)	Data  0.000 ( 0.001)	Loss 0.0000e+00 (0.0000e+00)	Acc@1 100.00 (100.00)	Acc@5 100.00 (100.00)
21-Jan-26 20:01:12 - Epoch: [85][ 599/1176]	Time  0.176 ( 0.180)	Data  0.000 ( 0.001)	Loss 0.0000e+00 (0.0000e+00)	Acc@1 100.00 (100.00)	Acc@5 100.00 (100.00)
21-Jan-26 20:01:30 - Epoch: [85][ 699/1176]	Time  0.176 ( 0.179)	Data  0.000 ( 0.000)	Loss 0.0000e+00 (0.0000e+00)	Acc@1 100.00 (100.00)	Acc@5 100.00 (100.00)
21-Jan-26 20:01:48 - Epoch: [85][ 799/1176]	Time  0.179 ( 0.179)	Data  0.000 ( 0.000)	Loss 0.0000e+00 (0.0000e+00)	Acc@1 100.00 (100.00)	Acc@5 100.00 (100.00)
21-Jan-26 20:02:05 - Epoch: [85][ 899/1176]	Time  0.176 ( 0.179)	Data  0.000 ( 0.000)	Loss 0.0000e+00 (0.0000e+00)	Acc@1 100.00 (100.00)	Acc@5 100.00 (100.00)
21-Jan-26 20:02:23 - Epoch: [85][ 999/1176]	Time  0.176 ( 0.179)	Data  0.000 ( 0.000)	Loss 0.0000e+00 (0.0000e+00)	Acc@1 100.00 (100.00)	Acc@5 100.00 (100.00)
21-Jan-26 20:02:41 - Epoch: [85][1099/1176]	Time  0.176 ( 0.179)	Data  0.000 ( 0.000)	Loss 0.0000e+00 (0.0000e+00)	Acc@1 100.00 (100.00)	Acc@5 100.00 (100.00)
21-Jan-26 20:02:55 -  @Training * Acc@1 100.000 Acc@5 100.000 Loss 0.000
21-Jan-26 20:02:55 - One training epoch latency: 210.7s | Avg Power: 243.0W | Energy: 51213.2090J
21-Jan-26 20:03:08 -  @Testing * Acc@1 95.486 Acc@5 99.653 Loss 2.185
21-Jan-26 20:03:08 - Best acc at epoch 85: 96.18055725097656
21-Jan-26 20:03:09 - Last learning rate: [6.103515625e-08]
21-Jan-26 20:03:09 - 	 Epoch 86...
21-Jan-26 20:03:27 - Epoch: [86][  99/1176]	Time  0.194 ( 0.182)	Data  0.000 ( 0.002)	Loss 0.0000e+00 (0.0000e+00)	Acc@1 100.00 (100.00)	Acc@5 100.00 (100.00)
21-Jan-26 20:03:45 - Epoch: [86][ 199/1176]	Time  0.177 ( 0.180)	Data  0.000 ( 0.001)	Loss 0.0000e+00 (0.0000e+00)	Acc@1 100.00 (100.00)	Acc@5 100.00 (100.00)
21-Jan-26 20:04:03 - Epoch: [86][ 299/1176]	Time  0.176 ( 0.180)	Data  0.000 ( 0.001)	Loss 0.0000e+00 (0.0000e+00)	Acc@1 100.00 (100.00)	Acc@5 100.00 (100.00)
21-Jan-26 20:04:20 - Epoch: [86][ 399/1176]	Time  0.179 ( 0.180)	Data  0.000 ( 0.001)	Loss 0.0000e+00 (0.0000e+00)	Acc@1 100.00 (100.00)	Acc@5 100.00 (100.00)
21-Jan-26 20:04:38 - Epoch: [86][ 499/1176]	Time  0.179 ( 0.180)	Data  0.000 ( 0.001)	Loss 0.0000e+00 (0.0000e+00)	Acc@1 100.00 (100.00)	Acc@5 100.00 (100.00)
21-Jan-26 20:04:56 - Epoch: [86][ 599/1176]	Time  0.195 ( 0.179)	Data  0.000 ( 0.001)	Loss 0.0000e+00 (0.0000e+00)	Acc@1 100.00 (100.00)	Acc@5 100.00 (100.00)
21-Jan-26 20:05:14 - Epoch: [86][ 699/1176]	Time  0.184 ( 0.179)	Data  0.000 ( 0.001)	Loss 0.0000e+00 (0.0000e+00)	Acc@1 100.00 (100.00)	Acc@5 100.00 (100.00)
21-Jan-26 20:05:32 - Epoch: [86][ 799/1176]	Time  0.176 ( 0.179)	Data  0.000 ( 0.000)	Loss 0.0000e+00 (0.0000e+00)	Acc@1 100.00 (100.00)	Acc@5 100.00 (100.00)
21-Jan-26 20:05:50 - Epoch: [86][ 899/1176]	Time  0.177 ( 0.179)	Data  0.000 ( 0.000)	Loss 0.0000e+00 (0.0000e+00)	Acc@1 100.00 (100.00)	Acc@5 100.00 (100.00)
21-Jan-26 20:06:08 - Epoch: [86][ 999/1176]	Time  0.179 ( 0.179)	Data  0.000 ( 0.000)	Loss 0.0000e+00 (0.0000e+00)	Acc@1 100.00 (100.00)	Acc@5 100.00 (100.00)
21-Jan-26 20:06:25 - Epoch: [86][1099/1176]	Time  0.176 ( 0.179)	Data  0.000 ( 0.000)	Loss 0.0000e+00 (0.0000e+00)	Acc@1 100.00 (100.00)	Acc@5 100.00 (100.00)
21-Jan-26 20:06:39 -  @Training * Acc@1 100.000 Acc@5 100.000 Loss 0.000
21-Jan-26 20:06:39 - One training epoch latency: 210.5s | Avg Power: 241.7W | Energy: 50877.7455J
21-Jan-26 20:06:53 -  @Testing * Acc@1 95.833 Acc@5 99.653 Loss 2.212
21-Jan-26 20:06:53 - Best acc at epoch 86: 96.18055725097656
21-Jan-26 20:06:53 - Last learning rate: [6.103515625e-08]
21-Jan-26 20:06:53 - 	 Epoch 87...
21-Jan-26 20:07:11 - Epoch: [87][  99/1176]	Time  0.194 ( 0.181)	Data  0.000 ( 0.002)	Loss 0.0000e+00 (0.0000e+00)	Acc@1 100.00 (100.00)	Acc@5 100.00 (100.00)
21-Jan-26 20:07:29 - Epoch: [87][ 199/1176]	Time  0.187 ( 0.180)	Data  0.000 ( 0.001)	Loss 0.0000e+00 (0.0000e+00)	Acc@1 100.00 (100.00)	Acc@5 100.00 (100.00)
21-Jan-26 20:07:47 - Epoch: [87][ 299/1176]	Time  0.176 ( 0.180)	Data  0.000 ( 0.001)	Loss 0.0000e+00 (0.0000e+00)	Acc@1 100.00 (100.00)	Acc@5 100.00 (100.00)
21-Jan-26 20:08:05 - Epoch: [87][ 399/1176]	Time  0.177 ( 0.180)	Data  0.000 ( 0.001)	Loss 0.0000e+00 (0.0000e+00)	Acc@1 100.00 (100.00)	Acc@5 100.00 (100.00)
21-Jan-26 20:08:23 - Epoch: [87][ 499/1176]	Time  0.176 ( 0.179)	Data  0.000 ( 0.001)	Loss 0.0000e+00 (0.0000e+00)	Acc@1 100.00 (100.00)	Acc@5 100.00 (100.00)
21-Jan-26 20:08:41 - Epoch: [87][ 599/1176]	Time  0.176 ( 0.179)	Data  0.000 ( 0.001)	Loss 0.0000e+00 (0.0000e+00)	Acc@1 100.00 (100.00)	Acc@5 100.00 (100.00)
21-Jan-26 20:08:58 - Epoch: [87][ 699/1176]	Time  0.176 ( 0.179)	Data  0.000 ( 0.001)	Loss 0.0000e+00 (0.0000e+00)	Acc@1 100.00 (100.00)	Acc@5 100.00 (100.00)
21-Jan-26 20:09:16 - Epoch: [87][ 799/1176]	Time  0.177 ( 0.179)	Data  0.000 ( 0.000)	Loss 0.0000e+00 (0.0000e+00)	Acc@1 100.00 (100.00)	Acc@5 100.00 (100.00)
21-Jan-26 20:09:34 - Epoch: [87][ 899/1176]	Time  0.197 ( 0.179)	Data  0.000 ( 0.000)	Loss 0.0000e+00 (0.0000e+00)	Acc@1 100.00 (100.00)	Acc@5 100.00 (100.00)
21-Jan-26 20:09:52 - Epoch: [87][ 999/1176]	Time  0.176 ( 0.179)	Data  0.000 ( 0.000)	Loss 0.0000e+00 (0.0000e+00)	Acc@1 100.00 (100.00)	Acc@5 100.00 (100.00)
21-Jan-26 20:10:10 - Epoch: [87][1099/1176]	Time  0.177 ( 0.179)	Data  0.000 ( 0.000)	Loss 0.0000e+00 (0.0000e+00)	Acc@1 100.00 (100.00)	Acc@5 100.00 (100.00)
21-Jan-26 20:10:23 -  @Training * Acc@1 100.000 Acc@5 100.000 Loss 0.000
21-Jan-26 20:10:24 - One training epoch latency: 210.5s | Avg Power: 241.7W | Energy: 50863.9992J
21-Jan-26 20:10:37 -  @Testing * Acc@1 95.486 Acc@5 99.653 Loss 2.170
21-Jan-26 20:10:37 - Best acc at epoch 87: 96.18055725097656
21-Jan-26 20:10:37 - Last learning rate: [3.0517578125e-08]
21-Jan-26 20:10:37 - 	 Epoch 88...
21-Jan-26 20:10:55 - Epoch: [88][  99/1176]	Time  0.179 ( 0.182)	Data  0.000 ( 0.002)	Loss 0.0000e+00 (0.0000e+00)	Acc@1 100.00 (100.00)	Acc@5 100.00 (100.00)
21-Jan-26 20:11:13 - Epoch: [88][ 199/1176]	Time  0.177 ( 0.180)	Data  0.000 ( 0.001)	Loss 0.0000e+00 (0.0000e+00)	Acc@1 100.00 (100.00)	Acc@5 100.00 (100.00)
21-Jan-26 20:11:31 - Epoch: [88][ 299/1176]	Time  0.177 ( 0.180)	Data  0.000 ( 0.001)	Loss 0.0000e+00 (0.0000e+00)	Acc@1 100.00 (100.00)	Acc@5 100.00 (100.00)
21-Jan-26 20:11:49 - Epoch: [88][ 399/1176]	Time  0.197 ( 0.180)	Data  0.000 ( 0.001)	Loss 0.0000e+00 (0.0000e+00)	Acc@1 100.00 (100.00)	Acc@5 100.00 (100.00)
21-Jan-26 20:12:07 - Epoch: [88][ 499/1176]	Time  0.185 ( 0.180)	Data  0.000 ( 0.001)	Loss 0.0000e+00 (0.0000e+00)	Acc@1 100.00 (100.00)	Acc@5 100.00 (100.00)
21-Jan-26 20:12:25 - Epoch: [88][ 599/1176]	Time  0.194 ( 0.180)	Data  0.000 ( 0.001)	Loss 0.0000e+00 (0.0000e+00)	Acc@1 100.00 (100.00)	Acc@5 100.00 (100.00)
21-Jan-26 20:12:43 - Epoch: [88][ 699/1176]	Time  0.184 ( 0.180)	Data  0.000 ( 0.000)	Loss 0.0000e+00 (0.0000e+00)	Acc@1 100.00 (100.00)	Acc@5 100.00 (100.00)
21-Jan-26 20:13:01 - Epoch: [88][ 799/1176]	Time  0.177 ( 0.180)	Data  0.000 ( 0.000)	Loss 0.0000e+00 (0.0000e+00)	Acc@1 100.00 (100.00)	Acc@5 100.00 (100.00)
21-Jan-26 20:13:19 - Epoch: [88][ 899/1176]	Time  0.174 ( 0.179)	Data  0.000 ( 0.000)	Loss 0.0000e+00 (0.0000e+00)	Acc@1 100.00 (100.00)	Acc@5 100.00 (100.00)
21-Jan-26 20:13:37 - Epoch: [88][ 999/1176]	Time  0.176 ( 0.179)	Data  0.000 ( 0.000)	Loss 0.0000e+00 (0.0000e+00)	Acc@1 100.00 (100.00)	Acc@5 100.00 (100.00)
21-Jan-26 20:13:54 - Epoch: [88][1099/1176]	Time  0.177 ( 0.179)	Data  0.000 ( 0.000)	Loss 0.0000e+00 (0.0000e+00)	Acc@1 100.00 (100.00)	Acc@5 100.00 (100.00)
21-Jan-26 20:14:08 -  @Training * Acc@1 100.000 Acc@5 100.000 Loss 0.000
21-Jan-26 20:14:08 - One training epoch latency: 210.9s | Avg Power: 243.0W | Energy: 51249.2915J
21-Jan-26 20:14:22 -  @Testing * Acc@1 95.833 Acc@5 99.653 Loss 2.155
21-Jan-26 20:14:22 - Best acc at epoch 88: 96.18055725097656
21-Jan-26 20:14:22 - Last learning rate: [3.0517578125e-08]
21-Jan-26 20:14:22 - 	 Epoch 89...
21-Jan-26 20:14:40 - Epoch: [89][  99/1176]	Time  0.189 ( 0.182)	Data  0.000 ( 0.003)	Loss 0.0000e+00 (0.0000e+00)	Acc@1 100.00 (100.00)	Acc@5 100.00 (100.00)
21-Jan-26 20:14:58 - Epoch: [89][ 199/1176]	Time  0.185 ( 0.181)	Data  0.000 ( 0.001)	Loss 0.0000e+00 (0.0000e+00)	Acc@1 100.00 (100.00)	Acc@5 100.00 (100.00)
21-Jan-26 20:15:16 - Epoch: [89][ 299/1176]	Time  0.176 ( 0.180)	Data  0.000 ( 0.001)	Loss 0.0000e+00 (0.0000e+00)	Acc@1 100.00 (100.00)	Acc@5 100.00 (100.00)
21-Jan-26 20:15:34 - Epoch: [89][ 399/1176]	Time  0.177 ( 0.180)	Data  0.000 ( 0.001)	Loss 0.0000e+00 (0.0000e+00)	Acc@1 100.00 (100.00)	Acc@5 100.00 (100.00)
21-Jan-26 20:15:52 - Epoch: [89][ 499/1176]	Time  0.180 ( 0.180)	Data  0.000 ( 0.001)	Loss 0.0000e+00 (0.0000e+00)	Acc@1 100.00 (100.00)	Acc@5 100.00 (100.00)
21-Jan-26 20:16:10 - Epoch: [89][ 599/1176]	Time  0.177 ( 0.180)	Data  0.000 ( 0.001)	Loss 0.0000e+00 (0.0000e+00)	Acc@1 100.00 (100.00)	Acc@5 100.00 (100.00)
21-Jan-26 20:16:28 - Epoch: [89][ 699/1176]	Time  0.176 ( 0.180)	Data  0.000 ( 0.001)	Loss 0.0000e+00 (0.0000e+00)	Acc@1 100.00 (100.00)	Acc@5 100.00 (100.00)
21-Jan-26 20:16:46 - Epoch: [89][ 799/1176]	Time  0.177 ( 0.180)	Data  0.000 ( 0.000)	Loss 0.0000e+00 (0.0000e+00)	Acc@1 100.00 (100.00)	Acc@5 100.00 (100.00)
21-Jan-26 20:17:03 - Epoch: [89][ 899/1176]	Time  0.174 ( 0.179)	Data  0.000 ( 0.000)	Loss 0.0000e+00 (0.0000e+00)	Acc@1 100.00 (100.00)	Acc@5 100.00 (100.00)
21-Jan-26 20:17:21 - Epoch: [89][ 999/1176]	Time  0.176 ( 0.179)	Data  0.000 ( 0.000)	Loss 0.0000e+00 (0.0000e+00)	Acc@1 100.00 (100.00)	Acc@5 100.00 (100.00)
21-Jan-26 20:17:39 - Epoch: [89][1099/1176]	Time  0.189 ( 0.179)	Data  0.000 ( 0.000)	Loss 0.0000e+00 (0.0000e+00)	Acc@1 100.00 (100.00)	Acc@5 100.00 (100.00)
21-Jan-26 20:17:53 -  @Training * Acc@1 100.000 Acc@5 100.000 Loss 0.000
21-Jan-26 20:17:53 - One training epoch latency: 210.8s | Avg Power: 246.0W | Energy: 51877.3801J
21-Jan-26 20:18:06 -  @Testing * Acc@1 95.486 Acc@5 99.653 Loss 2.146
21-Jan-26 20:18:06 - Best acc at epoch 89: 96.18055725097656
21-Jan-26 20:18:06 - Last learning rate: [3.0517578125e-08]
21-Jan-26 20:18:06 - 	 Epoch 90...
21-Jan-26 20:18:25 - Epoch: [90][  99/1176]	Time  0.177 ( 0.181)	Data  0.000 ( 0.002)	Loss 0.0000e+00 (0.0000e+00)	Acc@1 100.00 (100.00)	Acc@5 100.00 (100.00)
21-Jan-26 20:18:43 - Epoch: [90][ 199/1176]	Time  0.177 ( 0.180)	Data  0.000 ( 0.001)	Loss 0.0000e+00 (0.0000e+00)	Acc@1 100.00 (100.00)	Acc@5 100.00 (100.00)
21-Jan-26 20:19:00 - Epoch: [90][ 299/1176]	Time  0.177 ( 0.180)	Data  0.000 ( 0.001)	Loss 0.0000e+00 (0.0000e+00)	Acc@1 100.00 (100.00)	Acc@5 100.00 (100.00)
21-Jan-26 20:19:18 - Epoch: [90][ 399/1176]	Time  0.176 ( 0.180)	Data  0.000 ( 0.001)	Loss 0.0000e+00 (0.0000e+00)	Acc@1 100.00 (100.00)	Acc@5 100.00 (100.00)
21-Jan-26 20:19:36 - Epoch: [90][ 499/1176]	Time  0.177 ( 0.179)	Data  0.000 ( 0.001)	Loss 0.0000e+00 (0.0000e+00)	Acc@1 100.00 (100.00)	Acc@5 100.00 (100.00)
21-Jan-26 20:19:54 - Epoch: [90][ 599/1176]	Time  0.181 ( 0.179)	Data  0.000 ( 0.001)	Loss 0.0000e+00 (0.0000e+00)	Acc@1 100.00 (100.00)	Acc@5 100.00 (100.00)
21-Jan-26 20:20:12 - Epoch: [90][ 699/1176]	Time  0.177 ( 0.179)	Data  0.000 ( 0.000)	Loss 0.0000e+00 (0.0000e+00)	Acc@1 100.00 (100.00)	Acc@5 100.00 (100.00)
21-Jan-26 20:20:30 - Epoch: [90][ 799/1176]	Time  0.176 ( 0.179)	Data  0.000 ( 0.000)	Loss 0.0000e+00 (0.0000e+00)	Acc@1 100.00 (100.00)	Acc@5 100.00 (100.00)
21-Jan-26 20:20:48 - Epoch: [90][ 899/1176]	Time  0.177 ( 0.179)	Data  0.000 ( 0.000)	Loss 0.0000e+00 (0.0000e+00)	Acc@1 100.00 (100.00)	Acc@5 100.00 (100.00)
21-Jan-26 20:21:06 - Epoch: [90][ 999/1176]	Time  0.176 ( 0.179)	Data  0.000 ( 0.000)	Loss 0.0000e+00 (0.0000e+00)	Acc@1 100.00 (100.00)	Acc@5 100.00 (100.00)
21-Jan-26 20:21:23 - Epoch: [90][1099/1176]	Time  0.177 ( 0.179)	Data  0.000 ( 0.000)	Loss 0.0000e+00 (0.0000e+00)	Acc@1 100.00 (100.00)	Acc@5 100.00 (100.00)
21-Jan-26 20:21:37 -  @Training * Acc@1 100.000 Acc@5 100.000 Loss 0.000
21-Jan-26 20:21:37 - One training epoch latency: 210.7s | Avg Power: 245.6W | Energy: 51729.5674J
21-Jan-26 20:21:51 -  @Testing * Acc@1 95.833 Acc@5 99.653 Loss 2.170
21-Jan-26 20:21:51 - Best acc at epoch 90: 96.18055725097656
21-Jan-26 20:21:51 - Last learning rate: [3.0517578125e-08]
21-Jan-26 20:21:51 - 	 Epoch 91...
21-Jan-26 20:22:09 - Epoch: [91][  99/1176]	Time  0.177 ( 0.182)	Data  0.000 ( 0.002)	Loss 0.0000e+00 (0.0000e+00)	Acc@1 100.00 (100.00)	Acc@5 100.00 (100.00)
21-Jan-26 20:22:27 - Epoch: [91][ 199/1176]	Time  0.194 ( 0.181)	Data  0.000 ( 0.001)	Loss 0.0000e+00 (0.0000e+00)	Acc@1 100.00 (100.00)	Acc@5 100.00 (100.00)
21-Jan-26 20:22:45 - Epoch: [91][ 299/1176]	Time  0.185 ( 0.180)	Data  0.000 ( 0.001)	Loss 0.0000e+00 (0.0000e+00)	Acc@1 100.00 (100.00)	Acc@5 100.00 (100.00)
21-Jan-26 20:23:03 - Epoch: [91][ 399/1176]	Time  0.185 ( 0.180)	Data  0.000 ( 0.001)	Loss 0.0000e+00 (0.0000e+00)	Acc@1 100.00 (100.00)	Acc@5 100.00 (100.00)
21-Jan-26 20:23:21 - Epoch: [91][ 499/1176]	Time  0.180 ( 0.180)	Data  0.000 ( 0.001)	Loss 0.0000e+00 (0.0000e+00)	Acc@1 100.00 (100.00)	Acc@5 100.00 (100.00)
21-Jan-26 20:23:39 - Epoch: [91][ 599/1176]	Time  0.177 ( 0.180)	Data  0.000 ( 0.001)	Loss 0.0000e+00 (0.0000e+00)	Acc@1 100.00 (100.00)	Acc@5 100.00 (100.00)
21-Jan-26 20:23:57 - Epoch: [91][ 699/1176]	Time  0.192 ( 0.180)	Data  0.000 ( 0.001)	Loss 0.0000e+00 (0.0000e+00)	Acc@1 100.00 (100.00)	Acc@5 100.00 (100.00)
21-Jan-26 20:24:15 - Epoch: [91][ 799/1176]	Time  0.177 ( 0.180)	Data  0.000 ( 0.000)	Loss 0.0000e+00 (0.0000e+00)	Acc@1 100.00 (100.00)	Acc@5 100.00 (100.00)
21-Jan-26 20:24:32 - Epoch: [91][ 899/1176]	Time  0.177 ( 0.179)	Data  0.000 ( 0.000)	Loss 0.0000e+00 (0.0000e+00)	Acc@1 100.00 (100.00)	Acc@5 100.00 (100.00)
21-Jan-26 20:24:50 - Epoch: [91][ 999/1176]	Time  0.177 ( 0.179)	Data  0.000 ( 0.000)	Loss 0.0000e+00 (0.0000e+00)	Acc@1 100.00 (100.00)	Acc@5 100.00 (100.00)
21-Jan-26 20:25:08 - Epoch: [91][1099/1176]	Time  0.203 ( 0.179)	Data  0.011 ( 0.000)	Loss 0.0000e+00 (0.0000e+00)	Acc@1 100.00 (100.00)	Acc@5 100.00 (100.00)
21-Jan-26 20:25:22 -  @Training * Acc@1 100.000 Acc@5 100.000 Loss 0.000
21-Jan-26 20:25:22 - One training epoch latency: 210.9s | Avg Power: 246.1W | Energy: 51901.5131J
21-Jan-26 20:25:36 -  @Testing * Acc@1 95.486 Acc@5 99.653 Loss 2.118
21-Jan-26 20:25:36 - Best acc at epoch 91: 96.18055725097656
21-Jan-26 20:25:36 - Last learning rate: [3.0517578125e-08]
21-Jan-26 20:25:36 - 	 Epoch 92...
21-Jan-26 20:25:54 - Epoch: [92][  99/1176]	Time  0.176 ( 0.181)	Data  0.000 ( 0.002)	Loss 0.0000e+00 (0.0000e+00)	Acc@1 100.00 (100.00)	Acc@5 100.00 (100.00)
21-Jan-26 20:26:12 - Epoch: [92][ 199/1176]	Time  0.174 ( 0.180)	Data  0.000 ( 0.001)	Loss 0.0000e+00 (0.0000e+00)	Acc@1 100.00 (100.00)	Acc@5 100.00 (100.00)
21-Jan-26 20:26:30 - Epoch: [92][ 299/1176]	Time  0.176 ( 0.180)	Data  0.000 ( 0.001)	Loss 0.0000e+00 (0.0000e+00)	Acc@1 100.00 (100.00)	Acc@5 100.00 (100.00)
21-Jan-26 20:26:48 - Epoch: [92][ 399/1176]	Time  0.179 ( 0.180)	Data  0.000 ( 0.001)	Loss 0.0000e+00 (0.0000e+00)	Acc@1 100.00 (100.00)	Acc@5 100.00 (100.00)
21-Jan-26 20:27:05 - Epoch: [92][ 499/1176]	Time  0.174 ( 0.180)	Data  0.000 ( 0.001)	Loss 0.0000e+00 (0.0000e+00)	Acc@1 100.00 (100.00)	Acc@5 100.00 (100.00)
21-Jan-26 20:27:23 - Epoch: [92][ 599/1176]	Time  0.177 ( 0.180)	Data  0.000 ( 0.001)	Loss 0.0000e+00 (0.0000e+00)	Acc@1 100.00 (100.00)	Acc@5 100.00 (100.00)
21-Jan-26 20:27:41 - Epoch: [92][ 699/1176]	Time  0.176 ( 0.179)	Data  0.000 ( 0.001)	Loss 0.0000e+00 (0.0000e+00)	Acc@1 100.00 (100.00)	Acc@5 100.00 (100.00)
21-Jan-26 20:27:59 - Epoch: [92][ 799/1176]	Time  0.187 ( 0.179)	Data  0.000 ( 0.000)	Loss 0.0000e+00 (0.0000e+00)	Acc@1 100.00 (100.00)	Acc@5 100.00 (100.00)
21-Jan-26 20:28:17 - Epoch: [92][ 899/1176]	Time  0.177 ( 0.179)	Data  0.000 ( 0.000)	Loss 0.0000e+00 (0.0000e+00)	Acc@1 100.00 (100.00)	Acc@5 100.00 (100.00)
21-Jan-26 20:28:35 - Epoch: [92][ 999/1176]	Time  0.176 ( 0.179)	Data  0.000 ( 0.000)	Loss 0.0000e+00 (0.0000e+00)	Acc@1 100.00 (100.00)	Acc@5 100.00 (100.00)
21-Jan-26 20:28:53 - Epoch: [92][1099/1176]	Time  0.177 ( 0.179)	Data  0.000 ( 0.000)	Loss 0.0000e+00 (0.0000e+00)	Acc@1 100.00 (100.00)	Acc@5 100.00 (100.00)
21-Jan-26 20:29:06 -  @Training * Acc@1 100.000 Acc@5 100.000 Loss 0.000
21-Jan-26 20:29:07 - One training epoch latency: 210.7s | Avg Power: 245.7W | Energy: 51778.1621J
21-Jan-26 20:29:20 -  @Testing * Acc@1 95.833 Acc@5 99.653 Loss 2.145
21-Jan-26 20:29:20 - Best acc at epoch 92: 96.18055725097656
21-Jan-26 20:29:20 - Last learning rate: [3.0517578125e-08]
21-Jan-26 20:29:20 - 	 Epoch 93...
21-Jan-26 20:29:38 - Epoch: [93][  99/1176]	Time  0.176 ( 0.182)	Data  0.000 ( 0.002)	Loss 0.0000e+00 (0.0000e+00)	Acc@1 100.00 (100.00)	Acc@5 100.00 (100.00)
21-Jan-26 20:29:56 - Epoch: [93][ 199/1176]	Time  0.179 ( 0.181)	Data  0.000 ( 0.001)	Loss 0.0000e+00 (0.0000e+00)	Acc@1 100.00 (100.00)	Acc@5 100.00 (100.00)
21-Jan-26 20:30:14 - Epoch: [93][ 299/1176]	Time  0.177 ( 0.180)	Data  0.000 ( 0.001)	Loss 0.0000e+00 (0.0000e+00)	Acc@1 100.00 (100.00)	Acc@5 100.00 (100.00)
21-Jan-26 20:30:32 - Epoch: [93][ 399/1176]	Time  0.192 ( 0.180)	Data  0.000 ( 0.001)	Loss 0.0000e+00 (0.0000e+00)	Acc@1 100.00 (100.00)	Acc@5 100.00 (100.00)
21-Jan-26 20:30:50 - Epoch: [93][ 499/1176]	Time  0.177 ( 0.179)	Data  0.000 ( 0.001)	Loss 0.0000e+00 (0.0000e+00)	Acc@1 100.00 (100.00)	Acc@5 100.00 (100.00)
21-Jan-26 20:31:08 - Epoch: [93][ 599/1176]	Time  0.177 ( 0.179)	Data  0.000 ( 0.001)	Loss 0.0000e+00 (0.0000e+00)	Acc@1 100.00 (100.00)	Acc@5 100.00 (100.00)
21-Jan-26 20:31:26 - Epoch: [93][ 699/1176]	Time  0.177 ( 0.179)	Data  0.000 ( 0.001)	Loss 0.0000e+00 (0.0000e+00)	Acc@1 100.00 (100.00)	Acc@5 100.00 (100.00)
21-Jan-26 20:31:44 - Epoch: [93][ 799/1176]	Time  0.179 ( 0.179)	Data  0.000 ( 0.000)	Loss 0.0000e+00 (0.0000e+00)	Acc@1 100.00 (100.00)	Acc@5 100.00 (100.00)
21-Jan-26 20:32:01 - Epoch: [93][ 899/1176]	Time  0.179 ( 0.179)	Data  0.000 ( 0.000)	Loss 0.0000e+00 (0.0000e+00)	Acc@1 100.00 (100.00)	Acc@5 100.00 (100.00)
21-Jan-26 20:32:19 - Epoch: [93][ 999/1176]	Time  0.176 ( 0.179)	Data  0.000 ( 0.000)	Loss 0.0000e+00 (0.0000e+00)	Acc@1 100.00 (100.00)	Acc@5 100.00 (100.00)
21-Jan-26 20:32:37 - Epoch: [93][1099/1176]	Time  0.176 ( 0.179)	Data  0.000 ( 0.000)	Loss 0.0000e+00 (0.0000e+00)	Acc@1 100.00 (100.00)	Acc@5 100.00 (100.00)
21-Jan-26 20:32:51 -  @Training * Acc@1 100.000 Acc@5 100.000 Loss 0.000
21-Jan-26 20:32:51 - One training epoch latency: 210.6s | Avg Power: 244.9W | Energy: 51557.2654J
21-Jan-26 20:33:04 -  @Testing * Acc@1 95.139 Acc@5 99.653 Loss 2.164
21-Jan-26 20:33:04 - Best acc at epoch 93: 96.18055725097656
21-Jan-26 20:33:05 - Last learning rate: [1.52587890625e-08]
21-Jan-26 20:33:05 - 	 Epoch 94...
21-Jan-26 20:33:23 - Epoch: [94][  99/1176]	Time  0.179 ( 0.181)	Data  0.000 ( 0.002)	Loss 0.0000e+00 (0.0000e+00)	Acc@1 100.00 (100.00)	Acc@5 100.00 (100.00)
21-Jan-26 20:33:41 - Epoch: [94][ 199/1176]	Time  0.180 ( 0.180)	Data  0.000 ( 0.001)	Loss 0.0000e+00 (0.0000e+00)	Acc@1 100.00 (100.00)	Acc@5 100.00 (100.00)
21-Jan-26 20:33:59 - Epoch: [94][ 299/1176]	Time  0.177 ( 0.180)	Data  0.000 ( 0.001)	Loss 0.0000e+00 (0.0000e+00)	Acc@1 100.00 (100.00)	Acc@5 100.00 (100.00)
21-Jan-26 20:34:16 - Epoch: [94][ 399/1176]	Time  0.179 ( 0.180)	Data  0.000 ( 0.001)	Loss 0.0000e+00 (0.0000e+00)	Acc@1 100.00 (100.00)	Acc@5 100.00 (100.00)
21-Jan-26 20:34:34 - Epoch: [94][ 499/1176]	Time  0.177 ( 0.180)	Data  0.000 ( 0.001)	Loss 0.0000e+00 (0.0000e+00)	Acc@1 100.00 (100.00)	Acc@5 100.00 (100.00)
21-Jan-26 20:34:52 - Epoch: [94][ 599/1176]	Time  0.195 ( 0.179)	Data  0.000 ( 0.001)	Loss 0.0000e+00 (0.0000e+00)	Acc@1 100.00 (100.00)	Acc@5 100.00 (100.00)
21-Jan-26 20:35:10 - Epoch: [94][ 699/1176]	Time  0.184 ( 0.179)	Data  0.000 ( 0.000)	Loss 0.0000e+00 (0.0000e+00)	Acc@1 100.00 (100.00)	Acc@5 100.00 (100.00)
21-Jan-26 20:35:28 - Epoch: [94][ 799/1176]	Time  0.176 ( 0.179)	Data  0.000 ( 0.000)	Loss 0.0000e+00 (0.0000e+00)	Acc@1 100.00 (100.00)	Acc@5 100.00 (100.00)
21-Jan-26 20:35:46 - Epoch: [94][ 899/1176]	Time  0.177 ( 0.179)	Data  0.000 ( 0.000)	Loss 0.0000e+00 (0.0000e+00)	Acc@1 100.00 (100.00)	Acc@5 100.00 (100.00)
21-Jan-26 20:36:04 - Epoch: [94][ 999/1176]	Time  0.179 ( 0.179)	Data  0.000 ( 0.000)	Loss 0.0000e+00 (0.0000e+00)	Acc@1 100.00 (100.00)	Acc@5 100.00 (100.00)
21-Jan-26 20:36:22 - Epoch: [94][1099/1176]	Time  0.176 ( 0.179)	Data  0.000 ( 0.000)	Loss 0.0000e+00 (0.0000e+00)	Acc@1 100.00 (100.00)	Acc@5 100.00 (100.00)
21-Jan-26 20:36:35 -  @Training * Acc@1 100.000 Acc@5 100.000 Loss 0.000
21-Jan-26 20:36:35 - One training epoch latency: 210.7s | Avg Power: 246.1W | Energy: 51834.6578J
21-Jan-26 20:36:49 -  @Testing * Acc@1 95.833 Acc@5 99.653 Loss 2.152
21-Jan-26 20:36:49 - Best acc at epoch 94: 96.18055725097656
21-Jan-26 20:36:49 - Last learning rate: [1.52587890625e-08]
21-Jan-26 20:36:49 - 	 Epoch 95...
21-Jan-26 20:37:07 - Epoch: [95][  99/1176]	Time  0.196 ( 0.182)	Data  0.011 ( 0.002)	Loss 0.0000e+00 (0.0000e+00)	Acc@1 100.00 (100.00)	Acc@5 100.00 (100.00)
21-Jan-26 20:37:25 - Epoch: [95][ 199/1176]	Time  0.185 ( 0.181)	Data  0.000 ( 0.001)	Loss 0.0000e+00 (0.0000e+00)	Acc@1 100.00 (100.00)	Acc@5 100.00 (100.00)
21-Jan-26 20:37:43 - Epoch: [95][ 299/1176]	Time  0.180 ( 0.180)	Data  0.000 ( 0.001)	Loss 0.0000e+00 (0.0000e+00)	Acc@1 100.00 (100.00)	Acc@5 100.00 (100.00)
21-Jan-26 20:38:01 - Epoch: [95][ 399/1176]	Time  0.177 ( 0.180)	Data  0.000 ( 0.001)	Loss 0.0000e+00 (0.0000e+00)	Acc@1 100.00 (100.00)	Acc@5 100.00 (100.00)
21-Jan-26 20:38:19 - Epoch: [95][ 499/1176]	Time  0.176 ( 0.180)	Data  0.000 ( 0.001)	Loss 0.0000e+00 (0.0000e+00)	Acc@1 100.00 (100.00)	Acc@5 100.00 (100.00)
21-Jan-26 20:38:37 - Epoch: [95][ 599/1176]	Time  0.176 ( 0.180)	Data  0.000 ( 0.001)	Loss 0.0000e+00 (0.0000e+00)	Acc@1 100.00 (100.00)	Acc@5 100.00 (100.00)
21-Jan-26 20:38:55 - Epoch: [95][ 699/1176]	Time  0.177 ( 0.180)	Data  0.000 ( 0.001)	Loss 0.0000e+00 (0.0000e+00)	Acc@1 100.00 (100.00)	Acc@5 100.00 (100.00)
21-Jan-26 20:39:13 - Epoch: [95][ 799/1176]	Time  0.177 ( 0.180)	Data  0.000 ( 0.000)	Loss 0.0000e+00 (0.0000e+00)	Acc@1 100.00 (100.00)	Acc@5 100.00 (100.00)
21-Jan-26 20:39:30 - Epoch: [95][ 899/1176]	Time  0.176 ( 0.179)	Data  0.000 ( 0.000)	Loss 0.0000e+00 (0.0000e+00)	Acc@1 100.00 (100.00)	Acc@5 100.00 (100.00)
21-Jan-26 20:39:48 - Epoch: [95][ 999/1176]	Time  0.176 ( 0.179)	Data  0.000 ( 0.000)	Loss 0.0000e+00 (0.0000e+00)	Acc@1 100.00 (100.00)	Acc@5 100.00 (100.00)
21-Jan-26 20:40:06 - Epoch: [95][1099/1176]	Time  0.196 ( 0.179)	Data  0.000 ( 0.000)	Loss 0.0000e+00 (0.0000e+00)	Acc@1 100.00 (100.00)	Acc@5 100.00 (100.00)
21-Jan-26 20:40:20 -  @Training * Acc@1 100.000 Acc@5 100.000 Loss 0.000
21-Jan-26 20:40:20 - One training epoch latency: 210.8s | Avg Power: 246.0W | Energy: 51857.0668J
21-Jan-26 20:40:33 -  @Testing * Acc@1 95.833 Acc@5 99.653 Loss 2.174
21-Jan-26 20:40:33 - Best acc at epoch 95: 96.18055725097656
21-Jan-26 20:40:34 - Last learning rate: [1.52587890625e-08]
21-Jan-26 20:40:34 - 	 Epoch 96...
21-Jan-26 20:40:52 - Epoch: [96][  99/1176]	Time  0.179 ( 0.182)	Data  0.000 ( 0.002)	Loss 0.0000e+00 (0.0000e+00)	Acc@1 100.00 (100.00)	Acc@5 100.00 (100.00)
21-Jan-26 20:41:10 - Epoch: [96][ 199/1176]	Time  0.177 ( 0.180)	Data  0.000 ( 0.001)	Loss 0.0000e+00 (0.0000e+00)	Acc@1 100.00 (100.00)	Acc@5 100.00 (100.00)
21-Jan-26 20:41:28 - Epoch: [96][ 299/1176]	Time  0.177 ( 0.180)	Data  0.000 ( 0.001)	Loss 0.0000e+00 (0.0000e+00)	Acc@1 100.00 (100.00)	Acc@5 100.00 (100.00)
21-Jan-26 20:41:45 - Epoch: [96][ 399/1176]	Time  0.179 ( 0.180)	Data  0.000 ( 0.001)	Loss 0.0000e+00 (0.0000e+00)	Acc@1 100.00 (100.00)	Acc@5 100.00 (100.00)
21-Jan-26 20:42:03 - Epoch: [96][ 499/1176]	Time  0.177 ( 0.180)	Data  0.000 ( 0.001)	Loss 0.0000e+00 (0.0000e+00)	Acc@1 100.00 (100.00)	Acc@5 100.00 (100.00)
21-Jan-26 20:42:21 - Epoch: [96][ 599/1176]	Time  0.180 ( 0.179)	Data  0.000 ( 0.001)	Loss 0.0000e+00 (0.0000e+00)	Acc@1 100.00 (100.00)	Acc@5 100.00 (100.00)
21-Jan-26 20:42:39 - Epoch: [96][ 699/1176]	Time  0.184 ( 0.179)	Data  0.000 ( 0.001)	Loss 0.0000e+00 (0.0000e+00)	Acc@1 100.00 (100.00)	Acc@5 100.00 (100.00)
21-Jan-26 20:42:57 - Epoch: [96][ 799/1176]	Time  0.176 ( 0.179)	Data  0.000 ( 0.000)	Loss 0.0000e+00 (0.0000e+00)	Acc@1 100.00 (100.00)	Acc@5 100.00 (100.00)
21-Jan-26 20:43:15 - Epoch: [96][ 899/1176]	Time  0.177 ( 0.179)	Data  0.000 ( 0.000)	Loss 0.0000e+00 (0.0000e+00)	Acc@1 100.00 (100.00)	Acc@5 100.00 (100.00)
21-Jan-26 20:43:33 - Epoch: [96][ 999/1176]	Time  0.177 ( 0.179)	Data  0.000 ( 0.000)	Loss 0.0000e+00 (0.0000e+00)	Acc@1 100.00 (100.00)	Acc@5 100.00 (100.00)
21-Jan-26 20:43:50 - Epoch: [96][1099/1176]	Time  0.177 ( 0.179)	Data  0.000 ( 0.000)	Loss 0.0000e+00 (0.0000e+00)	Acc@1 100.00 (100.00)	Acc@5 100.00 (100.00)
21-Jan-26 20:44:04 -  @Training * Acc@1 100.000 Acc@5 100.000 Loss 0.000
21-Jan-26 20:44:04 - One training epoch latency: 210.5s | Avg Power: 245.1W | Energy: 51593.4459J
21-Jan-26 20:44:18 -  @Testing * Acc@1 95.833 Acc@5 99.653 Loss 2.189
21-Jan-26 20:44:18 - Best acc at epoch 96: 96.18055725097656
21-Jan-26 20:44:18 - Last learning rate: [1.52587890625e-08]
21-Jan-26 20:44:18 - 	 Epoch 97...
21-Jan-26 20:44:36 - Epoch: [97][  99/1176]	Time  0.180 ( 0.182)	Data  0.000 ( 0.003)	Loss 0.0000e+00 (0.0000e+00)	Acc@1 100.00 (100.00)	Acc@5 100.00 (100.00)
21-Jan-26 20:44:54 - Epoch: [97][ 199/1176]	Time  0.185 ( 0.181)	Data  0.000 ( 0.001)	Loss 0.0000e+00 (0.0000e+00)	Acc@1 100.00 (100.00)	Acc@5 100.00 (100.00)
21-Jan-26 20:45:12 - Epoch: [97][ 299/1176]	Time  0.180 ( 0.181)	Data  0.000 ( 0.001)	Loss 0.0000e+00 (0.0000e+00)	Acc@1 100.00 (100.00)	Acc@5 100.00 (100.00)
21-Jan-26 20:45:30 - Epoch: [97][ 399/1176]	Time  0.176 ( 0.180)	Data  0.000 ( 0.001)	Loss 0.0000e+00 (0.0000e+00)	Acc@1 100.00 (100.00)	Acc@5 100.00 (100.00)
21-Jan-26 20:45:48 - Epoch: [97][ 499/1176]	Time  0.180 ( 0.180)	Data  0.000 ( 0.001)	Loss 0.0000e+00 (0.0000e+00)	Acc@1 100.00 (100.00)	Acc@5 100.00 (100.00)
21-Jan-26 20:46:06 - Epoch: [97][ 599/1176]	Time  0.177 ( 0.180)	Data  0.000 ( 0.001)	Loss 0.0000e+00 (0.0000e+00)	Acc@1 100.00 (100.00)	Acc@5 100.00 (100.00)
21-Jan-26 20:46:24 - Epoch: [97][ 699/1176]	Time  0.177 ( 0.180)	Data  0.000 ( 0.001)	Loss 0.0000e+00 (0.0000e+00)	Acc@1 100.00 (100.00)	Acc@5 100.00 (100.00)
21-Jan-26 20:46:42 - Epoch: [97][ 799/1176]	Time  0.177 ( 0.180)	Data  0.000 ( 0.000)	Loss 0.0000e+00 (0.0000e+00)	Acc@1 100.00 (100.00)	Acc@5 100.00 (100.00)
21-Jan-26 20:46:59 - Epoch: [97][ 899/1176]	Time  0.177 ( 0.180)	Data  0.000 ( 0.000)	Loss 0.0000e+00 (0.0000e+00)	Acc@1 100.00 (100.00)	Acc@5 100.00 (100.00)
21-Jan-26 20:47:17 - Epoch: [97][ 999/1176]	Time  0.176 ( 0.180)	Data  0.000 ( 0.000)	Loss 0.0000e+00 (0.0000e+00)	Acc@1 100.00 (100.00)	Acc@5 100.00 (100.00)
21-Jan-26 20:47:35 - Epoch: [97][1099/1176]	Time  0.177 ( 0.179)	Data  0.000 ( 0.000)	Loss 0.0000e+00 (0.0000e+00)	Acc@1 100.00 (100.00)	Acc@5 100.00 (100.00)
21-Jan-26 20:47:49 -  @Training * Acc@1 100.000 Acc@5 100.000 Loss 0.000
21-Jan-26 20:47:49 - One training epoch latency: 211.0s | Avg Power: 245.2W | Energy: 51754.5097J
21-Jan-26 20:48:03 -  @Testing * Acc@1 95.833 Acc@5 99.653 Loss 2.161
21-Jan-26 20:48:03 - Best acc at epoch 97: 96.18055725097656
21-Jan-26 20:48:03 - Last learning rate: [1.52587890625e-08]
21-Jan-26 20:48:03 - 	 Epoch 98...
21-Jan-26 20:48:21 - Epoch: [98][  99/1176]	Time  0.179 ( 0.182)	Data  0.000 ( 0.002)	Loss 0.0000e+00 (0.0000e+00)	Acc@1 100.00 (100.00)	Acc@5 100.00 (100.00)
21-Jan-26 20:48:39 - Epoch: [98][ 199/1176]	Time  0.177 ( 0.181)	Data  0.000 ( 0.001)	Loss 0.0000e+00 (0.0000e+00)	Acc@1 100.00 (100.00)	Acc@5 100.00 (100.00)
21-Jan-26 20:48:57 - Epoch: [98][ 299/1176]	Time  0.191 ( 0.180)	Data  0.000 ( 0.001)	Loss 0.0000e+00 (0.0000e+00)	Acc@1 100.00 (100.00)	Acc@5 100.00 (100.00)
21-Jan-26 20:49:15 - Epoch: [98][ 399/1176]	Time  0.179 ( 0.180)	Data  0.000 ( 0.001)	Loss 0.0000e+00 (0.0000e+00)	Acc@1 100.00 (100.00)	Acc@5 100.00 (100.00)
21-Jan-26 20:49:33 - Epoch: [98][ 499/1176]	Time  0.177 ( 0.180)	Data  0.000 ( 0.001)	Loss 0.0000e+00 (0.0000e+00)	Acc@1 100.00 (100.00)	Acc@5 100.00 (100.00)
21-Jan-26 20:49:51 - Epoch: [98][ 599/1176]	Time  0.177 ( 0.180)	Data  0.000 ( 0.001)	Loss 0.0000e+00 (0.0000e+00)	Acc@1 100.00 (100.00)	Acc@5 100.00 (100.00)
21-Jan-26 20:50:08 - Epoch: [98][ 699/1176]	Time  0.176 ( 0.180)	Data  0.000 ( 0.001)	Loss 0.0000e+00 (0.0000e+00)	Acc@1 100.00 (100.00)	Acc@5 100.00 (100.00)
21-Jan-26 20:50:26 - Epoch: [98][ 799/1176]	Time  0.177 ( 0.180)	Data  0.000 ( 0.000)	Loss 0.0000e+00 (0.0000e+00)	Acc@1 100.00 (100.00)	Acc@5 100.00 (100.00)
21-Jan-26 20:50:44 - Epoch: [98][ 899/1176]	Time  0.175 ( 0.179)	Data  0.000 ( 0.000)	Loss 0.0000e+00 (0.0000e+00)	Acc@1 100.00 (100.00)	Acc@5 100.00 (100.00)
21-Jan-26 20:51:02 - Epoch: [98][ 999/1176]	Time  0.184 ( 0.179)	Data  0.000 ( 0.000)	Loss 0.0000e+00 (0.0000e+00)	Acc@1 100.00 (100.00)	Acc@5 100.00 (100.00)
21-Jan-26 20:51:20 - Epoch: [98][1099/1176]	Time  0.180 ( 0.179)	Data  0.000 ( 0.000)	Loss 0.0000e+00 (0.0000e+00)	Acc@1 100.00 (100.00)	Acc@5 100.00 (100.00)
21-Jan-26 20:51:34 -  @Training * Acc@1 100.000 Acc@5 100.000 Loss 0.000
21-Jan-26 20:51:34 - One training epoch latency: 210.9s | Avg Power: 242.8W | Energy: 51199.9519J
21-Jan-26 20:51:47 -  @Testing * Acc@1 95.833 Acc@5 99.653 Loss 2.196
21-Jan-26 20:51:47 - Best acc at epoch 98: 96.18055725097656
21-Jan-26 20:51:47 - Last learning rate: [1.52587890625e-08]
21-Jan-26 20:51:47 - 	 Epoch 99...
21-Jan-26 20:52:05 - Epoch: [99][  99/1176]	Time  0.177 ( 0.182)	Data  0.000 ( 0.002)	Loss 0.0000e+00 (0.0000e+00)	Acc@1 100.00 (100.00)	Acc@5 100.00 (100.00)
21-Jan-26 20:52:23 - Epoch: [99][ 199/1176]	Time  0.176 ( 0.180)	Data  0.000 ( 0.001)	Loss 0.0000e+00 (0.0000e+00)	Acc@1 100.00 (100.00)	Acc@5 100.00 (100.00)
21-Jan-26 20:52:41 - Epoch: [99][ 299/1176]	Time  0.179 ( 0.180)	Data  0.000 ( 0.001)	Loss 0.0000e+00 (0.0000e+00)	Acc@1 100.00 (100.00)	Acc@5 100.00 (100.00)
21-Jan-26 20:52:59 - Epoch: [99][ 399/1176]	Time  0.175 ( 0.180)	Data  0.000 ( 0.001)	Loss 0.0000e+00 (0.0000e+00)	Acc@1 100.00 (100.00)	Acc@5 100.00 (100.00)
21-Jan-26 20:53:17 - Epoch: [99][ 499/1176]	Time  0.183 ( 0.180)	Data  0.000 ( 0.001)	Loss 0.0000e+00 (0.0000e+00)	Acc@1 100.00 (100.00)	Acc@5 100.00 (100.00)
21-Jan-26 20:53:35 - Epoch: [99][ 599/1176]	Time  0.181 ( 0.180)	Data  0.000 ( 0.000)	Loss 0.0000e+00 (0.0000e+00)	Acc@1 100.00 (100.00)	Acc@5 100.00 (100.00)
21-Jan-26 20:53:53 - Epoch: [99][ 699/1176]	Time  0.176 ( 0.179)	Data  0.000 ( 0.000)	Loss 0.0000e+00 (0.0000e+00)	Acc@1 100.00 (100.00)	Acc@5 100.00 (100.00)
21-Jan-26 20:54:11 - Epoch: [99][ 799/1176]	Time  0.177 ( 0.179)	Data  0.000 ( 0.000)	Loss 0.0000e+00 (0.0000e+00)	Acc@1 100.00 (100.00)	Acc@5 100.00 (100.00)
21-Jan-26 20:54:29 - Epoch: [99][ 899/1176]	Time  0.174 ( 0.179)	Data  0.000 ( 0.000)	Loss 0.0000e+00 (0.0000e+00)	Acc@1 100.00 (100.00)	Acc@5 100.00 (100.00)
21-Jan-26 20:54:47 - Epoch: [99][ 999/1176]	Time  0.176 ( 0.179)	Data  0.000 ( 0.000)	Loss 0.0000e+00 (0.0000e+00)	Acc@1 100.00 (100.00)	Acc@5 100.00 (100.00)
21-Jan-26 20:55:04 - Epoch: [99][1099/1176]	Time  0.177 ( 0.179)	Data  0.000 ( 0.000)	Loss 0.0000e+00 (0.0000e+00)	Acc@1 100.00 (100.00)	Acc@5 100.00 (100.00)
21-Jan-26 20:55:18 -  @Training * Acc@1 100.000 Acc@5 100.000 Loss 0.000
21-Jan-26 20:55:18 - One training epoch latency: 210.7s | Avg Power: 241.8W | Energy: 50957.4784J
21-Jan-26 20:55:32 -  @Testing * Acc@1 95.833 Acc@5 99.653 Loss 2.201
21-Jan-26 20:55:32 - Best acc at epoch 99: 96.18055725097656
21-Jan-26 20:55:32 - Last learning rate: [1.52587890625e-08]
21-Jan-26 20:55:32 - 	 Epoch 100...
21-Jan-26 20:55:50 - Epoch: [100][  99/1176]	Time  0.180 ( 0.182)	Data  0.000 ( 0.002)	Loss 0.0000e+00 (0.0000e+00)	Acc@1 100.00 (100.00)	Acc@5 100.00 (100.00)
21-Jan-26 20:56:08 - Epoch: [100][ 199/1176]	Time  0.177 ( 0.181)	Data  0.000 ( 0.001)	Loss 0.0000e+00 (0.0000e+00)	Acc@1 100.00 (100.00)	Acc@5 100.00 (100.00)
21-Jan-26 20:56:26 - Epoch: [100][ 299/1176]	Time  0.176 ( 0.180)	Data  0.000 ( 0.001)	Loss 0.0000e+00 (0.0000e+00)	Acc@1 100.00 (100.00)	Acc@5 100.00 (100.00)
21-Jan-26 20:56:44 - Epoch: [100][ 399/1176]	Time  0.179 ( 0.180)	Data  0.000 ( 0.001)	Loss 0.0000e+00 (0.0000e+00)	Acc@1 100.00 (100.00)	Acc@5 100.00 (100.00)
21-Jan-26 20:57:02 - Epoch: [100][ 499/1176]	Time  0.177 ( 0.180)	Data  0.000 ( 0.001)	Loss 0.0000e+00 (0.0000e+00)	Acc@1 100.00 (100.00)	Acc@5 100.00 (100.00)
21-Jan-26 20:57:20 - Epoch: [100][ 599/1176]	Time  0.179 ( 0.180)	Data  0.000 ( 0.001)	Loss 0.0000e+00 (0.0000e+00)	Acc@1 100.00 (100.00)	Acc@5 100.00 (100.00)
21-Jan-26 20:57:37 - Epoch: [100][ 699/1176]	Time  0.177 ( 0.179)	Data  0.000 ( 0.000)	Loss 0.0000e+00 (0.0000e+00)	Acc@1 100.00 (100.00)	Acc@5 100.00 (100.00)
21-Jan-26 20:57:55 - Epoch: [100][ 799/1176]	Time  0.176 ( 0.179)	Data  0.000 ( 0.000)	Loss 0.0000e+00 (0.0000e+00)	Acc@1 100.00 (100.00)	Acc@5 100.00 (100.00)
21-Jan-26 20:58:13 - Epoch: [100][ 899/1176]	Time  0.193 ( 0.179)	Data  0.002 ( 0.000)	Loss 0.0000e+00 (0.0000e+00)	Acc@1 100.00 (100.00)	Acc@5 100.00 (100.00)
21-Jan-26 20:58:31 - Epoch: [100][ 999/1176]	Time  0.185 ( 0.179)	Data  0.000 ( 0.000)	Loss 0.0000e+00 (0.0000e+00)	Acc@1 100.00 (100.00)	Acc@5 100.00 (100.00)
21-Jan-26 20:58:49 - Epoch: [100][1099/1176]	Time  0.176 ( 0.179)	Data  0.000 ( 0.000)	Loss 0.0000e+00 (0.0000e+00)	Acc@1 100.00 (100.00)	Acc@5 100.00 (100.00)
21-Jan-26 20:59:03 -  @Training * Acc@1 100.000 Acc@5 100.000 Loss 0.000
21-Jan-26 20:59:03 - One training epoch latency: 210.7s | Avg Power: 242.0W | Energy: 50994.4322J
21-Jan-26 20:59:16 -  @Testing * Acc@1 95.833 Acc@5 99.653 Loss 2.190
21-Jan-26 20:59:16 - Best acc at epoch 100: 96.18055725097656
21-Jan-26 20:59:16 - Last learning rate: [1.52587890625e-08]
15-Feb-26 14:40:46 - Namespace(arch='dvs_tessvgg_model', cpu=False, dataset='DVSGesture', save_path='./experiments/DVSGesture_Lonic_wn_int4_ternary_int8', data_path='/home/cts3td/Datasets', trials=1, epochs=100, optimizer='Adam', loss='CE', lr=6.25e-05, lr_conv=6.25e-05, batch_size=1, val_batch_size=16, label_encoding='class', activation='LinearSpike', seed=1, pretrained_model=None, training_mode='tess', delay_ls=20, scheduler=100, print_freq=100, factors_stdp=[0.2, 0.5, 0.0, 1.0], pooling='MAX', weight_decay=0, lr_scheduler_type='ReduceLR', experiment_name='DVSGesture', wn=True, avoid_wn=False, low_precision_training=True, forward_intx=4)
15-Feb-26 14:40:46 - => Everything will be saved to ./experiments/DVSGesture_Lonic_wn_int4_ternary_int8
15-Feb-26 14:40:47 - CUDA GPU will be used for computations
15-Feb-26 14:40:47 - Training set length: 1176
15-Feb-26 14:40:47 - Test set length: 288
15-Feb-26 14:40:47 - Activation used: None
15-Feb-26 14:40:47 - Total Parameters: 9222.9K
15-Feb-26 14:40:47 - === Model ===
15-Feb-26 14:40:47 - VGGConvModel(
  (conv_block1): LocalLearningSignalGenerationLayer(
    (block): ConvBlock(
      (pool): Identity()
      (conv): Conv2dSTDP(2, 64, kernel_size=(3, 3), stride=(1, 1), padding=(1, 1), bias=False, threshold=0.60, leak=0.50, reset=soft, grad_leak=False, grad_threshold=False, factors=tensor([0.2000, 0.5000, 0.0000, 1.0000], device='cuda:0'))
      (dropout): DropoutLIF(
        Dropout(p=0.0, inplace=False)
        (dropout): Dropout(p=0.0, inplace=False)
      )
    )
  )
  (conv_block2): LocalLearningSignalGenerationLayer(
    (block): ConvBlock(
      (pool): MaxPool2d(kernel_size=2, stride=2, padding=0, dilation=1, ceil_mode=False)
      (conv): Conv2dSTDP(64, 128, kernel_size=(3, 3), stride=(1, 1), padding=(1, 1), bias=False, threshold=0.60, leak=0.50, reset=soft, grad_leak=False, grad_threshold=False, factors=tensor([0.2000, 0.5000, 0.0000, 1.0000], device='cuda:0'))
      (dropout): DropoutLIF(
        Dropout(p=0.0, inplace=False)
        (dropout): Dropout(p=0.0, inplace=False)
      )
    )
  )
  (conv_block3): LocalLearningSignalGenerationLayer(
    (block): ConvBlock(
      (pool): Identity()
      (conv): Conv2dSTDP(128, 256, kernel_size=(3, 3), stride=(1, 1), padding=(1, 1), bias=False, threshold=0.60, leak=0.50, reset=soft, grad_leak=False, grad_threshold=False, factors=tensor([0.2000, 0.5000, 0.0000, 1.0000], device='cuda:0'))
      (dropout): DropoutLIF(
        Dropout(p=0.0, inplace=False)
        (dropout): Dropout(p=0.0, inplace=False)
      )
    )
  )
  (conv_block4): LocalLearningSignalGenerationLayer(
    (block): ConvBlock(
      (pool): MaxPool2d(kernel_size=2, stride=2, padding=0, dilation=1, ceil_mode=False)
      (conv): Conv2dSTDP(256, 256, kernel_size=(3, 3), stride=(1, 1), padding=(1, 1), bias=False, threshold=0.60, leak=0.50, reset=soft, grad_leak=False, grad_threshold=False, factors=tensor([0.2000, 0.5000, 0.0000, 1.0000], device='cuda:0'))
      (dropout): DropoutLIF(
        Dropout(p=0.0, inplace=False)
        (dropout): Dropout(p=0.0, inplace=False)
      )
    )
  )
  (conv_block5): LocalLearningSignalGenerationLayer(
    (block): ConvBlock(
      (pool): Identity()
      (conv): Conv2dSTDP(256, 512, kernel_size=(3, 3), stride=(1, 1), padding=(1, 1), bias=False, threshold=0.60, leak=0.50, reset=soft, grad_leak=False, grad_threshold=False, factors=tensor([0.2000, 0.5000, 0.0000, 1.0000], device='cuda:0'))
      (dropout): DropoutLIF(
        Dropout(p=0.0, inplace=False)
        (dropout): Dropout(p=0.0, inplace=False)
      )
    )
  )
  (conv_block6): LocalLearningSignalGenerationLayer(
    (block): ConvBlock(
      (pool): MaxPool2d(kernel_size=2, stride=2, padding=0, dilation=1, ceil_mode=False)
      (conv): Conv2dSTDP(512, 512, kernel_size=(3, 3), stride=(1, 1), padding=(1, 1), bias=False, threshold=0.60, leak=0.50, reset=soft, grad_leak=False, grad_threshold=False, factors=tensor([0.2000, 0.5000, 0.0000, 1.0000], device='cuda:0'))
      (dropout): DropoutLIF(
        Dropout(p=0.0, inplace=False)
        (dropout): Dropout(p=0.0, inplace=False)
      )
    )
  )
  (conv_block7): LocalLearningSignalGenerationLayer(
    (block): ConvBlock(
      (pool): Identity()
      (conv): Conv2dSTDP(512, 512, kernel_size=(3, 3), stride=(1, 1), padding=(1, 1), bias=False, threshold=0.60, leak=0.50, reset=soft, grad_leak=False, grad_threshold=False, factors=tensor([0.2000, 0.5000, 0.0000, 1.0000], device='cuda:0'))
      (dropout): DropoutLIF(
        Dropout(p=0.0, inplace=False)
        (dropout): Dropout(p=0.0, inplace=False)
      )
    )
  )
  (conv_block8): LocalLearningSignalGenerationLayer(
    (block): ConvBlock(
      (pool): AdaptiveAvgPool2d(output_size=1)
      (conv): Conv2dSTDP(512, 512, kernel_size=(3, 3), stride=(1, 1), padding=(1, 1), bias=False, threshold=0.60, leak=0.50, reset=soft, grad_leak=False, grad_threshold=False, factors=tensor([0.2000, 0.5000, 0.0000, 1.0000], device='cuda:0'))
      (dropout): DropoutLIF(
        Dropout(p=0.0, inplace=False)
        (dropout): Dropout(p=0.0, inplace=False)
      )
    )
  )
  (linear): Linear(in_features=512, out_features=11, bias=True)
)
15-Feb-26 14:40:47 - 
=== Starting model training with 100 epochs:

15-Feb-26 14:40:47 - 	 Epoch 1...
15-Feb-26 14:52:25 - Epoch: [1][  99/1176]	Time  6.963 ( 6.976)	Data  0.000 ( 0.002)	Loss 2.0589e+01 (9.0403e+00)	Acc@1   0.00 ( 16.00)	Acc@5 100.00 ( 61.00)
15-Feb-26 15:03:48 - Namespace(arch='dvs_tessvgg_model', cpu=False, dataset='DVSGesture', save_path='./experiments/DVSGesture_Lonic_wn_int4_ternary_int8', data_path='/home/cts3td/Datasets', trials=1, epochs=100, optimizer='Adam', loss='CE', lr=6.25e-05, lr_conv=6.25e-05, batch_size=1, val_batch_size=16, label_encoding='class', activation='LinearSpike', seed=1, pretrained_model=None, training_mode='tess', delay_ls=20, scheduler=100, print_freq=100, factors_stdp=[0.2, 0.5, 0.0, 1.0], pooling='MAX', weight_decay=0, lr_scheduler_type='ReduceLR', experiment_name='DVSGesture', wn=True, avoid_wn=False, low_precision_training=True, forward_intx=4)
15-Feb-26 15:03:48 - => Everything will be saved to ./experiments/DVSGesture_Lonic_wn_int4_ternary_int8
15-Feb-26 15:03:52 - CUDA GPU will be used for computations
15-Feb-26 15:03:52 - Training set length: 1176
15-Feb-26 15:03:52 - Test set length: 288
15-Feb-26 15:03:52 - Activation used: None
15-Feb-26 15:03:52 - Total Parameters: 9222.9K
15-Feb-26 15:03:52 - === Model ===
15-Feb-26 15:03:52 - VGGConvModel(
  (conv_block1): LocalLearningSignalGenerationLayer(
    (block): ConvBlock(
      (pool): Identity()
      (conv): Conv2dSTDP(2, 64, kernel_size=(3, 3), stride=(1, 1), padding=(1, 1), bias=False, threshold=0.60, leak=0.50, reset=soft, grad_leak=False, grad_threshold=False, factors=tensor([0.2000, 0.5000, 0.0000, 1.0000], device='cuda:0'))
      (dropout): DropoutLIF(
        Dropout(p=0.0, inplace=False)
        (dropout): Dropout(p=0.0, inplace=False)
      )
    )
  )
  (conv_block2): LocalLearningSignalGenerationLayer(
    (block): ConvBlock(
      (pool): MaxPool2d(kernel_size=2, stride=2, padding=0, dilation=1, ceil_mode=False)
      (conv): Conv2dSTDP(64, 128, kernel_size=(3, 3), stride=(1, 1), padding=(1, 1), bias=False, threshold=0.60, leak=0.50, reset=soft, grad_leak=False, grad_threshold=False, factors=tensor([0.2000, 0.5000, 0.0000, 1.0000], device='cuda:0'))
      (dropout): DropoutLIF(
        Dropout(p=0.0, inplace=False)
        (dropout): Dropout(p=0.0, inplace=False)
      )
    )
  )
  (conv_block3): LocalLearningSignalGenerationLayer(
    (block): ConvBlock(
      (pool): Identity()
      (conv): Conv2dSTDP(128, 256, kernel_size=(3, 3), stride=(1, 1), padding=(1, 1), bias=False, threshold=0.60, leak=0.50, reset=soft, grad_leak=False, grad_threshold=False, factors=tensor([0.2000, 0.5000, 0.0000, 1.0000], device='cuda:0'))
      (dropout): DropoutLIF(
        Dropout(p=0.0, inplace=False)
        (dropout): Dropout(p=0.0, inplace=False)
      )
    )
  )
  (conv_block4): LocalLearningSignalGenerationLayer(
    (block): ConvBlock(
      (pool): MaxPool2d(kernel_size=2, stride=2, padding=0, dilation=1, ceil_mode=False)
      (conv): Conv2dSTDP(256, 256, kernel_size=(3, 3), stride=(1, 1), padding=(1, 1), bias=False, threshold=0.60, leak=0.50, reset=soft, grad_leak=False, grad_threshold=False, factors=tensor([0.2000, 0.5000, 0.0000, 1.0000], device='cuda:0'))
      (dropout): DropoutLIF(
        Dropout(p=0.0, inplace=False)
        (dropout): Dropout(p=0.0, inplace=False)
      )
    )
  )
  (conv_block5): LocalLearningSignalGenerationLayer(
    (block): ConvBlock(
      (pool): Identity()
      (conv): Conv2dSTDP(256, 512, kernel_size=(3, 3), stride=(1, 1), padding=(1, 1), bias=False, threshold=0.60, leak=0.50, reset=soft, grad_leak=False, grad_threshold=False, factors=tensor([0.2000, 0.5000, 0.0000, 1.0000], device='cuda:0'))
      (dropout): DropoutLIF(
        Dropout(p=0.0, inplace=False)
        (dropout): Dropout(p=0.0, inplace=False)
      )
    )
  )
  (conv_block6): LocalLearningSignalGenerationLayer(
    (block): ConvBlock(
      (pool): MaxPool2d(kernel_size=2, stride=2, padding=0, dilation=1, ceil_mode=False)
      (conv): Conv2dSTDP(512, 512, kernel_size=(3, 3), stride=(1, 1), padding=(1, 1), bias=False, threshold=0.60, leak=0.50, reset=soft, grad_leak=False, grad_threshold=False, factors=tensor([0.2000, 0.5000, 0.0000, 1.0000], device='cuda:0'))
      (dropout): DropoutLIF(
        Dropout(p=0.0, inplace=False)
        (dropout): Dropout(p=0.0, inplace=False)
      )
    )
  )
  (conv_block7): LocalLearningSignalGenerationLayer(
    (block): ConvBlock(
      (pool): Identity()
      (conv): Conv2dSTDP(512, 512, kernel_size=(3, 3), stride=(1, 1), padding=(1, 1), bias=False, threshold=0.60, leak=0.50, reset=soft, grad_leak=False, grad_threshold=False, factors=tensor([0.2000, 0.5000, 0.0000, 1.0000], device='cuda:0'))
      (dropout): DropoutLIF(
        Dropout(p=0.0, inplace=False)
        (dropout): Dropout(p=0.0, inplace=False)
      )
    )
  )
  (conv_block8): LocalLearningSignalGenerationLayer(
    (block): ConvBlock(
      (pool): AdaptiveAvgPool2d(output_size=1)
      (conv): Conv2dSTDP(512, 512, kernel_size=(3, 3), stride=(1, 1), padding=(1, 1), bias=False, threshold=0.60, leak=0.50, reset=soft, grad_leak=False, grad_threshold=False, factors=tensor([0.2000, 0.5000, 0.0000, 1.0000], device='cuda:0'))
      (dropout): DropoutLIF(
        Dropout(p=0.0, inplace=False)
        (dropout): Dropout(p=0.0, inplace=False)
      )
    )
  )
  (linear): Linear(in_features=512, out_features=11, bias=True)
)
15-Feb-26 15:03:53 - 
=== Starting model training with 100 epochs:

15-Feb-26 15:03:53 - 	 Epoch 1...
15-Feb-26 15:04:15 - Epoch: [1][  99/1176]	Time  0.181 ( 0.216)	Data  0.000 ( 0.003)	Loss 2.0589e+01 (9.0403e+00)	Acc@1   0.00 ( 16.00)	Acc@5 100.00 ( 61.00)
15-Feb-26 15:04:32 - Epoch: [1][ 199/1176]	Time  0.173 ( 0.197)	Data  0.000 ( 0.001)	Loss 9.8189e+00 (8.3891e+00)	Acc@1   0.00 ( 18.00)	Acc@5 100.00 ( 61.50)
15-Feb-26 15:04:50 - Epoch: [1][ 299/1176]	Time  0.207 ( 0.190)	Data  0.000 ( 0.001)	Loss 3.2168e+00 (9.0372e+00)	Acc@1   0.00 ( 19.00)	Acc@5 100.00 ( 64.67)
15-Feb-26 15:05:08 - Epoch: [1][ 399/1176]	Time  0.181 ( 0.187)	Data  0.000 ( 0.001)	Loss 3.9557e+01 (9.0967e+00)	Acc@1   0.00 ( 21.75)	Acc@5   0.00 ( 69.25)
15-Feb-26 15:05:26 - Epoch: [1][ 499/1176]	Time  0.173 ( 0.185)	Data  0.000 ( 0.001)	Loss 3.8389e+01 (9.2113e+00)	Acc@1   0.00 ( 24.20)	Acc@5 100.00 ( 72.20)
15-Feb-26 15:05:43 - Epoch: [1][ 599/1176]	Time  0.173 ( 0.184)	Data  0.000 ( 0.001)	Loss 1.9124e-01 (9.0899e+00)	Acc@1 100.00 ( 26.67)	Acc@5 100.00 ( 74.67)
15-Feb-26 15:06:01 - Epoch: [1][ 699/1176]	Time  0.173 ( 0.183)	Data  0.000 ( 0.001)	Loss 2.2584e+00 (8.7149e+00)	Acc@1   0.00 ( 27.57)	Acc@5 100.00 ( 77.00)
15-Feb-26 15:06:19 - Epoch: [1][ 799/1176]	Time  0.173 ( 0.182)	Data  0.000 ( 0.001)	Loss 1.4124e+01 (8.5233e+00)	Acc@1   0.00 ( 29.62)	Acc@5 100.00 ( 78.50)
15-Feb-26 15:06:37 - Epoch: [1][ 899/1176]	Time  0.173 ( 0.182)	Data  0.000 ( 0.001)	Loss 4.6095e+00 (8.3686e+00)	Acc@1   0.00 ( 31.44)	Acc@5 100.00 ( 79.44)
15-Feb-26 15:06:54 - Epoch: [1][ 999/1176]	Time  0.173 ( 0.181)	Data  0.000 ( 0.001)	Loss 2.4829e-03 (8.2259e+00)	Acc@1 100.00 ( 32.50)	Acc@5 100.00 ( 80.80)
15-Feb-26 15:07:12 - Epoch: [1][1099/1176]	Time  0.193 ( 0.181)	Data  0.000 ( 0.001)	Loss 1.5885e+01 (8.0200e+00)	Acc@1   0.00 ( 33.73)	Acc@5   0.00 ( 82.09)
15-Feb-26 15:07:25 -  @Training * Acc@1 34.269 Acc@5 82.568 Loss 8.007
15-Feb-26 15:07:26 - One training epoch latency: 212.3s | Avg Power: 232.0W | Energy: 49255.0671J
15-Feb-26 15:07:40 -  @Testing * Acc@1 51.042 Acc@5 95.486 Loss 4.249
15-Feb-26 15:07:40 - Best acc at epoch 1: 51.04166793823242
15-Feb-26 15:07:40 - Last learning rate: [6.25e-05]
15-Feb-26 15:07:40 - 	 Epoch 2...
15-Feb-26 15:07:59 - Epoch: [2][  99/1176]	Time  0.180 ( 0.185)	Data  0.000 ( 0.002)	Loss 5.9025e+00 (6.2886e+00)	Acc@1   0.00 ( 41.00)	Acc@5 100.00 ( 95.00)
15-Feb-26 15:08:17 - Epoch: [2][ 199/1176]	Time  0.180 ( 0.185)	Data  0.000 ( 0.001)	Loss 1.4381e-01 (5.6937e+00)	Acc@1 100.00 ( 47.00)	Acc@5 100.00 ( 96.00)
15-Feb-26 15:08:35 - Epoch: [2][ 299/1176]	Time  0.180 ( 0.184)	Data  0.000 ( 0.001)	Loss 0.0000e+00 (5.7766e+00)	Acc@1 100.00 ( 46.33)	Acc@5 100.00 ( 95.33)
15-Feb-26 15:08:54 - Epoch: [2][ 399/1176]	Time  0.193 ( 0.184)	Data  0.000 ( 0.001)	Loss 1.6204e+01 (5.4123e+00)	Acc@1   0.00 ( 48.25)	Acc@5 100.00 ( 96.00)
15-Feb-26 15:09:12 - Epoch: [2][ 499/1176]	Time  0.182 ( 0.184)	Data  0.000 ( 0.001)	Loss 5.9876e+00 (5.4159e+00)	Acc@1   0.00 ( 49.40)	Acc@5 100.00 ( 96.60)
15-Feb-26 15:14:54 - Namespace(arch='dvs_tessvgg_model', cpu=False, dataset='DVSGesture', save_path='./experiments/DVSGesture_Lonic_wn_int4_ternary_int8', data_path='/home/cts3td/Datasets', trials=1, epochs=100, optimizer='Adam', loss='CE', lr=6.25e-05, lr_conv=6.25e-05, batch_size=1, val_batch_size=16, label_encoding='class', activation='LinearSpike', seed=1, pretrained_model=None, training_mode='tess', delay_ls=20, scheduler=100, print_freq=100, factors_stdp=[0.2, 0.5, 0.0, 1.0], pooling='MAX', weight_decay=0, lr_scheduler_type='ReduceLR', experiment_name='DVSGesture', wn=True, avoid_wn=False, low_precision_training=True, forward_intx=4)
15-Feb-26 15:14:54 - => Everything will be saved to ./experiments/DVSGesture_Lonic_wn_int4_ternary_int8
15-Feb-26 15:14:56 - CUDA GPU will be used for computations
15-Feb-26 15:14:56 - Training set length: 1176
15-Feb-26 15:14:56 - Test set length: 288
15-Feb-26 15:14:56 - Activation used: None
15-Feb-26 15:14:56 - Total Parameters: 9222.9K
15-Feb-26 15:14:56 - === Model ===
15-Feb-26 15:14:56 - VGGConvModel(
  (conv_block1): LocalLearningSignalGenerationLayer(
    (block): ConvBlock(
      (pool): Identity()
      (conv): Conv2dSTDP(2, 64, kernel_size=(3, 3), stride=(1, 1), padding=(1, 1), bias=False, threshold=0.60, leak=0.50, reset=soft, grad_leak=False, grad_threshold=False, factors=tensor([0.2000, 0.5000, 0.0000, 1.0000], device='cuda:0'))
      (dropout): DropoutLIF(
        Dropout(p=0.0, inplace=False)
        (dropout): Dropout(p=0.0, inplace=False)
      )
    )
  )
  (conv_block2): LocalLearningSignalGenerationLayer(
    (block): ConvBlock(
      (pool): MaxPool2d(kernel_size=2, stride=2, padding=0, dilation=1, ceil_mode=False)
      (conv): Conv2dSTDP(64, 128, kernel_size=(3, 3), stride=(1, 1), padding=(1, 1), bias=False, threshold=0.60, leak=0.50, reset=soft, grad_leak=False, grad_threshold=False, factors=tensor([0.2000, 0.5000, 0.0000, 1.0000], device='cuda:0'))
      (dropout): DropoutLIF(
        Dropout(p=0.0, inplace=False)
        (dropout): Dropout(p=0.0, inplace=False)
      )
    )
  )
  (conv_block3): LocalLearningSignalGenerationLayer(
    (block): ConvBlock(
      (pool): Identity()
      (conv): Conv2dSTDP(128, 256, kernel_size=(3, 3), stride=(1, 1), padding=(1, 1), bias=False, threshold=0.60, leak=0.50, reset=soft, grad_leak=False, grad_threshold=False, factors=tensor([0.2000, 0.5000, 0.0000, 1.0000], device='cuda:0'))
      (dropout): DropoutLIF(
        Dropout(p=0.0, inplace=False)
        (dropout): Dropout(p=0.0, inplace=False)
      )
    )
  )
  (conv_block4): LocalLearningSignalGenerationLayer(
    (block): ConvBlock(
      (pool): MaxPool2d(kernel_size=2, stride=2, padding=0, dilation=1, ceil_mode=False)
      (conv): Conv2dSTDP(256, 256, kernel_size=(3, 3), stride=(1, 1), padding=(1, 1), bias=False, threshold=0.60, leak=0.50, reset=soft, grad_leak=False, grad_threshold=False, factors=tensor([0.2000, 0.5000, 0.0000, 1.0000], device='cuda:0'))
      (dropout): DropoutLIF(
        Dropout(p=0.0, inplace=False)
        (dropout): Dropout(p=0.0, inplace=False)
      )
    )
  )
  (conv_block5): LocalLearningSignalGenerationLayer(
    (block): ConvBlock(
      (pool): Identity()
      (conv): Conv2dSTDP(256, 512, kernel_size=(3, 3), stride=(1, 1), padding=(1, 1), bias=False, threshold=0.60, leak=0.50, reset=soft, grad_leak=False, grad_threshold=False, factors=tensor([0.2000, 0.5000, 0.0000, 1.0000], device='cuda:0'))
      (dropout): DropoutLIF(
        Dropout(p=0.0, inplace=False)
        (dropout): Dropout(p=0.0, inplace=False)
      )
    )
  )
  (conv_block6): LocalLearningSignalGenerationLayer(
    (block): ConvBlock(
      (pool): MaxPool2d(kernel_size=2, stride=2, padding=0, dilation=1, ceil_mode=False)
      (conv): Conv2dSTDP(512, 512, kernel_size=(3, 3), stride=(1, 1), padding=(1, 1), bias=False, threshold=0.60, leak=0.50, reset=soft, grad_leak=False, grad_threshold=False, factors=tensor([0.2000, 0.5000, 0.0000, 1.0000], device='cuda:0'))
      (dropout): DropoutLIF(
        Dropout(p=0.0, inplace=False)
        (dropout): Dropout(p=0.0, inplace=False)
      )
    )
  )
  (conv_block7): LocalLearningSignalGenerationLayer(
    (block): ConvBlock(
      (pool): Identity()
      (conv): Conv2dSTDP(512, 512, kernel_size=(3, 3), stride=(1, 1), padding=(1, 1), bias=False, threshold=0.60, leak=0.50, reset=soft, grad_leak=False, grad_threshold=False, factors=tensor([0.2000, 0.5000, 0.0000, 1.0000], device='cuda:0'))
      (dropout): DropoutLIF(
        Dropout(p=0.0, inplace=False)
        (dropout): Dropout(p=0.0, inplace=False)
      )
    )
  )
  (conv_block8): LocalLearningSignalGenerationLayer(
    (block): ConvBlock(
      (pool): AdaptiveAvgPool2d(output_size=1)
      (conv): Conv2dSTDP(512, 512, kernel_size=(3, 3), stride=(1, 1), padding=(1, 1), bias=False, threshold=0.60, leak=0.50, reset=soft, grad_leak=False, grad_threshold=False, factors=tensor([0.2000, 0.5000, 0.0000, 1.0000], device='cuda:0'))
      (dropout): DropoutLIF(
        Dropout(p=0.0, inplace=False)
        (dropout): Dropout(p=0.0, inplace=False)
      )
    )
  )
  (linear): Linear(in_features=512, out_features=11, bias=True)
)
15-Feb-26 15:14:56 - 
=== Starting model training with 100 epochs:

15-Feb-26 15:14:56 - 	 Epoch 1...
15-Feb-26 15:16:37 - Namespace(arch='dvs_tessvgg_model', cpu=False, dataset='DVSGesture', save_path='./experiments/DVSGesture_Lonic_wn_int4_ternary_int8', data_path='/home/cts3td/Datasets', trials=1, epochs=100, optimizer='Adam', loss='CE', lr=6.25e-05, lr_conv=6.25e-05, batch_size=1, val_batch_size=16, label_encoding='class', activation='LinearSpike', seed=1, pretrained_model=None, training_mode='tess', delay_ls=20, scheduler=100, print_freq=100, factors_stdp=[0.2, 0.5, 0.0, 1.0], pooling='MAX', weight_decay=0, lr_scheduler_type='ReduceLR', experiment_name='DVSGesture', wn=True, avoid_wn=False, low_precision_training=True, forward_intx=4)
15-Feb-26 15:16:37 - => Everything will be saved to ./experiments/DVSGesture_Lonic_wn_int4_ternary_int8
15-Feb-26 15:16:38 - CUDA GPU will be used for computations
15-Feb-26 15:16:38 - Training set length: 1176
15-Feb-26 15:16:38 - Test set length: 288
15-Feb-26 15:16:38 - Activation used: None
15-Feb-26 15:16:38 - Total Parameters: 9222.9K
15-Feb-26 15:16:38 - === Model ===
15-Feb-26 15:16:38 - VGGConvModel(
  (conv_block1): LocalLearningSignalGenerationLayer(
    (block): ConvBlock(
      (pool): Identity()
      (conv): Conv2dSTDP(2, 64, kernel_size=(3, 3), stride=(1, 1), padding=(1, 1), bias=False, threshold=0.60, leak=0.50, reset=soft, grad_leak=False, grad_threshold=False, factors=tensor([0.2000, 0.5000, 0.0000, 1.0000], device='cuda:0'))
      (dropout): DropoutLIF(
        Dropout(p=0.0, inplace=False)
        (dropout): Dropout(p=0.0, inplace=False)
      )
    )
  )
  (conv_block2): LocalLearningSignalGenerationLayer(
    (block): ConvBlock(
      (pool): MaxPool2d(kernel_size=2, stride=2, padding=0, dilation=1, ceil_mode=False)
      (conv): Conv2dSTDP(64, 128, kernel_size=(3, 3), stride=(1, 1), padding=(1, 1), bias=False, threshold=0.60, leak=0.50, reset=soft, grad_leak=False, grad_threshold=False, factors=tensor([0.2000, 0.5000, 0.0000, 1.0000], device='cuda:0'))
      (dropout): DropoutLIF(
        Dropout(p=0.0, inplace=False)
        (dropout): Dropout(p=0.0, inplace=False)
      )
    )
  )
  (conv_block3): LocalLearningSignalGenerationLayer(
    (block): ConvBlock(
      (pool): Identity()
      (conv): Conv2dSTDP(128, 256, kernel_size=(3, 3), stride=(1, 1), padding=(1, 1), bias=False, threshold=0.60, leak=0.50, reset=soft, grad_leak=False, grad_threshold=False, factors=tensor([0.2000, 0.5000, 0.0000, 1.0000], device='cuda:0'))
      (dropout): DropoutLIF(
        Dropout(p=0.0, inplace=False)
        (dropout): Dropout(p=0.0, inplace=False)
      )
    )
  )
  (conv_block4): LocalLearningSignalGenerationLayer(
    (block): ConvBlock(
      (pool): MaxPool2d(kernel_size=2, stride=2, padding=0, dilation=1, ceil_mode=False)
      (conv): Conv2dSTDP(256, 256, kernel_size=(3, 3), stride=(1, 1), padding=(1, 1), bias=False, threshold=0.60, leak=0.50, reset=soft, grad_leak=False, grad_threshold=False, factors=tensor([0.2000, 0.5000, 0.0000, 1.0000], device='cuda:0'))
      (dropout): DropoutLIF(
        Dropout(p=0.0, inplace=False)
        (dropout): Dropout(p=0.0, inplace=False)
      )
    )
  )
  (conv_block5): LocalLearningSignalGenerationLayer(
    (block): ConvBlock(
      (pool): Identity()
      (conv): Conv2dSTDP(256, 512, kernel_size=(3, 3), stride=(1, 1), padding=(1, 1), bias=False, threshold=0.60, leak=0.50, reset=soft, grad_leak=False, grad_threshold=False, factors=tensor([0.2000, 0.5000, 0.0000, 1.0000], device='cuda:0'))
      (dropout): DropoutLIF(
        Dropout(p=0.0, inplace=False)
        (dropout): Dropout(p=0.0, inplace=False)
      )
    )
  )
  (conv_block6): LocalLearningSignalGenerationLayer(
    (block): ConvBlock(
      (pool): MaxPool2d(kernel_size=2, stride=2, padding=0, dilation=1, ceil_mode=False)
      (conv): Conv2dSTDP(512, 512, kernel_size=(3, 3), stride=(1, 1), padding=(1, 1), bias=False, threshold=0.60, leak=0.50, reset=soft, grad_leak=False, grad_threshold=False, factors=tensor([0.2000, 0.5000, 0.0000, 1.0000], device='cuda:0'))
      (dropout): DropoutLIF(
        Dropout(p=0.0, inplace=False)
        (dropout): Dropout(p=0.0, inplace=False)
      )
    )
  )
  (conv_block7): LocalLearningSignalGenerationLayer(
    (block): ConvBlock(
      (pool): Identity()
      (conv): Conv2dSTDP(512, 512, kernel_size=(3, 3), stride=(1, 1), padding=(1, 1), bias=False, threshold=0.60, leak=0.50, reset=soft, grad_leak=False, grad_threshold=False, factors=tensor([0.2000, 0.5000, 0.0000, 1.0000], device='cuda:0'))
      (dropout): DropoutLIF(
        Dropout(p=0.0, inplace=False)
        (dropout): Dropout(p=0.0, inplace=False)
      )
    )
  )
  (conv_block8): LocalLearningSignalGenerationLayer(
    (block): ConvBlock(
      (pool): AdaptiveAvgPool2d(output_size=1)
      (conv): Conv2dSTDP(512, 512, kernel_size=(3, 3), stride=(1, 1), padding=(1, 1), bias=False, threshold=0.60, leak=0.50, reset=soft, grad_leak=False, grad_threshold=False, factors=tensor([0.2000, 0.5000, 0.0000, 1.0000], device='cuda:0'))
      (dropout): DropoutLIF(
        Dropout(p=0.0, inplace=False)
        (dropout): Dropout(p=0.0, inplace=False)
      )
    )
  )
  (linear): Linear(in_features=512, out_features=11, bias=True)
)
15-Feb-26 15:16:38 - 
=== Starting model training with 100 epochs:

15-Feb-26 15:16:38 - 	 Epoch 1...
15-Feb-26 15:18:19 - Namespace(arch='dvs_tessvgg_model', cpu=False, dataset='DVSGesture', save_path='./experiments/DVSGesture_Lonic_wn_int4_ternary_int8', data_path='/home/cts3td/Datasets', trials=1, epochs=100, optimizer='Adam', loss='CE', lr=6.25e-05, lr_conv=6.25e-05, batch_size=1, val_batch_size=16, label_encoding='class', activation='LinearSpike', seed=1, pretrained_model=None, training_mode='tess', delay_ls=20, scheduler=100, print_freq=100, factors_stdp=[0.2, 0.5, 0.0, 1.0], pooling='MAX', weight_decay=0, lr_scheduler_type='ReduceLR', experiment_name='DVSGesture', wn=True, avoid_wn=False, low_precision_training=True, forward_intx=4)
15-Feb-26 15:18:19 - => Everything will be saved to ./experiments/DVSGesture_Lonic_wn_int4_ternary_int8
15-Feb-26 15:18:19 - CUDA GPU will be used for computations
15-Feb-26 15:18:20 - Training set length: 1176
15-Feb-26 15:18:20 - Test set length: 288
15-Feb-26 15:18:20 - Activation used: None
15-Feb-26 15:18:20 - Total Parameters: 9222.9K
15-Feb-26 15:18:20 - === Model ===
15-Feb-26 15:18:20 - VGGConvModel(
  (conv_block1): LocalLearningSignalGenerationLayer(
    (block): ConvBlock(
      (pool): Identity()
      (conv): Conv2dSTDP(2, 64, kernel_size=(3, 3), stride=(1, 1), padding=(1, 1), bias=False, threshold=0.60, leak=0.50, reset=soft, grad_leak=False, grad_threshold=False, factors=tensor([0.2000, 0.5000, 0.0000, 1.0000], device='cuda:0'))
      (dropout): DropoutLIF(
        Dropout(p=0.0, inplace=False)
        (dropout): Dropout(p=0.0, inplace=False)
      )
    )
  )
  (conv_block2): LocalLearningSignalGenerationLayer(
    (block): ConvBlock(
      (pool): MaxPool2d(kernel_size=2, stride=2, padding=0, dilation=1, ceil_mode=False)
      (conv): Conv2dSTDP(64, 128, kernel_size=(3, 3), stride=(1, 1), padding=(1, 1), bias=False, threshold=0.60, leak=0.50, reset=soft, grad_leak=False, grad_threshold=False, factors=tensor([0.2000, 0.5000, 0.0000, 1.0000], device='cuda:0'))
      (dropout): DropoutLIF(
        Dropout(p=0.0, inplace=False)
        (dropout): Dropout(p=0.0, inplace=False)
      )
    )
  )
  (conv_block3): LocalLearningSignalGenerationLayer(
    (block): ConvBlock(
      (pool): Identity()
      (conv): Conv2dSTDP(128, 256, kernel_size=(3, 3), stride=(1, 1), padding=(1, 1), bias=False, threshold=0.60, leak=0.50, reset=soft, grad_leak=False, grad_threshold=False, factors=tensor([0.2000, 0.5000, 0.0000, 1.0000], device='cuda:0'))
      (dropout): DropoutLIF(
        Dropout(p=0.0, inplace=False)
        (dropout): Dropout(p=0.0, inplace=False)
      )
    )
  )
  (conv_block4): LocalLearningSignalGenerationLayer(
    (block): ConvBlock(
      (pool): MaxPool2d(kernel_size=2, stride=2, padding=0, dilation=1, ceil_mode=False)
      (conv): Conv2dSTDP(256, 256, kernel_size=(3, 3), stride=(1, 1), padding=(1, 1), bias=False, threshold=0.60, leak=0.50, reset=soft, grad_leak=False, grad_threshold=False, factors=tensor([0.2000, 0.5000, 0.0000, 1.0000], device='cuda:0'))
      (dropout): DropoutLIF(
        Dropout(p=0.0, inplace=False)
        (dropout): Dropout(p=0.0, inplace=False)
      )
    )
  )
  (conv_block5): LocalLearningSignalGenerationLayer(
    (block): ConvBlock(
      (pool): Identity()
      (conv): Conv2dSTDP(256, 512, kernel_size=(3, 3), stride=(1, 1), padding=(1, 1), bias=False, threshold=0.60, leak=0.50, reset=soft, grad_leak=False, grad_threshold=False, factors=tensor([0.2000, 0.5000, 0.0000, 1.0000], device='cuda:0'))
      (dropout): DropoutLIF(
        Dropout(p=0.0, inplace=False)
        (dropout): Dropout(p=0.0, inplace=False)
      )
    )
  )
  (conv_block6): LocalLearningSignalGenerationLayer(
    (block): ConvBlock(
      (pool): MaxPool2d(kernel_size=2, stride=2, padding=0, dilation=1, ceil_mode=False)
      (conv): Conv2dSTDP(512, 512, kernel_size=(3, 3), stride=(1, 1), padding=(1, 1), bias=False, threshold=0.60, leak=0.50, reset=soft, grad_leak=False, grad_threshold=False, factors=tensor([0.2000, 0.5000, 0.0000, 1.0000], device='cuda:0'))
      (dropout): DropoutLIF(
        Dropout(p=0.0, inplace=False)
        (dropout): Dropout(p=0.0, inplace=False)
      )
    )
  )
  (conv_block7): LocalLearningSignalGenerationLayer(
    (block): ConvBlock(
      (pool): Identity()
      (conv): Conv2dSTDP(512, 512, kernel_size=(3, 3), stride=(1, 1), padding=(1, 1), bias=False, threshold=0.60, leak=0.50, reset=soft, grad_leak=False, grad_threshold=False, factors=tensor([0.2000, 0.5000, 0.0000, 1.0000], device='cuda:0'))
      (dropout): DropoutLIF(
        Dropout(p=0.0, inplace=False)
        (dropout): Dropout(p=0.0, inplace=False)
      )
    )
  )
  (conv_block8): LocalLearningSignalGenerationLayer(
    (block): ConvBlock(
      (pool): AdaptiveAvgPool2d(output_size=1)
      (conv): Conv2dSTDP(512, 512, kernel_size=(3, 3), stride=(1, 1), padding=(1, 1), bias=False, threshold=0.60, leak=0.50, reset=soft, grad_leak=False, grad_threshold=False, factors=tensor([0.2000, 0.5000, 0.0000, 1.0000], device='cuda:0'))
      (dropout): DropoutLIF(
        Dropout(p=0.0, inplace=False)
        (dropout): Dropout(p=0.0, inplace=False)
      )
    )
  )
  (linear): Linear(in_features=512, out_features=11, bias=True)
)
15-Feb-26 15:18:20 - 
=== Starting model training with 100 epochs:

15-Feb-26 15:18:20 - 	 Epoch 1...
15-Feb-26 15:24:00 - Namespace(arch='dvs_tessvgg_model', cpu=False, dataset='DVSGesture', save_path='./experiments/DVSGesture_Lonic_wn_int4_ternary_int8', data_path='/home/cts3td/Datasets', trials=1, epochs=100, optimizer='Adam', loss='CE', lr=6.25e-05, lr_conv=6.25e-05, batch_size=1, val_batch_size=16, label_encoding='class', activation='LinearSpike', seed=1, pretrained_model=None, training_mode='tess', delay_ls=20, scheduler=100, print_freq=100, factors_stdp=[0.2, 0.5, 0.0, 1.0], pooling='MAX', weight_decay=0, lr_scheduler_type='ReduceLR', experiment_name='DVSGesture', wn=True, avoid_wn=False, low_precision_training=True, forward_intx=4)
15-Feb-26 15:24:00 - => Everything will be saved to ./experiments/DVSGesture_Lonic_wn_int4_ternary_int8
15-Feb-26 15:24:00 - CUDA GPU will be used for computations
15-Feb-26 15:24:00 - Training set length: 1176
15-Feb-26 15:24:00 - Test set length: 288
15-Feb-26 15:24:00 - Activation used: None
15-Feb-26 15:24:01 - Total Parameters: 9222.9K
15-Feb-26 15:24:01 - === Model ===
15-Feb-26 15:24:01 - VGGConvModel(
  (conv_block1): LocalLearningSignalGenerationLayer(
    (block): ConvBlock(
      (pool): Identity()
      (conv): Conv2dSTDP(2, 64, kernel_size=(3, 3), stride=(1, 1), padding=(1, 1), bias=False, threshold=0.60, leak=0.50, reset=soft, grad_leak=False, grad_threshold=False, factors=tensor([0.2000, 0.5000, 0.0000, 1.0000], device='cuda:0'))
      (dropout): DropoutLIF(
        Dropout(p=0.0, inplace=False)
        (dropout): Dropout(p=0.0, inplace=False)
      )
    )
  )
  (conv_block2): LocalLearningSignalGenerationLayer(
    (block): ConvBlock(
      (pool): MaxPool2d(kernel_size=2, stride=2, padding=0, dilation=1, ceil_mode=False)
      (conv): Conv2dSTDP(64, 128, kernel_size=(3, 3), stride=(1, 1), padding=(1, 1), bias=False, threshold=0.60, leak=0.50, reset=soft, grad_leak=False, grad_threshold=False, factors=tensor([0.2000, 0.5000, 0.0000, 1.0000], device='cuda:0'))
      (dropout): DropoutLIF(
        Dropout(p=0.0, inplace=False)
        (dropout): Dropout(p=0.0, inplace=False)
      )
    )
  )
  (conv_block3): LocalLearningSignalGenerationLayer(
    (block): ConvBlock(
      (pool): Identity()
      (conv): Conv2dSTDP(128, 256, kernel_size=(3, 3), stride=(1, 1), padding=(1, 1), bias=False, threshold=0.60, leak=0.50, reset=soft, grad_leak=False, grad_threshold=False, factors=tensor([0.2000, 0.5000, 0.0000, 1.0000], device='cuda:0'))
      (dropout): DropoutLIF(
        Dropout(p=0.0, inplace=False)
        (dropout): Dropout(p=0.0, inplace=False)
      )
    )
  )
  (conv_block4): LocalLearningSignalGenerationLayer(
    (block): ConvBlock(
      (pool): MaxPool2d(kernel_size=2, stride=2, padding=0, dilation=1, ceil_mode=False)
      (conv): Conv2dSTDP(256, 256, kernel_size=(3, 3), stride=(1, 1), padding=(1, 1), bias=False, threshold=0.60, leak=0.50, reset=soft, grad_leak=False, grad_threshold=False, factors=tensor([0.2000, 0.5000, 0.0000, 1.0000], device='cuda:0'))
      (dropout): DropoutLIF(
        Dropout(p=0.0, inplace=False)
        (dropout): Dropout(p=0.0, inplace=False)
      )
    )
  )
  (conv_block5): LocalLearningSignalGenerationLayer(
    (block): ConvBlock(
      (pool): Identity()
      (conv): Conv2dSTDP(256, 512, kernel_size=(3, 3), stride=(1, 1), padding=(1, 1), bias=False, threshold=0.60, leak=0.50, reset=soft, grad_leak=False, grad_threshold=False, factors=tensor([0.2000, 0.5000, 0.0000, 1.0000], device='cuda:0'))
      (dropout): DropoutLIF(
        Dropout(p=0.0, inplace=False)
        (dropout): Dropout(p=0.0, inplace=False)
      )
    )
  )
  (conv_block6): LocalLearningSignalGenerationLayer(
    (block): ConvBlock(
      (pool): MaxPool2d(kernel_size=2, stride=2, padding=0, dilation=1, ceil_mode=False)
      (conv): Conv2dSTDP(512, 512, kernel_size=(3, 3), stride=(1, 1), padding=(1, 1), bias=False, threshold=0.60, leak=0.50, reset=soft, grad_leak=False, grad_threshold=False, factors=tensor([0.2000, 0.5000, 0.0000, 1.0000], device='cuda:0'))
      (dropout): DropoutLIF(
        Dropout(p=0.0, inplace=False)
        (dropout): Dropout(p=0.0, inplace=False)
      )
    )
  )
  (conv_block7): LocalLearningSignalGenerationLayer(
    (block): ConvBlock(
      (pool): Identity()
      (conv): Conv2dSTDP(512, 512, kernel_size=(3, 3), stride=(1, 1), padding=(1, 1), bias=False, threshold=0.60, leak=0.50, reset=soft, grad_leak=False, grad_threshold=False, factors=tensor([0.2000, 0.5000, 0.0000, 1.0000], device='cuda:0'))
      (dropout): DropoutLIF(
        Dropout(p=0.0, inplace=False)
        (dropout): Dropout(p=0.0, inplace=False)
      )
    )
  )
  (conv_block8): LocalLearningSignalGenerationLayer(
    (block): ConvBlock(
      (pool): AdaptiveAvgPool2d(output_size=1)
      (conv): Conv2dSTDP(512, 512, kernel_size=(3, 3), stride=(1, 1), padding=(1, 1), bias=False, threshold=0.60, leak=0.50, reset=soft, grad_leak=False, grad_threshold=False, factors=tensor([0.2000, 0.5000, 0.0000, 1.0000], device='cuda:0'))
      (dropout): DropoutLIF(
        Dropout(p=0.0, inplace=False)
        (dropout): Dropout(p=0.0, inplace=False)
      )
    )
  )
  (linear): Linear(in_features=512, out_features=11, bias=True)
)
15-Feb-26 15:24:01 - 
=== Starting model training with 100 epochs:

15-Feb-26 15:24:01 - 	 Epoch 1...
15-Feb-26 15:26:41 - Namespace(arch='dvs_tessvgg_model', cpu=False, dataset='DVSGesture', save_path='./experiments/DVSGesture_Lonic_wn_int4_ternary_int8', data_path='/home/cts3td/Datasets', trials=1, epochs=100, optimizer='Adam', loss='CE', lr=6.25e-05, lr_conv=6.25e-05, batch_size=1, val_batch_size=16, label_encoding='class', activation='LinearSpike', seed=1, pretrained_model=None, training_mode='tess', delay_ls=20, scheduler=100, print_freq=100, factors_stdp=[0.2, 0.5, 0.0, 1.0], pooling='MAX', weight_decay=0, lr_scheduler_type='ReduceLR', experiment_name='DVSGesture', wn=True, avoid_wn=False, low_precision_training=True, forward_intx=4)
15-Feb-26 15:26:41 - => Everything will be saved to ./experiments/DVSGesture_Lonic_wn_int4_ternary_int8
15-Feb-26 15:26:42 - CUDA GPU will be used for computations
15-Feb-26 15:26:42 - Training set length: 1176
15-Feb-26 15:26:42 - Test set length: 288
15-Feb-26 15:26:42 - Activation used: None
15-Feb-26 15:26:42 - Total Parameters: 9222.9K
15-Feb-26 15:26:42 - === Model ===
15-Feb-26 15:26:42 - VGGConvModel(
  (conv_block1): LocalLearningSignalGenerationLayer(
    (block): ConvBlock(
      (pool): Identity()
      (conv): Conv2dSTDP(2, 64, kernel_size=(3, 3), stride=(1, 1), padding=(1, 1), bias=False, threshold=0.60, leak=0.50, reset=soft, grad_leak=False, grad_threshold=False, factors=tensor([0.2000, 0.5000, 0.0000, 1.0000], device='cuda:0'))
      (dropout): DropoutLIF(
        Dropout(p=0.0, inplace=False)
        (dropout): Dropout(p=0.0, inplace=False)
      )
    )
  )
  (conv_block2): LocalLearningSignalGenerationLayer(
    (block): ConvBlock(
      (pool): MaxPool2d(kernel_size=2, stride=2, padding=0, dilation=1, ceil_mode=False)
      (conv): Conv2dSTDP(64, 128, kernel_size=(3, 3), stride=(1, 1), padding=(1, 1), bias=False, threshold=0.60, leak=0.50, reset=soft, grad_leak=False, grad_threshold=False, factors=tensor([0.2000, 0.5000, 0.0000, 1.0000], device='cuda:0'))
      (dropout): DropoutLIF(
        Dropout(p=0.0, inplace=False)
        (dropout): Dropout(p=0.0, inplace=False)
      )
    )
  )
  (conv_block3): LocalLearningSignalGenerationLayer(
    (block): ConvBlock(
      (pool): Identity()
      (conv): Conv2dSTDP(128, 256, kernel_size=(3, 3), stride=(1, 1), padding=(1, 1), bias=False, threshold=0.60, leak=0.50, reset=soft, grad_leak=False, grad_threshold=False, factors=tensor([0.2000, 0.5000, 0.0000, 1.0000], device='cuda:0'))
      (dropout): DropoutLIF(
        Dropout(p=0.0, inplace=False)
        (dropout): Dropout(p=0.0, inplace=False)
      )
    )
  )
  (conv_block4): LocalLearningSignalGenerationLayer(
    (block): ConvBlock(
      (pool): MaxPool2d(kernel_size=2, stride=2, padding=0, dilation=1, ceil_mode=False)
      (conv): Conv2dSTDP(256, 256, kernel_size=(3, 3), stride=(1, 1), padding=(1, 1), bias=False, threshold=0.60, leak=0.50, reset=soft, grad_leak=False, grad_threshold=False, factors=tensor([0.2000, 0.5000, 0.0000, 1.0000], device='cuda:0'))
      (dropout): DropoutLIF(
        Dropout(p=0.0, inplace=False)
        (dropout): Dropout(p=0.0, inplace=False)
      )
    )
  )
  (conv_block5): LocalLearningSignalGenerationLayer(
    (block): ConvBlock(
      (pool): Identity()
      (conv): Conv2dSTDP(256, 512, kernel_size=(3, 3), stride=(1, 1), padding=(1, 1), bias=False, threshold=0.60, leak=0.50, reset=soft, grad_leak=False, grad_threshold=False, factors=tensor([0.2000, 0.5000, 0.0000, 1.0000], device='cuda:0'))
      (dropout): DropoutLIF(
        Dropout(p=0.0, inplace=False)
        (dropout): Dropout(p=0.0, inplace=False)
      )
    )
  )
  (conv_block6): LocalLearningSignalGenerationLayer(
    (block): ConvBlock(
      (pool): MaxPool2d(kernel_size=2, stride=2, padding=0, dilation=1, ceil_mode=False)
      (conv): Conv2dSTDP(512, 512, kernel_size=(3, 3), stride=(1, 1), padding=(1, 1), bias=False, threshold=0.60, leak=0.50, reset=soft, grad_leak=False, grad_threshold=False, factors=tensor([0.2000, 0.5000, 0.0000, 1.0000], device='cuda:0'))
      (dropout): DropoutLIF(
        Dropout(p=0.0, inplace=False)
        (dropout): Dropout(p=0.0, inplace=False)
      )
    )
  )
  (conv_block7): LocalLearningSignalGenerationLayer(
    (block): ConvBlock(
      (pool): Identity()
      (conv): Conv2dSTDP(512, 512, kernel_size=(3, 3), stride=(1, 1), padding=(1, 1), bias=False, threshold=0.60, leak=0.50, reset=soft, grad_leak=False, grad_threshold=False, factors=tensor([0.2000, 0.5000, 0.0000, 1.0000], device='cuda:0'))
      (dropout): DropoutLIF(
        Dropout(p=0.0, inplace=False)
        (dropout): Dropout(p=0.0, inplace=False)
      )
    )
  )
  (conv_block8): LocalLearningSignalGenerationLayer(
    (block): ConvBlock(
      (pool): AdaptiveAvgPool2d(output_size=1)
      (conv): Conv2dSTDP(512, 512, kernel_size=(3, 3), stride=(1, 1), padding=(1, 1), bias=False, threshold=0.60, leak=0.50, reset=soft, grad_leak=False, grad_threshold=False, factors=tensor([0.2000, 0.5000, 0.0000, 1.0000], device='cuda:0'))
      (dropout): DropoutLIF(
        Dropout(p=0.0, inplace=False)
        (dropout): Dropout(p=0.0, inplace=False)
      )
    )
  )
  (linear): Linear(in_features=512, out_features=11, bias=True)
)
15-Feb-26 15:26:42 - 
=== Starting model training with 100 epochs:

15-Feb-26 15:26:42 - 	 Epoch 1...
15-Feb-26 15:31:35 - Namespace(arch='dvs_tessvgg_model', cpu=False, dataset='DVSGesture', save_path='./experiments/DVSGesture_Lonic_wn_int4_ternary_int8', data_path='/home/cts3td/Datasets', trials=1, epochs=100, optimizer='Adam', loss='CE', lr=6.25e-05, lr_conv=6.25e-05, batch_size=1, val_batch_size=16, label_encoding='class', activation='LinearSpike', seed=1, pretrained_model=None, training_mode='tess', delay_ls=20, scheduler=100, print_freq=100, factors_stdp=[0.2, 0.5, 0.0, 1.0], pooling='MAX', weight_decay=0, lr_scheduler_type='ReduceLR', experiment_name='DVSGesture', wn=True, avoid_wn=False, low_precision_training=True, forward_intx=4)
15-Feb-26 15:31:35 - => Everything will be saved to ./experiments/DVSGesture_Lonic_wn_int4_ternary_int8
15-Feb-26 15:31:36 - CUDA GPU will be used for computations
15-Feb-26 15:31:36 - Training set length: 1176
15-Feb-26 15:31:36 - Test set length: 288
15-Feb-26 15:31:36 - Activation used: None
15-Feb-26 15:31:37 - Total Parameters: 9222.9K
15-Feb-26 15:31:37 - === Model ===
15-Feb-26 15:31:37 - VGGConvModel(
  (conv_block1): LocalLearningSignalGenerationLayer(
    (block): ConvBlock(
      (pool): Identity()
      (conv): Conv2dSTDP(2, 64, kernel_size=(3, 3), stride=(1, 1), padding=(1, 1), bias=False, threshold=0.60, leak=0.50, reset=soft, grad_leak=False, grad_threshold=False, factors=tensor([0.2000, 0.5000, 0.0000, 1.0000], device='cuda:0'))
      (dropout): DropoutLIF(
        Dropout(p=0.0, inplace=False)
        (dropout): Dropout(p=0.0, inplace=False)
      )
    )
  )
  (conv_block2): LocalLearningSignalGenerationLayer(
    (block): ConvBlock(
      (pool): MaxPool2d(kernel_size=2, stride=2, padding=0, dilation=1, ceil_mode=False)
      (conv): Conv2dSTDP(64, 128, kernel_size=(3, 3), stride=(1, 1), padding=(1, 1), bias=False, threshold=0.60, leak=0.50, reset=soft, grad_leak=False, grad_threshold=False, factors=tensor([0.2000, 0.5000, 0.0000, 1.0000], device='cuda:0'))
      (dropout): DropoutLIF(
        Dropout(p=0.0, inplace=False)
        (dropout): Dropout(p=0.0, inplace=False)
      )
    )
  )
  (conv_block3): LocalLearningSignalGenerationLayer(
    (block): ConvBlock(
      (pool): Identity()
      (conv): Conv2dSTDP(128, 256, kernel_size=(3, 3), stride=(1, 1), padding=(1, 1), bias=False, threshold=0.60, leak=0.50, reset=soft, grad_leak=False, grad_threshold=False, factors=tensor([0.2000, 0.5000, 0.0000, 1.0000], device='cuda:0'))
      (dropout): DropoutLIF(
        Dropout(p=0.0, inplace=False)
        (dropout): Dropout(p=0.0, inplace=False)
      )
    )
  )
  (conv_block4): LocalLearningSignalGenerationLayer(
    (block): ConvBlock(
      (pool): MaxPool2d(kernel_size=2, stride=2, padding=0, dilation=1, ceil_mode=False)
      (conv): Conv2dSTDP(256, 256, kernel_size=(3, 3), stride=(1, 1), padding=(1, 1), bias=False, threshold=0.60, leak=0.50, reset=soft, grad_leak=False, grad_threshold=False, factors=tensor([0.2000, 0.5000, 0.0000, 1.0000], device='cuda:0'))
      (dropout): DropoutLIF(
        Dropout(p=0.0, inplace=False)
        (dropout): Dropout(p=0.0, inplace=False)
      )
    )
  )
  (conv_block5): LocalLearningSignalGenerationLayer(
    (block): ConvBlock(
      (pool): Identity()
      (conv): Conv2dSTDP(256, 512, kernel_size=(3, 3), stride=(1, 1), padding=(1, 1), bias=False, threshold=0.60, leak=0.50, reset=soft, grad_leak=False, grad_threshold=False, factors=tensor([0.2000, 0.5000, 0.0000, 1.0000], device='cuda:0'))
      (dropout): DropoutLIF(
        Dropout(p=0.0, inplace=False)
        (dropout): Dropout(p=0.0, inplace=False)
      )
    )
  )
  (conv_block6): LocalLearningSignalGenerationLayer(
    (block): ConvBlock(
      (pool): MaxPool2d(kernel_size=2, stride=2, padding=0, dilation=1, ceil_mode=False)
      (conv): Conv2dSTDP(512, 512, kernel_size=(3, 3), stride=(1, 1), padding=(1, 1), bias=False, threshold=0.60, leak=0.50, reset=soft, grad_leak=False, grad_threshold=False, factors=tensor([0.2000, 0.5000, 0.0000, 1.0000], device='cuda:0'))
      (dropout): DropoutLIF(
        Dropout(p=0.0, inplace=False)
        (dropout): Dropout(p=0.0, inplace=False)
      )
    )
  )
  (conv_block7): LocalLearningSignalGenerationLayer(
    (block): ConvBlock(
      (pool): Identity()
      (conv): Conv2dSTDP(512, 512, kernel_size=(3, 3), stride=(1, 1), padding=(1, 1), bias=False, threshold=0.60, leak=0.50, reset=soft, grad_leak=False, grad_threshold=False, factors=tensor([0.2000, 0.5000, 0.0000, 1.0000], device='cuda:0'))
      (dropout): DropoutLIF(
        Dropout(p=0.0, inplace=False)
        (dropout): Dropout(p=0.0, inplace=False)
      )
    )
  )
  (conv_block8): LocalLearningSignalGenerationLayer(
    (block): ConvBlock(
      (pool): AdaptiveAvgPool2d(output_size=1)
      (conv): Conv2dSTDP(512, 512, kernel_size=(3, 3), stride=(1, 1), padding=(1, 1), bias=False, threshold=0.60, leak=0.50, reset=soft, grad_leak=False, grad_threshold=False, factors=tensor([0.2000, 0.5000, 0.0000, 1.0000], device='cuda:0'))
      (dropout): DropoutLIF(
        Dropout(p=0.0, inplace=False)
        (dropout): Dropout(p=0.0, inplace=False)
      )
    )
  )
  (linear): Linear(in_features=512, out_features=11, bias=True)
)
15-Feb-26 15:31:37 - 
=== Starting model training with 100 epochs:

15-Feb-26 15:31:37 - 	 Epoch 1...
15-Feb-26 15:59:30 - Namespace(arch='dvs_tessvgg_model', cpu=False, dataset='DVSGesture', save_path='./experiments/DVSGesture_Lonic_wn_int4_ternary_int8', data_path='/home/cts3td/Datasets', trials=1, epochs=100, optimizer='Adam', loss='CE', lr=6.25e-05, lr_conv=6.25e-05, batch_size=1, val_batch_size=16, label_encoding='class', activation='LinearSpike', seed=1, pretrained_model=None, training_mode='tess', delay_ls=20, scheduler=100, print_freq=100, factors_stdp=[0.2, 0.5, 0.0, 1.0], pooling='MAX', weight_decay=0, lr_scheduler_type='ReduceLR', experiment_name='DVSGesture', wn=True, avoid_wn=False, low_precision_training=True, forward_intx=4)
15-Feb-26 15:59:30 - => Everything will be saved to ./experiments/DVSGesture_Lonic_wn_int4_ternary_int8
15-Feb-26 15:59:30 - CUDA GPU will be used for computations
15-Feb-26 15:59:30 - Training set length: 1176
15-Feb-26 15:59:30 - Test set length: 288
15-Feb-26 15:59:30 - Activation used: None
15-Feb-26 15:59:31 - Total Parameters: 9222.9K
15-Feb-26 15:59:31 - === Model ===
15-Feb-26 15:59:31 - VGGConvModel(
  (conv_block1): LocalLearningSignalGenerationLayer(
    (block): ConvBlock(
      (pool): Identity()
      (conv): Conv2dSTDP(2, 64, kernel_size=(3, 3), stride=(1, 1), padding=(1, 1), bias=False, threshold=0.60, leak=0.50, reset=soft, grad_leak=False, grad_threshold=False, factors=tensor([0.2000, 0.5000, 0.0000, 1.0000], device='cuda:0'))
      (dropout): DropoutLIF(
        Dropout(p=0.0, inplace=False)
        (dropout): Dropout(p=0.0, inplace=False)
      )
    )
  )
  (conv_block2): LocalLearningSignalGenerationLayer(
    (block): ConvBlock(
      (pool): MaxPool2d(kernel_size=2, stride=2, padding=0, dilation=1, ceil_mode=False)
      (conv): Conv2dSTDP(64, 128, kernel_size=(3, 3), stride=(1, 1), padding=(1, 1), bias=False, threshold=0.60, leak=0.50, reset=soft, grad_leak=False, grad_threshold=False, factors=tensor([0.2000, 0.5000, 0.0000, 1.0000], device='cuda:0'))
      (dropout): DropoutLIF(
        Dropout(p=0.0, inplace=False)
        (dropout): Dropout(p=0.0, inplace=False)
      )
    )
  )
  (conv_block3): LocalLearningSignalGenerationLayer(
    (block): ConvBlock(
      (pool): Identity()
      (conv): Conv2dSTDP(128, 256, kernel_size=(3, 3), stride=(1, 1), padding=(1, 1), bias=False, threshold=0.60, leak=0.50, reset=soft, grad_leak=False, grad_threshold=False, factors=tensor([0.2000, 0.5000, 0.0000, 1.0000], device='cuda:0'))
      (dropout): DropoutLIF(
        Dropout(p=0.0, inplace=False)
        (dropout): Dropout(p=0.0, inplace=False)
      )
    )
  )
  (conv_block4): LocalLearningSignalGenerationLayer(
    (block): ConvBlock(
      (pool): MaxPool2d(kernel_size=2, stride=2, padding=0, dilation=1, ceil_mode=False)
      (conv): Conv2dSTDP(256, 256, kernel_size=(3, 3), stride=(1, 1), padding=(1, 1), bias=False, threshold=0.60, leak=0.50, reset=soft, grad_leak=False, grad_threshold=False, factors=tensor([0.2000, 0.5000, 0.0000, 1.0000], device='cuda:0'))
      (dropout): DropoutLIF(
        Dropout(p=0.0, inplace=False)
        (dropout): Dropout(p=0.0, inplace=False)
      )
    )
  )
  (conv_block5): LocalLearningSignalGenerationLayer(
    (block): ConvBlock(
      (pool): Identity()
      (conv): Conv2dSTDP(256, 512, kernel_size=(3, 3), stride=(1, 1), padding=(1, 1), bias=False, threshold=0.60, leak=0.50, reset=soft, grad_leak=False, grad_threshold=False, factors=tensor([0.2000, 0.5000, 0.0000, 1.0000], device='cuda:0'))
      (dropout): DropoutLIF(
        Dropout(p=0.0, inplace=False)
        (dropout): Dropout(p=0.0, inplace=False)
      )
    )
  )
  (conv_block6): LocalLearningSignalGenerationLayer(
    (block): ConvBlock(
      (pool): MaxPool2d(kernel_size=2, stride=2, padding=0, dilation=1, ceil_mode=False)
      (conv): Conv2dSTDP(512, 512, kernel_size=(3, 3), stride=(1, 1), padding=(1, 1), bias=False, threshold=0.60, leak=0.50, reset=soft, grad_leak=False, grad_threshold=False, factors=tensor([0.2000, 0.5000, 0.0000, 1.0000], device='cuda:0'))
      (dropout): DropoutLIF(
        Dropout(p=0.0, inplace=False)
        (dropout): Dropout(p=0.0, inplace=False)
      )
    )
  )
  (conv_block7): LocalLearningSignalGenerationLayer(
    (block): ConvBlock(
      (pool): Identity()
      (conv): Conv2dSTDP(512, 512, kernel_size=(3, 3), stride=(1, 1), padding=(1, 1), bias=False, threshold=0.60, leak=0.50, reset=soft, grad_leak=False, grad_threshold=False, factors=tensor([0.2000, 0.5000, 0.0000, 1.0000], device='cuda:0'))
      (dropout): DropoutLIF(
        Dropout(p=0.0, inplace=False)
        (dropout): Dropout(p=0.0, inplace=False)
      )
    )
  )
  (conv_block8): LocalLearningSignalGenerationLayer(
    (block): ConvBlock(
      (pool): AdaptiveAvgPool2d(output_size=1)
      (conv): Conv2dSTDP(512, 512, kernel_size=(3, 3), stride=(1, 1), padding=(1, 1), bias=False, threshold=0.60, leak=0.50, reset=soft, grad_leak=False, grad_threshold=False, factors=tensor([0.2000, 0.5000, 0.0000, 1.0000], device='cuda:0'))
      (dropout): DropoutLIF(
        Dropout(p=0.0, inplace=False)
        (dropout): Dropout(p=0.0, inplace=False)
      )
    )
  )
  (linear): Linear(in_features=512, out_features=11, bias=True)
)
15-Feb-26 15:59:31 - 
=== Starting model training with 100 epochs:

15-Feb-26 15:59:31 - 	 Epoch 1...
15-Feb-26 16:02:04 - Namespace(arch='dvs_tessvgg_model', cpu=False, dataset='DVSGesture', save_path='./experiments/DVSGesture_Lonic_wn_int4_ternary_int8', data_path='/home/cts3td/Datasets', trials=1, epochs=100, optimizer='Adam', loss='CE', lr=6.25e-05, lr_conv=6.25e-05, batch_size=1, val_batch_size=16, label_encoding='class', activation='LinearSpike', seed=1, pretrained_model=None, training_mode='tess', delay_ls=20, scheduler=100, print_freq=100, factors_stdp=[0.2, 0.5, 0.0, 1.0], pooling='MAX', weight_decay=0, lr_scheduler_type='ReduceLR', experiment_name='DVSGesture', wn=True, avoid_wn=False, low_precision_training=False, forward_intx=8)
15-Feb-26 16:02:04 - => Everything will be saved to ./experiments/DVSGesture_Lonic_wn_int4_ternary_int8
15-Feb-26 16:02:05 - CUDA GPU will be used for computations
15-Feb-26 16:02:05 - Training set length: 1176
15-Feb-26 16:02:05 - Test set length: 288
15-Feb-26 16:02:05 - Activation used: None
15-Feb-26 16:02:05 - Total Parameters: 9222.9K
15-Feb-26 16:02:05 - === Model ===
15-Feb-26 16:02:05 - VGGConvModel(
  (conv_block1): LocalLearningSignalGenerationLayer(
    (block): ConvBlock(
      (pool): Identity()
      (conv): Conv2dSTDP(2, 64, kernel_size=(3, 3), stride=(1, 1), padding=(1, 1), bias=False, threshold=0.60, leak=0.50, reset=soft, grad_leak=False, grad_threshold=False, factors=tensor([0.2000, 0.5000, 0.0000, 1.0000], device='cuda:0'))
      (dropout): DropoutLIF(
        Dropout(p=0.0, inplace=False)
        (dropout): Dropout(p=0.0, inplace=False)
      )
    )
  )
  (conv_block2): LocalLearningSignalGenerationLayer(
    (block): ConvBlock(
      (pool): MaxPool2d(kernel_size=2, stride=2, padding=0, dilation=1, ceil_mode=False)
      (conv): Conv2dSTDP(64, 128, kernel_size=(3, 3), stride=(1, 1), padding=(1, 1), bias=False, threshold=0.60, leak=0.50, reset=soft, grad_leak=False, grad_threshold=False, factors=tensor([0.2000, 0.5000, 0.0000, 1.0000], device='cuda:0'))
      (dropout): DropoutLIF(
        Dropout(p=0.0, inplace=False)
        (dropout): Dropout(p=0.0, inplace=False)
      )
    )
  )
  (conv_block3): LocalLearningSignalGenerationLayer(
    (block): ConvBlock(
      (pool): Identity()
      (conv): Conv2dSTDP(128, 256, kernel_size=(3, 3), stride=(1, 1), padding=(1, 1), bias=False, threshold=0.60, leak=0.50, reset=soft, grad_leak=False, grad_threshold=False, factors=tensor([0.2000, 0.5000, 0.0000, 1.0000], device='cuda:0'))
      (dropout): DropoutLIF(
        Dropout(p=0.0, inplace=False)
        (dropout): Dropout(p=0.0, inplace=False)
      )
    )
  )
  (conv_block4): LocalLearningSignalGenerationLayer(
    (block): ConvBlock(
      (pool): MaxPool2d(kernel_size=2, stride=2, padding=0, dilation=1, ceil_mode=False)
      (conv): Conv2dSTDP(256, 256, kernel_size=(3, 3), stride=(1, 1), padding=(1, 1), bias=False, threshold=0.60, leak=0.50, reset=soft, grad_leak=False, grad_threshold=False, factors=tensor([0.2000, 0.5000, 0.0000, 1.0000], device='cuda:0'))
      (dropout): DropoutLIF(
        Dropout(p=0.0, inplace=False)
        (dropout): Dropout(p=0.0, inplace=False)
      )
    )
  )
  (conv_block5): LocalLearningSignalGenerationLayer(
    (block): ConvBlock(
      (pool): Identity()
      (conv): Conv2dSTDP(256, 512, kernel_size=(3, 3), stride=(1, 1), padding=(1, 1), bias=False, threshold=0.60, leak=0.50, reset=soft, grad_leak=False, grad_threshold=False, factors=tensor([0.2000, 0.5000, 0.0000, 1.0000], device='cuda:0'))
      (dropout): DropoutLIF(
        Dropout(p=0.0, inplace=False)
        (dropout): Dropout(p=0.0, inplace=False)
      )
    )
  )
  (conv_block6): LocalLearningSignalGenerationLayer(
    (block): ConvBlock(
      (pool): MaxPool2d(kernel_size=2, stride=2, padding=0, dilation=1, ceil_mode=False)
      (conv): Conv2dSTDP(512, 512, kernel_size=(3, 3), stride=(1, 1), padding=(1, 1), bias=False, threshold=0.60, leak=0.50, reset=soft, grad_leak=False, grad_threshold=False, factors=tensor([0.2000, 0.5000, 0.0000, 1.0000], device='cuda:0'))
      (dropout): DropoutLIF(
        Dropout(p=0.0, inplace=False)
        (dropout): Dropout(p=0.0, inplace=False)
      )
    )
  )
  (conv_block7): LocalLearningSignalGenerationLayer(
    (block): ConvBlock(
      (pool): Identity()
      (conv): Conv2dSTDP(512, 512, kernel_size=(3, 3), stride=(1, 1), padding=(1, 1), bias=False, threshold=0.60, leak=0.50, reset=soft, grad_leak=False, grad_threshold=False, factors=tensor([0.2000, 0.5000, 0.0000, 1.0000], device='cuda:0'))
      (dropout): DropoutLIF(
        Dropout(p=0.0, inplace=False)
        (dropout): Dropout(p=0.0, inplace=False)
      )
    )
  )
  (conv_block8): LocalLearningSignalGenerationLayer(
    (block): ConvBlock(
      (pool): AdaptiveAvgPool2d(output_size=1)
      (conv): Conv2dSTDP(512, 512, kernel_size=(3, 3), stride=(1, 1), padding=(1, 1), bias=False, threshold=0.60, leak=0.50, reset=soft, grad_leak=False, grad_threshold=False, factors=tensor([0.2000, 0.5000, 0.0000, 1.0000], device='cuda:0'))
      (dropout): DropoutLIF(
        Dropout(p=0.0, inplace=False)
        (dropout): Dropout(p=0.0, inplace=False)
      )
    )
  )
  (linear): Linear(in_features=512, out_features=11, bias=True)
)
15-Feb-26 16:02:05 - 
=== Starting model training with 100 epochs:

15-Feb-26 16:02:05 - 	 Epoch 1...
15-Feb-26 16:04:16 - Namespace(arch='dvs_tessvgg_model', cpu=False, dataset='DVSGesture', save_path='./experiments/DVSGesture_Lonic_wn_int4_ternary_int8', data_path='/home/cts3td/Datasets', trials=1, epochs=100, optimizer='Adam', loss='CE', lr=6.25e-05, lr_conv=6.25e-05, batch_size=1, val_batch_size=16, label_encoding='class', activation='LinearSpike', seed=1, pretrained_model=None, training_mode='tess', delay_ls=20, scheduler=100, print_freq=100, factors_stdp=[0.2, 0.5, 0.0, 1.0], pooling='MAX', weight_decay=0, lr_scheduler_type='ReduceLR', experiment_name='DVSGesture', wn=True, avoid_wn=False, low_precision_training=False, forward_intx=8)
15-Feb-26 16:04:16 - => Everything will be saved to ./experiments/DVSGesture_Lonic_wn_int4_ternary_int8
15-Feb-26 16:04:16 - CUDA GPU will be used for computations
15-Feb-26 16:04:16 - Training set length: 1176
15-Feb-26 16:04:16 - Test set length: 288
15-Feb-26 16:04:16 - Activation used: None
15-Feb-26 16:04:16 - Total Parameters: 9222.9K
15-Feb-26 16:04:17 - === Model ===
15-Feb-26 16:04:17 - VGGConvModel(
  (conv_block1): LocalLearningSignalGenerationLayer(
    (block): ConvBlock(
      (pool): Identity()
      (conv): Conv2dSTDP(2, 64, kernel_size=(3, 3), stride=(1, 1), padding=(1, 1), bias=False, threshold=0.60, leak=0.50, reset=soft, grad_leak=False, grad_threshold=False, factors=tensor([0.2000, 0.5000, 0.0000, 1.0000], device='cuda:0'))
      (dropout): DropoutLIF(
        Dropout(p=0.0, inplace=False)
        (dropout): Dropout(p=0.0, inplace=False)
      )
    )
  )
  (conv_block2): LocalLearningSignalGenerationLayer(
    (block): ConvBlock(
      (pool): MaxPool2d(kernel_size=2, stride=2, padding=0, dilation=1, ceil_mode=False)
      (conv): Conv2dSTDP(64, 128, kernel_size=(3, 3), stride=(1, 1), padding=(1, 1), bias=False, threshold=0.60, leak=0.50, reset=soft, grad_leak=False, grad_threshold=False, factors=tensor([0.2000, 0.5000, 0.0000, 1.0000], device='cuda:0'))
      (dropout): DropoutLIF(
        Dropout(p=0.0, inplace=False)
        (dropout): Dropout(p=0.0, inplace=False)
      )
    )
  )
  (conv_block3): LocalLearningSignalGenerationLayer(
    (block): ConvBlock(
      (pool): Identity()
      (conv): Conv2dSTDP(128, 256, kernel_size=(3, 3), stride=(1, 1), padding=(1, 1), bias=False, threshold=0.60, leak=0.50, reset=soft, grad_leak=False, grad_threshold=False, factors=tensor([0.2000, 0.5000, 0.0000, 1.0000], device='cuda:0'))
      (dropout): DropoutLIF(
        Dropout(p=0.0, inplace=False)
        (dropout): Dropout(p=0.0, inplace=False)
      )
    )
  )
  (conv_block4): LocalLearningSignalGenerationLayer(
    (block): ConvBlock(
      (pool): MaxPool2d(kernel_size=2, stride=2, padding=0, dilation=1, ceil_mode=False)
      (conv): Conv2dSTDP(256, 256, kernel_size=(3, 3), stride=(1, 1), padding=(1, 1), bias=False, threshold=0.60, leak=0.50, reset=soft, grad_leak=False, grad_threshold=False, factors=tensor([0.2000, 0.5000, 0.0000, 1.0000], device='cuda:0'))
      (dropout): DropoutLIF(
        Dropout(p=0.0, inplace=False)
        (dropout): Dropout(p=0.0, inplace=False)
      )
    )
  )
  (conv_block5): LocalLearningSignalGenerationLayer(
    (block): ConvBlock(
      (pool): Identity()
      (conv): Conv2dSTDP(256, 512, kernel_size=(3, 3), stride=(1, 1), padding=(1, 1), bias=False, threshold=0.60, leak=0.50, reset=soft, grad_leak=False, grad_threshold=False, factors=tensor([0.2000, 0.5000, 0.0000, 1.0000], device='cuda:0'))
      (dropout): DropoutLIF(
        Dropout(p=0.0, inplace=False)
        (dropout): Dropout(p=0.0, inplace=False)
      )
    )
  )
  (conv_block6): LocalLearningSignalGenerationLayer(
    (block): ConvBlock(
      (pool): MaxPool2d(kernel_size=2, stride=2, padding=0, dilation=1, ceil_mode=False)
      (conv): Conv2dSTDP(512, 512, kernel_size=(3, 3), stride=(1, 1), padding=(1, 1), bias=False, threshold=0.60, leak=0.50, reset=soft, grad_leak=False, grad_threshold=False, factors=tensor([0.2000, 0.5000, 0.0000, 1.0000], device='cuda:0'))
      (dropout): DropoutLIF(
        Dropout(p=0.0, inplace=False)
        (dropout): Dropout(p=0.0, inplace=False)
      )
    )
  )
  (conv_block7): LocalLearningSignalGenerationLayer(
    (block): ConvBlock(
      (pool): Identity()
      (conv): Conv2dSTDP(512, 512, kernel_size=(3, 3), stride=(1, 1), padding=(1, 1), bias=False, threshold=0.60, leak=0.50, reset=soft, grad_leak=False, grad_threshold=False, factors=tensor([0.2000, 0.5000, 0.0000, 1.0000], device='cuda:0'))
      (dropout): DropoutLIF(
        Dropout(p=0.0, inplace=False)
        (dropout): Dropout(p=0.0, inplace=False)
      )
    )
  )
  (conv_block8): LocalLearningSignalGenerationLayer(
    (block): ConvBlock(
      (pool): AdaptiveAvgPool2d(output_size=1)
      (conv): Conv2dSTDP(512, 512, kernel_size=(3, 3), stride=(1, 1), padding=(1, 1), bias=False, threshold=0.60, leak=0.50, reset=soft, grad_leak=False, grad_threshold=False, factors=tensor([0.2000, 0.5000, 0.0000, 1.0000], device='cuda:0'))
      (dropout): DropoutLIF(
        Dropout(p=0.0, inplace=False)
        (dropout): Dropout(p=0.0, inplace=False)
      )
    )
  )
  (linear): Linear(in_features=512, out_features=11, bias=True)
)
15-Feb-26 16:04:17 - 
=== Starting model training with 100 epochs:

15-Feb-26 16:04:17 - 	 Epoch 1...
15-Feb-26 16:04:43 - Epoch: [1][  99/1176]	Time  0.268 ( 0.261)	Data  0.000 ( 0.002)	Loss 3.3220e-01 (2.6628e+00)	Acc@1 100.00 (  7.00)	Acc@5 100.00 ( 53.00)
15-Feb-26 16:05:09 - Epoch: [1][ 199/1176]	Time  0.243 ( 0.259)	Data  0.000 ( 0.001)	Loss 6.5266e+00 (5.5617e+00)	Acc@1   0.00 (  6.50)	Acc@5 100.00 ( 52.50)
15-Feb-26 16:05:34 - Epoch: [1][ 299/1176]	Time  0.243 ( 0.258)	Data  0.000 ( 0.001)	Loss 4.9696e+00 (7.1907e+00)	Acc@1   0.00 (  7.67)	Acc@5 100.00 ( 51.67)
15-Feb-26 16:06:00 - Epoch: [1][ 399/1176]	Time  0.267 ( 0.258)	Data  0.000 ( 0.001)	Loss 2.0277e+01 (7.7567e+00)	Acc@1   0.00 ( 11.75)	Acc@5   0.00 ( 51.00)
15-Feb-26 16:06:26 - Epoch: [1][ 499/1176]	Time  0.242 ( 0.258)	Data  0.000 ( 0.000)	Loss 2.4340e+01 (9.2283e+00)	Acc@1   0.00 ( 12.80)	Acc@5   0.00 ( 50.60)
15-Feb-26 16:06:51 - Epoch: [1][ 599/1176]	Time  0.245 ( 0.258)	Data  0.000 ( 0.000)	Loss 5.3729e+00 (9.8339e+00)	Acc@1   0.00 ( 13.33)	Acc@5 100.00 ( 51.00)
15-Feb-26 16:07:17 - Epoch: [1][ 699/1176]	Time  0.243 ( 0.258)	Data  0.000 ( 0.000)	Loss 1.4933e+01 (1.0254e+01)	Acc@1   0.00 ( 13.00)	Acc@5   0.00 ( 50.43)
15-Feb-26 16:07:43 - Epoch: [1][ 799/1176]	Time  0.266 ( 0.258)	Data  0.000 ( 0.000)	Loss 2.1362e+01 (1.0099e+01)	Acc@1   0.00 ( 13.38)	Acc@5   0.00 ( 51.00)
15-Feb-26 16:08:09 - Epoch: [1][ 899/1176]	Time  0.243 ( 0.258)	Data  0.000 ( 0.000)	Loss 9.9359e+00 (1.0204e+01)	Acc@1   0.00 ( 14.11)	Acc@5   0.00 ( 51.00)
15-Feb-26 16:08:35 - Epoch: [1][ 999/1176]	Time  0.243 ( 0.258)	Data  0.000 ( 0.000)	Loss 2.1628e+01 (1.0448e+01)	Acc@1   0.00 ( 14.20)	Acc@5   0.00 ( 50.60)
15-Feb-26 16:09:00 - Epoch: [1][1099/1176]	Time  0.242 ( 0.258)	Data  0.000 ( 0.000)	Loss 1.4101e+01 (1.0409e+01)	Acc@1   0.00 ( 14.45)	Acc@5   0.00 ( 51.00)
15-Feb-26 16:09:20 -  @Training * Acc@1 14.116 Acc@5 50.765 Loss 10.345
15-Feb-26 16:09:20 - One training epoch latency: 303.0s | Avg Power: 194.5W | Energy: 58924.7294J
15-Feb-26 16:09:34 -  @Testing * Acc@1 17.361 Acc@5 66.319 Loss 5.535
15-Feb-26 16:09:34 - Best acc at epoch 1: 17.36111068725586
15-Feb-26 16:09:34 - Last learning rate: [6.25e-05]
15-Feb-26 16:09:34 - 	 Epoch 2...
15-Feb-26 16:10:00 - Epoch: [2][  99/1176]	Time  0.267 ( 0.264)	Data  0.000 ( 0.002)	Loss 1.2051e+01 (7.6155e+00)	Acc@1   0.00 ( 17.00)	Acc@5 100.00 ( 55.00)
15-Feb-26 16:10:26 - Epoch: [2][ 199/1176]	Time  0.243 ( 0.262)	Data  0.000 ( 0.001)	Loss 5.2438e+00 (8.5653e+00)	Acc@1   0.00 ( 15.50)	Acc@5 100.00 ( 59.00)
15-Feb-26 16:10:52 - Epoch: [2][ 299/1176]	Time  0.242 ( 0.262)	Data  0.000 ( 0.001)	Loss 1.0483e+01 (8.8482e+00)	Acc@1   0.00 ( 16.67)	Acc@5   0.00 ( 60.00)
15-Feb-26 16:11:18 - Epoch: [2][ 399/1176]	Time  0.242 ( 0.261)	Data  0.000 ( 0.001)	Loss 2.8130e+01 (9.1628e+00)	Acc@1   0.00 ( 16.25)	Acc@5   0.00 ( 61.50)
15-Feb-26 16:11:44 - Epoch: [2][ 499/1176]	Time  0.244 ( 0.261)	Data  0.000 ( 0.001)	Loss 1.1661e+01 (9.4684e+00)	Acc@1   0.00 ( 17.00)	Acc@5 100.00 ( 61.40)
15-Feb-26 16:12:10 - Epoch: [2][ 599/1176]	Time  0.274 ( 0.261)	Data  0.000 ( 0.000)	Loss 1.8524e+01 (1.0033e+01)	Acc@1   0.00 ( 17.17)	Acc@5   0.00 ( 61.00)
15-Feb-26 16:12:36 - Epoch: [2][ 699/1176]	Time  0.242 ( 0.261)	Data  0.000 ( 0.000)	Loss 1.1109e+01 (1.1009e+01)	Acc@1   0.00 ( 16.71)	Acc@5 100.00 ( 61.00)
15-Feb-26 16:13:02 - Epoch: [2][ 799/1176]	Time  0.353 ( 0.261)	Data  0.000 ( 0.000)	Loss 3.7631e+00 (1.0889e+01)	Acc@1   0.00 ( 17.38)	Acc@5 100.00 ( 60.75)
15-Feb-26 16:13:28 - Epoch: [2][ 899/1176]	Time  0.242 ( 0.261)	Data  0.000 ( 0.000)	Loss 1.2606e+01 (1.0597e+01)	Acc@1   0.00 ( 17.22)	Acc@5 100.00 ( 61.89)
15-Feb-26 16:13:54 - Epoch: [2][ 999/1176]	Time  0.243 ( 0.261)	Data  0.000 ( 0.000)	Loss 1.2278e+01 (1.0121e+01)	Acc@1   0.00 ( 18.00)	Acc@5   0.00 ( 62.60)
15-Feb-26 16:14:20 - Epoch: [2][1099/1176]	Time  0.243 ( 0.261)	Data  0.000 ( 0.000)	Loss 1.7233e+00 (9.8655e+00)	Acc@1   0.00 ( 18.73)	Acc@5 100.00 ( 62.91)
15-Feb-26 16:14:40 -  @Training * Acc@1 19.388 Acc@5 62.755 Loss 9.808
15-Feb-26 16:14:40 - One training epoch latency: 306.5s | Avg Power: 196.8W | Energy: 60334.1125J
15-Feb-26 16:14:53 -  @Testing * Acc@1 29.861 Acc@5 67.708 Loss 8.639
15-Feb-26 16:14:53 - Best acc at epoch 2: 29.86111068725586
15-Feb-26 16:14:53 - Last learning rate: [6.25e-05]
15-Feb-26 16:14:53 - 	 Epoch 3...
15-Feb-26 16:15:20 - Epoch: [3][  99/1176]	Time  0.243 ( 0.263)	Data  0.000 ( 0.002)	Loss 1.2250e+01 (9.7086e+00)	Acc@1   0.00 ( 21.00)	Acc@5   0.00 ( 68.00)
15-Feb-26 16:15:46 - Epoch: [3][ 199/1176]	Time  0.268 ( 0.262)	Data  0.000 ( 0.001)	Loss 1.5490e+01 (1.0325e+01)	Acc@1   0.00 ( 20.50)	Acc@5 100.00 ( 72.00)
15-Feb-26 16:16:12 - Epoch: [3][ 299/1176]	Time  0.265 ( 0.262)	Data  0.000 ( 0.001)	Loss 4.7130e-03 (1.0849e+01)	Acc@1 100.00 ( 20.67)	Acc@5 100.00 ( 69.67)
15-Feb-26 16:16:38 - Epoch: [3][ 399/1176]	Time  0.266 ( 0.262)	Data  0.000 ( 0.001)	Loss 1.6763e+01 (1.1058e+01)	Acc@1   0.00 ( 19.25)	Acc@5 100.00 ( 67.00)
15-Feb-26 16:17:04 - Epoch: [3][ 499/1176]	Time  0.242 ( 0.261)	Data  0.000 ( 0.000)	Loss 1.8334e+01 (1.0665e+01)	Acc@1   0.00 ( 19.60)	Acc@5   0.00 ( 69.40)
15-Feb-26 16:17:30 - Epoch: [3][ 599/1176]	Time  0.243 ( 0.261)	Data  0.000 ( 0.000)	Loss 5.4092e+00 (1.0488e+01)	Acc@1   0.00 ( 20.00)	Acc@5 100.00 ( 70.67)
15-Feb-26 16:17:56 - Epoch: [3][ 699/1176]	Time  0.244 ( 0.261)	Data  0.000 ( 0.000)	Loss 1.1310e+01 (9.9471e+00)	Acc@1   0.00 ( 20.86)	Acc@5   0.00 ( 70.57)
15-Feb-26 16:18:22 - Epoch: [3][ 799/1176]	Time  0.242 ( 0.261)	Data  0.000 ( 0.000)	Loss 3.5763e-07 (9.7057e+00)	Acc@1 100.00 ( 21.50)	Acc@5 100.00 ( 71.12)
15-Feb-26 16:18:48 - Epoch: [3][ 899/1176]	Time  0.244 ( 0.261)	Data  0.000 ( 0.000)	Loss 5.3452e-03 (9.7302e+00)	Acc@1 100.00 ( 20.78)	Acc@5 100.00 ( 71.67)
15-Feb-26 16:19:14 - Epoch: [3][ 999/1176]	Time  0.378 ( 0.261)	Data  0.000 ( 0.000)	Loss 1.7946e+01 (9.6039e+00)	Acc@1   0.00 ( 20.40)	Acc@5   0.00 ( 72.50)
15-Feb-26 16:19:40 - Epoch: [3][1099/1176]	Time  0.243 ( 0.261)	Data  0.000 ( 0.000)	Loss 8.4222e-04 (9.4227e+00)	Acc@1 100.00 ( 21.09)	Acc@5 100.00 ( 72.55)
15-Feb-26 16:20:00 -  @Training * Acc@1 21.344 Acc@5 72.194 Loss 9.399
15-Feb-26 16:20:01 - One training epoch latency: 306.9s | Avg Power: 199.7W | Energy: 61286.6306J
15-Feb-26 16:20:14 -  @Testing * Acc@1 22.917 Acc@5 70.139 Loss 10.066
15-Feb-26 16:20:14 - Best acc at epoch 3: 29.86111068725586
15-Feb-26 16:20:14 - Last learning rate: [6.25e-05]
15-Feb-26 16:20:14 - 	 Epoch 4...
15-Feb-26 16:20:40 - Epoch: [4][  99/1176]	Time  0.319 ( 0.264)	Data  0.000 ( 0.002)	Loss 1.2036e+01 (9.2726e+00)	Acc@1   0.00 ( 32.00)	Acc@5 100.00 ( 72.00)
15-Feb-26 16:21:06 - Epoch: [4][ 199/1176]	Time  0.266 ( 0.262)	Data  0.000 ( 0.001)	Loss 1.1260e+01 (1.0176e+01)	Acc@1   0.00 ( 29.50)	Acc@5 100.00 ( 72.00)
15-Feb-26 16:21:32 - Epoch: [4][ 299/1176]	Time  0.243 ( 0.262)	Data  0.000 ( 0.001)	Loss 1.9301e+01 (1.0539e+01)	Acc@1   0.00 ( 27.33)	Acc@5   0.00 ( 73.33)
15-Feb-26 16:21:58 - Epoch: [4][ 399/1176]	Time  0.244 ( 0.262)	Data  0.000 ( 0.001)	Loss 8.8764e+00 (1.0112e+01)	Acc@1   0.00 ( 27.25)	Acc@5 100.00 ( 74.50)
15-Feb-26 16:24:34 - Namespace(arch='dvs_tessvgg_model', cpu=False, dataset='DVSGesture', save_path='./experiments/DVSGesture_Lonic_wn_int4_ternary_int8', data_path='/home/cts3td/Datasets', trials=1, epochs=100, optimizer='Adam', loss='CE', lr=6.25e-05, lr_conv=6.25e-05, batch_size=1, val_batch_size=16, label_encoding='class', activation='LinearSpike', seed=1, pretrained_model=None, training_mode='tess', delay_ls=20, scheduler=100, print_freq=100, factors_stdp=[0.2, 0.5, 0.0, 1.0], pooling='MAX', weight_decay=0, lr_scheduler_type='ReduceLR', experiment_name='DVSGesture', wn=True, avoid_wn=False, low_precision_training=False, forward_intx=8)
15-Feb-26 16:24:34 - => Everything will be saved to ./experiments/DVSGesture_Lonic_wn_int4_ternary_int8
15-Feb-26 16:24:38 - CUDA GPU will be used for computations
15-Feb-26 16:24:38 - Training set length: 1176
15-Feb-26 16:24:38 - Test set length: 288
15-Feb-26 16:24:38 - Activation used: None
15-Feb-26 16:24:39 - Total Parameters: 9222.9K
15-Feb-26 16:24:39 - === Model ===
15-Feb-26 16:24:39 - VGGConvModel(
  (conv_block1): LocalLearningSignalGenerationLayer(
    (block): ConvBlock(
      (pool): Identity()
      (conv): Conv2dSTDP(2, 64, kernel_size=(3, 3), stride=(1, 1), padding=(1, 1), bias=False, threshold=0.60, leak=0.50, reset=soft, grad_leak=False, grad_threshold=False, factors=tensor([0.2000, 0.5000, 0.0000, 1.0000], device='cuda:0'))
      (dropout): DropoutLIF(
        Dropout(p=0.0, inplace=False)
        (dropout): Dropout(p=0.0, inplace=False)
      )
    )
  )
  (conv_block2): LocalLearningSignalGenerationLayer(
    (block): ConvBlock(
      (pool): MaxPool2d(kernel_size=2, stride=2, padding=0, dilation=1, ceil_mode=False)
      (conv): Conv2dSTDP(64, 128, kernel_size=(3, 3), stride=(1, 1), padding=(1, 1), bias=False, threshold=0.60, leak=0.50, reset=soft, grad_leak=False, grad_threshold=False, factors=tensor([0.2000, 0.5000, 0.0000, 1.0000], device='cuda:0'))
      (dropout): DropoutLIF(
        Dropout(p=0.0, inplace=False)
        (dropout): Dropout(p=0.0, inplace=False)
      )
    )
  )
  (conv_block3): LocalLearningSignalGenerationLayer(
    (block): ConvBlock(
      (pool): Identity()
      (conv): Conv2dSTDP(128, 256, kernel_size=(3, 3), stride=(1, 1), padding=(1, 1), bias=False, threshold=0.60, leak=0.50, reset=soft, grad_leak=False, grad_threshold=False, factors=tensor([0.2000, 0.5000, 0.0000, 1.0000], device='cuda:0'))
      (dropout): DropoutLIF(
        Dropout(p=0.0, inplace=False)
        (dropout): Dropout(p=0.0, inplace=False)
      )
    )
  )
  (conv_block4): LocalLearningSignalGenerationLayer(
    (block): ConvBlock(
      (pool): MaxPool2d(kernel_size=2, stride=2, padding=0, dilation=1, ceil_mode=False)
      (conv): Conv2dSTDP(256, 256, kernel_size=(3, 3), stride=(1, 1), padding=(1, 1), bias=False, threshold=0.60, leak=0.50, reset=soft, grad_leak=False, grad_threshold=False, factors=tensor([0.2000, 0.5000, 0.0000, 1.0000], device='cuda:0'))
      (dropout): DropoutLIF(
        Dropout(p=0.0, inplace=False)
        (dropout): Dropout(p=0.0, inplace=False)
      )
    )
  )
  (conv_block5): LocalLearningSignalGenerationLayer(
    (block): ConvBlock(
      (pool): Identity()
      (conv): Conv2dSTDP(256, 512, kernel_size=(3, 3), stride=(1, 1), padding=(1, 1), bias=False, threshold=0.60, leak=0.50, reset=soft, grad_leak=False, grad_threshold=False, factors=tensor([0.2000, 0.5000, 0.0000, 1.0000], device='cuda:0'))
      (dropout): DropoutLIF(
        Dropout(p=0.0, inplace=False)
        (dropout): Dropout(p=0.0, inplace=False)
      )
    )
  )
  (conv_block6): LocalLearningSignalGenerationLayer(
    (block): ConvBlock(
      (pool): MaxPool2d(kernel_size=2, stride=2, padding=0, dilation=1, ceil_mode=False)
      (conv): Conv2dSTDP(512, 512, kernel_size=(3, 3), stride=(1, 1), padding=(1, 1), bias=False, threshold=0.60, leak=0.50, reset=soft, grad_leak=False, grad_threshold=False, factors=tensor([0.2000, 0.5000, 0.0000, 1.0000], device='cuda:0'))
      (dropout): DropoutLIF(
        Dropout(p=0.0, inplace=False)
        (dropout): Dropout(p=0.0, inplace=False)
      )
    )
  )
  (conv_block7): LocalLearningSignalGenerationLayer(
    (block): ConvBlock(
      (pool): Identity()
      (conv): Conv2dSTDP(512, 512, kernel_size=(3, 3), stride=(1, 1), padding=(1, 1), bias=False, threshold=0.60, leak=0.50, reset=soft, grad_leak=False, grad_threshold=False, factors=tensor([0.2000, 0.5000, 0.0000, 1.0000], device='cuda:0'))
      (dropout): DropoutLIF(
        Dropout(p=0.0, inplace=False)
        (dropout): Dropout(p=0.0, inplace=False)
      )
    )
  )
  (conv_block8): LocalLearningSignalGenerationLayer(
    (block): ConvBlock(
      (pool): AdaptiveAvgPool2d(output_size=1)
      (conv): Conv2dSTDP(512, 512, kernel_size=(3, 3), stride=(1, 1), padding=(1, 1), bias=False, threshold=0.60, leak=0.50, reset=soft, grad_leak=False, grad_threshold=False, factors=tensor([0.2000, 0.5000, 0.0000, 1.0000], device='cuda:0'))
      (dropout): DropoutLIF(
        Dropout(p=0.0, inplace=False)
        (dropout): Dropout(p=0.0, inplace=False)
      )
    )
  )
  (linear): Linear(in_features=512, out_features=11, bias=True)
)
15-Feb-26 16:24:39 - 
=== Starting model training with 100 epochs:

15-Feb-26 16:24:39 - 	 Epoch 1...
15-Feb-26 16:25:07 - Epoch: [1][  99/1176]	Time  0.239 ( 0.279)	Data  0.000 ( 0.002)	Loss 1.9524e-01 (2.7840e+00)	Acc@1 100.00 (  4.00)	Acc@5 100.00 ( 48.00)
15-Feb-26 16:25:32 - Epoch: [1][ 199/1176]	Time  0.239 ( 0.267)	Data  0.000 ( 0.001)	Loss 1.0896e+00 (5.7161e+00)	Acc@1   0.00 (  4.00)	Acc@5 100.00 ( 45.00)
15-Feb-26 16:25:57 - Epoch: [1][ 299/1176]	Time  0.238 ( 0.262)	Data  0.000 ( 0.001)	Loss 7.0166e-02 (7.7439e+00)	Acc@1 100.00 (  5.00)	Acc@5 100.00 ( 45.00)
15-Feb-26 16:26:23 - Epoch: [1][ 399/1176]	Time  0.239 ( 0.260)	Data  0.000 ( 0.001)	Loss 2.7398e+01 (9.5703e+00)	Acc@1   0.00 (  6.50)	Acc@5   0.00 ( 43.00)
15-Feb-26 16:26:48 - Epoch: [1][ 499/1176]	Time  0.263 ( 0.258)	Data  0.000 ( 0.001)	Loss 2.1672e+01 (1.2062e+01)	Acc@1   0.00 (  7.00)	Acc@5   0.00 ( 43.20)
15-Feb-26 17:07:43 - Namespace(arch='dvs_tessvgg_model', cpu=False, dataset='DVSGesture', save_path='./experiments/DVSGesture_Lonic_wn_int4_ternary_int8', data_path='/home/cts3td/Datasets', trials=1, epochs=100, optimizer='Adam', loss='CE', lr=6.25e-05, lr_conv=6.25e-05, batch_size=1, val_batch_size=16, label_encoding='class', activation='LinearSpike', seed=1, pretrained_model=None, training_mode='tess', delay_ls=20, scheduler=100, print_freq=100, factors_stdp=[0.2, 0.5, 0.0, 1.0], pooling='MAX', weight_decay=0, lr_scheduler_type='ReduceLR', experiment_name='DVSGesture', wn=True, avoid_wn=False, low_precision_training=True, forward_intx=4)
15-Feb-26 17:07:43 - => Everything will be saved to ./experiments/DVSGesture_Lonic_wn_int4_ternary_int8
15-Feb-26 17:07:44 - CUDA GPU will be used for computations
15-Feb-26 17:07:44 - Training set length: 1176
15-Feb-26 17:07:44 - Test set length: 288
15-Feb-26 17:07:44 - Activation used: None
15-Feb-26 17:07:44 - Total Parameters: 9222.9K
15-Feb-26 17:07:44 - === Model ===
15-Feb-26 17:07:44 - VGGConvModel(
  (conv_block1): LocalLearningSignalGenerationLayer(
    (block): ConvBlock(
      (pool): Identity()
      (conv): Conv2dSTDP(2, 64, kernel_size=(3, 3), stride=(1, 1), padding=(1, 1), bias=False, threshold=0.60, leak=0.50, reset=soft, grad_leak=False, grad_threshold=False, factors=tensor([0.2000, 0.5000, 0.0000, 1.0000], device='cuda:0'))
      (dropout): DropoutLIF(
        Dropout(p=0.0, inplace=False)
        (dropout): Dropout(p=0.0, inplace=False)
      )
    )
  )
  (conv_block2): LocalLearningSignalGenerationLayer(
    (block): ConvBlock(
      (pool): MaxPool2d(kernel_size=2, stride=2, padding=0, dilation=1, ceil_mode=False)
      (conv): Conv2dSTDP(64, 128, kernel_size=(3, 3), stride=(1, 1), padding=(1, 1), bias=False, threshold=0.60, leak=0.50, reset=soft, grad_leak=False, grad_threshold=False, factors=tensor([0.2000, 0.5000, 0.0000, 1.0000], device='cuda:0'))
      (dropout): DropoutLIF(
        Dropout(p=0.0, inplace=False)
        (dropout): Dropout(p=0.0, inplace=False)
      )
    )
  )
  (conv_block3): LocalLearningSignalGenerationLayer(
    (block): ConvBlock(
      (pool): Identity()
      (conv): Conv2dSTDP(128, 256, kernel_size=(3, 3), stride=(1, 1), padding=(1, 1), bias=False, threshold=0.60, leak=0.50, reset=soft, grad_leak=False, grad_threshold=False, factors=tensor([0.2000, 0.5000, 0.0000, 1.0000], device='cuda:0'))
      (dropout): DropoutLIF(
        Dropout(p=0.0, inplace=False)
        (dropout): Dropout(p=0.0, inplace=False)
      )
    )
  )
  (conv_block4): LocalLearningSignalGenerationLayer(
    (block): ConvBlock(
      (pool): MaxPool2d(kernel_size=2, stride=2, padding=0, dilation=1, ceil_mode=False)
      (conv): Conv2dSTDP(256, 256, kernel_size=(3, 3), stride=(1, 1), padding=(1, 1), bias=False, threshold=0.60, leak=0.50, reset=soft, grad_leak=False, grad_threshold=False, factors=tensor([0.2000, 0.5000, 0.0000, 1.0000], device='cuda:0'))
      (dropout): DropoutLIF(
        Dropout(p=0.0, inplace=False)
        (dropout): Dropout(p=0.0, inplace=False)
      )
    )
  )
  (conv_block5): LocalLearningSignalGenerationLayer(
    (block): ConvBlock(
      (pool): Identity()
      (conv): Conv2dSTDP(256, 512, kernel_size=(3, 3), stride=(1, 1), padding=(1, 1), bias=False, threshold=0.60, leak=0.50, reset=soft, grad_leak=False, grad_threshold=False, factors=tensor([0.2000, 0.5000, 0.0000, 1.0000], device='cuda:0'))
      (dropout): DropoutLIF(
        Dropout(p=0.0, inplace=False)
        (dropout): Dropout(p=0.0, inplace=False)
      )
    )
  )
  (conv_block6): LocalLearningSignalGenerationLayer(
    (block): ConvBlock(
      (pool): MaxPool2d(kernel_size=2, stride=2, padding=0, dilation=1, ceil_mode=False)
      (conv): Conv2dSTDP(512, 512, kernel_size=(3, 3), stride=(1, 1), padding=(1, 1), bias=False, threshold=0.60, leak=0.50, reset=soft, grad_leak=False, grad_threshold=False, factors=tensor([0.2000, 0.5000, 0.0000, 1.0000], device='cuda:0'))
      (dropout): DropoutLIF(
        Dropout(p=0.0, inplace=False)
        (dropout): Dropout(p=0.0, inplace=False)
      )
    )
  )
  (conv_block7): LocalLearningSignalGenerationLayer(
    (block): ConvBlock(
      (pool): Identity()
      (conv): Conv2dSTDP(512, 512, kernel_size=(3, 3), stride=(1, 1), padding=(1, 1), bias=False, threshold=0.60, leak=0.50, reset=soft, grad_leak=False, grad_threshold=False, factors=tensor([0.2000, 0.5000, 0.0000, 1.0000], device='cuda:0'))
      (dropout): DropoutLIF(
        Dropout(p=0.0, inplace=False)
        (dropout): Dropout(p=0.0, inplace=False)
      )
    )
  )
  (conv_block8): LocalLearningSignalGenerationLayer(
    (block): ConvBlock(
      (pool): AdaptiveAvgPool2d(output_size=1)
      (conv): Conv2dSTDP(512, 512, kernel_size=(3, 3), stride=(1, 1), padding=(1, 1), bias=False, threshold=0.60, leak=0.50, reset=soft, grad_leak=False, grad_threshold=False, factors=tensor([0.2000, 0.5000, 0.0000, 1.0000], device='cuda:0'))
      (dropout): DropoutLIF(
        Dropout(p=0.0, inplace=False)
        (dropout): Dropout(p=0.0, inplace=False)
      )
    )
  )
  (linear): Linear(in_features=512, out_features=11, bias=True)
)
15-Feb-26 17:07:44 - 
=== Starting model training with 100 epochs:

15-Feb-26 17:07:44 - 	 Epoch 1...
16-Feb-26 14:38:16 - Namespace(arch='dvs_tessvgg_model', cpu=False, dataset='DVSGesture', save_path='./experiments/DVSGesture_Lonic_wn_int4_ternary_int8', data_path='/home/cts3td/Datasets', trials=1, epochs=100, optimizer='Adam', loss='CE', lr=6.25e-05, lr_conv=6.25e-05, batch_size=1, val_batch_size=16, label_encoding='class', activation='LinearSpike', seed=1, pretrained_model=None, training_mode='tess', delay_ls=20, scheduler=100, print_freq=100, factors_stdp=[0.2, 0.5, 0.0, 1.0], pooling='MAX', weight_decay=0, lr_scheduler_type='ReduceLR', experiment_name='DVSGesture', wn=True, avoid_wn=False, low_precision_training=True, forward_intx=4)
16-Feb-26 14:38:16 - => Everything will be saved to ./experiments/DVSGesture_Lonic_wn_int4_ternary_int8
16-Feb-26 14:38:20 - CUDA GPU will be used for computations
16-Feb-26 14:38:20 - Training set length: 1176
16-Feb-26 14:38:20 - Test set length: 288
16-Feb-26 14:38:20 - Activation used: None
16-Feb-26 14:38:20 - Total Parameters: 9222.9K
16-Feb-26 14:38:21 - === Model ===
16-Feb-26 14:38:21 - VGGConvModel(
  (conv_block1): LocalLearningSignalGenerationLayer(
    (block): ConvBlock(
      (pool): Identity()
      (conv): Conv2dSTDP(2, 64, kernel_size=(3, 3), stride=(1, 1), padding=(1, 1), bias=False, threshold=0.60, leak=0.50, reset=soft, grad_leak=False, grad_threshold=False, factors=tensor([0.2000, 0.5000, 0.0000, 1.0000], device='cuda:0'))
      (dropout): DropoutLIF(
        Dropout(p=0.0, inplace=False)
        (dropout): Dropout(p=0.0, inplace=False)
      )
    )
  )
  (conv_block2): LocalLearningSignalGenerationLayer(
    (block): ConvBlock(
      (pool): MaxPool2d(kernel_size=2, stride=2, padding=0, dilation=1, ceil_mode=False)
      (conv): Conv2dSTDP(64, 128, kernel_size=(3, 3), stride=(1, 1), padding=(1, 1), bias=False, threshold=0.60, leak=0.50, reset=soft, grad_leak=False, grad_threshold=False, factors=tensor([0.2000, 0.5000, 0.0000, 1.0000], device='cuda:0'))
      (dropout): DropoutLIF(
        Dropout(p=0.0, inplace=False)
        (dropout): Dropout(p=0.0, inplace=False)
      )
    )
  )
  (conv_block3): LocalLearningSignalGenerationLayer(
    (block): ConvBlock(
      (pool): Identity()
      (conv): Conv2dSTDP(128, 256, kernel_size=(3, 3), stride=(1, 1), padding=(1, 1), bias=False, threshold=0.60, leak=0.50, reset=soft, grad_leak=False, grad_threshold=False, factors=tensor([0.2000, 0.5000, 0.0000, 1.0000], device='cuda:0'))
      (dropout): DropoutLIF(
        Dropout(p=0.0, inplace=False)
        (dropout): Dropout(p=0.0, inplace=False)
      )
    )
  )
  (conv_block4): LocalLearningSignalGenerationLayer(
    (block): ConvBlock(
      (pool): MaxPool2d(kernel_size=2, stride=2, padding=0, dilation=1, ceil_mode=False)
      (conv): Conv2dSTDP(256, 256, kernel_size=(3, 3), stride=(1, 1), padding=(1, 1), bias=False, threshold=0.60, leak=0.50, reset=soft, grad_leak=False, grad_threshold=False, factors=tensor([0.2000, 0.5000, 0.0000, 1.0000], device='cuda:0'))
      (dropout): DropoutLIF(
        Dropout(p=0.0, inplace=False)
        (dropout): Dropout(p=0.0, inplace=False)
      )
    )
  )
  (conv_block5): LocalLearningSignalGenerationLayer(
    (block): ConvBlock(
      (pool): Identity()
      (conv): Conv2dSTDP(256, 512, kernel_size=(3, 3), stride=(1, 1), padding=(1, 1), bias=False, threshold=0.60, leak=0.50, reset=soft, grad_leak=False, grad_threshold=False, factors=tensor([0.2000, 0.5000, 0.0000, 1.0000], device='cuda:0'))
      (dropout): DropoutLIF(
        Dropout(p=0.0, inplace=False)
        (dropout): Dropout(p=0.0, inplace=False)
      )
    )
  )
  (conv_block6): LocalLearningSignalGenerationLayer(
    (block): ConvBlock(
      (pool): MaxPool2d(kernel_size=2, stride=2, padding=0, dilation=1, ceil_mode=False)
      (conv): Conv2dSTDP(512, 512, kernel_size=(3, 3), stride=(1, 1), padding=(1, 1), bias=False, threshold=0.60, leak=0.50, reset=soft, grad_leak=False, grad_threshold=False, factors=tensor([0.2000, 0.5000, 0.0000, 1.0000], device='cuda:0'))
      (dropout): DropoutLIF(
        Dropout(p=0.0, inplace=False)
        (dropout): Dropout(p=0.0, inplace=False)
      )
    )
  )
  (conv_block7): LocalLearningSignalGenerationLayer(
    (block): ConvBlock(
      (pool): Identity()
      (conv): Conv2dSTDP(512, 512, kernel_size=(3, 3), stride=(1, 1), padding=(1, 1), bias=False, threshold=0.60, leak=0.50, reset=soft, grad_leak=False, grad_threshold=False, factors=tensor([0.2000, 0.5000, 0.0000, 1.0000], device='cuda:0'))
      (dropout): DropoutLIF(
        Dropout(p=0.0, inplace=False)
        (dropout): Dropout(p=0.0, inplace=False)
      )
    )
  )
  (conv_block8): LocalLearningSignalGenerationLayer(
    (block): ConvBlock(
      (pool): AdaptiveAvgPool2d(output_size=1)
      (conv): Conv2dSTDP(512, 512, kernel_size=(3, 3), stride=(1, 1), padding=(1, 1), bias=False, threshold=0.60, leak=0.50, reset=soft, grad_leak=False, grad_threshold=False, factors=tensor([0.2000, 0.5000, 0.0000, 1.0000], device='cuda:0'))
      (dropout): DropoutLIF(
        Dropout(p=0.0, inplace=False)
        (dropout): Dropout(p=0.0, inplace=False)
      )
    )
  )
  (linear): Linear(in_features=512, out_features=11, bias=True)
)
16-Feb-26 14:38:22 - 
=== Starting model training with 100 epochs:

16-Feb-26 14:38:22 - 	 Epoch 1...
16-Feb-26 14:52:13 - Epoch: [1][  99/1176]	Time  8.366 ( 8.316)	Data  0.000 ( 0.002)	Loss 2.0589e+01 (9.0403e+00)	Acc@1   0.00 ( 16.00)	Acc@5 100.00 ( 61.00)
16-Feb-26 15:06:06 - Epoch: [1][ 199/1176]	Time  8.141 ( 8.319)	Data  0.000 ( 0.001)	Loss 9.8189e+00 (8.3891e+00)	Acc@1   0.00 ( 18.00)	Acc@5 100.00 ( 61.50)
16-Feb-26 15:19:49 - Epoch: [1][ 299/1176]	Time  8.118 ( 8.291)	Data  0.000 ( 0.001)	Loss 3.2168e+00 (9.0372e+00)	Acc@1   0.00 ( 19.00)	Acc@5 100.00 ( 64.67)
16-Feb-26 15:33:32 - Epoch: [1][ 399/1176]	Time  8.150 ( 8.277)	Data  0.000 ( 0.001)	Loss 3.9557e+01 (9.0967e+00)	Acc@1   0.00 ( 21.75)	Acc@5   0.00 ( 69.25)
16-Feb-26 15:47:14 - Epoch: [1][ 499/1176]	Time  8.248 ( 8.264)	Data  0.000 ( 0.001)	Loss 3.8389e+01 (9.2113e+00)	Acc@1   0.00 ( 24.20)	Acc@5 100.00 ( 72.20)
16-Feb-26 16:00:53 - Epoch: [1][ 599/1176]	Time  8.244 ( 8.252)	Data  0.000 ( 0.001)	Loss 1.9124e-01 (9.0899e+00)	Acc@1 100.00 ( 26.67)	Acc@5 100.00 ( 74.67)
16-Feb-26 16:14:33 - Epoch: [1][ 699/1176]	Time  8.015 ( 8.244)	Data  0.000 ( 0.000)	Loss 2.2584e+00 (8.7149e+00)	Acc@1   0.00 ( 27.57)	Acc@5 100.00 ( 77.00)
16-Feb-26 16:28:16 - Epoch: [1][ 799/1176]	Time  8.508 ( 8.242)	Data  0.000 ( 0.000)	Loss 1.4124e+01 (8.5233e+00)	Acc@1   0.00 ( 29.62)	Acc@5 100.00 ( 78.50)
16-Feb-26 16:41:56 - Epoch: [1][ 899/1176]	Time  8.119 ( 8.238)	Data  0.000 ( 0.000)	Loss 4.6095e+00 (8.3686e+00)	Acc@1   0.00 ( 31.44)	Acc@5 100.00 ( 79.44)
16-Feb-26 16:55:38 - Epoch: [1][ 999/1176]	Time  8.380 ( 8.236)	Data  0.000 ( 0.000)	Loss 2.4829e-03 (8.2259e+00)	Acc@1 100.00 ( 32.50)	Acc@5 100.00 ( 80.80)
16-Feb-26 17:09:20 - Epoch: [1][1099/1176]	Time  8.289 ( 8.234)	Data  0.000 ( 0.000)	Loss 1.5885e+01 (8.0200e+00)	Acc@1   0.00 ( 33.73)	Acc@5   0.00 ( 82.09)
16-Feb-26 17:19:42 -  @Training * Acc@1 34.269 Acc@5 82.568 Loss 8.007
16-Feb-26 17:19:42 - One training epoch latency: 9.681e+03s | Avg Power: 214.8W | Energy: 2079273.8249J
