16-Mar-26 08:00:09 - Namespace(arch='dvs_tessvgg_model', cpu=False, dataset='DVSGesture', save_path='./experiments/DVSGesture_Lonic_wn_int16_ternary_int8_t10', data_path='/home/cts3td/Datasets', trials=1, epochs=100, optimizer='Adam', loss='CE', lr=6.25e-05, lr_conv=6.25e-05, batch_size=1, val_batch_size=16, label_encoding='class', activation='LinearSpike', seed=1, pretrained_model=None, training_mode='tess', delay_ls=10, scheduler=100, print_freq=100, factors_stdp=[0.2, 0.5, 0.0, 1.0], pooling='MAX', weight_decay=0, lr_scheduler_type='ReduceLR', experiment_name='DVSGesture', wn=True, avoid_wn=False, low_precision_training=True, forward_intx=16)
16-Mar-26 08:00:09 - => Everything will be saved to ./experiments/DVSGesture_Lonic_wn_int16_ternary_int8_t10
16-Mar-26 08:00:13 - CUDA GPU will be used for computations
16-Mar-26 08:00:13 - Training set length: 1176
16-Mar-26 08:00:13 - Test set length: 288
16-Mar-26 08:00:13 - Activation used: None
16-Mar-26 08:00:13 - Total Parameters: 9222.8K
16-Mar-26 08:00:14 - === Model ===
16-Mar-26 08:00:14 - VGGConvModel(
  (conv_block1): LocalLearningSignalGenerationLayer(
    (block): ConvBlock(
      (pool): Identity()
      (conv): Conv2dSTDP(2, 64, kernel_size=(3, 3), stride=(1, 1), padding=(1, 1), bias=False, threshold=0.60, leak=0.50, reset=soft, grad_leak=False, grad_threshold=False, factors=tensor([0.2000, 0.5000, 0.0000, 1.0000], device='cuda:0'))
      (dropout): DropoutLIF(
        Dropout(p=0.0, inplace=False)
        (dropout): Dropout(p=0.0, inplace=False)
      )
    )
  )
  (conv_block2): LocalLearningSignalGenerationLayer(
    (block): ConvBlock(
      (pool): MaxPool2d(kernel_size=2, stride=2, padding=0, dilation=1, ceil_mode=False)
      (conv): Conv2dSTDP(64, 128, kernel_size=(3, 3), stride=(1, 1), padding=(1, 1), bias=False, threshold=0.60, leak=0.50, reset=soft, grad_leak=False, grad_threshold=False, factors=tensor([0.2000, 0.5000, 0.0000, 1.0000], device='cuda:0'))
      (dropout): DropoutLIF(
        Dropout(p=0.0, inplace=False)
        (dropout): Dropout(p=0.0, inplace=False)
      )
    )
  )
  (conv_block3): LocalLearningSignalGenerationLayer(
    (block): ConvBlock(
      (pool): Identity()
      (conv): Conv2dSTDP(128, 256, kernel_size=(3, 3), stride=(1, 1), padding=(1, 1), bias=False, threshold=0.60, leak=0.50, reset=soft, grad_leak=False, grad_threshold=False, factors=tensor([0.2000, 0.5000, 0.0000, 1.0000], device='cuda:0'))
      (dropout): DropoutLIF(
        Dropout(p=0.0, inplace=False)
        (dropout): Dropout(p=0.0, inplace=False)
      )
    )
  )
  (conv_block4): LocalLearningSignalGenerationLayer(
    (block): ConvBlock(
      (pool): MaxPool2d(kernel_size=2, stride=2, padding=0, dilation=1, ceil_mode=False)
      (conv): Conv2dSTDP(256, 256, kernel_size=(3, 3), stride=(1, 1), padding=(1, 1), bias=False, threshold=0.60, leak=0.50, reset=soft, grad_leak=False, grad_threshold=False, factors=tensor([0.2000, 0.5000, 0.0000, 1.0000], device='cuda:0'))
      (dropout): DropoutLIF(
        Dropout(p=0.0, inplace=False)
        (dropout): Dropout(p=0.0, inplace=False)
      )
    )
  )
  (conv_block5): LocalLearningSignalGenerationLayer(
    (block): ConvBlock(
      (pool): Identity()
      (conv): Conv2dSTDP(256, 512, kernel_size=(3, 3), stride=(1, 1), padding=(1, 1), bias=False, threshold=0.60, leak=0.50, reset=soft, grad_leak=False, grad_threshold=False, factors=tensor([0.2000, 0.5000, 0.0000, 1.0000], device='cuda:0'))
      (dropout): DropoutLIF(
        Dropout(p=0.0, inplace=False)
        (dropout): Dropout(p=0.0, inplace=False)
      )
    )
  )
  (conv_block6): LocalLearningSignalGenerationLayer(
    (block): ConvBlock(
      (pool): MaxPool2d(kernel_size=2, stride=2, padding=0, dilation=1, ceil_mode=False)
      (conv): Conv2dSTDP(512, 512, kernel_size=(3, 3), stride=(1, 1), padding=(1, 1), bias=False, threshold=0.60, leak=0.50, reset=soft, grad_leak=False, grad_threshold=False, factors=tensor([0.2000, 0.5000, 0.0000, 1.0000], device='cuda:0'))
      (dropout): DropoutLIF(
        Dropout(p=0.0, inplace=False)
        (dropout): Dropout(p=0.0, inplace=False)
      )
    )
  )
  (conv_block7): LocalLearningSignalGenerationLayer(
    (block): ConvBlock(
      (pool): Identity()
      (conv): Conv2dSTDP(512, 512, kernel_size=(3, 3), stride=(1, 1), padding=(1, 1), bias=False, threshold=0.60, leak=0.50, reset=soft, grad_leak=False, grad_threshold=False, factors=tensor([0.2000, 0.5000, 0.0000, 1.0000], device='cuda:0'))
      (dropout): DropoutLIF(
        Dropout(p=0.0, inplace=False)
        (dropout): Dropout(p=0.0, inplace=False)
      )
    )
  )
  (conv_block8): LocalLearningSignalGenerationLayer(
    (block): ConvBlock(
      (pool): AdaptiveAvgPool2d(output_size=1)
      (conv): Conv2dSTDP(512, 512, kernel_size=(3, 3), stride=(1, 1), padding=(1, 1), bias=False, threshold=0.60, leak=0.50, reset=soft, grad_leak=False, grad_threshold=False, factors=tensor([0.2000, 0.5000, 0.0000, 1.0000], device='cuda:0'))
      (dropout): DropoutLIF(
        Dropout(p=0.0, inplace=False)
        (dropout): Dropout(p=0.0, inplace=False)
      )
    )
  )
  (linear): Linear(in_features=512, out_features=11, bias=True)
)
16-Mar-26 08:00:15 - 
=== Starting model training with 100 epochs:

16-Mar-26 08:00:15 - 	 Epoch 1...
16-Mar-26 08:00:28 - Epoch: [1][  99/1176]	Time  0.088 ( 0.133)	Data  0.000 ( 0.002)	Loss 9.2376e+00 (4.6212e+00)	Acc@1   0.00 ( 13.00)	Acc@5 100.00 ( 62.00)
16-Mar-26 08:00:37 - Epoch: [1][ 199/1176]	Time  0.089 ( 0.111)	Data  0.000 ( 0.001)	Loss 9.3781e+00 (4.9444e+00)	Acc@1   0.00 ( 19.00)	Acc@5 100.00 ( 61.00)
16-Mar-26 08:00:46 - Epoch: [1][ 299/1176]	Time  0.089 ( 0.104)	Data  0.000 ( 0.001)	Loss 1.3926e+00 (5.1567e+00)	Acc@1   0.00 ( 19.67)	Acc@5 100.00 ( 68.00)
16-Mar-26 08:00:55 - Epoch: [1][ 399/1176]	Time  0.088 ( 0.101)	Data  0.000 ( 0.001)	Loss 2.0873e+01 (5.1446e+00)	Acc@1   0.00 ( 23.25)	Acc@5   0.00 ( 73.25)
16-Mar-26 08:01:04 - Epoch: [1][ 499/1176]	Time  0.089 ( 0.099)	Data  0.000 ( 0.001)	Loss 1.7330e+01 (4.9858e+00)	Acc@1   0.00 ( 26.60)	Acc@5 100.00 ( 76.60)
16-Mar-26 08:01:13 - Epoch: [1][ 599/1176]	Time  0.088 ( 0.097)	Data  0.000 ( 0.001)	Loss 1.2225e+00 (4.8491e+00)	Acc@1   0.00 ( 29.33)	Acc@5 100.00 ( 79.17)
16-Mar-26 08:01:22 - Epoch: [1][ 699/1176]	Time  0.088 ( 0.096)	Data  0.000 ( 0.001)	Loss 1.2289e+00 (4.6127e+00)	Acc@1   0.00 ( 30.86)	Acc@5 100.00 ( 81.43)
16-Mar-26 08:01:31 - Epoch: [1][ 799/1176]	Time  0.088 ( 0.095)	Data  0.000 ( 0.001)	Loss 7.6875e+00 (4.4660e+00)	Acc@1   0.00 ( 33.00)	Acc@5 100.00 ( 83.00)
16-Mar-26 08:01:40 - Epoch: [1][ 899/1176]	Time  0.089 ( 0.095)	Data  0.000 ( 0.001)	Loss 3.4082e-02 (4.4059e+00)	Acc@1 100.00 ( 34.67)	Acc@5 100.00 ( 84.33)
16-Mar-26 08:01:49 - Epoch: [1][ 999/1176]	Time  0.088 ( 0.095)	Data  0.000 ( 0.000)	Loss 8.5532e-02 (4.2925e+00)	Acc@1 100.00 ( 35.80)	Acc@5 100.00 ( 85.60)
16-Mar-26 08:01:58 - Epoch: [1][1099/1176]	Time  0.089 ( 0.094)	Data  0.000 ( 0.000)	Loss 9.5972e+00 (4.1626e+00)	Acc@1   0.00 ( 37.09)	Acc@5 100.00 ( 86.82)
16-Mar-26 08:02:05 -  @Training * Acc@1 37.670 Acc@5 87.330 Loss 4.171
16-Mar-26 08:02:06 - One training epoch latency: 110.7s | Avg Power: 225.7W | Energy: 24989.5247J
16-Mar-26 08:02:13 -  @Testing * Acc@1 51.389 Acc@5 93.403 Loss 2.923
16-Mar-26 08:02:13 - Best acc at epoch 1: 51.38888931274414
16-Mar-26 08:02:13 - Last learning rate: [6.25e-05]
16-Mar-26 08:02:13 - 	 Epoch 2...
16-Mar-26 08:02:23 - Epoch: [2][  99/1176]	Time  0.093 ( 0.096)	Data  0.000 ( 0.002)	Loss 7.2026e+00 (3.0122e+00)	Acc@1   0.00 ( 58.00)	Acc@5 100.00 ( 96.00)
16-Mar-26 08:02:32 - Epoch: [2][ 199/1176]	Time  0.093 ( 0.094)	Data  0.001 ( 0.001)	Loss 4.0365e-03 (2.7200e+00)	Acc@1 100.00 ( 56.00)	Acc@5 100.00 ( 97.50)
16-Mar-26 08:02:41 - Epoch: [2][ 299/1176]	Time  0.093 ( 0.094)	Data  0.000 ( 0.001)	Loss 1.2159e-05 (2.8804e+00)	Acc@1 100.00 ( 52.67)	Acc@5 100.00 ( 97.00)
16-Mar-26 08:02:51 - Epoch: [2][ 399/1176]	Time  0.091 ( 0.094)	Data  0.001 ( 0.001)	Loss 4.8472e+00 (2.6301e+00)	Acc@1   0.00 ( 54.75)	Acc@5 100.00 ( 97.50)
16-Mar-26 08:03:00 - Epoch: [2][ 499/1176]	Time  0.092 ( 0.094)	Data  0.000 ( 0.001)	Loss 3.8700e+00 (2.6109e+00)	Acc@1   0.00 ( 56.00)	Acc@5 100.00 ( 97.80)
16-Mar-26 08:03:09 - Epoch: [2][ 599/1176]	Time  0.090 ( 0.094)	Data  0.000 ( 0.001)	Loss 1.0103e-01 (2.6548e+00)	Acc@1 100.00 ( 55.50)	Acc@5 100.00 ( 98.17)
16-Mar-26 08:03:19 - Epoch: [2][ 699/1176]	Time  0.091 ( 0.094)	Data  0.000 ( 0.001)	Loss 1.3150e-02 (2.7871e+00)	Acc@1 100.00 ( 55.86)	Acc@5 100.00 ( 98.29)
16-Mar-26 08:03:28 - Epoch: [2][ 799/1176]	Time  0.093 ( 0.094)	Data  0.000 ( 0.000)	Loss 1.1921e-07 (2.8517e+00)	Acc@1 100.00 ( 56.00)	Acc@5 100.00 ( 98.12)
16-Mar-26 08:03:37 - Epoch: [2][ 899/1176]	Time  0.089 ( 0.094)	Data  0.000 ( 0.000)	Loss 2.0832e-02 (2.9441e+00)	Acc@1 100.00 ( 56.11)	Acc@5 100.00 ( 97.78)
16-Mar-26 08:03:47 - Epoch: [2][ 999/1176]	Time  0.092 ( 0.094)	Data  0.001 ( 0.000)	Loss 3.4818e+00 (2.8907e+00)	Acc@1   0.00 ( 56.40)	Acc@5 100.00 ( 98.00)
16-Mar-26 08:03:56 - Epoch: [2][1099/1176]	Time  0.093 ( 0.094)	Data  0.001 ( 0.000)	Loss 3.6740e+00 (2.8926e+00)	Acc@1   0.00 ( 57.27)	Acc@5 100.00 ( 98.00)
16-Mar-26 08:04:03 -  @Training * Acc@1 57.143 Acc@5 97.874 Loss 2.927
16-Mar-26 08:04:03 - One training epoch latency: 110.0s | Avg Power: 230.5W | Energy: 25359.2166J
16-Mar-26 08:04:10 -  @Testing * Acc@1 57.639 Acc@5 98.958 Loss 2.799
16-Mar-26 08:04:10 - Best acc at epoch 2: 57.63888931274414
16-Mar-26 08:04:10 - Last learning rate: [6.25e-05]
16-Mar-26 08:04:10 - 	 Epoch 3...
16-Mar-26 08:04:20 - Epoch: [3][  99/1176]	Time  0.091 ( 0.095)	Data  0.000 ( 0.002)	Loss 5.4247e+00 (3.1335e+00)	Acc@1   0.00 ( 62.00)	Acc@5 100.00 ( 96.00)
16-Mar-26 08:04:29 - Epoch: [3][ 199/1176]	Time  0.092 ( 0.095)	Data  0.000 ( 0.001)	Loss 1.5637e-02 (2.6080e+00)	Acc@1 100.00 ( 65.50)	Acc@5 100.00 ( 97.00)
16-Mar-26 08:04:39 - Epoch: [3][ 299/1176]	Time  0.092 ( 0.094)	Data  0.000 ( 0.001)	Loss 7.3459e-02 (2.5473e+00)	Acc@1 100.00 ( 64.67)	Acc@5 100.00 ( 96.67)
16-Mar-26 08:04:48 - Epoch: [3][ 399/1176]	Time  0.092 ( 0.094)	Data  0.000 ( 0.001)	Loss 5.7794e-01 (2.2827e+00)	Acc@1 100.00 ( 67.00)	Acc@5 100.00 ( 97.50)
16-Mar-26 08:04:57 - Epoch: [3][ 499/1176]	Time  0.093 ( 0.094)	Data  0.000 ( 0.001)	Loss 1.4287e+01 (2.2147e+00)	Acc@1   0.00 ( 67.20)	Acc@5 100.00 ( 98.00)
16-Mar-26 08:05:07 - Epoch: [3][ 599/1176]	Time  0.093 ( 0.094)	Data  0.000 ( 0.001)	Loss 0.0000e+00 (2.1211e+00)	Acc@1 100.00 ( 68.00)	Acc@5 100.00 ( 98.17)
16-Mar-26 08:05:16 - Epoch: [3][ 699/1176]	Time  0.092 ( 0.094)	Data  0.000 ( 0.001)	Loss 0.0000e+00 (2.1117e+00)	Acc@1 100.00 ( 68.57)	Acc@5 100.00 ( 98.43)
16-Mar-26 08:05:26 - Epoch: [3][ 799/1176]	Time  0.112 ( 0.094)	Data  0.000 ( 0.000)	Loss 4.1292e-02 (2.2412e+00)	Acc@1 100.00 ( 67.50)	Acc@5 100.00 ( 98.38)
16-Mar-26 08:05:35 - Epoch: [3][ 899/1176]	Time  0.093 ( 0.094)	Data  0.000 ( 0.000)	Loss 5.6536e-02 (2.2480e+00)	Acc@1 100.00 ( 67.56)	Acc@5 100.00 ( 98.44)
16-Mar-26 08:05:44 - Epoch: [3][ 999/1176]	Time  0.093 ( 0.094)	Data  0.000 ( 0.000)	Loss 8.6658e-02 (2.1967e+00)	Acc@1 100.00 ( 67.40)	Acc@5 100.00 ( 98.40)
16-Mar-26 08:05:54 - Epoch: [3][1099/1176]	Time  0.094 ( 0.094)	Data  0.000 ( 0.000)	Loss 2.1458e-06 (2.2639e+00)	Acc@1 100.00 ( 67.18)	Acc@5 100.00 ( 98.27)
16-Mar-26 08:06:01 -  @Training * Acc@1 67.432 Acc@5 98.384 Loss 2.241
16-Mar-26 08:06:01 - One training epoch latency: 110.4s | Avg Power: 228.3W | Energy: 25207.3640J
16-Mar-26 08:06:08 -  @Testing * Acc@1 69.792 Acc@5 98.958 Loss 2.398
16-Mar-26 08:06:08 - Best acc at epoch 3: 69.79166412353516
16-Mar-26 08:06:08 - Last learning rate: [6.25e-05]
16-Mar-26 08:06:08 - 	 Epoch 4...
16-Mar-26 08:06:18 - Epoch: [4][  99/1176]	Time  0.093 ( 0.097)	Data  0.000 ( 0.002)	Loss 3.7973e+00 (1.8718e+00)	Acc@1   0.00 ( 70.00)	Acc@5 100.00 (100.00)
16-Mar-26 08:06:27 - Epoch: [4][ 199/1176]	Time  0.091 ( 0.096)	Data  0.000 ( 0.001)	Loss 0.0000e+00 (1.9677e+00)	Acc@1 100.00 ( 70.50)	Acc@5 100.00 ( 99.50)
16-Mar-26 08:06:36 - Epoch: [4][ 299/1176]	Time  0.092 ( 0.095)	Data  0.000 ( 0.001)	Loss 2.0243e+01 (1.9524e+00)	Acc@1   0.00 ( 69.33)	Acc@5 100.00 ( 99.33)
16-Mar-26 08:06:46 - Epoch: [4][ 399/1176]	Time  0.090 ( 0.095)	Data  0.000 ( 0.001)	Loss 0.0000e+00 (1.9568e+00)	Acc@1 100.00 ( 70.00)	Acc@5 100.00 ( 99.50)
16-Mar-26 08:06:55 - Epoch: [4][ 499/1176]	Time  0.092 ( 0.094)	Data  0.000 ( 0.001)	Loss 4.3290e+00 (1.9648e+00)	Acc@1   0.00 ( 71.00)	Acc@5 100.00 ( 99.40)
16-Mar-26 08:07:04 - Epoch: [4][ 599/1176]	Time  0.092 ( 0.094)	Data  0.000 ( 0.001)	Loss 2.0266e-06 (1.9639e+00)	Acc@1 100.00 ( 71.50)	Acc@5 100.00 ( 99.17)
16-Mar-26 08:07:14 - Epoch: [4][ 699/1176]	Time  0.090 ( 0.094)	Data  0.000 ( 0.000)	Loss 1.1071e-01 (1.8897e+00)	Acc@1 100.00 ( 71.29)	Acc@5 100.00 ( 99.29)
16-Mar-26 08:07:23 - Epoch: [4][ 799/1176]	Time  0.093 ( 0.094)	Data  0.000 ( 0.000)	Loss 9.9491e+00 (1.9725e+00)	Acc@1   0.00 ( 71.38)	Acc@5 100.00 ( 99.25)
16-Mar-26 08:07:33 - Epoch: [4][ 899/1176]	Time  0.120 ( 0.094)	Data  0.006 ( 0.000)	Loss 1.4850e+00 (2.0316e+00)	Acc@1   0.00 ( 71.00)	Acc@5 100.00 ( 99.11)
16-Mar-26 08:07:42 - Epoch: [4][ 999/1176]	Time  0.093 ( 0.094)	Data  0.001 ( 0.000)	Loss 1.1760e-03 (1.9998e+00)	Acc@1 100.00 ( 71.20)	Acc@5 100.00 ( 99.20)
16-Mar-26 08:07:51 - Epoch: [4][1099/1176]	Time  0.092 ( 0.094)	Data  0.000 ( 0.000)	Loss 3.4923e-02 (2.0233e+00)	Acc@1 100.00 ( 70.55)	Acc@5 100.00 ( 99.18)
16-Mar-26 08:07:59 -  @Training * Acc@1 71.088 Acc@5 99.235 Loss 1.972
16-Mar-26 08:07:59 - One training epoch latency: 110.7s | Avg Power: 228.7W | Energy: 25315.7257J
16-Mar-26 08:08:06 -  @Testing * Acc@1 71.875 Acc@5 98.958 Loss 2.443
16-Mar-26 08:08:06 - Best acc at epoch 4: 71.875
16-Mar-26 08:08:06 - Last learning rate: [6.25e-05]
16-Mar-26 08:08:06 - 	 Epoch 5...
16-Mar-26 08:08:16 - Epoch: [5][  99/1176]	Time  0.100 ( 0.096)	Data  0.000 ( 0.002)	Loss 6.6611e+00 (1.8587e+00)	Acc@1   0.00 ( 64.00)	Acc@5 100.00 (100.00)
16-Mar-26 08:08:25 - Epoch: [5][ 199/1176]	Time  0.089 ( 0.095)	Data  0.000 ( 0.001)	Loss 6.9366e+00 (1.6026e+00)	Acc@1   0.00 ( 71.50)	Acc@5 100.00 (100.00)
16-Mar-26 08:08:34 - Epoch: [5][ 299/1176]	Time  0.093 ( 0.094)	Data  0.000 ( 0.001)	Loss 3.1232e+00 (1.6805e+00)	Acc@1   0.00 ( 73.67)	Acc@5 100.00 (100.00)
16-Mar-26 08:08:44 - Epoch: [5][ 399/1176]	Time  0.112 ( 0.094)	Data  0.000 ( 0.001)	Loss 5.6420e+00 (1.5872e+00)	Acc@1   0.00 ( 73.00)	Acc@5 100.00 (100.00)
16-Mar-26 08:08:53 - Epoch: [5][ 499/1176]	Time  0.091 ( 0.094)	Data  0.000 ( 0.001)	Loss 2.5111e-03 (1.5648e+00)	Acc@1 100.00 ( 73.80)	Acc@5 100.00 (100.00)
16-Mar-26 08:09:02 - Epoch: [5][ 599/1176]	Time  0.091 ( 0.094)	Data  0.000 ( 0.001)	Loss 0.0000e+00 (1.5715e+00)	Acc@1 100.00 ( 73.17)	Acc@5 100.00 (100.00)
16-Mar-26 08:09:12 - Epoch: [5][ 699/1176]	Time  0.092 ( 0.094)	Data  0.000 ( 0.001)	Loss 0.0000e+00 (1.5069e+00)	Acc@1 100.00 ( 73.71)	Acc@5 100.00 ( 99.86)
16-Mar-26 08:09:21 - Epoch: [5][ 799/1176]	Time  0.091 ( 0.094)	Data  0.000 ( 0.000)	Loss 9.6034e-02 (1.5382e+00)	Acc@1 100.00 ( 74.38)	Acc@5 100.00 ( 99.75)
16-Mar-26 08:09:30 - Epoch: [5][ 899/1176]	Time  0.095 ( 0.094)	Data  0.000 ( 0.000)	Loss 5.0375e-01 (1.5070e+00)	Acc@1 100.00 ( 74.56)	Acc@5 100.00 ( 99.78)
16-Mar-26 08:09:40 - Epoch: [5][ 999/1176]	Time  0.092 ( 0.094)	Data  0.000 ( 0.000)	Loss 0.0000e+00 (1.5183e+00)	Acc@1 100.00 ( 75.00)	Acc@5 100.00 ( 99.70)
16-Mar-26 08:09:49 - Epoch: [5][1099/1176]	Time  0.093 ( 0.094)	Data  0.001 ( 0.000)	Loss 4.8308e+00 (1.5993e+00)	Acc@1   0.00 ( 74.27)	Acc@5 100.00 ( 99.64)
16-Mar-26 08:09:56 -  @Training * Acc@1 74.150 Acc@5 99.660 Loss 1.613
16-Mar-26 08:09:56 - One training epoch latency: 110.4s | Avg Power: 230.0W | Energy: 25382.4859J
16-Mar-26 08:10:03 -  @Testing * Acc@1 58.681 Acc@5 99.306 Loss 4.240
16-Mar-26 08:10:03 - Best acc at epoch 5: 71.875
16-Mar-26 08:10:03 - Last learning rate: [6.25e-05]
16-Mar-26 08:10:03 - 	 Epoch 6...
16-Mar-26 08:10:13 - Epoch: [6][  99/1176]	Time  0.095 ( 0.096)	Data  0.000 ( 0.002)	Loss 2.6308e-03 (1.4263e+00)	Acc@1 100.00 ( 75.00)	Acc@5 100.00 (100.00)
16-Mar-26 08:10:22 - Epoch: [6][ 199/1176]	Time  0.091 ( 0.095)	Data  0.000 ( 0.001)	Loss 1.3977e-01 (1.7965e+00)	Acc@1 100.00 ( 74.50)	Acc@5 100.00 ( 99.50)
16-Mar-26 08:10:32 - Epoch: [6][ 299/1176]	Time  0.093 ( 0.094)	Data  0.000 ( 0.001)	Loss 6.6634e+00 (1.6770e+00)	Acc@1   0.00 ( 76.33)	Acc@5 100.00 ( 99.33)
16-Mar-26 08:10:41 - Epoch: [6][ 399/1176]	Time  0.094 ( 0.094)	Data  0.000 ( 0.001)	Loss 1.1921e-07 (1.4719e+00)	Acc@1 100.00 ( 77.75)	Acc@5 100.00 ( 99.50)
16-Mar-26 08:10:51 - Epoch: [6][ 499/1176]	Time  0.104 ( 0.094)	Data  0.000 ( 0.001)	Loss 9.6191e-04 (1.5180e+00)	Acc@1 100.00 ( 76.60)	Acc@5 100.00 ( 99.40)
16-Mar-26 08:11:00 - Epoch: [6][ 599/1176]	Time  0.092 ( 0.094)	Data  0.000 ( 0.001)	Loss 4.9043e-04 (1.5339e+00)	Acc@1 100.00 ( 77.00)	Acc@5 100.00 ( 99.50)
16-Mar-26 08:11:09 - Epoch: [6][ 699/1176]	Time  0.093 ( 0.094)	Data  0.000 ( 0.001)	Loss 0.0000e+00 (1.4668e+00)	Acc@1 100.00 ( 77.00)	Acc@5 100.00 ( 99.57)
16-Mar-26 08:11:19 - Epoch: [6][ 799/1176]	Time  0.091 ( 0.094)	Data  0.000 ( 0.001)	Loss 3.2538e-02 (1.4691e+00)	Acc@1 100.00 ( 76.75)	Acc@5 100.00 ( 99.62)
16-Mar-26 08:11:28 - Epoch: [6][ 899/1176]	Time  0.093 ( 0.094)	Data  0.000 ( 0.000)	Loss 7.3471e+00 (1.4211e+00)	Acc@1   0.00 ( 77.00)	Acc@5 100.00 ( 99.67)
16-Mar-26 08:11:38 - Epoch: [6][ 999/1176]	Time  0.093 ( 0.094)	Data  0.000 ( 0.000)	Loss 0.0000e+00 (1.3989e+00)	Acc@1 100.00 ( 77.30)	Acc@5 100.00 ( 99.70)
16-Mar-26 08:11:47 - Epoch: [6][1099/1176]	Time  0.093 ( 0.094)	Data  0.000 ( 0.000)	Loss 2.3842e-07 (1.4636e+00)	Acc@1 100.00 ( 77.09)	Acc@5 100.00 ( 99.73)
16-Mar-26 08:11:54 -  @Training * Acc@1 77.381 Acc@5 99.745 Loss 1.438
16-Mar-26 08:11:54 - One training epoch latency: 110.6s | Avg Power: 227.4W | Energy: 25141.5008J
16-Mar-26 08:12:01 -  @Testing * Acc@1 71.875 Acc@5 99.653 Loss 2.864
16-Mar-26 08:12:01 - Best acc at epoch 6: 71.875
16-Mar-26 08:12:01 - Last learning rate: [6.25e-05]
16-Mar-26 08:12:01 - 	 Epoch 7...
16-Mar-26 08:12:11 - Epoch: [7][  99/1176]	Time  0.091 ( 0.096)	Data  0.000 ( 0.002)	Loss 5.4297e-04 (1.0560e+00)	Acc@1 100.00 ( 80.00)	Acc@5 100.00 (100.00)
16-Mar-26 08:12:20 - Epoch: [7][ 199/1176]	Time  0.089 ( 0.095)	Data  0.000 ( 0.001)	Loss 0.0000e+00 (1.1514e+00)	Acc@1 100.00 ( 78.50)	Acc@5 100.00 (100.00)
16-Mar-26 08:12:30 - Epoch: [7][ 299/1176]	Time  0.092 ( 0.094)	Data  0.001 ( 0.001)	Loss 1.1921e-07 (1.1060e+00)	Acc@1 100.00 ( 76.67)	Acc@5 100.00 (100.00)
16-Mar-26 08:12:39 - Epoch: [7][ 399/1176]	Time  0.091 ( 0.094)	Data  0.000 ( 0.001)	Loss 3.5469e-03 (1.1609e+00)	Acc@1 100.00 ( 78.50)	Acc@5 100.00 ( 99.75)
16-Mar-26 08:12:48 - Epoch: [7][ 499/1176]	Time  0.092 ( 0.094)	Data  0.000 ( 0.001)	Loss 0.0000e+00 (1.2065e+00)	Acc@1 100.00 ( 78.60)	Acc@5 100.00 ( 99.80)
16-Mar-26 08:12:58 - Epoch: [7][ 599/1176]	Time  0.096 ( 0.094)	Data  0.000 ( 0.001)	Loss 1.2753e-03 (1.1580e+00)	Acc@1 100.00 ( 79.33)	Acc@5 100.00 ( 99.83)
16-Mar-26 08:13:07 - Epoch: [7][ 699/1176]	Time  0.091 ( 0.094)	Data  0.000 ( 0.001)	Loss 8.1062e-06 (1.1852e+00)	Acc@1 100.00 ( 79.57)	Acc@5 100.00 ( 99.86)
16-Mar-26 08:13:16 - Epoch: [7][ 799/1176]	Time  0.093 ( 0.094)	Data  0.000 ( 0.001)	Loss 6.3012e-02 (1.1743e+00)	Acc@1 100.00 ( 80.00)	Acc@5 100.00 ( 99.88)
16-Mar-26 08:13:26 - Epoch: [7][ 899/1176]	Time  0.093 ( 0.094)	Data  0.000 ( 0.000)	Loss 4.3408e+00 (1.1993e+00)	Acc@1   0.00 ( 79.78)	Acc@5 100.00 ( 99.89)
16-Mar-26 08:13:35 - Epoch: [7][ 999/1176]	Time  0.090 ( 0.094)	Data  0.000 ( 0.000)	Loss 8.1470e-04 (1.1191e+00)	Acc@1 100.00 ( 80.70)	Acc@5 100.00 ( 99.90)
16-Mar-26 08:13:45 - Epoch: [7][1099/1176]	Time  0.091 ( 0.094)	Data  0.000 ( 0.000)	Loss 0.0000e+00 (1.1557e+00)	Acc@1 100.00 ( 80.18)	Acc@5 100.00 ( 99.82)
16-Mar-26 08:13:52 -  @Training * Acc@1 80.102 Acc@5 99.830 Loss 1.157
16-Mar-26 08:13:52 - One training epoch latency: 110.5s | Avg Power: 229.8W | Energy: 25400.4874J
16-Mar-26 08:13:59 -  @Testing * Acc@1 73.958 Acc@5 99.653 Loss 1.926
16-Mar-26 08:13:59 - Best acc at epoch 7: 73.95833587646484
16-Mar-26 08:13:59 - Last learning rate: [6.25e-05]
16-Mar-26 08:13:59 - 	 Epoch 8...
16-Mar-26 08:14:08 - Epoch: [8][  99/1176]	Time  0.090 ( 0.095)	Data  0.000 ( 0.002)	Loss 6.0147e-04 (9.8898e-01)	Acc@1 100.00 ( 76.00)	Acc@5 100.00 (100.00)
16-Mar-26 08:14:18 - Epoch: [8][ 199/1176]	Time  0.091 ( 0.094)	Data  0.000 ( 0.001)	Loss 1.2505e+01 (1.0812e+00)	Acc@1   0.00 ( 77.50)	Acc@5 100.00 (100.00)
16-Mar-26 08:14:27 - Epoch: [8][ 299/1176]	Time  0.093 ( 0.094)	Data  0.001 ( 0.001)	Loss 1.3105e+00 (1.1432e+00)	Acc@1   0.00 ( 76.00)	Acc@5 100.00 (100.00)
16-Mar-26 08:14:36 - Epoch: [8][ 399/1176]	Time  0.092 ( 0.094)	Data  0.000 ( 0.001)	Loss 6.1926e-01 (1.1181e+00)	Acc@1 100.00 ( 77.00)	Acc@5 100.00 (100.00)
16-Mar-26 08:14:46 - Epoch: [8][ 499/1176]	Time  0.092 ( 0.094)	Data  0.000 ( 0.001)	Loss 0.0000e+00 (1.0633e+00)	Acc@1 100.00 ( 79.00)	Acc@5 100.00 (100.00)
16-Mar-26 08:14:55 - Epoch: [8][ 599/1176]	Time  0.092 ( 0.094)	Data  0.000 ( 0.001)	Loss 0.0000e+00 (9.5293e-01)	Acc@1 100.00 ( 80.50)	Acc@5 100.00 (100.00)
16-Mar-26 08:15:04 - Epoch: [8][ 699/1176]	Time  0.092 ( 0.094)	Data  0.001 ( 0.001)	Loss 0.0000e+00 (9.5481e-01)	Acc@1 100.00 ( 80.57)	Acc@5 100.00 (100.00)
16-Mar-26 08:15:14 - Epoch: [8][ 799/1176]	Time  0.090 ( 0.093)	Data  0.000 ( 0.000)	Loss 3.4322e-02 (9.8272e-01)	Acc@1 100.00 ( 81.12)	Acc@5 100.00 (100.00)
16-Mar-26 08:15:23 - Epoch: [8][ 899/1176]	Time  0.092 ( 0.093)	Data  0.002 ( 0.000)	Loss 0.0000e+00 (9.6938e-01)	Acc@1 100.00 ( 81.56)	Acc@5 100.00 (100.00)
16-Mar-26 08:15:32 - Epoch: [8][ 999/1176]	Time  0.091 ( 0.093)	Data  0.000 ( 0.000)	Loss 6.2690e-03 (1.0463e+00)	Acc@1 100.00 ( 81.00)	Acc@5 100.00 (100.00)
16-Mar-26 08:15:42 - Epoch: [8][1099/1176]	Time  0.092 ( 0.093)	Data  0.000 ( 0.000)	Loss 5.1742e-02 (1.0109e+00)	Acc@1 100.00 ( 81.27)	Acc@5 100.00 (100.00)
16-Mar-26 08:15:49 -  @Training * Acc@1 81.463 Acc@5 100.000 Loss 0.996
16-Mar-26 08:15:49 - One training epoch latency: 109.9s | Avg Power: 230.5W | Energy: 25344.0654J
16-Mar-26 08:15:56 -  @Testing * Acc@1 80.556 Acc@5 99.306 Loss 1.743
16-Mar-26 08:15:56 - Best acc at epoch 8: 80.55555725097656
16-Mar-26 08:15:56 - Last learning rate: [6.25e-05]
16-Mar-26 08:15:56 - 	 Epoch 9...
16-Mar-26 08:16:06 - Epoch: [9][  99/1176]	Time  0.108 ( 0.095)	Data  0.000 ( 0.002)	Loss 1.3511e+01 (5.1350e-01)	Acc@1   0.00 ( 89.00)	Acc@5 100.00 (100.00)
16-Mar-26 08:16:15 - Epoch: [9][ 199/1176]	Time  0.092 ( 0.094)	Data  0.000 ( 0.001)	Loss 0.0000e+00 (5.7386e-01)	Acc@1 100.00 ( 90.50)	Acc@5 100.00 (100.00)
16-Mar-26 08:16:24 - Epoch: [9][ 299/1176]	Time  0.094 ( 0.094)	Data  0.000 ( 0.001)	Loss 2.3477e+00 (6.6681e-01)	Acc@1   0.00 ( 87.33)	Acc@5 100.00 (100.00)
16-Mar-26 08:16:34 - Epoch: [9][ 399/1176]	Time  0.115 ( 0.094)	Data  0.002 ( 0.001)	Loss 8.0279e-04 (6.9366e-01)	Acc@1 100.00 ( 87.50)	Acc@5 100.00 ( 99.75)
16-Mar-26 08:16:43 - Epoch: [9][ 499/1176]	Time  0.091 ( 0.094)	Data  0.000 ( 0.001)	Loss 0.0000e+00 (8.2890e-01)	Acc@1 100.00 ( 86.20)	Acc@5 100.00 ( 99.80)
16-Mar-26 08:16:52 - Epoch: [9][ 599/1176]	Time  0.093 ( 0.094)	Data  0.000 ( 0.000)	Loss 3.8147e-06 (8.3349e-01)	Acc@1 100.00 ( 85.83)	Acc@5 100.00 ( 99.83)
16-Mar-26 08:17:02 - Epoch: [9][ 699/1176]	Time  0.092 ( 0.094)	Data  0.000 ( 0.000)	Loss 3.7789e-02 (8.7251e-01)	Acc@1 100.00 ( 85.43)	Acc@5 100.00 ( 99.86)
16-Mar-26 08:17:11 - Epoch: [9][ 799/1176]	Time  0.094 ( 0.094)	Data  0.000 ( 0.000)	Loss 0.0000e+00 (9.4918e-01)	Acc@1 100.00 ( 85.12)	Acc@5 100.00 ( 99.88)
16-Mar-26 08:17:21 - Epoch: [9][ 899/1176]	Time  0.106 ( 0.094)	Data  0.000 ( 0.000)	Loss 3.3589e-03 (1.0031e+00)	Acc@1 100.00 ( 84.44)	Acc@5 100.00 ( 99.89)
16-Mar-26 08:17:30 - Epoch: [9][ 999/1176]	Time  0.092 ( 0.094)	Data  0.000 ( 0.000)	Loss 0.0000e+00 (9.9282e-01)	Acc@1 100.00 ( 84.70)	Acc@5 100.00 ( 99.80)
16-Mar-26 08:17:39 - Epoch: [9][1099/1176]	Time  0.092 ( 0.094)	Data  0.000 ( 0.000)	Loss 0.0000e+00 (9.9892e-01)	Acc@1 100.00 ( 84.55)	Acc@5 100.00 ( 99.82)
16-Mar-26 08:17:47 -  @Training * Acc@1 84.609 Acc@5 99.830 Loss 0.979
16-Mar-26 08:17:47 - One training epoch latency: 110.5s | Avg Power: 227.2W | Energy: 25104.9207J
16-Mar-26 08:17:54 -  @Testing * Acc@1 82.639 Acc@5 99.306 Loss 1.420
16-Mar-26 08:17:54 - Best acc at epoch 9: 82.6388931274414
16-Mar-26 08:17:54 - Last learning rate: [6.25e-05]
16-Mar-26 08:17:54 - 	 Epoch 10...
16-Mar-26 08:18:03 - Epoch: [10][  99/1176]	Time  0.096 ( 0.096)	Data  0.000 ( 0.002)	Loss 2.4403e+00 (9.5477e-01)	Acc@1   0.00 ( 88.00)	Acc@5 100.00 (100.00)
16-Mar-26 08:18:13 - Epoch: [10][ 199/1176]	Time  0.093 ( 0.095)	Data  0.000 ( 0.001)	Loss 0.0000e+00 (6.3481e-01)	Acc@1 100.00 ( 90.50)	Acc@5 100.00 (100.00)
16-Mar-26 08:18:22 - Epoch: [10][ 299/1176]	Time  0.091 ( 0.094)	Data  0.000 ( 0.001)	Loss 4.6735e-02 (6.4449e-01)	Acc@1 100.00 ( 89.67)	Acc@5 100.00 (100.00)
16-Mar-26 08:18:32 - Epoch: [10][ 399/1176]	Time  0.099 ( 0.094)	Data  0.000 ( 0.001)	Loss 2.3081e-03 (6.0778e-01)	Acc@1 100.00 ( 88.25)	Acc@5 100.00 (100.00)
16-Mar-26 08:18:41 - Epoch: [10][ 499/1176]	Time  0.092 ( 0.094)	Data  0.000 ( 0.001)	Loss 0.0000e+00 (5.9734e-01)	Acc@1 100.00 ( 88.20)	Acc@5 100.00 (100.00)
16-Mar-26 08:18:50 - Epoch: [10][ 599/1176]	Time  0.091 ( 0.094)	Data  0.000 ( 0.001)	Loss 0.0000e+00 (6.8344e-01)	Acc@1 100.00 ( 88.17)	Acc@5 100.00 (100.00)
16-Mar-26 08:19:00 - Epoch: [10][ 699/1176]	Time  0.094 ( 0.094)	Data  0.000 ( 0.001)	Loss 0.0000e+00 (7.7096e-01)	Acc@1 100.00 ( 87.57)	Acc@5 100.00 (100.00)
16-Mar-26 08:19:09 - Epoch: [10][ 799/1176]	Time  0.093 ( 0.094)	Data  0.000 ( 0.001)	Loss 0.0000e+00 (7.6057e-01)	Acc@1 100.00 ( 87.25)	Acc@5 100.00 (100.00)
16-Mar-26 08:19:18 - Epoch: [10][ 899/1176]	Time  0.091 ( 0.094)	Data  0.000 ( 0.000)	Loss 0.0000e+00 (7.3735e-01)	Acc@1 100.00 ( 87.44)	Acc@5 100.00 (100.00)
16-Mar-26 08:19:28 - Epoch: [10][ 999/1176]	Time  0.093 ( 0.094)	Data  0.000 ( 0.000)	Loss 2.6544e-04 (7.6373e-01)	Acc@1 100.00 ( 87.10)	Acc@5 100.00 (100.00)
16-Mar-26 08:19:37 - Epoch: [10][1099/1176]	Time  0.093 ( 0.094)	Data  0.001 ( 0.000)	Loss 2.9681e+00 (7.5942e-01)	Acc@1   0.00 ( 87.00)	Acc@5 100.00 (100.00)
16-Mar-26 08:19:44 -  @Training * Acc@1 86.310 Acc@5 100.000 Loss 0.788
16-Mar-26 08:19:45 - One training epoch latency: 110.6s | Avg Power: 230.4W | Energy: 25483.8436J
16-Mar-26 08:19:52 -  @Testing * Acc@1 79.861 Acc@5 99.653 Loss 1.514
16-Mar-26 08:19:52 - Best acc at epoch 10: 82.6388931274414
16-Mar-26 08:19:52 - Last learning rate: [6.25e-05]
16-Mar-26 08:19:52 - 	 Epoch 11...
16-Mar-26 08:20:01 - Epoch: [11][  99/1176]	Time  0.090 ( 0.096)	Data  0.000 ( 0.002)	Loss 5.3643e-05 (6.4570e-01)	Acc@1 100.00 ( 83.00)	Acc@5 100.00 (100.00)
16-Mar-26 08:20:11 - Epoch: [11][ 199/1176]	Time  0.103 ( 0.095)	Data  0.000 ( 0.001)	Loss 1.1921e-07 (6.4239e-01)	Acc@1 100.00 ( 83.00)	Acc@5 100.00 (100.00)
16-Mar-26 08:20:20 - Epoch: [11][ 299/1176]	Time  0.093 ( 0.094)	Data  0.000 ( 0.001)	Loss 3.7431e-05 (7.3765e-01)	Acc@1 100.00 ( 82.33)	Acc@5 100.00 (100.00)
16-Mar-26 08:20:29 - Epoch: [11][ 399/1176]	Time  0.094 ( 0.094)	Data  0.000 ( 0.001)	Loss 7.0261e-04 (7.5171e-01)	Acc@1 100.00 ( 82.25)	Acc@5 100.00 (100.00)
16-Mar-26 08:20:39 - Epoch: [11][ 499/1176]	Time  0.093 ( 0.094)	Data  0.000 ( 0.001)	Loss 0.0000e+00 (7.2707e-01)	Acc@1 100.00 ( 84.20)	Acc@5 100.00 (100.00)
16-Mar-26 08:20:48 - Epoch: [11][ 599/1176]	Time  0.090 ( 0.094)	Data  0.000 ( 0.001)	Loss 0.0000e+00 (6.7984e-01)	Acc@1 100.00 ( 85.33)	Acc@5 100.00 (100.00)
16-Mar-26 08:20:57 - Epoch: [11][ 699/1176]	Time  0.092 ( 0.094)	Data  0.000 ( 0.000)	Loss 4.0743e-01 (6.8498e-01)	Acc@1 100.00 ( 85.86)	Acc@5 100.00 (100.00)
16-Mar-26 08:21:07 - Epoch: [11][ 799/1176]	Time  0.092 ( 0.094)	Data  0.000 ( 0.000)	Loss 0.0000e+00 (6.6942e-01)	Acc@1 100.00 ( 86.38)	Acc@5 100.00 (100.00)
16-Mar-26 08:21:16 - Epoch: [11][ 899/1176]	Time  0.093 ( 0.094)	Data  0.000 ( 0.000)	Loss 3.7389e-02 (6.5383e-01)	Acc@1 100.00 ( 86.56)	Acc@5 100.00 (100.00)
16-Mar-26 08:21:26 - Epoch: [11][ 999/1176]	Time  0.108 ( 0.094)	Data  0.000 ( 0.000)	Loss 1.7881e-06 (6.8111e-01)	Acc@1 100.00 ( 86.90)	Acc@5 100.00 (100.00)
16-Mar-26 08:21:35 - Epoch: [11][1099/1176]	Time  0.092 ( 0.094)	Data  0.000 ( 0.000)	Loss 0.0000e+00 (6.9141e-01)	Acc@1 100.00 ( 87.09)	Acc@5 100.00 (100.00)
16-Mar-26 08:21:42 -  @Training * Acc@1 87.075 Acc@5 100.000 Loss 0.694
16-Mar-26 08:21:42 - One training epoch latency: 110.5s | Avg Power: 228.8W | Energy: 25272.6384J
16-Mar-26 08:21:49 -  @Testing * Acc@1 82.639 Acc@5 99.306 Loss 1.527
16-Mar-26 08:21:49 - Best acc at epoch 11: 82.6388931274414
16-Mar-26 08:21:49 - Last learning rate: [6.25e-05]
16-Mar-26 08:21:49 - 	 Epoch 12...
16-Mar-26 08:21:59 - Epoch: [12][  99/1176]	Time  0.094 ( 0.096)	Data  0.002 ( 0.002)	Loss 2.1338e-05 (4.8291e-01)	Acc@1 100.00 ( 89.00)	Acc@5 100.00 (100.00)
16-Mar-26 08:22:08 - Epoch: [12][ 199/1176]	Time  0.090 ( 0.095)	Data  0.000 ( 0.001)	Loss 0.0000e+00 (5.0587e-01)	Acc@1 100.00 ( 90.50)	Acc@5 100.00 (100.00)
16-Mar-26 08:22:18 - Epoch: [12][ 299/1176]	Time  0.093 ( 0.095)	Data  0.000 ( 0.001)	Loss 1.1921e-07 (5.7810e-01)	Acc@1 100.00 ( 89.33)	Acc@5 100.00 (100.00)
16-Mar-26 08:22:27 - Epoch: [12][ 399/1176]	Time  0.092 ( 0.094)	Data  0.000 ( 0.001)	Loss 0.0000e+00 (6.1070e-01)	Acc@1 100.00 ( 89.00)	Acc@5 100.00 (100.00)
16-Mar-26 08:22:37 - Epoch: [12][ 499/1176]	Time  0.111 ( 0.094)	Data  0.000 ( 0.001)	Loss 0.0000e+00 (6.5864e-01)	Acc@1 100.00 ( 87.60)	Acc@5 100.00 (100.00)
16-Mar-26 08:22:46 - Epoch: [12][ 599/1176]	Time  0.092 ( 0.094)	Data  0.000 ( 0.001)	Loss 0.0000e+00 (6.9230e-01)	Acc@1 100.00 ( 87.50)	Acc@5 100.00 (100.00)
16-Mar-26 08:22:55 - Epoch: [12][ 699/1176]	Time  0.089 ( 0.094)	Data  0.000 ( 0.001)	Loss 1.1921e-07 (6.6578e-01)	Acc@1 100.00 ( 87.71)	Acc@5 100.00 (100.00)
16-Mar-26 08:23:05 - Epoch: [12][ 799/1176]	Time  0.093 ( 0.094)	Data  0.000 ( 0.000)	Loss 0.0000e+00 (6.3976e-01)	Acc@1 100.00 ( 88.12)	Acc@5 100.00 (100.00)
16-Mar-26 08:23:14 - Epoch: [12][ 899/1176]	Time  0.095 ( 0.094)	Data  0.000 ( 0.000)	Loss 0.0000e+00 (6.4891e-01)	Acc@1 100.00 ( 87.89)	Acc@5 100.00 (100.00)
16-Mar-26 08:23:24 - Epoch: [12][ 999/1176]	Time  0.103 ( 0.094)	Data  0.000 ( 0.000)	Loss 0.0000e+00 (6.7405e-01)	Acc@1 100.00 ( 88.00)	Acc@5 100.00 (100.00)
16-Mar-26 08:23:33 - Epoch: [12][1099/1176]	Time  0.092 ( 0.094)	Data  0.000 ( 0.000)	Loss 0.0000e+00 (6.8293e-01)	Acc@1 100.00 ( 87.73)	Acc@5 100.00 (100.00)
16-Mar-26 08:23:40 -  @Training * Acc@1 88.095 Acc@5 100.000 Loss 0.652
16-Mar-26 08:23:40 - One training epoch latency: 110.8s | Avg Power: 228.1W | Energy: 25283.6843J
16-Mar-26 08:23:47 -  @Testing * Acc@1 85.764 Acc@5 99.306 Loss 1.436
16-Mar-26 08:23:47 - Best acc at epoch 12: 85.7638931274414
16-Mar-26 08:23:47 - Last learning rate: [6.25e-05]
16-Mar-26 08:23:47 - 	 Epoch 13...
16-Mar-26 08:23:57 - Epoch: [13][  99/1176]	Time  0.092 ( 0.096)	Data  0.000 ( 0.002)	Loss 0.0000e+00 (4.6496e-01)	Acc@1 100.00 ( 90.00)	Acc@5 100.00 (100.00)
16-Mar-26 08:24:06 - Epoch: [13][ 199/1176]	Time  0.092 ( 0.095)	Data  0.000 ( 0.001)	Loss 6.0410e-01 (5.3378e-01)	Acc@1 100.00 ( 89.50)	Acc@5 100.00 (100.00)
16-Mar-26 08:24:16 - Epoch: [13][ 299/1176]	Time  0.092 ( 0.094)	Data  0.000 ( 0.001)	Loss 0.0000e+00 (4.8344e-01)	Acc@1 100.00 ( 89.33)	Acc@5 100.00 (100.00)
16-Mar-26 08:24:25 - Epoch: [13][ 399/1176]	Time  0.093 ( 0.094)	Data  0.000 ( 0.001)	Loss 0.0000e+00 (4.7686e-01)	Acc@1 100.00 ( 89.25)	Acc@5 100.00 (100.00)
16-Mar-26 08:24:35 - Epoch: [13][ 499/1176]	Time  0.112 ( 0.094)	Data  0.001 ( 0.001)	Loss 0.0000e+00 (4.7501e-01)	Acc@1 100.00 ( 89.80)	Acc@5 100.00 (100.00)
16-Mar-26 08:24:44 - Epoch: [13][ 599/1176]	Time  0.093 ( 0.094)	Data  0.001 ( 0.001)	Loss 3.1288e-04 (5.4622e-01)	Acc@1 100.00 ( 89.33)	Acc@5 100.00 (100.00)
16-Mar-26 08:24:53 - Epoch: [13][ 699/1176]	Time  0.093 ( 0.094)	Data  0.000 ( 0.001)	Loss 0.0000e+00 (5.6835e-01)	Acc@1 100.00 ( 89.14)	Acc@5 100.00 (100.00)
16-Mar-26 08:25:03 - Epoch: [13][ 799/1176]	Time  0.092 ( 0.094)	Data  0.000 ( 0.001)	Loss 0.0000e+00 (5.6425e-01)	Acc@1 100.00 ( 89.00)	Acc@5 100.00 (100.00)
16-Mar-26 08:25:12 - Epoch: [13][ 899/1176]	Time  0.092 ( 0.094)	Data  0.000 ( 0.000)	Loss 3.6594e+00 (5.9348e-01)	Acc@1   0.00 ( 88.78)	Acc@5 100.00 (100.00)
16-Mar-26 08:25:22 - Epoch: [13][ 999/1176]	Time  0.091 ( 0.094)	Data  0.000 ( 0.000)	Loss 2.7418e-06 (6.7438e-01)	Acc@1 100.00 ( 88.70)	Acc@5 100.00 (100.00)
16-Mar-26 08:25:31 - Epoch: [13][1099/1176]	Time  0.092 ( 0.094)	Data  0.000 ( 0.000)	Loss 0.0000e+00 (6.8553e-01)	Acc@1 100.00 ( 88.82)	Acc@5 100.00 (100.00)
16-Mar-26 08:25:38 -  @Training * Acc@1 89.031 Acc@5 100.000 Loss 0.666
16-Mar-26 08:25:38 - One training epoch latency: 110.7s | Avg Power: 229.9W | Energy: 25436.7625J
16-Mar-26 08:25:45 -  @Testing * Acc@1 83.333 Acc@5 99.306 Loss 1.719
16-Mar-26 08:25:45 - Best acc at epoch 13: 85.7638931274414
16-Mar-26 08:25:45 - Last learning rate: [6.25e-05]
16-Mar-26 08:25:45 - 	 Epoch 14...
16-Mar-26 08:25:55 - Epoch: [14][  99/1176]	Time  0.092 ( 0.096)	Data  0.000 ( 0.002)	Loss 1.1921e-07 (6.3113e-01)	Acc@1 100.00 ( 88.00)	Acc@5 100.00 (100.00)
16-Mar-26 08:26:04 - Epoch: [14][ 199/1176]	Time  0.092 ( 0.095)	Data  0.000 ( 0.001)	Loss 0.0000e+00 (4.8681e-01)	Acc@1 100.00 ( 89.00)	Acc@5 100.00 (100.00)
16-Mar-26 08:26:14 - Epoch: [14][ 299/1176]	Time  0.090 ( 0.094)	Data  0.000 ( 0.001)	Loss 5.9605e-07 (4.9915e-01)	Acc@1 100.00 ( 90.00)	Acc@5 100.00 (100.00)
16-Mar-26 08:26:23 - Epoch: [14][ 399/1176]	Time  0.091 ( 0.094)	Data  0.001 ( 0.001)	Loss 0.0000e+00 (5.6636e-01)	Acc@1 100.00 ( 89.75)	Acc@5 100.00 (100.00)
16-Mar-26 08:26:32 - Epoch: [14][ 499/1176]	Time  0.093 ( 0.094)	Data  0.000 ( 0.001)	Loss 2.4146e-02 (5.7306e-01)	Acc@1 100.00 ( 90.00)	Acc@5 100.00 (100.00)
16-Mar-26 08:26:42 - Epoch: [14][ 599/1176]	Time  0.116 ( 0.094)	Data  0.000 ( 0.001)	Loss 0.0000e+00 (5.3404e-01)	Acc@1 100.00 ( 90.33)	Acc@5 100.00 (100.00)
16-Mar-26 08:26:51 - Epoch: [14][ 699/1176]	Time  0.090 ( 0.094)	Data  0.000 ( 0.000)	Loss 0.0000e+00 (5.6531e-01)	Acc@1 100.00 ( 90.14)	Acc@5 100.00 (100.00)
16-Mar-26 08:27:00 - Epoch: [14][ 799/1176]	Time  0.091 ( 0.094)	Data  0.000 ( 0.000)	Loss 5.0949e-04 (5.3682e-01)	Acc@1 100.00 ( 90.50)	Acc@5 100.00 (100.00)
16-Mar-26 08:27:10 - Epoch: [14][ 899/1176]	Time  0.093 ( 0.094)	Data  0.000 ( 0.000)	Loss 0.0000e+00 (5.6977e-01)	Acc@1 100.00 ( 90.44)	Acc@5 100.00 (100.00)
16-Mar-26 08:27:19 - Epoch: [14][ 999/1176]	Time  0.093 ( 0.094)	Data  0.000 ( 0.000)	Loss 1.3113e-06 (5.9446e-01)	Acc@1 100.00 ( 90.20)	Acc@5 100.00 (100.00)
16-Mar-26 08:27:28 - Epoch: [14][1099/1176]	Time  0.092 ( 0.094)	Data  0.000 ( 0.000)	Loss 0.0000e+00 (5.7011e-01)	Acc@1 100.00 ( 90.18)	Acc@5 100.00 (100.00)
16-Mar-26 08:27:36 -  @Training * Acc@1 90.391 Acc@5 100.000 Loss 0.554
16-Mar-26 08:27:36 - One training epoch latency: 110.4s | Avg Power: 228.9W | Energy: 25280.4287J
16-Mar-26 08:27:43 -  @Testing * Acc@1 77.431 Acc@5 98.958 Loss 2.299
16-Mar-26 08:27:43 - Best acc at epoch 14: 85.7638931274414
16-Mar-26 08:27:43 - Last learning rate: [6.25e-05]
16-Mar-26 08:27:43 - 	 Epoch 15...
16-Mar-26 08:27:52 - Epoch: [15][  99/1176]	Time  0.093 ( 0.096)	Data  0.000 ( 0.002)	Loss 0.0000e+00 (4.9539e-01)	Acc@1 100.00 ( 91.00)	Acc@5 100.00 (100.00)
16-Mar-26 08:28:02 - Epoch: [15][ 199/1176]	Time  0.096 ( 0.095)	Data  0.000 ( 0.001)	Loss 0.0000e+00 (5.2927e-01)	Acc@1 100.00 ( 91.00)	Acc@5 100.00 (100.00)
16-Mar-26 08:28:11 - Epoch: [15][ 299/1176]	Time  0.091 ( 0.095)	Data  0.000 ( 0.001)	Loss 0.0000e+00 (5.2172e-01)	Acc@1 100.00 ( 91.33)	Acc@5 100.00 (100.00)
16-Mar-26 08:28:21 - Epoch: [15][ 399/1176]	Time  0.092 ( 0.095)	Data  0.001 ( 0.001)	Loss 0.0000e+00 (5.7104e-01)	Acc@1 100.00 ( 91.00)	Acc@5 100.00 (100.00)
16-Mar-26 08:28:30 - Epoch: [15][ 499/1176]	Time  0.093 ( 0.094)	Data  0.000 ( 0.001)	Loss 0.0000e+00 (5.6479e-01)	Acc@1 100.00 ( 90.80)	Acc@5 100.00 (100.00)
16-Mar-26 08:28:39 - Epoch: [15][ 599/1176]	Time  0.092 ( 0.094)	Data  0.000 ( 0.001)	Loss 8.3446e-07 (5.2094e-01)	Acc@1 100.00 ( 90.83)	Acc@5 100.00 (100.00)
16-Mar-26 08:28:49 - Epoch: [15][ 699/1176]	Time  0.092 ( 0.094)	Data  0.000 ( 0.001)	Loss 1.3209e+01 (5.1325e-01)	Acc@1   0.00 ( 91.14)	Acc@5 100.00 (100.00)
16-Mar-26 08:28:58 - Epoch: [15][ 799/1176]	Time  0.092 ( 0.094)	Data  0.000 ( 0.001)	Loss 0.0000e+00 (5.0405e-01)	Acc@1 100.00 ( 90.62)	Acc@5 100.00 (100.00)
16-Mar-26 08:29:08 - Epoch: [15][ 899/1176]	Time  0.103 ( 0.094)	Data  0.000 ( 0.000)	Loss 5.6028e-06 (5.1206e-01)	Acc@1 100.00 ( 91.00)	Acc@5 100.00 (100.00)
16-Mar-26 08:29:17 - Epoch: [15][ 999/1176]	Time  0.092 ( 0.094)	Data  0.000 ( 0.000)	Loss 5.3804e-03 (5.1158e-01)	Acc@1 100.00 ( 91.10)	Acc@5 100.00 (100.00)
16-Mar-26 08:29:26 - Epoch: [15][1099/1176]	Time  0.095 ( 0.094)	Data  0.000 ( 0.000)	Loss 0.0000e+00 (6.0104e-01)	Acc@1 100.00 ( 90.55)	Acc@5 100.00 (100.00)
16-Mar-26 08:29:34 -  @Training * Acc@1 90.561 Acc@5 100.000 Loss 0.597
16-Mar-26 08:29:34 - One training epoch latency: 110.6s | Avg Power: 228.9W | Energy: 25329.6042J
16-Mar-26 08:29:41 -  @Testing * Acc@1 77.431 Acc@5 98.958 Loss 3.057
16-Mar-26 08:29:41 - Best acc at epoch 15: 85.7638931274414
16-Mar-26 08:29:41 - Last learning rate: [3.125e-05]
16-Mar-26 08:29:41 - 	 Epoch 16...
16-Mar-26 08:29:50 - Epoch: [16][  99/1176]	Time  0.093 ( 0.096)	Data  0.001 ( 0.002)	Loss 0.0000e+00 (3.3951e-01)	Acc@1 100.00 ( 92.00)	Acc@5 100.00 (100.00)
16-Mar-26 08:30:00 - Epoch: [16][ 199/1176]	Time  0.093 ( 0.095)	Data  0.000 ( 0.001)	Loss 0.0000e+00 (2.2362e-01)	Acc@1 100.00 ( 94.50)	Acc@5 100.00 (100.00)
16-Mar-26 08:30:09 - Epoch: [16][ 299/1176]	Time  0.092 ( 0.094)	Data  0.000 ( 0.001)	Loss 0.0000e+00 (2.2967e-01)	Acc@1 100.00 ( 94.00)	Acc@5 100.00 (100.00)
16-Mar-26 08:30:18 - Epoch: [16][ 399/1176]	Time  0.093 ( 0.094)	Data  0.000 ( 0.001)	Loss 0.0000e+00 (2.0172e-01)	Acc@1 100.00 ( 94.50)	Acc@5 100.00 (100.00)
16-Mar-26 08:30:28 - Epoch: [16][ 499/1176]	Time  0.095 ( 0.094)	Data  0.000 ( 0.001)	Loss 0.0000e+00 (2.0483e-01)	Acc@1 100.00 ( 94.20)	Acc@5 100.00 (100.00)
16-Mar-26 08:30:37 - Epoch: [16][ 599/1176]	Time  0.093 ( 0.094)	Data  0.000 ( 0.001)	Loss 0.0000e+00 (2.3608e-01)	Acc@1 100.00 ( 93.83)	Acc@5 100.00 (100.00)
16-Mar-26 08:30:47 - Epoch: [16][ 699/1176]	Time  0.101 ( 0.094)	Data  0.000 ( 0.001)	Loss 0.0000e+00 (2.2881e-01)	Acc@1 100.00 ( 93.86)	Acc@5 100.00 (100.00)
16-Mar-26 08:30:56 - Epoch: [16][ 799/1176]	Time  0.092 ( 0.094)	Data  0.000 ( 0.000)	Loss 0.0000e+00 (2.2981e-01)	Acc@1 100.00 ( 94.00)	Acc@5 100.00 (100.00)
16-Mar-26 08:31:05 - Epoch: [16][ 899/1176]	Time  0.093 ( 0.094)	Data  0.000 ( 0.000)	Loss 0.0000e+00 (2.2137e-01)	Acc@1 100.00 ( 94.33)	Acc@5 100.00 (100.00)
16-Mar-26 08:31:15 - Epoch: [16][ 999/1176]	Time  0.091 ( 0.094)	Data  0.001 ( 0.000)	Loss 0.0000e+00 (2.3274e-01)	Acc@1 100.00 ( 94.20)	Acc@5 100.00 (100.00)
16-Mar-26 08:31:24 - Epoch: [16][1099/1176]	Time  0.092 ( 0.094)	Data  0.000 ( 0.000)	Loss 0.0000e+00 (2.3271e-01)	Acc@1 100.00 ( 94.45)	Acc@5 100.00 (100.00)
16-Mar-26 08:31:31 -  @Training * Acc@1 94.388 Acc@5 100.000 Loss 0.235
16-Mar-26 08:31:31 - One training epoch latency: 110.5s | Avg Power: 229.8W | Energy: 25400.6120J
16-Mar-26 08:31:38 -  @Testing * Acc@1 90.972 Acc@5 99.306 Loss 1.073
16-Mar-26 08:31:38 - Best acc at epoch 16: 90.97222137451172
16-Mar-26 08:31:39 - Last learning rate: [3.125e-05]
16-Mar-26 08:31:39 - 	 Epoch 17...
16-Mar-26 08:31:48 - Epoch: [17][  99/1176]	Time  0.096 ( 0.095)	Data  0.000 ( 0.002)	Loss 0.0000e+00 (1.0861e-01)	Acc@1 100.00 ( 97.00)	Acc@5 100.00 (100.00)
16-Mar-26 08:31:57 - Epoch: [17][ 199/1176]	Time  0.091 ( 0.095)	Data  0.000 ( 0.001)	Loss 1.2171e+00 (1.6027e-01)	Acc@1   0.00 ( 96.00)	Acc@5 100.00 (100.00)
16-Mar-26 08:32:07 - Epoch: [17][ 299/1176]	Time  0.092 ( 0.094)	Data  0.000 ( 0.001)	Loss 1.2159e-05 (1.4547e-01)	Acc@1 100.00 ( 96.33)	Acc@5 100.00 (100.00)
16-Mar-26 08:32:16 - Epoch: [17][ 399/1176]	Time  0.091 ( 0.094)	Data  0.000 ( 0.001)	Loss 0.0000e+00 (1.3181e-01)	Acc@1 100.00 ( 96.75)	Acc@5 100.00 (100.00)
16-Mar-26 08:32:26 - Epoch: [17][ 499/1176]	Time  0.103 ( 0.094)	Data  0.001 ( 0.001)	Loss 0.0000e+00 (2.0347e-01)	Acc@1 100.00 ( 96.60)	Acc@5 100.00 (100.00)
16-Mar-26 08:32:35 - Epoch: [17][ 599/1176]	Time  0.093 ( 0.094)	Data  0.001 ( 0.001)	Loss 0.0000e+00 (2.5683e-01)	Acc@1 100.00 ( 95.83)	Acc@5 100.00 (100.00)
16-Mar-26 08:32:44 - Epoch: [17][ 699/1176]	Time  0.092 ( 0.094)	Data  0.000 ( 0.001)	Loss 3.6292e+00 (2.2825e-01)	Acc@1   0.00 ( 96.14)	Acc@5 100.00 (100.00)
16-Mar-26 08:32:54 - Epoch: [17][ 799/1176]	Time  0.092 ( 0.094)	Data  0.000 ( 0.000)	Loss 0.0000e+00 (2.4589e-01)	Acc@1 100.00 ( 95.88)	Acc@5 100.00 (100.00)
16-Mar-26 08:33:03 - Epoch: [17][ 899/1176]	Time  0.093 ( 0.094)	Data  0.001 ( 0.000)	Loss 0.0000e+00 (2.4590e-01)	Acc@1 100.00 ( 95.89)	Acc@5 100.00 (100.00)
16-Mar-26 08:33:13 - Epoch: [17][ 999/1176]	Time  0.095 ( 0.094)	Data  0.000 ( 0.000)	Loss 8.5830e-06 (2.5443e-01)	Acc@1 100.00 ( 95.60)	Acc@5 100.00 (100.00)
16-Mar-26 08:33:22 - Epoch: [17][1099/1176]	Time  0.092 ( 0.094)	Data  0.000 ( 0.000)	Loss 0.0000e+00 (2.4798e-01)	Acc@1 100.00 ( 95.45)	Acc@5 100.00 (100.00)
16-Mar-26 08:33:29 -  @Training * Acc@1 95.153 Acc@5 100.000 Loss 0.253
16-Mar-26 08:33:29 - One training epoch latency: 110.5s | Avg Power: 227.9W | Energy: 25172.2609J
16-Mar-26 08:33:36 -  @Testing * Acc@1 88.889 Acc@5 99.306 Loss 1.285
16-Mar-26 08:33:36 - Best acc at epoch 17: 90.97222137451172
16-Mar-26 08:33:36 - Last learning rate: [3.125e-05]
16-Mar-26 08:33:36 - 	 Epoch 18...
16-Mar-26 08:33:45 - Epoch: [18][  99/1176]	Time  0.092 ( 0.095)	Data  0.000 ( 0.002)	Loss 0.0000e+00 (2.8842e-01)	Acc@1 100.00 ( 95.00)	Acc@5 100.00 (100.00)
16-Mar-26 08:33:55 - Epoch: [18][ 199/1176]	Time  0.094 ( 0.094)	Data  0.000 ( 0.001)	Loss 1.7047e-05 (1.9162e-01)	Acc@1 100.00 ( 96.50)	Acc@5 100.00 (100.00)
16-Mar-26 08:34:04 - Epoch: [18][ 299/1176]	Time  0.093 ( 0.094)	Data  0.000 ( 0.001)	Loss 0.0000e+00 (1.7043e-01)	Acc@1 100.00 ( 96.33)	Acc@5 100.00 (100.00)
16-Mar-26 08:34:13 - Epoch: [18][ 399/1176]	Time  0.091 ( 0.093)	Data  0.000 ( 0.001)	Loss 0.0000e+00 (1.3894e-01)	Acc@1 100.00 ( 96.75)	Acc@5 100.00 (100.00)
16-Mar-26 08:34:23 - Epoch: [18][ 499/1176]	Time  0.091 ( 0.093)	Data  0.000 ( 0.001)	Loss 0.0000e+00 (1.6907e-01)	Acc@1 100.00 ( 96.60)	Acc@5 100.00 (100.00)
16-Mar-26 08:34:32 - Epoch: [18][ 599/1176]	Time  0.093 ( 0.093)	Data  0.000 ( 0.001)	Loss 0.0000e+00 (1.9690e-01)	Acc@1 100.00 ( 96.17)	Acc@5 100.00 (100.00)
16-Mar-26 08:34:41 - Epoch: [18][ 699/1176]	Time  0.092 ( 0.093)	Data  0.000 ( 0.000)	Loss 0.0000e+00 (2.1843e-01)	Acc@1 100.00 ( 95.57)	Acc@5 100.00 (100.00)
16-Mar-26 08:34:51 - Epoch: [18][ 799/1176]	Time  0.093 ( 0.093)	Data  0.001 ( 0.000)	Loss 0.0000e+00 (1.9953e-01)	Acc@1 100.00 ( 96.00)	Acc@5 100.00 (100.00)
16-Mar-26 08:35:00 - Epoch: [18][ 899/1176]	Time  0.091 ( 0.093)	Data  0.000 ( 0.000)	Loss 0.0000e+00 (2.0768e-01)	Acc@1 100.00 ( 96.00)	Acc@5 100.00 (100.00)
16-Mar-26 08:35:09 - Epoch: [18][ 999/1176]	Time  0.092 ( 0.093)	Data  0.000 ( 0.000)	Loss 1.1802e-05 (2.5488e-01)	Acc@1 100.00 ( 95.50)	Acc@5 100.00 (100.00)
16-Mar-26 08:35:19 - Epoch: [18][1099/1176]	Time  0.093 ( 0.093)	Data  0.000 ( 0.000)	Loss 5.3855e-03 (2.4045e-01)	Acc@1 100.00 ( 95.73)	Acc@5 100.00 (100.00)
16-Mar-26 08:35:26 -  @Training * Acc@1 96.003 Acc@5 100.000 Loss 0.226
16-Mar-26 08:35:26 - One training epoch latency: 109.9s | Avg Power: 230.7W | Energy: 25349.5997J
16-Mar-26 08:35:33 -  @Testing * Acc@1 90.972 Acc@5 99.653 Loss 1.088
16-Mar-26 08:35:33 - Best acc at epoch 18: 90.97222137451172
16-Mar-26 08:35:33 - Last learning rate: [3.125e-05]
16-Mar-26 08:35:33 - 	 Epoch 19...
16-Mar-26 08:35:43 - Epoch: [19][  99/1176]	Time  0.092 ( 0.096)	Data  0.000 ( 0.002)	Loss 0.0000e+00 (1.5168e-01)	Acc@1 100.00 ( 95.00)	Acc@5 100.00 (100.00)
16-Mar-26 08:35:52 - Epoch: [19][ 199/1176]	Time  0.092 ( 0.095)	Data  0.000 ( 0.001)	Loss 0.0000e+00 (9.3850e-02)	Acc@1 100.00 ( 97.00)	Acc@5 100.00 (100.00)
16-Mar-26 08:36:01 - Epoch: [19][ 299/1176]	Time  0.090 ( 0.095)	Data  0.000 ( 0.001)	Loss 0.0000e+00 (1.4706e-01)	Acc@1 100.00 ( 96.00)	Acc@5 100.00 (100.00)
16-Mar-26 08:36:11 - Epoch: [19][ 399/1176]	Time  0.092 ( 0.094)	Data  0.000 ( 0.001)	Loss 0.0000e+00 (1.3526e-01)	Acc@1 100.00 ( 96.25)	Acc@5 100.00 (100.00)
16-Mar-26 08:36:20 - Epoch: [19][ 499/1176]	Time  0.093 ( 0.094)	Data  0.001 ( 0.001)	Loss 0.0000e+00 (1.6647e-01)	Acc@1 100.00 ( 96.40)	Acc@5 100.00 (100.00)
16-Mar-26 08:36:30 - Epoch: [19][ 599/1176]	Time  0.114 ( 0.094)	Data  0.001 ( 0.001)	Loss 0.0000e+00 (1.5461e-01)	Acc@1 100.00 ( 96.50)	Acc@5 100.00 (100.00)
16-Mar-26 08:36:39 - Epoch: [19][ 699/1176]	Time  0.092 ( 0.094)	Data  0.000 ( 0.001)	Loss 0.0000e+00 (1.9124e-01)	Acc@1 100.00 ( 96.57)	Acc@5 100.00 (100.00)
16-Mar-26 08:36:48 - Epoch: [19][ 799/1176]	Time  0.093 ( 0.094)	Data  0.000 ( 0.000)	Loss 1.3672e-04 (1.7770e-01)	Acc@1 100.00 ( 96.75)	Acc@5 100.00 (100.00)
16-Mar-26 08:36:58 - Epoch: [19][ 899/1176]	Time  0.091 ( 0.094)	Data  0.000 ( 0.000)	Loss 2.9061e-01 (1.9629e-01)	Acc@1 100.00 ( 96.44)	Acc@5 100.00 (100.00)
16-Mar-26 08:37:07 - Epoch: [19][ 999/1176]	Time  0.092 ( 0.094)	Data  0.000 ( 0.000)	Loss 0.0000e+00 (1.9456e-01)	Acc@1 100.00 ( 96.40)	Acc@5 100.00 (100.00)
16-Mar-26 08:37:16 - Epoch: [19][1099/1176]	Time  0.091 ( 0.094)	Data  0.000 ( 0.000)	Loss 0.0000e+00 (2.0014e-01)	Acc@1 100.00 ( 96.36)	Acc@5 100.00 (100.00)
16-Mar-26 08:37:24 -  @Training * Acc@1 96.258 Acc@5 100.000 Loss 0.213
16-Mar-26 08:37:24 - One training epoch latency: 110.5s | Avg Power: 229.7W | Energy: 25392.5400J
16-Mar-26 08:37:31 -  @Testing * Acc@1 86.458 Acc@5 99.306 Loss 1.682
16-Mar-26 08:37:31 - Best acc at epoch 19: 90.97222137451172
16-Mar-26 08:37:31 - Last learning rate: [3.125e-05]
16-Mar-26 08:37:31 - 	 Epoch 20...
16-Mar-26 08:37:40 - Epoch: [20][  99/1176]	Time  0.093 ( 0.095)	Data  0.000 ( 0.002)	Loss 8.5148e-03 (5.6643e-02)	Acc@1 100.00 ( 99.00)	Acc@5 100.00 (100.00)
16-Mar-26 08:37:50 - Epoch: [20][ 199/1176]	Time  0.092 ( 0.095)	Data  0.000 ( 0.001)	Loss 0.0000e+00 (1.2583e-01)	Acc@1 100.00 ( 98.00)	Acc@5 100.00 (100.00)
16-Mar-26 08:37:59 - Epoch: [20][ 299/1176]	Time  0.092 ( 0.094)	Data  0.000 ( 0.001)	Loss 0.0000e+00 (1.4900e-01)	Acc@1 100.00 ( 98.00)	Acc@5 100.00 (100.00)
16-Mar-26 08:38:08 - Epoch: [20][ 399/1176]	Time  0.092 ( 0.094)	Data  0.000 ( 0.001)	Loss 0.0000e+00 (1.2505e-01)	Acc@1 100.00 ( 97.75)	Acc@5 100.00 (100.00)
16-Mar-26 08:38:18 - Epoch: [20][ 499/1176]	Time  0.091 ( 0.094)	Data  0.001 ( 0.001)	Loss 0.0000e+00 (1.2766e-01)	Acc@1 100.00 ( 97.40)	Acc@5 100.00 (100.00)
16-Mar-26 08:38:27 - Epoch: [20][ 599/1176]	Time  0.093 ( 0.094)	Data  0.000 ( 0.001)	Loss 0.0000e+00 (1.7275e-01)	Acc@1 100.00 ( 97.00)	Acc@5 100.00 (100.00)
16-Mar-26 08:38:37 - Epoch: [20][ 699/1176]	Time  0.092 ( 0.094)	Data  0.000 ( 0.000)	Loss 0.0000e+00 (1.6659e-01)	Acc@1 100.00 ( 97.00)	Acc@5 100.00 (100.00)
16-Mar-26 08:38:46 - Epoch: [20][ 799/1176]	Time  0.093 ( 0.094)	Data  0.000 ( 0.000)	Loss 1.6425e+01 (2.1009e-01)	Acc@1   0.00 ( 96.38)	Acc@5 100.00 (100.00)
16-Mar-26 08:38:56 - Epoch: [20][ 899/1176]	Time  0.105 ( 0.094)	Data  0.000 ( 0.000)	Loss 0.0000e+00 (1.9368e-01)	Acc@1 100.00 ( 96.44)	Acc@5 100.00 (100.00)
16-Mar-26 08:39:05 - Epoch: [20][ 999/1176]	Time  0.094 ( 0.094)	Data  0.001 ( 0.000)	Loss 0.0000e+00 (1.8489e-01)	Acc@1 100.00 ( 96.60)	Acc@5 100.00 (100.00)
16-Mar-26 08:39:14 - Epoch: [20][1099/1176]	Time  0.090 ( 0.094)	Data  0.000 ( 0.000)	Loss 0.0000e+00 (1.7962e-01)	Acc@1 100.00 ( 96.82)	Acc@5 100.00 (100.00)
16-Mar-26 08:39:22 -  @Training * Acc@1 96.854 Acc@5 100.000 Loss 0.173
16-Mar-26 08:39:22 - One training epoch latency: 110.8s | Avg Power: 227.5W | Energy: 25199.1415J
16-Mar-26 08:39:29 -  @Testing * Acc@1 88.889 Acc@5 99.306 Loss 1.495
16-Mar-26 08:39:29 - Best acc at epoch 20: 90.97222137451172
16-Mar-26 08:39:29 - Last learning rate: [3.125e-05]
16-Mar-26 08:39:29 - 	 Epoch 21...
16-Mar-26 08:39:38 - Epoch: [21][  99/1176]	Time  0.093 ( 0.096)	Data  0.000 ( 0.002)	Loss 0.0000e+00 (5.9869e-03)	Acc@1 100.00 (100.00)	Acc@5 100.00 (100.00)
16-Mar-26 08:39:48 - Epoch: [21][ 199/1176]	Time  0.090 ( 0.095)	Data  0.000 ( 0.001)	Loss 0.0000e+00 (1.2264e-01)	Acc@1 100.00 ( 98.50)	Acc@5 100.00 (100.00)
16-Mar-26 08:39:57 - Epoch: [21][ 299/1176]	Time  0.091 ( 0.094)	Data  0.000 ( 0.001)	Loss 0.0000e+00 (9.5363e-02)	Acc@1 100.00 ( 98.67)	Acc@5 100.00 (100.00)
16-Mar-26 08:40:06 - Epoch: [21][ 399/1176]	Time  0.092 ( 0.094)	Data  0.000 ( 0.001)	Loss 1.1921e-07 (8.2761e-02)	Acc@1 100.00 ( 98.50)	Acc@5 100.00 (100.00)
16-Mar-26 08:40:16 - Epoch: [21][ 499/1176]	Time  0.092 ( 0.094)	Data  0.000 ( 0.001)	Loss 0.0000e+00 (1.0524e-01)	Acc@1 100.00 ( 98.40)	Acc@5 100.00 (100.00)
16-Mar-26 08:40:25 - Epoch: [21][ 599/1176]	Time  0.093 ( 0.094)	Data  0.001 ( 0.001)	Loss 0.0000e+00 (1.0916e-01)	Acc@1 100.00 ( 98.17)	Acc@5 100.00 (100.00)
16-Mar-26 08:40:35 - Epoch: [21][ 699/1176]	Time  0.091 ( 0.094)	Data  0.000 ( 0.001)	Loss 0.0000e+00 (1.3912e-01)	Acc@1 100.00 ( 98.00)	Acc@5 100.00 (100.00)
16-Mar-26 08:40:44 - Epoch: [21][ 799/1176]	Time  0.092 ( 0.094)	Data  0.000 ( 0.001)	Loss 2.9802e-06 (1.2226e-01)	Acc@1 100.00 ( 98.25)	Acc@5 100.00 (100.00)
16-Mar-26 08:40:53 - Epoch: [21][ 899/1176]	Time  0.095 ( 0.094)	Data  0.000 ( 0.000)	Loss 0.0000e+00 (1.2852e-01)	Acc@1 100.00 ( 98.33)	Acc@5 100.00 (100.00)
16-Mar-26 08:41:03 - Epoch: [21][ 999/1176]	Time  0.092 ( 0.094)	Data  0.000 ( 0.000)	Loss 0.0000e+00 (1.1583e-01)	Acc@1 100.00 ( 98.50)	Acc@5 100.00 (100.00)
16-Mar-26 08:41:12 - Epoch: [21][1099/1176]	Time  0.091 ( 0.094)	Data  0.000 ( 0.000)	Loss 0.0000e+00 (1.2188e-01)	Acc@1 100.00 ( 98.36)	Acc@5 100.00 (100.00)
16-Mar-26 08:41:19 -  @Training * Acc@1 98.469 Acc@5 100.000 Loss 0.114
16-Mar-26 08:41:19 - One training epoch latency: 110.5s | Avg Power: 230.7W | Energy: 25496.0099J
16-Mar-26 08:41:26 -  @Testing * Acc@1 89.931 Acc@5 99.306 Loss 1.489
16-Mar-26 08:41:26 - Best acc at epoch 21: 90.97222137451172
16-Mar-26 08:41:26 - Last learning rate: [3.125e-05]
16-Mar-26 08:41:26 - 	 Epoch 22...
16-Mar-26 08:41:36 - Epoch: [22][  99/1176]	Time  0.092 ( 0.096)	Data  0.000 ( 0.002)	Loss 0.0000e+00 (3.4572e-02)	Acc@1 100.00 ( 99.00)	Acc@5 100.00 (100.00)
16-Mar-26 08:41:45 - Epoch: [22][ 199/1176]	Time  0.093 ( 0.095)	Data  0.000 ( 0.001)	Loss 0.0000e+00 (1.1878e-01)	Acc@1 100.00 ( 98.00)	Acc@5 100.00 (100.00)
16-Mar-26 08:41:55 - Epoch: [22][ 299/1176]	Time  0.092 ( 0.095)	Data  0.000 ( 0.001)	Loss 0.0000e+00 (7.9482e-02)	Acc@1 100.00 ( 98.67)	Acc@5 100.00 (100.00)
16-Mar-26 08:42:04 - Epoch: [22][ 399/1176]	Time  0.093 ( 0.094)	Data  0.000 ( 0.001)	Loss 0.0000e+00 (7.8029e-02)	Acc@1 100.00 ( 98.75)	Acc@5 100.00 (100.00)
16-Mar-26 08:42:14 - Epoch: [22][ 499/1176]	Time  0.099 ( 0.094)	Data  0.000 ( 0.001)	Loss 0.0000e+00 (6.3117e-02)	Acc@1 100.00 ( 99.00)	Acc@5 100.00 (100.00)
16-Mar-26 08:42:23 - Epoch: [22][ 599/1176]	Time  0.092 ( 0.094)	Data  0.000 ( 0.001)	Loss 0.0000e+00 (5.7813e-02)	Acc@1 100.00 ( 99.00)	Acc@5 100.00 (100.00)
16-Mar-26 08:42:32 - Epoch: [22][ 699/1176]	Time  0.091 ( 0.094)	Data  0.000 ( 0.000)	Loss 0.0000e+00 (5.4137e-02)	Acc@1 100.00 ( 99.00)	Acc@5 100.00 (100.00)
16-Mar-26 08:42:42 - Epoch: [22][ 799/1176]	Time  0.093 ( 0.094)	Data  0.001 ( 0.000)	Loss 0.0000e+00 (8.3907e-02)	Acc@1 100.00 ( 98.50)	Acc@5 100.00 (100.00)
16-Mar-26 08:42:51 - Epoch: [22][ 899/1176]	Time  0.093 ( 0.094)	Data  0.000 ( 0.000)	Loss 0.0000e+00 (1.1073e-01)	Acc@1 100.00 ( 98.22)	Acc@5 100.00 (100.00)
16-Mar-26 08:43:00 - Epoch: [22][ 999/1176]	Time  0.092 ( 0.094)	Data  0.001 ( 0.000)	Loss 0.0000e+00 (1.4110e-01)	Acc@1 100.00 ( 97.70)	Acc@5 100.00 (100.00)
16-Mar-26 08:43:10 - Epoch: [22][1099/1176]	Time  0.091 ( 0.094)	Data  0.001 ( 0.000)	Loss 2.0496e+00 (1.3507e-01)	Acc@1   0.00 ( 97.64)	Acc@5 100.00 (100.00)
16-Mar-26 08:43:17 -  @Training * Acc@1 97.789 Acc@5 100.000 Loss 0.126
16-Mar-26 08:43:17 - One training epoch latency: 110.6s | Avg Power: 228.8W | Energy: 25312.1937J
16-Mar-26 08:43:24 -  @Testing * Acc@1 92.361 Acc@5 99.653 Loss 1.137
16-Mar-26 08:43:24 - Best acc at epoch 22: 92.36111450195312
16-Mar-26 08:43:24 - Last learning rate: [1.5625e-05]
16-Mar-26 08:43:24 - 	 Epoch 23...
16-Mar-26 08:43:34 - Epoch: [23][  99/1176]	Time  0.092 ( 0.096)	Data  0.001 ( 0.002)	Loss 1.2874e-04 (5.5019e-04)	Acc@1 100.00 (100.00)	Acc@5 100.00 (100.00)
16-Mar-26 08:43:43 - Epoch: [23][ 199/1176]	Time  0.092 ( 0.095)	Data  0.000 ( 0.001)	Loss 0.0000e+00 (5.2225e-03)	Acc@1 100.00 ( 99.50)	Acc@5 100.00 (100.00)
16-Mar-26 08:43:53 - Epoch: [23][ 299/1176]	Time  0.105 ( 0.095)	Data  0.000 ( 0.001)	Loss 0.0000e+00 (9.2985e-03)	Acc@1 100.00 ( 99.33)	Acc@5 100.00 (100.00)
16-Mar-26 08:44:02 - Epoch: [23][ 399/1176]	Time  0.092 ( 0.095)	Data  0.000 ( 0.001)	Loss 0.0000e+00 (7.1669e-03)	Acc@1 100.00 ( 99.50)	Acc@5 100.00 (100.00)
16-Mar-26 08:44:11 - Epoch: [23][ 499/1176]	Time  0.093 ( 0.094)	Data  0.000 ( 0.001)	Loss 0.0000e+00 (9.4885e-03)	Acc@1 100.00 ( 99.40)	Acc@5 100.00 (100.00)
16-Mar-26 08:44:21 - Epoch: [23][ 599/1176]	Time  0.092 ( 0.094)	Data  0.000 ( 0.001)	Loss 0.0000e+00 (8.1904e-03)	Acc@1 100.00 ( 99.50)	Acc@5 100.00 (100.00)
16-Mar-26 08:44:30 - Epoch: [23][ 699/1176]	Time  0.092 ( 0.094)	Data  0.001 ( 0.001)	Loss 0.0000e+00 (8.3267e-03)	Acc@1 100.00 ( 99.43)	Acc@5 100.00 (100.00)
16-Mar-26 08:44:40 - Epoch: [23][ 799/1176]	Time  0.096 ( 0.094)	Data  0.000 ( 0.000)	Loss 0.0000e+00 (7.2861e-03)	Acc@1 100.00 ( 99.50)	Acc@5 100.00 (100.00)
16-Mar-26 08:44:49 - Epoch: [23][ 899/1176]	Time  0.093 ( 0.094)	Data  0.000 ( 0.000)	Loss 0.0000e+00 (6.4820e-03)	Acc@1 100.00 ( 99.56)	Acc@5 100.00 (100.00)
16-Mar-26 08:44:58 - Epoch: [23][ 999/1176]	Time  0.092 ( 0.094)	Data  0.000 ( 0.000)	Loss 0.0000e+00 (1.5687e-02)	Acc@1 100.00 ( 99.50)	Acc@5 100.00 (100.00)
16-Mar-26 08:45:08 - Epoch: [23][1099/1176]	Time  0.092 ( 0.094)	Data  0.000 ( 0.000)	Loss 0.0000e+00 (1.4294e-02)	Acc@1 100.00 ( 99.55)	Acc@5 100.00 (100.00)
16-Mar-26 08:45:15 -  @Training * Acc@1 99.575 Acc@5 100.000 Loss 0.013
16-Mar-26 08:45:15 - One training epoch latency: 110.6s | Avg Power: 228.7W | Energy: 25292.7938J
16-Mar-26 08:45:22 -  @Testing * Acc@1 92.361 Acc@5 99.306 Loss 1.408
16-Mar-26 08:45:22 - Best acc at epoch 23: 92.36111450195312
16-Mar-26 08:45:22 - Last learning rate: [1.5625e-05]
16-Mar-26 08:45:22 - 	 Epoch 24...
16-Mar-26 08:45:32 - Epoch: [24][  99/1176]	Time  0.101 ( 0.096)	Data  0.000 ( 0.002)	Loss 0.0000e+00 (1.9790e-05)	Acc@1 100.00 (100.00)	Acc@5 100.00 (100.00)
16-Mar-26 08:45:41 - Epoch: [24][ 199/1176]	Time  0.094 ( 0.095)	Data  0.000 ( 0.001)	Loss 0.0000e+00 (8.3786e-03)	Acc@1 100.00 ( 99.50)	Acc@5 100.00 (100.00)
16-Mar-26 08:45:50 - Epoch: [24][ 299/1176]	Time  0.092 ( 0.094)	Data  0.000 ( 0.001)	Loss 0.0000e+00 (5.8266e-03)	Acc@1 100.00 ( 99.67)	Acc@5 100.00 (100.00)
16-Mar-26 08:46:00 - Epoch: [24][ 399/1176]	Time  0.094 ( 0.094)	Data  0.000 ( 0.001)	Loss 0.0000e+00 (4.3854e-03)	Acc@1 100.00 ( 99.75)	Acc@5 100.00 (100.00)
16-Mar-26 08:46:09 - Epoch: [24][ 499/1176]	Time  0.092 ( 0.094)	Data  0.000 ( 0.001)	Loss 0.0000e+00 (2.3714e-02)	Acc@1 100.00 ( 99.20)	Acc@5 100.00 (100.00)
16-Mar-26 08:46:18 - Epoch: [24][ 599/1176]	Time  0.093 ( 0.094)	Data  0.000 ( 0.001)	Loss 0.0000e+00 (1.9764e-02)	Acc@1 100.00 ( 99.33)	Acc@5 100.00 (100.00)
16-Mar-26 08:46:28 - Epoch: [24][ 699/1176]	Time  0.093 ( 0.094)	Data  0.000 ( 0.001)	Loss 0.0000e+00 (1.6997e-02)	Acc@1 100.00 ( 99.43)	Acc@5 100.00 (100.00)
16-Mar-26 08:46:37 - Epoch: [24][ 799/1176]	Time  0.093 ( 0.094)	Data  0.000 ( 0.000)	Loss 0.0000e+00 (2.7011e-02)	Acc@1 100.00 ( 99.38)	Acc@5 100.00 (100.00)
16-Mar-26 08:46:47 - Epoch: [24][ 899/1176]	Time  0.106 ( 0.094)	Data  0.000 ( 0.000)	Loss 0.0000e+00 (2.5815e-02)	Acc@1 100.00 ( 99.33)	Acc@5 100.00 (100.00)
16-Mar-26 08:46:56 - Epoch: [24][ 999/1176]	Time  0.092 ( 0.094)	Data  0.000 ( 0.000)	Loss 0.0000e+00 (3.3471e-02)	Acc@1 100.00 ( 99.30)	Acc@5 100.00 (100.00)
16-Mar-26 08:47:05 - Epoch: [24][1099/1176]	Time  0.091 ( 0.094)	Data  0.000 ( 0.000)	Loss 0.0000e+00 (3.0430e-02)	Acc@1 100.00 ( 99.36)	Acc@5 100.00 (100.00)
16-Mar-26 08:47:12 -  @Training * Acc@1 99.405 Acc@5 100.000 Loss 0.028
16-Mar-26 08:47:13 - One training epoch latency: 110.5s | Avg Power: 230.2W | Energy: 25434.1832J
16-Mar-26 08:47:20 -  @Testing * Acc@1 93.403 Acc@5 99.306 Loss 1.275
16-Mar-26 08:47:20 - Best acc at epoch 24: 93.40277862548828
16-Mar-26 08:47:20 - Last learning rate: [1.5625e-05]
16-Mar-26 08:47:20 - 	 Epoch 25...
16-Mar-26 08:47:29 - Epoch: [25][  99/1176]	Time  0.093 ( 0.096)	Data  0.000 ( 0.002)	Loss 0.0000e+00 (2.0658e-06)	Acc@1 100.00 (100.00)	Acc@5 100.00 (100.00)
16-Mar-26 08:47:39 - Epoch: [25][ 199/1176]	Time  0.091 ( 0.095)	Data  0.000 ( 0.001)	Loss 0.0000e+00 (6.7424e-04)	Acc@1 100.00 (100.00)	Acc@5 100.00 (100.00)
16-Mar-26 08:47:48 - Epoch: [25][ 299/1176]	Time  0.090 ( 0.095)	Data  0.000 ( 0.001)	Loss 0.0000e+00 (2.1957e-03)	Acc@1 100.00 (100.00)	Acc@5 100.00 (100.00)
16-Mar-26 08:47:57 - Epoch: [25][ 399/1176]	Time  0.092 ( 0.094)	Data  0.001 ( 0.001)	Loss 0.0000e+00 (3.2098e-02)	Acc@1 100.00 ( 99.50)	Acc@5 100.00 (100.00)
16-Mar-26 08:48:07 - Epoch: [25][ 499/1176]	Time  0.095 ( 0.094)	Data  0.000 ( 0.001)	Loss 0.0000e+00 (2.5687e-02)	Acc@1 100.00 ( 99.60)	Acc@5 100.00 (100.00)
16-Mar-26 08:48:16 - Epoch: [25][ 599/1176]	Time  0.093 ( 0.094)	Data  0.000 ( 0.001)	Loss 0.0000e+00 (2.1406e-02)	Acc@1 100.00 ( 99.67)	Acc@5 100.00 (100.00)
16-Mar-26 08:48:26 - Epoch: [25][ 699/1176]	Time  0.092 ( 0.094)	Data  0.000 ( 0.001)	Loss 0.0000e+00 (1.8349e-02)	Acc@1 100.00 ( 99.71)	Acc@5 100.00 (100.00)
16-Mar-26 08:48:35 - Epoch: [25][ 799/1176]	Time  0.092 ( 0.094)	Data  0.000 ( 0.000)	Loss 0.0000e+00 (1.6593e-02)	Acc@1 100.00 ( 99.75)	Acc@5 100.00 (100.00)
16-Mar-26 08:48:44 - Epoch: [25][ 899/1176]	Time  0.092 ( 0.094)	Data  0.000 ( 0.000)	Loss 0.0000e+00 (2.0324e-02)	Acc@1 100.00 ( 99.67)	Acc@5 100.00 (100.00)
16-Mar-26 08:48:54 - Epoch: [25][ 999/1176]	Time  0.122 ( 0.094)	Data  0.000 ( 0.000)	Loss 0.0000e+00 (1.8342e-02)	Acc@1 100.00 ( 99.70)	Acc@5 100.00 (100.00)
16-Mar-26 08:49:03 - Epoch: [25][1099/1176]	Time  0.094 ( 0.094)	Data  0.000 ( 0.000)	Loss 0.0000e+00 (1.6677e-02)	Acc@1 100.00 ( 99.73)	Acc@5 100.00 (100.00)
16-Mar-26 08:49:10 -  @Training * Acc@1 99.745 Acc@5 100.000 Loss 0.016
16-Mar-26 08:49:10 - One training epoch latency: 110.6s | Avg Power: 228.3W | Energy: 25255.9676J
16-Mar-26 08:49:17 -  @Testing * Acc@1 92.361 Acc@5 99.306 Loss 1.270
16-Mar-26 08:49:17 - Best acc at epoch 25: 93.40277862548828
16-Mar-26 08:49:17 - Last learning rate: [1.5625e-05]
16-Mar-26 08:49:17 - 	 Epoch 26...
16-Mar-26 08:49:27 - Epoch: [26][  99/1176]	Time  0.089 ( 0.096)	Data  0.000 ( 0.002)	Loss 0.0000e+00 (8.8213e-07)	Acc@1 100.00 (100.00)	Acc@5 100.00 (100.00)
16-Mar-26 08:49:36 - Epoch: [26][ 199/1176]	Time  0.092 ( 0.095)	Data  0.000 ( 0.001)	Loss 0.0000e+00 (1.3640e-02)	Acc@1 100.00 ( 99.50)	Acc@5 100.00 (100.00)
16-Mar-26 08:49:46 - Epoch: [26][ 299/1176]	Time  0.093 ( 0.095)	Data  0.000 ( 0.001)	Loss 0.0000e+00 (9.1087e-03)	Acc@1 100.00 ( 99.67)	Acc@5 100.00 (100.00)
16-Mar-26 08:49:55 - Epoch: [26][ 399/1176]	Time  0.092 ( 0.095)	Data  0.000 ( 0.001)	Loss 0.0000e+00 (2.1113e-02)	Acc@1 100.00 ( 99.50)	Acc@5 100.00 (100.00)
16-Mar-26 08:50:05 - Epoch: [26][ 499/1176]	Time  0.102 ( 0.094)	Data  0.000 ( 0.001)	Loss 0.0000e+00 (1.6891e-02)	Acc@1 100.00 ( 99.60)	Acc@5 100.00 (100.00)
16-Mar-26 08:50:14 - Epoch: [26][ 599/1176]	Time  0.092 ( 0.094)	Data  0.000 ( 0.001)	Loss 0.0000e+00 (1.4083e-02)	Acc@1 100.00 ( 99.67)	Acc@5 100.00 (100.00)
16-Mar-26 08:50:23 - Epoch: [26][ 699/1176]	Time  0.092 ( 0.094)	Data  0.000 ( 0.001)	Loss 0.0000e+00 (1.4217e-02)	Acc@1 100.00 ( 99.57)	Acc@5 100.00 (100.00)
16-Mar-26 08:50:33 - Epoch: [26][ 799/1176]	Time  0.094 ( 0.094)	Data  0.000 ( 0.000)	Loss 0.0000e+00 (1.2635e-02)	Acc@1 100.00 ( 99.62)	Acc@5 100.00 (100.00)
16-Mar-26 08:50:42 - Epoch: [26][ 899/1176]	Time  0.093 ( 0.094)	Data  0.000 ( 0.000)	Loss 0.0000e+00 (1.1231e-02)	Acc@1 100.00 ( 99.67)	Acc@5 100.00 (100.00)
16-Mar-26 08:50:52 - Epoch: [26][ 999/1176]	Time  0.091 ( 0.094)	Data  0.001 ( 0.000)	Loss 1.2600e-04 (1.0108e-02)	Acc@1 100.00 ( 99.70)	Acc@5 100.00 (100.00)
16-Mar-26 08:51:01 - Epoch: [26][1099/1176]	Time  0.094 ( 0.094)	Data  0.000 ( 0.000)	Loss 0.0000e+00 (1.7960e-02)	Acc@1 100.00 ( 99.64)	Acc@5 100.00 (100.00)
16-Mar-26 08:51:08 -  @Training * Acc@1 99.660 Acc@5 100.000 Loss 0.017
16-Mar-26 08:51:08 - One training epoch latency: 110.7s | Avg Power: 229.9W | Energy: 25453.7634J
16-Mar-26 08:51:15 -  @Testing * Acc@1 94.792 Acc@5 99.653 Loss 1.105
16-Mar-26 08:51:15 - Best acc at epoch 26: 94.79166412353516
16-Mar-26 08:51:15 - Last learning rate: [1.5625e-05]
16-Mar-26 08:51:15 - 	 Epoch 27...
16-Mar-26 08:51:25 - Epoch: [27][  99/1176]	Time  0.093 ( 0.096)	Data  0.000 ( 0.002)	Loss 0.0000e+00 (0.0000e+00)	Acc@1 100.00 (100.00)	Acc@5 100.00 (100.00)
16-Mar-26 08:51:34 - Epoch: [27][ 199/1176]	Time  0.093 ( 0.095)	Data  0.000 ( 0.001)	Loss 2.3842e-07 (9.4107e-07)	Acc@1 100.00 (100.00)	Acc@5 100.00 (100.00)
16-Mar-26 08:51:44 - Epoch: [27][ 299/1176]	Time  0.092 ( 0.095)	Data  0.000 ( 0.001)	Loss 0.0000e+00 (3.6595e-03)	Acc@1 100.00 (100.00)	Acc@5 100.00 (100.00)
16-Mar-26 08:51:53 - Epoch: [27][ 399/1176]	Time  0.095 ( 0.095)	Data  0.000 ( 0.001)	Loss 0.0000e+00 (2.7483e-03)	Acc@1 100.00 (100.00)	Acc@5 100.00 (100.00)
16-Mar-26 08:52:03 - Epoch: [27][ 499/1176]	Time  0.114 ( 0.094)	Data  0.000 ( 0.001)	Loss 0.0000e+00 (2.2048e-03)	Acc@1 100.00 (100.00)	Acc@5 100.00 (100.00)
16-Mar-26 08:52:12 - Epoch: [27][ 599/1176]	Time  0.093 ( 0.094)	Data  0.001 ( 0.001)	Loss 0.0000e+00 (1.8374e-03)	Acc@1 100.00 (100.00)	Acc@5 100.00 (100.00)
16-Mar-26 08:52:21 - Epoch: [27][ 699/1176]	Time  0.089 ( 0.094)	Data  0.000 ( 0.001)	Loss 0.0000e+00 (3.5928e-03)	Acc@1 100.00 ( 99.86)	Acc@5 100.00 (100.00)
16-Mar-26 08:52:31 - Epoch: [27][ 799/1176]	Time  0.091 ( 0.094)	Data  0.000 ( 0.001)	Loss 0.0000e+00 (3.1437e-03)	Acc@1 100.00 ( 99.88)	Acc@5 100.00 (100.00)
16-Mar-26 08:52:40 - Epoch: [27][ 899/1176]	Time  0.093 ( 0.094)	Data  0.000 ( 0.001)	Loss 0.0000e+00 (4.1450e-03)	Acc@1 100.00 ( 99.78)	Acc@5 100.00 (100.00)
16-Mar-26 08:52:49 - Epoch: [27][ 999/1176]	Time  0.091 ( 0.094)	Data  0.000 ( 0.000)	Loss 0.0000e+00 (3.7625e-03)	Acc@1 100.00 ( 99.80)	Acc@5 100.00 (100.00)
16-Mar-26 08:52:59 - Epoch: [27][1099/1176]	Time  0.094 ( 0.094)	Data  0.000 ( 0.000)	Loss 0.0000e+00 (1.0054e-02)	Acc@1 100.00 ( 99.73)	Acc@5 100.00 (100.00)
16-Mar-26 08:53:06 -  @Training * Acc@1 99.745 Acc@5 100.000 Loss 0.009
16-Mar-26 08:53:06 - One training epoch latency: 110.4s | Avg Power: 230.6W | Energy: 25451.8210J
16-Mar-26 08:53:13 -  @Testing * Acc@1 93.403 Acc@5 99.306 Loss 1.203
16-Mar-26 08:53:13 - Best acc at epoch 27: 94.79166412353516
16-Mar-26 08:53:13 - Last learning rate: [1.5625e-05]
16-Mar-26 08:53:13 - 	 Epoch 28...
16-Mar-26 08:53:22 - Epoch: [28][  99/1176]	Time  0.092 ( 0.095)	Data  0.000 ( 0.002)	Loss 0.0000e+00 (2.5505e-05)	Acc@1 100.00 (100.00)	Acc@5 100.00 (100.00)
16-Mar-26 08:53:32 - Epoch: [28][ 199/1176]	Time  0.092 ( 0.094)	Data  0.000 ( 0.001)	Loss 0.0000e+00 (2.5990e-05)	Acc@1 100.00 (100.00)	Acc@5 100.00 (100.00)
16-Mar-26 08:53:41 - Epoch: [28][ 299/1176]	Time  0.092 ( 0.094)	Data  0.000 ( 0.001)	Loss 0.0000e+00 (1.8212e-05)	Acc@1 100.00 (100.00)	Acc@5 100.00 (100.00)
16-Mar-26 08:53:50 - Epoch: [28][ 399/1176]	Time  0.092 ( 0.094)	Data  0.000 ( 0.001)	Loss 0.0000e+00 (7.3774e-05)	Acc@1 100.00 (100.00)	Acc@5 100.00 (100.00)
16-Mar-26 08:54:00 - Epoch: [28][ 499/1176]	Time  0.094 ( 0.094)	Data  0.000 ( 0.001)	Loss 0.0000e+00 (5.9022e-05)	Acc@1 100.00 (100.00)	Acc@5 100.00 (100.00)
16-Mar-26 08:54:09 - Epoch: [28][ 599/1176]	Time  0.092 ( 0.094)	Data  0.000 ( 0.001)	Loss 0.0000e+00 (2.5565e-04)	Acc@1 100.00 (100.00)	Acc@5 100.00 (100.00)
16-Mar-26 08:54:18 - Epoch: [28][ 699/1176]	Time  0.093 ( 0.094)	Data  0.001 ( 0.000)	Loss 0.0000e+00 (2.1914e-04)	Acc@1 100.00 (100.00)	Acc@5 100.00 (100.00)
16-Mar-26 08:54:28 - Epoch: [28][ 799/1176]	Time  0.091 ( 0.094)	Data  0.000 ( 0.000)	Loss 0.0000e+00 (1.9284e-04)	Acc@1 100.00 (100.00)	Acc@5 100.00 (100.00)
16-Mar-26 08:54:37 - Epoch: [28][ 899/1176]	Time  0.092 ( 0.094)	Data  0.001 ( 0.000)	Loss 0.0000e+00 (1.7142e-04)	Acc@1 100.00 (100.00)	Acc@5 100.00 (100.00)
16-Mar-26 08:54:47 - Epoch: [28][ 999/1176]	Time  0.106 ( 0.094)	Data  0.000 ( 0.000)	Loss 0.0000e+00 (1.5429e-04)	Acc@1 100.00 (100.00)	Acc@5 100.00 (100.00)
16-Mar-26 08:54:56 - Epoch: [28][1099/1176]	Time  0.091 ( 0.094)	Data  0.001 ( 0.000)	Loss 0.0000e+00 (2.5143e-03)	Acc@1 100.00 ( 99.91)	Acc@5 100.00 (100.00)
16-Mar-26 08:55:03 -  @Training * Acc@1 99.915 Acc@5 100.000 Loss 0.002
16-Mar-26 08:55:03 - One training epoch latency: 110.2s | Avg Power: 228.2W | Energy: 25149.0440J
16-Mar-26 08:55:10 -  @Testing * Acc@1 94.097 Acc@5 100.000 Loss 1.131
16-Mar-26 08:55:10 - Best acc at epoch 28: 94.79166412353516
16-Mar-26 08:55:10 - Last learning rate: [7.8125e-06]
16-Mar-26 08:55:10 - 	 Epoch 29...
16-Mar-26 08:55:20 - Epoch: [29][  99/1176]	Time  0.093 ( 0.096)	Data  0.000 ( 0.002)	Loss 0.0000e+00 (1.1921e-09)	Acc@1 100.00 (100.00)	Acc@5 100.00 (100.00)
16-Mar-26 08:55:29 - Epoch: [29][ 199/1176]	Time  0.094 ( 0.095)	Data  0.000 ( 0.001)	Loss 0.0000e+00 (5.9605e-10)	Acc@1 100.00 (100.00)	Acc@5 100.00 (100.00)
16-Mar-26 08:55:39 - Epoch: [29][ 299/1176]	Time  0.099 ( 0.095)	Data  0.000 ( 0.001)	Loss 0.0000e+00 (8.6624e-08)	Acc@1 100.00 (100.00)	Acc@5 100.00 (100.00)
16-Mar-26 08:55:48 - Epoch: [29][ 399/1176]	Time  0.094 ( 0.094)	Data  0.000 ( 0.001)	Loss 0.0000e+00 (6.4968e-08)	Acc@1 100.00 (100.00)	Acc@5 100.00 (100.00)
16-Mar-26 08:55:57 - Epoch: [29][ 499/1176]	Time  0.093 ( 0.094)	Data  0.000 ( 0.001)	Loss 0.0000e+00 (4.6117e-05)	Acc@1 100.00 (100.00)	Acc@5 100.00 (100.00)
16-Mar-26 08:56:07 - Epoch: [29][ 599/1176]	Time  0.113 ( 0.094)	Data  0.005 ( 0.001)	Loss 0.0000e+00 (3.8432e-05)	Acc@1 100.00 (100.00)	Acc@5 100.00 (100.00)
16-Mar-26 08:56:16 - Epoch: [29][ 699/1176]	Time  0.093 ( 0.094)	Data  0.000 ( 0.000)	Loss 0.0000e+00 (3.2942e-05)	Acc@1 100.00 (100.00)	Acc@5 100.00 (100.00)
16-Mar-26 08:56:25 - Epoch: [29][ 799/1176]	Time  0.096 ( 0.094)	Data  0.000 ( 0.000)	Loss 0.0000e+00 (6.8201e-05)	Acc@1 100.00 (100.00)	Acc@5 100.00 (100.00)
16-Mar-26 08:56:35 - Epoch: [29][ 899/1176]	Time  0.091 ( 0.094)	Data  0.001 ( 0.000)	Loss 0.0000e+00 (6.0683e-05)	Acc@1 100.00 (100.00)	Acc@5 100.00 (100.00)
16-Mar-26 08:56:44 - Epoch: [29][ 999/1176]	Time  0.092 ( 0.094)	Data  0.000 ( 0.000)	Loss 0.0000e+00 (5.4617e-05)	Acc@1 100.00 (100.00)	Acc@5 100.00 (100.00)
16-Mar-26 08:56:54 - Epoch: [29][1099/1176]	Time  0.092 ( 0.094)	Data  0.000 ( 0.000)	Loss 0.0000e+00 (4.9652e-05)	Acc@1 100.00 (100.00)	Acc@5 100.00 (100.00)
16-Mar-26 08:57:01 -  @Training * Acc@1 100.000 Acc@5 100.000 Loss 0.000
16-Mar-26 08:57:01 - One training epoch latency: 110.5s | Avg Power: 230.2W | Energy: 25444.1816J
16-Mar-26 08:57:08 -  @Testing * Acc@1 94.444 Acc@5 100.000 Loss 1.098
16-Mar-26 08:57:08 - Best acc at epoch 29: 94.79166412353516
16-Mar-26 08:57:08 - Last learning rate: [7.8125e-06]
16-Mar-26 08:57:08 - 	 Epoch 30...
16-Mar-26 08:57:17 - Epoch: [30][  99/1176]	Time  0.091 ( 0.096)	Data  0.000 ( 0.002)	Loss 0.0000e+00 (1.1921e-09)	Acc@1 100.00 (100.00)	Acc@5 100.00 (100.00)
16-Mar-26 08:57:27 - Epoch: [30][ 199/1176]	Time  0.092 ( 0.095)	Data  0.000 ( 0.001)	Loss 0.0000e+00 (5.9605e-10)	Acc@1 100.00 (100.00)	Acc@5 100.00 (100.00)
16-Mar-26 08:57:36 - Epoch: [30][ 299/1176]	Time  0.092 ( 0.095)	Data  0.000 ( 0.001)	Loss 0.0000e+00 (7.9473e-10)	Acc@1 100.00 (100.00)	Acc@5 100.00 (100.00)
16-Mar-26 08:57:46 - Epoch: [30][ 399/1176]	Time  0.104 ( 0.094)	Data  0.000 ( 0.001)	Loss 0.0000e+00 (6.5522e-03)	Acc@1 100.00 ( 99.75)	Acc@5 100.00 (100.00)
16-Mar-26 08:57:55 - Epoch: [30][ 499/1176]	Time  0.093 ( 0.094)	Data  0.000 ( 0.001)	Loss 0.0000e+00 (5.2418e-03)	Acc@1 100.00 ( 99.80)	Acc@5 100.00 (100.00)
16-Mar-26 08:58:04 - Epoch: [30][ 599/1176]	Time  0.092 ( 0.094)	Data  0.000 ( 0.001)	Loss 0.0000e+00 (4.3682e-03)	Acc@1 100.00 ( 99.83)	Acc@5 100.00 (100.00)
16-Mar-26 08:58:14 - Epoch: [30][ 699/1176]	Time  0.093 ( 0.094)	Data  0.000 ( 0.001)	Loss 0.0000e+00 (3.7442e-03)	Acc@1 100.00 ( 99.86)	Acc@5 100.00 (100.00)
16-Mar-26 08:58:23 - Epoch: [30][ 799/1176]	Time  0.094 ( 0.094)	Data  0.000 ( 0.001)	Loss 0.0000e+00 (3.2761e-03)	Acc@1 100.00 ( 99.88)	Acc@5 100.00 (100.00)
16-Mar-26 08:58:33 - Epoch: [30][ 899/1176]	Time  0.094 ( 0.094)	Data  0.001 ( 0.000)	Loss 1.1921e-07 (2.9121e-03)	Acc@1 100.00 ( 99.89)	Acc@5 100.00 (100.00)
16-Mar-26 08:58:42 - Epoch: [30][ 999/1176]	Time  0.091 ( 0.094)	Data  0.000 ( 0.000)	Loss 0.0000e+00 (2.6209e-03)	Acc@1 100.00 ( 99.90)	Acc@5 100.00 (100.00)
16-Mar-26 08:58:51 - Epoch: [30][1099/1176]	Time  0.095 ( 0.094)	Data  0.000 ( 0.000)	Loss 0.0000e+00 (2.3826e-03)	Acc@1 100.00 ( 99.91)	Acc@5 100.00 (100.00)
16-Mar-26 08:58:58 -  @Training * Acc@1 99.915 Acc@5 100.000 Loss 0.002
16-Mar-26 08:58:59 - One training epoch latency: 110.6s | Avg Power: 230.1W | Energy: 25463.6768J
16-Mar-26 08:59:06 -  @Testing * Acc@1 93.750 Acc@5 99.306 Loss 1.227
16-Mar-26 08:59:06 - Best acc at epoch 30: 94.79166412353516
16-Mar-26 08:59:06 - Last learning rate: [7.8125e-06]
16-Mar-26 08:59:06 - 	 Epoch 31...
16-Mar-26 08:59:15 - Epoch: [31][  99/1176]	Time  0.092 ( 0.095)	Data  0.000 ( 0.002)	Loss 0.0000e+00 (0.0000e+00)	Acc@1 100.00 (100.00)	Acc@5 100.00 (100.00)
16-Mar-26 08:59:24 - Epoch: [31][ 199/1176]	Time  0.092 ( 0.094)	Data  0.000 ( 0.001)	Loss 0.0000e+00 (1.0133e-08)	Acc@1 100.00 (100.00)	Acc@5 100.00 (100.00)
16-Mar-26 08:59:34 - Epoch: [31][ 299/1176]	Time  0.095 ( 0.094)	Data  0.000 ( 0.001)	Loss 0.0000e+00 (6.7552e-09)	Acc@1 100.00 (100.00)	Acc@5 100.00 (100.00)
16-Mar-26 08:59:43 - Epoch: [31][ 399/1176]	Time  0.096 ( 0.095)	Data  0.000 ( 0.001)	Loss 0.0000e+00 (5.0664e-09)	Acc@1 100.00 (100.00)	Acc@5 100.00 (100.00)
16-Mar-26 08:59:53 - Epoch: [31][ 499/1176]	Time  0.092 ( 0.094)	Data  0.000 ( 0.001)	Loss 0.0000e+00 (4.5299e-09)	Acc@1 100.00 (100.00)	Acc@5 100.00 (100.00)
16-Mar-26 09:00:02 - Epoch: [31][ 599/1176]	Time  0.093 ( 0.094)	Data  0.000 ( 0.001)	Loss 0.0000e+00 (3.7750e-09)	Acc@1 100.00 (100.00)	Acc@5 100.00 (100.00)
16-Mar-26 09:00:12 - Epoch: [31][ 699/1176]	Time  0.113 ( 0.094)	Data  0.000 ( 0.000)	Loss 0.0000e+00 (3.2357e-09)	Acc@1 100.00 (100.00)	Acc@5 100.00 (100.00)
16-Mar-26 09:00:21 - Epoch: [31][ 799/1176]	Time  0.092 ( 0.094)	Data  0.000 ( 0.000)	Loss 0.0000e+00 (1.1175e-07)	Acc@1 100.00 (100.00)	Acc@5 100.00 (100.00)
16-Mar-26 09:00:30 - Epoch: [31][ 899/1176]	Time  0.092 ( 0.094)	Data  0.000 ( 0.000)	Loss 0.0000e+00 (9.9337e-08)	Acc@1 100.00 (100.00)	Acc@5 100.00 (100.00)
16-Mar-26 09:00:40 - Epoch: [31][ 999/1176]	Time  0.094 ( 0.094)	Data  0.001 ( 0.000)	Loss 0.0000e+00 (2.5994e-05)	Acc@1 100.00 (100.00)	Acc@5 100.00 (100.00)
16-Mar-26 09:00:49 - Epoch: [31][1099/1176]	Time  0.090 ( 0.094)	Data  0.000 ( 0.000)	Loss 0.0000e+00 (2.3631e-05)	Acc@1 100.00 (100.00)	Acc@5 100.00 (100.00)
16-Mar-26 09:00:56 -  @Training * Acc@1 100.000 Acc@5 100.000 Loss 0.000
16-Mar-26 09:00:56 - One training epoch latency: 110.7s | Avg Power: 228.3W | Energy: 25269.7888J
16-Mar-26 09:01:03 -  @Testing * Acc@1 94.097 Acc@5 99.653 Loss 1.094
16-Mar-26 09:01:03 - Best acc at epoch 31: 94.79166412353516
16-Mar-26 09:01:03 - Last learning rate: [7.8125e-06]
16-Mar-26 09:01:03 - 	 Epoch 32...
16-Mar-26 09:01:13 - Epoch: [32][  99/1176]	Time  0.094 ( 0.096)	Data  0.000 ( 0.002)	Loss 0.0000e+00 (1.7881e-08)	Acc@1 100.00 (100.00)	Acc@5 100.00 (100.00)
16-Mar-26 09:01:22 - Epoch: [32][ 199/1176]	Time  0.092 ( 0.095)	Data  0.000 ( 0.001)	Loss 0.0000e+00 (8.9407e-09)	Acc@1 100.00 (100.00)	Acc@5 100.00 (100.00)
16-Mar-26 09:01:32 - Epoch: [32][ 299/1176]	Time  0.093 ( 0.095)	Data  0.000 ( 0.001)	Loss 0.0000e+00 (5.9605e-09)	Acc@1 100.00 (100.00)	Acc@5 100.00 (100.00)
16-Mar-26 09:01:41 - Epoch: [32][ 399/1176]	Time  0.093 ( 0.094)	Data  0.000 ( 0.001)	Loss 0.0000e+00 (5.9605e-09)	Acc@1 100.00 (100.00)	Acc@5 100.00 (100.00)
16-Mar-26 09:01:51 - Epoch: [32][ 499/1176]	Time  0.108 ( 0.094)	Data  0.000 ( 0.001)	Loss 0.0000e+00 (4.4528e-06)	Acc@1 100.00 (100.00)	Acc@5 100.00 (100.00)
16-Mar-26 09:02:00 - Epoch: [32][ 599/1176]	Time  0.091 ( 0.094)	Data  0.000 ( 0.001)	Loss 0.0000e+00 (4.0291e-06)	Acc@1 100.00 (100.00)	Acc@5 100.00 (100.00)
16-Mar-26 09:02:09 - Epoch: [32][ 699/1176]	Time  0.091 ( 0.094)	Data  0.000 ( 0.001)	Loss 0.0000e+00 (3.4535e-06)	Acc@1 100.00 (100.00)	Acc@5 100.00 (100.00)
16-Mar-26 09:02:19 - Epoch: [32][ 799/1176]	Time  0.092 ( 0.094)	Data  0.000 ( 0.000)	Loss 0.0000e+00 (3.0218e-06)	Acc@1 100.00 (100.00)	Acc@5 100.00 (100.00)
16-Mar-26 09:02:28 - Epoch: [32][ 899/1176]	Time  0.103 ( 0.094)	Data  0.000 ( 0.000)	Loss 0.0000e+00 (2.6862e-06)	Acc@1 100.00 (100.00)	Acc@5 100.00 (100.00)
16-Mar-26 09:02:37 - Epoch: [32][ 999/1176]	Time  0.093 ( 0.094)	Data  0.001 ( 0.000)	Loss 0.0000e+00 (2.4176e-06)	Acc@1 100.00 (100.00)	Acc@5 100.00 (100.00)
16-Mar-26 09:02:47 - Epoch: [32][1099/1176]	Time  0.092 ( 0.094)	Data  0.000 ( 0.000)	Loss 0.0000e+00 (2.1978e-06)	Acc@1 100.00 (100.00)	Acc@5 100.00 (100.00)
16-Mar-26 09:02:54 -  @Training * Acc@1 100.000 Acc@5 100.000 Loss 0.000
16-Mar-26 09:02:54 - One training epoch latency: 110.6s | Avg Power: 230.9W | Energy: 25525.4369J
16-Mar-26 09:03:01 -  @Testing * Acc@1 93.403 Acc@5 99.306 Loss 1.241
16-Mar-26 09:03:01 - Best acc at epoch 32: 94.79166412353516
16-Mar-26 09:03:01 - Last learning rate: [7.8125e-06]
16-Mar-26 09:03:01 - 	 Epoch 33...
16-Mar-26 09:03:11 - Epoch: [33][  99/1176]	Time  0.092 ( 0.096)	Data  0.000 ( 0.002)	Loss 0.0000e+00 (0.0000e+00)	Acc@1 100.00 (100.00)	Acc@5 100.00 (100.00)
16-Mar-26 09:03:20 - Epoch: [33][ 199/1176]	Time  0.093 ( 0.095)	Data  0.000 ( 0.001)	Loss 0.0000e+00 (0.0000e+00)	Acc@1 100.00 (100.00)	Acc@5 100.00 (100.00)
16-Mar-26 09:03:30 - Epoch: [33][ 299/1176]	Time  0.101 ( 0.095)	Data  0.000 ( 0.001)	Loss 0.0000e+00 (0.0000e+00)	Acc@1 100.00 (100.00)	Acc@5 100.00 (100.00)
16-Mar-26 09:03:39 - Epoch: [33][ 399/1176]	Time  0.094 ( 0.094)	Data  0.000 ( 0.001)	Loss 0.0000e+00 (1.0729e-08)	Acc@1 100.00 (100.00)	Acc@5 100.00 (100.00)
16-Mar-26 09:03:48 - Epoch: [33][ 499/1176]	Time  0.094 ( 0.094)	Data  0.000 ( 0.001)	Loss 0.0000e+00 (8.2316e-03)	Acc@1 100.00 ( 99.80)	Acc@5 100.00 (100.00)
16-Mar-26 09:03:58 - Epoch: [33][ 599/1176]	Time  0.093 ( 0.094)	Data  0.000 ( 0.001)	Loss 0.0000e+00 (6.8597e-03)	Acc@1 100.00 ( 99.83)	Acc@5 100.00 (100.00)
16-Mar-26 09:04:07 - Epoch: [33][ 699/1176]	Time  0.095 ( 0.094)	Data  0.000 ( 0.001)	Loss 0.0000e+00 (5.8797e-03)	Acc@1 100.00 ( 99.86)	Acc@5 100.00 (100.00)
16-Mar-26 09:04:17 - Epoch: [33][ 799/1176]	Time  0.108 ( 0.094)	Data  0.000 ( 0.000)	Loss 0.0000e+00 (5.3254e-03)	Acc@1 100.00 ( 99.88)	Acc@5 100.00 (100.00)
16-Mar-26 09:04:26 - Epoch: [33][ 899/1176]	Time  0.093 ( 0.094)	Data  0.000 ( 0.000)	Loss 0.0000e+00 (4.7337e-03)	Acc@1 100.00 ( 99.89)	Acc@5 100.00 (100.00)
16-Mar-26 09:04:35 - Epoch: [33][ 999/1176]	Time  0.093 ( 0.094)	Data  0.000 ( 0.000)	Loss 0.0000e+00 (4.2604e-03)	Acc@1 100.00 ( 99.90)	Acc@5 100.00 (100.00)
16-Mar-26 09:04:45 - Epoch: [33][1099/1176]	Time  0.093 ( 0.094)	Data  0.000 ( 0.000)	Loss 0.0000e+00 (3.8730e-03)	Acc@1 100.00 ( 99.91)	Acc@5 100.00 (100.00)
16-Mar-26 09:04:52 -  @Training * Acc@1 99.915 Acc@5 100.000 Loss 0.004
16-Mar-26 09:04:52 - One training epoch latency: 110.8s | Avg Power: 228.6W | Energy: 25334.6200J
16-Mar-26 09:04:59 -  @Testing * Acc@1 94.097 Acc@5 99.653 Loss 1.196
16-Mar-26 09:04:59 - Best acc at epoch 33: 94.79166412353516
16-Mar-26 09:04:59 - Last learning rate: [7.8125e-06]
16-Mar-26 09:04:59 - 	 Epoch 34...
16-Mar-26 09:05:09 - Epoch: [34][  99/1176]	Time  0.092 ( 0.095)	Data  0.000 ( 0.002)	Loss 0.0000e+00 (0.0000e+00)	Acc@1 100.00 (100.00)	Acc@5 100.00 (100.00)
16-Mar-26 09:05:18 - Epoch: [34][ 199/1176]	Time  0.094 ( 0.095)	Data  0.000 ( 0.001)	Loss 0.0000e+00 (0.0000e+00)	Acc@1 100.00 (100.00)	Acc@5 100.00 (100.00)
16-Mar-26 09:05:28 - Epoch: [34][ 299/1176]	Time  0.092 ( 0.094)	Data  0.000 ( 0.001)	Loss 0.0000e+00 (0.0000e+00)	Acc@1 100.00 (100.00)	Acc@5 100.00 (100.00)
16-Mar-26 09:05:37 - Epoch: [34][ 399/1176]	Time  0.092 ( 0.094)	Data  0.000 ( 0.001)	Loss 0.0000e+00 (4.4703e-09)	Acc@1 100.00 (100.00)	Acc@5 100.00 (100.00)
16-Mar-26 09:05:46 - Epoch: [34][ 499/1176]	Time  0.093 ( 0.094)	Data  0.000 ( 0.001)	Loss 0.0000e+00 (1.6928e-08)	Acc@1 100.00 (100.00)	Acc@5 100.00 (100.00)
16-Mar-26 09:05:56 - Epoch: [34][ 599/1176]	Time  0.093 ( 0.094)	Data  0.000 ( 0.001)	Loss 0.0000e+00 (1.4106e-08)	Acc@1 100.00 (100.00)	Acc@5 100.00 (100.00)
16-Mar-26 09:06:05 - Epoch: [34][ 699/1176]	Time  0.092 ( 0.094)	Data  0.000 ( 0.001)	Loss 0.0000e+00 (1.2091e-08)	Acc@1 100.00 (100.00)	Acc@5 100.00 (100.00)
16-Mar-26 09:06:15 - Epoch: [34][ 799/1176]	Time  0.113 ( 0.094)	Data  0.001 ( 0.001)	Loss 0.0000e+00 (1.0580e-08)	Acc@1 100.00 (100.00)	Acc@5 100.00 (100.00)
16-Mar-26 09:06:24 - Epoch: [34][ 899/1176]	Time  0.093 ( 0.094)	Data  0.000 ( 0.000)	Loss 0.0000e+00 (9.4043e-09)	Acc@1 100.00 (100.00)	Acc@5 100.00 (100.00)
16-Mar-26 09:06:33 - Epoch: [34][ 999/1176]	Time  0.092 ( 0.094)	Data  0.000 ( 0.000)	Loss 0.0000e+00 (8.4638e-09)	Acc@1 100.00 (100.00)	Acc@5 100.00 (100.00)
16-Mar-26 09:06:43 - Epoch: [34][1099/1176]	Time  0.093 ( 0.094)	Data  0.000 ( 0.000)	Loss 0.0000e+00 (7.6944e-09)	Acc@1 100.00 (100.00)	Acc@5 100.00 (100.00)
16-Mar-26 09:06:50 -  @Training * Acc@1 100.000 Acc@5 100.000 Loss 0.000
16-Mar-26 09:06:50 - One training epoch latency: 110.4s | Avg Power: 230.0W | Energy: 25402.6828J
16-Mar-26 09:06:57 -  @Testing * Acc@1 94.444 Acc@5 99.306 Loss 1.238
16-Mar-26 09:06:57 - Best acc at epoch 34: 94.79166412353516
16-Mar-26 09:06:57 - Last learning rate: [3.90625e-06]
16-Mar-26 09:06:57 - 	 Epoch 35...
16-Mar-26 09:07:07 - Epoch: [35][  99/1176]	Time  0.096 ( 0.096)	Data  0.000 ( 0.002)	Loss 0.0000e+00 (0.0000e+00)	Acc@1 100.00 (100.00)	Acc@5 100.00 (100.00)
16-Mar-26 09:07:16 - Epoch: [35][ 199/1176]	Time  0.092 ( 0.095)	Data  0.000 ( 0.001)	Loss 0.0000e+00 (0.0000e+00)	Acc@1 100.00 (100.00)	Acc@5 100.00 (100.00)
16-Mar-26 09:07:25 - Epoch: [35][ 299/1176]	Time  0.096 ( 0.095)	Data  0.001 ( 0.001)	Loss 0.0000e+00 (0.0000e+00)	Acc@1 100.00 (100.00)	Acc@5 100.00 (100.00)
16-Mar-26 09:07:35 - Epoch: [35][ 399/1176]	Time  0.093 ( 0.094)	Data  0.000 ( 0.001)	Loss 0.0000e+00 (0.0000e+00)	Acc@1 100.00 (100.00)	Acc@5 100.00 (100.00)
16-Mar-26 09:07:44 - Epoch: [35][ 499/1176]	Time  0.101 ( 0.094)	Data  0.000 ( 0.001)	Loss 0.0000e+00 (0.0000e+00)	Acc@1 100.00 (100.00)	Acc@5 100.00 (100.00)
16-Mar-26 09:07:54 - Epoch: [35][ 599/1176]	Time  0.092 ( 0.094)	Data  0.000 ( 0.001)	Loss 0.0000e+00 (0.0000e+00)	Acc@1 100.00 (100.00)	Acc@5 100.00 (100.00)
16-Mar-26 09:08:03 - Epoch: [35][ 699/1176]	Time  0.092 ( 0.094)	Data  0.000 ( 0.001)	Loss 0.0000e+00 (0.0000e+00)	Acc@1 100.00 (100.00)	Acc@5 100.00 (100.00)
16-Mar-26 09:08:13 - Epoch: [35][ 799/1176]	Time  0.095 ( 0.095)	Data  0.000 ( 0.001)	Loss 0.0000e+00 (0.0000e+00)	Acc@1 100.00 (100.00)	Acc@5 100.00 (100.00)
16-Mar-26 09:08:22 - Epoch: [35][ 899/1176]	Time  0.092 ( 0.094)	Data  0.000 ( 0.001)	Loss 0.0000e+00 (0.0000e+00)	Acc@1 100.00 (100.00)	Acc@5 100.00 (100.00)
16-Mar-26 09:08:31 - Epoch: [35][ 999/1176]	Time  0.092 ( 0.094)	Data  0.000 ( 0.000)	Loss 0.0000e+00 (0.0000e+00)	Acc@1 100.00 (100.00)	Acc@5 100.00 (100.00)
16-Mar-26 09:08:41 - Epoch: [35][1099/1176]	Time  0.094 ( 0.094)	Data  0.000 ( 0.000)	Loss 0.0000e+00 (0.0000e+00)	Acc@1 100.00 (100.00)	Acc@5 100.00 (100.00)
16-Mar-26 09:08:48 -  @Training * Acc@1 100.000 Acc@5 100.000 Loss 0.000
16-Mar-26 09:08:48 - One training epoch latency: 111.0s | Avg Power: 230.3W | Energy: 25568.2901J
16-Mar-26 09:08:55 -  @Testing * Acc@1 94.792 Acc@5 99.306 Loss 1.163
16-Mar-26 09:08:55 - Best acc at epoch 35: 94.79166412353516
16-Mar-26 09:08:55 - Last learning rate: [3.90625e-06]
16-Mar-26 09:08:55 - 	 Epoch 36...
16-Mar-26 09:09:05 - Epoch: [36][  99/1176]	Time  0.093 ( 0.096)	Data  0.001 ( 0.002)	Loss 0.0000e+00 (0.0000e+00)	Acc@1 100.00 (100.00)	Acc@5 100.00 (100.00)
16-Mar-26 09:09:14 - Epoch: [36][ 199/1176]	Time  0.093 ( 0.095)	Data  0.000 ( 0.001)	Loss 0.0000e+00 (0.0000e+00)	Acc@1 100.00 (100.00)	Acc@5 100.00 (100.00)
16-Mar-26 09:09:24 - Epoch: [36][ 299/1176]	Time  0.095 ( 0.095)	Data  0.000 ( 0.001)	Loss 0.0000e+00 (0.0000e+00)	Acc@1 100.00 (100.00)	Acc@5 100.00 (100.00)
16-Mar-26 09:09:33 - Epoch: [36][ 399/1176]	Time  0.092 ( 0.094)	Data  0.000 ( 0.001)	Loss 0.0000e+00 (0.0000e+00)	Acc@1 100.00 (100.00)	Acc@5 100.00 (100.00)
16-Mar-26 09:09:42 - Epoch: [36][ 499/1176]	Time  0.091 ( 0.094)	Data  0.000 ( 0.001)	Loss 0.0000e+00 (0.0000e+00)	Acc@1 100.00 (100.00)	Acc@5 100.00 (100.00)
16-Mar-26 09:09:52 - Epoch: [36][ 599/1176]	Time  0.092 ( 0.094)	Data  0.000 ( 0.001)	Loss 0.0000e+00 (0.0000e+00)	Acc@1 100.00 (100.00)	Acc@5 100.00 (100.00)
16-Mar-26 09:10:01 - Epoch: [36][ 699/1176]	Time  0.092 ( 0.094)	Data  0.000 ( 0.001)	Loss 0.0000e+00 (0.0000e+00)	Acc@1 100.00 (100.00)	Acc@5 100.00 (100.00)
16-Mar-26 09:10:10 - Epoch: [36][ 799/1176]	Time  0.092 ( 0.094)	Data  0.000 ( 0.000)	Loss 0.0000e+00 (0.0000e+00)	Acc@1 100.00 (100.00)	Acc@5 100.00 (100.00)
16-Mar-26 09:10:20 - Epoch: [36][ 899/1176]	Time  0.092 ( 0.094)	Data  0.000 ( 0.000)	Loss 0.0000e+00 (0.0000e+00)	Acc@1 100.00 (100.00)	Acc@5 100.00 (100.00)
16-Mar-26 09:10:29 - Epoch: [36][ 999/1176]	Time  0.093 ( 0.094)	Data  0.000 ( 0.000)	Loss 0.0000e+00 (0.0000e+00)	Acc@1 100.00 (100.00)	Acc@5 100.00 (100.00)
16-Mar-26 09:10:39 - Epoch: [36][1099/1176]	Time  0.092 ( 0.094)	Data  0.000 ( 0.000)	Loss 0.0000e+00 (0.0000e+00)	Acc@1 100.00 (100.00)	Acc@5 100.00 (100.00)
16-Mar-26 09:10:46 -  @Training * Acc@1 100.000 Acc@5 100.000 Loss 0.000
16-Mar-26 09:10:46 - One training epoch latency: 110.6s | Avg Power: 227.8W | Energy: 25192.8788J
16-Mar-26 09:10:53 -  @Testing * Acc@1 94.444 Acc@5 99.306 Loss 1.195
16-Mar-26 09:10:53 - Best acc at epoch 36: 94.79166412353516
16-Mar-26 09:10:53 - Last learning rate: [3.90625e-06]
16-Mar-26 09:10:53 - 	 Epoch 37...
16-Mar-26 09:11:03 - Epoch: [37][  99/1176]	Time  0.093 ( 0.096)	Data  0.000 ( 0.002)	Loss 0.0000e+00 (0.0000e+00)	Acc@1 100.00 (100.00)	Acc@5 100.00 (100.00)
16-Mar-26 09:11:12 - Epoch: [37][ 199/1176]	Time  0.094 ( 0.095)	Data  0.001 ( 0.001)	Loss 0.0000e+00 (0.0000e+00)	Acc@1 100.00 (100.00)	Acc@5 100.00 (100.00)
16-Mar-26 09:11:21 - Epoch: [37][ 299/1176]	Time  0.092 ( 0.094)	Data  0.000 ( 0.001)	Loss 0.0000e+00 (0.0000e+00)	Acc@1 100.00 (100.00)	Acc@5 100.00 (100.00)
16-Mar-26 09:11:31 - Epoch: [37][ 399/1176]	Time  0.103 ( 0.094)	Data  0.000 ( 0.001)	Loss 0.0000e+00 (0.0000e+00)	Acc@1 100.00 (100.00)	Acc@5 100.00 (100.00)
16-Mar-26 09:11:40 - Epoch: [37][ 499/1176]	Time  0.091 ( 0.094)	Data  0.000 ( 0.001)	Loss 0.0000e+00 (0.0000e+00)	Acc@1 100.00 (100.00)	Acc@5 100.00 (100.00)
16-Mar-26 09:11:49 - Epoch: [37][ 599/1176]	Time  0.091 ( 0.094)	Data  0.000 ( 0.000)	Loss 0.0000e+00 (3.9736e-10)	Acc@1 100.00 (100.00)	Acc@5 100.00 (100.00)
16-Mar-26 09:11:59 - Epoch: [37][ 699/1176]	Time  0.113 ( 0.094)	Data  0.000 ( 0.000)	Loss 0.0000e+00 (3.4060e-10)	Acc@1 100.00 (100.00)	Acc@5 100.00 (100.00)
16-Mar-26 09:12:08 - Epoch: [37][ 799/1176]	Time  0.092 ( 0.094)	Data  0.000 ( 0.000)	Loss 0.0000e+00 (2.9802e-10)	Acc@1 100.00 (100.00)	Acc@5 100.00 (100.00)
16-Mar-26 09:12:17 - Epoch: [37][ 899/1176]	Time  0.093 ( 0.094)	Data  0.000 ( 0.000)	Loss 0.0000e+00 (2.6491e-10)	Acc@1 100.00 (100.00)	Acc@5 100.00 (100.00)
16-Mar-26 09:12:27 - Epoch: [37][ 999/1176]	Time  0.106 ( 0.094)	Data  0.000 ( 0.000)	Loss 0.0000e+00 (2.3842e-10)	Acc@1 100.00 (100.00)	Acc@5 100.00 (100.00)
16-Mar-26 09:12:36 - Epoch: [37][1099/1176]	Time  0.090 ( 0.094)	Data  0.000 ( 0.000)	Loss 0.0000e+00 (2.1674e-10)	Acc@1 100.00 (100.00)	Acc@5 100.00 (100.00)
16-Mar-26 09:12:43 -  @Training * Acc@1 100.000 Acc@5 100.000 Loss 0.000
16-Mar-26 09:12:43 - One training epoch latency: 110.1s | Avg Power: 231.1W | Energy: 25450.6294J
16-Mar-26 09:12:50 -  @Testing * Acc@1 94.444 Acc@5 99.306 Loss 1.210
16-Mar-26 09:12:50 - Best acc at epoch 37: 94.79166412353516
16-Mar-26 09:12:50 - Last learning rate: [3.90625e-06]
16-Mar-26 09:12:50 - 	 Epoch 38...
16-Mar-26 09:13:00 - Epoch: [38][  99/1176]	Time  0.092 ( 0.095)	Data  0.000 ( 0.002)	Loss 0.0000e+00 (0.0000e+00)	Acc@1 100.00 (100.00)	Acc@5 100.00 (100.00)
16-Mar-26 09:13:09 - Epoch: [38][ 199/1176]	Time  0.091 ( 0.094)	Data  0.001 ( 0.001)	Loss 0.0000e+00 (0.0000e+00)	Acc@1 100.00 (100.00)	Acc@5 100.00 (100.00)
16-Mar-26 09:13:18 - Epoch: [38][ 299/1176]	Time  0.091 ( 0.094)	Data  0.000 ( 0.001)	Loss 0.0000e+00 (0.0000e+00)	Acc@1 100.00 (100.00)	Acc@5 100.00 (100.00)
16-Mar-26 09:13:28 - Epoch: [38][ 399/1176]	Time  0.092 ( 0.094)	Data  0.000 ( 0.001)	Loss 0.0000e+00 (0.0000e+00)	Acc@1 100.00 (100.00)	Acc@5 100.00 (100.00)
16-Mar-26 09:13:37 - Epoch: [38][ 499/1176]	Time  0.092 ( 0.094)	Data  0.000 ( 0.001)	Loss 0.0000e+00 (0.0000e+00)	Acc@1 100.00 (100.00)	Acc@5 100.00 (100.00)
16-Mar-26 09:13:47 - Epoch: [38][ 599/1176]	Time  0.093 ( 0.094)	Data  0.001 ( 0.001)	Loss 0.0000e+00 (0.0000e+00)	Acc@1 100.00 (100.00)	Acc@5 100.00 (100.00)
16-Mar-26 09:13:56 - Epoch: [38][ 699/1176]	Time  0.092 ( 0.094)	Data  0.000 ( 0.000)	Loss 0.0000e+00 (0.0000e+00)	Acc@1 100.00 (100.00)	Acc@5 100.00 (100.00)
16-Mar-26 09:14:05 - Epoch: [38][ 799/1176]	Time  0.092 ( 0.094)	Data  0.000 ( 0.000)	Loss 0.0000e+00 (0.0000e+00)	Acc@1 100.00 (100.00)	Acc@5 100.00 (100.00)
16-Mar-26 09:14:15 - Epoch: [38][ 899/1176]	Time  0.091 ( 0.094)	Data  0.000 ( 0.000)	Loss 0.0000e+00 (0.0000e+00)	Acc@1 100.00 (100.00)	Acc@5 100.00 (100.00)
16-Mar-26 09:14:24 - Epoch: [38][ 999/1176]	Time  0.092 ( 0.094)	Data  0.000 ( 0.000)	Loss 0.0000e+00 (0.0000e+00)	Acc@1 100.00 (100.00)	Acc@5 100.00 (100.00)
16-Mar-26 09:14:33 - Epoch: [38][1099/1176]	Time  0.093 ( 0.094)	Data  0.000 ( 0.000)	Loss 0.0000e+00 (0.0000e+00)	Acc@1 100.00 (100.00)	Acc@5 100.00 (100.00)
16-Mar-26 09:14:41 -  @Training * Acc@1 100.000 Acc@5 100.000 Loss 0.000
16-Mar-26 09:14:41 - One training epoch latency: 110.4s | Avg Power: 231.4W | Energy: 25551.0524J
16-Mar-26 09:14:48 -  @Testing * Acc@1 94.097 Acc@5 99.306 Loss 1.275
16-Mar-26 09:14:48 - Best acc at epoch 38: 94.79166412353516
16-Mar-26 09:14:48 - Last learning rate: [3.90625e-06]
16-Mar-26 09:14:48 - 	 Epoch 39...
16-Mar-26 09:14:57 - Epoch: [39][  99/1176]	Time  0.093 ( 0.096)	Data  0.000 ( 0.002)	Loss 0.0000e+00 (0.0000e+00)	Acc@1 100.00 (100.00)	Acc@5 100.00 (100.00)
16-Mar-26 09:15:07 - Epoch: [39][ 199/1176]	Time  0.093 ( 0.095)	Data  0.000 ( 0.001)	Loss 0.0000e+00 (0.0000e+00)	Acc@1 100.00 (100.00)	Acc@5 100.00 (100.00)
16-Mar-26 09:15:16 - Epoch: [39][ 299/1176]	Time  0.092 ( 0.095)	Data  0.000 ( 0.001)	Loss 0.0000e+00 (0.0000e+00)	Acc@1 100.00 (100.00)	Acc@5 100.00 (100.00)
16-Mar-26 09:15:26 - Epoch: [39][ 399/1176]	Time  0.104 ( 0.095)	Data  0.001 ( 0.001)	Loss 0.0000e+00 (0.0000e+00)	Acc@1 100.00 (100.00)	Acc@5 100.00 (100.00)
16-Mar-26 09:15:35 - Epoch: [39][ 499/1176]	Time  0.093 ( 0.094)	Data  0.001 ( 0.001)	Loss 0.0000e+00 (0.0000e+00)	Acc@1 100.00 (100.00)	Acc@5 100.00 (100.00)
16-Mar-26 09:15:44 - Epoch: [39][ 599/1176]	Time  0.095 ( 0.094)	Data  0.000 ( 0.001)	Loss 0.0000e+00 (0.0000e+00)	Acc@1 100.00 (100.00)	Acc@5 100.00 (100.00)
16-Mar-26 09:15:54 - Epoch: [39][ 699/1176]	Time  0.093 ( 0.094)	Data  0.000 ( 0.001)	Loss 0.0000e+00 (0.0000e+00)	Acc@1 100.00 (100.00)	Acc@5 100.00 (100.00)
16-Mar-26 09:16:03 - Epoch: [39][ 799/1176]	Time  0.093 ( 0.094)	Data  0.000 ( 0.001)	Loss 0.0000e+00 (0.0000e+00)	Acc@1 100.00 (100.00)	Acc@5 100.00 (100.00)
16-Mar-26 09:16:13 - Epoch: [39][ 899/1176]	Time  0.116 ( 0.094)	Data  0.000 ( 0.001)	Loss 0.0000e+00 (0.0000e+00)	Acc@1 100.00 (100.00)	Acc@5 100.00 (100.00)
16-Mar-26 09:16:22 - Epoch: [39][ 999/1176]	Time  0.093 ( 0.094)	Data  0.001 ( 0.000)	Loss 0.0000e+00 (0.0000e+00)	Acc@1 100.00 (100.00)	Acc@5 100.00 (100.00)
16-Mar-26 09:16:31 - Epoch: [39][1099/1176]	Time  0.092 ( 0.094)	Data  0.001 ( 0.000)	Loss 0.0000e+00 (0.0000e+00)	Acc@1 100.00 (100.00)	Acc@5 100.00 (100.00)
16-Mar-26 09:16:39 -  @Training * Acc@1 100.000 Acc@5 100.000 Loss 0.000
16-Mar-26 09:16:39 - One training epoch latency: 110.9s | Avg Power: 228.8W | Energy: 25367.6688J
16-Mar-26 09:16:46 -  @Testing * Acc@1 95.139 Acc@5 99.653 Loss 1.268
16-Mar-26 09:16:46 - Best acc at epoch 39: 95.1388931274414
16-Mar-26 09:16:46 - Last learning rate: [3.90625e-06]
16-Mar-26 09:16:46 - 	 Epoch 40...
16-Mar-26 09:16:55 - Epoch: [40][  99/1176]	Time  0.093 ( 0.096)	Data  0.000 ( 0.002)	Loss 0.0000e+00 (0.0000e+00)	Acc@1 100.00 (100.00)	Acc@5 100.00 (100.00)
16-Mar-26 09:17:05 - Epoch: [40][ 199/1176]	Time  0.094 ( 0.095)	Data  0.000 ( 0.001)	Loss 0.0000e+00 (0.0000e+00)	Acc@1 100.00 (100.00)	Acc@5 100.00 (100.00)
16-Mar-26 09:17:14 - Epoch: [40][ 299/1176]	Time  0.092 ( 0.095)	Data  0.000 ( 0.001)	Loss 0.0000e+00 (0.0000e+00)	Acc@1 100.00 (100.00)	Acc@5 100.00 (100.00)
16-Mar-26 09:17:24 - Epoch: [40][ 399/1176]	Time  0.095 ( 0.095)	Data  0.000 ( 0.001)	Loss 0.0000e+00 (0.0000e+00)	Acc@1 100.00 (100.00)	Acc@5 100.00 (100.00)
16-Mar-26 09:17:33 - Epoch: [40][ 499/1176]	Time  0.093 ( 0.095)	Data  0.000 ( 0.001)	Loss 0.0000e+00 (0.0000e+00)	Acc@1 100.00 (100.00)	Acc@5 100.00 (100.00)
16-Mar-26 09:17:42 - Epoch: [40][ 599/1176]	Time  0.092 ( 0.094)	Data  0.000 ( 0.001)	Loss 0.0000e+00 (0.0000e+00)	Acc@1 100.00 (100.00)	Acc@5 100.00 (100.00)
16-Mar-26 09:17:52 - Epoch: [40][ 699/1176]	Time  0.092 ( 0.094)	Data  0.000 ( 0.001)	Loss 0.0000e+00 (0.0000e+00)	Acc@1 100.00 (100.00)	Acc@5 100.00 (100.00)
16-Mar-26 09:18:01 - Epoch: [40][ 799/1176]	Time  0.093 ( 0.094)	Data  0.000 ( 0.000)	Loss 0.0000e+00 (0.0000e+00)	Acc@1 100.00 (100.00)	Acc@5 100.00 (100.00)
16-Mar-26 09:18:11 - Epoch: [40][ 899/1176]	Time  0.115 ( 0.094)	Data  0.006 ( 0.000)	Loss 0.0000e+00 (0.0000e+00)	Acc@1 100.00 (100.00)	Acc@5 100.00 (100.00)
16-Mar-26 09:18:20 - Epoch: [40][ 999/1176]	Time  0.092 ( 0.094)	Data  0.000 ( 0.000)	Loss 0.0000e+00 (0.0000e+00)	Acc@1 100.00 (100.00)	Acc@5 100.00 (100.00)
16-Mar-26 09:18:29 - Epoch: [40][1099/1176]	Time  0.092 ( 0.094)	Data  0.000 ( 0.000)	Loss 0.0000e+00 (0.0000e+00)	Acc@1 100.00 (100.00)	Acc@5 100.00 (100.00)
16-Mar-26 09:18:37 -  @Training * Acc@1 100.000 Acc@5 100.000 Loss 0.000
16-Mar-26 09:18:37 - One training epoch latency: 110.9s | Avg Power: 230.4W | Energy: 25545.1002J
16-Mar-26 09:18:44 -  @Testing * Acc@1 94.097 Acc@5 99.306 Loss 1.250
16-Mar-26 09:18:44 - Best acc at epoch 40: 95.1388931274414
16-Mar-26 09:18:44 - Last learning rate: [1.953125e-06]
16-Mar-26 09:18:44 - 	 Epoch 41...
16-Mar-26 09:18:53 - Epoch: [41][  99/1176]	Time  0.092 ( 0.096)	Data  0.000 ( 0.002)	Loss 0.0000e+00 (0.0000e+00)	Acc@1 100.00 (100.00)	Acc@5 100.00 (100.00)
16-Mar-26 09:19:03 - Epoch: [41][ 199/1176]	Time  0.093 ( 0.095)	Data  0.000 ( 0.001)	Loss 0.0000e+00 (0.0000e+00)	Acc@1 100.00 (100.00)	Acc@5 100.00 (100.00)
16-Mar-26 09:19:12 - Epoch: [41][ 299/1176]	Time  0.093 ( 0.095)	Data  0.001 ( 0.001)	Loss 0.0000e+00 (0.0000e+00)	Acc@1 100.00 (100.00)	Acc@5 100.00 (100.00)
16-Mar-26 09:19:22 - Epoch: [41][ 399/1176]	Time  0.112 ( 0.095)	Data  0.001 ( 0.001)	Loss 0.0000e+00 (0.0000e+00)	Acc@1 100.00 (100.00)	Acc@5 100.00 (100.00)
16-Mar-26 09:19:31 - Epoch: [41][ 499/1176]	Time  0.095 ( 0.095)	Data  0.001 ( 0.001)	Loss 0.0000e+00 (0.0000e+00)	Acc@1 100.00 (100.00)	Acc@5 100.00 (100.00)
16-Mar-26 09:19:40 - Epoch: [41][ 599/1176]	Time  0.092 ( 0.094)	Data  0.000 ( 0.001)	Loss 0.0000e+00 (0.0000e+00)	Acc@1 100.00 (100.00)	Acc@5 100.00 (100.00)
16-Mar-26 09:19:50 - Epoch: [41][ 699/1176]	Time  0.094 ( 0.094)	Data  0.000 ( 0.000)	Loss 0.0000e+00 (0.0000e+00)	Acc@1 100.00 (100.00)	Acc@5 100.00 (100.00)
16-Mar-26 09:19:59 - Epoch: [41][ 799/1176]	Time  0.092 ( 0.094)	Data  0.000 ( 0.000)	Loss 0.0000e+00 (0.0000e+00)	Acc@1 100.00 (100.00)	Acc@5 100.00 (100.00)
16-Mar-26 09:20:09 - Epoch: [41][ 899/1176]	Time  0.092 ( 0.094)	Data  0.000 ( 0.000)	Loss 0.0000e+00 (0.0000e+00)	Acc@1 100.00 (100.00)	Acc@5 100.00 (100.00)
16-Mar-26 09:20:18 - Epoch: [41][ 999/1176]	Time  0.092 ( 0.094)	Data  0.001 ( 0.000)	Loss 0.0000e+00 (0.0000e+00)	Acc@1 100.00 (100.00)	Acc@5 100.00 (100.00)
16-Mar-26 09:20:27 - Epoch: [41][1099/1176]	Time  0.090 ( 0.094)	Data  0.000 ( 0.000)	Loss 0.0000e+00 (0.0000e+00)	Acc@1 100.00 (100.00)	Acc@5 100.00 (100.00)
16-Mar-26 09:20:35 -  @Training * Acc@1 100.000 Acc@5 100.000 Loss 0.000
16-Mar-26 09:20:35 - One training epoch latency: 110.8s | Avg Power: 229.8W | Energy: 25464.8425J
16-Mar-26 09:20:42 -  @Testing * Acc@1 94.792 Acc@5 99.306 Loss 1.283
16-Mar-26 09:20:42 - Best acc at epoch 41: 95.1388931274414
16-Mar-26 09:20:42 - Last learning rate: [1.953125e-06]
16-Mar-26 09:20:42 - 	 Epoch 42...
16-Mar-26 09:20:51 - Epoch: [42][  99/1176]	Time  0.091 ( 0.095)	Data  0.000 ( 0.002)	Loss 0.0000e+00 (0.0000e+00)	Acc@1 100.00 (100.00)	Acc@5 100.00 (100.00)
16-Mar-26 09:21:01 - Epoch: [42][ 199/1176]	Time  0.093 ( 0.095)	Data  0.000 ( 0.001)	Loss 0.0000e+00 (0.0000e+00)	Acc@1 100.00 (100.00)	Acc@5 100.00 (100.00)
16-Mar-26 09:21:10 - Epoch: [42][ 299/1176]	Time  0.093 ( 0.095)	Data  0.000 ( 0.001)	Loss 0.0000e+00 (0.0000e+00)	Acc@1 100.00 (100.00)	Acc@5 100.00 (100.00)
16-Mar-26 09:21:20 - Epoch: [42][ 399/1176]	Time  0.092 ( 0.095)	Data  0.000 ( 0.001)	Loss 0.0000e+00 (0.0000e+00)	Acc@1 100.00 (100.00)	Acc@5 100.00 (100.00)
16-Mar-26 09:21:29 - Epoch: [42][ 499/1176]	Time  0.091 ( 0.095)	Data  0.000 ( 0.001)	Loss 0.0000e+00 (0.0000e+00)	Acc@1 100.00 (100.00)	Acc@5 100.00 (100.00)
16-Mar-26 09:21:39 - Epoch: [42][ 599/1176]	Time  0.111 ( 0.095)	Data  0.000 ( 0.001)	Loss 0.0000e+00 (0.0000e+00)	Acc@1 100.00 (100.00)	Acc@5 100.00 (100.00)
16-Mar-26 09:21:48 - Epoch: [42][ 699/1176]	Time  0.093 ( 0.094)	Data  0.000 ( 0.001)	Loss 0.0000e+00 (0.0000e+00)	Acc@1 100.00 (100.00)	Acc@5 100.00 (100.00)
16-Mar-26 09:21:57 - Epoch: [42][ 799/1176]	Time  0.092 ( 0.094)	Data  0.000 ( 0.000)	Loss 0.0000e+00 (0.0000e+00)	Acc@1 100.00 (100.00)	Acc@5 100.00 (100.00)
16-Mar-26 09:22:07 - Epoch: [42][ 899/1176]	Time  0.092 ( 0.094)	Data  0.000 ( 0.000)	Loss 0.0000e+00 (0.0000e+00)	Acc@1 100.00 (100.00)	Acc@5 100.00 (100.00)
16-Mar-26 09:22:16 - Epoch: [42][ 999/1176]	Time  0.093 ( 0.094)	Data  0.000 ( 0.000)	Loss 0.0000e+00 (0.0000e+00)	Acc@1 100.00 (100.00)	Acc@5 100.00 (100.00)
16-Mar-26 09:22:25 - Epoch: [42][1099/1176]	Time  0.092 ( 0.094)	Data  0.000 ( 0.000)	Loss 0.0000e+00 (0.0000e+00)	Acc@1 100.00 (100.00)	Acc@5 100.00 (100.00)
16-Mar-26 09:22:33 -  @Training * Acc@1 100.000 Acc@5 100.000 Loss 0.000
16-Mar-26 09:22:33 - One training epoch latency: 110.8s | Avg Power: 227.9W | Energy: 25242.0585J
16-Mar-26 09:22:40 -  @Testing * Acc@1 94.792 Acc@5 99.306 Loss 1.272
16-Mar-26 09:22:40 - Best acc at epoch 42: 95.1388931274414
16-Mar-26 09:22:40 - Last learning rate: [1.953125e-06]
16-Mar-26 09:22:40 - 	 Epoch 43...
16-Mar-26 09:22:49 - Epoch: [43][  99/1176]	Time  0.093 ( 0.095)	Data  0.000 ( 0.002)	Loss 0.0000e+00 (0.0000e+00)	Acc@1 100.00 (100.00)	Acc@5 100.00 (100.00)
16-Mar-26 09:22:59 - Epoch: [43][ 199/1176]	Time  0.091 ( 0.095)	Data  0.000 ( 0.001)	Loss 0.0000e+00 (0.0000e+00)	Acc@1 100.00 (100.00)	Acc@5 100.00 (100.00)
16-Mar-26 09:23:08 - Epoch: [43][ 299/1176]	Time  0.095 ( 0.094)	Data  0.000 ( 0.001)	Loss 0.0000e+00 (0.0000e+00)	Acc@1 100.00 (100.00)	Acc@5 100.00 (100.00)
16-Mar-26 09:23:17 - Epoch: [43][ 399/1176]	Time  0.094 ( 0.094)	Data  0.000 ( 0.001)	Loss 0.0000e+00 (0.0000e+00)	Acc@1 100.00 (100.00)	Acc@5 100.00 (100.00)
16-Mar-26 09:23:27 - Epoch: [43][ 499/1176]	Time  0.092 ( 0.094)	Data  0.000 ( 0.001)	Loss 0.0000e+00 (0.0000e+00)	Acc@1 100.00 (100.00)	Acc@5 100.00 (100.00)
16-Mar-26 09:23:36 - Epoch: [43][ 599/1176]	Time  0.093 ( 0.094)	Data  0.000 ( 0.001)	Loss 0.0000e+00 (0.0000e+00)	Acc@1 100.00 (100.00)	Acc@5 100.00 (100.00)
16-Mar-26 09:23:46 - Epoch: [43][ 699/1176]	Time  0.110 ( 0.094)	Data  0.000 ( 0.001)	Loss 0.0000e+00 (0.0000e+00)	Acc@1 100.00 (100.00)	Acc@5 100.00 (100.00)
16-Mar-26 09:23:55 - Epoch: [43][ 799/1176]	Time  0.091 ( 0.094)	Data  0.000 ( 0.000)	Loss 0.0000e+00 (0.0000e+00)	Acc@1 100.00 (100.00)	Acc@5 100.00 (100.00)
16-Mar-26 09:24:04 - Epoch: [43][ 899/1176]	Time  0.090 ( 0.094)	Data  0.000 ( 0.000)	Loss 0.0000e+00 (0.0000e+00)	Acc@1 100.00 (100.00)	Acc@5 100.00 (100.00)
16-Mar-26 09:24:14 - Epoch: [43][ 999/1176]	Time  0.092 ( 0.094)	Data  0.002 ( 0.000)	Loss 0.0000e+00 (0.0000e+00)	Acc@1 100.00 (100.00)	Acc@5 100.00 (100.00)
16-Mar-26 09:24:23 - Epoch: [43][1099/1176]	Time  0.091 ( 0.094)	Data  0.000 ( 0.000)	Loss 0.0000e+00 (0.0000e+00)	Acc@1 100.00 (100.00)	Acc@5 100.00 (100.00)
16-Mar-26 09:24:30 -  @Training * Acc@1 100.000 Acc@5 100.000 Loss 0.000
16-Mar-26 09:24:30 - One training epoch latency: 110.5s | Avg Power: 231.4W | Energy: 25574.5100J
16-Mar-26 09:24:37 -  @Testing * Acc@1 94.444 Acc@5 99.306 Loss 1.255
16-Mar-26 09:24:37 - Best acc at epoch 43: 95.1388931274414
16-Mar-26 09:24:37 - Last learning rate: [1.953125e-06]
16-Mar-26 09:24:37 - 	 Epoch 44...
16-Mar-26 09:24:47 - Epoch: [44][  99/1176]	Time  0.092 ( 0.096)	Data  0.000 ( 0.002)	Loss 0.0000e+00 (0.0000e+00)	Acc@1 100.00 (100.00)	Acc@5 100.00 (100.00)
16-Mar-26 09:24:56 - Epoch: [44][ 199/1176]	Time  0.093 ( 0.095)	Data  0.001 ( 0.001)	Loss 0.0000e+00 (0.0000e+00)	Acc@1 100.00 (100.00)	Acc@5 100.00 (100.00)
16-Mar-26 09:25:06 - Epoch: [44][ 299/1176]	Time  0.091 ( 0.094)	Data  0.000 ( 0.001)	Loss 0.0000e+00 (0.0000e+00)	Acc@1 100.00 (100.00)	Acc@5 100.00 (100.00)
16-Mar-26 09:25:15 - Epoch: [44][ 399/1176]	Time  0.093 ( 0.094)	Data  0.000 ( 0.001)	Loss 0.0000e+00 (0.0000e+00)	Acc@1 100.00 (100.00)	Acc@5 100.00 (100.00)
16-Mar-26 09:25:25 - Epoch: [44][ 499/1176]	Time  0.092 ( 0.094)	Data  0.000 ( 0.001)	Loss 0.0000e+00 (0.0000e+00)	Acc@1 100.00 (100.00)	Acc@5 100.00 (100.00)
16-Mar-26 09:25:34 - Epoch: [44][ 599/1176]	Time  0.092 ( 0.094)	Data  0.000 ( 0.001)	Loss 0.0000e+00 (0.0000e+00)	Acc@1 100.00 (100.00)	Acc@5 100.00 (100.00)
16-Mar-26 09:25:43 - Epoch: [44][ 699/1176]	Time  0.095 ( 0.094)	Data  0.000 ( 0.001)	Loss 0.0000e+00 (0.0000e+00)	Acc@1 100.00 (100.00)	Acc@5 100.00 (100.00)
16-Mar-26 09:25:53 - Epoch: [44][ 799/1176]	Time  0.095 ( 0.094)	Data  0.000 ( 0.001)	Loss 0.0000e+00 (0.0000e+00)	Acc@1 100.00 (100.00)	Acc@5 100.00 (100.00)
16-Mar-26 09:26:02 - Epoch: [44][ 899/1176]	Time  0.092 ( 0.094)	Data  0.000 ( 0.001)	Loss 0.0000e+00 (0.0000e+00)	Acc@1 100.00 (100.00)	Acc@5 100.00 (100.00)
16-Mar-26 09:26:11 - Epoch: [44][ 999/1176]	Time  0.092 ( 0.094)	Data  0.001 ( 0.000)	Loss 0.0000e+00 (0.0000e+00)	Acc@1 100.00 (100.00)	Acc@5 100.00 (100.00)
16-Mar-26 09:26:21 - Epoch: [44][1099/1176]	Time  0.092 ( 0.094)	Data  0.000 ( 0.000)	Loss 0.0000e+00 (0.0000e+00)	Acc@1 100.00 (100.00)	Acc@5 100.00 (100.00)
16-Mar-26 09:26:28 -  @Training * Acc@1 100.000 Acc@5 100.000 Loss 0.000
16-Mar-26 09:26:28 - One training epoch latency: 110.5s | Avg Power: 229.1W | Energy: 25324.8264J
16-Mar-26 09:26:35 -  @Testing * Acc@1 94.792 Acc@5 99.306 Loss 1.179
16-Mar-26 09:26:35 - Best acc at epoch 44: 95.1388931274414
16-Mar-26 09:26:35 - Last learning rate: [1.953125e-06]
16-Mar-26 09:26:35 - 	 Epoch 45...
16-Mar-26 09:26:45 - Epoch: [45][  99/1176]	Time  0.095 ( 0.096)	Data  0.000 ( 0.002)	Loss 0.0000e+00 (0.0000e+00)	Acc@1 100.00 (100.00)	Acc@5 100.00 (100.00)
16-Mar-26 09:26:54 - Epoch: [45][ 199/1176]	Time  0.092 ( 0.095)	Data  0.000 ( 0.001)	Loss 0.0000e+00 (0.0000e+00)	Acc@1 100.00 (100.00)	Acc@5 100.00 (100.00)
16-Mar-26 09:27:03 - Epoch: [45][ 299/1176]	Time  0.093 ( 0.094)	Data  0.000 ( 0.001)	Loss 0.0000e+00 (0.0000e+00)	Acc@1 100.00 (100.00)	Acc@5 100.00 (100.00)
16-Mar-26 09:27:13 - Epoch: [45][ 399/1176]	Time  0.093 ( 0.094)	Data  0.000 ( 0.001)	Loss 0.0000e+00 (0.0000e+00)	Acc@1 100.00 (100.00)	Acc@5 100.00 (100.00)
16-Mar-26 09:27:22 - Epoch: [45][ 499/1176]	Time  0.092 ( 0.094)	Data  0.000 ( 0.001)	Loss 0.0000e+00 (0.0000e+00)	Acc@1 100.00 (100.00)	Acc@5 100.00 (100.00)
16-Mar-26 09:27:32 - Epoch: [45][ 599/1176]	Time  0.092 ( 0.094)	Data  0.000 ( 0.001)	Loss 0.0000e+00 (0.0000e+00)	Acc@1 100.00 (100.00)	Acc@5 100.00 (100.00)
16-Mar-26 09:27:41 - Epoch: [45][ 699/1176]	Time  0.093 ( 0.094)	Data  0.000 ( 0.001)	Loss 0.0000e+00 (0.0000e+00)	Acc@1 100.00 (100.00)	Acc@5 100.00 (100.00)
16-Mar-26 09:27:50 - Epoch: [45][ 799/1176]	Time  0.092 ( 0.094)	Data  0.000 ( 0.000)	Loss 0.0000e+00 (0.0000e+00)	Acc@1 100.00 (100.00)	Acc@5 100.00 (100.00)
16-Mar-26 09:28:00 - Epoch: [45][ 899/1176]	Time  0.095 ( 0.094)	Data  0.000 ( 0.000)	Loss 0.0000e+00 (0.0000e+00)	Acc@1 100.00 (100.00)	Acc@5 100.00 (100.00)
16-Mar-26 09:28:09 - Epoch: [45][ 999/1176]	Time  0.093 ( 0.094)	Data  0.000 ( 0.000)	Loss 0.0000e+00 (0.0000e+00)	Acc@1 100.00 (100.00)	Acc@5 100.00 (100.00)
16-Mar-26 09:28:19 - Epoch: [45][1099/1176]	Time  0.091 ( 0.094)	Data  0.000 ( 0.000)	Loss 0.0000e+00 (0.0000e+00)	Acc@1 100.00 (100.00)	Acc@5 100.00 (100.00)
16-Mar-26 09:28:26 -  @Training * Acc@1 100.000 Acc@5 100.000 Loss 0.000
16-Mar-26 09:28:26 - One training epoch latency: 110.7s | Avg Power: 229.8W | Energy: 25435.2421J
16-Mar-26 09:28:33 -  @Testing * Acc@1 94.792 Acc@5 99.306 Loss 1.153
16-Mar-26 09:28:33 - Best acc at epoch 45: 95.1388931274414
16-Mar-26 09:28:33 - Last learning rate: [1.953125e-06]
16-Mar-26 09:28:33 - 	 Epoch 46...
16-Mar-26 09:28:43 - Epoch: [46][  99/1176]	Time  0.116 ( 0.096)	Data  0.000 ( 0.002)	Loss 0.0000e+00 (0.0000e+00)	Acc@1 100.00 (100.00)	Acc@5 100.00 (100.00)
16-Mar-26 09:28:52 - Epoch: [46][ 199/1176]	Time  0.089 ( 0.095)	Data  0.000 ( 0.001)	Loss 0.0000e+00 (0.0000e+00)	Acc@1 100.00 (100.00)	Acc@5 100.00 (100.00)
16-Mar-26 09:29:01 - Epoch: [46][ 299/1176]	Time  0.094 ( 0.094)	Data  0.000 ( 0.001)	Loss 0.0000e+00 (0.0000e+00)	Acc@1 100.00 (100.00)	Acc@5 100.00 (100.00)
16-Mar-26 09:29:11 - Epoch: [46][ 399/1176]	Time  0.093 ( 0.094)	Data  0.001 ( 0.001)	Loss 0.0000e+00 (0.0000e+00)	Acc@1 100.00 (100.00)	Acc@5 100.00 (100.00)
16-Mar-26 09:29:20 - Epoch: [46][ 499/1176]	Time  0.092 ( 0.094)	Data  0.000 ( 0.001)	Loss 0.0000e+00 (0.0000e+00)	Acc@1 100.00 (100.00)	Acc@5 100.00 (100.00)
16-Mar-26 09:29:30 - Epoch: [46][ 599/1176]	Time  0.095 ( 0.094)	Data  0.000 ( 0.001)	Loss 0.0000e+00 (0.0000e+00)	Acc@1 100.00 (100.00)	Acc@5 100.00 (100.00)
16-Mar-26 09:29:39 - Epoch: [46][ 699/1176]	Time  0.092 ( 0.094)	Data  0.001 ( 0.000)	Loss 0.0000e+00 (0.0000e+00)	Acc@1 100.00 (100.00)	Acc@5 100.00 (100.00)
16-Mar-26 09:29:48 - Epoch: [46][ 799/1176]	Time  0.092 ( 0.094)	Data  0.000 ( 0.000)	Loss 0.0000e+00 (0.0000e+00)	Acc@1 100.00 (100.00)	Acc@5 100.00 (100.00)
16-Mar-26 09:29:58 - Epoch: [46][ 899/1176]	Time  0.092 ( 0.094)	Data  0.000 ( 0.000)	Loss 0.0000e+00 (0.0000e+00)	Acc@1 100.00 (100.00)	Acc@5 100.00 (100.00)
16-Mar-26 09:30:07 - Epoch: [46][ 999/1176]	Time  0.088 ( 0.094)	Data  0.000 ( 0.000)	Loss 0.0000e+00 (0.0000e+00)	Acc@1 100.00 (100.00)	Acc@5 100.00 (100.00)
16-Mar-26 09:30:16 - Epoch: [46][1099/1176]	Time  0.092 ( 0.094)	Data  0.001 ( 0.000)	Loss 0.0000e+00 (0.0000e+00)	Acc@1 100.00 (100.00)	Acc@5 100.00 (100.00)
16-Mar-26 09:30:24 -  @Training * Acc@1 100.000 Acc@5 100.000 Loss 0.000
16-Mar-26 09:30:24 - One training epoch latency: 110.6s | Avg Power: 230.7W | Energy: 25513.0720J
16-Mar-26 09:30:31 -  @Testing * Acc@1 95.139 Acc@5 99.306 Loss 1.191
16-Mar-26 09:30:31 - Best acc at epoch 46: 95.1388931274414
16-Mar-26 09:30:31 - Last learning rate: [9.765625e-07]
16-Mar-26 09:30:31 - 	 Epoch 47...
16-Mar-26 09:30:40 - Epoch: [47][  99/1176]	Time  0.092 ( 0.095)	Data  0.000 ( 0.002)	Loss 0.0000e+00 (0.0000e+00)	Acc@1 100.00 (100.00)	Acc@5 100.00 (100.00)
16-Mar-26 09:30:50 - Epoch: [47][ 199/1176]	Time  0.091 ( 0.094)	Data  0.000 ( 0.001)	Loss 0.0000e+00 (0.0000e+00)	Acc@1 100.00 (100.00)	Acc@5 100.00 (100.00)
16-Mar-26 09:30:59 - Epoch: [47][ 299/1176]	Time  0.091 ( 0.094)	Data  0.000 ( 0.001)	Loss 0.0000e+00 (0.0000e+00)	Acc@1 100.00 (100.00)	Acc@5 100.00 (100.00)
16-Mar-26 09:31:08 - Epoch: [47][ 399/1176]	Time  0.092 ( 0.094)	Data  0.000 ( 0.001)	Loss 0.0000e+00 (0.0000e+00)	Acc@1 100.00 (100.00)	Acc@5 100.00 (100.00)
16-Mar-26 09:31:18 - Epoch: [47][ 499/1176]	Time  0.091 ( 0.094)	Data  0.000 ( 0.001)	Loss 0.0000e+00 (0.0000e+00)	Acc@1 100.00 (100.00)	Acc@5 100.00 (100.00)
16-Mar-26 09:31:27 - Epoch: [47][ 599/1176]	Time  0.094 ( 0.094)	Data  0.000 ( 0.001)	Loss 0.0000e+00 (0.0000e+00)	Acc@1 100.00 (100.00)	Acc@5 100.00 (100.00)
16-Mar-26 09:31:36 - Epoch: [47][ 699/1176]	Time  0.095 ( 0.094)	Data  0.000 ( 0.001)	Loss 0.0000e+00 (0.0000e+00)	Acc@1 100.00 (100.00)	Acc@5 100.00 (100.00)
16-Mar-26 09:31:46 - Epoch: [47][ 799/1176]	Time  0.093 ( 0.094)	Data  0.000 ( 0.000)	Loss 0.0000e+00 (0.0000e+00)	Acc@1 100.00 (100.00)	Acc@5 100.00 (100.00)
16-Mar-26 09:31:55 - Epoch: [47][ 899/1176]	Time  0.093 ( 0.094)	Data  0.000 ( 0.000)	Loss 0.0000e+00 (0.0000e+00)	Acc@1 100.00 (100.00)	Acc@5 100.00 (100.00)
16-Mar-26 09:32:05 - Epoch: [47][ 999/1176]	Time  0.101 ( 0.094)	Data  0.000 ( 0.000)	Loss 0.0000e+00 (0.0000e+00)	Acc@1 100.00 (100.00)	Acc@5 100.00 (100.00)
16-Mar-26 09:32:14 - Epoch: [47][1099/1176]	Time  0.094 ( 0.094)	Data  0.001 ( 0.000)	Loss 0.0000e+00 (0.0000e+00)	Acc@1 100.00 (100.00)	Acc@5 100.00 (100.00)
16-Mar-26 09:32:21 -  @Training * Acc@1 100.000 Acc@5 100.000 Loss 0.000
16-Mar-26 09:32:21 - One training epoch latency: 110.2s | Avg Power: 229.3W | Energy: 25268.9207J
16-Mar-26 09:32:28 -  @Testing * Acc@1 94.792 Acc@5 99.306 Loss 1.235
16-Mar-26 09:32:28 - Best acc at epoch 47: 95.1388931274414
16-Mar-26 09:32:28 - Last learning rate: [9.765625e-07]
16-Mar-26 09:32:28 - 	 Epoch 48...
16-Mar-26 09:32:38 - Epoch: [48][  99/1176]	Time  0.092 ( 0.095)	Data  0.000 ( 0.002)	Loss 0.0000e+00 (0.0000e+00)	Acc@1 100.00 (100.00)	Acc@5 100.00 (100.00)
16-Mar-26 09:32:47 - Epoch: [48][ 199/1176]	Time  0.092 ( 0.094)	Data  0.000 ( 0.001)	Loss 0.0000e+00 (0.0000e+00)	Acc@1 100.00 (100.00)	Acc@5 100.00 (100.00)
16-Mar-26 09:32:57 - Epoch: [48][ 299/1176]	Time  0.102 ( 0.094)	Data  0.000 ( 0.001)	Loss 0.0000e+00 (0.0000e+00)	Acc@1 100.00 (100.00)	Acc@5 100.00 (100.00)
16-Mar-26 09:33:06 - Epoch: [48][ 399/1176]	Time  0.093 ( 0.094)	Data  0.000 ( 0.001)	Loss 0.0000e+00 (0.0000e+00)	Acc@1 100.00 (100.00)	Acc@5 100.00 (100.00)
16-Mar-26 09:33:15 - Epoch: [48][ 499/1176]	Time  0.093 ( 0.094)	Data  0.001 ( 0.001)	Loss 0.0000e+00 (0.0000e+00)	Acc@1 100.00 (100.00)	Acc@5 100.00 (100.00)
16-Mar-26 09:33:25 - Epoch: [48][ 599/1176]	Time  0.095 ( 0.094)	Data  0.000 ( 0.001)	Loss 0.0000e+00 (0.0000e+00)	Acc@1 100.00 (100.00)	Acc@5 100.00 (100.00)
16-Mar-26 09:33:34 - Epoch: [48][ 699/1176]	Time  0.091 ( 0.094)	Data  0.000 ( 0.001)	Loss 0.0000e+00 (0.0000e+00)	Acc@1 100.00 (100.00)	Acc@5 100.00 (100.00)
16-Mar-26 09:33:43 - Epoch: [48][ 799/1176]	Time  0.092 ( 0.094)	Data  0.000 ( 0.000)	Loss 0.0000e+00 (0.0000e+00)	Acc@1 100.00 (100.00)	Acc@5 100.00 (100.00)
16-Mar-26 09:33:53 - Epoch: [48][ 899/1176]	Time  0.092 ( 0.094)	Data  0.000 ( 0.000)	Loss 0.0000e+00 (0.0000e+00)	Acc@1 100.00 (100.00)	Acc@5 100.00 (100.00)
16-Mar-26 09:34:02 - Epoch: [48][ 999/1176]	Time  0.090 ( 0.094)	Data  0.000 ( 0.000)	Loss 0.0000e+00 (0.0000e+00)	Acc@1 100.00 (100.00)	Acc@5 100.00 (100.00)
16-Mar-26 09:34:12 - Epoch: [48][1099/1176]	Time  0.109 ( 0.094)	Data  0.000 ( 0.000)	Loss 0.0000e+00 (0.0000e+00)	Acc@1 100.00 (100.00)	Acc@5 100.00 (100.00)
16-Mar-26 09:34:19 -  @Training * Acc@1 100.000 Acc@5 100.000 Loss 0.000
16-Mar-26 09:34:19 - One training epoch latency: 110.6s | Avg Power: 230.6W | Energy: 25504.2043J
16-Mar-26 09:34:26 -  @Testing * Acc@1 95.139 Acc@5 99.306 Loss 1.223
16-Mar-26 09:34:26 - Best acc at epoch 48: 95.1388931274414
16-Mar-26 09:34:26 - Last learning rate: [9.765625e-07]
16-Mar-26 09:34:26 - 	 Epoch 49...
16-Mar-26 09:34:36 - Epoch: [49][  99/1176]	Time  0.125 ( 0.096)	Data  0.012 ( 0.002)	Loss 0.0000e+00 (0.0000e+00)	Acc@1 100.00 (100.00)	Acc@5 100.00 (100.00)
16-Mar-26 09:34:45 - Epoch: [49][ 199/1176]	Time  0.091 ( 0.095)	Data  0.000 ( 0.001)	Loss 0.0000e+00 (0.0000e+00)	Acc@1 100.00 (100.00)	Acc@5 100.00 (100.00)
16-Mar-26 09:34:54 - Epoch: [49][ 299/1176]	Time  0.092 ( 0.094)	Data  0.000 ( 0.001)	Loss 0.0000e+00 (0.0000e+00)	Acc@1 100.00 (100.00)	Acc@5 100.00 (100.00)
16-Mar-26 09:35:04 - Epoch: [49][ 399/1176]	Time  0.091 ( 0.094)	Data  0.000 ( 0.001)	Loss 0.0000e+00 (0.0000e+00)	Acc@1 100.00 (100.00)	Acc@5 100.00 (100.00)
16-Mar-26 09:35:13 - Epoch: [49][ 499/1176]	Time  0.091 ( 0.094)	Data  0.000 ( 0.001)	Loss 0.0000e+00 (0.0000e+00)	Acc@1 100.00 (100.00)	Acc@5 100.00 (100.00)
16-Mar-26 09:35:22 - Epoch: [49][ 599/1176]	Time  0.092 ( 0.094)	Data  0.000 ( 0.001)	Loss 0.0000e+00 (0.0000e+00)	Acc@1 100.00 (100.00)	Acc@5 100.00 (100.00)
16-Mar-26 09:35:32 - Epoch: [49][ 699/1176]	Time  0.092 ( 0.094)	Data  0.000 ( 0.001)	Loss 0.0000e+00 (0.0000e+00)	Acc@1 100.00 (100.00)	Acc@5 100.00 (100.00)
16-Mar-26 09:35:41 - Epoch: [49][ 799/1176]	Time  0.093 ( 0.094)	Data  0.000 ( 0.001)	Loss 0.0000e+00 (0.0000e+00)	Acc@1 100.00 (100.00)	Acc@5 100.00 (100.00)
16-Mar-26 09:35:51 - Epoch: [49][ 899/1176]	Time  0.100 ( 0.094)	Data  0.000 ( 0.000)	Loss 0.0000e+00 (0.0000e+00)	Acc@1 100.00 (100.00)	Acc@5 100.00 (100.00)
16-Mar-26 09:36:00 - Epoch: [49][ 999/1176]	Time  0.099 ( 0.094)	Data  0.000 ( 0.000)	Loss 0.0000e+00 (0.0000e+00)	Acc@1 100.00 (100.00)	Acc@5 100.00 (100.00)
16-Mar-26 09:36:09 - Epoch: [49][1099/1176]	Time  0.090 ( 0.094)	Data  0.000 ( 0.000)	Loss 0.0000e+00 (0.0000e+00)	Acc@1 100.00 (100.00)	Acc@5 100.00 (100.00)
16-Mar-26 09:36:16 -  @Training * Acc@1 100.000 Acc@5 100.000 Loss 0.000
16-Mar-26 09:36:17 - One training epoch latency: 110.4s | Avg Power: 231.1W | Energy: 25524.0754J
16-Mar-26 09:36:24 -  @Testing * Acc@1 95.139 Acc@5 99.653 Loss 1.192
16-Mar-26 09:36:24 - Best acc at epoch 49: 95.1388931274414
16-Mar-26 09:36:24 - Last learning rate: [9.765625e-07]
16-Mar-26 09:36:24 - 	 Epoch 50...
16-Mar-26 09:36:33 - Epoch: [50][  99/1176]	Time  0.092 ( 0.095)	Data  0.000 ( 0.002)	Loss 0.0000e+00 (0.0000e+00)	Acc@1 100.00 (100.00)	Acc@5 100.00 (100.00)
16-Mar-26 09:36:43 - Epoch: [50][ 199/1176]	Time  0.092 ( 0.095)	Data  0.000 ( 0.001)	Loss 0.0000e+00 (0.0000e+00)	Acc@1 100.00 (100.00)	Acc@5 100.00 (100.00)
16-Mar-26 09:36:52 - Epoch: [50][ 299/1176]	Time  0.092 ( 0.094)	Data  0.000 ( 0.001)	Loss 0.0000e+00 (0.0000e+00)	Acc@1 100.00 (100.00)	Acc@5 100.00 (100.00)
16-Mar-26 09:37:01 - Epoch: [50][ 399/1176]	Time  0.094 ( 0.094)	Data  0.000 ( 0.001)	Loss 0.0000e+00 (0.0000e+00)	Acc@1 100.00 (100.00)	Acc@5 100.00 (100.00)
16-Mar-26 09:37:11 - Epoch: [50][ 499/1176]	Time  0.093 ( 0.094)	Data  0.000 ( 0.001)	Loss 0.0000e+00 (0.0000e+00)	Acc@1 100.00 (100.00)	Acc@5 100.00 (100.00)
16-Mar-26 09:37:20 - Epoch: [50][ 599/1176]	Time  0.090 ( 0.094)	Data  0.000 ( 0.001)	Loss 0.0000e+00 (0.0000e+00)	Acc@1 100.00 (100.00)	Acc@5 100.00 (100.00)
16-Mar-26 09:37:30 - Epoch: [50][ 699/1176]	Time  0.095 ( 0.094)	Data  0.000 ( 0.001)	Loss 0.0000e+00 (0.0000e+00)	Acc@1 100.00 (100.00)	Acc@5 100.00 (100.00)
16-Mar-26 09:37:39 - Epoch: [50][ 799/1176]	Time  0.092 ( 0.094)	Data  0.000 ( 0.001)	Loss 0.0000e+00 (0.0000e+00)	Acc@1 100.00 (100.00)	Acc@5 100.00 (100.00)
16-Mar-26 09:37:48 - Epoch: [50][ 899/1176]	Time  0.092 ( 0.094)	Data  0.000 ( 0.000)	Loss 0.0000e+00 (0.0000e+00)	Acc@1 100.00 (100.00)	Acc@5 100.00 (100.00)
16-Mar-26 09:37:58 - Epoch: [50][ 999/1176]	Time  0.092 ( 0.094)	Data  0.000 ( 0.000)	Loss 0.0000e+00 (0.0000e+00)	Acc@1 100.00 (100.00)	Acc@5 100.00 (100.00)
16-Mar-26 09:38:07 - Epoch: [50][1099/1176]	Time  0.092 ( 0.094)	Data  0.000 ( 0.000)	Loss 0.0000e+00 (0.0000e+00)	Acc@1 100.00 (100.00)	Acc@5 100.00 (100.00)
16-Mar-26 09:38:14 -  @Training * Acc@1 100.000 Acc@5 100.000 Loss 0.000
16-Mar-26 09:38:14 - One training epoch latency: 110.5s | Avg Power: 228.1W | Energy: 25207.0443J
16-Mar-26 09:38:21 -  @Testing * Acc@1 94.792 Acc@5 99.306 Loss 1.192
16-Mar-26 09:38:21 - Best acc at epoch 50: 95.1388931274414
16-Mar-26 09:38:21 - Last learning rate: [9.765625e-07]
16-Mar-26 09:38:21 - 	 Epoch 51...
16-Mar-26 09:38:31 - Epoch: [51][  99/1176]	Time  0.092 ( 0.097)	Data  0.000 ( 0.002)	Loss 0.0000e+00 (0.0000e+00)	Acc@1 100.00 (100.00)	Acc@5 100.00 (100.00)
16-Mar-26 09:38:41 - Epoch: [51][ 199/1176]	Time  0.100 ( 0.095)	Data  0.000 ( 0.001)	Loss 0.0000e+00 (0.0000e+00)	Acc@1 100.00 (100.00)	Acc@5 100.00 (100.00)
16-Mar-26 09:38:50 - Epoch: [51][ 299/1176]	Time  0.093 ( 0.095)	Data  0.000 ( 0.001)	Loss 0.0000e+00 (0.0000e+00)	Acc@1 100.00 (100.00)	Acc@5 100.00 (100.00)
16-Mar-26 09:38:59 - Epoch: [51][ 399/1176]	Time  0.093 ( 0.095)	Data  0.000 ( 0.001)	Loss 0.0000e+00 (0.0000e+00)	Acc@1 100.00 (100.00)	Acc@5 100.00 (100.00)
16-Mar-26 09:39:09 - Epoch: [51][ 499/1176]	Time  0.093 ( 0.094)	Data  0.000 ( 0.001)	Loss 0.0000e+00 (0.0000e+00)	Acc@1 100.00 (100.00)	Acc@5 100.00 (100.00)
16-Mar-26 09:39:18 - Epoch: [51][ 599/1176]	Time  0.092 ( 0.094)	Data  0.000 ( 0.001)	Loss 0.0000e+00 (0.0000e+00)	Acc@1 100.00 (100.00)	Acc@5 100.00 (100.00)
16-Mar-26 09:39:27 - Epoch: [51][ 699/1176]	Time  0.092 ( 0.094)	Data  0.000 ( 0.001)	Loss 0.0000e+00 (0.0000e+00)	Acc@1 100.00 (100.00)	Acc@5 100.00 (100.00)
16-Mar-26 09:39:37 - Epoch: [51][ 799/1176]	Time  0.092 ( 0.094)	Data  0.000 ( 0.000)	Loss 0.0000e+00 (0.0000e+00)	Acc@1 100.00 (100.00)	Acc@5 100.00 (100.00)
16-Mar-26 09:39:46 - Epoch: [51][ 899/1176]	Time  0.095 ( 0.094)	Data  0.000 ( 0.000)	Loss 0.0000e+00 (0.0000e+00)	Acc@1 100.00 (100.00)	Acc@5 100.00 (100.00)
16-Mar-26 09:39:56 - Epoch: [51][ 999/1176]	Time  0.095 ( 0.094)	Data  0.001 ( 0.000)	Loss 0.0000e+00 (0.0000e+00)	Acc@1 100.00 (100.00)	Acc@5 100.00 (100.00)
16-Mar-26 09:40:05 - Epoch: [51][1099/1176]	Time  0.092 ( 0.094)	Data  0.000 ( 0.000)	Loss 0.0000e+00 (0.0000e+00)	Acc@1 100.00 (100.00)	Acc@5 100.00 (100.00)
16-Mar-26 09:40:12 -  @Training * Acc@1 100.000 Acc@5 100.000 Loss 0.000
16-Mar-26 09:40:12 - One training epoch latency: 110.7s | Avg Power: 230.9W | Energy: 25561.1990J
16-Mar-26 09:40:19 -  @Testing * Acc@1 94.792 Acc@5 99.306 Loss 1.201
16-Mar-26 09:40:19 - Best acc at epoch 51: 95.1388931274414
16-Mar-26 09:40:19 - Last learning rate: [9.765625e-07]
16-Mar-26 09:40:19 - 	 Epoch 52...
16-Mar-26 09:40:29 - Epoch: [52][  99/1176]	Time  0.092 ( 0.096)	Data  0.000 ( 0.002)	Loss 0.0000e+00 (0.0000e+00)	Acc@1 100.00 (100.00)	Acc@5 100.00 (100.00)
16-Mar-26 09:40:38 - Epoch: [52][ 199/1176]	Time  0.093 ( 0.095)	Data  0.000 ( 0.001)	Loss 0.0000e+00 (0.0000e+00)	Acc@1 100.00 (100.00)	Acc@5 100.00 (100.00)
16-Mar-26 09:40:48 - Epoch: [52][ 299/1176]	Time  0.096 ( 0.094)	Data  0.000 ( 0.001)	Loss 0.0000e+00 (0.0000e+00)	Acc@1 100.00 (100.00)	Acc@5 100.00 (100.00)
16-Mar-26 09:40:57 - Epoch: [52][ 399/1176]	Time  0.092 ( 0.094)	Data  0.000 ( 0.001)	Loss 0.0000e+00 (0.0000e+00)	Acc@1 100.00 (100.00)	Acc@5 100.00 (100.00)
16-Mar-26 09:41:06 - Epoch: [52][ 499/1176]	Time  0.093 ( 0.094)	Data  0.000 ( 0.001)	Loss 0.0000e+00 (0.0000e+00)	Acc@1 100.00 (100.00)	Acc@5 100.00 (100.00)
16-Mar-26 09:41:16 - Epoch: [52][ 599/1176]	Time  0.092 ( 0.094)	Data  0.000 ( 0.001)	Loss 0.0000e+00 (0.0000e+00)	Acc@1 100.00 (100.00)	Acc@5 100.00 (100.00)
16-Mar-26 09:41:25 - Epoch: [52][ 699/1176]	Time  0.093 ( 0.094)	Data  0.000 ( 0.001)	Loss 0.0000e+00 (0.0000e+00)	Acc@1 100.00 (100.00)	Acc@5 100.00 (100.00)
16-Mar-26 09:41:35 - Epoch: [52][ 799/1176]	Time  0.092 ( 0.094)	Data  0.000 ( 0.000)	Loss 0.0000e+00 (0.0000e+00)	Acc@1 100.00 (100.00)	Acc@5 100.00 (100.00)
16-Mar-26 09:41:44 - Epoch: [52][ 899/1176]	Time  0.092 ( 0.094)	Data  0.000 ( 0.000)	Loss 0.0000e+00 (0.0000e+00)	Acc@1 100.00 (100.00)	Acc@5 100.00 (100.00)
16-Mar-26 09:41:53 - Epoch: [52][ 999/1176]	Time  0.092 ( 0.094)	Data  0.000 ( 0.000)	Loss 0.0000e+00 (0.0000e+00)	Acc@1 100.00 (100.00)	Acc@5 100.00 (100.00)
16-Mar-26 09:42:03 - Epoch: [52][1099/1176]	Time  0.092 ( 0.094)	Data  0.001 ( 0.000)	Loss 0.0000e+00 (0.0000e+00)	Acc@1 100.00 (100.00)	Acc@5 100.00 (100.00)
16-Mar-26 09:42:10 -  @Training * Acc@1 100.000 Acc@5 100.000 Loss 0.000
16-Mar-26 09:42:10 - One training epoch latency: 110.5s | Avg Power: 229.9W | Energy: 25408.0137J
16-Mar-26 09:42:17 -  @Testing * Acc@1 95.139 Acc@5 99.653 Loss 1.191
16-Mar-26 09:42:17 - Best acc at epoch 52: 95.1388931274414
16-Mar-26 09:42:17 - Last learning rate: [4.8828125e-07]
16-Mar-26 09:42:17 - 	 Epoch 53...
16-Mar-26 09:42:27 - Epoch: [53][  99/1176]	Time  0.092 ( 0.098)	Data  0.000 ( 0.002)	Loss 0.0000e+00 (0.0000e+00)	Acc@1 100.00 (100.00)	Acc@5 100.00 (100.00)
16-Mar-26 09:42:36 - Epoch: [53][ 199/1176]	Time  0.093 ( 0.096)	Data  0.001 ( 0.001)	Loss 0.0000e+00 (0.0000e+00)	Acc@1 100.00 (100.00)	Acc@5 100.00 (100.00)
16-Mar-26 09:42:46 - Epoch: [53][ 299/1176]	Time  0.093 ( 0.095)	Data  0.000 ( 0.001)	Loss 0.0000e+00 (0.0000e+00)	Acc@1 100.00 (100.00)	Acc@5 100.00 (100.00)
16-Mar-26 09:42:55 - Epoch: [53][ 399/1176]	Time  0.093 ( 0.095)	Data  0.000 ( 0.001)	Loss 0.0000e+00 (0.0000e+00)	Acc@1 100.00 (100.00)	Acc@5 100.00 (100.00)
16-Mar-26 09:43:05 - Epoch: [53][ 499/1176]	Time  0.106 ( 0.095)	Data  0.000 ( 0.001)	Loss 0.0000e+00 (0.0000e+00)	Acc@1 100.00 (100.00)	Acc@5 100.00 (100.00)
16-Mar-26 09:43:14 - Epoch: [53][ 599/1176]	Time  0.092 ( 0.095)	Data  0.000 ( 0.001)	Loss 0.0000e+00 (0.0000e+00)	Acc@1 100.00 (100.00)	Acc@5 100.00 (100.00)
16-Mar-26 09:43:23 - Epoch: [53][ 699/1176]	Time  0.092 ( 0.094)	Data  0.000 ( 0.001)	Loss 0.0000e+00 (0.0000e+00)	Acc@1 100.00 (100.00)	Acc@5 100.00 (100.00)
16-Mar-26 09:43:33 - Epoch: [53][ 799/1176]	Time  0.092 ( 0.094)	Data  0.000 ( 0.000)	Loss 0.0000e+00 (0.0000e+00)	Acc@1 100.00 (100.00)	Acc@5 100.00 (100.00)
16-Mar-26 09:43:42 - Epoch: [53][ 899/1176]	Time  0.092 ( 0.094)	Data  0.000 ( 0.000)	Loss 0.0000e+00 (0.0000e+00)	Acc@1 100.00 (100.00)	Acc@5 100.00 (100.00)
16-Mar-26 09:43:51 - Epoch: [53][ 999/1176]	Time  0.092 ( 0.094)	Data  0.000 ( 0.000)	Loss 0.0000e+00 (0.0000e+00)	Acc@1 100.00 (100.00)	Acc@5 100.00 (100.00)
16-Mar-26 09:44:01 - Epoch: [53][1099/1176]	Time  0.091 ( 0.094)	Data  0.000 ( 0.000)	Loss 0.0000e+00 (0.0000e+00)	Acc@1 100.00 (100.00)	Acc@5 100.00 (100.00)
16-Mar-26 09:44:08 -  @Training * Acc@1 100.000 Acc@5 100.000 Loss 0.000
16-Mar-26 09:44:08 - One training epoch latency: 110.8s | Avg Power: 228.3W | Energy: 25302.7105J
16-Mar-26 09:44:15 -  @Testing * Acc@1 95.139 Acc@5 99.306 Loss 1.146
16-Mar-26 09:44:15 - Best acc at epoch 53: 95.1388931274414
16-Mar-26 09:44:15 - Last learning rate: [4.8828125e-07]
16-Mar-26 09:44:15 - 	 Epoch 54...
16-Mar-26 09:44:25 - Epoch: [54][  99/1176]	Time  0.093 ( 0.096)	Data  0.000 ( 0.002)	Loss 0.0000e+00 (0.0000e+00)	Acc@1 100.00 (100.00)	Acc@5 100.00 (100.00)
16-Mar-26 09:44:34 - Epoch: [54][ 199/1176]	Time  0.094 ( 0.095)	Data  0.000 ( 0.001)	Loss 0.0000e+00 (0.0000e+00)	Acc@1 100.00 (100.00)	Acc@5 100.00 (100.00)
16-Mar-26 09:44:44 - Epoch: [54][ 299/1176]	Time  0.091 ( 0.095)	Data  0.000 ( 0.001)	Loss 0.0000e+00 (0.0000e+00)	Acc@1 100.00 (100.00)	Acc@5 100.00 (100.00)
16-Mar-26 09:44:53 - Epoch: [54][ 399/1176]	Time  0.092 ( 0.094)	Data  0.000 ( 0.001)	Loss 0.0000e+00 (0.0000e+00)	Acc@1 100.00 (100.00)	Acc@5 100.00 (100.00)
16-Mar-26 09:45:02 - Epoch: [54][ 499/1176]	Time  0.091 ( 0.094)	Data  0.000 ( 0.001)	Loss 0.0000e+00 (0.0000e+00)	Acc@1 100.00 (100.00)	Acc@5 100.00 (100.00)
16-Mar-26 09:45:12 - Epoch: [54][ 599/1176]	Time  0.092 ( 0.094)	Data  0.000 ( 0.001)	Loss 0.0000e+00 (0.0000e+00)	Acc@1 100.00 (100.00)	Acc@5 100.00 (100.00)
16-Mar-26 09:45:21 - Epoch: [54][ 699/1176]	Time  0.092 ( 0.094)	Data  0.001 ( 0.000)	Loss 0.0000e+00 (0.0000e+00)	Acc@1 100.00 (100.00)	Acc@5 100.00 (100.00)
16-Mar-26 09:45:31 - Epoch: [54][ 799/1176]	Time  0.121 ( 0.094)	Data  0.000 ( 0.000)	Loss 0.0000e+00 (0.0000e+00)	Acc@1 100.00 (100.00)	Acc@5 100.00 (100.00)
16-Mar-26 09:45:40 - Epoch: [54][ 899/1176]	Time  0.091 ( 0.094)	Data  0.000 ( 0.000)	Loss 0.0000e+00 (0.0000e+00)	Acc@1 100.00 (100.00)	Acc@5 100.00 (100.00)
16-Mar-26 09:45:49 - Epoch: [54][ 999/1176]	Time  0.093 ( 0.094)	Data  0.000 ( 0.000)	Loss 0.0000e+00 (0.0000e+00)	Acc@1 100.00 (100.00)	Acc@5 100.00 (100.00)
16-Mar-26 09:45:59 - Epoch: [54][1099/1176]	Time  0.091 ( 0.094)	Data  0.000 ( 0.000)	Loss 0.0000e+00 (0.0000e+00)	Acc@1 100.00 (100.00)	Acc@5 100.00 (100.00)
16-Mar-26 09:46:06 -  @Training * Acc@1 100.000 Acc@5 100.000 Loss 0.000
16-Mar-26 09:46:06 - One training epoch latency: 110.7s | Avg Power: 230.8W | Energy: 25549.5956J
16-Mar-26 09:46:13 -  @Testing * Acc@1 94.444 Acc@5 99.306 Loss 1.165
16-Mar-26 09:46:13 - Best acc at epoch 54: 95.1388931274414
16-Mar-26 09:46:13 - Last learning rate: [4.8828125e-07]
16-Mar-26 09:46:13 - 	 Epoch 55...
16-Mar-26 09:46:23 - Epoch: [55][  99/1176]	Time  0.093 ( 0.096)	Data  0.001 ( 0.002)	Loss 0.0000e+00 (0.0000e+00)	Acc@1 100.00 (100.00)	Acc@5 100.00 (100.00)
16-Mar-26 09:46:32 - Epoch: [55][ 199/1176]	Time  0.092 ( 0.095)	Data  0.000 ( 0.001)	Loss 0.0000e+00 (0.0000e+00)	Acc@1 100.00 (100.00)	Acc@5 100.00 (100.00)
16-Mar-26 09:46:41 - Epoch: [55][ 299/1176]	Time  0.090 ( 0.095)	Data  0.000 ( 0.001)	Loss 0.0000e+00 (0.0000e+00)	Acc@1 100.00 (100.00)	Acc@5 100.00 (100.00)
16-Mar-26 09:46:51 - Epoch: [55][ 399/1176]	Time  0.094 ( 0.094)	Data  0.000 ( 0.001)	Loss 0.0000e+00 (0.0000e+00)	Acc@1 100.00 (100.00)	Acc@5 100.00 (100.00)
16-Mar-26 09:47:00 - Epoch: [55][ 499/1176]	Time  0.093 ( 0.094)	Data  0.000 ( 0.001)	Loss 0.0000e+00 (0.0000e+00)	Acc@1 100.00 (100.00)	Acc@5 100.00 (100.00)
16-Mar-26 09:47:10 - Epoch: [55][ 599/1176]	Time  0.093 ( 0.094)	Data  0.000 ( 0.001)	Loss 0.0000e+00 (0.0000e+00)	Acc@1 100.00 (100.00)	Acc@5 100.00 (100.00)
16-Mar-26 09:47:19 - Epoch: [55][ 699/1176]	Time  0.093 ( 0.094)	Data  0.001 ( 0.001)	Loss 0.0000e+00 (0.0000e+00)	Acc@1 100.00 (100.00)	Acc@5 100.00 (100.00)
16-Mar-26 09:47:28 - Epoch: [55][ 799/1176]	Time  0.093 ( 0.094)	Data  0.001 ( 0.001)	Loss 0.0000e+00 (0.0000e+00)	Acc@1 100.00 (100.00)	Acc@5 100.00 (100.00)
16-Mar-26 09:47:38 - Epoch: [55][ 899/1176]	Time  0.091 ( 0.094)	Data  0.000 ( 0.001)	Loss 0.0000e+00 (0.0000e+00)	Acc@1 100.00 (100.00)	Acc@5 100.00 (100.00)
16-Mar-26 09:47:47 - Epoch: [55][ 999/1176]	Time  0.091 ( 0.094)	Data  0.000 ( 0.001)	Loss 0.0000e+00 (0.0000e+00)	Acc@1 100.00 (100.00)	Acc@5 100.00 (100.00)
16-Mar-26 09:47:57 - Epoch: [55][1099/1176]	Time  0.118 ( 0.094)	Data  0.000 ( 0.000)	Loss 0.0000e+00 (0.0000e+00)	Acc@1 100.00 (100.00)	Acc@5 100.00 (100.00)
16-Mar-26 09:48:04 -  @Training * Acc@1 100.000 Acc@5 100.000 Loss 0.000
16-Mar-26 09:48:04 - One training epoch latency: 110.8s | Avg Power: 228.8W | Energy: 25349.9172J
16-Mar-26 09:48:11 -  @Testing * Acc@1 94.792 Acc@5 99.306 Loss 1.218
16-Mar-26 09:48:11 - Best acc at epoch 55: 95.1388931274414
16-Mar-26 09:48:11 - Last learning rate: [4.8828125e-07]
16-Mar-26 09:48:11 - 	 Epoch 56...
16-Mar-26 09:48:21 - Epoch: [56][  99/1176]	Time  0.101 ( 0.096)	Data  0.000 ( 0.002)	Loss 0.0000e+00 (0.0000e+00)	Acc@1 100.00 (100.00)	Acc@5 100.00 (100.00)
16-Mar-26 09:48:30 - Epoch: [56][ 199/1176]	Time  0.092 ( 0.095)	Data  0.000 ( 0.001)	Loss 0.0000e+00 (0.0000e+00)	Acc@1 100.00 (100.00)	Acc@5 100.00 (100.00)
16-Mar-26 09:48:39 - Epoch: [56][ 299/1176]	Time  0.093 ( 0.095)	Data  0.000 ( 0.001)	Loss 0.0000e+00 (0.0000e+00)	Acc@1 100.00 (100.00)	Acc@5 100.00 (100.00)
16-Mar-26 09:48:49 - Epoch: [56][ 399/1176]	Time  0.090 ( 0.094)	Data  0.000 ( 0.001)	Loss 0.0000e+00 (0.0000e+00)	Acc@1 100.00 (100.00)	Acc@5 100.00 (100.00)
16-Mar-26 09:48:58 - Epoch: [56][ 499/1176]	Time  0.092 ( 0.094)	Data  0.000 ( 0.001)	Loss 0.0000e+00 (0.0000e+00)	Acc@1 100.00 (100.00)	Acc@5 100.00 (100.00)
16-Mar-26 09:49:08 - Epoch: [56][ 599/1176]	Time  0.090 ( 0.094)	Data  0.000 ( 0.001)	Loss 0.0000e+00 (0.0000e+00)	Acc@1 100.00 (100.00)	Acc@5 100.00 (100.00)
16-Mar-26 09:49:17 - Epoch: [56][ 699/1176]	Time  0.095 ( 0.094)	Data  0.000 ( 0.001)	Loss 0.0000e+00 (0.0000e+00)	Acc@1 100.00 (100.00)	Acc@5 100.00 (100.00)
16-Mar-26 09:49:26 - Epoch: [56][ 799/1176]	Time  0.093 ( 0.094)	Data  0.000 ( 0.000)	Loss 0.0000e+00 (0.0000e+00)	Acc@1 100.00 (100.00)	Acc@5 100.00 (100.00)
16-Mar-26 09:49:36 - Epoch: [56][ 899/1176]	Time  0.093 ( 0.094)	Data  0.000 ( 0.000)	Loss 0.0000e+00 (0.0000e+00)	Acc@1 100.00 (100.00)	Acc@5 100.00 (100.00)
16-Mar-26 09:49:45 - Epoch: [56][ 999/1176]	Time  0.093 ( 0.094)	Data  0.000 ( 0.000)	Loss 0.0000e+00 (0.0000e+00)	Acc@1 100.00 (100.00)	Acc@5 100.00 (100.00)
16-Mar-26 09:49:54 - Epoch: [56][1099/1176]	Time  0.092 ( 0.094)	Data  0.000 ( 0.000)	Loss 0.0000e+00 (0.0000e+00)	Acc@1 100.00 (100.00)	Acc@5 100.00 (100.00)
16-Mar-26 09:50:02 -  @Training * Acc@1 100.000 Acc@5 100.000 Loss 0.000
16-Mar-26 09:50:02 - One training epoch latency: 110.6s | Avg Power: 230.3W | Energy: 25469.7935J
16-Mar-26 09:50:09 -  @Testing * Acc@1 94.792 Acc@5 99.306 Loss 1.242
16-Mar-26 09:50:09 - Best acc at epoch 56: 95.1388931274414
16-Mar-26 09:50:09 - Last learning rate: [4.8828125e-07]
16-Mar-26 09:50:09 - 	 Epoch 57...
16-Mar-26 09:50:18 - Epoch: [57][  99/1176]	Time  0.102 ( 0.095)	Data  0.000 ( 0.002)	Loss 0.0000e+00 (0.0000e+00)	Acc@1 100.00 (100.00)	Acc@5 100.00 (100.00)
16-Mar-26 09:50:27 - Epoch: [57][ 199/1176]	Time  0.093 ( 0.094)	Data  0.000 ( 0.001)	Loss 0.0000e+00 (0.0000e+00)	Acc@1 100.00 (100.00)	Acc@5 100.00 (100.00)
16-Mar-26 09:50:37 - Epoch: [57][ 299/1176]	Time  0.092 ( 0.094)	Data  0.000 ( 0.001)	Loss 0.0000e+00 (0.0000e+00)	Acc@1 100.00 (100.00)	Acc@5 100.00 (100.00)
16-Mar-26 09:50:46 - Epoch: [57][ 399/1176]	Time  0.090 ( 0.094)	Data  0.000 ( 0.001)	Loss 0.0000e+00 (0.0000e+00)	Acc@1 100.00 (100.00)	Acc@5 100.00 (100.00)
16-Mar-26 09:50:55 - Epoch: [57][ 499/1176]	Time  0.092 ( 0.094)	Data  0.000 ( 0.001)	Loss 0.0000e+00 (0.0000e+00)	Acc@1 100.00 (100.00)	Acc@5 100.00 (100.00)
16-Mar-26 09:51:05 - Epoch: [57][ 599/1176]	Time  0.089 ( 0.094)	Data  0.000 ( 0.001)	Loss 0.0000e+00 (0.0000e+00)	Acc@1 100.00 (100.00)	Acc@5 100.00 (100.00)
16-Mar-26 09:51:14 - Epoch: [57][ 699/1176]	Time  0.092 ( 0.094)	Data  0.000 ( 0.001)	Loss 0.0000e+00 (0.0000e+00)	Acc@1 100.00 (100.00)	Acc@5 100.00 (100.00)
16-Mar-26 09:51:23 - Epoch: [57][ 799/1176]	Time  0.095 ( 0.094)	Data  0.000 ( 0.000)	Loss 0.0000e+00 (0.0000e+00)	Acc@1 100.00 (100.00)	Acc@5 100.00 (100.00)
16-Mar-26 09:51:33 - Epoch: [57][ 899/1176]	Time  0.090 ( 0.093)	Data  0.000 ( 0.000)	Loss 0.0000e+00 (0.0000e+00)	Acc@1 100.00 (100.00)	Acc@5 100.00 (100.00)
16-Mar-26 09:51:42 - Epoch: [57][ 999/1176]	Time  0.090 ( 0.093)	Data  0.000 ( 0.000)	Loss 0.0000e+00 (0.0000e+00)	Acc@1 100.00 (100.00)	Acc@5 100.00 (100.00)
16-Mar-26 09:51:51 - Epoch: [57][1099/1176]	Time  0.092 ( 0.093)	Data  0.000 ( 0.000)	Loss 0.0000e+00 (0.0000e+00)	Acc@1 100.00 (100.00)	Acc@5 100.00 (100.00)
16-Mar-26 09:51:59 -  @Training * Acc@1 100.000 Acc@5 100.000 Loss 0.000
16-Mar-26 09:51:59 - One training epoch latency: 110.1s | Avg Power: 231.0W | Energy: 25425.4237J
16-Mar-26 09:52:06 -  @Testing * Acc@1 95.139 Acc@5 99.306 Loss 1.210
16-Mar-26 09:52:06 - Best acc at epoch 57: 95.1388931274414
16-Mar-26 09:52:06 - Last learning rate: [4.8828125e-07]
16-Mar-26 09:52:06 - 	 Epoch 58...
16-Mar-26 09:52:15 - Epoch: [58][  99/1176]	Time  0.093 ( 0.096)	Data  0.000 ( 0.002)	Loss 0.0000e+00 (0.0000e+00)	Acc@1 100.00 (100.00)	Acc@5 100.00 (100.00)
16-Mar-26 09:52:25 - Epoch: [58][ 199/1176]	Time  0.092 ( 0.095)	Data  0.000 ( 0.001)	Loss 0.0000e+00 (0.0000e+00)	Acc@1 100.00 (100.00)	Acc@5 100.00 (100.00)
16-Mar-26 09:52:34 - Epoch: [58][ 299/1176]	Time  0.092 ( 0.094)	Data  0.001 ( 0.001)	Loss 0.0000e+00 (0.0000e+00)	Acc@1 100.00 (100.00)	Acc@5 100.00 (100.00)
16-Mar-26 09:52:43 - Epoch: [58][ 399/1176]	Time  0.091 ( 0.094)	Data  0.000 ( 0.001)	Loss 0.0000e+00 (0.0000e+00)	Acc@1 100.00 (100.00)	Acc@5 100.00 (100.00)
16-Mar-26 09:52:53 - Epoch: [58][ 499/1176]	Time  0.091 ( 0.094)	Data  0.000 ( 0.001)	Loss 0.0000e+00 (0.0000e+00)	Acc@1 100.00 (100.00)	Acc@5 100.00 (100.00)
16-Mar-26 09:53:02 - Epoch: [58][ 599/1176]	Time  0.091 ( 0.094)	Data  0.000 ( 0.000)	Loss 0.0000e+00 (0.0000e+00)	Acc@1 100.00 (100.00)	Acc@5 100.00 (100.00)
16-Mar-26 09:53:12 - Epoch: [58][ 699/1176]	Time  0.091 ( 0.094)	Data  0.000 ( 0.000)	Loss 0.0000e+00 (0.0000e+00)	Acc@1 100.00 (100.00)	Acc@5 100.00 (100.00)
16-Mar-26 09:53:21 - Epoch: [58][ 799/1176]	Time  0.090 ( 0.094)	Data  0.000 ( 0.000)	Loss 0.0000e+00 (0.0000e+00)	Acc@1 100.00 (100.00)	Acc@5 100.00 (100.00)
16-Mar-26 09:53:30 - Epoch: [58][ 899/1176]	Time  0.090 ( 0.094)	Data  0.000 ( 0.000)	Loss 0.0000e+00 (0.0000e+00)	Acc@1 100.00 (100.00)	Acc@5 100.00 (100.00)
16-Mar-26 09:53:40 - Epoch: [58][ 999/1176]	Time  0.093 ( 0.094)	Data  0.000 ( 0.000)	Loss 0.0000e+00 (0.0000e+00)	Acc@1 100.00 (100.00)	Acc@5 100.00 (100.00)
16-Mar-26 09:53:49 - Epoch: [58][1099/1176]	Time  0.092 ( 0.094)	Data  0.000 ( 0.000)	Loss 0.0000e+00 (0.0000e+00)	Acc@1 100.00 (100.00)	Acc@5 100.00 (100.00)
16-Mar-26 09:53:56 -  @Training * Acc@1 100.000 Acc@5 100.000 Loss 0.000
16-Mar-26 09:53:57 - One training epoch latency: 110.6s | Avg Power: 228.8W | Energy: 25302.4631J
16-Mar-26 09:54:04 -  @Testing * Acc@1 94.792 Acc@5 99.306 Loss 1.225
16-Mar-26 09:54:04 - Best acc at epoch 58: 95.1388931274414
16-Mar-26 09:54:04 - Last learning rate: [2.44140625e-07]
16-Mar-26 09:54:04 - 	 Epoch 59...
16-Mar-26 09:54:13 - Epoch: [59][  99/1176]	Time  0.091 ( 0.096)	Data  0.000 ( 0.002)	Loss 0.0000e+00 (0.0000e+00)	Acc@1 100.00 (100.00)	Acc@5 100.00 (100.00)
16-Mar-26 09:54:23 - Epoch: [59][ 199/1176]	Time  0.095 ( 0.095)	Data  0.000 ( 0.001)	Loss 0.0000e+00 (0.0000e+00)	Acc@1 100.00 (100.00)	Acc@5 100.00 (100.00)
16-Mar-26 09:54:32 - Epoch: [59][ 299/1176]	Time  0.093 ( 0.095)	Data  0.000 ( 0.001)	Loss 0.0000e+00 (0.0000e+00)	Acc@1 100.00 (100.00)	Acc@5 100.00 (100.00)
16-Mar-26 09:54:41 - Epoch: [59][ 399/1176]	Time  0.090 ( 0.095)	Data  0.000 ( 0.001)	Loss 0.0000e+00 (0.0000e+00)	Acc@1 100.00 (100.00)	Acc@5 100.00 (100.00)
16-Mar-26 09:54:51 - Epoch: [59][ 499/1176]	Time  0.093 ( 0.094)	Data  0.000 ( 0.001)	Loss 0.0000e+00 (0.0000e+00)	Acc@1 100.00 (100.00)	Acc@5 100.00 (100.00)
16-Mar-26 09:55:00 - Epoch: [59][ 599/1176]	Time  0.090 ( 0.094)	Data  0.000 ( 0.001)	Loss 0.0000e+00 (0.0000e+00)	Acc@1 100.00 (100.00)	Acc@5 100.00 (100.00)
16-Mar-26 09:55:10 - Epoch: [59][ 699/1176]	Time  0.095 ( 0.094)	Data  0.000 ( 0.001)	Loss 0.0000e+00 (0.0000e+00)	Acc@1 100.00 (100.00)	Acc@5 100.00 (100.00)
16-Mar-26 09:55:19 - Epoch: [59][ 799/1176]	Time  0.093 ( 0.094)	Data  0.000 ( 0.000)	Loss 0.0000e+00 (0.0000e+00)	Acc@1 100.00 (100.00)	Acc@5 100.00 (100.00)
16-Mar-26 09:55:28 - Epoch: [59][ 899/1176]	Time  0.096 ( 0.094)	Data  0.000 ( 0.000)	Loss 0.0000e+00 (0.0000e+00)	Acc@1 100.00 (100.00)	Acc@5 100.00 (100.00)
16-Mar-26 09:55:38 - Epoch: [59][ 999/1176]	Time  0.093 ( 0.094)	Data  0.001 ( 0.000)	Loss 0.0000e+00 (0.0000e+00)	Acc@1 100.00 (100.00)	Acc@5 100.00 (100.00)
16-Mar-26 09:55:47 - Epoch: [59][1099/1176]	Time  0.093 ( 0.094)	Data  0.000 ( 0.000)	Loss 0.0000e+00 (0.0000e+00)	Acc@1 100.00 (100.00)	Acc@5 100.00 (100.00)
16-Mar-26 09:55:54 -  @Training * Acc@1 100.000 Acc@5 100.000 Loss 0.000
16-Mar-26 09:55:55 - One training epoch latency: 110.8s | Avg Power: 230.3W | Energy: 25511.8362J
16-Mar-26 09:56:02 -  @Testing * Acc@1 95.139 Acc@5 99.306 Loss 1.195
16-Mar-26 09:56:02 - Best acc at epoch 59: 95.1388931274414
16-Mar-26 09:56:02 - Last learning rate: [2.44140625e-07]
16-Mar-26 09:56:02 - 	 Epoch 60...
16-Mar-26 09:56:11 - Epoch: [60][  99/1176]	Time  0.093 ( 0.096)	Data  0.000 ( 0.002)	Loss 0.0000e+00 (0.0000e+00)	Acc@1 100.00 (100.00)	Acc@5 100.00 (100.00)
16-Mar-26 09:56:21 - Epoch: [60][ 199/1176]	Time  0.120 ( 0.095)	Data  0.012 ( 0.001)	Loss 0.0000e+00 (0.0000e+00)	Acc@1 100.00 (100.00)	Acc@5 100.00 (100.00)
16-Mar-26 09:56:30 - Epoch: [60][ 299/1176]	Time  0.093 ( 0.094)	Data  0.000 ( 0.001)	Loss 0.0000e+00 (0.0000e+00)	Acc@1 100.00 (100.00)	Acc@5 100.00 (100.00)
16-Mar-26 09:56:39 - Epoch: [60][ 399/1176]	Time  0.093 ( 0.094)	Data  0.000 ( 0.001)	Loss 0.0000e+00 (0.0000e+00)	Acc@1 100.00 (100.00)	Acc@5 100.00 (100.00)
16-Mar-26 09:56:49 - Epoch: [60][ 499/1176]	Time  0.092 ( 0.094)	Data  0.000 ( 0.001)	Loss 0.0000e+00 (0.0000e+00)	Acc@1 100.00 (100.00)	Acc@5 100.00 (100.00)
16-Mar-26 09:56:58 - Epoch: [60][ 599/1176]	Time  0.091 ( 0.094)	Data  0.000 ( 0.001)	Loss 0.0000e+00 (0.0000e+00)	Acc@1 100.00 (100.00)	Acc@5 100.00 (100.00)
16-Mar-26 09:57:08 - Epoch: [60][ 699/1176]	Time  0.109 ( 0.094)	Data  0.000 ( 0.001)	Loss 0.0000e+00 (0.0000e+00)	Acc@1 100.00 (100.00)	Acc@5 100.00 (100.00)
16-Mar-26 09:57:17 - Epoch: [60][ 799/1176]	Time  0.092 ( 0.094)	Data  0.000 ( 0.001)	Loss 0.0000e+00 (0.0000e+00)	Acc@1 100.00 (100.00)	Acc@5 100.00 (100.00)
16-Mar-26 09:57:26 - Epoch: [60][ 899/1176]	Time  0.092 ( 0.094)	Data  0.000 ( 0.000)	Loss 0.0000e+00 (0.0000e+00)	Acc@1 100.00 (100.00)	Acc@5 100.00 (100.00)
16-Mar-26 09:57:36 - Epoch: [60][ 999/1176]	Time  0.093 ( 0.094)	Data  0.000 ( 0.000)	Loss 0.0000e+00 (0.0000e+00)	Acc@1 100.00 (100.00)	Acc@5 100.00 (100.00)
16-Mar-26 09:57:45 - Epoch: [60][1099/1176]	Time  0.093 ( 0.094)	Data  0.000 ( 0.000)	Loss 0.0000e+00 (0.0000e+00)	Acc@1 100.00 (100.00)	Acc@5 100.00 (100.00)
16-Mar-26 09:57:52 -  @Training * Acc@1 100.000 Acc@5 100.000 Loss 0.000
16-Mar-26 09:57:52 - One training epoch latency: 110.6s | Avg Power: 229.5W | Energy: 25378.2509J
16-Mar-26 09:58:00 -  @Testing * Acc@1 94.792 Acc@5 99.306 Loss 1.204
16-Mar-26 09:58:00 - Best acc at epoch 60: 95.1388931274414
16-Mar-26 09:58:00 - Last learning rate: [2.44140625e-07]
16-Mar-26 09:58:00 - 	 Epoch 61...
16-Mar-26 09:58:09 - Epoch: [61][  99/1176]	Time  0.091 ( 0.096)	Data  0.000 ( 0.002)	Loss 0.0000e+00 (0.0000e+00)	Acc@1 100.00 (100.00)	Acc@5 100.00 (100.00)
16-Mar-26 09:58:19 - Epoch: [61][ 199/1176]	Time  0.102 ( 0.095)	Data  0.001 ( 0.001)	Loss 0.0000e+00 (0.0000e+00)	Acc@1 100.00 (100.00)	Acc@5 100.00 (100.00)
16-Mar-26 09:58:28 - Epoch: [61][ 299/1176]	Time  0.092 ( 0.095)	Data  0.000 ( 0.001)	Loss 0.0000e+00 (0.0000e+00)	Acc@1 100.00 (100.00)	Acc@5 100.00 (100.00)
16-Mar-26 09:58:37 - Epoch: [61][ 399/1176]	Time  0.093 ( 0.095)	Data  0.000 ( 0.001)	Loss 0.0000e+00 (0.0000e+00)	Acc@1 100.00 (100.00)	Acc@5 100.00 (100.00)
16-Mar-26 09:58:47 - Epoch: [61][ 499/1176]	Time  0.091 ( 0.094)	Data  0.000 ( 0.001)	Loss 0.0000e+00 (0.0000e+00)	Acc@1 100.00 (100.00)	Acc@5 100.00 (100.00)
16-Mar-26 09:58:56 - Epoch: [61][ 599/1176]	Time  0.093 ( 0.094)	Data  0.001 ( 0.001)	Loss 0.0000e+00 (0.0000e+00)	Acc@1 100.00 (100.00)	Acc@5 100.00 (100.00)
16-Mar-26 09:59:06 - Epoch: [61][ 699/1176]	Time  0.107 ( 0.094)	Data  0.000 ( 0.001)	Loss 0.0000e+00 (0.0000e+00)	Acc@1 100.00 (100.00)	Acc@5 100.00 (100.00)
16-Mar-26 09:59:15 - Epoch: [61][ 799/1176]	Time  0.095 ( 0.094)	Data  0.000 ( 0.000)	Loss 0.0000e+00 (0.0000e+00)	Acc@1 100.00 (100.00)	Acc@5 100.00 (100.00)
16-Mar-26 09:59:24 - Epoch: [61][ 899/1176]	Time  0.092 ( 0.094)	Data  0.000 ( 0.000)	Loss 0.0000e+00 (0.0000e+00)	Acc@1 100.00 (100.00)	Acc@5 100.00 (100.00)
16-Mar-26 09:59:34 - Epoch: [61][ 999/1176]	Time  0.094 ( 0.094)	Data  0.000 ( 0.000)	Loss 0.0000e+00 (0.0000e+00)	Acc@1 100.00 (100.00)	Acc@5 100.00 (100.00)
16-Mar-26 09:59:43 - Epoch: [61][1099/1176]	Time  0.091 ( 0.094)	Data  0.000 ( 0.000)	Loss 0.0000e+00 (0.0000e+00)	Acc@1 100.00 (100.00)	Acc@5 100.00 (100.00)
16-Mar-26 09:59:50 -  @Training * Acc@1 100.000 Acc@5 100.000 Loss 0.000
16-Mar-26 09:59:51 - One training epoch latency: 110.9s | Avg Power: 227.8W | Energy: 25258.6098J
16-Mar-26 09:59:58 -  @Testing * Acc@1 95.139 Acc@5 99.306 Loss 1.202
16-Mar-26 09:59:58 - Best acc at epoch 61: 95.1388931274414
16-Mar-26 09:59:58 - Last learning rate: [2.44140625e-07]
16-Mar-26 09:59:58 - 	 Epoch 62...
16-Mar-26 10:00:07 - Epoch: [62][  99/1176]	Time  0.092 ( 0.096)	Data  0.001 ( 0.002)	Loss 0.0000e+00 (0.0000e+00)	Acc@1 100.00 (100.00)	Acc@5 100.00 (100.00)
16-Mar-26 10:00:17 - Epoch: [62][ 199/1176]	Time  0.092 ( 0.095)	Data  0.000 ( 0.001)	Loss 0.0000e+00 (0.0000e+00)	Acc@1 100.00 (100.00)	Acc@5 100.00 (100.00)
16-Mar-26 10:00:26 - Epoch: [62][ 299/1176]	Time  0.092 ( 0.094)	Data  0.000 ( 0.001)	Loss 0.0000e+00 (0.0000e+00)	Acc@1 100.00 (100.00)	Acc@5 100.00 (100.00)
16-Mar-26 10:00:35 - Epoch: [62][ 399/1176]	Time  0.092 ( 0.094)	Data  0.000 ( 0.001)	Loss 0.0000e+00 (0.0000e+00)	Acc@1 100.00 (100.00)	Acc@5 100.00 (100.00)
16-Mar-26 10:00:45 - Epoch: [62][ 499/1176]	Time  0.093 ( 0.094)	Data  0.001 ( 0.001)	Loss 0.0000e+00 (0.0000e+00)	Acc@1 100.00 (100.00)	Acc@5 100.00 (100.00)
16-Mar-26 10:00:54 - Epoch: [62][ 599/1176]	Time  0.092 ( 0.094)	Data  0.000 ( 0.001)	Loss 0.0000e+00 (0.0000e+00)	Acc@1 100.00 (100.00)	Acc@5 100.00 (100.00)
16-Mar-26 10:01:04 - Epoch: [62][ 699/1176]	Time  0.092 ( 0.094)	Data  0.000 ( 0.000)	Loss 0.0000e+00 (0.0000e+00)	Acc@1 100.00 (100.00)	Acc@5 100.00 (100.00)
16-Mar-26 10:01:13 - Epoch: [62][ 799/1176]	Time  0.091 ( 0.094)	Data  0.000 ( 0.000)	Loss 0.0000e+00 (0.0000e+00)	Acc@1 100.00 (100.00)	Acc@5 100.00 (100.00)
16-Mar-26 10:01:22 - Epoch: [62][ 899/1176]	Time  0.093 ( 0.094)	Data  0.000 ( 0.000)	Loss 0.0000e+00 (0.0000e+00)	Acc@1 100.00 (100.00)	Acc@5 100.00 (100.00)
16-Mar-26 10:01:32 - Epoch: [62][ 999/1176]	Time  0.093 ( 0.094)	Data  0.000 ( 0.000)	Loss 0.0000e+00 (0.0000e+00)	Acc@1 100.00 (100.00)	Acc@5 100.00 (100.00)
16-Mar-26 10:01:41 - Epoch: [62][1099/1176]	Time  0.092 ( 0.094)	Data  0.000 ( 0.000)	Loss 0.0000e+00 (0.0000e+00)	Acc@1 100.00 (100.00)	Acc@5 100.00 (100.00)
16-Mar-26 10:01:48 -  @Training * Acc@1 100.000 Acc@5 100.000 Loss 0.000
16-Mar-26 10:01:48 - One training epoch latency: 110.6s | Avg Power: 230.7W | Energy: 25525.0175J
16-Mar-26 10:01:55 -  @Testing * Acc@1 95.139 Acc@5 99.306 Loss 1.230
16-Mar-26 10:01:55 - Best acc at epoch 62: 95.1388931274414
16-Mar-26 10:01:56 - Last learning rate: [2.44140625e-07]
16-Mar-26 10:01:56 - 	 Epoch 63...
16-Mar-26 10:02:05 - Epoch: [63][  99/1176]	Time  0.093 ( 0.096)	Data  0.000 ( 0.002)	Loss 0.0000e+00 (0.0000e+00)	Acc@1 100.00 (100.00)	Acc@5 100.00 (100.00)
16-Mar-26 10:02:15 - Epoch: [63][ 199/1176]	Time  0.099 ( 0.095)	Data  0.000 ( 0.001)	Loss 0.0000e+00 (0.0000e+00)	Acc@1 100.00 (100.00)	Acc@5 100.00 (100.00)
16-Mar-26 10:02:24 - Epoch: [63][ 299/1176]	Time  0.093 ( 0.095)	Data  0.000 ( 0.001)	Loss 0.0000e+00 (0.0000e+00)	Acc@1 100.00 (100.00)	Acc@5 100.00 (100.00)
16-Mar-26 10:02:33 - Epoch: [63][ 399/1176]	Time  0.092 ( 0.095)	Data  0.000 ( 0.001)	Loss 0.0000e+00 (0.0000e+00)	Acc@1 100.00 (100.00)	Acc@5 100.00 (100.00)
16-Mar-26 10:02:43 - Epoch: [63][ 499/1176]	Time  0.093 ( 0.094)	Data  0.000 ( 0.001)	Loss 0.0000e+00 (0.0000e+00)	Acc@1 100.00 (100.00)	Acc@5 100.00 (100.00)
16-Mar-26 10:02:52 - Epoch: [63][ 599/1176]	Time  0.091 ( 0.094)	Data  0.000 ( 0.001)	Loss 0.0000e+00 (0.0000e+00)	Acc@1 100.00 (100.00)	Acc@5 100.00 (100.00)
16-Mar-26 10:03:02 - Epoch: [63][ 699/1176]	Time  0.103 ( 0.094)	Data  0.000 ( 0.001)	Loss 0.0000e+00 (0.0000e+00)	Acc@1 100.00 (100.00)	Acc@5 100.00 (100.00)
16-Mar-26 10:03:11 - Epoch: [63][ 799/1176]	Time  0.093 ( 0.094)	Data  0.000 ( 0.000)	Loss 0.0000e+00 (0.0000e+00)	Acc@1 100.00 (100.00)	Acc@5 100.00 (100.00)
16-Mar-26 10:03:20 - Epoch: [63][ 899/1176]	Time  0.093 ( 0.094)	Data  0.000 ( 0.000)	Loss 0.0000e+00 (0.0000e+00)	Acc@1 100.00 (100.00)	Acc@5 100.00 (100.00)
16-Mar-26 10:03:30 - Epoch: [63][ 999/1176]	Time  0.098 ( 0.094)	Data  0.000 ( 0.000)	Loss 0.0000e+00 (0.0000e+00)	Acc@1 100.00 (100.00)	Acc@5 100.00 (100.00)
16-Mar-26 10:03:39 - Epoch: [63][1099/1176]	Time  0.093 ( 0.094)	Data  0.000 ( 0.000)	Loss 0.0000e+00 (0.0000e+00)	Acc@1 100.00 (100.00)	Acc@5 100.00 (100.00)
16-Mar-26 10:03:46 -  @Training * Acc@1 100.000 Acc@5 100.000 Loss 0.000
16-Mar-26 10:03:46 - One training epoch latency: 110.7s | Avg Power: 229.0W | Energy: 25351.5402J
16-Mar-26 10:03:54 -  @Testing * Acc@1 94.792 Acc@5 99.306 Loss 1.228
16-Mar-26 10:03:54 - Best acc at epoch 63: 95.1388931274414
16-Mar-26 10:03:54 - Last learning rate: [2.44140625e-07]
16-Mar-26 10:03:54 - 	 Epoch 64...
16-Mar-26 10:04:03 - Epoch: [64][  99/1176]	Time  0.093 ( 0.096)	Data  0.000 ( 0.002)	Loss 0.0000e+00 (0.0000e+00)	Acc@1 100.00 (100.00)	Acc@5 100.00 (100.00)
16-Mar-26 10:04:13 - Epoch: [64][ 199/1176]	Time  0.098 ( 0.095)	Data  0.000 ( 0.001)	Loss 0.0000e+00 (0.0000e+00)	Acc@1 100.00 (100.00)	Acc@5 100.00 (100.00)
16-Mar-26 10:04:22 - Epoch: [64][ 299/1176]	Time  0.092 ( 0.094)	Data  0.000 ( 0.001)	Loss 0.0000e+00 (0.0000e+00)	Acc@1 100.00 (100.00)	Acc@5 100.00 (100.00)
16-Mar-26 10:04:31 - Epoch: [64][ 399/1176]	Time  0.092 ( 0.094)	Data  0.001 ( 0.001)	Loss 0.0000e+00 (0.0000e+00)	Acc@1 100.00 (100.00)	Acc@5 100.00 (100.00)
16-Mar-26 10:04:41 - Epoch: [64][ 499/1176]	Time  0.095 ( 0.094)	Data  0.001 ( 0.001)	Loss 0.0000e+00 (0.0000e+00)	Acc@1 100.00 (100.00)	Acc@5 100.00 (100.00)
16-Mar-26 10:04:50 - Epoch: [64][ 599/1176]	Time  0.091 ( 0.094)	Data  0.000 ( 0.001)	Loss 0.0000e+00 (0.0000e+00)	Acc@1 100.00 (100.00)	Acc@5 100.00 (100.00)
16-Mar-26 10:04:59 - Epoch: [64][ 699/1176]	Time  0.093 ( 0.094)	Data  0.000 ( 0.001)	Loss 0.0000e+00 (0.0000e+00)	Acc@1 100.00 (100.00)	Acc@5 100.00 (100.00)
16-Mar-26 10:05:09 - Epoch: [64][ 799/1176]	Time  0.094 ( 0.094)	Data  0.001 ( 0.000)	Loss 0.0000e+00 (0.0000e+00)	Acc@1 100.00 (100.00)	Acc@5 100.00 (100.00)
16-Mar-26 10:05:18 - Epoch: [64][ 899/1176]	Time  0.095 ( 0.094)	Data  0.000 ( 0.000)	Loss 0.0000e+00 (0.0000e+00)	Acc@1 100.00 (100.00)	Acc@5 100.00 (100.00)
16-Mar-26 10:05:28 - Epoch: [64][ 999/1176]	Time  0.104 ( 0.094)	Data  0.000 ( 0.000)	Loss 0.0000e+00 (0.0000e+00)	Acc@1 100.00 (100.00)	Acc@5 100.00 (100.00)
16-Mar-26 10:05:37 - Epoch: [64][1099/1176]	Time  0.094 ( 0.094)	Data  0.000 ( 0.000)	Loss 0.0000e+00 (0.0000e+00)	Acc@1 100.00 (100.00)	Acc@5 100.00 (100.00)
16-Mar-26 10:05:44 -  @Training * Acc@1 100.000 Acc@5 100.000 Loss 0.000
16-Mar-26 10:05:44 - One training epoch latency: 110.5s | Avg Power: 228.7W | Energy: 25278.0986J
16-Mar-26 10:05:51 -  @Testing * Acc@1 95.139 Acc@5 99.306 Loss 1.191
16-Mar-26 10:05:51 - Best acc at epoch 64: 95.1388931274414
16-Mar-26 10:05:51 - Last learning rate: [1.220703125e-07]
16-Mar-26 10:05:51 - 	 Epoch 65...
16-Mar-26 10:06:01 - Epoch: [65][  99/1176]	Time  0.093 ( 0.096)	Data  0.000 ( 0.002)	Loss 0.0000e+00 (0.0000e+00)	Acc@1 100.00 (100.00)	Acc@5 100.00 (100.00)
16-Mar-26 10:06:10 - Epoch: [65][ 199/1176]	Time  0.093 ( 0.095)	Data  0.000 ( 0.001)	Loss 0.0000e+00 (0.0000e+00)	Acc@1 100.00 (100.00)	Acc@5 100.00 (100.00)
16-Mar-26 10:06:20 - Epoch: [65][ 299/1176]	Time  0.096 ( 0.095)	Data  0.000 ( 0.001)	Loss 0.0000e+00 (0.0000e+00)	Acc@1 100.00 (100.00)	Acc@5 100.00 (100.00)
16-Mar-26 10:06:29 - Epoch: [65][ 399/1176]	Time  0.093 ( 0.094)	Data  0.001 ( 0.001)	Loss 0.0000e+00 (0.0000e+00)	Acc@1 100.00 (100.00)	Acc@5 100.00 (100.00)
16-Mar-26 10:06:38 - Epoch: [65][ 499/1176]	Time  0.092 ( 0.094)	Data  0.000 ( 0.001)	Loss 0.0000e+00 (0.0000e+00)	Acc@1 100.00 (100.00)	Acc@5 100.00 (100.00)
16-Mar-26 10:06:48 - Epoch: [65][ 599/1176]	Time  0.093 ( 0.094)	Data  0.000 ( 0.000)	Loss 0.0000e+00 (0.0000e+00)	Acc@1 100.00 (100.00)	Acc@5 100.00 (100.00)
16-Mar-26 10:06:57 - Epoch: [65][ 699/1176]	Time  0.092 ( 0.094)	Data  0.000 ( 0.000)	Loss 0.0000e+00 (0.0000e+00)	Acc@1 100.00 (100.00)	Acc@5 100.00 (100.00)
16-Mar-26 10:07:07 - Epoch: [65][ 799/1176]	Time  0.111 ( 0.094)	Data  0.000 ( 0.000)	Loss 0.0000e+00 (0.0000e+00)	Acc@1 100.00 (100.00)	Acc@5 100.00 (100.00)
16-Mar-26 10:07:16 - Epoch: [65][ 899/1176]	Time  0.093 ( 0.094)	Data  0.001 ( 0.000)	Loss 0.0000e+00 (0.0000e+00)	Acc@1 100.00 (100.00)	Acc@5 100.00 (100.00)
16-Mar-26 10:07:25 - Epoch: [65][ 999/1176]	Time  0.092 ( 0.094)	Data  0.000 ( 0.000)	Loss 0.0000e+00 (0.0000e+00)	Acc@1 100.00 (100.00)	Acc@5 100.00 (100.00)
16-Mar-26 10:07:35 - Epoch: [65][1099/1176]	Time  0.092 ( 0.094)	Data  0.000 ( 0.000)	Loss 0.0000e+00 (0.0000e+00)	Acc@1 100.00 (100.00)	Acc@5 100.00 (100.00)
16-Mar-26 10:07:42 -  @Training * Acc@1 100.000 Acc@5 100.000 Loss 0.000
16-Mar-26 10:07:42 - One training epoch latency: 110.6s | Avg Power: 230.9W | Energy: 25539.8952J
16-Mar-26 10:07:49 -  @Testing * Acc@1 95.139 Acc@5 99.306 Loss 1.197
16-Mar-26 10:07:49 - Best acc at epoch 65: 95.1388931274414
16-Mar-26 10:07:49 - Last learning rate: [1.220703125e-07]
16-Mar-26 10:07:49 - 	 Epoch 66...
16-Mar-26 10:07:59 - Epoch: [66][  99/1176]	Time  0.109 ( 0.096)	Data  0.000 ( 0.002)	Loss 0.0000e+00 (0.0000e+00)	Acc@1 100.00 (100.00)	Acc@5 100.00 (100.00)
16-Mar-26 10:08:08 - Epoch: [66][ 199/1176]	Time  0.092 ( 0.095)	Data  0.000 ( 0.001)	Loss 0.0000e+00 (0.0000e+00)	Acc@1 100.00 (100.00)	Acc@5 100.00 (100.00)
16-Mar-26 10:08:17 - Epoch: [66][ 299/1176]	Time  0.090 ( 0.094)	Data  0.000 ( 0.001)	Loss 0.0000e+00 (0.0000e+00)	Acc@1 100.00 (100.00)	Acc@5 100.00 (100.00)
16-Mar-26 10:08:27 - Epoch: [66][ 399/1176]	Time  0.093 ( 0.094)	Data  0.001 ( 0.001)	Loss 0.0000e+00 (0.0000e+00)	Acc@1 100.00 (100.00)	Acc@5 100.00 (100.00)
16-Mar-26 10:08:36 - Epoch: [66][ 499/1176]	Time  0.092 ( 0.094)	Data  0.000 ( 0.001)	Loss 0.0000e+00 (0.0000e+00)	Acc@1 100.00 (100.00)	Acc@5 100.00 (100.00)
16-Mar-26 10:08:45 - Epoch: [66][ 599/1176]	Time  0.093 ( 0.094)	Data  0.001 ( 0.001)	Loss 0.0000e+00 (0.0000e+00)	Acc@1 100.00 (100.00)	Acc@5 100.00 (100.00)
16-Mar-26 10:08:55 - Epoch: [66][ 699/1176]	Time  0.092 ( 0.094)	Data  0.000 ( 0.001)	Loss 0.0000e+00 (0.0000e+00)	Acc@1 100.00 (100.00)	Acc@5 100.00 (100.00)
16-Mar-26 10:09:04 - Epoch: [66][ 799/1176]	Time  0.090 ( 0.094)	Data  0.001 ( 0.001)	Loss 0.0000e+00 (0.0000e+00)	Acc@1 100.00 (100.00)	Acc@5 100.00 (100.00)
16-Mar-26 10:09:14 - Epoch: [66][ 899/1176]	Time  0.092 ( 0.094)	Data  0.001 ( 0.001)	Loss 0.0000e+00 (0.0000e+00)	Acc@1 100.00 (100.00)	Acc@5 100.00 (100.00)
16-Mar-26 10:09:23 - Epoch: [66][ 999/1176]	Time  0.092 ( 0.094)	Data  0.000 ( 0.000)	Loss 0.0000e+00 (0.0000e+00)	Acc@1 100.00 (100.00)	Acc@5 100.00 (100.00)
16-Mar-26 10:09:32 - Epoch: [66][1099/1176]	Time  0.091 ( 0.094)	Data  0.000 ( 0.000)	Loss 0.0000e+00 (0.0000e+00)	Acc@1 100.00 (100.00)	Acc@5 100.00 (100.00)
16-Mar-26 10:09:39 -  @Training * Acc@1 100.000 Acc@5 100.000 Loss 0.000
16-Mar-26 10:09:39 - One training epoch latency: 110.3s | Avg Power: 229.2W | Energy: 25273.6843J
16-Mar-26 10:09:46 -  @Testing * Acc@1 94.792 Acc@5 99.306 Loss 1.202
16-Mar-26 10:09:46 - Best acc at epoch 66: 95.1388931274414
16-Mar-26 10:09:46 - Last learning rate: [1.220703125e-07]
16-Mar-26 10:09:46 - 	 Epoch 67...
16-Mar-26 10:09:56 - Epoch: [67][  99/1176]	Time  0.091 ( 0.096)	Data  0.000 ( 0.002)	Loss 0.0000e+00 (0.0000e+00)	Acc@1 100.00 (100.00)	Acc@5 100.00 (100.00)
16-Mar-26 10:10:05 - Epoch: [67][ 199/1176]	Time  0.092 ( 0.095)	Data  0.000 ( 0.001)	Loss 0.0000e+00 (0.0000e+00)	Acc@1 100.00 (100.00)	Acc@5 100.00 (100.00)
16-Mar-26 10:10:15 - Epoch: [67][ 299/1176]	Time  0.089 ( 0.094)	Data  0.000 ( 0.001)	Loss 0.0000e+00 (0.0000e+00)	Acc@1 100.00 (100.00)	Acc@5 100.00 (100.00)
16-Mar-26 10:10:24 - Epoch: [67][ 399/1176]	Time  0.093 ( 0.094)	Data  0.000 ( 0.001)	Loss 0.0000e+00 (0.0000e+00)	Acc@1 100.00 (100.00)	Acc@5 100.00 (100.00)
16-Mar-26 10:10:33 - Epoch: [67][ 499/1176]	Time  0.092 ( 0.094)	Data  0.001 ( 0.001)	Loss 0.0000e+00 (0.0000e+00)	Acc@1 100.00 (100.00)	Acc@5 100.00 (100.00)
16-Mar-26 10:10:43 - Epoch: [67][ 599/1176]	Time  0.091 ( 0.094)	Data  0.000 ( 0.001)	Loss 0.0000e+00 (0.0000e+00)	Acc@1 100.00 (100.00)	Acc@5 100.00 (100.00)
16-Mar-26 10:10:52 - Epoch: [67][ 699/1176]	Time  0.092 ( 0.094)	Data  0.000 ( 0.001)	Loss 0.0000e+00 (0.0000e+00)	Acc@1 100.00 (100.00)	Acc@5 100.00 (100.00)
16-Mar-26 10:11:01 - Epoch: [67][ 799/1176]	Time  0.091 ( 0.094)	Data  0.000 ( 0.000)	Loss 0.0000e+00 (0.0000e+00)	Acc@1 100.00 (100.00)	Acc@5 100.00 (100.00)
16-Mar-26 10:11:11 - Epoch: [67][ 899/1176]	Time  0.092 ( 0.094)	Data  0.000 ( 0.000)	Loss 0.0000e+00 (0.0000e+00)	Acc@1 100.00 (100.00)	Acc@5 100.00 (100.00)
16-Mar-26 10:11:20 - Epoch: [67][ 999/1176]	Time  0.092 ( 0.094)	Data  0.000 ( 0.000)	Loss 0.0000e+00 (0.0000e+00)	Acc@1 100.00 (100.00)	Acc@5 100.00 (100.00)
16-Mar-26 10:11:30 - Epoch: [67][1099/1176]	Time  0.092 ( 0.094)	Data  0.000 ( 0.000)	Loss 0.0000e+00 (0.0000e+00)	Acc@1 100.00 (100.00)	Acc@5 100.00 (100.00)
16-Mar-26 10:11:37 -  @Training * Acc@1 100.000 Acc@5 100.000 Loss 0.000
16-Mar-26 10:11:37 - One training epoch latency: 110.3s | Avg Power: 231.0W | Energy: 25469.0443J
16-Mar-26 10:11:44 -  @Testing * Acc@1 94.792 Acc@5 99.306 Loss 1.203
16-Mar-26 10:11:44 - Best acc at epoch 67: 95.1388931274414
16-Mar-26 10:11:44 - Last learning rate: [1.220703125e-07]
16-Mar-26 10:11:44 - 	 Epoch 68...
16-Mar-26 10:11:53 - Epoch: [68][  99/1176]	Time  0.097 ( 0.096)	Data  0.000 ( 0.002)	Loss 0.0000e+00 (0.0000e+00)	Acc@1 100.00 (100.00)	Acc@5 100.00 (100.00)
16-Mar-26 10:12:03 - Epoch: [68][ 199/1176]	Time  0.092 ( 0.095)	Data  0.000 ( 0.001)	Loss 0.0000e+00 (0.0000e+00)	Acc@1 100.00 (100.00)	Acc@5 100.00 (100.00)
16-Mar-26 10:12:12 - Epoch: [68][ 299/1176]	Time  0.092 ( 0.094)	Data  0.001 ( 0.001)	Loss 0.0000e+00 (0.0000e+00)	Acc@1 100.00 (100.00)	Acc@5 100.00 (100.00)
16-Mar-26 10:12:22 - Epoch: [68][ 399/1176]	Time  0.098 ( 0.094)	Data  0.000 ( 0.001)	Loss 0.0000e+00 (0.0000e+00)	Acc@1 100.00 (100.00)	Acc@5 100.00 (100.00)
16-Mar-26 10:12:31 - Epoch: [68][ 499/1176]	Time  0.092 ( 0.094)	Data  0.000 ( 0.001)	Loss 0.0000e+00 (0.0000e+00)	Acc@1 100.00 (100.00)	Acc@5 100.00 (100.00)
16-Mar-26 10:12:40 - Epoch: [68][ 599/1176]	Time  0.092 ( 0.094)	Data  0.000 ( 0.001)	Loss 0.0000e+00 (0.0000e+00)	Acc@1 100.00 (100.00)	Acc@5 100.00 (100.00)
16-Mar-26 10:12:50 - Epoch: [68][ 699/1176]	Time  0.093 ( 0.094)	Data  0.000 ( 0.001)	Loss 0.0000e+00 (0.0000e+00)	Acc@1 100.00 (100.00)	Acc@5 100.00 (100.00)
16-Mar-26 10:12:59 - Epoch: [68][ 799/1176]	Time  0.091 ( 0.094)	Data  0.000 ( 0.001)	Loss 0.0000e+00 (0.0000e+00)	Acc@1 100.00 (100.00)	Acc@5 100.00 (100.00)
16-Mar-26 10:13:08 - Epoch: [68][ 899/1176]	Time  0.093 ( 0.094)	Data  0.000 ( 0.001)	Loss 0.0000e+00 (0.0000e+00)	Acc@1 100.00 (100.00)	Acc@5 100.00 (100.00)
16-Mar-26 10:13:18 - Epoch: [68][ 999/1176]	Time  0.094 ( 0.094)	Data  0.000 ( 0.001)	Loss 0.0000e+00 (0.0000e+00)	Acc@1 100.00 (100.00)	Acc@5 100.00 (100.00)
16-Mar-26 10:13:27 - Epoch: [68][1099/1176]	Time  0.093 ( 0.094)	Data  0.001 ( 0.000)	Loss 0.0000e+00 (0.0000e+00)	Acc@1 100.00 (100.00)	Acc@5 100.00 (100.00)
16-Mar-26 10:13:34 -  @Training * Acc@1 100.000 Acc@5 100.000 Loss 0.000
16-Mar-26 10:13:35 - One training epoch latency: 110.6s | Avg Power: 230.7W | Energy: 25527.8938J
16-Mar-26 10:13:42 -  @Testing * Acc@1 94.792 Acc@5 99.306 Loss 1.212
16-Mar-26 10:13:42 - Best acc at epoch 68: 95.1388931274414
16-Mar-26 10:13:42 - Last learning rate: [1.220703125e-07]
16-Mar-26 10:13:42 - 	 Epoch 69...
16-Mar-26 10:13:51 - Epoch: [69][  99/1176]	Time  0.092 ( 0.095)	Data  0.000 ( 0.002)	Loss 0.0000e+00 (0.0000e+00)	Acc@1 100.00 (100.00)	Acc@5 100.00 (100.00)
16-Mar-26 10:14:00 - Epoch: [69][ 199/1176]	Time  0.093 ( 0.094)	Data  0.000 ( 0.001)	Loss 0.0000e+00 (0.0000e+00)	Acc@1 100.00 (100.00)	Acc@5 100.00 (100.00)
16-Mar-26 10:14:10 - Epoch: [69][ 299/1176]	Time  0.094 ( 0.094)	Data  0.000 ( 0.001)	Loss 0.0000e+00 (0.0000e+00)	Acc@1 100.00 (100.00)	Acc@5 100.00 (100.00)
16-Mar-26 10:14:19 - Epoch: [69][ 399/1176]	Time  0.095 ( 0.094)	Data  0.000 ( 0.001)	Loss 0.0000e+00 (0.0000e+00)	Acc@1 100.00 (100.00)	Acc@5 100.00 (100.00)
16-Mar-26 10:14:29 - Epoch: [69][ 499/1176]	Time  0.093 ( 0.094)	Data  0.001 ( 0.001)	Loss 0.0000e+00 (0.0000e+00)	Acc@1 100.00 (100.00)	Acc@5 100.00 (100.00)
16-Mar-26 10:14:38 - Epoch: [69][ 599/1176]	Time  0.096 ( 0.094)	Data  0.000 ( 0.001)	Loss 0.0000e+00 (0.0000e+00)	Acc@1 100.00 (100.00)	Acc@5 100.00 (100.00)
16-Mar-26 10:14:47 - Epoch: [69][ 699/1176]	Time  0.093 ( 0.094)	Data  0.000 ( 0.001)	Loss 0.0000e+00 (0.0000e+00)	Acc@1 100.00 (100.00)	Acc@5 100.00 (100.00)
16-Mar-26 10:14:57 - Epoch: [69][ 799/1176]	Time  0.092 ( 0.094)	Data  0.000 ( 0.000)	Loss 0.0000e+00 (0.0000e+00)	Acc@1 100.00 (100.00)	Acc@5 100.00 (100.00)
16-Mar-26 10:15:06 - Epoch: [69][ 899/1176]	Time  0.089 ( 0.094)	Data  0.000 ( 0.000)	Loss 0.0000e+00 (0.0000e+00)	Acc@1 100.00 (100.00)	Acc@5 100.00 (100.00)
16-Mar-26 10:15:16 - Epoch: [69][ 999/1176]	Time  0.092 ( 0.094)	Data  0.000 ( 0.000)	Loss 0.0000e+00 (0.0000e+00)	Acc@1 100.00 (100.00)	Acc@5 100.00 (100.00)
16-Mar-26 10:15:25 - Epoch: [69][1099/1176]	Time  0.093 ( 0.094)	Data  0.002 ( 0.000)	Loss 0.0000e+00 (0.0000e+00)	Acc@1 100.00 (100.00)	Acc@5 100.00 (100.00)
16-Mar-26 10:15:32 -  @Training * Acc@1 100.000 Acc@5 100.000 Loss 0.000
16-Mar-26 10:15:32 - One training epoch latency: 110.6s | Avg Power: 227.1W | Energy: 25118.7706J
16-Mar-26 10:15:39 -  @Testing * Acc@1 94.792 Acc@5 99.306 Loss 1.218
16-Mar-26 10:15:39 - Best acc at epoch 69: 95.1388931274414
16-Mar-26 10:15:39 - Last learning rate: [1.220703125e-07]
16-Mar-26 10:15:39 - 	 Epoch 70...
16-Mar-26 10:15:49 - Epoch: [70][  99/1176]	Time  0.089 ( 0.096)	Data  0.000 ( 0.002)	Loss 0.0000e+00 (0.0000e+00)	Acc@1 100.00 (100.00)	Acc@5 100.00 (100.00)
16-Mar-26 10:15:58 - Epoch: [70][ 199/1176]	Time  0.089 ( 0.095)	Data  0.000 ( 0.001)	Loss 0.0000e+00 (0.0000e+00)	Acc@1 100.00 (100.00)	Acc@5 100.00 (100.00)
16-Mar-26 10:16:08 - Epoch: [70][ 299/1176]	Time  0.095 ( 0.094)	Data  0.001 ( 0.001)	Loss 0.0000e+00 (0.0000e+00)	Acc@1 100.00 (100.00)	Acc@5 100.00 (100.00)
16-Mar-26 10:16:17 - Epoch: [70][ 399/1176]	Time  0.092 ( 0.094)	Data  0.000 ( 0.001)	Loss 0.0000e+00 (0.0000e+00)	Acc@1 100.00 (100.00)	Acc@5 100.00 (100.00)
16-Mar-26 10:16:26 - Epoch: [70][ 499/1176]	Time  0.096 ( 0.094)	Data  0.001 ( 0.001)	Loss 0.0000e+00 (0.0000e+00)	Acc@1 100.00 (100.00)	Acc@5 100.00 (100.00)
16-Mar-26 10:16:36 - Epoch: [70][ 599/1176]	Time  0.092 ( 0.094)	Data  0.000 ( 0.001)	Loss 0.0000e+00 (0.0000e+00)	Acc@1 100.00 (100.00)	Acc@5 100.00 (100.00)
16-Mar-26 10:16:45 - Epoch: [70][ 699/1176]	Time  0.092 ( 0.094)	Data  0.000 ( 0.001)	Loss 0.0000e+00 (0.0000e+00)	Acc@1 100.00 (100.00)	Acc@5 100.00 (100.00)
16-Mar-26 10:16:55 - Epoch: [70][ 799/1176]	Time  0.097 ( 0.094)	Data  0.000 ( 0.001)	Loss 0.0000e+00 (0.0000e+00)	Acc@1 100.00 (100.00)	Acc@5 100.00 (100.00)
16-Mar-26 10:17:04 - Epoch: [70][ 899/1176]	Time  0.096 ( 0.094)	Data  0.000 ( 0.000)	Loss 0.0000e+00 (0.0000e+00)	Acc@1 100.00 (100.00)	Acc@5 100.00 (100.00)
16-Mar-26 10:17:13 - Epoch: [70][ 999/1176]	Time  0.093 ( 0.094)	Data  0.001 ( 0.000)	Loss 0.0000e+00 (0.0000e+00)	Acc@1 100.00 (100.00)	Acc@5 100.00 (100.00)
16-Mar-26 10:17:23 - Epoch: [70][1099/1176]	Time  0.093 ( 0.094)	Data  0.001 ( 0.000)	Loss 0.0000e+00 (0.0000e+00)	Acc@1 100.00 (100.00)	Acc@5 100.00 (100.00)
16-Mar-26 10:17:30 -  @Training * Acc@1 100.000 Acc@5 100.000 Loss 0.000
16-Mar-26 10:17:30 - One training epoch latency: 110.6s | Avg Power: 230.3W | Energy: 25477.7181J
16-Mar-26 10:17:37 -  @Testing * Acc@1 94.792 Acc@5 99.306 Loss 1.199
16-Mar-26 10:17:37 - Best acc at epoch 70: 95.1388931274414
16-Mar-26 10:17:37 - Last learning rate: [6.103515625e-08]
16-Mar-26 10:17:37 - 	 Epoch 71...
16-Mar-26 10:17:47 - Epoch: [71][  99/1176]	Time  0.094 ( 0.096)	Data  0.000 ( 0.002)	Loss 0.0000e+00 (0.0000e+00)	Acc@1 100.00 (100.00)	Acc@5 100.00 (100.00)
16-Mar-26 10:17:56 - Epoch: [71][ 199/1176]	Time  0.093 ( 0.095)	Data  0.000 ( 0.001)	Loss 0.0000e+00 (0.0000e+00)	Acc@1 100.00 (100.00)	Acc@5 100.00 (100.00)
16-Mar-26 10:18:05 - Epoch: [71][ 299/1176]	Time  0.092 ( 0.095)	Data  0.000 ( 0.001)	Loss 0.0000e+00 (0.0000e+00)	Acc@1 100.00 (100.00)	Acc@5 100.00 (100.00)
16-Mar-26 10:18:15 - Epoch: [71][ 399/1176]	Time  0.092 ( 0.094)	Data  0.000 ( 0.001)	Loss 0.0000e+00 (0.0000e+00)	Acc@1 100.00 (100.00)	Acc@5 100.00 (100.00)
16-Mar-26 10:18:24 - Epoch: [71][ 499/1176]	Time  0.093 ( 0.094)	Data  0.000 ( 0.001)	Loss 0.0000e+00 (0.0000e+00)	Acc@1 100.00 (100.00)	Acc@5 100.00 (100.00)
16-Mar-26 10:18:34 - Epoch: [71][ 599/1176]	Time  0.101 ( 0.094)	Data  0.000 ( 0.001)	Loss 0.0000e+00 (0.0000e+00)	Acc@1 100.00 (100.00)	Acc@5 100.00 (100.00)
16-Mar-26 10:18:43 - Epoch: [71][ 699/1176]	Time  0.092 ( 0.094)	Data  0.000 ( 0.001)	Loss 0.0000e+00 (0.0000e+00)	Acc@1 100.00 (100.00)	Acc@5 100.00 (100.00)
16-Mar-26 10:18:52 - Epoch: [71][ 799/1176]	Time  0.093 ( 0.094)	Data  0.000 ( 0.000)	Loss 0.0000e+00 (0.0000e+00)	Acc@1 100.00 (100.00)	Acc@5 100.00 (100.00)
16-Mar-26 10:19:02 - Epoch: [71][ 899/1176]	Time  0.091 ( 0.094)	Data  0.000 ( 0.000)	Loss 0.0000e+00 (0.0000e+00)	Acc@1 100.00 (100.00)	Acc@5 100.00 (100.00)
16-Mar-26 10:19:11 - Epoch: [71][ 999/1176]	Time  0.091 ( 0.094)	Data  0.000 ( 0.000)	Loss 0.0000e+00 (0.0000e+00)	Acc@1 100.00 (100.00)	Acc@5 100.00 (100.00)
16-Mar-26 10:19:20 - Epoch: [71][1099/1176]	Time  0.089 ( 0.094)	Data  0.000 ( 0.000)	Loss 0.0000e+00 (0.0000e+00)	Acc@1 100.00 (100.00)	Acc@5 100.00 (100.00)
16-Mar-26 10:19:28 -  @Training * Acc@1 100.000 Acc@5 100.000 Loss 0.000
16-Mar-26 10:19:28 - One training epoch latency: 110.5s | Avg Power: 231.0W | Energy: 25532.4852J
16-Mar-26 10:19:35 -  @Testing * Acc@1 94.792 Acc@5 99.306 Loss 1.196
16-Mar-26 10:19:35 - Best acc at epoch 71: 95.1388931274414
16-Mar-26 10:19:35 - Last learning rate: [6.103515625e-08]
16-Mar-26 10:19:35 - 	 Epoch 72...
16-Mar-26 10:19:44 - Epoch: [72][  99/1176]	Time  0.092 ( 0.095)	Data  0.000 ( 0.002)	Loss 0.0000e+00 (0.0000e+00)	Acc@1 100.00 (100.00)	Acc@5 100.00 (100.00)
16-Mar-26 10:19:54 - Epoch: [72][ 199/1176]	Time  0.092 ( 0.095)	Data  0.000 ( 0.001)	Loss 0.0000e+00 (0.0000e+00)	Acc@1 100.00 (100.00)	Acc@5 100.00 (100.00)
16-Mar-26 10:20:03 - Epoch: [72][ 299/1176]	Time  0.089 ( 0.094)	Data  0.000 ( 0.001)	Loss 0.0000e+00 (0.0000e+00)	Acc@1 100.00 (100.00)	Acc@5 100.00 (100.00)
16-Mar-26 10:20:12 - Epoch: [72][ 399/1176]	Time  0.090 ( 0.094)	Data  0.000 ( 0.001)	Loss 0.0000e+00 (0.0000e+00)	Acc@1 100.00 (100.00)	Acc@5 100.00 (100.00)
16-Mar-26 10:20:22 - Epoch: [72][ 499/1176]	Time  0.093 ( 0.094)	Data  0.000 ( 0.001)	Loss 0.0000e+00 (0.0000e+00)	Acc@1 100.00 (100.00)	Acc@5 100.00 (100.00)
16-Mar-26 10:20:31 - Epoch: [72][ 599/1176]	Time  0.096 ( 0.094)	Data  0.000 ( 0.001)	Loss 0.0000e+00 (0.0000e+00)	Acc@1 100.00 (100.00)	Acc@5 100.00 (100.00)
16-Mar-26 10:20:41 - Epoch: [72][ 699/1176]	Time  0.100 ( 0.094)	Data  0.000 ( 0.001)	Loss 0.0000e+00 (0.0000e+00)	Acc@1 100.00 (100.00)	Acc@5 100.00 (100.00)
16-Mar-26 10:20:50 - Epoch: [72][ 799/1176]	Time  0.093 ( 0.094)	Data  0.000 ( 0.000)	Loss 0.0000e+00 (0.0000e+00)	Acc@1 100.00 (100.00)	Acc@5 100.00 (100.00)
16-Mar-26 10:20:59 - Epoch: [72][ 899/1176]	Time  0.092 ( 0.094)	Data  0.000 ( 0.000)	Loss 0.0000e+00 (0.0000e+00)	Acc@1 100.00 (100.00)	Acc@5 100.00 (100.00)
16-Mar-26 10:21:09 - Epoch: [72][ 999/1176]	Time  0.093 ( 0.094)	Data  0.000 ( 0.000)	Loss 0.0000e+00 (0.0000e+00)	Acc@1 100.00 (100.00)	Acc@5 100.00 (100.00)
16-Mar-26 10:21:18 - Epoch: [72][1099/1176]	Time  0.092 ( 0.094)	Data  0.000 ( 0.000)	Loss 0.0000e+00 (0.0000e+00)	Acc@1 100.00 (100.00)	Acc@5 100.00 (100.00)
16-Mar-26 10:21:25 -  @Training * Acc@1 100.000 Acc@5 100.000 Loss 0.000
16-Mar-26 10:21:25 - One training epoch latency: 110.5s | Avg Power: 229.2W | Energy: 25318.6410J
16-Mar-26 10:21:32 -  @Testing * Acc@1 94.792 Acc@5 99.306 Loss 1.194
16-Mar-26 10:21:32 - Best acc at epoch 72: 95.1388931274414
16-Mar-26 10:21:32 - Last learning rate: [6.103515625e-08]
16-Mar-26 10:21:32 - 	 Epoch 73...
16-Mar-26 10:21:42 - Epoch: [73][  99/1176]	Time  0.091 ( 0.096)	Data  0.000 ( 0.002)	Loss 0.0000e+00 (0.0000e+00)	Acc@1 100.00 (100.00)	Acc@5 100.00 (100.00)
16-Mar-26 10:21:51 - Epoch: [73][ 199/1176]	Time  0.092 ( 0.095)	Data  0.000 ( 0.001)	Loss 0.0000e+00 (0.0000e+00)	Acc@1 100.00 (100.00)	Acc@5 100.00 (100.00)
16-Mar-26 10:22:01 - Epoch: [73][ 299/1176]	Time  0.092 ( 0.095)	Data  0.000 ( 0.001)	Loss 0.0000e+00 (0.0000e+00)	Acc@1 100.00 (100.00)	Acc@5 100.00 (100.00)
16-Mar-26 10:22:10 - Epoch: [73][ 399/1176]	Time  0.092 ( 0.095)	Data  0.000 ( 0.001)	Loss 0.0000e+00 (0.0000e+00)	Acc@1 100.00 (100.00)	Acc@5 100.00 (100.00)
16-Mar-26 10:22:20 - Epoch: [73][ 499/1176]	Time  0.098 ( 0.094)	Data  0.000 ( 0.001)	Loss 0.0000e+00 (0.0000e+00)	Acc@1 100.00 (100.00)	Acc@5 100.00 (100.00)
16-Mar-26 10:22:29 - Epoch: [73][ 599/1176]	Time  0.093 ( 0.094)	Data  0.000 ( 0.001)	Loss 0.0000e+00 (0.0000e+00)	Acc@1 100.00 (100.00)	Acc@5 100.00 (100.00)
16-Mar-26 10:22:38 - Epoch: [73][ 699/1176]	Time  0.092 ( 0.094)	Data  0.000 ( 0.001)	Loss 0.0000e+00 (0.0000e+00)	Acc@1 100.00 (100.00)	Acc@5 100.00 (100.00)
16-Mar-26 10:22:48 - Epoch: [73][ 799/1176]	Time  0.117 ( 0.094)	Data  0.000 ( 0.001)	Loss 0.0000e+00 (0.0000e+00)	Acc@1 100.00 (100.00)	Acc@5 100.00 (100.00)
16-Mar-26 10:22:57 - Epoch: [73][ 899/1176]	Time  0.093 ( 0.094)	Data  0.000 ( 0.000)	Loss 0.0000e+00 (0.0000e+00)	Acc@1 100.00 (100.00)	Acc@5 100.00 (100.00)
16-Mar-26 10:23:06 - Epoch: [73][ 999/1176]	Time  0.090 ( 0.094)	Data  0.000 ( 0.000)	Loss 0.0000e+00 (0.0000e+00)	Acc@1 100.00 (100.00)	Acc@5 100.00 (100.00)
16-Mar-26 10:23:16 - Epoch: [73][1099/1176]	Time  0.092 ( 0.094)	Data  0.000 ( 0.000)	Loss 0.0000e+00 (0.0000e+00)	Acc@1 100.00 (100.00)	Acc@5 100.00 (100.00)
16-Mar-26 10:23:23 -  @Training * Acc@1 100.000 Acc@5 100.000 Loss 0.000
16-Mar-26 10:23:23 - One training epoch latency: 110.6s | Avg Power: 231.3W | Energy: 25575.3254J
16-Mar-26 10:23:30 -  @Testing * Acc@1 94.792 Acc@5 99.306 Loss 1.216
16-Mar-26 10:23:30 - Best acc at epoch 73: 95.1388931274414
16-Mar-26 10:23:30 - Last learning rate: [6.103515625e-08]
16-Mar-26 10:23:30 - 	 Epoch 74...
16-Mar-26 10:23:40 - Epoch: [74][  99/1176]	Time  0.092 ( 0.096)	Data  0.000 ( 0.002)	Loss 0.0000e+00 (0.0000e+00)	Acc@1 100.00 (100.00)	Acc@5 100.00 (100.00)
16-Mar-26 10:23:49 - Epoch: [74][ 199/1176]	Time  0.092 ( 0.095)	Data  0.000 ( 0.001)	Loss 0.0000e+00 (0.0000e+00)	Acc@1 100.00 (100.00)	Acc@5 100.00 (100.00)
16-Mar-26 10:23:59 - Epoch: [74][ 299/1176]	Time  0.093 ( 0.094)	Data  0.000 ( 0.001)	Loss 0.0000e+00 (0.0000e+00)	Acc@1 100.00 (100.00)	Acc@5 100.00 (100.00)
16-Mar-26 10:24:08 - Epoch: [74][ 399/1176]	Time  0.092 ( 0.094)	Data  0.000 ( 0.001)	Loss 0.0000e+00 (0.0000e+00)	Acc@1 100.00 (100.00)	Acc@5 100.00 (100.00)
16-Mar-26 10:24:17 - Epoch: [74][ 499/1176]	Time  0.096 ( 0.094)	Data  0.000 ( 0.001)	Loss 0.0000e+00 (0.0000e+00)	Acc@1 100.00 (100.00)	Acc@5 100.00 (100.00)
16-Mar-26 10:24:27 - Epoch: [74][ 599/1176]	Time  0.091 ( 0.094)	Data  0.000 ( 0.001)	Loss 0.0000e+00 (0.0000e+00)	Acc@1 100.00 (100.00)	Acc@5 100.00 (100.00)
16-Mar-26 10:24:36 - Epoch: [74][ 699/1176]	Time  0.093 ( 0.094)	Data  0.001 ( 0.001)	Loss 0.0000e+00 (0.0000e+00)	Acc@1 100.00 (100.00)	Acc@5 100.00 (100.00)
16-Mar-26 10:24:45 - Epoch: [74][ 799/1176]	Time  0.092 ( 0.094)	Data  0.000 ( 0.000)	Loss 0.0000e+00 (0.0000e+00)	Acc@1 100.00 (100.00)	Acc@5 100.00 (100.00)
16-Mar-26 10:24:55 - Epoch: [74][ 899/1176]	Time  0.093 ( 0.094)	Data  0.000 ( 0.000)	Loss 0.0000e+00 (0.0000e+00)	Acc@1 100.00 (100.00)	Acc@5 100.00 (100.00)
16-Mar-26 10:25:04 - Epoch: [74][ 999/1176]	Time  0.092 ( 0.094)	Data  0.000 ( 0.000)	Loss 0.0000e+00 (0.0000e+00)	Acc@1 100.00 (100.00)	Acc@5 100.00 (100.00)
16-Mar-26 10:25:14 - Epoch: [74][1099/1176]	Time  0.092 ( 0.094)	Data  0.000 ( 0.000)	Loss 0.0000e+00 (0.0000e+00)	Acc@1 100.00 (100.00)	Acc@5 100.00 (100.00)
16-Mar-26 10:25:21 -  @Training * Acc@1 100.000 Acc@5 100.000 Loss 0.000
16-Mar-26 10:25:21 - One training epoch latency: 110.6s | Avg Power: 228.9W | Energy: 25320.9777J
16-Mar-26 10:25:28 -  @Testing * Acc@1 94.792 Acc@5 99.306 Loss 1.188
16-Mar-26 10:25:28 - Best acc at epoch 74: 95.1388931274414
16-Mar-26 10:25:28 - Last learning rate: [6.103515625e-08]
16-Mar-26 10:25:28 - 	 Epoch 75...
16-Mar-26 10:25:38 - Epoch: [75][  99/1176]	Time  0.114 ( 0.095)	Data  0.000 ( 0.002)	Loss 0.0000e+00 (0.0000e+00)	Acc@1 100.00 (100.00)	Acc@5 100.00 (100.00)
16-Mar-26 10:25:47 - Epoch: [75][ 199/1176]	Time  0.093 ( 0.094)	Data  0.000 ( 0.001)	Loss 0.0000e+00 (0.0000e+00)	Acc@1 100.00 (100.00)	Acc@5 100.00 (100.00)
16-Mar-26 10:25:56 - Epoch: [75][ 299/1176]	Time  0.092 ( 0.094)	Data  0.000 ( 0.001)	Loss 0.0000e+00 (0.0000e+00)	Acc@1 100.00 (100.00)	Acc@5 100.00 (100.00)
16-Mar-26 10:26:06 - Epoch: [75][ 399/1176]	Time  0.092 ( 0.094)	Data  0.000 ( 0.001)	Loss 0.0000e+00 (0.0000e+00)	Acc@1 100.00 (100.00)	Acc@5 100.00 (100.00)
16-Mar-26 10:26:15 - Epoch: [75][ 499/1176]	Time  0.091 ( 0.094)	Data  0.000 ( 0.001)	Loss 0.0000e+00 (0.0000e+00)	Acc@1 100.00 (100.00)	Acc@5 100.00 (100.00)
16-Mar-26 10:26:25 - Epoch: [75][ 599/1176]	Time  0.092 ( 0.094)	Data  0.000 ( 0.001)	Loss 0.0000e+00 (0.0000e+00)	Acc@1 100.00 (100.00)	Acc@5 100.00 (100.00)
16-Mar-26 10:26:34 - Epoch: [75][ 699/1176]	Time  0.090 ( 0.094)	Data  0.000 ( 0.001)	Loss 0.0000e+00 (0.0000e+00)	Acc@1 100.00 (100.00)	Acc@5 100.00 (100.00)
16-Mar-26 10:26:43 - Epoch: [75][ 799/1176]	Time  0.091 ( 0.094)	Data  0.000 ( 0.000)	Loss 0.0000e+00 (0.0000e+00)	Acc@1 100.00 (100.00)	Acc@5 100.00 (100.00)
16-Mar-26 10:26:53 - Epoch: [75][ 899/1176]	Time  0.094 ( 0.094)	Data  0.000 ( 0.000)	Loss 0.0000e+00 (0.0000e+00)	Acc@1 100.00 (100.00)	Acc@5 100.00 (100.00)
16-Mar-26 10:27:02 - Epoch: [75][ 999/1176]	Time  0.093 ( 0.094)	Data  0.000 ( 0.000)	Loss 0.0000e+00 (0.0000e+00)	Acc@1 100.00 (100.00)	Acc@5 100.00 (100.00)
16-Mar-26 10:27:11 - Epoch: [75][1099/1176]	Time  0.092 ( 0.094)	Data  0.000 ( 0.000)	Loss 0.0000e+00 (0.0000e+00)	Acc@1 100.00 (100.00)	Acc@5 100.00 (100.00)
16-Mar-26 10:27:19 -  @Training * Acc@1 100.000 Acc@5 100.000 Loss 0.000
16-Mar-26 10:27:19 - One training epoch latency: 110.6s | Avg Power: 229.8W | Energy: 25406.2543J
16-Mar-26 10:27:26 -  @Testing * Acc@1 94.792 Acc@5 99.306 Loss 1.208
16-Mar-26 10:27:26 - Best acc at epoch 75: 95.1388931274414
16-Mar-26 10:27:26 - Last learning rate: [6.103515625e-08]
16-Mar-26 10:27:26 - 	 Epoch 76...
16-Mar-26 10:27:35 - Epoch: [76][  99/1176]	Time  0.094 ( 0.096)	Data  0.000 ( 0.002)	Loss 0.0000e+00 (0.0000e+00)	Acc@1 100.00 (100.00)	Acc@5 100.00 (100.00)
16-Mar-26 10:27:45 - Epoch: [76][ 199/1176]	Time  0.092 ( 0.095)	Data  0.000 ( 0.001)	Loss 0.0000e+00 (0.0000e+00)	Acc@1 100.00 (100.00)	Acc@5 100.00 (100.00)
16-Mar-26 10:27:54 - Epoch: [76][ 299/1176]	Time  0.091 ( 0.095)	Data  0.000 ( 0.001)	Loss 0.0000e+00 (0.0000e+00)	Acc@1 100.00 (100.00)	Acc@5 100.00 (100.00)
16-Mar-26 10:28:04 - Epoch: [76][ 399/1176]	Time  0.093 ( 0.095)	Data  0.000 ( 0.001)	Loss 0.0000e+00 (0.0000e+00)	Acc@1 100.00 (100.00)	Acc@5 100.00 (100.00)
16-Mar-26 10:28:13 - Epoch: [76][ 499/1176]	Time  0.089 ( 0.094)	Data  0.000 ( 0.001)	Loss 0.0000e+00 (0.0000e+00)	Acc@1 100.00 (100.00)	Acc@5 100.00 (100.00)
16-Mar-26 10:28:22 - Epoch: [76][ 599/1176]	Time  0.095 ( 0.094)	Data  0.000 ( 0.001)	Loss 0.0000e+00 (0.0000e+00)	Acc@1 100.00 (100.00)	Acc@5 100.00 (100.00)
16-Mar-26 10:28:32 - Epoch: [76][ 699/1176]	Time  0.092 ( 0.094)	Data  0.000 ( 0.001)	Loss 0.0000e+00 (0.0000e+00)	Acc@1 100.00 (100.00)	Acc@5 100.00 (100.00)
16-Mar-26 10:28:41 - Epoch: [76][ 799/1176]	Time  0.092 ( 0.094)	Data  0.000 ( 0.001)	Loss 0.0000e+00 (0.0000e+00)	Acc@1 100.00 (100.00)	Acc@5 100.00 (100.00)
16-Mar-26 10:28:50 - Epoch: [76][ 899/1176]	Time  0.092 ( 0.094)	Data  0.000 ( 0.000)	Loss 0.0000e+00 (0.0000e+00)	Acc@1 100.00 (100.00)	Acc@5 100.00 (100.00)
16-Mar-26 10:29:00 - Epoch: [76][ 999/1176]	Time  0.109 ( 0.094)	Data  0.000 ( 0.000)	Loss 0.0000e+00 (0.0000e+00)	Acc@1 100.00 (100.00)	Acc@5 100.00 (100.00)
16-Mar-26 10:29:09 - Epoch: [76][1099/1176]	Time  0.093 ( 0.094)	Data  0.000 ( 0.000)	Loss 0.0000e+00 (0.0000e+00)	Acc@1 100.00 (100.00)	Acc@5 100.00 (100.00)
16-Mar-26 10:29:16 -  @Training * Acc@1 100.000 Acc@5 100.000 Loss 0.000
16-Mar-26 10:29:16 - One training epoch latency: 110.3s | Avg Power: 231.0W | Energy: 25488.2660J
16-Mar-26 10:29:23 -  @Testing * Acc@1 94.792 Acc@5 99.306 Loss 1.197
16-Mar-26 10:29:23 - Best acc at epoch 76: 95.1388931274414
16-Mar-26 10:29:23 - Last learning rate: [3.0517578125e-08]
16-Mar-26 10:29:23 - 	 Epoch 77...
16-Mar-26 10:29:33 - Epoch: [77][  99/1176]	Time  0.093 ( 0.096)	Data  0.000 ( 0.002)	Loss 0.0000e+00 (0.0000e+00)	Acc@1 100.00 (100.00)	Acc@5 100.00 (100.00)
16-Mar-26 10:29:42 - Epoch: [77][ 199/1176]	Time  0.094 ( 0.094)	Data  0.000 ( 0.001)	Loss 0.0000e+00 (0.0000e+00)	Acc@1 100.00 (100.00)	Acc@5 100.00 (100.00)
16-Mar-26 10:29:52 - Epoch: [77][ 299/1176]	Time  0.114 ( 0.094)	Data  0.001 ( 0.001)	Loss 0.0000e+00 (0.0000e+00)	Acc@1 100.00 (100.00)	Acc@5 100.00 (100.00)
16-Mar-26 10:30:01 - Epoch: [77][ 399/1176]	Time  0.092 ( 0.094)	Data  0.000 ( 0.001)	Loss 0.0000e+00 (0.0000e+00)	Acc@1 100.00 (100.00)	Acc@5 100.00 (100.00)
16-Mar-26 10:30:10 - Epoch: [77][ 499/1176]	Time  0.094 ( 0.094)	Data  0.000 ( 0.001)	Loss 0.0000e+00 (0.0000e+00)	Acc@1 100.00 (100.00)	Acc@5 100.00 (100.00)
16-Mar-26 10:30:20 - Epoch: [77][ 599/1176]	Time  0.105 ( 0.094)	Data  0.000 ( 0.001)	Loss 0.0000e+00 (0.0000e+00)	Acc@1 100.00 (100.00)	Acc@5 100.00 (100.00)
16-Mar-26 10:30:29 - Epoch: [77][ 699/1176]	Time  0.095 ( 0.094)	Data  0.000 ( 0.001)	Loss 0.0000e+00 (0.0000e+00)	Acc@1 100.00 (100.00)	Acc@5 100.00 (100.00)
16-Mar-26 10:30:38 - Epoch: [77][ 799/1176]	Time  0.092 ( 0.094)	Data  0.000 ( 0.001)	Loss 0.0000e+00 (0.0000e+00)	Acc@1 100.00 (100.00)	Acc@5 100.00 (100.00)
16-Mar-26 10:30:48 - Epoch: [77][ 899/1176]	Time  0.092 ( 0.094)	Data  0.000 ( 0.000)	Loss 0.0000e+00 (0.0000e+00)	Acc@1 100.00 (100.00)	Acc@5 100.00 (100.00)
16-Mar-26 10:30:57 - Epoch: [77][ 999/1176]	Time  0.092 ( 0.094)	Data  0.000 ( 0.000)	Loss 0.0000e+00 (0.0000e+00)	Acc@1 100.00 (100.00)	Acc@5 100.00 (100.00)
16-Mar-26 10:31:06 - Epoch: [77][1099/1176]	Time  0.092 ( 0.094)	Data  0.000 ( 0.000)	Loss 0.0000e+00 (0.0000e+00)	Acc@1 100.00 (100.00)	Acc@5 100.00 (100.00)
16-Mar-26 10:31:14 -  @Training * Acc@1 100.000 Acc@5 100.000 Loss 0.000
16-Mar-26 10:31:14 - One training epoch latency: 110.2s | Avg Power: 229.6W | Energy: 25287.1032J
16-Mar-26 10:31:21 -  @Testing * Acc@1 94.792 Acc@5 99.306 Loss 1.179
16-Mar-26 10:31:21 - Best acc at epoch 77: 95.1388931274414
16-Mar-26 10:31:21 - Last learning rate: [3.0517578125e-08]
16-Mar-26 10:31:21 - 	 Epoch 78...
16-Mar-26 10:31:30 - Epoch: [78][  99/1176]	Time  0.095 ( 0.096)	Data  0.001 ( 0.002)	Loss 0.0000e+00 (0.0000e+00)	Acc@1 100.00 (100.00)	Acc@5 100.00 (100.00)
16-Mar-26 10:31:40 - Epoch: [78][ 199/1176]	Time  0.103 ( 0.094)	Data  0.000 ( 0.001)	Loss 0.0000e+00 (0.0000e+00)	Acc@1 100.00 (100.00)	Acc@5 100.00 (100.00)
16-Mar-26 10:31:49 - Epoch: [78][ 299/1176]	Time  0.092 ( 0.094)	Data  0.000 ( 0.001)	Loss 0.0000e+00 (0.0000e+00)	Acc@1 100.00 (100.00)	Acc@5 100.00 (100.00)
16-Mar-26 10:31:58 - Epoch: [78][ 399/1176]	Time  0.092 ( 0.094)	Data  0.000 ( 0.001)	Loss 0.0000e+00 (0.0000e+00)	Acc@1 100.00 (100.00)	Acc@5 100.00 (100.00)
16-Mar-26 10:32:08 - Epoch: [78][ 499/1176]	Time  0.102 ( 0.094)	Data  0.000 ( 0.000)	Loss 0.0000e+00 (0.0000e+00)	Acc@1 100.00 (100.00)	Acc@5 100.00 (100.00)
16-Mar-26 10:32:17 - Epoch: [78][ 599/1176]	Time  0.090 ( 0.094)	Data  0.000 ( 0.000)	Loss 0.0000e+00 (0.0000e+00)	Acc@1 100.00 (100.00)	Acc@5 100.00 (100.00)
16-Mar-26 10:32:26 - Epoch: [78][ 699/1176]	Time  0.091 ( 0.094)	Data  0.000 ( 0.000)	Loss 0.0000e+00 (0.0000e+00)	Acc@1 100.00 (100.00)	Acc@5 100.00 (100.00)
16-Mar-26 10:32:36 - Epoch: [78][ 799/1176]	Time  0.117 ( 0.094)	Data  0.000 ( 0.000)	Loss 0.0000e+00 (0.0000e+00)	Acc@1 100.00 (100.00)	Acc@5 100.00 (100.00)
16-Mar-26 10:32:45 - Epoch: [78][ 899/1176]	Time  0.090 ( 0.094)	Data  0.000 ( 0.000)	Loss 0.0000e+00 (0.0000e+00)	Acc@1 100.00 (100.00)	Acc@5 100.00 (100.00)
16-Mar-26 10:32:54 - Epoch: [78][ 999/1176]	Time  0.093 ( 0.094)	Data  0.000 ( 0.000)	Loss 0.0000e+00 (0.0000e+00)	Acc@1 100.00 (100.00)	Acc@5 100.00 (100.00)
16-Mar-26 10:33:04 - Epoch: [78][1099/1176]	Time  0.097 ( 0.094)	Data  0.000 ( 0.000)	Loss 0.0000e+00 (0.0000e+00)	Acc@1 100.00 (100.00)	Acc@5 100.00 (100.00)
16-Mar-26 10:33:11 -  @Training * Acc@1 100.000 Acc@5 100.000 Loss 0.000
16-Mar-26 10:33:11 - One training epoch latency: 110.1s | Avg Power: 229.3W | Energy: 25234.0911J
16-Mar-26 10:33:18 -  @Testing * Acc@1 94.792 Acc@5 99.306 Loss 1.190
16-Mar-26 10:33:18 - Best acc at epoch 78: 95.1388931274414
16-Mar-26 10:33:18 - Last learning rate: [3.0517578125e-08]
16-Mar-26 10:33:18 - 	 Epoch 79...
16-Mar-26 10:33:27 - Epoch: [79][  99/1176]	Time  0.090 ( 0.095)	Data  0.000 ( 0.002)	Loss 0.0000e+00 (0.0000e+00)	Acc@1 100.00 (100.00)	Acc@5 100.00 (100.00)
16-Mar-26 10:33:37 - Epoch: [79][ 199/1176]	Time  0.103 ( 0.094)	Data  0.000 ( 0.001)	Loss 0.0000e+00 (0.0000e+00)	Acc@1 100.00 (100.00)	Acc@5 100.00 (100.00)
16-Mar-26 10:33:46 - Epoch: [79][ 299/1176]	Time  0.093 ( 0.094)	Data  0.000 ( 0.001)	Loss 0.0000e+00 (0.0000e+00)	Acc@1 100.00 (100.00)	Acc@5 100.00 (100.00)
16-Mar-26 10:33:55 - Epoch: [79][ 399/1176]	Time  0.092 ( 0.094)	Data  0.000 ( 0.001)	Loss 0.0000e+00 (0.0000e+00)	Acc@1 100.00 (100.00)	Acc@5 100.00 (100.00)
16-Mar-26 10:34:05 - Epoch: [79][ 499/1176]	Time  0.102 ( 0.094)	Data  0.000 ( 0.000)	Loss 0.0000e+00 (0.0000e+00)	Acc@1 100.00 (100.00)	Acc@5 100.00 (100.00)
16-Mar-26 10:34:14 - Epoch: [79][ 599/1176]	Time  0.092 ( 0.093)	Data  0.000 ( 0.000)	Loss 0.0000e+00 (0.0000e+00)	Acc@1 100.00 (100.00)	Acc@5 100.00 (100.00)
16-Mar-26 10:34:23 - Epoch: [79][ 699/1176]	Time  0.092 ( 0.093)	Data  0.000 ( 0.000)	Loss 0.0000e+00 (0.0000e+00)	Acc@1 100.00 (100.00)	Acc@5 100.00 (100.00)
16-Mar-26 10:34:32 - Epoch: [79][ 799/1176]	Time  0.090 ( 0.093)	Data  0.000 ( 0.000)	Loss 0.0000e+00 (0.0000e+00)	Acc@1 100.00 (100.00)	Acc@5 100.00 (100.00)
16-Mar-26 10:34:42 - Epoch: [79][ 899/1176]	Time  0.092 ( 0.093)	Data  0.000 ( 0.000)	Loss 0.0000e+00 (0.0000e+00)	Acc@1 100.00 (100.00)	Acc@5 100.00 (100.00)
16-Mar-26 10:34:51 - Epoch: [79][ 999/1176]	Time  0.090 ( 0.093)	Data  0.000 ( 0.000)	Loss 0.0000e+00 (0.0000e+00)	Acc@1 100.00 (100.00)	Acc@5 100.00 (100.00)
16-Mar-26 10:35:00 - Epoch: [79][1099/1176]	Time  0.091 ( 0.093)	Data  0.000 ( 0.000)	Loss 0.0000e+00 (0.0000e+00)	Acc@1 100.00 (100.00)	Acc@5 100.00 (100.00)
16-Mar-26 10:35:08 -  @Training * Acc@1 100.000 Acc@5 100.000 Loss 0.000
16-Mar-26 10:35:08 - One training epoch latency: 109.8s | Avg Power: 232.1W | Energy: 25484.1769J
16-Mar-26 10:35:15 -  @Testing * Acc@1 94.792 Acc@5 99.306 Loss 1.178
16-Mar-26 10:35:15 - Best acc at epoch 79: 95.1388931274414
16-Mar-26 10:35:15 - Last learning rate: [3.0517578125e-08]
16-Mar-26 10:35:15 - 	 Epoch 80...
16-Mar-26 10:35:24 - Epoch: [80][  99/1176]	Time  0.093 ( 0.095)	Data  0.000 ( 0.002)	Loss 0.0000e+00 (0.0000e+00)	Acc@1 100.00 (100.00)	Acc@5 100.00 (100.00)
16-Mar-26 10:35:33 - Epoch: [80][ 199/1176]	Time  0.091 ( 0.094)	Data  0.000 ( 0.001)	Loss 0.0000e+00 (0.0000e+00)	Acc@1 100.00 (100.00)	Acc@5 100.00 (100.00)
16-Mar-26 10:35:43 - Epoch: [80][ 299/1176]	Time  0.091 ( 0.094)	Data  0.000 ( 0.001)	Loss 0.0000e+00 (0.0000e+00)	Acc@1 100.00 (100.00)	Acc@5 100.00 (100.00)
16-Mar-26 10:35:52 - Epoch: [80][ 399/1176]	Time  0.092 ( 0.094)	Data  0.000 ( 0.001)	Loss 0.0000e+00 (0.0000e+00)	Acc@1 100.00 (100.00)	Acc@5 100.00 (100.00)
16-Mar-26 10:36:02 - Epoch: [80][ 499/1176]	Time  0.089 ( 0.094)	Data  0.000 ( 0.000)	Loss 0.0000e+00 (0.0000e+00)	Acc@1 100.00 (100.00)	Acc@5 100.00 (100.00)
16-Mar-26 10:36:11 - Epoch: [80][ 599/1176]	Time  0.092 ( 0.094)	Data  0.000 ( 0.000)	Loss 0.0000e+00 (0.0000e+00)	Acc@1 100.00 (100.00)	Acc@5 100.00 (100.00)
16-Mar-26 10:36:20 - Epoch: [80][ 699/1176]	Time  0.091 ( 0.094)	Data  0.000 ( 0.000)	Loss 0.0000e+00 (0.0000e+00)	Acc@1 100.00 (100.00)	Acc@5 100.00 (100.00)
16-Mar-26 10:36:30 - Epoch: [80][ 799/1176]	Time  0.091 ( 0.094)	Data  0.000 ( 0.000)	Loss 0.0000e+00 (0.0000e+00)	Acc@1 100.00 (100.00)	Acc@5 100.00 (100.00)
16-Mar-26 10:36:39 - Epoch: [80][ 899/1176]	Time  0.092 ( 0.094)	Data  0.000 ( 0.000)	Loss 0.0000e+00 (0.0000e+00)	Acc@1 100.00 (100.00)	Acc@5 100.00 (100.00)
16-Mar-26 10:36:48 - Epoch: [80][ 999/1176]	Time  0.093 ( 0.094)	Data  0.000 ( 0.000)	Loss 0.0000e+00 (0.0000e+00)	Acc@1 100.00 (100.00)	Acc@5 100.00 (100.00)
16-Mar-26 10:36:58 - Epoch: [80][1099/1176]	Time  0.100 ( 0.094)	Data  0.000 ( 0.000)	Loss 0.0000e+00 (0.0000e+00)	Acc@1 100.00 (100.00)	Acc@5 100.00 (100.00)
16-Mar-26 10:37:05 -  @Training * Acc@1 100.000 Acc@5 100.000 Loss 0.000
16-Mar-26 10:37:05 - One training epoch latency: 110.0s | Avg Power: 228.8W | Energy: 25172.0763J
16-Mar-26 10:37:12 -  @Testing * Acc@1 95.139 Acc@5 99.306 Loss 1.189
16-Mar-26 10:37:12 - Best acc at epoch 80: 95.1388931274414
16-Mar-26 10:37:12 - Last learning rate: [3.0517578125e-08]
16-Mar-26 10:37:12 - 	 Epoch 81...
16-Mar-26 10:37:21 - Epoch: [81][  99/1176]	Time  0.092 ( 0.095)	Data  0.000 ( 0.002)	Loss 0.0000e+00 (0.0000e+00)	Acc@1 100.00 (100.00)	Acc@5 100.00 (100.00)
16-Mar-26 10:37:31 - Epoch: [81][ 199/1176]	Time  0.091 ( 0.094)	Data  0.000 ( 0.001)	Loss 0.0000e+00 (0.0000e+00)	Acc@1 100.00 (100.00)	Acc@5 100.00 (100.00)
16-Mar-26 10:37:40 - Epoch: [81][ 299/1176]	Time  0.091 ( 0.094)	Data  0.000 ( 0.001)	Loss 0.0000e+00 (0.0000e+00)	Acc@1 100.00 (100.00)	Acc@5 100.00 (100.00)
16-Mar-26 10:37:49 - Epoch: [81][ 399/1176]	Time  0.092 ( 0.094)	Data  0.000 ( 0.001)	Loss 0.0000e+00 (0.0000e+00)	Acc@1 100.00 (100.00)	Acc@5 100.00 (100.00)
16-Mar-26 10:37:59 - Epoch: [81][ 499/1176]	Time  0.093 ( 0.094)	Data  0.000 ( 0.001)	Loss 0.0000e+00 (0.0000e+00)	Acc@1 100.00 (100.00)	Acc@5 100.00 (100.00)
16-Mar-26 10:38:08 - Epoch: [81][ 599/1176]	Time  0.091 ( 0.094)	Data  0.000 ( 0.000)	Loss 0.0000e+00 (0.0000e+00)	Acc@1 100.00 (100.00)	Acc@5 100.00 (100.00)
16-Mar-26 10:38:17 - Epoch: [81][ 699/1176]	Time  0.091 ( 0.093)	Data  0.000 ( 0.000)	Loss 0.0000e+00 (0.0000e+00)	Acc@1 100.00 (100.00)	Acc@5 100.00 (100.00)
16-Mar-26 10:38:27 - Epoch: [81][ 799/1176]	Time  0.112 ( 0.093)	Data  0.000 ( 0.000)	Loss 0.0000e+00 (0.0000e+00)	Acc@1 100.00 (100.00)	Acc@5 100.00 (100.00)
16-Mar-26 10:38:36 - Epoch: [81][ 899/1176]	Time  0.092 ( 0.093)	Data  0.000 ( 0.000)	Loss 0.0000e+00 (0.0000e+00)	Acc@1 100.00 (100.00)	Acc@5 100.00 (100.00)
16-Mar-26 10:38:45 - Epoch: [81][ 999/1176]	Time  0.092 ( 0.093)	Data  0.000 ( 0.000)	Loss 0.0000e+00 (0.0000e+00)	Acc@1 100.00 (100.00)	Acc@5 100.00 (100.00)
16-Mar-26 10:38:55 - Epoch: [81][1099/1176]	Time  0.115 ( 0.093)	Data  0.000 ( 0.000)	Loss 0.0000e+00 (0.0000e+00)	Acc@1 100.00 (100.00)	Acc@5 100.00 (100.00)
16-Mar-26 10:39:02 -  @Training * Acc@1 100.000 Acc@5 100.000 Loss 0.000
16-Mar-26 10:39:02 - One training epoch latency: 109.9s | Avg Power: 230.8W | Energy: 25354.5228J
16-Mar-26 10:39:09 -  @Testing * Acc@1 94.792 Acc@5 99.306 Loss 1.167
16-Mar-26 10:39:09 - Best acc at epoch 81: 95.1388931274414
16-Mar-26 10:39:09 - Last learning rate: [3.0517578125e-08]
16-Mar-26 10:39:09 - 	 Epoch 82...
16-Mar-26 10:39:18 - Epoch: [82][  99/1176]	Time  0.091 ( 0.095)	Data  0.000 ( 0.002)	Loss 0.0000e+00 (0.0000e+00)	Acc@1 100.00 (100.00)	Acc@5 100.00 (100.00)
16-Mar-26 10:39:28 - Epoch: [82][ 199/1176]	Time  0.095 ( 0.094)	Data  0.001 ( 0.001)	Loss 0.0000e+00 (0.0000e+00)	Acc@1 100.00 (100.00)	Acc@5 100.00 (100.00)
16-Mar-26 10:39:37 - Epoch: [82][ 299/1176]	Time  0.091 ( 0.094)	Data  0.000 ( 0.001)	Loss 0.0000e+00 (0.0000e+00)	Acc@1 100.00 (100.00)	Acc@5 100.00 (100.00)
16-Mar-26 10:39:46 - Epoch: [82][ 399/1176]	Time  0.092 ( 0.094)	Data  0.000 ( 0.001)	Loss 0.0000e+00 (0.0000e+00)	Acc@1 100.00 (100.00)	Acc@5 100.00 (100.00)
16-Mar-26 10:39:56 - Epoch: [82][ 499/1176]	Time  0.116 ( 0.093)	Data  0.000 ( 0.000)	Loss 0.0000e+00 (0.0000e+00)	Acc@1 100.00 (100.00)	Acc@5 100.00 (100.00)
16-Mar-26 10:40:05 - Epoch: [82][ 599/1176]	Time  0.093 ( 0.093)	Data  0.000 ( 0.000)	Loss 0.0000e+00 (0.0000e+00)	Acc@1 100.00 (100.00)	Acc@5 100.00 (100.00)
16-Mar-26 10:40:14 - Epoch: [82][ 699/1176]	Time  0.092 ( 0.093)	Data  0.000 ( 0.000)	Loss 0.0000e+00 (0.0000e+00)	Acc@1 100.00 (100.00)	Acc@5 100.00 (100.00)
16-Mar-26 10:40:23 - Epoch: [82][ 799/1176]	Time  0.092 ( 0.093)	Data  0.000 ( 0.000)	Loss 0.0000e+00 (0.0000e+00)	Acc@1 100.00 (100.00)	Acc@5 100.00 (100.00)
16-Mar-26 10:40:33 - Epoch: [82][ 899/1176]	Time  0.092 ( 0.093)	Data  0.000 ( 0.000)	Loss 0.0000e+00 (0.0000e+00)	Acc@1 100.00 (100.00)	Acc@5 100.00 (100.00)
16-Mar-26 10:40:42 - Epoch: [82][ 999/1176]	Time  0.092 ( 0.093)	Data  0.000 ( 0.000)	Loss 0.0000e+00 (0.0000e+00)	Acc@1 100.00 (100.00)	Acc@5 100.00 (100.00)
16-Mar-26 10:40:51 - Epoch: [82][1099/1176]	Time  0.092 ( 0.093)	Data  0.000 ( 0.000)	Loss 0.0000e+00 (0.0000e+00)	Acc@1 100.00 (100.00)	Acc@5 100.00 (100.00)
16-Mar-26 10:40:59 -  @Training * Acc@1 100.000 Acc@5 100.000 Loss 0.000
16-Mar-26 10:40:59 - One training epoch latency: 109.8s | Avg Power: 231.7W | Energy: 25440.3272J
16-Mar-26 10:41:06 -  @Testing * Acc@1 94.792 Acc@5 99.306 Loss 1.146
16-Mar-26 10:41:06 - Best acc at epoch 82: 95.1388931274414
16-Mar-26 10:41:06 - Last learning rate: [1.52587890625e-08]
16-Mar-26 10:41:06 - 	 Epoch 83...
16-Mar-26 10:41:15 - Epoch: [83][  99/1176]	Time  0.092 ( 0.095)	Data  0.000 ( 0.002)	Loss 0.0000e+00 (0.0000e+00)	Acc@1 100.00 (100.00)	Acc@5 100.00 (100.00)
16-Mar-26 10:41:25 - Epoch: [83][ 199/1176]	Time  0.093 ( 0.094)	Data  0.000 ( 0.001)	Loss 0.0000e+00 (0.0000e+00)	Acc@1 100.00 (100.00)	Acc@5 100.00 (100.00)
16-Mar-26 10:41:34 - Epoch: [83][ 299/1176]	Time  0.091 ( 0.094)	Data  0.000 ( 0.001)	Loss 0.0000e+00 (0.0000e+00)	Acc@1 100.00 (100.00)	Acc@5 100.00 (100.00)
16-Mar-26 10:41:43 - Epoch: [83][ 399/1176]	Time  0.094 ( 0.094)	Data  0.000 ( 0.001)	Loss 0.0000e+00 (0.0000e+00)	Acc@1 100.00 (100.00)	Acc@5 100.00 (100.00)
16-Mar-26 10:41:53 - Epoch: [83][ 499/1176]	Time  0.091 ( 0.094)	Data  0.000 ( 0.001)	Loss 0.0000e+00 (0.0000e+00)	Acc@1 100.00 (100.00)	Acc@5 100.00 (100.00)
16-Mar-26 10:42:02 - Epoch: [83][ 599/1176]	Time  0.092 ( 0.094)	Data  0.000 ( 0.000)	Loss 0.0000e+00 (0.0000e+00)	Acc@1 100.00 (100.00)	Acc@5 100.00 (100.00)
16-Mar-26 10:42:11 - Epoch: [83][ 699/1176]	Time  0.092 ( 0.093)	Data  0.000 ( 0.000)	Loss 0.0000e+00 (0.0000e+00)	Acc@1 100.00 (100.00)	Acc@5 100.00 (100.00)
16-Mar-26 10:42:21 - Epoch: [83][ 799/1176]	Time  0.114 ( 0.093)	Data  0.000 ( 0.000)	Loss 0.0000e+00 (0.0000e+00)	Acc@1 100.00 (100.00)	Acc@5 100.00 (100.00)
16-Mar-26 10:42:30 - Epoch: [83][ 899/1176]	Time  0.089 ( 0.093)	Data  0.000 ( 0.000)	Loss 0.0000e+00 (0.0000e+00)	Acc@1 100.00 (100.00)	Acc@5 100.00 (100.00)
16-Mar-26 10:42:39 - Epoch: [83][ 999/1176]	Time  0.097 ( 0.093)	Data  0.000 ( 0.000)	Loss 0.0000e+00 (0.0000e+00)	Acc@1 100.00 (100.00)	Acc@5 100.00 (100.00)
16-Mar-26 10:42:49 - Epoch: [83][1099/1176]	Time  0.115 ( 0.093)	Data  0.000 ( 0.000)	Loss 0.0000e+00 (0.0000e+00)	Acc@1 100.00 (100.00)	Acc@5 100.00 (100.00)
16-Mar-26 10:42:56 -  @Training * Acc@1 100.000 Acc@5 100.000 Loss 0.000
16-Mar-26 10:42:56 - One training epoch latency: 109.9s | Avg Power: 228.4W | Energy: 25096.3870J
16-Mar-26 10:43:03 -  @Testing * Acc@1 94.792 Acc@5 99.306 Loss 1.176
16-Mar-26 10:43:03 - Best acc at epoch 83: 95.1388931274414
16-Mar-26 10:43:03 - Last learning rate: [1.52587890625e-08]
16-Mar-26 10:43:03 - 	 Epoch 84...
16-Mar-26 10:43:12 - Epoch: [84][  99/1176]	Time  0.093 ( 0.095)	Data  0.000 ( 0.002)	Loss 0.0000e+00 (0.0000e+00)	Acc@1 100.00 (100.00)	Acc@5 100.00 (100.00)
16-Mar-26 10:43:22 - Epoch: [84][ 199/1176]	Time  0.092 ( 0.094)	Data  0.000 ( 0.001)	Loss 0.0000e+00 (0.0000e+00)	Acc@1 100.00 (100.00)	Acc@5 100.00 (100.00)
16-Mar-26 10:43:31 - Epoch: [84][ 299/1176]	Time  0.092 ( 0.094)	Data  0.000 ( 0.001)	Loss 0.0000e+00 (0.0000e+00)	Acc@1 100.00 (100.00)	Acc@5 100.00 (100.00)
16-Mar-26 10:43:40 - Epoch: [84][ 399/1176]	Time  0.092 ( 0.094)	Data  0.000 ( 0.001)	Loss 0.0000e+00 (0.0000e+00)	Acc@1 100.00 (100.00)	Acc@5 100.00 (100.00)
16-Mar-26 10:43:50 - Epoch: [84][ 499/1176]	Time  0.095 ( 0.094)	Data  0.001 ( 0.001)	Loss 0.0000e+00 (0.0000e+00)	Acc@1 100.00 (100.00)	Acc@5 100.00 (100.00)
16-Mar-26 10:43:59 - Epoch: [84][ 599/1176]	Time  0.090 ( 0.094)	Data  0.000 ( 0.000)	Loss 0.0000e+00 (0.0000e+00)	Acc@1 100.00 (100.00)	Acc@5 100.00 (100.00)
16-Mar-26 10:44:08 - Epoch: [84][ 699/1176]	Time  0.091 ( 0.094)	Data  0.000 ( 0.000)	Loss 0.0000e+00 (0.0000e+00)	Acc@1 100.00 (100.00)	Acc@5 100.00 (100.00)
16-Mar-26 10:44:18 - Epoch: [84][ 799/1176]	Time  0.091 ( 0.094)	Data  0.000 ( 0.000)	Loss 0.0000e+00 (0.0000e+00)	Acc@1 100.00 (100.00)	Acc@5 100.00 (100.00)
16-Mar-26 10:44:27 - Epoch: [84][ 899/1176]	Time  0.092 ( 0.094)	Data  0.000 ( 0.000)	Loss 0.0000e+00 (0.0000e+00)	Acc@1 100.00 (100.00)	Acc@5 100.00 (100.00)
16-Mar-26 10:44:36 - Epoch: [84][ 999/1176]	Time  0.092 ( 0.094)	Data  0.000 ( 0.000)	Loss 0.0000e+00 (0.0000e+00)	Acc@1 100.00 (100.00)	Acc@5 100.00 (100.00)
16-Mar-26 10:44:46 - Epoch: [84][1099/1176]	Time  0.089 ( 0.094)	Data  0.000 ( 0.000)	Loss 0.0000e+00 (0.0000e+00)	Acc@1 100.00 (100.00)	Acc@5 100.00 (100.00)
16-Mar-26 10:44:53 -  @Training * Acc@1 100.000 Acc@5 100.000 Loss 0.000
16-Mar-26 10:44:53 - One training epoch latency: 110.0s | Avg Power: 231.5W | Energy: 25470.4881J
16-Mar-26 10:45:00 -  @Testing * Acc@1 94.792 Acc@5 99.306 Loss 1.160
16-Mar-26 10:45:00 - Best acc at epoch 84: 95.1388931274414
16-Mar-26 10:45:00 - Last learning rate: [1.52587890625e-08]
16-Mar-26 10:45:00 - 	 Epoch 85...
16-Mar-26 10:45:09 - Epoch: [85][  99/1176]	Time  0.091 ( 0.095)	Data  0.000 ( 0.002)	Loss 0.0000e+00 (0.0000e+00)	Acc@1 100.00 (100.00)	Acc@5 100.00 (100.00)
16-Mar-26 10:45:19 - Epoch: [85][ 199/1176]	Time  0.093 ( 0.094)	Data  0.000 ( 0.001)	Loss 0.0000e+00 (0.0000e+00)	Acc@1 100.00 (100.00)	Acc@5 100.00 (100.00)
16-Mar-26 10:45:28 - Epoch: [85][ 299/1176]	Time  0.093 ( 0.094)	Data  0.000 ( 0.001)	Loss 0.0000e+00 (0.0000e+00)	Acc@1 100.00 (100.00)	Acc@5 100.00 (100.00)
16-Mar-26 10:45:38 - Epoch: [85][ 399/1176]	Time  0.102 ( 0.094)	Data  0.000 ( 0.001)	Loss 0.0000e+00 (0.0000e+00)	Acc@1 100.00 (100.00)	Acc@5 100.00 (100.00)
16-Mar-26 10:45:47 - Epoch: [85][ 499/1176]	Time  0.092 ( 0.094)	Data  0.000 ( 0.000)	Loss 0.0000e+00 (0.0000e+00)	Acc@1 100.00 (100.00)	Acc@5 100.00 (100.00)
16-Mar-26 10:45:56 - Epoch: [85][ 599/1176]	Time  0.090 ( 0.094)	Data  0.000 ( 0.000)	Loss 0.0000e+00 (0.0000e+00)	Acc@1 100.00 (100.00)	Acc@5 100.00 (100.00)
16-Mar-26 10:46:05 - Epoch: [85][ 699/1176]	Time  0.092 ( 0.094)	Data  0.000 ( 0.000)	Loss 0.0000e+00 (0.0000e+00)	Acc@1 100.00 (100.00)	Acc@5 100.00 (100.00)
16-Mar-26 10:46:15 - Epoch: [85][ 799/1176]	Time  0.090 ( 0.094)	Data  0.000 ( 0.000)	Loss 0.0000e+00 (0.0000e+00)	Acc@1 100.00 (100.00)	Acc@5 100.00 (100.00)
16-Mar-26 10:46:24 - Epoch: [85][ 899/1176]	Time  0.092 ( 0.094)	Data  0.000 ( 0.000)	Loss 0.0000e+00 (0.0000e+00)	Acc@1 100.00 (100.00)	Acc@5 100.00 (100.00)
16-Mar-26 10:46:34 - Epoch: [85][ 999/1176]	Time  0.111 ( 0.094)	Data  0.000 ( 0.000)	Loss 0.0000e+00 (0.0000e+00)	Acc@1 100.00 (100.00)	Acc@5 100.00 (100.00)
16-Mar-26 10:46:43 - Epoch: [85][1099/1176]	Time  0.092 ( 0.094)	Data  0.000 ( 0.000)	Loss 0.0000e+00 (0.0000e+00)	Acc@1 100.00 (100.00)	Acc@5 100.00 (100.00)
16-Mar-26 10:46:50 -  @Training * Acc@1 100.000 Acc@5 100.000 Loss 0.000
16-Mar-26 10:46:50 - One training epoch latency: 110.1s | Avg Power: 230.4W | Energy: 25371.9352J
16-Mar-26 10:46:57 -  @Testing * Acc@1 94.792 Acc@5 99.306 Loss 1.184
16-Mar-26 10:46:57 - Best acc at epoch 85: 95.1388931274414
16-Mar-26 10:46:57 - Last learning rate: [1.52587890625e-08]
16-Mar-26 10:46:57 - 	 Epoch 86...
16-Mar-26 10:47:07 - Epoch: [86][  99/1176]	Time  0.093 ( 0.096)	Data  0.000 ( 0.002)	Loss 0.0000e+00 (0.0000e+00)	Acc@1 100.00 (100.00)	Acc@5 100.00 (100.00)
16-Mar-26 10:47:16 - Epoch: [86][ 199/1176]	Time  0.091 ( 0.094)	Data  0.000 ( 0.001)	Loss 0.0000e+00 (0.0000e+00)	Acc@1 100.00 (100.00)	Acc@5 100.00 (100.00)
16-Mar-26 10:47:26 - Epoch: [86][ 299/1176]	Time  0.105 ( 0.094)	Data  0.000 ( 0.001)	Loss 0.0000e+00 (0.0000e+00)	Acc@1 100.00 (100.00)	Acc@5 100.00 (100.00)
16-Mar-26 10:47:35 - Epoch: [86][ 399/1176]	Time  0.092 ( 0.094)	Data  0.000 ( 0.001)	Loss 0.0000e+00 (0.0000e+00)	Acc@1 100.00 (100.00)	Acc@5 100.00 (100.00)
16-Mar-26 10:47:44 - Epoch: [86][ 499/1176]	Time  0.091 ( 0.094)	Data  0.000 ( 0.001)	Loss 0.0000e+00 (0.0000e+00)	Acc@1 100.00 (100.00)	Acc@5 100.00 (100.00)
16-Mar-26 10:47:54 - Epoch: [86][ 599/1176]	Time  0.092 ( 0.094)	Data  0.000 ( 0.001)	Loss 0.0000e+00 (0.0000e+00)	Acc@1 100.00 (100.00)	Acc@5 100.00 (100.00)
16-Mar-26 10:48:03 - Epoch: [86][ 699/1176]	Time  0.092 ( 0.094)	Data  0.000 ( 0.001)	Loss 0.0000e+00 (0.0000e+00)	Acc@1 100.00 (100.00)	Acc@5 100.00 (100.00)
16-Mar-26 10:48:12 - Epoch: [86][ 799/1176]	Time  0.092 ( 0.093)	Data  0.000 ( 0.000)	Loss 0.0000e+00 (0.0000e+00)	Acc@1 100.00 (100.00)	Acc@5 100.00 (100.00)
16-Mar-26 10:48:21 - Epoch: [86][ 899/1176]	Time  0.092 ( 0.093)	Data  0.000 ( 0.000)	Loss 0.0000e+00 (0.0000e+00)	Acc@1 100.00 (100.00)	Acc@5 100.00 (100.00)
16-Mar-26 10:48:31 - Epoch: [86][ 999/1176]	Time  0.091 ( 0.093)	Data  0.000 ( 0.000)	Loss 0.0000e+00 (0.0000e+00)	Acc@1 100.00 (100.00)	Acc@5 100.00 (100.00)
16-Mar-26 10:48:40 - Epoch: [86][1099/1176]	Time  0.088 ( 0.093)	Data  0.000 ( 0.000)	Loss 0.0000e+00 (0.0000e+00)	Acc@1 100.00 (100.00)	Acc@5 100.00 (100.00)
16-Mar-26 10:48:47 -  @Training * Acc@1 100.000 Acc@5 100.000 Loss 0.000
16-Mar-26 10:48:47 - One training epoch latency: 109.7s | Avg Power: 228.8W | Energy: 25100.0986J
16-Mar-26 10:48:54 -  @Testing * Acc@1 94.792 Acc@5 99.306 Loss 1.192
16-Mar-26 10:48:54 - Best acc at epoch 86: 95.1388931274414
16-Mar-26 10:48:54 - Last learning rate: [1.52587890625e-08]
16-Mar-26 10:48:54 - 	 Epoch 87...
16-Mar-26 10:49:04 - Epoch: [87][  99/1176]	Time  0.097 ( 0.095)	Data  0.000 ( 0.002)	Loss 0.0000e+00 (0.0000e+00)	Acc@1 100.00 (100.00)	Acc@5 100.00 (100.00)
16-Mar-26 10:49:13 - Epoch: [87][ 199/1176]	Time  0.092 ( 0.094)	Data  0.000 ( 0.001)	Loss 0.0000e+00 (0.0000e+00)	Acc@1 100.00 (100.00)	Acc@5 100.00 (100.00)
16-Mar-26 10:49:22 - Epoch: [87][ 299/1176]	Time  0.091 ( 0.094)	Data  0.000 ( 0.001)	Loss 0.0000e+00 (0.0000e+00)	Acc@1 100.00 (100.00)	Acc@5 100.00 (100.00)
16-Mar-26 10:49:32 - Epoch: [87][ 399/1176]	Time  0.093 ( 0.094)	Data  0.000 ( 0.001)	Loss 0.0000e+00 (0.0000e+00)	Acc@1 100.00 (100.00)	Acc@5 100.00 (100.00)
16-Mar-26 10:49:41 - Epoch: [87][ 499/1176]	Time  0.092 ( 0.093)	Data  0.000 ( 0.001)	Loss 0.0000e+00 (0.0000e+00)	Acc@1 100.00 (100.00)	Acc@5 100.00 (100.00)
16-Mar-26 10:49:50 - Epoch: [87][ 599/1176]	Time  0.091 ( 0.093)	Data  0.000 ( 0.000)	Loss 0.0000e+00 (0.0000e+00)	Acc@1 100.00 (100.00)	Acc@5 100.00 (100.00)
16-Mar-26 10:50:00 - Epoch: [87][ 699/1176]	Time  0.091 ( 0.093)	Data  0.000 ( 0.000)	Loss 0.0000e+00 (0.0000e+00)	Acc@1 100.00 (100.00)	Acc@5 100.00 (100.00)
16-Mar-26 10:50:09 - Epoch: [87][ 799/1176]	Time  0.097 ( 0.093)	Data  0.000 ( 0.000)	Loss 0.0000e+00 (0.0000e+00)	Acc@1 100.00 (100.00)	Acc@5 100.00 (100.00)
16-Mar-26 10:50:18 - Epoch: [87][ 899/1176]	Time  0.091 ( 0.093)	Data  0.000 ( 0.000)	Loss 0.0000e+00 (0.0000e+00)	Acc@1 100.00 (100.00)	Acc@5 100.00 (100.00)
16-Mar-26 10:50:28 - Epoch: [87][ 999/1176]	Time  0.092 ( 0.093)	Data  0.000 ( 0.000)	Loss 0.0000e+00 (0.0000e+00)	Acc@1 100.00 (100.00)	Acc@5 100.00 (100.00)
16-Mar-26 10:50:37 - Epoch: [87][1099/1176]	Time  0.092 ( 0.093)	Data  0.000 ( 0.000)	Loss 0.0000e+00 (0.0000e+00)	Acc@1 100.00 (100.00)	Acc@5 100.00 (100.00)
16-Mar-26 10:50:44 -  @Training * Acc@1 100.000 Acc@5 100.000 Loss 0.000
16-Mar-26 10:50:44 - One training epoch latency: 109.9s | Avg Power: 232.5W | Energy: 25544.1549J
16-Mar-26 10:50:51 -  @Testing * Acc@1 94.792 Acc@5 99.306 Loss 1.173
16-Mar-26 10:50:51 - Best acc at epoch 87: 95.1388931274414
16-Mar-26 10:50:51 - Last learning rate: [1.52587890625e-08]
16-Mar-26 10:50:51 - 	 Epoch 88...
16-Mar-26 10:51:01 - Epoch: [88][  99/1176]	Time  0.092 ( 0.096)	Data  0.000 ( 0.002)	Loss 0.0000e+00 (0.0000e+00)	Acc@1 100.00 (100.00)	Acc@5 100.00 (100.00)
16-Mar-26 10:51:10 - Epoch: [88][ 199/1176]	Time  0.091 ( 0.095)	Data  0.000 ( 0.001)	Loss 0.0000e+00 (0.0000e+00)	Acc@1 100.00 (100.00)	Acc@5 100.00 (100.00)
16-Mar-26 10:51:19 - Epoch: [88][ 299/1176]	Time  0.092 ( 0.094)	Data  0.000 ( 0.001)	Loss 0.0000e+00 (0.0000e+00)	Acc@1 100.00 (100.00)	Acc@5 100.00 (100.00)
16-Mar-26 10:51:29 - Epoch: [88][ 399/1176]	Time  0.093 ( 0.094)	Data  0.000 ( 0.001)	Loss 0.0000e+00 (0.0000e+00)	Acc@1 100.00 (100.00)	Acc@5 100.00 (100.00)
16-Mar-26 10:51:38 - Epoch: [88][ 499/1176]	Time  0.091 ( 0.094)	Data  0.000 ( 0.001)	Loss 0.0000e+00 (0.0000e+00)	Acc@1 100.00 (100.00)	Acc@5 100.00 (100.00)
16-Mar-26 10:51:47 - Epoch: [88][ 599/1176]	Time  0.092 ( 0.094)	Data  0.000 ( 0.001)	Loss 0.0000e+00 (0.0000e+00)	Acc@1 100.00 (100.00)	Acc@5 100.00 (100.00)
16-Mar-26 10:51:57 - Epoch: [88][ 699/1176]	Time  0.094 ( 0.094)	Data  0.000 ( 0.000)	Loss 0.0000e+00 (0.0000e+00)	Acc@1 100.00 (100.00)	Acc@5 100.00 (100.00)
16-Mar-26 10:52:06 - Epoch: [88][ 799/1176]	Time  0.091 ( 0.094)	Data  0.000 ( 0.000)	Loss 0.0000e+00 (0.0000e+00)	Acc@1 100.00 (100.00)	Acc@5 100.00 (100.00)
16-Mar-26 10:52:15 - Epoch: [88][ 899/1176]	Time  0.091 ( 0.093)	Data  0.000 ( 0.000)	Loss 0.0000e+00 (0.0000e+00)	Acc@1 100.00 (100.00)	Acc@5 100.00 (100.00)
16-Mar-26 10:52:25 - Epoch: [88][ 999/1176]	Time  0.092 ( 0.093)	Data  0.000 ( 0.000)	Loss 0.0000e+00 (0.0000e+00)	Acc@1 100.00 (100.00)	Acc@5 100.00 (100.00)
16-Mar-26 10:52:34 - Epoch: [88][1099/1176]	Time  0.092 ( 0.093)	Data  0.000 ( 0.000)	Loss 0.0000e+00 (0.0000e+00)	Acc@1 100.00 (100.00)	Acc@5 100.00 (100.00)
16-Mar-26 10:52:41 -  @Training * Acc@1 100.000 Acc@5 100.000 Loss 0.000
16-Mar-26 10:52:41 - One training epoch latency: 109.9s | Avg Power: 230.1W | Energy: 25292.2486J
16-Mar-26 10:52:48 -  @Testing * Acc@1 94.792 Acc@5 99.306 Loss 1.186
16-Mar-26 10:52:48 - Best acc at epoch 88: 95.1388931274414
16-Mar-26 10:52:48 - Last learning rate: [1.52587890625e-08]
16-Mar-26 10:52:48 - 	 Epoch 89...
16-Mar-26 10:52:58 - Epoch: [89][  99/1176]	Time  0.095 ( 0.095)	Data  0.000 ( 0.002)	Loss 0.0000e+00 (0.0000e+00)	Acc@1 100.00 (100.00)	Acc@5 100.00 (100.00)
16-Mar-26 10:53:07 - Epoch: [89][ 199/1176]	Time  0.092 ( 0.094)	Data  0.000 ( 0.001)	Loss 0.0000e+00 (0.0000e+00)	Acc@1 100.00 (100.00)	Acc@5 100.00 (100.00)
16-Mar-26 10:53:17 - Epoch: [89][ 299/1176]	Time  0.103 ( 0.094)	Data  0.000 ( 0.001)	Loss 0.0000e+00 (0.0000e+00)	Acc@1 100.00 (100.00)	Acc@5 100.00 (100.00)
16-Mar-26 10:53:26 - Epoch: [89][ 399/1176]	Time  0.090 ( 0.094)	Data  0.000 ( 0.000)	Loss 0.0000e+00 (0.0000e+00)	Acc@1 100.00 (100.00)	Acc@5 100.00 (100.00)
16-Mar-26 10:53:35 - Epoch: [89][ 499/1176]	Time  0.089 ( 0.094)	Data  0.000 ( 0.000)	Loss 0.0000e+00 (0.0000e+00)	Acc@1 100.00 (100.00)	Acc@5 100.00 (100.00)
16-Mar-26 10:53:45 - Epoch: [89][ 599/1176]	Time  0.110 ( 0.094)	Data  0.000 ( 0.000)	Loss 0.0000e+00 (0.0000e+00)	Acc@1 100.00 (100.00)	Acc@5 100.00 (100.00)
16-Mar-26 10:53:54 - Epoch: [89][ 699/1176]	Time  0.092 ( 0.094)	Data  0.000 ( 0.000)	Loss 0.0000e+00 (0.0000e+00)	Acc@1 100.00 (100.00)	Acc@5 100.00 (100.00)
16-Mar-26 10:54:03 - Epoch: [89][ 799/1176]	Time  0.095 ( 0.094)	Data  0.000 ( 0.000)	Loss 0.0000e+00 (0.0000e+00)	Acc@1 100.00 (100.00)	Acc@5 100.00 (100.00)
16-Mar-26 10:54:13 - Epoch: [89][ 899/1176]	Time  0.101 ( 0.094)	Data  0.000 ( 0.000)	Loss 0.0000e+00 (0.0000e+00)	Acc@1 100.00 (100.00)	Acc@5 100.00 (100.00)
16-Mar-26 10:54:22 - Epoch: [89][ 999/1176]	Time  0.091 ( 0.094)	Data  0.000 ( 0.000)	Loss 0.0000e+00 (0.0000e+00)	Acc@1 100.00 (100.00)	Acc@5 100.00 (100.00)
16-Mar-26 10:54:31 - Epoch: [89][1099/1176]	Time  0.092 ( 0.094)	Data  0.000 ( 0.000)	Loss 0.0000e+00 (0.0000e+00)	Acc@1 100.00 (100.00)	Acc@5 100.00 (100.00)
16-Mar-26 10:54:38 -  @Training * Acc@1 100.000 Acc@5 100.000 Loss 0.000
16-Mar-26 10:54:38 - One training epoch latency: 110.0s | Avg Power: 230.7W | Energy: 25372.0287J
16-Mar-26 10:54:45 -  @Testing * Acc@1 94.792 Acc@5 99.306 Loss 1.213
16-Mar-26 10:54:45 - Best acc at epoch 89: 95.1388931274414
16-Mar-26 10:54:45 - Last learning rate: [1.52587890625e-08]
16-Mar-26 10:54:45 - 	 Epoch 90...
16-Mar-26 10:54:55 - Epoch: [90][  99/1176]	Time  0.092 ( 0.095)	Data  0.000 ( 0.002)	Loss 0.0000e+00 (0.0000e+00)	Acc@1 100.00 (100.00)	Acc@5 100.00 (100.00)
16-Mar-26 10:55:04 - Epoch: [90][ 199/1176]	Time  0.092 ( 0.094)	Data  0.000 ( 0.001)	Loss 0.0000e+00 (0.0000e+00)	Acc@1 100.00 (100.00)	Acc@5 100.00 (100.00)
16-Mar-26 10:55:14 - Epoch: [90][ 299/1176]	Time  0.092 ( 0.094)	Data  0.000 ( 0.001)	Loss 0.0000e+00 (0.0000e+00)	Acc@1 100.00 (100.00)	Acc@5 100.00 (100.00)
16-Mar-26 10:55:23 - Epoch: [90][ 399/1176]	Time  0.091 ( 0.094)	Data  0.000 ( 0.001)	Loss 0.0000e+00 (0.0000e+00)	Acc@1 100.00 (100.00)	Acc@5 100.00 (100.00)
16-Mar-26 10:55:32 - Epoch: [90][ 499/1176]	Time  0.090 ( 0.093)	Data  0.000 ( 0.001)	Loss 0.0000e+00 (0.0000e+00)	Acc@1 100.00 (100.00)	Acc@5 100.00 (100.00)
16-Mar-26 10:55:42 - Epoch: [90][ 599/1176]	Time  0.102 ( 0.093)	Data  0.000 ( 0.001)	Loss 0.0000e+00 (0.0000e+00)	Acc@1 100.00 (100.00)	Acc@5 100.00 (100.00)
16-Mar-26 10:55:51 - Epoch: [90][ 699/1176]	Time  0.092 ( 0.093)	Data  0.000 ( 0.001)	Loss 0.0000e+00 (0.0000e+00)	Acc@1 100.00 (100.00)	Acc@5 100.00 (100.00)
16-Mar-26 10:56:00 - Epoch: [90][ 799/1176]	Time  0.091 ( 0.093)	Data  0.000 ( 0.000)	Loss 0.0000e+00 (0.0000e+00)	Acc@1 100.00 (100.00)	Acc@5 100.00 (100.00)
16-Mar-26 10:56:09 - Epoch: [90][ 899/1176]	Time  0.090 ( 0.093)	Data  0.000 ( 0.000)	Loss 0.0000e+00 (0.0000e+00)	Acc@1 100.00 (100.00)	Acc@5 100.00 (100.00)
16-Mar-26 10:56:19 - Epoch: [90][ 999/1176]	Time  0.092 ( 0.093)	Data  0.000 ( 0.000)	Loss 0.0000e+00 (0.0000e+00)	Acc@1 100.00 (100.00)	Acc@5 100.00 (100.00)
16-Mar-26 10:56:28 - Epoch: [90][1099/1176]	Time  0.092 ( 0.093)	Data  0.000 ( 0.000)	Loss 0.0000e+00 (0.0000e+00)	Acc@1 100.00 (100.00)	Acc@5 100.00 (100.00)
16-Mar-26 10:56:35 -  @Training * Acc@1 100.000 Acc@5 100.000 Loss 0.000
16-Mar-26 10:56:35 - One training epoch latency: 109.8s | Avg Power: 231.7W | Energy: 25429.3904J
16-Mar-26 10:56:42 -  @Testing * Acc@1 94.792 Acc@5 99.306 Loss 1.202
16-Mar-26 10:56:42 - Best acc at epoch 90: 95.1388931274414
16-Mar-26 10:56:42 - Last learning rate: [1.52587890625e-08]
16-Mar-26 10:56:42 - 	 Epoch 91...
16-Mar-26 10:56:52 - Epoch: [91][  99/1176]	Time  0.093 ( 0.095)	Data  0.000 ( 0.002)	Loss 0.0000e+00 (0.0000e+00)	Acc@1 100.00 (100.00)	Acc@5 100.00 (100.00)
16-Mar-26 10:57:01 - Epoch: [91][ 199/1176]	Time  0.094 ( 0.095)	Data  0.000 ( 0.001)	Loss 0.0000e+00 (0.0000e+00)	Acc@1 100.00 (100.00)	Acc@5 100.00 (100.00)
16-Mar-26 10:57:11 - Epoch: [91][ 299/1176]	Time  0.094 ( 0.094)	Data  0.000 ( 0.001)	Loss 0.0000e+00 (0.0000e+00)	Acc@1 100.00 (100.00)	Acc@5 100.00 (100.00)
16-Mar-26 10:57:20 - Epoch: [91][ 399/1176]	Time  0.092 ( 0.094)	Data  0.000 ( 0.001)	Loss 0.0000e+00 (0.0000e+00)	Acc@1 100.00 (100.00)	Acc@5 100.00 (100.00)
16-Mar-26 10:57:29 - Epoch: [91][ 499/1176]	Time  0.092 ( 0.094)	Data  0.000 ( 0.001)	Loss 0.0000e+00 (0.0000e+00)	Acc@1 100.00 (100.00)	Acc@5 100.00 (100.00)
16-Mar-26 10:57:39 - Epoch: [91][ 599/1176]	Time  0.092 ( 0.094)	Data  0.000 ( 0.001)	Loss 0.0000e+00 (0.0000e+00)	Acc@1 100.00 (100.00)	Acc@5 100.00 (100.00)
16-Mar-26 10:57:48 - Epoch: [91][ 699/1176]	Time  0.091 ( 0.094)	Data  0.000 ( 0.000)	Loss 0.0000e+00 (0.0000e+00)	Acc@1 100.00 (100.00)	Acc@5 100.00 (100.00)
16-Mar-26 10:57:57 - Epoch: [91][ 799/1176]	Time  0.092 ( 0.094)	Data  0.000 ( 0.000)	Loss 0.0000e+00 (0.0000e+00)	Acc@1 100.00 (100.00)	Acc@5 100.00 (100.00)
16-Mar-26 10:58:07 - Epoch: [91][ 899/1176]	Time  0.092 ( 0.094)	Data  0.000 ( 0.000)	Loss 0.0000e+00 (0.0000e+00)	Acc@1 100.00 (100.00)	Acc@5 100.00 (100.00)
16-Mar-26 10:58:16 - Epoch: [91][ 999/1176]	Time  0.091 ( 0.094)	Data  0.000 ( 0.000)	Loss 0.0000e+00 (0.0000e+00)	Acc@1 100.00 (100.00)	Acc@5 100.00 (100.00)
16-Mar-26 10:58:25 - Epoch: [91][1099/1176]	Time  0.093 ( 0.094)	Data  0.000 ( 0.000)	Loss 0.0000e+00 (0.0000e+00)	Acc@1 100.00 (100.00)	Acc@5 100.00 (100.00)
16-Mar-26 10:58:33 -  @Training * Acc@1 100.000 Acc@5 100.000 Loss 0.000
16-Mar-26 10:58:33 - One training epoch latency: 110.2s | Avg Power: 227.8W | Energy: 25092.4633J
16-Mar-26 10:58:40 -  @Testing * Acc@1 94.792 Acc@5 99.306 Loss 1.187
16-Mar-26 10:58:40 - Best acc at epoch 91: 95.1388931274414
16-Mar-26 10:58:40 - Last learning rate: [1.52587890625e-08]
16-Mar-26 10:58:40 - 	 Epoch 92...
16-Mar-26 10:58:49 - Epoch: [92][  99/1176]	Time  0.092 ( 0.095)	Data  0.000 ( 0.002)	Loss 0.0000e+00 (0.0000e+00)	Acc@1 100.00 (100.00)	Acc@5 100.00 (100.00)
16-Mar-26 10:58:59 - Epoch: [92][ 199/1176]	Time  0.092 ( 0.094)	Data  0.000 ( 0.001)	Loss 0.0000e+00 (0.0000e+00)	Acc@1 100.00 (100.00)	Acc@5 100.00 (100.00)
16-Mar-26 10:59:08 - Epoch: [92][ 299/1176]	Time  0.092 ( 0.094)	Data  0.000 ( 0.001)	Loss 0.0000e+00 (0.0000e+00)	Acc@1 100.00 (100.00)	Acc@5 100.00 (100.00)
16-Mar-26 10:59:17 - Epoch: [92][ 399/1176]	Time  0.094 ( 0.094)	Data  0.000 ( 0.001)	Loss 0.0000e+00 (0.0000e+00)	Acc@1 100.00 (100.00)	Acc@5 100.00 (100.00)
16-Mar-26 10:59:27 - Epoch: [92][ 499/1176]	Time  0.092 ( 0.094)	Data  0.000 ( 0.001)	Loss 0.0000e+00 (0.0000e+00)	Acc@1 100.00 (100.00)	Acc@5 100.00 (100.00)
16-Mar-26 10:59:36 - Epoch: [92][ 599/1176]	Time  0.089 ( 0.094)	Data  0.000 ( 0.000)	Loss 0.0000e+00 (0.0000e+00)	Acc@1 100.00 (100.00)	Acc@5 100.00 (100.00)
16-Mar-26 10:59:45 - Epoch: [92][ 699/1176]	Time  0.092 ( 0.094)	Data  0.000 ( 0.000)	Loss 0.0000e+00 (0.0000e+00)	Acc@1 100.00 (100.00)	Acc@5 100.00 (100.00)
16-Mar-26 10:59:55 - Epoch: [92][ 799/1176]	Time  0.091 ( 0.093)	Data  0.000 ( 0.000)	Loss 0.0000e+00 (0.0000e+00)	Acc@1 100.00 (100.00)	Acc@5 100.00 (100.00)
16-Mar-26 11:00:04 - Epoch: [92][ 899/1176]	Time  0.091 ( 0.093)	Data  0.000 ( 0.000)	Loss 0.0000e+00 (0.0000e+00)	Acc@1 100.00 (100.00)	Acc@5 100.00 (100.00)
16-Mar-26 11:00:13 - Epoch: [92][ 999/1176]	Time  0.092 ( 0.093)	Data  0.001 ( 0.000)	Loss 0.0000e+00 (0.0000e+00)	Acc@1 100.00 (100.00)	Acc@5 100.00 (100.00)
16-Mar-26 11:00:23 - Epoch: [92][1099/1176]	Time  0.115 ( 0.093)	Data  0.000 ( 0.000)	Loss 0.0000e+00 (0.0000e+00)	Acc@1 100.00 (100.00)	Acc@5 100.00 (100.00)
16-Mar-26 11:00:30 -  @Training * Acc@1 100.000 Acc@5 100.000 Loss 0.000
16-Mar-26 11:00:30 - One training epoch latency: 109.8s | Avg Power: 231.9W | Energy: 25474.0823J
16-Mar-26 11:00:37 -  @Testing * Acc@1 94.792 Acc@5 99.306 Loss 1.188
16-Mar-26 11:00:37 - Best acc at epoch 92: 95.1388931274414
16-Mar-26 11:00:37 - Last learning rate: [1.52587890625e-08]
16-Mar-26 11:00:37 - 	 Epoch 93...
16-Mar-26 11:00:46 - Epoch: [93][  99/1176]	Time  0.092 ( 0.095)	Data  0.000 ( 0.002)	Loss 0.0000e+00 (0.0000e+00)	Acc@1 100.00 (100.00)	Acc@5 100.00 (100.00)
16-Mar-26 11:00:56 - Epoch: [93][ 199/1176]	Time  0.095 ( 0.094)	Data  0.001 ( 0.001)	Loss 0.0000e+00 (0.0000e+00)	Acc@1 100.00 (100.00)	Acc@5 100.00 (100.00)
16-Mar-26 11:01:05 - Epoch: [93][ 299/1176]	Time  0.090 ( 0.094)	Data  0.000 ( 0.001)	Loss 0.0000e+00 (0.0000e+00)	Acc@1 100.00 (100.00)	Acc@5 100.00 (100.00)
16-Mar-26 11:01:14 - Epoch: [93][ 399/1176]	Time  0.088 ( 0.094)	Data  0.000 ( 0.001)	Loss 0.0000e+00 (0.0000e+00)	Acc@1 100.00 (100.00)	Acc@5 100.00 (100.00)
16-Mar-26 11:01:24 - Epoch: [93][ 499/1176]	Time  0.114 ( 0.094)	Data  0.000 ( 0.000)	Loss 0.0000e+00 (0.0000e+00)	Acc@1 100.00 (100.00)	Acc@5 100.00 (100.00)
16-Mar-26 11:01:33 - Epoch: [93][ 599/1176]	Time  0.093 ( 0.093)	Data  0.000 ( 0.000)	Loss 0.0000e+00 (0.0000e+00)	Acc@1 100.00 (100.00)	Acc@5 100.00 (100.00)
16-Mar-26 11:01:42 - Epoch: [93][ 699/1176]	Time  0.092 ( 0.093)	Data  0.000 ( 0.000)	Loss 0.0000e+00 (0.0000e+00)	Acc@1 100.00 (100.00)	Acc@5 100.00 (100.00)
16-Mar-26 11:01:51 - Epoch: [93][ 799/1176]	Time  0.092 ( 0.093)	Data  0.000 ( 0.000)	Loss 0.0000e+00 (0.0000e+00)	Acc@1 100.00 (100.00)	Acc@5 100.00 (100.00)
16-Mar-26 11:02:01 - Epoch: [93][ 899/1176]	Time  0.092 ( 0.093)	Data  0.000 ( 0.000)	Loss 0.0000e+00 (0.0000e+00)	Acc@1 100.00 (100.00)	Acc@5 100.00 (100.00)
16-Mar-26 11:02:10 - Epoch: [93][ 999/1176]	Time  0.093 ( 0.093)	Data  0.000 ( 0.000)	Loss 0.0000e+00 (0.0000e+00)	Acc@1 100.00 (100.00)	Acc@5 100.00 (100.00)
16-Mar-26 11:02:19 - Epoch: [93][1099/1176]	Time  0.092 ( 0.093)	Data  0.000 ( 0.000)	Loss 0.0000e+00 (0.0000e+00)	Acc@1 100.00 (100.00)	Acc@5 100.00 (100.00)
16-Mar-26 11:02:27 -  @Training * Acc@1 100.000 Acc@5 100.000 Loss 0.000
16-Mar-26 11:02:27 - One training epoch latency: 109.8s | Avg Power: 231.0W | Energy: 25365.1048J
16-Mar-26 11:02:34 -  @Testing * Acc@1 94.792 Acc@5 99.306 Loss 1.183
16-Mar-26 11:02:34 - Best acc at epoch 93: 95.1388931274414
16-Mar-26 11:02:34 - Last learning rate: [1.52587890625e-08]
16-Mar-26 11:02:34 - 	 Epoch 94...
16-Mar-26 11:02:43 - Epoch: [94][  99/1176]	Time  0.092 ( 0.095)	Data  0.000 ( 0.002)	Loss 0.0000e+00 (0.0000e+00)	Acc@1 100.00 (100.00)	Acc@5 100.00 (100.00)
16-Mar-26 11:02:53 - Epoch: [94][ 199/1176]	Time  0.092 ( 0.095)	Data  0.000 ( 0.001)	Loss 0.0000e+00 (0.0000e+00)	Acc@1 100.00 (100.00)	Acc@5 100.00 (100.00)
16-Mar-26 11:03:02 - Epoch: [94][ 299/1176]	Time  0.092 ( 0.094)	Data  0.000 ( 0.001)	Loss 0.0000e+00 (0.0000e+00)	Acc@1 100.00 (100.00)	Acc@5 100.00 (100.00)
16-Mar-26 11:03:11 - Epoch: [94][ 399/1176]	Time  0.094 ( 0.094)	Data  0.000 ( 0.001)	Loss 0.0000e+00 (0.0000e+00)	Acc@1 100.00 (100.00)	Acc@5 100.00 (100.00)
16-Mar-26 11:03:21 - Epoch: [94][ 499/1176]	Time  0.110 ( 0.094)	Data  0.000 ( 0.001)	Loss 0.0000e+00 (0.0000e+00)	Acc@1 100.00 (100.00)	Acc@5 100.00 (100.00)
16-Mar-26 11:03:30 - Epoch: [94][ 599/1176]	Time  0.093 ( 0.094)	Data  0.000 ( 0.000)	Loss 0.0000e+00 (0.0000e+00)	Acc@1 100.00 (100.00)	Acc@5 100.00 (100.00)
16-Mar-26 11:03:39 - Epoch: [94][ 699/1176]	Time  0.093 ( 0.094)	Data  0.000 ( 0.000)	Loss 0.0000e+00 (0.0000e+00)	Acc@1 100.00 (100.00)	Acc@5 100.00 (100.00)
16-Mar-26 11:03:49 - Epoch: [94][ 799/1176]	Time  0.103 ( 0.094)	Data  0.000 ( 0.000)	Loss 0.0000e+00 (0.0000e+00)	Acc@1 100.00 (100.00)	Acc@5 100.00 (100.00)
16-Mar-26 11:03:58 - Epoch: [94][ 899/1176]	Time  0.092 ( 0.093)	Data  0.000 ( 0.000)	Loss 0.0000e+00 (0.0000e+00)	Acc@1 100.00 (100.00)	Acc@5 100.00 (100.00)
16-Mar-26 11:04:07 - Epoch: [94][ 999/1176]	Time  0.092 ( 0.093)	Data  0.000 ( 0.000)	Loss 0.0000e+00 (0.0000e+00)	Acc@1 100.00 (100.00)	Acc@5 100.00 (100.00)
16-Mar-26 11:04:16 - Epoch: [94][1099/1176]	Time  0.092 ( 0.093)	Data  0.000 ( 0.000)	Loss 0.0000e+00 (0.0000e+00)	Acc@1 100.00 (100.00)	Acc@5 100.00 (100.00)
16-Mar-26 11:04:24 -  @Training * Acc@1 100.000 Acc@5 100.000 Loss 0.000
16-Mar-26 11:04:24 - One training epoch latency: 109.9s | Avg Power: 227.8W | Energy: 25032.6454J
16-Mar-26 11:04:31 -  @Testing * Acc@1 94.792 Acc@5 99.306 Loss 1.183
16-Mar-26 11:04:31 - Best acc at epoch 94: 95.1388931274414
16-Mar-26 11:04:31 - Last learning rate: [1.52587890625e-08]
16-Mar-26 11:04:31 - 	 Epoch 95...
16-Mar-26 11:04:41 - Epoch: [95][  99/1176]	Time  0.119 ( 0.096)	Data  0.005 ( 0.002)	Loss 0.0000e+00 (0.0000e+00)	Acc@1 100.00 (100.00)	Acc@5 100.00 (100.00)
16-Mar-26 11:04:50 - Epoch: [95][ 199/1176]	Time  0.092 ( 0.094)	Data  0.000 ( 0.001)	Loss 0.0000e+00 (0.0000e+00)	Acc@1 100.00 (100.00)	Acc@5 100.00 (100.00)
16-Mar-26 11:04:59 - Epoch: [95][ 299/1176]	Time  0.091 ( 0.094)	Data  0.000 ( 0.001)	Loss 0.0000e+00 (0.0000e+00)	Acc@1 100.00 (100.00)	Acc@5 100.00 (100.00)
16-Mar-26 11:05:09 - Epoch: [95][ 399/1176]	Time  0.092 ( 0.094)	Data  0.000 ( 0.001)	Loss 0.0000e+00 (0.0000e+00)	Acc@1 100.00 (100.00)	Acc@5 100.00 (100.00)
16-Mar-26 11:05:18 - Epoch: [95][ 499/1176]	Time  0.092 ( 0.094)	Data  0.000 ( 0.001)	Loss 0.0000e+00 (0.0000e+00)	Acc@1 100.00 (100.00)	Acc@5 100.00 (100.00)
16-Mar-26 11:05:27 - Epoch: [95][ 599/1176]	Time  0.089 ( 0.094)	Data  0.000 ( 0.000)	Loss 0.0000e+00 (0.0000e+00)	Acc@1 100.00 (100.00)	Acc@5 100.00 (100.00)
16-Mar-26 11:05:37 - Epoch: [95][ 699/1176]	Time  0.122 ( 0.094)	Data  0.000 ( 0.000)	Loss 0.0000e+00 (0.0000e+00)	Acc@1 100.00 (100.00)	Acc@5 100.00 (100.00)
16-Mar-26 11:05:46 - Epoch: [95][ 799/1176]	Time  0.092 ( 0.094)	Data  0.000 ( 0.000)	Loss 0.0000e+00 (0.0000e+00)	Acc@1 100.00 (100.00)	Acc@5 100.00 (100.00)
16-Mar-26 11:05:55 - Epoch: [95][ 899/1176]	Time  0.092 ( 0.094)	Data  0.000 ( 0.000)	Loss 0.0000e+00 (0.0000e+00)	Acc@1 100.00 (100.00)	Acc@5 100.00 (100.00)
16-Mar-26 11:06:05 - Epoch: [95][ 999/1176]	Time  0.117 ( 0.094)	Data  0.012 ( 0.000)	Loss 0.0000e+00 (0.0000e+00)	Acc@1 100.00 (100.00)	Acc@5 100.00 (100.00)
16-Mar-26 11:06:14 - Epoch: [95][1099/1176]	Time  0.092 ( 0.094)	Data  0.000 ( 0.000)	Loss 0.0000e+00 (0.0000e+00)	Acc@1 100.00 (100.00)	Acc@5 100.00 (100.00)
16-Mar-26 11:06:21 -  @Training * Acc@1 100.000 Acc@5 100.000 Loss 0.000
16-Mar-26 11:06:21 - One training epoch latency: 110.0s | Avg Power: 232.5W | Energy: 25583.3120J
16-Mar-26 11:06:28 -  @Testing * Acc@1 94.792 Acc@5 99.306 Loss 1.168
16-Mar-26 11:06:28 - Best acc at epoch 95: 95.1388931274414
16-Mar-26 11:06:28 - Last learning rate: [1.52587890625e-08]
16-Mar-26 11:06:28 - 	 Epoch 96...
16-Mar-26 11:06:38 - Epoch: [96][  99/1176]	Time  0.091 ( 0.094)	Data  0.000 ( 0.002)	Loss 0.0000e+00 (0.0000e+00)	Acc@1 100.00 (100.00)	Acc@5 100.00 (100.00)
16-Mar-26 11:06:47 - Epoch: [96][ 199/1176]	Time  0.092 ( 0.093)	Data  0.000 ( 0.001)	Loss 0.0000e+00 (0.0000e+00)	Acc@1 100.00 (100.00)	Acc@5 100.00 (100.00)
16-Mar-26 11:06:56 - Epoch: [96][ 299/1176]	Time  0.093 ( 0.093)	Data  0.000 ( 0.001)	Loss 0.0000e+00 (0.0000e+00)	Acc@1 100.00 (100.00)	Acc@5 100.00 (100.00)
16-Mar-26 11:07:05 - Epoch: [96][ 399/1176]	Time  0.092 ( 0.093)	Data  0.000 ( 0.001)	Loss 0.0000e+00 (0.0000e+00)	Acc@1 100.00 (100.00)	Acc@5 100.00 (100.00)
16-Mar-26 11:07:15 - Epoch: [96][ 499/1176]	Time  0.090 ( 0.093)	Data  0.000 ( 0.001)	Loss 0.0000e+00 (0.0000e+00)	Acc@1 100.00 (100.00)	Acc@5 100.00 (100.00)
16-Mar-26 11:07:24 - Epoch: [96][ 599/1176]	Time  0.092 ( 0.093)	Data  0.000 ( 0.001)	Loss 0.0000e+00 (0.0000e+00)	Acc@1 100.00 (100.00)	Acc@5 100.00 (100.00)
16-Mar-26 11:07:33 - Epoch: [96][ 699/1176]	Time  0.092 ( 0.093)	Data  0.000 ( 0.000)	Loss 0.0000e+00 (0.0000e+00)	Acc@1 100.00 (100.00)	Acc@5 100.00 (100.00)
16-Mar-26 11:07:43 - Epoch: [96][ 799/1176]	Time  0.097 ( 0.093)	Data  0.000 ( 0.000)	Loss 0.0000e+00 (0.0000e+00)	Acc@1 100.00 (100.00)	Acc@5 100.00 (100.00)
16-Mar-26 11:07:52 - Epoch: [96][ 899/1176]	Time  0.091 ( 0.093)	Data  0.000 ( 0.000)	Loss 0.0000e+00 (0.0000e+00)	Acc@1 100.00 (100.00)	Acc@5 100.00 (100.00)
16-Mar-26 11:08:01 - Epoch: [96][ 999/1176]	Time  0.092 ( 0.093)	Data  0.000 ( 0.000)	Loss 0.0000e+00 (0.0000e+00)	Acc@1 100.00 (100.00)	Acc@5 100.00 (100.00)
16-Mar-26 11:08:10 - Epoch: [96][1099/1176]	Time  0.092 ( 0.093)	Data  0.000 ( 0.000)	Loss 0.0000e+00 (0.0000e+00)	Acc@1 100.00 (100.00)	Acc@5 100.00 (100.00)
16-Mar-26 11:08:17 -  @Training * Acc@1 100.000 Acc@5 100.000 Loss 0.000
16-Mar-26 11:08:17 - One training epoch latency: 109.3s | Avg Power: 230.5W | Energy: 25191.6918J
16-Mar-26 11:08:24 -  @Testing * Acc@1 94.792 Acc@5 99.306 Loss 1.168
16-Mar-26 11:08:24 - Best acc at epoch 96: 95.1388931274414
16-Mar-26 11:08:24 - Last learning rate: [1.52587890625e-08]
16-Mar-26 11:08:25 - 	 Epoch 97...
16-Mar-26 11:08:34 - Epoch: [97][  99/1176]	Time  0.092 ( 0.096)	Data  0.000 ( 0.002)	Loss 0.0000e+00 (0.0000e+00)	Acc@1 100.00 (100.00)	Acc@5 100.00 (100.00)
16-Mar-26 11:08:43 - Epoch: [97][ 199/1176]	Time  0.093 ( 0.094)	Data  0.000 ( 0.001)	Loss 0.0000e+00 (0.0000e+00)	Acc@1 100.00 (100.00)	Acc@5 100.00 (100.00)
16-Mar-26 11:08:53 - Epoch: [97][ 299/1176]	Time  0.092 ( 0.094)	Data  0.000 ( 0.001)	Loss 0.0000e+00 (0.0000e+00)	Acc@1 100.00 (100.00)	Acc@5 100.00 (100.00)
16-Mar-26 11:09:02 - Epoch: [97][ 399/1176]	Time  0.095 ( 0.094)	Data  0.000 ( 0.001)	Loss 0.0000e+00 (0.0000e+00)	Acc@1 100.00 (100.00)	Acc@5 100.00 (100.00)
16-Mar-26 11:09:11 - Epoch: [97][ 499/1176]	Time  0.091 ( 0.094)	Data  0.000 ( 0.001)	Loss 0.0000e+00 (0.0000e+00)	Acc@1 100.00 (100.00)	Acc@5 100.00 (100.00)
16-Mar-26 11:09:21 - Epoch: [97][ 599/1176]	Time  0.091 ( 0.094)	Data  0.000 ( 0.000)	Loss 0.0000e+00 (0.0000e+00)	Acc@1 100.00 (100.00)	Acc@5 100.00 (100.00)
16-Mar-26 11:09:30 - Epoch: [97][ 699/1176]	Time  0.103 ( 0.094)	Data  0.000 ( 0.000)	Loss 0.0000e+00 (0.0000e+00)	Acc@1 100.00 (100.00)	Acc@5 100.00 (100.00)
16-Mar-26 11:09:39 - Epoch: [97][ 799/1176]	Time  0.089 ( 0.094)	Data  0.000 ( 0.000)	Loss 0.0000e+00 (0.0000e+00)	Acc@1 100.00 (100.00)	Acc@5 100.00 (100.00)
16-Mar-26 11:09:49 - Epoch: [97][ 899/1176]	Time  0.092 ( 0.094)	Data  0.000 ( 0.000)	Loss 0.0000e+00 (0.0000e+00)	Acc@1 100.00 (100.00)	Acc@5 100.00 (100.00)
16-Mar-26 11:09:58 - Epoch: [97][ 999/1176]	Time  0.092 ( 0.094)	Data  0.001 ( 0.000)	Loss 0.0000e+00 (0.0000e+00)	Acc@1 100.00 (100.00)	Acc@5 100.00 (100.00)
16-Mar-26 11:10:07 - Epoch: [97][1099/1176]	Time  0.092 ( 0.094)	Data  0.000 ( 0.000)	Loss 0.0000e+00 (0.0000e+00)	Acc@1 100.00 (100.00)	Acc@5 100.00 (100.00)
16-Mar-26 11:10:15 -  @Training * Acc@1 100.000 Acc@5 100.000 Loss 0.000
16-Mar-26 11:10:15 - One training epoch latency: 110.1s | Avg Power: 228.5W | Energy: 25153.6272J
16-Mar-26 11:10:22 -  @Testing * Acc@1 94.792 Acc@5 99.306 Loss 1.167
16-Mar-26 11:10:22 - Best acc at epoch 97: 95.1388931274414
16-Mar-26 11:10:22 - Last learning rate: [1.52587890625e-08]
16-Mar-26 11:10:22 - 	 Epoch 98...
16-Mar-26 11:10:31 - Epoch: [98][  99/1176]	Time  0.091 ( 0.095)	Data  0.000 ( 0.002)	Loss 0.0000e+00 (0.0000e+00)	Acc@1 100.00 (100.00)	Acc@5 100.00 (100.00)
16-Mar-26 11:10:41 - Epoch: [98][ 199/1176]	Time  0.114 ( 0.094)	Data  0.000 ( 0.001)	Loss 0.0000e+00 (0.0000e+00)	Acc@1 100.00 (100.00)	Acc@5 100.00 (100.00)
16-Mar-26 11:10:50 - Epoch: [98][ 299/1176]	Time  0.092 ( 0.094)	Data  0.000 ( 0.001)	Loss 0.0000e+00 (0.0000e+00)	Acc@1 100.00 (100.00)	Acc@5 100.00 (100.00)
16-Mar-26 11:10:59 - Epoch: [98][ 399/1176]	Time  0.092 ( 0.094)	Data  0.000 ( 0.001)	Loss 0.0000e+00 (0.0000e+00)	Acc@1 100.00 (100.00)	Acc@5 100.00 (100.00)
16-Mar-26 11:11:09 - Epoch: [98][ 499/1176]	Time  0.095 ( 0.094)	Data  0.000 ( 0.000)	Loss 0.0000e+00 (0.0000e+00)	Acc@1 100.00 (100.00)	Acc@5 100.00 (100.00)
16-Mar-26 11:11:18 - Epoch: [98][ 599/1176]	Time  0.092 ( 0.094)	Data  0.000 ( 0.000)	Loss 0.0000e+00 (0.0000e+00)	Acc@1 100.00 (100.00)	Acc@5 100.00 (100.00)
16-Mar-26 11:11:27 - Epoch: [98][ 699/1176]	Time  0.092 ( 0.094)	Data  0.000 ( 0.000)	Loss 0.0000e+00 (0.0000e+00)	Acc@1 100.00 (100.00)	Acc@5 100.00 (100.00)
16-Mar-26 11:11:36 - Epoch: [98][ 799/1176]	Time  0.091 ( 0.093)	Data  0.000 ( 0.000)	Loss 0.0000e+00 (0.0000e+00)	Acc@1 100.00 (100.00)	Acc@5 100.00 (100.00)
16-Mar-26 11:11:46 - Epoch: [98][ 899/1176]	Time  0.091 ( 0.093)	Data  0.000 ( 0.000)	Loss 0.0000e+00 (0.0000e+00)	Acc@1 100.00 (100.00)	Acc@5 100.00 (100.00)
16-Mar-26 11:11:55 - Epoch: [98][ 999/1176]	Time  0.092 ( 0.093)	Data  0.000 ( 0.000)	Loss 0.0000e+00 (0.0000e+00)	Acc@1 100.00 (100.00)	Acc@5 100.00 (100.00)
16-Mar-26 11:12:04 - Epoch: [98][1099/1176]	Time  0.092 ( 0.093)	Data  0.000 ( 0.000)	Loss 0.0000e+00 (0.0000e+00)	Acc@1 100.00 (100.00)	Acc@5 100.00 (100.00)
16-Mar-26 11:12:12 -  @Training * Acc@1 100.000 Acc@5 100.000 Loss 0.000
16-Mar-26 11:12:12 - One training epoch latency: 109.9s | Avg Power: 232.7W | Energy: 25567.9828J
16-Mar-26 11:12:19 -  @Testing * Acc@1 94.792 Acc@5 99.306 Loss 1.166
16-Mar-26 11:12:19 - Best acc at epoch 98: 95.1388931274414
16-Mar-26 11:12:19 - Last learning rate: [1.52587890625e-08]
16-Mar-26 11:12:19 - 	 Epoch 99...
16-Mar-26 11:12:28 - Epoch: [99][  99/1176]	Time  0.090 ( 0.095)	Data  0.000 ( 0.002)	Loss 0.0000e+00 (0.0000e+00)	Acc@1 100.00 (100.00)	Acc@5 100.00 (100.00)
16-Mar-26 11:12:38 - Epoch: [99][ 199/1176]	Time  0.112 ( 0.094)	Data  0.000 ( 0.001)	Loss 0.0000e+00 (0.0000e+00)	Acc@1 100.00 (100.00)	Acc@5 100.00 (100.00)
16-Mar-26 11:12:47 - Epoch: [99][ 299/1176]	Time  0.092 ( 0.094)	Data  0.000 ( 0.001)	Loss 0.0000e+00 (0.0000e+00)	Acc@1 100.00 (100.00)	Acc@5 100.00 (100.00)
16-Mar-26 11:12:56 - Epoch: [99][ 399/1176]	Time  0.092 ( 0.094)	Data  0.000 ( 0.001)	Loss 0.0000e+00 (0.0000e+00)	Acc@1 100.00 (100.00)	Acc@5 100.00 (100.00)
16-Mar-26 11:13:05 - Epoch: [99][ 499/1176]	Time  0.091 ( 0.093)	Data  0.000 ( 0.000)	Loss 0.0000e+00 (0.0000e+00)	Acc@1 100.00 (100.00)	Acc@5 100.00 (100.00)
16-Mar-26 11:13:15 - Epoch: [99][ 599/1176]	Time  0.092 ( 0.093)	Data  0.000 ( 0.000)	Loss 0.0000e+00 (0.0000e+00)	Acc@1 100.00 (100.00)	Acc@5 100.00 (100.00)
16-Mar-26 11:13:24 - Epoch: [99][ 699/1176]	Time  0.095 ( 0.093)	Data  0.000 ( 0.000)	Loss 0.0000e+00 (0.0000e+00)	Acc@1 100.00 (100.00)	Acc@5 100.00 (100.00)
16-Mar-26 11:13:33 - Epoch: [99][ 799/1176]	Time  0.093 ( 0.093)	Data  0.000 ( 0.000)	Loss 0.0000e+00 (0.0000e+00)	Acc@1 100.00 (100.00)	Acc@5 100.00 (100.00)
16-Mar-26 11:13:43 - Epoch: [99][ 899/1176]	Time  0.089 ( 0.093)	Data  0.000 ( 0.000)	Loss 0.0000e+00 (0.0000e+00)	Acc@1 100.00 (100.00)	Acc@5 100.00 (100.00)
16-Mar-26 11:13:52 - Epoch: [99][ 999/1176]	Time  0.092 ( 0.093)	Data  0.000 ( 0.000)	Loss 0.0000e+00 (0.0000e+00)	Acc@1 100.00 (100.00)	Acc@5 100.00 (100.00)
16-Mar-26 11:14:01 - Epoch: [99][1099/1176]	Time  0.091 ( 0.093)	Data  0.000 ( 0.000)	Loss 0.0000e+00 (0.0000e+00)	Acc@1 100.00 (100.00)	Acc@5 100.00 (100.00)
16-Mar-26 11:14:09 -  @Training * Acc@1 100.000 Acc@5 100.000 Loss 0.000
16-Mar-26 11:14:09 - One training epoch latency: 109.8s | Avg Power: 229.9W | Energy: 25243.4630J
16-Mar-26 11:14:16 -  @Testing * Acc@1 95.139 Acc@5 99.306 Loss 1.179
16-Mar-26 11:14:16 - Best acc at epoch 99: 95.1388931274414
16-Mar-26 11:14:16 - Last learning rate: [1.52587890625e-08]
16-Mar-26 11:14:16 - 	 Epoch 100...
16-Mar-26 11:14:25 - Epoch: [100][  99/1176]	Time  0.093 ( 0.095)	Data  0.000 ( 0.002)	Loss 0.0000e+00 (0.0000e+00)	Acc@1 100.00 (100.00)	Acc@5 100.00 (100.00)
16-Mar-26 11:14:35 - Epoch: [100][ 199/1176]	Time  0.092 ( 0.095)	Data  0.000 ( 0.001)	Loss 0.0000e+00 (0.0000e+00)	Acc@1 100.00 (100.00)	Acc@5 100.00 (100.00)
16-Mar-26 11:14:44 - Epoch: [100][ 299/1176]	Time  0.091 ( 0.094)	Data  0.000 ( 0.001)	Loss 0.0000e+00 (0.0000e+00)	Acc@1 100.00 (100.00)	Acc@5 100.00 (100.00)
16-Mar-26 11:14:53 - Epoch: [100][ 399/1176]	Time  0.093 ( 0.094)	Data  0.000 ( 0.001)	Loss 0.0000e+00 (0.0000e+00)	Acc@1 100.00 (100.00)	Acc@5 100.00 (100.00)
16-Mar-26 11:15:03 - Epoch: [100][ 499/1176]	Time  0.091 ( 0.094)	Data  0.000 ( 0.001)	Loss 0.0000e+00 (0.0000e+00)	Acc@1 100.00 (100.00)	Acc@5 100.00 (100.00)
16-Mar-26 11:15:12 - Epoch: [100][ 599/1176]	Time  0.090 ( 0.094)	Data  0.000 ( 0.000)	Loss 0.0000e+00 (0.0000e+00)	Acc@1 100.00 (100.00)	Acc@5 100.00 (100.00)
16-Mar-26 11:15:21 - Epoch: [100][ 699/1176]	Time  0.092 ( 0.094)	Data  0.000 ( 0.000)	Loss 0.0000e+00 (0.0000e+00)	Acc@1 100.00 (100.00)	Acc@5 100.00 (100.00)
16-Mar-26 11:15:31 - Epoch: [100][ 799/1176]	Time  0.091 ( 0.094)	Data  0.000 ( 0.000)	Loss 0.0000e+00 (0.0000e+00)	Acc@1 100.00 (100.00)	Acc@5 100.00 (100.00)
16-Mar-26 11:15:40 - Epoch: [100][ 899/1176]	Time  0.092 ( 0.094)	Data  0.000 ( 0.000)	Loss 0.0000e+00 (0.0000e+00)	Acc@1 100.00 (100.00)	Acc@5 100.00 (100.00)
16-Mar-26 11:15:49 - Epoch: [100][ 999/1176]	Time  0.093 ( 0.094)	Data  0.000 ( 0.000)	Loss 0.0000e+00 (0.0000e+00)	Acc@1 100.00 (100.00)	Acc@5 100.00 (100.00)
16-Mar-26 11:15:59 - Epoch: [100][1099/1176]	Time  0.091 ( 0.094)	Data  0.000 ( 0.000)	Loss 0.0000e+00 (0.0000e+00)	Acc@1 100.00 (100.00)	Acc@5 100.00 (100.00)
16-Mar-26 11:16:06 -  @Training * Acc@1 100.000 Acc@5 100.000 Loss 0.000
16-Mar-26 11:16:06 - One training epoch latency: 110.2s | Avg Power: 229.2W | Energy: 25249.5882J
16-Mar-26 11:16:13 -  @Testing * Acc@1 95.139 Acc@5 99.306 Loss 1.170
16-Mar-26 11:16:13 - Best acc at epoch 100: 95.1388931274414
16-Mar-26 11:16:13 - Last learning rate: [1.52587890625e-08]
