23-Jan-26 12:07:05 - Namespace(arch='cifar_tessvgg_model', cpu=False, dataset='CIFAR10', save_path='./experiments/CIFAR10_VGG_Lonic_wn_int16_ternary_int8', data_path='/home/cts3td/Datasets', trials=1, epochs=100, optimizer='Adam', loss='CE', lr=7.8125e-06, lr_conv=7.8125e-06, batch_size=1, val_batch_size=64, label_encoding='class', activation='LinearSpike', seed=1, pretrained_model=None, training_mode='tess', delay_ls=6, scheduler=100, print_freq=5000, factors_stdp=[0.2, 0.5, 1.0, 1.0], pooling='MAX', weight_decay=0, lr_scheduler_type='ReduceLR', experiment_name='CIFAR10', wn=True, avoid_wn=False, low_precision_training=True, forward_intx=16)
23-Jan-26 12:07:05 - => Everything will be saved to ./experiments/CIFAR10_VGG_Lonic_wn_int16_ternary_int8
23-Jan-26 12:07:06 - CUDA GPU will be used for computations
23-Jan-26 12:07:07 - Training set length: 50000
23-Jan-26 12:07:07 - Test set length: 10000
23-Jan-26 12:07:07 - Activation used: None
23-Jan-26 12:07:07 - Total Parameters: 9222.9K
23-Jan-26 12:07:07 - === Model ===
23-Jan-26 12:07:07 - VGGConvModel(
  (conv_block1): LocalLearningSignalGenerationLayer(
    (block): ConvBlock(
      (pool): Identity()
      (conv): Conv2dSTDP(3, 64, kernel_size=(3, 3), stride=(1, 1), padding=(1, 1), bias=False, threshold=0.60, leak=0.50, reset=soft, grad_leak=False, grad_threshold=False, factors=tensor([0.2000, 0.5000, 1.0000, 1.0000], device='cuda:0'))
      (dropout): DropoutLIF(
        Dropout(p=0.0, inplace=False)
        (dropout): Dropout(p=0.0, inplace=False)
      )
    )
  )
  (conv_block2): LocalLearningSignalGenerationLayer(
    (block): ConvBlock(
      (pool): MaxPool2d(kernel_size=2, stride=2, padding=0, dilation=1, ceil_mode=False)
      (conv): Conv2dSTDP(64, 128, kernel_size=(3, 3), stride=(1, 1), padding=(1, 1), bias=False, threshold=0.60, leak=0.50, reset=soft, grad_leak=False, grad_threshold=False, factors=tensor([0.2000, 0.5000, 1.0000, 1.0000], device='cuda:0'))
      (dropout): DropoutLIF(
        Dropout(p=0.0, inplace=False)
        (dropout): Dropout(p=0.0, inplace=False)
      )
    )
  )
  (conv_block3): LocalLearningSignalGenerationLayer(
    (block): ConvBlock(
      (pool): Identity()
      (conv): Conv2dSTDP(128, 256, kernel_size=(3, 3), stride=(1, 1), padding=(1, 1), bias=False, threshold=0.60, leak=0.50, reset=soft, grad_leak=False, grad_threshold=False, factors=tensor([0.2000, 0.5000, 1.0000, 1.0000], device='cuda:0'))
      (dropout): DropoutLIF(
        Dropout(p=0.0, inplace=False)
        (dropout): Dropout(p=0.0, inplace=False)
      )
    )
  )
  (conv_block4): LocalLearningSignalGenerationLayer(
    (block): ConvBlock(
      (pool): MaxPool2d(kernel_size=2, stride=2, padding=0, dilation=1, ceil_mode=False)
      (conv): Conv2dSTDP(256, 256, kernel_size=(3, 3), stride=(1, 1), padding=(1, 1), bias=False, threshold=0.60, leak=0.50, reset=soft, grad_leak=False, grad_threshold=False, factors=tensor([0.2000, 0.5000, 1.0000, 1.0000], device='cuda:0'))
      (dropout): DropoutLIF(
        Dropout(p=0.0, inplace=False)
        (dropout): Dropout(p=0.0, inplace=False)
      )
    )
  )
  (conv_block5): LocalLearningSignalGenerationLayer(
    (block): ConvBlock(
      (pool): Identity()
      (conv): Conv2dSTDP(256, 512, kernel_size=(3, 3), stride=(1, 1), padding=(1, 1), bias=False, threshold=0.60, leak=0.50, reset=soft, grad_leak=False, grad_threshold=False, factors=tensor([0.2000, 0.5000, 1.0000, 1.0000], device='cuda:0'))
      (dropout): DropoutLIF(
        Dropout(p=0.0, inplace=False)
        (dropout): Dropout(p=0.0, inplace=False)
      )
    )
  )
  (conv_block6): LocalLearningSignalGenerationLayer(
    (block): ConvBlock(
      (pool): MaxPool2d(kernel_size=2, stride=2, padding=0, dilation=1, ceil_mode=False)
      (conv): Conv2dSTDP(512, 512, kernel_size=(3, 3), stride=(1, 1), padding=(1, 1), bias=False, threshold=0.60, leak=0.50, reset=soft, grad_leak=False, grad_threshold=False, factors=tensor([0.2000, 0.5000, 1.0000, 1.0000], device='cuda:0'))
      (dropout): DropoutLIF(
        Dropout(p=0.0, inplace=False)
        (dropout): Dropout(p=0.0, inplace=False)
      )
    )
  )
  (conv_block7): LocalLearningSignalGenerationLayer(
    (block): ConvBlock(
      (pool): Identity()
      (conv): Conv2dSTDP(512, 512, kernel_size=(3, 3), stride=(1, 1), padding=(1, 1), bias=False, threshold=0.60, leak=0.50, reset=soft, grad_leak=False, grad_threshold=False, factors=tensor([0.2000, 0.5000, 1.0000, 1.0000], device='cuda:0'))
      (dropout): DropoutLIF(
        Dropout(p=0.0, inplace=False)
        (dropout): Dropout(p=0.0, inplace=False)
      )
    )
  )
  (conv_block8): LocalLearningSignalGenerationLayer(
    (block): ConvBlock(
      (pool): AdaptiveAvgPool2d(output_size=1)
      (conv): Conv2dSTDP(512, 512, kernel_size=(3, 3), stride=(1, 1), padding=(1, 1), bias=False, threshold=0.60, leak=0.50, reset=soft, grad_leak=False, grad_threshold=False, factors=tensor([0.2000, 0.5000, 1.0000, 1.0000], device='cuda:0'))
      (dropout): DropoutLIF(
        Dropout(p=0.0, inplace=False)
        (dropout): Dropout(p=0.0, inplace=False)
      )
    )
  )
  (linear): Linear(in_features=512, out_features=10, bias=True)
)
23-Jan-26 12:07:07 - 
=== Starting model training with 100 epochs:

23-Jan-26 12:07:07 - 	 Epoch 1...
23-Jan-26 12:10:19 - Epoch: [1][ 4999/50000]	Time  0.038 ( 0.038)	Data  0.001 ( 0.001)	Loss 2.2951e+00 (2.4387e+00)	Acc@1 100.00 ( 11.92)	Acc@5 100.00 ( 56.42)
23-Jan-26 12:13:29 - Epoch: [1][ 9999/50000]	Time  0.037 ( 0.038)	Data  0.001 ( 0.001)	Loss 2.3031e+00 (2.7464e+00)	Acc@1   0.00 ( 15.77)	Acc@5   0.00 ( 64.61)
23-Jan-26 12:16:40 - Epoch: [1][14999/50000]	Time  0.037 ( 0.038)	Data  0.001 ( 0.001)	Loss 2.1626e+00 (2.9761e+00)	Acc@1   0.00 ( 18.53)	Acc@5 100.00 ( 69.15)
23-Jan-26 12:19:51 - Epoch: [1][19999/50000]	Time  0.037 ( 0.038)	Data  0.001 ( 0.001)	Loss 2.5115e-01 (3.1095e+00)	Acc@1 100.00 ( 20.85)	Acc@5 100.00 ( 72.03)
23-Jan-26 12:23:02 - Epoch: [1][24999/50000]	Time  0.038 ( 0.038)	Data  0.001 ( 0.001)	Loss 1.3231e+01 (3.2066e+00)	Acc@1   0.00 ( 22.80)	Acc@5   0.00 ( 74.26)
23-Jan-26 12:26:13 - Epoch: [1][29999/50000]	Time  0.038 ( 0.038)	Data  0.001 ( 0.001)	Loss 1.0473e-01 (3.2874e+00)	Acc@1 100.00 ( 24.28)	Acc@5 100.00 ( 75.99)
23-Jan-26 12:29:23 - Epoch: [1][34999/50000]	Time  0.037 ( 0.038)	Data  0.001 ( 0.001)	Loss 7.9036e-01 (3.3423e+00)	Acc@1   0.00 ( 25.74)	Acc@5 100.00 ( 77.45)
23-Jan-26 12:32:33 - Epoch: [1][39999/50000]	Time  0.038 ( 0.038)	Data  0.001 ( 0.001)	Loss 1.1397e+01 (3.3818e+00)	Acc@1   0.00 ( 27.00)	Acc@5 100.00 ( 78.71)
23-Jan-26 12:35:43 - Epoch: [1][44999/50000]	Time  0.036 ( 0.038)	Data  0.001 ( 0.001)	Loss 4.5067e+00 (3.4163e+00)	Acc@1   0.00 ( 28.19)	Acc@5 100.00 ( 79.81)
23-Jan-26 12:38:53 - Epoch: [1][49999/50000]	Time  0.036 ( 0.038)	Data  0.001 ( 0.001)	Loss 1.2125e+01 (3.4475e+00)	Acc@1   0.00 ( 29.31)	Acc@5   0.00 ( 80.74)
23-Jan-26 12:38:53 -  @Training * Acc@1 29.314 Acc@5 80.744 Loss 3.448
23-Jan-26 12:38:53 - One training epoch latency: 1.906e+03s | Avg Power: 187.7W | Energy: 357770.2719J
23-Jan-26 12:39:03 -  @Testing * Acc@1 43.110 Acc@5 90.760 Loss 3.527
23-Jan-26 12:39:03 - Best acc at epoch 1: 43.11000061035156
23-Jan-26 12:39:03 - Last learning rate: [7.8125e-06]
23-Jan-26 12:39:03 - 	 Epoch 2...
23-Jan-26 12:42:15 - Epoch: [2][ 4999/50000]	Time  0.037 ( 0.038)	Data  0.001 ( 0.001)	Loss 9.3786e+00 (3.7235e+00)	Acc@1   0.00 ( 38.78)	Acc@5 100.00 ( 88.74)
23-Jan-26 12:45:27 - Epoch: [2][ 9999/50000]	Time  0.037 ( 0.038)	Data  0.001 ( 0.001)	Loss 3.6029e-01 (3.7150e+00)	Acc@1 100.00 ( 40.15)	Acc@5 100.00 ( 89.33)
23-Jan-26 12:48:39 - Epoch: [2][14999/50000]	Time  0.037 ( 0.038)	Data  0.001 ( 0.001)	Loss 7.9028e-01 (3.7422e+00)	Acc@1   0.00 ( 40.31)	Acc@5 100.00 ( 89.41)
23-Jan-26 12:51:51 - Epoch: [2][19999/50000]	Time  0.038 ( 0.038)	Data  0.001 ( 0.001)	Loss 1.0302e+01 (3.7668e+00)	Acc@1   0.00 ( 40.60)	Acc@5 100.00 ( 89.35)
23-Jan-26 12:55:02 - Epoch: [2][24999/50000]	Time  0.037 ( 0.038)	Data  0.001 ( 0.001)	Loss 3.5763e-06 (3.7476e+00)	Acc@1 100.00 ( 40.88)	Acc@5 100.00 ( 89.64)
23-Jan-26 12:58:14 - Epoch: [2][29999/50000]	Time  0.037 ( 0.038)	Data  0.001 ( 0.001)	Loss 1.6570e-05 (3.7561e+00)	Acc@1 100.00 ( 41.13)	Acc@5 100.00 ( 89.84)
23-Jan-26 13:01:26 - Epoch: [2][34999/50000]	Time  0.037 ( 0.038)	Data  0.001 ( 0.001)	Loss 1.2234e+00 (3.7614e+00)	Acc@1   0.00 ( 41.32)	Acc@5 100.00 ( 89.94)
23-Jan-26 13:04:38 - Epoch: [2][39999/50000]	Time  0.038 ( 0.038)	Data  0.001 ( 0.001)	Loss 5.8490e+00 (3.7524e+00)	Acc@1   0.00 ( 41.74)	Acc@5 100.00 ( 90.12)
23-Jan-26 13:07:50 - Epoch: [2][44999/50000]	Time  0.037 ( 0.038)	Data  0.001 ( 0.001)	Loss 8.1550e-01 (3.7528e+00)	Acc@1 100.00 ( 42.02)	Acc@5 100.00 ( 90.25)
23-Jan-26 13:11:02 - Epoch: [2][49999/50000]	Time  0.061 ( 0.038)	Data  0.019 ( 0.001)	Loss 1.2002e+00 (3.7380e+00)	Acc@1   0.00 ( 42.41)	Acc@5 100.00 ( 90.38)
23-Jan-26 13:11:02 -  @Training * Acc@1 42.408 Acc@5 90.382 Loss 3.738
23-Jan-26 13:11:02 - One training epoch latency: 1.919e+03s | Avg Power: 191.3W | Energy: 367108.5431J
23-Jan-26 13:11:12 -  @Testing * Acc@1 51.150 Acc@5 93.570 Loss 3.497
23-Jan-26 13:11:12 - Best acc at epoch 2: 51.14999771118164
23-Jan-26 13:11:12 - Last learning rate: [7.8125e-06]
23-Jan-26 13:11:12 - 	 Epoch 3...
23-Jan-26 13:14:24 - Epoch: [3][ 4999/50000]	Time  0.037 ( 0.038)	Data  0.001 ( 0.001)	Loss 8.7229e-02 (3.6651e+00)	Acc@1 100.00 ( 46.76)	Acc@5 100.00 ( 92.20)
23-Jan-26 13:17:35 - Epoch: [3][ 9999/50000]	Time  0.037 ( 0.038)	Data  0.001 ( 0.001)	Loss 5.6027e-05 (3.7076e+00)	Acc@1 100.00 ( 45.94)	Acc@5 100.00 ( 92.02)
23-Jan-26 13:20:46 - Epoch: [3][14999/50000]	Time  0.038 ( 0.038)	Data  0.001 ( 0.001)	Loss 9.5767e+00 (3.6995e+00)	Acc@1   0.00 ( 46.45)	Acc@5   0.00 ( 92.02)
23-Jan-26 13:23:58 - Epoch: [3][19999/50000]	Time  0.037 ( 0.038)	Data  0.001 ( 0.001)	Loss 2.8710e-03 (3.6998e+00)	Acc@1 100.00 ( 47.01)	Acc@5 100.00 ( 92.01)
23-Jan-26 13:27:09 - Epoch: [3][24999/50000]	Time  0.037 ( 0.038)	Data  0.001 ( 0.001)	Loss 1.1856e+01 (3.6747e+00)	Acc@1   0.00 ( 47.45)	Acc@5 100.00 ( 92.15)
23-Jan-26 13:30:21 - Epoch: [3][29999/50000]	Time  0.037 ( 0.038)	Data  0.001 ( 0.001)	Loss 5.6649e+00 (3.6701e+00)	Acc@1   0.00 ( 47.72)	Acc@5 100.00 ( 92.24)
23-Jan-26 13:33:32 - Epoch: [3][34999/50000]	Time  0.037 ( 0.038)	Data  0.001 ( 0.001)	Loss 0.0000e+00 (3.6629e+00)	Acc@1 100.00 ( 48.03)	Acc@5 100.00 ( 92.37)
23-Jan-26 13:36:44 - Epoch: [3][39999/50000]	Time  0.037 ( 0.038)	Data  0.001 ( 0.001)	Loss 2.8507e-02 (3.6564e+00)	Acc@1 100.00 ( 48.27)	Acc@5 100.00 ( 92.49)
23-Jan-26 13:39:56 - Epoch: [3][44999/50000]	Time  0.037 ( 0.038)	Data  0.001 ( 0.001)	Loss 2.1457e-05 (3.6521e+00)	Acc@1 100.00 ( 48.58)	Acc@5 100.00 ( 92.61)
23-Jan-26 13:43:08 - Epoch: [3][49999/50000]	Time  0.059 ( 0.038)	Data  0.001 ( 0.001)	Loss 0.0000e+00 (3.6487e+00)	Acc@1 100.00 ( 48.86)	Acc@5 100.00 ( 92.71)
23-Jan-26 13:43:08 -  @Training * Acc@1 48.856 Acc@5 92.706 Loss 3.649
23-Jan-26 13:43:08 - One training epoch latency: 1.916e+03s | Avg Power: 191.6W | Energy: 366951.6954J
23-Jan-26 13:43:18 -  @Testing * Acc@1 55.900 Acc@5 95.010 Loss 3.278
23-Jan-26 13:43:18 - Best acc at epoch 3: 55.89999771118164
23-Jan-26 13:43:18 - Last learning rate: [7.8125e-06]
23-Jan-26 13:43:18 - 	 Epoch 4...
23-Jan-26 13:46:30 - Epoch: [4][ 4999/50000]	Time  0.037 ( 0.038)	Data  0.001 ( 0.001)	Loss 4.9359e-01 (3.4987e+00)	Acc@1 100.00 ( 51.78)	Acc@5 100.00 ( 93.78)
23-Jan-26 13:49:42 - Epoch: [4][ 9999/50000]	Time  0.037 ( 0.038)	Data  0.001 ( 0.001)	Loss 4.1601e-01 (3.4837e+00)	Acc@1 100.00 ( 52.84)	Acc@5 100.00 ( 93.99)
23-Jan-26 13:52:53 - Epoch: [4][14999/50000]	Time  0.039 ( 0.038)	Data  0.001 ( 0.001)	Loss 1.0168e-04 (3.5136e+00)	Acc@1 100.00 ( 52.73)	Acc@5 100.00 ( 93.83)
23-Jan-26 13:56:05 - Epoch: [4][19999/50000]	Time  0.037 ( 0.038)	Data  0.001 ( 0.001)	Loss 5.5192e-05 (3.5248e+00)	Acc@1 100.00 ( 52.78)	Acc@5 100.00 ( 93.72)
23-Jan-26 13:59:17 - Epoch: [4][24999/50000]	Time  0.037 ( 0.038)	Data  0.001 ( 0.001)	Loss 1.0381e+01 (3.5144e+00)	Acc@1   0.00 ( 52.90)	Acc@5   0.00 ( 93.74)
23-Jan-26 14:02:28 - Epoch: [4][29999/50000]	Time  0.039 ( 0.038)	Data  0.001 ( 0.001)	Loss 1.1621e-01 (3.4926e+00)	Acc@1 100.00 ( 53.12)	Acc@5 100.00 ( 93.84)
23-Jan-26 14:05:40 - Epoch: [4][34999/50000]	Time  0.038 ( 0.038)	Data  0.001 ( 0.001)	Loss 4.1723e-06 (3.4779e+00)	Acc@1 100.00 ( 53.35)	Acc@5 100.00 ( 93.93)
23-Jan-26 14:08:51 - Epoch: [4][39999/50000]	Time  0.037 ( 0.038)	Data  0.001 ( 0.001)	Loss 2.8571e+00 (3.4676e+00)	Acc@1   0.00 ( 53.53)	Acc@5 100.00 ( 94.02)
23-Jan-26 14:12:03 - Epoch: [4][44999/50000]	Time  0.038 ( 0.038)	Data  0.001 ( 0.001)	Loss 5.8318e+00 (3.4611e+00)	Acc@1   0.00 ( 53.64)	Acc@5 100.00 ( 94.08)
23-Jan-26 14:15:15 - Epoch: [4][49999/50000]	Time  0.036 ( 0.038)	Data  0.001 ( 0.001)	Loss 1.8874e-03 (3.4523e+00)	Acc@1 100.00 ( 53.89)	Acc@5 100.00 ( 94.14)
23-Jan-26 14:15:15 -  @Training * Acc@1 53.890 Acc@5 94.138 Loss 3.452
23-Jan-26 14:15:15 - One training epoch latency: 1.917e+03s | Avg Power: 191.5W | Energy: 367079.5106J
23-Jan-26 14:15:25 -  @Testing * Acc@1 61.150 Acc@5 96.010 Loss 3.211
23-Jan-26 14:15:25 - Best acc at epoch 4: 61.14999771118164
23-Jan-26 14:15:25 - Last learning rate: [7.8125e-06]
23-Jan-26 14:15:25 - 	 Epoch 5...
23-Jan-26 14:18:37 - Epoch: [5][ 4999/50000]	Time  0.037 ( 0.038)	Data  0.001 ( 0.001)	Loss 9.8426e-01 (3.2984e+00)	Acc@1   0.00 ( 57.52)	Acc@5 100.00 ( 94.40)
23-Jan-26 14:21:48 - Epoch: [5][ 9999/50000]	Time  0.037 ( 0.038)	Data  0.001 ( 0.001)	Loss 2.1236e+01 (3.2894e+00)	Acc@1   0.00 ( 57.85)	Acc@5   0.00 ( 94.72)
23-Jan-26 14:25:00 - Epoch: [5][14999/50000]	Time  0.037 ( 0.038)	Data  0.001 ( 0.001)	Loss 8.2132e-05 (3.2896e+00)	Acc@1 100.00 ( 57.54)	Acc@5 100.00 ( 94.90)
23-Jan-26 14:28:12 - Epoch: [5][19999/50000]	Time  0.037 ( 0.038)	Data  0.001 ( 0.001)	Loss 7.6301e-04 (3.2585e+00)	Acc@1 100.00 ( 57.88)	Acc@5 100.00 ( 95.06)
23-Jan-26 14:31:24 - Epoch: [5][24999/50000]	Time  0.037 ( 0.038)	Data  0.001 ( 0.001)	Loss 2.4676e+00 (3.2692e+00)	Acc@1   0.00 ( 57.88)	Acc@5 100.00 ( 95.00)
23-Jan-26 14:34:36 - Epoch: [5][29999/50000]	Time  0.037 ( 0.038)	Data  0.001 ( 0.001)	Loss 2.6009e+00 (3.2685e+00)	Acc@1   0.00 ( 57.97)	Acc@5 100.00 ( 95.02)
23-Jan-26 14:37:47 - Epoch: [5][34999/50000]	Time  0.038 ( 0.038)	Data  0.001 ( 0.001)	Loss 2.7677e+00 (3.2643e+00)	Acc@1   0.00 ( 57.90)	Acc@5 100.00 ( 95.04)
23-Jan-26 14:40:59 - Epoch: [5][39999/50000]	Time  0.037 ( 0.038)	Data  0.001 ( 0.001)	Loss 0.0000e+00 (3.2497e+00)	Acc@1 100.00 ( 58.14)	Acc@5 100.00 ( 95.15)
23-Jan-26 14:44:14 - Epoch: [5][44999/50000]	Time  0.037 ( 0.038)	Data  0.001 ( 0.001)	Loss 4.6017e+00 (3.2296e+00)	Acc@1   0.00 ( 58.31)	Acc@5 100.00 ( 95.27)
23-Jan-26 14:47:37 - Epoch: [5][49999/50000]	Time  0.036 ( 0.039)	Data  0.001 ( 0.001)	Loss 1.3458e-04 (3.2276e+00)	Acc@1 100.00 ( 58.38)	Acc@5 100.00 ( 95.27)
23-Jan-26 14:47:37 -  @Training * Acc@1 58.382 Acc@5 95.272 Loss 3.228
23-Jan-26 14:47:37 - One training epoch latency: 1.932e+03s | Avg Power: 190.8W | Energy: 368597.3839J
23-Jan-26 14:47:47 -  @Testing * Acc@1 65.110 Acc@5 96.770 Loss 2.885
23-Jan-26 14:47:47 - Best acc at epoch 5: 65.11000061035156
23-Jan-26 14:47:48 - Last learning rate: [7.8125e-06]
23-Jan-26 14:47:48 - 	 Epoch 6...
23-Jan-26 14:50:59 - Epoch: [6][ 4999/50000]	Time  0.037 ( 0.038)	Data  0.001 ( 0.001)	Loss 0.0000e+00 (3.1080e+00)	Acc@1 100.00 ( 61.34)	Acc@5 100.00 ( 95.42)
23-Jan-26 14:54:11 - Epoch: [6][ 9999/50000]	Time  0.037 ( 0.038)	Data  0.001 ( 0.001)	Loss 1.8581e+01 (3.0956e+00)	Acc@1   0.00 ( 61.09)	Acc@5   0.00 ( 95.50)
23-Jan-26 14:57:22 - Epoch: [6][14999/50000]	Time  0.037 ( 0.038)	Data  0.001 ( 0.001)	Loss 3.5762e-05 (3.0942e+00)	Acc@1 100.00 ( 61.17)	Acc@5 100.00 ( 95.63)
23-Jan-26 15:00:34 - Epoch: [6][19999/50000]	Time  0.037 ( 0.038)	Data  0.001 ( 0.001)	Loss 1.1989e+00 (3.0602e+00)	Acc@1   0.00 ( 61.65)	Acc@5 100.00 ( 95.73)
23-Jan-26 15:03:46 - Epoch: [6][24999/50000]	Time  0.037 ( 0.038)	Data  0.001 ( 0.001)	Loss 0.0000e+00 (3.0590e+00)	Acc@1 100.00 ( 61.70)	Acc@5 100.00 ( 95.88)
23-Jan-26 15:06:57 - Epoch: [6][29999/50000]	Time  0.037 ( 0.038)	Data  0.001 ( 0.001)	Loss 4.1947e+00 (3.0701e+00)	Acc@1   0.00 ( 61.60)	Acc@5 100.00 ( 95.86)
23-Jan-26 15:10:09 - Epoch: [6][34999/50000]	Time  0.038 ( 0.038)	Data  0.001 ( 0.001)	Loss 0.0000e+00 (3.0565e+00)	Acc@1 100.00 ( 61.67)	Acc@5 100.00 ( 95.95)
23-Jan-26 15:13:25 - Epoch: [6][39999/50000]	Time  0.037 ( 0.038)	Data  0.001 ( 0.001)	Loss 7.8009e+00 (3.0583e+00)	Acc@1   0.00 ( 61.79)	Acc@5 100.00 ( 96.01)
23-Jan-26 15:16:42 - Epoch: [6][44999/50000]	Time  0.037 ( 0.039)	Data  0.001 ( 0.001)	Loss 1.7922e-02 (3.0480e+00)	Acc@1 100.00 ( 61.92)	Acc@5 100.00 ( 96.06)
23-Jan-26 15:20:01 - Epoch: [6][49999/50000]	Time  0.038 ( 0.039)	Data  0.001 ( 0.001)	Loss 1.1967e-01 (3.0419e+00)	Acc@1 100.00 ( 61.97)	Acc@5 100.00 ( 96.07)
23-Jan-26 15:20:01 -  @Training * Acc@1 61.974 Acc@5 96.074 Loss 3.042
23-Jan-26 15:20:01 - One training epoch latency: 1.934e+03s | Avg Power: 189.9W | Energy: 367114.0569J
23-Jan-26 15:20:11 -  @Testing * Acc@1 66.760 Acc@5 97.160 Loss 2.842
23-Jan-26 15:20:11 - Best acc at epoch 6: 66.75999450683594
23-Jan-26 15:20:12 - Last learning rate: [7.8125e-06]
23-Jan-26 15:20:12 - 	 Epoch 7...
23-Jan-26 15:23:29 - Epoch: [7][ 4999/50000]	Time  0.039 ( 0.040)	Data  0.001 ( 0.001)	Loss 4.4169e-04 (2.9529e+00)	Acc@1 100.00 ( 63.24)	Acc@5 100.00 ( 96.06)
23-Jan-26 15:26:46 - Epoch: [7][ 9999/50000]	Time  0.039 ( 0.039)	Data  0.001 ( 0.001)	Loss 1.3004e+00 (2.8944e+00)	Acc@1   0.00 ( 63.53)	Acc@5 100.00 ( 96.42)
23-Jan-26 15:30:06 - Epoch: [7][14999/50000]	Time  0.039 ( 0.040)	Data  0.001 ( 0.001)	Loss 0.0000e+00 (2.9452e+00)	Acc@1 100.00 ( 63.51)	Acc@5 100.00 ( 96.26)
23-Jan-26 15:33:23 - Epoch: [7][19999/50000]	Time  0.038 ( 0.040)	Data  0.001 ( 0.001)	Loss 1.0257e-02 (2.9394e+00)	Acc@1 100.00 ( 63.47)	Acc@5 100.00 ( 96.40)
23-Jan-26 15:36:40 - Epoch: [7][24999/50000]	Time  0.038 ( 0.040)	Data  0.001 ( 0.001)	Loss 1.3009e+01 (2.9139e+00)	Acc@1   0.00 ( 63.87)	Acc@5 100.00 ( 96.43)
23-Jan-26 15:40:00 - Epoch: [7][29999/50000]	Time  0.038 ( 0.040)	Data  0.001 ( 0.001)	Loss 0.0000e+00 (2.9033e+00)	Acc@1 100.00 ( 64.07)	Acc@5 100.00 ( 96.47)
23-Jan-26 15:43:16 - Epoch: [7][34999/50000]	Time  0.039 ( 0.040)	Data  0.001 ( 0.001)	Loss 8.1816e-04 (2.9005e+00)	Acc@1 100.00 ( 64.26)	Acc@5 100.00 ( 96.47)
23-Jan-26 15:46:36 - Epoch: [7][39999/50000]	Time  0.040 ( 0.040)	Data  0.001 ( 0.001)	Loss 3.5763e-06 (2.9010e+00)	Acc@1 100.00 ( 64.23)	Acc@5 100.00 ( 96.52)
23-Jan-26 15:49:53 - Epoch: [7][44999/50000]	Time  0.038 ( 0.040)	Data  0.001 ( 0.001)	Loss 2.2611e-04 (2.9018e+00)	Acc@1 100.00 ( 64.32)	Acc@5 100.00 ( 96.58)
23-Jan-26 15:53:11 - Epoch: [7][49999/50000]	Time  0.039 ( 0.040)	Data  0.001 ( 0.001)	Loss 3.5362e-01 (2.8853e+00)	Acc@1 100.00 ( 64.43)	Acc@5 100.00 ( 96.63)
23-Jan-26 15:53:11 -  @Training * Acc@1 64.434 Acc@5 96.626 Loss 2.885
23-Jan-26 15:53:11 - One training epoch latency: 1.979e+03s | Avg Power: 187.9W | Energy: 371795.6983J
23-Jan-26 15:53:21 -  @Testing * Acc@1 69.330 Acc@5 97.850 Loss 2.787
23-Jan-26 15:53:21 - Best acc at epoch 7: 69.33000183105469
23-Jan-26 15:53:21 - Last learning rate: [7.8125e-06]
23-Jan-26 15:53:21 - 	 Epoch 8...
23-Jan-26 15:56:41 - Epoch: [8][ 4999/50000]	Time  0.037 ( 0.040)	Data  0.001 ( 0.001)	Loss 0.0000e+00 (2.7168e+00)	Acc@1 100.00 ( 66.90)	Acc@5 100.00 ( 97.06)
23-Jan-26 15:59:58 - Epoch: [8][ 9999/50000]	Time  0.039 ( 0.040)	Data  0.001 ( 0.001)	Loss 7.5115e-02 (2.7113e+00)	Acc@1 100.00 ( 66.80)	Acc@5 100.00 ( 97.20)
23-Jan-26 16:03:16 - Epoch: [8][14999/50000]	Time  0.045 ( 0.040)	Data  0.001 ( 0.001)	Loss 0.0000e+00 (2.7212e+00)	Acc@1 100.00 ( 66.85)	Acc@5 100.00 ( 97.19)
23-Jan-26 16:06:35 - Epoch: [8][19999/50000]	Time  0.038 ( 0.040)	Data  0.001 ( 0.001)	Loss 2.5034e-05 (2.7237e+00)	Acc@1 100.00 ( 66.79)	Acc@5 100.00 ( 97.17)
23-Jan-26 16:09:52 - Epoch: [8][24999/50000]	Time  0.037 ( 0.040)	Data  0.001 ( 0.001)	Loss 1.3026e+01 (2.7266e+00)	Acc@1   0.00 ( 66.65)	Acc@5 100.00 ( 97.16)
23-Jan-26 16:13:12 - Epoch: [8][29999/50000]	Time  0.038 ( 0.040)	Data  0.001 ( 0.001)	Loss 7.2804e+00 (2.7256e+00)	Acc@1   0.00 ( 66.68)	Acc@5 100.00 ( 97.15)
23-Jan-26 16:16:29 - Epoch: [8][34999/50000]	Time  0.037 ( 0.040)	Data  0.001 ( 0.001)	Loss 2.3768e-04 (2.7259e+00)	Acc@1 100.00 ( 66.88)	Acc@5 100.00 ( 97.15)
23-Jan-26 16:19:46 - Epoch: [8][39999/50000]	Time  0.037 ( 0.040)	Data  0.001 ( 0.001)	Loss 1.7881e-06 (2.7269e+00)	Acc@1 100.00 ( 66.75)	Acc@5 100.00 ( 97.12)
23-Jan-26 16:23:06 - Epoch: [8][44999/50000]	Time  0.041 ( 0.040)	Data  0.001 ( 0.001)	Loss 1.1921e-07 (2.7238e+00)	Acc@1 100.00 ( 66.80)	Acc@5 100.00 ( 97.15)
23-Jan-26 16:26:23 - Epoch: [8][49999/50000]	Time  0.037 ( 0.040)	Data  0.001 ( 0.001)	Loss 7.8074e+00 (2.7132e+00)	Acc@1   0.00 ( 66.92)	Acc@5 100.00 ( 97.18)
23-Jan-26 16:26:23 -  @Training * Acc@1 66.916 Acc@5 97.184 Loss 2.713
23-Jan-26 16:26:24 - One training epoch latency: 1.982e+03s | Avg Power: 187.7W | Energy: 372100.0554J
23-Jan-26 16:26:34 -  @Testing * Acc@1 71.450 Acc@5 97.860 Loss 2.626
23-Jan-26 16:26:34 - Best acc at epoch 8: 71.44999694824219
23-Jan-26 16:26:34 - Last learning rate: [7.8125e-06]
23-Jan-26 16:26:34 - 	 Epoch 9...
23-Jan-26 16:29:53 - Epoch: [9][ 4999/50000]	Time  0.038 ( 0.040)	Data  0.001 ( 0.001)	Loss 4.8058e+00 (2.5877e+00)	Acc@1   0.00 ( 68.76)	Acc@5 100.00 ( 97.70)
23-Jan-26 16:33:12 - Epoch: [9][ 9999/50000]	Time  0.041 ( 0.040)	Data  0.001 ( 0.001)	Loss 2.7936e-01 (2.6118e+00)	Acc@1 100.00 ( 68.67)	Acc@5 100.00 ( 97.52)
23-Jan-26 16:36:29 - Epoch: [9][14999/50000]	Time  0.039 ( 0.040)	Data  0.001 ( 0.001)	Loss 0.0000e+00 (2.5712e+00)	Acc@1 100.00 ( 69.23)	Acc@5 100.00 ( 97.45)
23-Jan-26 16:39:49 - Epoch: [9][19999/50000]	Time  0.037 ( 0.040)	Data  0.001 ( 0.001)	Loss 1.1801e-04 (2.5612e+00)	Acc@1 100.00 ( 69.17)	Acc@5 100.00 ( 97.52)
23-Jan-26 16:43:06 - Epoch: [9][24999/50000]	Time  0.038 ( 0.040)	Data  0.001 ( 0.001)	Loss 3.5701e-02 (2.5649e+00)	Acc@1 100.00 ( 69.15)	Acc@5 100.00 ( 97.50)
23-Jan-26 16:46:23 - Epoch: [9][29999/50000]	Time  0.037 ( 0.040)	Data  0.001 ( 0.001)	Loss 1.7082e+01 (2.5657e+00)	Acc@1   0.00 ( 69.23)	Acc@5 100.00 ( 97.46)
23-Jan-26 16:49:44 - Epoch: [9][34999/50000]	Time  0.039 ( 0.040)	Data  0.001 ( 0.001)	Loss 0.0000e+00 (2.5649e+00)	Acc@1 100.00 ( 69.15)	Acc@5 100.00 ( 97.49)
23-Jan-26 16:53:01 - Epoch: [9][39999/50000]	Time  0.037 ( 0.040)	Data  0.001 ( 0.001)	Loss 1.6413e+01 (2.5639e+00)	Acc@1   0.00 ( 69.17)	Acc@5 100.00 ( 97.52)
23-Jan-26 16:56:20 - Epoch: [9][44999/50000]	Time  0.065 ( 0.040)	Data  0.001 ( 0.001)	Loss 1.1921e-07 (2.5668e+00)	Acc@1 100.00 ( 69.28)	Acc@5 100.00 ( 97.51)
23-Jan-26 16:59:38 - Epoch: [9][49999/50000]	Time  0.040 ( 0.040)	Data  0.001 ( 0.001)	Loss 1.6921e-03 (2.5666e+00)	Acc@1 100.00 ( 69.33)	Acc@5 100.00 ( 97.52)
23-Jan-26 16:59:39 -  @Training * Acc@1 69.332 Acc@5 97.518 Loss 2.567
23-Jan-26 16:59:39 - One training epoch latency: 1.985e+03s | Avg Power: 186.4W | Energy: 369909.3991J
23-Jan-26 16:59:49 -  @Testing * Acc@1 73.270 Acc@5 98.030 Loss 2.540
23-Jan-26 16:59:49 - Best acc at epoch 9: 73.2699966430664
23-Jan-26 16:59:49 - Last learning rate: [7.8125e-06]
23-Jan-26 16:59:49 - 	 Epoch 10...
23-Jan-26 17:03:07 - Epoch: [10][ 4999/50000]	Time  0.039 ( 0.040)	Data  0.001 ( 0.001)	Loss 1.7892e-04 (2.4522e+00)	Acc@1 100.00 ( 70.72)	Acc@5 100.00 ( 97.64)
23-Jan-26 17:06:28 - Epoch: [10][ 9999/50000]	Time  0.038 ( 0.040)	Data  0.001 ( 0.001)	Loss 0.0000e+00 (2.5165e+00)	Acc@1 100.00 ( 70.40)	Acc@5 100.00 ( 97.55)
23-Jan-26 17:09:45 - Epoch: [10][14999/50000]	Time  0.038 ( 0.040)	Data  0.001 ( 0.001)	Loss 0.0000e+00 (2.4968e+00)	Acc@1 100.00 ( 70.25)	Acc@5 100.00 ( 97.59)
23-Jan-26 17:13:03 - Epoch: [10][19999/50000]	Time  0.040 ( 0.040)	Data  0.001 ( 0.001)	Loss 1.4827e+01 (2.5070e+00)	Acc@1   0.00 ( 70.21)	Acc@5 100.00 ( 97.62)
23-Jan-26 17:16:24 - Epoch: [10][24999/50000]	Time  0.037 ( 0.040)	Data  0.001 ( 0.001)	Loss 0.0000e+00 (2.4916e+00)	Acc@1 100.00 ( 70.26)	Acc@5 100.00 ( 97.63)
23-Jan-26 17:19:42 - Epoch: [10][29999/50000]	Time  0.037 ( 0.040)	Data  0.001 ( 0.001)	Loss 1.7733e+01 (2.4783e+00)	Acc@1   0.00 ( 70.40)	Acc@5   0.00 ( 97.67)
23-Jan-26 17:23:02 - Epoch: [10][34999/50000]	Time  0.038 ( 0.040)	Data  0.001 ( 0.001)	Loss 1.3915e-01 (2.4746e+00)	Acc@1 100.00 ( 70.38)	Acc@5 100.00 ( 97.67)
23-Jan-26 17:26:20 - Epoch: [10][39999/50000]	Time  0.042 ( 0.040)	Data  0.001 ( 0.001)	Loss 0.0000e+00 (2.4657e+00)	Acc@1 100.00 ( 70.56)	Acc@5 100.00 ( 97.67)
23-Jan-26 17:29:38 - Epoch: [10][44999/50000]	Time  0.040 ( 0.040)	Data  0.001 ( 0.001)	Loss 1.0093e-01 (2.4523e+00)	Acc@1 100.00 ( 70.67)	Acc@5 100.00 ( 97.71)
23-Jan-26 17:32:59 - Epoch: [10][49999/50000]	Time  0.036 ( 0.040)	Data  0.001 ( 0.001)	Loss 0.0000e+00 (2.4537e+00)	Acc@1 100.00 ( 70.79)	Acc@5 100.00 ( 97.72)
23-Jan-26 17:32:59 -  @Training * Acc@1 70.790 Acc@5 97.722 Loss 2.454
23-Jan-26 17:32:59 - One training epoch latency: 1.99e+03s | Avg Power: 187.2W | Energy: 372551.4171J
23-Jan-26 17:33:09 -  @Testing * Acc@1 75.100 Acc@5 98.360 Loss 2.490
23-Jan-26 17:33:09 - Best acc at epoch 10: 75.0999984741211
23-Jan-26 17:33:09 - Last learning rate: [7.8125e-06]
23-Jan-26 17:33:09 - 	 Epoch 11...
23-Jan-26 17:36:26 - Epoch: [11][ 4999/50000]	Time  0.038 ( 0.039)	Data  0.001 ( 0.001)	Loss 1.3301e-03 (2.3559e+00)	Acc@1 100.00 ( 71.62)	Acc@5 100.00 ( 98.08)
23-Jan-26 17:39:44 - Epoch: [11][ 9999/50000]	Time  0.038 ( 0.040)	Data  0.001 ( 0.001)	Loss 7.6594e+00 (2.3401e+00)	Acc@1   0.00 ( 71.93)	Acc@5 100.00 ( 98.00)
23-Jan-26 17:43:03 - Epoch: [11][14999/50000]	Time  0.040 ( 0.040)	Data  0.001 ( 0.001)	Loss 1.8716e-05 (2.3391e+00)	Acc@1 100.00 ( 72.21)	Acc@5 100.00 ( 97.99)
23-Jan-26 17:46:21 - Epoch: [11][19999/50000]	Time  0.079 ( 0.040)	Data  0.001 ( 0.001)	Loss 0.0000e+00 (2.3618e+00)	Acc@1 100.00 ( 71.94)	Acc@5 100.00 ( 97.98)
23-Jan-26 17:49:40 - Epoch: [11][24999/50000]	Time  0.043 ( 0.040)	Data  0.001 ( 0.001)	Loss 1.1921e-07 (2.3633e+00)	Acc@1 100.00 ( 72.16)	Acc@5 100.00 ( 97.94)
23-Jan-26 17:52:58 - Epoch: [11][29999/50000]	Time  0.064 ( 0.040)	Data  0.001 ( 0.001)	Loss 9.8820e-05 (2.3547e+00)	Acc@1 100.00 ( 72.36)	Acc@5 100.00 ( 98.03)
23-Jan-26 17:56:15 - Epoch: [11][34999/50000]	Time  0.039 ( 0.040)	Data  0.001 ( 0.001)	Loss 0.0000e+00 (2.3438e+00)	Acc@1 100.00 ( 72.44)	Acc@5 100.00 ( 98.05)
23-Jan-26 17:59:35 - Epoch: [11][39999/50000]	Time  0.037 ( 0.040)	Data  0.001 ( 0.001)	Loss 4.8185e-01 (2.3457e+00)	Acc@1 100.00 ( 72.36)	Acc@5 100.00 ( 98.04)
23-Jan-26 18:02:52 - Epoch: [11][44999/50000]	Time  0.039 ( 0.040)	Data  0.001 ( 0.001)	Loss 0.0000e+00 (2.3476e+00)	Acc@1 100.00 ( 72.37)	Acc@5 100.00 ( 98.02)
23-Jan-26 18:06:11 - Epoch: [11][49999/50000]	Time  0.064 ( 0.040)	Data  0.001 ( 0.001)	Loss 5.9605e-07 (2.3332e+00)	Acc@1 100.00 ( 72.51)	Acc@5 100.00 ( 98.03)
23-Jan-26 18:06:11 -  @Training * Acc@1 72.514 Acc@5 98.034 Loss 2.333
23-Jan-26 18:06:11 - One training epoch latency: 1.982e+03s | Avg Power: 187.5W | Energy: 371622.0012J
23-Jan-26 18:06:21 -  @Testing * Acc@1 76.140 Acc@5 98.460 Loss 2.343
23-Jan-26 18:06:21 - Best acc at epoch 11: 76.13999938964844
23-Jan-26 18:06:21 - Last learning rate: [7.8125e-06]
23-Jan-26 18:06:21 - 	 Epoch 12...
23-Jan-26 18:09:41 - Epoch: [12][ 4999/50000]	Time  0.037 ( 0.040)	Data  0.001 ( 0.001)	Loss 0.0000e+00 (2.3332e+00)	Acc@1 100.00 ( 73.00)	Acc@5 100.00 ( 98.02)
23-Jan-26 18:12:59 - Epoch: [12][ 9999/50000]	Time  0.037 ( 0.040)	Data  0.001 ( 0.001)	Loss 3.3576e-04 (2.2997e+00)	Acc@1 100.00 ( 73.43)	Acc@5 100.00 ( 98.12)
23-Jan-26 18:16:20 - Epoch: [12][14999/50000]	Time  0.041 ( 0.040)	Data  0.001 ( 0.001)	Loss 8.7022e-06 (2.2633e+00)	Acc@1 100.00 ( 73.89)	Acc@5 100.00 ( 98.18)
23-Jan-26 18:19:39 - Epoch: [12][19999/50000]	Time  0.037 ( 0.040)	Data  0.001 ( 0.001)	Loss 1.2750e-02 (2.2419e+00)	Acc@1 100.00 ( 74.12)	Acc@5 100.00 ( 98.24)
23-Jan-26 18:22:57 - Epoch: [12][24999/50000]	Time  0.037 ( 0.040)	Data  0.001 ( 0.001)	Loss 0.0000e+00 (2.2460e+00)	Acc@1 100.00 ( 74.12)	Acc@5 100.00 ( 98.24)
23-Jan-26 18:26:18 - Epoch: [12][29999/50000]	Time  0.037 ( 0.040)	Data  0.001 ( 0.001)	Loss 3.6541e+00 (2.2453e+00)	Acc@1   0.00 ( 73.96)	Acc@5 100.00 ( 98.22)
23-Jan-26 18:29:36 - Epoch: [12][34999/50000]	Time  0.038 ( 0.040)	Data  0.001 ( 0.001)	Loss 6.6384e+00 (2.2386e+00)	Acc@1   0.00 ( 73.97)	Acc@5 100.00 ( 98.25)
23-Jan-26 18:32:57 - Epoch: [12][39999/50000]	Time  0.041 ( 0.040)	Data  0.001 ( 0.001)	Loss 2.6226e-06 (2.2398e+00)	Acc@1 100.00 ( 73.97)	Acc@5 100.00 ( 98.25)
23-Jan-26 18:36:16 - Epoch: [12][44999/50000]	Time  0.064 ( 0.040)	Data  0.021 ( 0.001)	Loss 2.5853e+01 (2.2261e+00)	Acc@1   0.00 ( 74.07)	Acc@5 100.00 ( 98.26)
23-Jan-26 18:39:36 - Epoch: [12][49999/50000]	Time  0.038 ( 0.040)	Data  0.001 ( 0.001)	Loss 2.2932e-01 (2.2224e+00)	Acc@1 100.00 ( 74.09)	Acc@5 100.00 ( 98.27)
23-Jan-26 18:39:36 -  @Training * Acc@1 74.090 Acc@5 98.274 Loss 2.222
23-Jan-26 18:39:36 - One training epoch latency: 1.995e+03s | Avg Power: 187.1W | Energy: 373266.7951J
23-Jan-26 18:39:46 -  @Testing * Acc@1 76.940 Acc@5 98.480 Loss 2.297
23-Jan-26 18:39:46 - Best acc at epoch 12: 76.93999481201172
23-Jan-26 18:39:47 - Last learning rate: [7.8125e-06]
23-Jan-26 18:39:47 - 	 Epoch 13...
23-Jan-26 18:43:10 - Epoch: [13][ 4999/50000]	Time  0.037 ( 0.041)	Data  0.001 ( 0.001)	Loss 3.5697e-04 (2.2189e+00)	Acc@1 100.00 ( 74.86)	Acc@5 100.00 ( 98.56)
23-Jan-26 18:46:29 - Epoch: [13][ 9999/50000]	Time  0.040 ( 0.040)	Data  0.001 ( 0.001)	Loss 4.4732e-02 (2.1183e+00)	Acc@1 100.00 ( 75.85)	Acc@5 100.00 ( 98.49)
23-Jan-26 18:49:49 - Epoch: [13][14999/50000]	Time  0.038 ( 0.040)	Data  0.001 ( 0.001)	Loss 0.0000e+00 (2.1581e+00)	Acc@1 100.00 ( 75.47)	Acc@5 100.00 ( 98.35)
23-Jan-26 18:53:10 - Epoch: [13][19999/50000]	Time  0.038 ( 0.040)	Data  0.001 ( 0.001)	Loss 2.7450e-04 (2.1586e+00)	Acc@1 100.00 ( 75.28)	Acc@5 100.00 ( 98.39)
23-Jan-26 18:56:28 - Epoch: [13][24999/50000]	Time  0.039 ( 0.040)	Data  0.001 ( 0.001)	Loss 1.4148e+00 (2.1494e+00)	Acc@1   0.00 ( 75.23)	Acc@5 100.00 ( 98.37)
23-Jan-26 18:59:51 - Epoch: [13][29999/50000]	Time  0.040 ( 0.040)	Data  0.001 ( 0.001)	Loss 1.3652e-01 (2.1543e+00)	Acc@1 100.00 ( 75.16)	Acc@5 100.00 ( 98.39)
23-Jan-26 19:03:09 - Epoch: [13][34999/50000]	Time  0.041 ( 0.040)	Data  0.001 ( 0.001)	Loss 0.0000e+00 (2.1583e+00)	Acc@1 100.00 ( 75.12)	Acc@5 100.00 ( 98.38)
23-Jan-26 19:06:28 - Epoch: [13][39999/50000]	Time  0.037 ( 0.040)	Data  0.001 ( 0.001)	Loss 4.7199e+00 (2.1622e+00)	Acc@1   0.00 ( 75.03)	Acc@5 100.00 ( 98.37)
23-Jan-26 19:09:50 - Epoch: [13][44999/50000]	Time  0.038 ( 0.040)	Data  0.001 ( 0.001)	Loss 8.1206e-03 (2.1550e+00)	Acc@1 100.00 ( 75.11)	Acc@5 100.00 ( 98.38)
23-Jan-26 19:13:09 - Epoch: [13][49999/50000]	Time  0.037 ( 0.040)	Data  0.001 ( 0.001)	Loss 0.0000e+00 (2.1526e+00)	Acc@1 100.00 ( 75.13)	Acc@5 100.00 ( 98.38)
23-Jan-26 19:13:09 -  @Training * Acc@1 75.132 Acc@5 98.382 Loss 2.153
23-Jan-26 19:13:09 - One training epoch latency: 2.002e+03s | Avg Power: 186.7W | Energy: 373791.9940J
23-Jan-26 19:13:19 -  @Testing * Acc@1 77.030 Acc@5 98.760 Loss 2.375
23-Jan-26 19:13:19 - Best acc at epoch 13: 77.02999877929688
23-Jan-26 19:13:19 - Last learning rate: [7.8125e-06]
23-Jan-26 19:13:19 - 	 Epoch 14...
23-Jan-26 19:16:40 - Epoch: [14][ 4999/50000]	Time  0.039 ( 0.040)	Data  0.001 ( 0.001)	Loss 1.2429e+00 (2.1097e+00)	Acc@1   0.00 ( 74.64)	Acc@5 100.00 ( 98.70)
23-Jan-26 19:19:57 - Epoch: [14][ 9999/50000]	Time  0.037 ( 0.040)	Data  0.001 ( 0.001)	Loss 0.0000e+00 (2.0981e+00)	Acc@1 100.00 ( 75.21)	Acc@5 100.00 ( 98.60)
23-Jan-26 19:23:14 - Epoch: [14][14999/50000]	Time  0.041 ( 0.040)	Data  0.001 ( 0.001)	Loss 0.0000e+00 (2.0554e+00)	Acc@1 100.00 ( 75.61)	Acc@5 100.00 ( 98.56)
23-Jan-26 19:26:34 - Epoch: [14][19999/50000]	Time  0.038 ( 0.040)	Data  0.001 ( 0.001)	Loss 0.0000e+00 (2.0717e+00)	Acc@1 100.00 ( 75.36)	Acc@5 100.00 ( 98.49)
23-Jan-26 19:29:51 - Epoch: [14][24999/50000]	Time  0.037 ( 0.040)	Data  0.001 ( 0.001)	Loss 1.3192e+01 (2.0521e+00)	Acc@1   0.00 ( 75.73)	Acc@5 100.00 ( 98.48)
23-Jan-26 19:33:09 - Epoch: [14][29999/50000]	Time  0.039 ( 0.040)	Data  0.001 ( 0.001)	Loss 3.9578e-02 (2.0624e+00)	Acc@1 100.00 ( 75.83)	Acc@5 100.00 ( 98.45)
23-Jan-26 19:36:28 - Epoch: [14][34999/50000]	Time  0.037 ( 0.040)	Data  0.001 ( 0.001)	Loss 6.0802e+00 (2.0534e+00)	Acc@1   0.00 ( 75.99)	Acc@5 100.00 ( 98.49)
23-Jan-26 19:39:46 - Epoch: [14][39999/50000]	Time  0.037 ( 0.040)	Data  0.001 ( 0.001)	Loss 0.0000e+00 (2.0623e+00)	Acc@1 100.00 ( 75.99)	Acc@5 100.00 ( 98.46)
23-Jan-26 19:43:06 - Epoch: [14][44999/50000]	Time  0.040 ( 0.040)	Data  0.001 ( 0.001)	Loss 1.1921e-07 (2.0609e+00)	Acc@1 100.00 ( 76.04)	Acc@5 100.00 ( 98.48)
23-Jan-26 19:46:24 - Epoch: [14][49999/50000]	Time  0.036 ( 0.040)	Data  0.001 ( 0.001)	Loss 1.2907e-03 (2.0589e+00)	Acc@1 100.00 ( 76.07)	Acc@5 100.00 ( 98.49)
23-Jan-26 19:46:24 -  @Training * Acc@1 76.072 Acc@5 98.488 Loss 2.059
23-Jan-26 19:46:24 - One training epoch latency: 1.985e+03s | Avg Power: 187.3W | Energy: 371627.9578J
23-Jan-26 19:46:34 -  @Testing * Acc@1 77.430 Acc@5 98.740 Loss 2.291
23-Jan-26 19:46:34 - Best acc at epoch 14: 77.43000030517578
23-Jan-26 19:46:35 - Last learning rate: [7.8125e-06]
23-Jan-26 19:46:35 - 	 Epoch 15...
23-Jan-26 19:49:52 - Epoch: [15][ 4999/50000]	Time  0.039 ( 0.039)	Data  0.001 ( 0.001)	Loss 1.4745e+00 (1.9776e+00)	Acc@1   0.00 ( 76.94)	Acc@5 100.00 ( 98.90)
23-Jan-26 19:53:12 - Epoch: [15][ 9999/50000]	Time  0.040 ( 0.040)	Data  0.001 ( 0.001)	Loss 6.2643e+00 (1.9667e+00)	Acc@1   0.00 ( 77.17)	Acc@5 100.00 ( 98.85)
23-Jan-26 19:56:29 - Epoch: [15][14999/50000]	Time  0.037 ( 0.040)	Data  0.001 ( 0.001)	Loss 2.6226e-06 (2.0046e+00)	Acc@1 100.00 ( 77.04)	Acc@5 100.00 ( 98.80)
23-Jan-26 19:59:48 - Epoch: [15][19999/50000]	Time  0.038 ( 0.040)	Data  0.001 ( 0.001)	Loss 3.8440e-01 (1.9988e+00)	Acc@1 100.00 ( 77.14)	Acc@5 100.00 ( 98.71)
23-Jan-26 20:03:07 - Epoch: [15][24999/50000]	Time  0.037 ( 0.040)	Data  0.001 ( 0.001)	Loss 3.0275e-04 (1.9953e+00)	Acc@1 100.00 ( 77.18)	Acc@5 100.00 ( 98.69)
23-Jan-26 20:06:24 - Epoch: [15][29999/50000]	Time  0.039 ( 0.040)	Data  0.001 ( 0.001)	Loss 7.6955e-02 (1.9899e+00)	Acc@1 100.00 ( 77.23)	Acc@5 100.00 ( 98.71)
23-Jan-26 20:09:44 - Epoch: [15][34999/50000]	Time  0.037 ( 0.040)	Data  0.001 ( 0.001)	Loss 3.7139e+00 (1.9953e+00)	Acc@1   0.00 ( 77.29)	Acc@5 100.00 ( 98.71)
23-Jan-26 20:13:02 - Epoch: [15][39999/50000]	Time  0.060 ( 0.040)	Data  0.001 ( 0.001)	Loss 0.0000e+00 (1.9933e+00)	Acc@1 100.00 ( 77.29)	Acc@5 100.00 ( 98.68)
23-Jan-26 20:16:19 - Epoch: [15][44999/50000]	Time  0.039 ( 0.040)	Data  0.001 ( 0.001)	Loss 4.5313e-04 (1.9886e+00)	Acc@1 100.00 ( 77.28)	Acc@5 100.00 ( 98.68)
23-Jan-26 20:19:39 - Epoch: [15][49999/50000]	Time  0.036 ( 0.040)	Data  0.001 ( 0.001)	Loss 6.9628e+00 (1.9844e+00)	Acc@1   0.00 ( 77.28)	Acc@5 100.00 ( 98.66)
23-Jan-26 20:19:39 -  @Training * Acc@1 77.278 Acc@5 98.660 Loss 1.984
23-Jan-26 20:19:39 - One training epoch latency: 1.985e+03s | Avg Power: 187.2W | Energy: 371474.4580J
23-Jan-26 20:19:49 -  @Testing * Acc@1 80.240 Acc@5 98.790 Loss 2.071
23-Jan-26 20:19:49 - Best acc at epoch 15: 80.23999786376953
23-Jan-26 20:19:50 - Last learning rate: [7.8125e-06]
23-Jan-26 20:19:50 - 	 Epoch 16...
23-Jan-26 20:23:07 - Epoch: [16][ 4999/50000]	Time  0.043 ( 0.039)	Data  0.001 ( 0.001)	Loss 0.0000e+00 (1.8922e+00)	Acc@1 100.00 ( 77.84)	Acc@5 100.00 ( 98.44)
23-Jan-26 20:26:26 - Epoch: [16][ 9999/50000]	Time  0.044 ( 0.040)	Data  0.001 ( 0.001)	Loss 0.0000e+00 (1.9089e+00)	Acc@1 100.00 ( 77.98)	Acc@5 100.00 ( 98.65)
23-Jan-26 20:29:43 - Epoch: [16][14999/50000]	Time  0.041 ( 0.040)	Data  0.001 ( 0.001)	Loss 7.1101e+00 (1.9091e+00)	Acc@1   0.00 ( 77.83)	Acc@5 100.00 ( 98.67)
23-Jan-26 20:33:00 - Epoch: [16][19999/50000]	Time  0.041 ( 0.040)	Data  0.001 ( 0.001)	Loss 1.2123e-03 (1.9018e+00)	Acc@1 100.00 ( 78.01)	Acc@5 100.00 ( 98.69)
23-Jan-26 20:36:20 - Epoch: [16][24999/50000]	Time  0.040 ( 0.040)	Data  0.001 ( 0.001)	Loss 3.4541e-04 (1.8833e+00)	Acc@1 100.00 ( 78.17)	Acc@5 100.00 ( 98.70)
23-Jan-26 20:39:37 - Epoch: [16][29999/50000]	Time  0.037 ( 0.040)	Data  0.001 ( 0.001)	Loss 0.0000e+00 (1.8891e+00)	Acc@1 100.00 ( 78.21)	Acc@5 100.00 ( 98.70)
23-Jan-26 20:42:54 - Epoch: [16][34999/50000]	Time  0.038 ( 0.040)	Data  0.001 ( 0.001)	Loss 2.3766e-01 (1.8920e+00)	Acc@1 100.00 ( 78.24)	Acc@5 100.00 ( 98.67)
23-Jan-26 20:46:14 - Epoch: [16][39999/50000]	Time  0.057 ( 0.040)	Data  0.001 ( 0.001)	Loss 2.9802e-06 (1.8935e+00)	Acc@1 100.00 ( 78.23)	Acc@5 100.00 ( 98.65)
23-Jan-26 20:49:30 - Epoch: [16][44999/50000]	Time  0.042 ( 0.040)	Data  0.001 ( 0.001)	Loss 7.7316e+00 (1.8905e+00)	Acc@1   0.00 ( 78.33)	Acc@5 100.00 ( 98.68)
23-Jan-26 20:52:50 - Epoch: [16][49999/50000]	Time  0.036 ( 0.040)	Data  0.001 ( 0.001)	Loss 2.7703e+00 (1.8922e+00)	Acc@1   0.00 ( 78.30)	Acc@5 100.00 ( 98.71)
23-Jan-26 20:52:50 -  @Training * Acc@1 78.302 Acc@5 98.706 Loss 1.892
23-Jan-26 20:52:50 - One training epoch latency: 1.98e+03s | Avg Power: 187.5W | Energy: 371169.0357J
23-Jan-26 20:53:00 -  @Testing * Acc@1 80.540 Acc@5 99.040 Loss 2.051
23-Jan-26 20:53:00 - Best acc at epoch 16: 80.54000091552734
23-Jan-26 20:53:00 - Last learning rate: [7.8125e-06]
23-Jan-26 20:53:00 - 	 Epoch 17...
23-Jan-26 20:56:20 - Epoch: [17][ 4999/50000]	Time  0.041 ( 0.040)	Data  0.001 ( 0.001)	Loss 0.0000e+00 (1.8311e+00)	Acc@1 100.00 ( 78.96)	Acc@5 100.00 ( 98.84)
23-Jan-26 20:59:40 - Epoch: [17][ 9999/50000]	Time  0.038 ( 0.040)	Data  0.001 ( 0.001)	Loss 0.0000e+00 (1.8482e+00)	Acc@1 100.00 ( 78.73)	Acc@5 100.00 ( 98.95)
23-Jan-26 21:03:04 - Epoch: [17][14999/50000]	Time  0.038 ( 0.040)	Data  0.001 ( 0.001)	Loss 0.0000e+00 (1.8388e+00)	Acc@1 100.00 ( 78.63)	Acc@5 100.00 ( 98.85)
23-Jan-26 21:06:23 - Epoch: [17][19999/50000]	Time  0.038 ( 0.040)	Data  0.001 ( 0.001)	Loss 7.1525e-06 (1.8421e+00)	Acc@1 100.00 ( 78.53)	Acc@5 100.00 ( 98.82)
23-Jan-26 21:09:45 - Epoch: [17][24999/50000]	Time  0.039 ( 0.040)	Data  0.002 ( 0.001)	Loss 0.0000e+00 (1.8277e+00)	Acc@1 100.00 ( 78.83)	Acc@5 100.00 ( 98.80)
23-Jan-26 21:13:07 - Epoch: [17][29999/50000]	Time  0.043 ( 0.040)	Data  0.001 ( 0.001)	Loss 0.0000e+00 (1.8279e+00)	Acc@1 100.00 ( 78.89)	Acc@5 100.00 ( 98.79)
23-Jan-26 21:16:28 - Epoch: [17][34999/50000]	Time  0.039 ( 0.040)	Data  0.001 ( 0.001)	Loss 0.0000e+00 (1.8256e+00)	Acc@1 100.00 ( 78.99)	Acc@5 100.00 ( 98.80)
23-Jan-26 21:19:51 - Epoch: [17][39999/50000]	Time  0.038 ( 0.040)	Data  0.001 ( 0.001)	Loss 5.8663e+00 (1.8297e+00)	Acc@1   0.00 ( 78.97)	Acc@5 100.00 ( 98.81)
23-Jan-26 21:23:11 - Epoch: [17][44999/50000]	Time  0.037 ( 0.040)	Data  0.001 ( 0.001)	Loss 0.0000e+00 (1.8205e+00)	Acc@1 100.00 ( 79.06)	Acc@5 100.00 ( 98.82)
23-Jan-26 21:26:31 - Epoch: [17][49999/50000]	Time  0.036 ( 0.040)	Data  0.001 ( 0.001)	Loss 3.0994e-06 (1.8264e+00)	Acc@1 100.00 ( 79.00)	Acc@5 100.00 ( 98.81)
23-Jan-26 21:26:31 -  @Training * Acc@1 79.004 Acc@5 98.814 Loss 1.826
23-Jan-26 21:26:31 - One training epoch latency: 2.011e+03s | Avg Power: 186.2W | Energy: 374512.9684J
23-Jan-26 21:26:41 -  @Testing * Acc@1 81.350 Acc@5 99.080 Loss 1.878
23-Jan-26 21:26:41 - Best acc at epoch 17: 81.3499984741211
23-Jan-26 21:26:41 - Last learning rate: [7.8125e-06]
23-Jan-26 21:26:41 - 	 Epoch 18...
23-Jan-26 21:30:02 - Epoch: [18][ 4999/50000]	Time  0.039 ( 0.040)	Data  0.001 ( 0.001)	Loss 4.9707e+00 (1.7473e+00)	Acc@1   0.00 ( 79.30)	Acc@5 100.00 ( 99.04)
23-Jan-26 21:33:18 - Epoch: [18][ 9999/50000]	Time  0.041 ( 0.040)	Data  0.001 ( 0.001)	Loss 0.0000e+00 (1.7817e+00)	Acc@1 100.00 ( 79.67)	Acc@5 100.00 ( 98.97)
23-Jan-26 21:36:38 - Epoch: [18][14999/50000]	Time  0.042 ( 0.040)	Data  0.001 ( 0.001)	Loss 0.0000e+00 (1.8169e+00)	Acc@1 100.00 ( 79.37)	Acc@5 100.00 ( 98.89)
23-Jan-26 21:39:55 - Epoch: [18][19999/50000]	Time  0.037 ( 0.040)	Data  0.001 ( 0.001)	Loss 2.8993e-02 (1.7928e+00)	Acc@1 100.00 ( 79.46)	Acc@5 100.00 ( 98.85)
23-Jan-26 21:43:12 - Epoch: [18][24999/50000]	Time  0.039 ( 0.040)	Data  0.001 ( 0.001)	Loss 0.0000e+00 (1.7655e+00)	Acc@1 100.00 ( 79.75)	Acc@5 100.00 ( 98.88)
23-Jan-26 21:46:32 - Epoch: [18][29999/50000]	Time  0.038 ( 0.040)	Data  0.001 ( 0.001)	Loss 0.0000e+00 (1.7553e+00)	Acc@1 100.00 ( 79.81)	Acc@5 100.00 ( 98.87)
23-Jan-26 21:49:49 - Epoch: [18][34999/50000]	Time  0.040 ( 0.040)	Data  0.001 ( 0.001)	Loss 0.0000e+00 (1.7530e+00)	Acc@1 100.00 ( 79.89)	Acc@5 100.00 ( 98.89)
23-Jan-26 21:53:07 - Epoch: [18][39999/50000]	Time  0.045 ( 0.040)	Data  0.001 ( 0.001)	Loss 0.0000e+00 (1.7546e+00)	Acc@1 100.00 ( 79.87)	Acc@5 100.00 ( 98.91)
23-Jan-26 21:56:26 - Epoch: [18][44999/50000]	Time  0.039 ( 0.040)	Data  0.001 ( 0.001)	Loss 1.8222e+01 (1.7691e+00)	Acc@1   0.00 ( 79.86)	Acc@5 100.00 ( 98.89)
23-Jan-26 21:59:43 - Epoch: [18][49999/50000]	Time  0.036 ( 0.040)	Data  0.001 ( 0.001)	Loss 2.6842e+00 (1.7724e+00)	Acc@1   0.00 ( 79.85)	Acc@5 100.00 ( 98.91)
23-Jan-26 21:59:43 -  @Training * Acc@1 79.850 Acc@5 98.906 Loss 1.772
23-Jan-26 21:59:43 - One training epoch latency: 1.982e+03s | Avg Power: 185.8W | Energy: 368244.8648J
23-Jan-26 21:59:53 -  @Testing * Acc@1 81.440 Acc@5 99.050 Loss 1.972
23-Jan-26 21:59:53 - Best acc at epoch 18: 81.43999481201172
23-Jan-26 21:59:54 - Last learning rate: [7.8125e-06]
23-Jan-26 21:59:54 - 	 Epoch 19...
23-Jan-26 22:03:17 - Epoch: [19][ 4999/50000]	Time  0.037 ( 0.041)	Data  0.001 ( 0.001)	Loss 5.2452e-06 (1.6630e+00)	Acc@1 100.00 ( 81.04)	Acc@5 100.00 ( 98.70)
23-Jan-26 22:06:37 - Epoch: [19][ 9999/50000]	Time  0.041 ( 0.040)	Data  0.001 ( 0.001)	Loss 7.8678e-06 (1.6611e+00)	Acc@1 100.00 ( 80.76)	Acc@5 100.00 ( 98.89)
23-Jan-26 22:09:57 - Epoch: [19][14999/50000]	Time  0.038 ( 0.040)	Data  0.001 ( 0.001)	Loss 1.5525e+00 (1.6706e+00)	Acc@1   0.00 ( 80.79)	Acc@5 100.00 ( 98.91)
23-Jan-26 22:13:20 - Epoch: [19][19999/50000]	Time  0.037 ( 0.040)	Data  0.001 ( 0.001)	Loss 1.9864e-02 (1.7023e+00)	Acc@1 100.00 ( 80.62)	Acc@5 100.00 ( 98.86)
23-Jan-26 22:16:40 - Epoch: [19][24999/50000]	Time  0.037 ( 0.040)	Data  0.001 ( 0.001)	Loss 7.6470e+00 (1.6972e+00)	Acc@1   0.00 ( 80.71)	Acc@5 100.00 ( 98.90)
23-Jan-26 22:20:03 - Epoch: [19][29999/50000]	Time  0.039 ( 0.040)	Data  0.001 ( 0.001)	Loss 0.0000e+00 (1.6961e+00)	Acc@1 100.00 ( 80.74)	Acc@5 100.00 ( 98.91)
23-Jan-26 22:23:24 - Epoch: [19][34999/50000]	Time  0.038 ( 0.040)	Data  0.001 ( 0.001)	Loss 1.1486e+01 (1.6990e+00)	Acc@1   0.00 ( 80.72)	Acc@5 100.00 ( 98.94)
23-Jan-26 22:26:44 - Epoch: [19][39999/50000]	Time  0.039 ( 0.040)	Data  0.001 ( 0.001)	Loss 1.4300e+00 (1.7024e+00)	Acc@1   0.00 ( 80.62)	Acc@5 100.00 ( 98.94)
23-Jan-26 22:30:08 - Epoch: [19][44999/50000]	Time  0.037 ( 0.040)	Data  0.001 ( 0.001)	Loss 8.3044e+00 (1.7076e+00)	Acc@1   0.00 ( 80.58)	Acc@5 100.00 ( 98.94)
23-Jan-26 22:33:30 - Epoch: [19][49999/50000]	Time  0.038 ( 0.040)	Data  0.001 ( 0.001)	Loss 3.8828e-02 (1.7028e+00)	Acc@1 100.00 ( 80.61)	Acc@5 100.00 ( 98.95)
23-Jan-26 22:33:30 -  @Training * Acc@1 80.608 Acc@5 98.948 Loss 1.703
23-Jan-26 22:33:30 - One training epoch latency: 2.017e+03s | Avg Power: 184.4W | Energy: 371853.4390J
23-Jan-26 22:33:41 -  @Testing * Acc@1 81.520 Acc@5 99.040 Loss 2.064
23-Jan-26 22:33:41 - Best acc at epoch 19: 81.5199966430664
23-Jan-26 22:33:41 - Last learning rate: [7.8125e-06]
23-Jan-26 22:33:41 - 	 Epoch 20...
23-Jan-26 22:36:59 - Epoch: [20][ 4999/50000]	Time  0.038 ( 0.040)	Data  0.001 ( 0.001)	Loss 0.0000e+00 (1.6753e+00)	Acc@1 100.00 ( 80.56)	Acc@5 100.00 ( 99.10)
23-Jan-26 22:40:18 - Epoch: [20][ 9999/50000]	Time  0.038 ( 0.040)	Data  0.001 ( 0.001)	Loss 0.0000e+00 (1.6472e+00)	Acc@1 100.00 ( 80.85)	Acc@5 100.00 ( 99.07)
23-Jan-26 22:43:36 - Epoch: [20][14999/50000]	Time  0.040 ( 0.040)	Data  0.002 ( 0.001)	Loss 0.0000e+00 (1.6269e+00)	Acc@1 100.00 ( 81.37)	Acc@5 100.00 ( 99.11)
23-Jan-26 22:46:56 - Epoch: [20][19999/50000]	Time  0.040 ( 0.040)	Data  0.001 ( 0.001)	Loss 0.0000e+00 (1.6129e+00)	Acc@1 100.00 ( 81.51)	Acc@5 100.00 ( 99.13)
23-Jan-26 22:50:13 - Epoch: [20][24999/50000]	Time  0.039 ( 0.040)	Data  0.001 ( 0.001)	Loss 3.3240e-03 (1.6239e+00)	Acc@1 100.00 ( 81.44)	Acc@5 100.00 ( 99.15)
23-Jan-26 22:53:30 - Epoch: [20][29999/50000]	Time  0.040 ( 0.040)	Data  0.001 ( 0.001)	Loss 2.1458e-06 (1.6234e+00)	Acc@1 100.00 ( 81.43)	Acc@5 100.00 ( 99.15)
23-Jan-26 22:56:50 - Epoch: [20][34999/50000]	Time  0.042 ( 0.040)	Data  0.001 ( 0.001)	Loss 6.1159e-04 (1.6298e+00)	Acc@1 100.00 ( 81.41)	Acc@5 100.00 ( 99.15)
23-Jan-26 23:00:08 - Epoch: [20][39999/50000]	Time  0.063 ( 0.040)	Data  0.025 ( 0.001)	Loss 2.3842e-07 (1.6395e+00)	Acc@1 100.00 ( 81.29)	Acc@5 100.00 ( 99.13)
23-Jan-26 23:03:26 - Epoch: [20][44999/50000]	Time  0.038 ( 0.040)	Data  0.001 ( 0.001)	Loss 1.3970e+00 (1.6339e+00)	Acc@1   0.00 ( 81.34)	Acc@5 100.00 ( 99.13)
23-Jan-26 23:06:45 - Epoch: [20][49999/50000]	Time  0.036 ( 0.040)	Data  0.001 ( 0.001)	Loss 1.3113e-06 (1.6377e+00)	Acc@1 100.00 ( 81.29)	Acc@5 100.00 ( 99.11)
23-Jan-26 23:06:45 -  @Training * Acc@1 81.290 Acc@5 99.108 Loss 1.638
23-Jan-26 23:06:45 - One training epoch latency: 1.984e+03s | Avg Power: 185.8W | Energy: 368780.3001J
23-Jan-26 23:06:56 -  @Testing * Acc@1 82.680 Acc@5 99.120 Loss 1.917
23-Jan-26 23:06:56 - Best acc at epoch 20: 82.68000030517578
23-Jan-26 23:06:56 - Last learning rate: [7.8125e-06]
23-Jan-26 23:06:56 - 	 Epoch 21...
23-Jan-26 23:10:13 - Epoch: [21][ 4999/50000]	Time  0.038 ( 0.039)	Data  0.001 ( 0.001)	Loss 0.0000e+00 (1.5030e+00)	Acc@1 100.00 ( 82.54)	Acc@5 100.00 ( 99.08)
23-Jan-26 23:13:33 - Epoch: [21][ 9999/50000]	Time  0.039 ( 0.040)	Data  0.001 ( 0.001)	Loss 6.4214e+00 (1.6000e+00)	Acc@1   0.00 ( 81.87)	Acc@5 100.00 ( 99.08)
23-Jan-26 23:16:50 - Epoch: [21][14999/50000]	Time  0.040 ( 0.040)	Data  0.001 ( 0.001)	Loss 1.3590e-05 (1.6019e+00)	Acc@1 100.00 ( 81.73)	Acc@5 100.00 ( 99.16)
23-Jan-26 23:20:07 - Epoch: [21][19999/50000]	Time  0.037 ( 0.040)	Data  0.001 ( 0.001)	Loss 1.6066e+01 (1.6043e+00)	Acc@1   0.00 ( 81.53)	Acc@5 100.00 ( 99.19)
23-Jan-26 23:23:27 - Epoch: [21][24999/50000]	Time  0.060 ( 0.040)	Data  0.001 ( 0.001)	Loss 0.0000e+00 (1.6012e+00)	Acc@1 100.00 ( 81.64)	Acc@5 100.00 ( 99.16)
23-Jan-26 23:26:43 - Epoch: [21][29999/50000]	Time  0.037 ( 0.040)	Data  0.001 ( 0.001)	Loss 0.0000e+00 (1.5989e+00)	Acc@1 100.00 ( 81.67)	Acc@5 100.00 ( 99.17)
23-Jan-26 23:30:02 - Epoch: [21][34999/50000]	Time  0.041 ( 0.040)	Data  0.001 ( 0.001)	Loss 9.2528e-01 (1.5932e+00)	Acc@1   0.00 ( 81.72)	Acc@5 100.00 ( 99.18)
23-Jan-26 23:33:20 - Epoch: [21][39999/50000]	Time  0.037 ( 0.040)	Data  0.001 ( 0.001)	Loss 0.0000e+00 (1.5946e+00)	Acc@1 100.00 ( 81.76)	Acc@5 100.00 ( 99.20)
23-Jan-26 23:36:37 - Epoch: [21][44999/50000]	Time  0.037 ( 0.040)	Data  0.001 ( 0.001)	Loss 3.9389e-03 (1.5987e+00)	Acc@1 100.00 ( 81.72)	Acc@5 100.00 ( 99.18)
23-Jan-26 23:39:57 - Epoch: [21][49999/50000]	Time  0.038 ( 0.040)	Data  0.001 ( 0.001)	Loss 0.0000e+00 (1.6089e+00)	Acc@1 100.00 ( 81.71)	Acc@5 100.00 ( 99.17)
23-Jan-26 23:39:57 -  @Training * Acc@1 81.706 Acc@5 99.174 Loss 1.609
23-Jan-26 23:39:57 - One training epoch latency: 1.981e+03s | Avg Power: 185.6W | Energy: 367720.8854J
23-Jan-26 23:40:07 -  @Testing * Acc@1 83.370 Acc@5 99.120 Loss 1.793
23-Jan-26 23:40:07 - Best acc at epoch 21: 83.3699951171875
23-Jan-26 23:40:07 - Last learning rate: [7.8125e-06]
23-Jan-26 23:40:07 - 	 Epoch 22...
23-Jan-26 23:43:24 - Epoch: [22][ 4999/50000]	Time  0.040 ( 0.039)	Data  0.001 ( 0.001)	Loss 0.0000e+00 (1.4658e+00)	Acc@1 100.00 ( 82.56)	Acc@5 100.00 ( 99.08)
23-Jan-26 23:46:41 - Epoch: [22][ 9999/50000]	Time  0.039 ( 0.039)	Data  0.001 ( 0.001)	Loss 1.6454e-03 (1.4667e+00)	Acc@1 100.00 ( 82.62)	Acc@5 100.00 ( 99.25)
23-Jan-26 23:50:01 - Epoch: [22][14999/50000]	Time  0.037 ( 0.040)	Data  0.001 ( 0.001)	Loss 1.1921e-07 (1.5026e+00)	Acc@1 100.00 ( 82.43)	Acc@5 100.00 ( 99.27)
23-Jan-26 23:53:18 - Epoch: [22][19999/50000]	Time  0.040 ( 0.040)	Data  0.001 ( 0.001)	Loss 0.0000e+00 (1.5182e+00)	Acc@1 100.00 ( 82.38)	Acc@5 100.00 ( 99.24)
23-Jan-26 23:56:38 - Epoch: [22][24999/50000]	Time  0.039 ( 0.040)	Data  0.001 ( 0.001)	Loss 1.0729e-06 (1.5523e+00)	Acc@1 100.00 ( 82.34)	Acc@5 100.00 ( 99.15)
23-Jan-26 23:59:55 - Epoch: [22][29999/50000]	Time  0.037 ( 0.040)	Data  0.001 ( 0.001)	Loss 0.0000e+00 (1.5255e+00)	Acc@1 100.00 ( 82.58)	Acc@5 100.00 ( 99.16)
24-Jan-26 00:03:12 - Epoch: [22][34999/50000]	Time  0.038 ( 0.040)	Data  0.001 ( 0.001)	Loss 2.6568e-04 (1.5256e+00)	Acc@1 100.00 ( 82.60)	Acc@5 100.00 ( 99.17)
24-Jan-26 00:06:32 - Epoch: [22][39999/50000]	Time  0.037 ( 0.040)	Data  0.001 ( 0.001)	Loss 1.9193e-05 (1.5396e+00)	Acc@1 100.00 ( 82.46)	Acc@5 100.00 ( 99.18)
24-Jan-26 00:09:49 - Epoch: [22][44999/50000]	Time  0.037 ( 0.040)	Data  0.001 ( 0.001)	Loss 0.0000e+00 (1.5437e+00)	Acc@1 100.00 ( 82.45)	Acc@5 100.00 ( 99.17)
24-Jan-26 00:13:06 - Epoch: [22][49999/50000]	Time  0.036 ( 0.040)	Data  0.001 ( 0.001)	Loss 4.3629e-03 (1.5477e+00)	Acc@1 100.00 ( 82.49)	Acc@5 100.00 ( 99.19)
24-Jan-26 00:13:06 -  @Training * Acc@1 82.488 Acc@5 99.186 Loss 1.548
24-Jan-26 00:13:06 - One training epoch latency: 1.979e+03s | Avg Power: 185.8W | Energy: 367568.7933J
24-Jan-26 00:13:16 -  @Testing * Acc@1 83.090 Acc@5 99.170 Loss 1.850
24-Jan-26 00:13:16 - Best acc at epoch 22: 83.3699951171875
24-Jan-26 00:13:16 - Last learning rate: [7.8125e-06]
24-Jan-26 00:13:16 - 	 Epoch 23...
24-Jan-26 00:16:36 - Epoch: [23][ 4999/50000]	Time  0.040 ( 0.040)	Data  0.001 ( 0.001)	Loss 9.6953e+00 (1.4250e+00)	Acc@1   0.00 ( 83.30)	Acc@5 100.00 ( 99.26)
24-Jan-26 00:19:53 - Epoch: [23][ 9999/50000]	Time  0.040 ( 0.040)	Data  0.001 ( 0.001)	Loss 1.2425e-01 (1.5202e+00)	Acc@1 100.00 ( 82.97)	Acc@5 100.00 ( 99.24)
24-Jan-26 00:23:13 - Epoch: [23][14999/50000]	Time  0.038 ( 0.040)	Data  0.001 ( 0.001)	Loss 1.3613e-02 (1.4858e+00)	Acc@1 100.00 ( 83.04)	Acc@5 100.00 ( 99.28)
24-Jan-26 00:26:30 - Epoch: [23][19999/50000]	Time  0.040 ( 0.040)	Data  0.001 ( 0.001)	Loss 0.0000e+00 (1.4849e+00)	Acc@1 100.00 ( 82.88)	Acc@5 100.00 ( 99.32)
24-Jan-26 00:29:47 - Epoch: [23][24999/50000]	Time  0.037 ( 0.040)	Data  0.001 ( 0.001)	Loss 2.4876e+01 (1.4852e+00)	Acc@1   0.00 ( 83.02)	Acc@5 100.00 ( 99.32)
24-Jan-26 00:33:06 - Epoch: [23][29999/50000]	Time  0.038 ( 0.040)	Data  0.001 ( 0.001)	Loss 0.0000e+00 (1.4775e+00)	Acc@1 100.00 ( 83.03)	Acc@5 100.00 ( 99.29)
24-Jan-26 00:36:27 - Epoch: [23][34999/50000]	Time  0.037 ( 0.040)	Data  0.001 ( 0.001)	Loss 6.2041e+00 (1.4784e+00)	Acc@1   0.00 ( 83.03)	Acc@5 100.00 ( 99.27)
24-Jan-26 00:39:46 - Epoch: [23][39999/50000]	Time  0.039 ( 0.040)	Data  0.001 ( 0.001)	Loss 0.0000e+00 (1.4873e+00)	Acc@1 100.00 ( 83.01)	Acc@5 100.00 ( 99.26)
24-Jan-26 00:43:07 - Epoch: [23][44999/50000]	Time  0.039 ( 0.040)	Data  0.001 ( 0.001)	Loss 0.0000e+00 (1.4951e+00)	Acc@1 100.00 ( 82.92)	Acc@5 100.00 ( 99.23)
24-Jan-26 00:46:25 - Epoch: [23][49999/50000]	Time  0.038 ( 0.040)	Data  0.001 ( 0.001)	Loss 0.0000e+00 (1.4937e+00)	Acc@1 100.00 ( 82.92)	Acc@5 100.00 ( 99.25)
24-Jan-26 00:46:25 -  @Training * Acc@1 82.922 Acc@5 99.254 Loss 1.494
24-Jan-26 00:46:25 - One training epoch latency: 1.989e+03s | Avg Power: 185.8W | Energy: 369498.2827J
24-Jan-26 00:46:35 -  @Testing * Acc@1 83.680 Acc@5 99.240 Loss 1.858
24-Jan-26 00:46:35 - Best acc at epoch 23: 83.68000030517578
24-Jan-26 00:46:36 - Last learning rate: [7.8125e-06]
24-Jan-26 00:46:36 - 	 Epoch 24...
24-Jan-26 00:49:59 - Epoch: [24][ 4999/50000]	Time  0.038 ( 0.041)	Data  0.001 ( 0.001)	Loss 0.0000e+00 (1.4010e+00)	Acc@1 100.00 ( 84.18)	Acc@5 100.00 ( 99.32)
24-Jan-26 00:53:19 - Epoch: [24][ 9999/50000]	Time  0.040 ( 0.040)	Data  0.001 ( 0.001)	Loss 1.5871e-03 (1.4457e+00)	Acc@1 100.00 ( 83.41)	Acc@5 100.00 ( 99.31)
24-Jan-26 00:56:40 - Epoch: [24][14999/50000]	Time  0.041 ( 0.040)	Data  0.001 ( 0.001)	Loss 0.0000e+00 (1.4442e+00)	Acc@1 100.00 ( 83.38)	Acc@5 100.00 ( 99.33)
24-Jan-26 01:00:03 - Epoch: [24][19999/50000]	Time  0.037 ( 0.040)	Data  0.001 ( 0.001)	Loss 0.0000e+00 (1.4691e+00)	Acc@1 100.00 ( 83.43)	Acc@5 100.00 ( 99.24)
24-Jan-26 01:03:23 - Epoch: [24][24999/50000]	Time  0.038 ( 0.040)	Data  0.001 ( 0.001)	Loss 0.0000e+00 (1.4672e+00)	Acc@1 100.00 ( 83.34)	Acc@5 100.00 ( 99.25)
24-Jan-26 01:06:46 - Epoch: [24][29999/50000]	Time  0.044 ( 0.040)	Data  0.001 ( 0.001)	Loss 1.4246e-02 (1.4608e+00)	Acc@1 100.00 ( 83.43)	Acc@5 100.00 ( 99.25)
24-Jan-26 01:10:07 - Epoch: [24][34999/50000]	Time  0.039 ( 0.040)	Data  0.001 ( 0.001)	Loss 0.0000e+00 (1.4665e+00)	Acc@1 100.00 ( 83.46)	Acc@5 100.00 ( 99.29)
24-Jan-26 01:13:27 - Epoch: [24][39999/50000]	Time  0.038 ( 0.040)	Data  0.001 ( 0.001)	Loss 0.0000e+00 (1.4609e+00)	Acc@1 100.00 ( 83.54)	Acc@5 100.00 ( 99.29)
24-Jan-26 01:16:50 - Epoch: [24][44999/50000]	Time  0.038 ( 0.040)	Data  0.001 ( 0.001)	Loss 0.0000e+00 (1.4593e+00)	Acc@1 100.00 ( 83.59)	Acc@5 100.00 ( 99.30)
24-Jan-26 01:20:10 - Epoch: [24][49999/50000]	Time  0.041 ( 0.040)	Data  0.001 ( 0.001)	Loss 5.2164e-01 (1.4570e+00)	Acc@1 100.00 ( 83.56)	Acc@5 100.00 ( 99.31)
24-Jan-26 01:20:10 -  @Training * Acc@1 83.558 Acc@5 99.308 Loss 1.457
24-Jan-26 01:20:10 - One training epoch latency: 2.015e+03s | Avg Power: 185.2W | Energy: 373126.0867J
24-Jan-26 01:20:21 -  @Testing * Acc@1 84.720 Acc@5 99.260 Loss 1.747
24-Jan-26 01:20:21 - Best acc at epoch 24: 84.72000122070312
24-Jan-26 01:20:21 - Last learning rate: [7.8125e-06]
24-Jan-26 01:20:21 - 	 Epoch 25...
24-Jan-26 01:23:42 - Epoch: [25][ 4999/50000]	Time  0.045 ( 0.040)	Data  0.001 ( 0.001)	Loss 0.0000e+00 (1.4089e+00)	Acc@1 100.00 ( 84.26)	Acc@5 100.00 ( 99.36)
24-Jan-26 01:27:04 - Epoch: [25][ 9999/50000]	Time  0.037 ( 0.040)	Data  0.001 ( 0.001)	Loss 0.0000e+00 (1.4046e+00)	Acc@1 100.00 ( 84.13)	Acc@5 100.00 ( 99.25)
24-Jan-26 01:30:24 - Epoch: [25][14999/50000]	Time  0.039 ( 0.040)	Data  0.001 ( 0.001)	Loss 0.0000e+00 (1.3939e+00)	Acc@1 100.00 ( 84.15)	Acc@5 100.00 ( 99.26)
24-Jan-26 01:33:46 - Epoch: [25][19999/50000]	Time  0.040 ( 0.040)	Data  0.001 ( 0.001)	Loss 0.0000e+00 (1.3904e+00)	Acc@1 100.00 ( 84.01)	Acc@5 100.00 ( 99.27)
24-Jan-26 01:37:07 - Epoch: [25][24999/50000]	Time  0.040 ( 0.040)	Data  0.001 ( 0.001)	Loss 0.0000e+00 (1.3969e+00)	Acc@1 100.00 ( 83.92)	Acc@5 100.00 ( 99.25)
24-Jan-26 01:40:26 - Epoch: [25][29999/50000]	Time  0.038 ( 0.040)	Data  0.001 ( 0.001)	Loss 0.0000e+00 (1.3980e+00)	Acc@1 100.00 ( 83.94)	Acc@5 100.00 ( 99.30)
24-Jan-26 01:43:50 - Epoch: [25][34999/50000]	Time  0.064 ( 0.040)	Data  0.026 ( 0.001)	Loss 2.3775e-01 (1.3933e+00)	Acc@1 100.00 ( 83.96)	Acc@5 100.00 ( 99.27)
24-Jan-26 01:47:10 - Epoch: [25][39999/50000]	Time  0.039 ( 0.040)	Data  0.001 ( 0.001)	Loss 0.0000e+00 (1.3939e+00)	Acc@1 100.00 ( 83.97)	Acc@5 100.00 ( 99.29)
24-Jan-26 01:50:32 - Epoch: [25][44999/50000]	Time  0.043 ( 0.040)	Data  0.001 ( 0.001)	Loss 0.0000e+00 (1.3968e+00)	Acc@1 100.00 ( 83.97)	Acc@5 100.00 ( 99.31)
24-Jan-26 01:53:53 - Epoch: [25][49999/50000]	Time  0.040 ( 0.040)	Data  0.001 ( 0.001)	Loss 0.0000e+00 (1.4074e+00)	Acc@1 100.00 ( 83.93)	Acc@5 100.00 ( 99.31)
24-Jan-26 01:53:53 -  @Training * Acc@1 83.928 Acc@5 99.314 Loss 1.407
24-Jan-26 01:53:53 - One training epoch latency: 2.012e+03s | Avg Power: 185.5W | Energy: 373236.8914J
24-Jan-26 01:54:04 -  @Testing * Acc@1 83.300 Acc@5 99.320 Loss 1.923
24-Jan-26 01:54:04 - Best acc at epoch 25: 84.72000122070312
24-Jan-26 01:54:04 - Last learning rate: [7.8125e-06]
24-Jan-26 01:54:04 - 	 Epoch 26...
24-Jan-26 01:57:24 - Epoch: [26][ 4999/50000]	Time  0.039 ( 0.040)	Data  0.001 ( 0.001)	Loss 3.3403e+00 (1.3259e+00)	Acc@1   0.00 ( 84.10)	Acc@5 100.00 ( 99.40)
24-Jan-26 02:00:47 - Epoch: [26][ 9999/50000]	Time  0.038 ( 0.040)	Data  0.001 ( 0.001)	Loss 2.4657e+01 (1.3177e+00)	Acc@1   0.00 ( 84.80)	Acc@5 100.00 ( 99.35)
24-Jan-26 02:04:07 - Epoch: [26][14999/50000]	Time  0.039 ( 0.040)	Data  0.001 ( 0.001)	Loss 2.3842e-07 (1.3280e+00)	Acc@1 100.00 ( 84.69)	Acc@5 100.00 ( 99.41)
24-Jan-26 02:07:28 - Epoch: [26][19999/50000]	Time  0.038 ( 0.040)	Data  0.001 ( 0.001)	Loss 8.1601e-04 (1.3557e+00)	Acc@1 100.00 ( 84.53)	Acc@5 100.00 ( 99.41)
24-Jan-26 02:10:48 - Epoch: [26][24999/50000]	Time  0.037 ( 0.040)	Data  0.001 ( 0.001)	Loss 0.0000e+00 (1.3615e+00)	Acc@1 100.00 ( 84.50)	Acc@5 100.00 ( 99.40)
24-Jan-26 02:14:05 - Epoch: [26][29999/50000]	Time  0.037 ( 0.040)	Data  0.001 ( 0.001)	Loss 3.1828e-05 (1.3686e+00)	Acc@1 100.00 ( 84.46)	Acc@5 100.00 ( 99.37)
24-Jan-26 02:17:25 - Epoch: [26][34999/50000]	Time  0.039 ( 0.040)	Data  0.001 ( 0.001)	Loss 0.0000e+00 (1.3703e+00)	Acc@1 100.00 ( 84.53)	Acc@5 100.00 ( 99.35)
24-Jan-26 02:20:46 - Epoch: [26][39999/50000]	Time  0.040 ( 0.040)	Data  0.001 ( 0.001)	Loss 0.0000e+00 (1.3783e+00)	Acc@1 100.00 ( 84.41)	Acc@5 100.00 ( 99.35)
24-Jan-26 02:24:03 - Epoch: [26][44999/50000]	Time  0.037 ( 0.040)	Data  0.001 ( 0.001)	Loss 0.0000e+00 (1.3728e+00)	Acc@1 100.00 ( 84.43)	Acc@5 100.00 ( 99.36)
24-Jan-26 02:27:26 - Epoch: [26][49999/50000]	Time  0.036 ( 0.040)	Data  0.001 ( 0.001)	Loss 1.5708e+01 (1.3753e+00)	Acc@1   0.00 ( 84.43)	Acc@5 100.00 ( 99.35)
24-Jan-26 02:27:26 -  @Training * Acc@1 84.434 Acc@5 99.352 Loss 1.375
24-Jan-26 02:27:26 - One training epoch latency: 2.002e+03s | Avg Power: 185.7W | Energy: 371861.1169J
24-Jan-26 02:27:36 -  @Testing * Acc@1 84.670 Acc@5 99.290 Loss 1.765
24-Jan-26 02:27:36 - Best acc at epoch 26: 84.72000122070312
24-Jan-26 02:27:36 - Last learning rate: [7.8125e-06]
24-Jan-26 02:27:36 - 	 Epoch 27...
24-Jan-26 02:30:55 - Epoch: [27][ 4999/50000]	Time  0.038 ( 0.040)	Data  0.001 ( 0.001)	Loss 0.0000e+00 (1.2937e+00)	Acc@1 100.00 ( 84.82)	Acc@5 100.00 ( 99.32)
24-Jan-26 02:34:18 - Epoch: [27][ 9999/50000]	Time  0.061 ( 0.040)	Data  0.020 ( 0.001)	Loss 2.8403e-03 (1.2939e+00)	Acc@1 100.00 ( 85.23)	Acc@5 100.00 ( 99.33)
24-Jan-26 02:37:38 - Epoch: [27][14999/50000]	Time  0.039 ( 0.040)	Data  0.001 ( 0.001)	Loss 0.0000e+00 (1.2816e+00)	Acc@1 100.00 ( 85.16)	Acc@5 100.00 ( 99.36)
24-Jan-26 02:41:02 - Epoch: [27][19999/50000]	Time  0.039 ( 0.040)	Data  0.002 ( 0.001)	Loss 2.5566e+00 (1.3115e+00)	Acc@1   0.00 ( 85.06)	Acc@5 100.00 ( 99.32)
24-Jan-26 02:44:28 - Epoch: [27][24999/50000]	Time  0.039 ( 0.040)	Data  0.001 ( 0.001)	Loss 1.2734e-03 (1.3272e+00)	Acc@1 100.00 ( 84.94)	Acc@5 100.00 ( 99.28)
24-Jan-26 02:47:51 - Epoch: [27][29999/50000]	Time  0.039 ( 0.041)	Data  0.001 ( 0.001)	Loss 0.0000e+00 (1.3367e+00)	Acc@1 100.00 ( 84.95)	Acc@5 100.00 ( 99.29)
24-Jan-26 02:51:15 - Epoch: [27][34999/50000]	Time  0.043 ( 0.041)	Data  0.001 ( 0.001)	Loss 2.3842e-06 (1.3309e+00)	Acc@1 100.00 ( 85.03)	Acc@5 100.00 ( 99.33)
24-Jan-26 02:54:42 - Epoch: [27][39999/50000]	Time  0.041 ( 0.041)	Data  0.002 ( 0.001)	Loss 0.0000e+00 (1.3355e+00)	Acc@1 100.00 ( 84.94)	Acc@5 100.00 ( 99.35)
24-Jan-26 02:58:01 - Epoch: [27][44999/50000]	Time  0.038 ( 0.041)	Data  0.001 ( 0.001)	Loss 1.1921e-06 (1.3310e+00)	Acc@1 100.00 ( 84.97)	Acc@5 100.00 ( 99.34)
24-Jan-26 03:01:21 - Epoch: [27][49999/50000]	Time  0.037 ( 0.040)	Data  0.001 ( 0.001)	Loss 0.0000e+00 (1.3345e+00)	Acc@1 100.00 ( 84.94)	Acc@5 100.00 ( 99.34)
24-Jan-26 03:01:21 -  @Training * Acc@1 84.936 Acc@5 99.340 Loss 1.334
24-Jan-26 03:01:22 - One training epoch latency: 2.025e+03s | Avg Power: 184.7W | Energy: 374030.9832J
24-Jan-26 03:01:32 -  @Testing * Acc@1 84.780 Acc@5 99.310 Loss 1.723
24-Jan-26 03:01:32 - Best acc at epoch 27: 84.77999877929688
24-Jan-26 03:01:32 - Last learning rate: [7.8125e-06]
24-Jan-26 03:01:32 - 	 Epoch 28...
24-Jan-26 03:04:49 - Epoch: [28][ 4999/50000]	Time  0.037 ( 0.039)	Data  0.001 ( 0.001)	Loss 0.0000e+00 (1.2776e+00)	Acc@1 100.00 ( 85.96)	Acc@5 100.00 ( 99.50)
24-Jan-26 03:08:06 - Epoch: [28][ 9999/50000]	Time  0.037 ( 0.039)	Data  0.001 ( 0.001)	Loss 2.3842e-07 (1.2613e+00)	Acc@1 100.00 ( 85.90)	Acc@5 100.00 ( 99.40)
24-Jan-26 03:11:26 - Epoch: [28][14999/50000]	Time  0.038 ( 0.040)	Data  0.001 ( 0.001)	Loss 0.0000e+00 (1.2881e+00)	Acc@1 100.00 ( 85.52)	Acc@5 100.00 ( 99.35)
24-Jan-26 03:14:43 - Epoch: [28][19999/50000]	Time  0.037 ( 0.040)	Data  0.001 ( 0.001)	Loss 0.0000e+00 (1.2797e+00)	Acc@1 100.00 ( 85.45)	Acc@5 100.00 ( 99.33)
24-Jan-26 03:18:00 - Epoch: [28][24999/50000]	Time  0.040 ( 0.040)	Data  0.001 ( 0.001)	Loss 7.6716e+00 (1.2739e+00)	Acc@1   0.00 ( 85.52)	Acc@5 100.00 ( 99.36)
24-Jan-26 03:21:19 - Epoch: [28][29999/50000]	Time  0.041 ( 0.040)	Data  0.001 ( 0.001)	Loss 1.4275e+01 (1.2855e+00)	Acc@1   0.00 ( 85.47)	Acc@5 100.00 ( 99.36)
24-Jan-26 03:24:36 - Epoch: [28][34999/50000]	Time  0.038 ( 0.040)	Data  0.001 ( 0.001)	Loss 0.0000e+00 (1.2903e+00)	Acc@1 100.00 ( 85.42)	Acc@5 100.00 ( 99.34)
24-Jan-26 03:27:56 - Epoch: [28][39999/50000]	Time  0.044 ( 0.040)	Data  0.001 ( 0.001)	Loss 2.0319e+01 (1.2900e+00)	Acc@1   0.00 ( 85.39)	Acc@5 100.00 ( 99.35)
24-Jan-26 03:31:13 - Epoch: [28][44999/50000]	Time  0.037 ( 0.040)	Data  0.001 ( 0.001)	Loss 0.0000e+00 (1.2907e+00)	Acc@1 100.00 ( 85.40)	Acc@5 100.00 ( 99.37)
24-Jan-26 03:34:30 - Epoch: [28][49999/50000]	Time  0.036 ( 0.040)	Data  0.001 ( 0.001)	Loss 3.5763e-07 (1.2891e+00)	Acc@1 100.00 ( 85.36)	Acc@5 100.00 ( 99.39)
24-Jan-26 03:34:30 -  @Training * Acc@1 85.364 Acc@5 99.388 Loss 1.289
24-Jan-26 03:34:30 - One training epoch latency: 1.978e+03s | Avg Power: 185.4W | Energy: 366886.7870J
24-Jan-26 03:34:41 -  @Testing * Acc@1 84.720 Acc@5 99.260 Loss 1.832
24-Jan-26 03:34:41 - Best acc at epoch 28: 84.77999877929688
24-Jan-26 03:34:41 - Last learning rate: [7.8125e-06]
24-Jan-26 03:34:41 - 	 Epoch 29...
24-Jan-26 03:38:02 - Epoch: [29][ 4999/50000]	Time  0.037 ( 0.040)	Data  0.001 ( 0.001)	Loss 0.0000e+00 (1.2408e+00)	Acc@1 100.00 ( 86.44)	Acc@5 100.00 ( 99.34)
24-Jan-26 03:41:19 - Epoch: [29][ 9999/50000]	Time  0.038 ( 0.040)	Data  0.001 ( 0.001)	Loss 0.0000e+00 (1.2526e+00)	Acc@1 100.00 ( 86.11)	Acc@5 100.00 ( 99.43)
24-Jan-26 03:44:39 - Epoch: [29][14999/50000]	Time  0.061 ( 0.040)	Data  0.015 ( 0.001)	Loss 7.1526e-07 (1.2579e+00)	Acc@1 100.00 ( 85.87)	Acc@5 100.00 ( 99.44)
24-Jan-26 03:47:58 - Epoch: [29][19999/50000]	Time  0.038 ( 0.040)	Data  0.001 ( 0.001)	Loss 1.9606e+01 (1.2530e+00)	Acc@1   0.00 ( 85.93)	Acc@5 100.00 ( 99.42)
24-Jan-26 03:51:16 - Epoch: [29][24999/50000]	Time  0.039 ( 0.040)	Data  0.001 ( 0.001)	Loss 8.7522e+00 (1.2592e+00)	Acc@1   0.00 ( 85.92)	Acc@5 100.00 ( 99.46)
24-Jan-26 03:54:37 - Epoch: [29][29999/50000]	Time  0.039 ( 0.040)	Data  0.001 ( 0.001)	Loss 1.0297e+01 (1.2593e+00)	Acc@1   0.00 ( 85.87)	Acc@5 100.00 ( 99.47)
24-Jan-26 03:57:55 - Epoch: [29][34999/50000]	Time  0.040 ( 0.040)	Data  0.001 ( 0.001)	Loss 0.0000e+00 (1.2521e+00)	Acc@1 100.00 ( 85.86)	Acc@5 100.00 ( 99.47)
24-Jan-26 04:01:13 - Epoch: [29][39999/50000]	Time  0.041 ( 0.040)	Data  0.001 ( 0.001)	Loss 0.0000e+00 (1.2530e+00)	Acc@1 100.00 ( 85.89)	Acc@5 100.00 ( 99.46)
24-Jan-26 04:04:34 - Epoch: [29][44999/50000]	Time  0.040 ( 0.040)	Data  0.001 ( 0.001)	Loss 4.7684e-07 (1.2545e+00)	Acc@1 100.00 ( 85.85)	Acc@5 100.00 ( 99.45)
24-Jan-26 04:07:52 - Epoch: [29][49999/50000]	Time  0.041 ( 0.040)	Data  0.001 ( 0.001)	Loss 0.0000e+00 (1.2518e+00)	Acc@1 100.00 ( 85.88)	Acc@5 100.00 ( 99.45)
24-Jan-26 04:07:52 -  @Training * Acc@1 85.882 Acc@5 99.452 Loss 1.252
24-Jan-26 04:07:52 - One training epoch latency: 1.991e+03s | Avg Power: 184.6W | Energy: 367646.9580J
24-Jan-26 04:08:02 -  @Testing * Acc@1 85.310 Acc@5 99.410 Loss 1.832
24-Jan-26 04:08:02 - Best acc at epoch 29: 85.30999755859375
24-Jan-26 04:08:02 - Last learning rate: [7.8125e-06]
24-Jan-26 04:08:02 - 	 Epoch 30...
24-Jan-26 04:11:25 - Epoch: [30][ 4999/50000]	Time  0.042 ( 0.041)	Data  0.001 ( 0.001)	Loss 2.3842e-07 (1.2223e+00)	Acc@1 100.00 ( 86.22)	Acc@5 100.00 ( 99.46)
24-Jan-26 04:14:45 - Epoch: [30][ 9999/50000]	Time  0.040 ( 0.040)	Data  0.001 ( 0.001)	Loss 2.6970e-01 (1.2043e+00)	Acc@1 100.00 ( 86.24)	Acc@5 100.00 ( 99.54)
24-Jan-26 04:18:05 - Epoch: [30][14999/50000]	Time  0.040 ( 0.040)	Data  0.001 ( 0.001)	Loss 0.0000e+00 (1.1980e+00)	Acc@1 100.00 ( 86.30)	Acc@5 100.00 ( 99.57)
24-Jan-26 04:21:28 - Epoch: [30][19999/50000]	Time  0.038 ( 0.040)	Data  0.001 ( 0.001)	Loss 7.5498e-01 (1.2054e+00)	Acc@1   0.00 ( 86.21)	Acc@5 100.00 ( 99.53)
24-Jan-26 04:24:48 - Epoch: [30][24999/50000]	Time  0.041 ( 0.040)	Data  0.001 ( 0.001)	Loss 0.0000e+00 (1.2143e+00)	Acc@1 100.00 ( 86.19)	Acc@5 100.00 ( 99.51)
24-Jan-26 04:28:08 - Epoch: [30][29999/50000]	Time  0.041 ( 0.040)	Data  0.001 ( 0.001)	Loss 0.0000e+00 (1.2209e+00)	Acc@1 100.00 ( 86.12)	Acc@5 100.00 ( 99.49)
24-Jan-26 04:31:32 - Epoch: [30][34999/50000]	Time  0.042 ( 0.040)	Data  0.001 ( 0.001)	Loss 0.0000e+00 (1.2170e+00)	Acc@1 100.00 ( 86.18)	Acc@5 100.00 ( 99.50)
24-Jan-26 04:34:53 - Epoch: [30][39999/50000]	Time  0.041 ( 0.040)	Data  0.001 ( 0.001)	Loss 0.0000e+00 (1.2204e+00)	Acc@1 100.00 ( 86.16)	Acc@5 100.00 ( 99.49)
24-Jan-26 04:38:18 - Epoch: [30][44999/50000]	Time  0.041 ( 0.040)	Data  0.001 ( 0.001)	Loss 4.7684e-07 (1.2313e+00)	Acc@1 100.00 ( 86.14)	Acc@5 100.00 ( 99.48)
24-Jan-26 04:41:41 - Epoch: [30][49999/50000]	Time  0.037 ( 0.040)	Data  0.001 ( 0.001)	Loss 0.0000e+00 (1.2225e+00)	Acc@1 100.00 ( 86.16)	Acc@5 100.00 ( 99.48)
24-Jan-26 04:41:41 -  @Training * Acc@1 86.164 Acc@5 99.480 Loss 1.223
24-Jan-26 04:41:41 - One training epoch latency: 2.019e+03s | Avg Power: 183.7W | Energy: 370782.4341J
24-Jan-26 04:41:51 -  @Testing * Acc@1 84.990 Acc@5 99.280 Loss 1.835
24-Jan-26 04:41:51 - Best acc at epoch 30: 85.30999755859375
24-Jan-26 04:41:51 - Last learning rate: [7.8125e-06]
24-Jan-26 04:41:51 - 	 Epoch 31...
24-Jan-26 04:45:11 - Epoch: [31][ 4999/50000]	Time  0.040 ( 0.040)	Data  0.001 ( 0.001)	Loss 0.0000e+00 (1.1556e+00)	Acc@1 100.00 ( 86.70)	Acc@5 100.00 ( 99.56)
24-Jan-26 04:48:33 - Epoch: [31][ 9999/50000]	Time  0.039 ( 0.040)	Data  0.001 ( 0.001)	Loss 0.0000e+00 (1.1644e+00)	Acc@1 100.00 ( 86.57)	Acc@5 100.00 ( 99.59)
24-Jan-26 04:51:52 - Epoch: [31][14999/50000]	Time  0.038 ( 0.040)	Data  0.001 ( 0.001)	Loss 0.0000e+00 (1.1529e+00)	Acc@1 100.00 ( 86.86)	Acc@5 100.00 ( 99.57)
24-Jan-26 04:55:15 - Epoch: [31][19999/50000]	Time  0.041 ( 0.040)	Data  0.002 ( 0.001)	Loss 0.0000e+00 (1.1572e+00)	Acc@1 100.00 ( 86.74)	Acc@5 100.00 ( 99.57)
24-Jan-26 04:58:34 - Epoch: [31][24999/50000]	Time  0.042 ( 0.040)	Data  0.001 ( 0.001)	Loss 0.0000e+00 (1.1592e+00)	Acc@1 100.00 ( 86.74)	Acc@5 100.00 ( 99.58)
24-Jan-26 05:01:53 - Epoch: [31][29999/50000]	Time  0.039 ( 0.040)	Data  0.002 ( 0.001)	Loss 0.0000e+00 (1.1727e+00)	Acc@1 100.00 ( 86.60)	Acc@5 100.00 ( 99.55)
24-Jan-26 05:05:16 - Epoch: [31][34999/50000]	Time  0.039 ( 0.040)	Data  0.001 ( 0.001)	Loss 0.0000e+00 (1.1655e+00)	Acc@1 100.00 ( 86.70)	Acc@5 100.00 ( 99.54)
24-Jan-26 05:08:35 - Epoch: [31][39999/50000]	Time  0.040 ( 0.040)	Data  0.001 ( 0.001)	Loss 1.0478e-01 (1.1729e+00)	Acc@1 100.00 ( 86.68)	Acc@5 100.00 ( 99.53)
24-Jan-26 05:11:55 - Epoch: [31][44999/50000]	Time  0.038 ( 0.040)	Data  0.001 ( 0.001)	Loss 0.0000e+00 (1.1790e+00)	Acc@1 100.00 ( 86.62)	Acc@5 100.00 ( 99.54)
24-Jan-26 05:15:16 - Epoch: [31][49999/50000]	Time  0.036 ( 0.040)	Data  0.001 ( 0.001)	Loss 8.3446e-07 (1.1814e+00)	Acc@1 100.00 ( 86.61)	Acc@5 100.00 ( 99.53)
24-Jan-26 05:15:16 -  @Training * Acc@1 86.608 Acc@5 99.530 Loss 1.181
24-Jan-26 05:15:17 - One training epoch latency: 2.005e+03s | Avg Power: 185.4W | Energy: 371701.6774J
24-Jan-26 05:15:27 -  @Testing * Acc@1 85.780 Acc@5 99.380 Loss 1.752
24-Jan-26 05:15:27 - Best acc at epoch 31: 85.77999877929688
24-Jan-26 05:15:27 - Last learning rate: [7.8125e-06]
24-Jan-26 05:15:27 - 	 Epoch 32...
24-Jan-26 05:18:46 - Epoch: [32][ 4999/50000]	Time  0.037 ( 0.040)	Data  0.001 ( 0.001)	Loss 7.2773e+00 (1.1828e+00)	Acc@1   0.00 ( 86.82)	Acc@5 100.00 ( 99.46)
24-Jan-26 05:22:08 - Epoch: [32][ 9999/50000]	Time  0.037 ( 0.040)	Data  0.001 ( 0.001)	Loss 0.0000e+00 (1.1780e+00)	Acc@1 100.00 ( 86.75)	Acc@5 100.00 ( 99.56)
24-Jan-26 05:25:26 - Epoch: [32][14999/50000]	Time  0.038 ( 0.040)	Data  0.001 ( 0.001)	Loss 0.0000e+00 (1.1671e+00)	Acc@1 100.00 ( 86.75)	Acc@5 100.00 ( 99.53)
24-Jan-26 05:28:45 - Epoch: [32][19999/50000]	Time  0.039 ( 0.040)	Data  0.001 ( 0.001)	Loss 1.2725e+01 (1.1588e+00)	Acc@1   0.00 ( 86.82)	Acc@5 100.00 ( 99.52)
24-Jan-26 05:32:07 - Epoch: [32][24999/50000]	Time  0.038 ( 0.040)	Data  0.001 ( 0.001)	Loss 0.0000e+00 (1.1585e+00)	Acc@1 100.00 ( 86.88)	Acc@5 100.00 ( 99.52)
24-Jan-26 05:35:24 - Epoch: [32][29999/50000]	Time  0.038 ( 0.040)	Data  0.001 ( 0.001)	Loss 9.1546e-01 (1.1653e+00)	Acc@1   0.00 ( 86.81)	Acc@5 100.00 ( 99.53)
24-Jan-26 05:38:43 - Epoch: [32][34999/50000]	Time  0.044 ( 0.040)	Data  0.001 ( 0.001)	Loss 5.4954e-05 (1.1623e+00)	Acc@1 100.00 ( 86.96)	Acc@5 100.00 ( 99.53)
24-Jan-26 05:42:02 - Epoch: [32][39999/50000]	Time  0.039 ( 0.040)	Data  0.001 ( 0.001)	Loss 1.5497e-06 (1.1716e+00)	Acc@1 100.00 ( 86.86)	Acc@5 100.00 ( 99.53)
24-Jan-26 05:45:18 - Epoch: [32][44999/50000]	Time  0.042 ( 0.040)	Data  0.001 ( 0.001)	Loss 0.0000e+00 (1.1688e+00)	Acc@1 100.00 ( 86.85)	Acc@5 100.00 ( 99.51)
24-Jan-26 05:48:39 - Epoch: [32][49999/50000]	Time  0.036 ( 0.040)	Data  0.001 ( 0.001)	Loss 6.0081e-03 (1.1741e+00)	Acc@1 100.00 ( 86.77)	Acc@5 100.00 ( 99.51)
24-Jan-26 05:48:39 -  @Training * Acc@1 86.770 Acc@5 99.512 Loss 1.174
24-Jan-26 05:48:40 - One training epoch latency: 1.992e+03s | Avg Power: 185.9W | Energy: 370439.4291J
24-Jan-26 05:48:50 -  @Testing * Acc@1 85.790 Acc@5 99.430 Loss 1.692
24-Jan-26 05:48:50 - Best acc at epoch 32: 85.79000091552734
24-Jan-26 05:48:50 - Last learning rate: [7.8125e-06]
24-Jan-26 05:48:50 - 	 Epoch 33...
24-Jan-26 05:52:01 - Epoch: [33][ 4999/50000]	Time  0.038 ( 0.038)	Data  0.001 ( 0.001)	Loss 2.3842e-07 (1.1134e+00)	Acc@1 100.00 ( 86.80)	Acc@5 100.00 ( 99.66)
24-Jan-26 05:55:12 - Epoch: [33][ 9999/50000]	Time  0.037 ( 0.038)	Data  0.001 ( 0.001)	Loss 0.0000e+00 (1.1267e+00)	Acc@1 100.00 ( 86.91)	Acc@5 100.00 ( 99.63)
24-Jan-26 05:58:22 - Epoch: [33][14999/50000]	Time  0.037 ( 0.038)	Data  0.001 ( 0.001)	Loss 3.5763e-07 (1.1184e+00)	Acc@1 100.00 ( 87.14)	Acc@5 100.00 ( 99.65)
24-Jan-26 06:01:33 - Epoch: [33][19999/50000]	Time  0.037 ( 0.038)	Data  0.001 ( 0.001)	Loss 0.0000e+00 (1.1175e+00)	Acc@1 100.00 ( 87.22)	Acc@5 100.00 ( 99.64)
24-Jan-26 06:04:45 - Epoch: [33][24999/50000]	Time  0.061 ( 0.038)	Data  0.001 ( 0.001)	Loss 7.4431e+00 (1.1097e+00)	Acc@1   0.00 ( 87.27)	Acc@5 100.00 ( 99.64)
24-Jan-26 06:07:56 - Epoch: [33][29999/50000]	Time  0.037 ( 0.038)	Data  0.001 ( 0.001)	Loss 0.0000e+00 (1.1171e+00)	Acc@1 100.00 ( 87.28)	Acc@5 100.00 ( 99.61)
24-Jan-26 06:11:07 - Epoch: [33][34999/50000]	Time  0.037 ( 0.038)	Data  0.001 ( 0.001)	Loss 0.0000e+00 (1.1297e+00)	Acc@1 100.00 ( 87.19)	Acc@5 100.00 ( 99.59)
24-Jan-26 06:14:18 - Epoch: [33][39999/50000]	Time  0.037 ( 0.038)	Data  0.001 ( 0.001)	Loss 6.8817e-02 (1.1243e+00)	Acc@1 100.00 ( 87.26)	Acc@5 100.00 ( 99.60)
24-Jan-26 06:17:30 - Epoch: [33][44999/50000]	Time  0.055 ( 0.038)	Data  0.001 ( 0.001)	Loss 2.3842e-07 (1.1196e+00)	Acc@1 100.00 ( 87.21)	Acc@5 100.00 ( 99.59)
24-Jan-26 06:20:41 - Epoch: [33][49999/50000]	Time  0.038 ( 0.038)	Data  0.001 ( 0.001)	Loss 2.4159e-01 (1.1244e+00)	Acc@1 100.00 ( 87.18)	Acc@5 100.00 ( 99.59)
24-Jan-26 06:20:41 -  @Training * Acc@1 87.178 Acc@5 99.588 Loss 1.124
24-Jan-26 06:20:41 - One training epoch latency: 1.911e+03s | Avg Power: 189.3W | Energy: 361687.7562J
24-Jan-26 06:20:51 -  @Testing * Acc@1 85.730 Acc@5 99.420 Loss 1.672
24-Jan-26 06:20:51 - Best acc at epoch 33: 85.79000091552734
24-Jan-26 06:20:51 - Last learning rate: [7.8125e-06]
24-Jan-26 06:20:51 - 	 Epoch 34...
24-Jan-26 06:24:03 - Epoch: [34][ 4999/50000]	Time  0.037 ( 0.038)	Data  0.001 ( 0.001)	Loss 0.0000e+00 (1.0519e+00)	Acc@1 100.00 ( 87.64)	Acc@5 100.00 ( 99.64)
24-Jan-26 06:27:17 - Epoch: [34][ 9999/50000]	Time  0.037 ( 0.039)	Data  0.001 ( 0.001)	Loss 0.0000e+00 (1.0620e+00)	Acc@1 100.00 ( 87.80)	Acc@5 100.00 ( 99.53)
24-Jan-26 06:30:29 - Epoch: [34][14999/50000]	Time  0.037 ( 0.039)	Data  0.001 ( 0.001)	Loss 1.9073e-06 (1.0842e+00)	Acc@1 100.00 ( 87.42)	Acc@5 100.00 ( 99.61)
24-Jan-26 06:33:42 - Epoch: [34][19999/50000]	Time  0.038 ( 0.039)	Data  0.001 ( 0.001)	Loss 0.0000e+00 (1.0970e+00)	Acc@1 100.00 ( 87.42)	Acc@5 100.00 ( 99.59)
24-Jan-26 06:36:54 - Epoch: [34][24999/50000]	Time  0.037 ( 0.039)	Data  0.001 ( 0.001)	Loss 4.4582e-02 (1.0824e+00)	Acc@1 100.00 ( 87.44)	Acc@5 100.00 ( 99.60)
24-Jan-26 06:40:06 - Epoch: [34][29999/50000]	Time  0.037 ( 0.038)	Data  0.001 ( 0.001)	Loss 2.0618e-02 (1.0824e+00)	Acc@1 100.00 ( 87.49)	Acc@5 100.00 ( 99.62)
24-Jan-26 06:43:18 - Epoch: [34][34999/50000]	Time  0.037 ( 0.038)	Data  0.001 ( 0.001)	Loss 0.0000e+00 (1.0907e+00)	Acc@1 100.00 ( 87.37)	Acc@5 100.00 ( 99.60)
24-Jan-26 06:46:30 - Epoch: [34][39999/50000]	Time  0.038 ( 0.038)	Data  0.001 ( 0.001)	Loss 0.0000e+00 (1.0945e+00)	Acc@1 100.00 ( 87.31)	Acc@5 100.00 ( 99.61)
24-Jan-26 06:49:42 - Epoch: [34][44999/50000]	Time  0.037 ( 0.038)	Data  0.001 ( 0.001)	Loss 0.0000e+00 (1.0992e+00)	Acc@1 100.00 ( 87.26)	Acc@5 100.00 ( 99.61)
24-Jan-26 06:52:54 - Epoch: [34][49999/50000]	Time  0.037 ( 0.038)	Data  0.001 ( 0.001)	Loss 0.0000e+00 (1.0952e+00)	Acc@1 100.00 ( 87.36)	Acc@5 100.00 ( 99.59)
24-Jan-26 06:52:54 -  @Training * Acc@1 87.358 Acc@5 99.592 Loss 1.095
24-Jan-26 06:52:54 - One training epoch latency: 1.923e+03s | Avg Power: 188.6W | Energy: 362706.2241J
24-Jan-26 06:53:04 -  @Testing * Acc@1 86.140 Acc@5 99.410 Loss 1.680
24-Jan-26 06:53:04 - Best acc at epoch 34: 86.13999938964844
24-Jan-26 06:53:05 - Last learning rate: [7.8125e-06]
24-Jan-26 06:53:05 - 	 Epoch 35...
24-Jan-26 06:56:17 - Epoch: [35][ 4999/50000]	Time  0.037 ( 0.038)	Data  0.001 ( 0.001)	Loss 2.0264e-01 (9.8870e-01)	Acc@1 100.00 ( 88.30)	Acc@5 100.00 ( 99.60)
24-Jan-26 06:59:29 - Epoch: [35][ 9999/50000]	Time  0.038 ( 0.038)	Data  0.001 ( 0.001)	Loss 9.2011e-03 (9.9925e-01)	Acc@1 100.00 ( 88.11)	Acc@5 100.00 ( 99.60)
24-Jan-26 07:02:41 - Epoch: [35][14999/50000]	Time  0.038 ( 0.038)	Data  0.002 ( 0.001)	Loss 0.0000e+00 (1.0335e+00)	Acc@1 100.00 ( 87.93)	Acc@5 100.00 ( 99.63)
24-Jan-26 07:05:54 - Epoch: [35][19999/50000]	Time  0.038 ( 0.038)	Data  0.001 ( 0.001)	Loss 0.0000e+00 (1.0373e+00)	Acc@1 100.00 ( 87.96)	Acc@5 100.00 ( 99.64)
24-Jan-26 07:09:06 - Epoch: [35][24999/50000]	Time  0.037 ( 0.038)	Data  0.001 ( 0.001)	Loss 0.0000e+00 (1.0564e+00)	Acc@1 100.00 ( 87.89)	Acc@5 100.00 ( 99.63)
24-Jan-26 07:12:18 - Epoch: [35][29999/50000]	Time  0.037 ( 0.038)	Data  0.001 ( 0.001)	Loss 7.1495e+00 (1.0669e+00)	Acc@1   0.00 ( 87.77)	Acc@5 100.00 ( 99.61)
24-Jan-26 07:15:31 - Epoch: [35][34999/50000]	Time  0.037 ( 0.038)	Data  0.001 ( 0.001)	Loss 2.1458e-06 (1.0684e+00)	Acc@1 100.00 ( 87.80)	Acc@5 100.00 ( 99.63)
24-Jan-26 07:18:43 - Epoch: [35][39999/50000]	Time  0.038 ( 0.038)	Data  0.001 ( 0.001)	Loss 0.0000e+00 (1.0710e+00)	Acc@1 100.00 ( 87.75)	Acc@5 100.00 ( 99.63)
24-Jan-26 07:21:55 - Epoch: [35][44999/50000]	Time  0.039 ( 0.038)	Data  0.001 ( 0.001)	Loss 0.0000e+00 (1.0734e+00)	Acc@1 100.00 ( 87.74)	Acc@5 100.00 ( 99.60)
24-Jan-26 07:25:08 - Epoch: [35][49999/50000]	Time  0.037 ( 0.038)	Data  0.001 ( 0.001)	Loss 1.1056e+01 (1.0738e+00)	Acc@1   0.00 ( 87.74)	Acc@5 100.00 ( 99.60)
24-Jan-26 07:25:08 -  @Training * Acc@1 87.738 Acc@5 99.600 Loss 1.074
24-Jan-26 07:25:08 - One training epoch latency: 1.923e+03s | Avg Power: 188.6W | Energy: 362722.1238J
24-Jan-26 07:25:18 -  @Testing * Acc@1 85.800 Acc@5 99.270 Loss 1.770
24-Jan-26 07:25:18 - Best acc at epoch 35: 86.13999938964844
24-Jan-26 07:25:18 - Last learning rate: [7.8125e-06]
24-Jan-26 07:25:18 - 	 Epoch 36...
24-Jan-26 07:28:31 - Epoch: [36][ 4999/50000]	Time  0.039 ( 0.039)	Data  0.001 ( 0.001)	Loss 0.0000e+00 (1.0425e+00)	Acc@1 100.00 ( 88.04)	Acc@5 100.00 ( 99.78)
24-Jan-26 07:31:43 - Epoch: [36][ 9999/50000]	Time  0.037 ( 0.039)	Data  0.001 ( 0.001)	Loss 6.6034e-01 (1.0171e+00)	Acc@1 100.00 ( 88.43)	Acc@5 100.00 ( 99.66)
24-Jan-26 07:34:55 - Epoch: [36][14999/50000]	Time  0.038 ( 0.038)	Data  0.001 ( 0.001)	Loss 1.1702e-03 (1.0676e+00)	Acc@1 100.00 ( 88.05)	Acc@5 100.00 ( 99.59)
24-Jan-26 07:38:08 - Epoch: [36][19999/50000]	Time  0.037 ( 0.038)	Data  0.001 ( 0.001)	Loss 0.0000e+00 (1.0368e+00)	Acc@1 100.00 ( 88.21)	Acc@5 100.00 ( 99.59)
24-Jan-26 07:41:20 - Epoch: [36][24999/50000]	Time  0.037 ( 0.038)	Data  0.001 ( 0.001)	Loss 4.7684e-07 (1.0423e+00)	Acc@1 100.00 ( 88.13)	Acc@5 100.00 ( 99.61)
24-Jan-26 07:44:33 - Epoch: [36][29999/50000]	Time  0.038 ( 0.038)	Data  0.001 ( 0.001)	Loss 0.0000e+00 (1.0532e+00)	Acc@1 100.00 ( 88.04)	Acc@5 100.00 ( 99.62)
24-Jan-26 07:47:46 - Epoch: [36][34999/50000]	Time  0.038 ( 0.039)	Data  0.001 ( 0.001)	Loss 0.0000e+00 (1.0464e+00)	Acc@1 100.00 ( 88.02)	Acc@5 100.00 ( 99.63)
24-Jan-26 07:50:58 - Epoch: [36][39999/50000]	Time  0.038 ( 0.038)	Data  0.001 ( 0.001)	Loss 3.0750e+00 (1.0546e+00)	Acc@1   0.00 ( 87.93)	Acc@5 100.00 ( 99.61)
24-Jan-26 07:54:10 - Epoch: [36][44999/50000]	Time  0.039 ( 0.038)	Data  0.001 ( 0.001)	Loss 0.0000e+00 (1.0518e+00)	Acc@1 100.00 ( 88.00)	Acc@5 100.00 ( 99.61)
24-Jan-26 07:57:24 - Epoch: [36][49999/50000]	Time  0.037 ( 0.039)	Data  0.001 ( 0.001)	Loss 0.0000e+00 (1.0574e+00)	Acc@1 100.00 ( 87.98)	Acc@5 100.00 ( 99.61)
24-Jan-26 07:57:24 -  @Training * Acc@1 87.978 Acc@5 99.608 Loss 1.057
24-Jan-26 07:57:24 - One training epoch latency: 1.926e+03s | Avg Power: 188.6W | Energy: 363259.2948J
24-Jan-26 07:57:35 -  @Testing * Acc@1 86.220 Acc@5 99.450 Loss 1.802
24-Jan-26 07:57:35 - Best acc at epoch 36: 86.22000122070312
24-Jan-26 07:57:35 - Last learning rate: [7.8125e-06]
24-Jan-26 07:57:35 - 	 Epoch 37...
24-Jan-26 08:00:47 - Epoch: [37][ 4999/50000]	Time  0.037 ( 0.038)	Data  0.001 ( 0.001)	Loss 0.0000e+00 (1.0788e+00)	Acc@1 100.00 ( 87.72)	Acc@5 100.00 ( 99.48)
24-Jan-26 08:04:00 - Epoch: [37][ 9999/50000]	Time  0.038 ( 0.038)	Data  0.001 ( 0.001)	Loss 1.0017e+00 (9.8715e-01)	Acc@1   0.00 ( 88.22)	Acc@5 100.00 ( 99.60)
24-Jan-26 08:07:12 - Epoch: [37][14999/50000]	Time  0.038 ( 0.038)	Data  0.001 ( 0.001)	Loss 6.7332e-01 (1.0026e+00)	Acc@1 100.00 ( 88.34)	Acc@5 100.00 ( 99.63)
24-Jan-26 08:10:25 - Epoch: [37][19999/50000]	Time  0.039 ( 0.039)	Data  0.001 ( 0.001)	Loss 0.0000e+00 (9.9334e-01)	Acc@1 100.00 ( 88.48)	Acc@5 100.00 ( 99.63)
24-Jan-26 08:13:37 - Epoch: [37][24999/50000]	Time  0.037 ( 0.038)	Data  0.001 ( 0.001)	Loss 0.0000e+00 (9.8732e-01)	Acc@1 100.00 ( 88.52)	Acc@5 100.00 ( 99.66)
24-Jan-26 08:16:49 - Epoch: [37][29999/50000]	Time  0.037 ( 0.038)	Data  0.001 ( 0.001)	Loss 1.5460e-04 (9.9073e-01)	Acc@1 100.00 ( 88.57)	Acc@5 100.00 ( 99.66)
24-Jan-26 08:20:01 - Epoch: [37][34999/50000]	Time  0.038 ( 0.038)	Data  0.001 ( 0.001)	Loss 0.0000e+00 (9.9472e-01)	Acc@1 100.00 ( 88.57)	Acc@5 100.00 ( 99.67)
24-Jan-26 08:23:14 - Epoch: [37][39999/50000]	Time  0.037 ( 0.038)	Data  0.001 ( 0.001)	Loss 0.0000e+00 (9.8817e-01)	Acc@1 100.00 ( 88.56)	Acc@5 100.00 ( 99.68)
24-Jan-26 08:26:26 - Epoch: [37][44999/50000]	Time  0.038 ( 0.038)	Data  0.001 ( 0.001)	Loss 9.1536e-01 (9.9190e-01)	Acc@1   0.00 ( 88.54)	Acc@5 100.00 ( 99.68)
24-Jan-26 08:29:38 - Epoch: [37][49999/50000]	Time  0.036 ( 0.038)	Data  0.001 ( 0.001)	Loss 0.0000e+00 (9.9411e-01)	Acc@1 100.00 ( 88.55)	Acc@5 100.00 ( 99.67)
24-Jan-26 08:29:38 -  @Training * Acc@1 88.554 Acc@5 99.668 Loss 0.994
24-Jan-26 08:29:38 - One training epoch latency: 1.923e+03s | Avg Power: 188.5W | Energy: 362509.5130J
24-Jan-26 08:29:48 -  @Testing * Acc@1 86.490 Acc@5 99.430 Loss 1.724
24-Jan-26 08:29:48 - Best acc at epoch 37: 86.48999786376953
24-Jan-26 08:29:48 - Last learning rate: [7.8125e-06]
24-Jan-26 08:29:48 - 	 Epoch 38...
24-Jan-26 08:33:01 - Epoch: [38][ 4999/50000]	Time  0.042 ( 0.039)	Data  0.005 ( 0.001)	Loss 0.0000e+00 (9.7340e-01)	Acc@1 100.00 ( 89.48)	Acc@5 100.00 ( 99.62)
24-Jan-26 08:36:13 - Epoch: [38][ 9999/50000]	Time  0.037 ( 0.039)	Data  0.001 ( 0.001)	Loss 0.0000e+00 (9.9166e-01)	Acc@1 100.00 ( 89.01)	Acc@5 100.00 ( 99.57)
24-Jan-26 08:39:25 - Epoch: [38][14999/50000]	Time  0.037 ( 0.038)	Data  0.001 ( 0.001)	Loss 0.0000e+00 (9.8532e-01)	Acc@1 100.00 ( 88.95)	Acc@5 100.00 ( 99.59)
24-Jan-26 08:42:37 - Epoch: [38][19999/50000]	Time  0.037 ( 0.038)	Data  0.001 ( 0.001)	Loss 0.0000e+00 (9.9061e-01)	Acc@1 100.00 ( 88.89)	Acc@5 100.00 ( 99.60)
24-Jan-26 08:45:50 - Epoch: [38][24999/50000]	Time  0.037 ( 0.038)	Data  0.001 ( 0.001)	Loss 3.5763e-07 (9.8939e-01)	Acc@1 100.00 ( 88.86)	Acc@5 100.00 ( 99.62)
24-Jan-26 08:49:02 - Epoch: [38][29999/50000]	Time  0.039 ( 0.038)	Data  0.001 ( 0.001)	Loss 0.0000e+00 (9.9645e-01)	Acc@1 100.00 ( 88.85)	Acc@5 100.00 ( 99.62)
24-Jan-26 08:52:14 - Epoch: [38][34999/50000]	Time  0.039 ( 0.038)	Data  0.001 ( 0.001)	Loss 1.1921e-07 (1.0005e+00)	Acc@1 100.00 ( 88.75)	Acc@5 100.00 ( 99.62)
24-Jan-26 08:55:26 - Epoch: [38][39999/50000]	Time  0.037 ( 0.038)	Data  0.001 ( 0.001)	Loss 4.5060e-05 (1.0058e+00)	Acc@1 100.00 ( 88.68)	Acc@5 100.00 ( 99.62)
24-Jan-26 08:58:38 - Epoch: [38][44999/50000]	Time  0.039 ( 0.038)	Data  0.001 ( 0.001)	Loss 0.0000e+00 (1.0057e+00)	Acc@1 100.00 ( 88.72)	Acc@5 100.00 ( 99.62)
24-Jan-26 09:01:51 - Epoch: [38][49999/50000]	Time  0.037 ( 0.038)	Data  0.001 ( 0.001)	Loss 0.0000e+00 (9.9931e-01)	Acc@1 100.00 ( 88.70)	Acc@5 100.00 ( 99.63)
24-Jan-26 09:01:51 -  @Training * Acc@1 88.696 Acc@5 99.628 Loss 0.999
24-Jan-26 09:01:51 - One training epoch latency: 1.923e+03s | Avg Power: 188.5W | Energy: 362522.0403J
24-Jan-26 09:02:01 -  @Testing * Acc@1 86.440 Acc@5 99.490 Loss 1.821
24-Jan-26 09:02:01 - Best acc at epoch 38: 86.48999786376953
24-Jan-26 09:02:01 - Last learning rate: [7.8125e-06]
24-Jan-26 09:02:01 - 	 Epoch 39...
24-Jan-26 09:05:14 - Epoch: [39][ 4999/50000]	Time  0.039 ( 0.039)	Data  0.001 ( 0.001)	Loss 0.0000e+00 (9.2584e-01)	Acc@1 100.00 ( 89.44)	Acc@5 100.00 ( 99.70)
24-Jan-26 09:08:26 - Epoch: [39][ 9999/50000]	Time  0.037 ( 0.038)	Data  0.001 ( 0.001)	Loss 0.0000e+00 (9.1507e-01)	Acc@1 100.00 ( 89.54)	Acc@5 100.00 ( 99.69)
24-Jan-26 09:11:39 - Epoch: [39][14999/50000]	Time  0.037 ( 0.039)	Data  0.001 ( 0.001)	Loss 0.0000e+00 (9.3138e-01)	Acc@1 100.00 ( 89.39)	Acc@5 100.00 ( 99.67)
24-Jan-26 09:14:51 - Epoch: [39][19999/50000]	Time  0.037 ( 0.038)	Data  0.001 ( 0.001)	Loss 7.1525e-06 (9.5075e-01)	Acc@1 100.00 ( 89.27)	Acc@5 100.00 ( 99.64)
24-Jan-26 09:18:02 - Epoch: [39][24999/50000]	Time  0.037 ( 0.038)	Data  0.001 ( 0.001)	Loss 0.0000e+00 (9.6792e-01)	Acc@1 100.00 ( 89.05)	Acc@5 100.00 ( 99.65)
24-Jan-26 09:21:14 - Epoch: [39][29999/50000]	Time  0.038 ( 0.038)	Data  0.001 ( 0.001)	Loss 0.0000e+00 (9.6291e-01)	Acc@1 100.00 ( 89.13)	Acc@5 100.00 ( 99.65)
24-Jan-26 09:24:26 - Epoch: [39][34999/50000]	Time  0.037 ( 0.038)	Data  0.001 ( 0.001)	Loss 0.0000e+00 (9.5170e-01)	Acc@1 100.00 ( 89.13)	Acc@5 100.00 ( 99.66)
24-Jan-26 09:27:38 - Epoch: [39][39999/50000]	Time  0.038 ( 0.038)	Data  0.001 ( 0.001)	Loss 1.1921e-07 (9.6237e-01)	Acc@1 100.00 ( 89.03)	Acc@5 100.00 ( 99.66)
24-Jan-26 09:30:49 - Epoch: [39][44999/50000]	Time  0.037 ( 0.038)	Data  0.001 ( 0.001)	Loss 0.0000e+00 (9.6327e-01)	Acc@1 100.00 ( 88.98)	Acc@5 100.00 ( 99.65)
24-Jan-26 09:34:01 - Epoch: [39][49999/50000]	Time  0.037 ( 0.038)	Data  0.001 ( 0.001)	Loss 1.1921e-07 (9.6380e-01)	Acc@1 100.00 ( 88.98)	Acc@5 100.00 ( 99.64)
24-Jan-26 09:34:01 -  @Training * Acc@1 88.982 Acc@5 99.644 Loss 0.964
24-Jan-26 09:34:01 - One training epoch latency: 1.92e+03s | Avg Power: 188.7W | Energy: 362263.3153J
24-Jan-26 09:34:11 -  @Testing * Acc@1 86.840 Acc@5 99.560 Loss 1.653
24-Jan-26 09:34:11 - Best acc at epoch 39: 86.83999633789062
24-Jan-26 09:34:11 - Last learning rate: [7.8125e-06]
24-Jan-26 09:34:11 - 	 Epoch 40...
24-Jan-26 09:37:24 - Epoch: [40][ 4999/50000]	Time  0.037 ( 0.039)	Data  0.001 ( 0.001)	Loss 7.8110e-03 (8.4730e-01)	Acc@1 100.00 ( 89.80)	Acc@5 100.00 ( 99.78)
24-Jan-26 09:40:36 - Epoch: [40][ 9999/50000]	Time  0.038 ( 0.038)	Data  0.001 ( 0.001)	Loss 4.5376e+00 (9.1092e-01)	Acc@1   0.00 ( 89.20)	Acc@5 100.00 ( 99.75)
24-Jan-26 09:43:48 - Epoch: [40][14999/50000]	Time  0.037 ( 0.038)	Data  0.001 ( 0.001)	Loss 0.0000e+00 (9.1263e-01)	Acc@1 100.00 ( 89.42)	Acc@5 100.00 ( 99.71)
24-Jan-26 09:47:00 - Epoch: [40][19999/50000]	Time  0.037 ( 0.038)	Data  0.001 ( 0.001)	Loss 4.3868e-05 (9.2034e-01)	Acc@1 100.00 ( 89.45)	Acc@5 100.00 ( 99.69)
24-Jan-26 09:50:13 - Epoch: [40][24999/50000]	Time  0.037 ( 0.038)	Data  0.001 ( 0.001)	Loss 7.1526e-07 (9.2955e-01)	Acc@1 100.00 ( 89.43)	Acc@5 100.00 ( 99.68)
24-Jan-26 09:53:26 - Epoch: [40][29999/50000]	Time  0.037 ( 0.038)	Data  0.001 ( 0.001)	Loss 0.0000e+00 (9.2746e-01)	Acc@1 100.00 ( 89.46)	Acc@5 100.00 ( 99.67)
24-Jan-26 09:56:38 - Epoch: [40][34999/50000]	Time  0.038 ( 0.038)	Data  0.001 ( 0.001)	Loss 1.1921e-07 (9.2031e-01)	Acc@1 100.00 ( 89.39)	Acc@5 100.00 ( 99.68)
24-Jan-26 09:59:50 - Epoch: [40][39999/50000]	Time  0.039 ( 0.038)	Data  0.001 ( 0.001)	Loss 0.0000e+00 (9.2857e-01)	Acc@1 100.00 ( 89.40)	Acc@5 100.00 ( 99.67)
24-Jan-26 10:03:03 - Epoch: [40][44999/50000]	Time  0.037 ( 0.038)	Data  0.001 ( 0.001)	Loss 4.2918e-04 (9.2341e-01)	Acc@1 100.00 ( 89.43)	Acc@5 100.00 ( 99.67)
24-Jan-26 10:06:16 - Epoch: [40][49999/50000]	Time  0.036 ( 0.038)	Data  0.001 ( 0.001)	Loss 3.7722e+00 (9.2991e-01)	Acc@1   0.00 ( 89.44)	Acc@5 100.00 ( 99.66)
24-Jan-26 10:06:16 -  @Training * Acc@1 89.438 Acc@5 99.658 Loss 0.930
24-Jan-26 10:06:16 - One training epoch latency: 1.924e+03s | Avg Power: 188.5W | Energy: 362721.3042J
24-Jan-26 10:06:26 -  @Testing * Acc@1 86.760 Acc@5 99.500 Loss 1.716
24-Jan-26 10:06:26 - Best acc at epoch 40: 86.83999633789062
24-Jan-26 10:06:26 - Last learning rate: [7.8125e-06]
24-Jan-26 10:06:26 - 	 Epoch 41...
24-Jan-26 10:09:37 - Epoch: [41][ 4999/50000]	Time  0.038 ( 0.038)	Data  0.001 ( 0.001)	Loss 0.0000e+00 (9.1789e-01)	Acc@1 100.00 ( 89.28)	Acc@5 100.00 ( 99.54)
24-Jan-26 10:12:49 - Epoch: [41][ 9999/50000]	Time  0.037 ( 0.038)	Data  0.001 ( 0.001)	Loss 0.0000e+00 (8.9761e-01)	Acc@1 100.00 ( 89.70)	Acc@5 100.00 ( 99.68)
24-Jan-26 10:16:00 - Epoch: [41][14999/50000]	Time  0.037 ( 0.038)	Data  0.001 ( 0.001)	Loss 2.6428e-02 (9.1570e-01)	Acc@1 100.00 ( 89.53)	Acc@5 100.00 ( 99.67)
24-Jan-26 10:19:11 - Epoch: [41][19999/50000]	Time  0.039 ( 0.038)	Data  0.001 ( 0.001)	Loss 0.0000e+00 (9.1655e-01)	Acc@1 100.00 ( 89.56)	Acc@5 100.00 ( 99.64)
24-Jan-26 10:22:22 - Epoch: [41][24999/50000]	Time  0.038 ( 0.038)	Data  0.002 ( 0.001)	Loss 0.0000e+00 (9.3771e-01)	Acc@1 100.00 ( 89.42)	Acc@5 100.00 ( 99.62)
24-Jan-26 10:25:34 - Epoch: [41][29999/50000]	Time  0.039 ( 0.038)	Data  0.001 ( 0.001)	Loss 0.0000e+00 (9.3499e-01)	Acc@1 100.00 ( 89.52)	Acc@5 100.00 ( 99.63)
24-Jan-26 10:28:46 - Epoch: [41][34999/50000]	Time  0.037 ( 0.038)	Data  0.001 ( 0.001)	Loss 0.0000e+00 (9.2752e-01)	Acc@1 100.00 ( 89.59)	Acc@5 100.00 ( 99.65)
24-Jan-26 10:31:59 - Epoch: [41][39999/50000]	Time  0.038 ( 0.038)	Data  0.001 ( 0.001)	Loss 0.0000e+00 (9.3043e-01)	Acc@1 100.00 ( 89.45)	Acc@5 100.00 ( 99.65)
24-Jan-26 10:35:12 - Epoch: [41][44999/50000]	Time  0.038 ( 0.038)	Data  0.001 ( 0.001)	Loss 1.1921e-07 (9.3012e-01)	Acc@1 100.00 ( 89.46)	Acc@5 100.00 ( 99.66)
24-Jan-26 10:38:23 - Epoch: [41][49999/50000]	Time  0.036 ( 0.038)	Data  0.001 ( 0.001)	Loss 0.0000e+00 (9.2469e-01)	Acc@1 100.00 ( 89.48)	Acc@5 100.00 ( 99.66)
24-Jan-26 10:38:23 -  @Training * Acc@1 89.480 Acc@5 99.660 Loss 0.925
24-Jan-26 10:38:24 - One training epoch latency: 1.918e+03s | Avg Power: 188.8W | Energy: 361970.8850J
24-Jan-26 10:38:34 -  @Testing * Acc@1 86.880 Acc@5 99.560 Loss 1.709
24-Jan-26 10:38:34 - Best acc at epoch 41: 86.87999725341797
24-Jan-26 10:38:34 - Last learning rate: [7.8125e-06]
24-Jan-26 10:38:34 - 	 Epoch 42...
24-Jan-26 10:41:46 - Epoch: [42][ 4999/50000]	Time  0.037 ( 0.038)	Data  0.001 ( 0.001)	Loss 0.0000e+00 (8.7422e-01)	Acc@1 100.00 ( 89.76)	Acc@5 100.00 ( 99.78)
24-Jan-26 10:44:59 - Epoch: [42][ 9999/50000]	Time  0.037 ( 0.038)	Data  0.001 ( 0.001)	Loss 0.0000e+00 (8.8777e-01)	Acc@1 100.00 ( 89.89)	Acc@5 100.00 ( 99.78)
24-Jan-26 10:48:11 - Epoch: [42][14999/50000]	Time  0.037 ( 0.038)	Data  0.001 ( 0.001)	Loss 4.5299e-06 (8.7158e-01)	Acc@1 100.00 ( 90.12)	Acc@5 100.00 ( 99.78)
24-Jan-26 10:51:23 - Epoch: [42][19999/50000]	Time  0.037 ( 0.038)	Data  0.001 ( 0.001)	Loss 3.9934e-05 (8.6317e-01)	Acc@1 100.00 ( 90.10)	Acc@5 100.00 ( 99.79)
24-Jan-26 10:54:36 - Epoch: [42][24999/50000]	Time  0.037 ( 0.038)	Data  0.001 ( 0.001)	Loss 1.3172e-04 (8.8058e-01)	Acc@1 100.00 ( 89.85)	Acc@5 100.00 ( 99.76)
24-Jan-26 10:57:48 - Epoch: [42][29999/50000]	Time  0.038 ( 0.038)	Data  0.001 ( 0.001)	Loss 0.0000e+00 (8.9347e-01)	Acc@1 100.00 ( 89.72)	Acc@5 100.00 ( 99.76)
24-Jan-26 11:01:00 - Epoch: [42][34999/50000]	Time  0.037 ( 0.038)	Data  0.001 ( 0.001)	Loss 1.6394e+01 (8.9401e-01)	Acc@1   0.00 ( 89.75)	Acc@5 100.00 ( 99.76)
24-Jan-26 11:04:12 - Epoch: [42][39999/50000]	Time  0.038 ( 0.038)	Data  0.001 ( 0.001)	Loss 4.0130e-04 (9.0040e-01)	Acc@1 100.00 ( 89.68)	Acc@5 100.00 ( 99.75)
24-Jan-26 11:07:24 - Epoch: [42][44999/50000]	Time  0.038 ( 0.038)	Data  0.001 ( 0.001)	Loss 1.9420e+00 (9.0380e-01)	Acc@1   0.00 ( 89.66)	Acc@5 100.00 ( 99.75)
24-Jan-26 11:10:36 - Epoch: [42][49999/50000]	Time  0.036 ( 0.038)	Data  0.001 ( 0.001)	Loss 1.3113e-05 (9.0309e-01)	Acc@1 100.00 ( 89.68)	Acc@5 100.00 ( 99.75)
24-Jan-26 11:10:36 -  @Training * Acc@1 89.680 Acc@5 99.754 Loss 0.903
24-Jan-26 11:10:36 - One training epoch latency: 1.922e+03s | Avg Power: 188.4W | Energy: 362042.1723J
24-Jan-26 11:10:46 -  @Testing * Acc@1 86.840 Acc@5 99.550 Loss 1.716
24-Jan-26 11:10:46 - Best acc at epoch 42: 86.87999725341797
24-Jan-26 11:10:46 - Last learning rate: [7.8125e-06]
24-Jan-26 11:10:46 - 	 Epoch 43...
24-Jan-26 11:13:58 - Epoch: [43][ 4999/50000]	Time  0.037 ( 0.038)	Data  0.001 ( 0.001)	Loss 0.0000e+00 (8.4143e-01)	Acc@1 100.00 ( 90.76)	Acc@5 100.00 ( 99.82)
24-Jan-26 11:17:10 - Epoch: [43][ 9999/50000]	Time  0.038 ( 0.038)	Data  0.001 ( 0.001)	Loss 0.0000e+00 (8.3410e-01)	Acc@1 100.00 ( 90.52)	Acc@5 100.00 ( 99.81)
24-Jan-26 11:20:22 - Epoch: [43][14999/50000]	Time  0.061 ( 0.038)	Data  0.023 ( 0.001)	Loss 2.8610e-05 (8.4381e-01)	Acc@1 100.00 ( 90.31)	Acc@5 100.00 ( 99.81)
24-Jan-26 11:23:34 - Epoch: [43][19999/50000]	Time  0.038 ( 0.038)	Data  0.001 ( 0.001)	Loss 0.0000e+00 (8.4257e-01)	Acc@1 100.00 ( 90.28)	Acc@5 100.00 ( 99.79)
24-Jan-26 11:26:46 - Epoch: [43][24999/50000]	Time  0.038 ( 0.038)	Data  0.001 ( 0.001)	Loss 0.0000e+00 (8.5407e-01)	Acc@1 100.00 ( 90.18)	Acc@5 100.00 ( 99.78)
24-Jan-26 11:29:59 - Epoch: [43][29999/50000]	Time  0.037 ( 0.038)	Data  0.001 ( 0.001)	Loss 6.4945e+00 (8.6122e-01)	Acc@1   0.00 ( 90.13)	Acc@5 100.00 ( 99.76)
24-Jan-26 11:33:11 - Epoch: [43][34999/50000]	Time  0.037 ( 0.038)	Data  0.001 ( 0.001)	Loss 0.0000e+00 (8.5914e-01)	Acc@1 100.00 ( 90.14)	Acc@5 100.00 ( 99.77)
24-Jan-26 11:36:23 - Epoch: [43][39999/50000]	Time  0.037 ( 0.038)	Data  0.001 ( 0.001)	Loss 0.0000e+00 (8.6071e-01)	Acc@1 100.00 ( 90.11)	Acc@5 100.00 ( 99.75)
24-Jan-26 11:39:35 - Epoch: [43][44999/50000]	Time  0.038 ( 0.038)	Data  0.001 ( 0.001)	Loss 0.0000e+00 (8.5903e-01)	Acc@1 100.00 ( 90.12)	Acc@5 100.00 ( 99.74)
24-Jan-26 11:42:48 - Epoch: [43][49999/50000]	Time  0.036 ( 0.038)	Data  0.001 ( 0.001)	Loss 0.0000e+00 (8.6600e-01)	Acc@1 100.00 ( 90.14)	Acc@5 100.00 ( 99.74)
24-Jan-26 11:42:48 -  @Training * Acc@1 90.142 Acc@5 99.740 Loss 0.866
24-Jan-26 11:42:48 - One training epoch latency: 1.922e+03s | Avg Power: 188.4W | Energy: 362095.5891J
24-Jan-26 11:42:58 -  @Testing * Acc@1 86.720 Acc@5 99.470 Loss 1.804
24-Jan-26 11:42:58 - Best acc at epoch 43: 86.87999725341797
24-Jan-26 11:42:58 - Last learning rate: [7.8125e-06]
24-Jan-26 11:42:58 - 	 Epoch 44...
24-Jan-26 11:46:14 - Epoch: [44][ 4999/50000]	Time  0.037 ( 0.039)	Data  0.001 ( 0.001)	Loss 0.0000e+00 (8.1268e-01)	Acc@1 100.00 ( 90.94)	Acc@5 100.00 ( 99.74)
24-Jan-26 11:49:27 - Epoch: [44][ 9999/50000]	Time  0.037 ( 0.039)	Data  0.001 ( 0.001)	Loss 0.0000e+00 (8.1169e-01)	Acc@1 100.00 ( 90.88)	Acc@5 100.00 ( 99.71)
24-Jan-26 11:52:39 - Epoch: [44][14999/50000]	Time  0.037 ( 0.039)	Data  0.001 ( 0.001)	Loss 0.0000e+00 (8.1785e-01)	Acc@1 100.00 ( 90.64)	Acc@5 100.00 ( 99.71)
24-Jan-26 11:55:50 - Epoch: [44][19999/50000]	Time  0.037 ( 0.039)	Data  0.001 ( 0.001)	Loss 0.0000e+00 (8.3504e-01)	Acc@1 100.00 ( 90.59)	Acc@5 100.00 ( 99.69)
24-Jan-26 11:59:02 - Epoch: [44][24999/50000]	Time  0.038 ( 0.039)	Data  0.001 ( 0.001)	Loss 0.0000e+00 (8.3227e-01)	Acc@1 100.00 ( 90.54)	Acc@5 100.00 ( 99.71)
24-Jan-26 12:02:13 - Epoch: [44][29999/50000]	Time  0.038 ( 0.038)	Data  0.001 ( 0.001)	Loss 0.0000e+00 (8.4244e-01)	Acc@1 100.00 ( 90.44)	Acc@5 100.00 ( 99.72)
24-Jan-26 12:05:24 - Epoch: [44][34999/50000]	Time  0.037 ( 0.038)	Data  0.001 ( 0.001)	Loss 1.6167e+01 (8.4415e-01)	Acc@1   0.00 ( 90.36)	Acc@5 100.00 ( 99.72)
24-Jan-26 12:08:36 - Epoch: [44][39999/50000]	Time  0.037 ( 0.038)	Data  0.001 ( 0.001)	Loss 1.3113e-06 (8.4512e-01)	Acc@1 100.00 ( 90.34)	Acc@5 100.00 ( 99.74)
24-Jan-26 12:11:48 - Epoch: [44][44999/50000]	Time  0.037 ( 0.038)	Data  0.001 ( 0.001)	Loss 0.0000e+00 (8.4755e-01)	Acc@1 100.00 ( 90.32)	Acc@5 100.00 ( 99.74)
24-Jan-26 12:14:59 - Epoch: [44][49999/50000]	Time  0.036 ( 0.038)	Data  0.001 ( 0.001)	Loss 1.0190e+01 (8.5019e-01)	Acc@1   0.00 ( 90.27)	Acc@5 100.00 ( 99.74)
24-Jan-26 12:14:59 -  @Training * Acc@1 90.274 Acc@5 99.744 Loss 0.850
24-Jan-26 12:14:59 - One training epoch latency: 1.921e+03s | Avg Power: 188.5W | Energy: 362010.4861J
24-Jan-26 12:15:10 -  @Testing * Acc@1 86.710 Acc@5 99.520 Loss 1.763
24-Jan-26 12:15:10 - Best acc at epoch 44: 86.87999725341797
24-Jan-26 12:15:10 - Last learning rate: [7.8125e-06]
24-Jan-26 12:15:10 - 	 Epoch 45...
24-Jan-26 12:18:21 - Epoch: [45][ 4999/50000]	Time  0.037 ( 0.038)	Data  0.001 ( 0.001)	Loss 0.0000e+00 (7.9329e-01)	Acc@1 100.00 ( 90.84)	Acc@5 100.00 ( 99.70)
24-Jan-26 12:21:33 - Epoch: [45][ 9999/50000]	Time  0.037 ( 0.038)	Data  0.001 ( 0.001)	Loss 0.0000e+00 (8.5398e-01)	Acc@1 100.00 ( 90.47)	Acc@5 100.00 ( 99.72)
24-Jan-26 12:24:44 - Epoch: [45][14999/50000]	Time  0.037 ( 0.038)	Data  0.001 ( 0.001)	Loss 0.0000e+00 (8.3402e-01)	Acc@1 100.00 ( 90.58)	Acc@5 100.00 ( 99.73)
24-Jan-26 12:27:55 - Epoch: [45][19999/50000]	Time  0.037 ( 0.038)	Data  0.001 ( 0.001)	Loss 0.0000e+00 (8.3066e-01)	Acc@1 100.00 ( 90.65)	Acc@5 100.00 ( 99.76)
24-Jan-26 12:31:07 - Epoch: [45][24999/50000]	Time  0.037 ( 0.038)	Data  0.001 ( 0.001)	Loss 0.0000e+00 (8.3355e-01)	Acc@1 100.00 ( 90.60)	Acc@5 100.00 ( 99.78)
24-Jan-26 12:34:18 - Epoch: [45][29999/50000]	Time  0.037 ( 0.038)	Data  0.001 ( 0.001)	Loss 0.0000e+00 (8.3451e-01)	Acc@1 100.00 ( 90.64)	Acc@5 100.00 ( 99.76)
24-Jan-26 12:37:30 - Epoch: [45][34999/50000]	Time  0.038 ( 0.038)	Data  0.001 ( 0.001)	Loss 0.0000e+00 (8.4330e-01)	Acc@1 100.00 ( 90.57)	Acc@5 100.00 ( 99.76)
24-Jan-26 12:40:44 - Epoch: [45][39999/50000]	Time  0.037 ( 0.038)	Data  0.001 ( 0.001)	Loss 0.0000e+00 (8.4686e-01)	Acc@1 100.00 ( 90.49)	Acc@5 100.00 ( 99.76)
24-Jan-26 12:43:56 - Epoch: [45][44999/50000]	Time  0.037 ( 0.038)	Data  0.001 ( 0.001)	Loss 2.3842e-07 (8.4173e-01)	Acc@1 100.00 ( 90.55)	Acc@5 100.00 ( 99.76)
24-Jan-26 12:47:09 - Epoch: [45][49999/50000]	Time  0.037 ( 0.038)	Data  0.001 ( 0.001)	Loss 0.0000e+00 (8.4640e-01)	Acc@1 100.00 ( 90.48)	Acc@5 100.00 ( 99.76)
24-Jan-26 12:47:09 -  @Training * Acc@1 90.480 Acc@5 99.764 Loss 0.846
24-Jan-26 12:47:09 - One training epoch latency: 1.919e+03s | Avg Power: 188.5W | Energy: 361676.6046J
24-Jan-26 12:47:19 -  @Testing * Acc@1 86.860 Acc@5 99.520 Loss 1.714
24-Jan-26 12:47:19 - Best acc at epoch 45: 86.87999725341797
24-Jan-26 12:47:19 - Last learning rate: [3.90625e-06]
24-Jan-26 12:47:19 - 	 Epoch 46...
24-Jan-26 12:50:32 - Epoch: [46][ 4999/50000]	Time  0.037 ( 0.039)	Data  0.001 ( 0.001)	Loss 0.0000e+00 (7.2101e-01)	Acc@1 100.00 ( 91.62)	Acc@5 100.00 ( 99.82)
24-Jan-26 12:53:45 - Epoch: [46][ 9999/50000]	Time  0.037 ( 0.039)	Data  0.001 ( 0.001)	Loss 1.9340e+01 (7.0317e-01)	Acc@1   0.00 ( 91.80)	Acc@5 100.00 ( 99.77)
24-Jan-26 12:56:57 - Epoch: [46][14999/50000]	Time  0.037 ( 0.039)	Data  0.001 ( 0.001)	Loss 1.1921e-07 (7.0065e-01)	Acc@1 100.00 ( 91.71)	Acc@5 100.00 ( 99.78)
24-Jan-26 13:00:10 - Epoch: [46][19999/50000]	Time  0.038 ( 0.039)	Data  0.001 ( 0.001)	Loss 9.1509e-01 (7.0916e-01)	Acc@1   0.00 ( 91.69)	Acc@5 100.00 ( 99.76)
24-Jan-26 13:03:23 - Epoch: [46][24999/50000]	Time  0.061 ( 0.039)	Data  0.001 ( 0.001)	Loss 0.0000e+00 (7.1951e-01)	Acc@1 100.00 ( 91.61)	Acc@5 100.00 ( 99.77)
24-Jan-26 13:06:35 - Epoch: [46][29999/50000]	Time  0.038 ( 0.039)	Data  0.001 ( 0.001)	Loss 0.0000e+00 (7.1798e-01)	Acc@1 100.00 ( 91.57)	Acc@5 100.00 ( 99.78)
24-Jan-26 13:09:48 - Epoch: [46][34999/50000]	Time  0.037 ( 0.039)	Data  0.001 ( 0.001)	Loss 3.3456e-02 (7.2484e-01)	Acc@1 100.00 ( 91.57)	Acc@5 100.00 ( 99.78)
24-Jan-26 13:13:01 - Epoch: [46][39999/50000]	Time  0.039 ( 0.039)	Data  0.001 ( 0.001)	Loss 2.8848e-05 (7.2655e-01)	Acc@1 100.00 ( 91.61)	Acc@5 100.00 ( 99.78)
24-Jan-26 13:16:14 - Epoch: [46][44999/50000]	Time  0.037 ( 0.039)	Data  0.001 ( 0.001)	Loss 0.0000e+00 (7.2256e-01)	Acc@1 100.00 ( 91.65)	Acc@5 100.00 ( 99.80)
24-Jan-26 13:19:27 - Epoch: [46][49999/50000]	Time  0.056 ( 0.039)	Data  0.001 ( 0.001)	Loss 0.0000e+00 (7.2025e-01)	Acc@1 100.00 ( 91.66)	Acc@5 100.00 ( 99.80)
24-Jan-26 13:19:27 -  @Training * Acc@1 91.664 Acc@5 99.798 Loss 0.720
24-Jan-26 13:19:27 - One training epoch latency: 1.927e+03s | Avg Power: 188.1W | Energy: 362574.6717J
24-Jan-26 13:19:37 -  @Testing * Acc@1 87.900 Acc@5 99.540 Loss 1.643
24-Jan-26 13:19:37 - Best acc at epoch 46: 87.9000015258789
24-Jan-26 13:19:37 - Last learning rate: [3.90625e-06]
24-Jan-26 13:19:37 - 	 Epoch 47...
24-Jan-26 13:22:50 - Epoch: [47][ 4999/50000]	Time  0.037 ( 0.039)	Data  0.001 ( 0.001)	Loss 0.0000e+00 (6.5131e-01)	Acc@1 100.00 ( 92.58)	Acc@5 100.00 ( 99.78)
24-Jan-26 13:26:03 - Epoch: [47][ 9999/50000]	Time  0.037 ( 0.039)	Data  0.001 ( 0.001)	Loss 0.0000e+00 (6.6440e-01)	Acc@1 100.00 ( 92.27)	Acc@5 100.00 ( 99.80)
24-Jan-26 13:29:15 - Epoch: [47][14999/50000]	Time  0.038 ( 0.039)	Data  0.001 ( 0.001)	Loss 0.0000e+00 (6.5273e-01)	Acc@1 100.00 ( 92.25)	Acc@5 100.00 ( 99.81)
24-Jan-26 13:32:28 - Epoch: [47][19999/50000]	Time  0.037 ( 0.039)	Data  0.001 ( 0.001)	Loss 0.0000e+00 (6.7557e-01)	Acc@1 100.00 ( 92.05)	Acc@5 100.00 ( 99.79)
24-Jan-26 13:35:41 - Epoch: [47][24999/50000]	Time  0.038 ( 0.039)	Data  0.001 ( 0.001)	Loss 0.0000e+00 (6.7455e-01)	Acc@1 100.00 ( 91.95)	Acc@5 100.00 ( 99.78)
24-Jan-26 13:38:54 - Epoch: [47][29999/50000]	Time  0.038 ( 0.039)	Data  0.001 ( 0.001)	Loss 0.0000e+00 (6.8377e-01)	Acc@1 100.00 ( 92.01)	Acc@5 100.00 ( 99.78)
24-Jan-26 13:42:06 - Epoch: [47][34999/50000]	Time  0.038 ( 0.039)	Data  0.001 ( 0.001)	Loss 0.0000e+00 (6.8535e-01)	Acc@1 100.00 ( 91.93)	Acc@5 100.00 ( 99.80)
24-Jan-26 13:45:19 - Epoch: [47][39999/50000]	Time  0.038 ( 0.039)	Data  0.001 ( 0.001)	Loss 0.0000e+00 (6.9418e-01)	Acc@1 100.00 ( 91.87)	Acc@5 100.00 ( 99.79)
24-Jan-26 13:48:32 - Epoch: [47][44999/50000]	Time  0.038 ( 0.039)	Data  0.001 ( 0.001)	Loss 0.0000e+00 (6.9227e-01)	Acc@1 100.00 ( 91.89)	Acc@5 100.00 ( 99.81)
24-Jan-26 13:51:44 - Epoch: [47][49999/50000]	Time  0.036 ( 0.039)	Data  0.001 ( 0.001)	Loss 8.4722e-04 (6.8730e-01)	Acc@1 100.00 ( 91.93)	Acc@5 100.00 ( 99.82)
24-Jan-26 13:51:45 -  @Training * Acc@1 91.928 Acc@5 99.822 Loss 0.687
24-Jan-26 13:51:45 - One training epoch latency: 1.928e+03s | Avg Power: 188.1W | Energy: 362555.6836J
24-Jan-26 13:51:55 -  @Testing * Acc@1 88.160 Acc@5 99.550 Loss 1.611
24-Jan-26 13:51:55 - Best acc at epoch 47: 88.15999603271484
24-Jan-26 13:51:55 - Last learning rate: [3.90625e-06]
24-Jan-26 13:51:55 - 	 Epoch 48...
24-Jan-26 13:55:07 - Epoch: [48][ 4999/50000]	Time  0.037 ( 0.038)	Data  0.001 ( 0.001)	Loss 0.0000e+00 (6.5167e-01)	Acc@1 100.00 ( 92.42)	Acc@5 100.00 ( 99.88)
24-Jan-26 13:58:19 - Epoch: [48][ 9999/50000]	Time  0.037 ( 0.038)	Data  0.001 ( 0.001)	Loss 0.0000e+00 (6.3296e-01)	Acc@1 100.00 ( 92.37)	Acc@5 100.00 ( 99.86)
24-Jan-26 14:01:30 - Epoch: [48][14999/50000]	Time  0.037 ( 0.038)	Data  0.001 ( 0.001)	Loss 0.0000e+00 (6.2943e-01)	Acc@1 100.00 ( 92.50)	Acc@5 100.00 ( 99.84)
24-Jan-26 14:04:42 - Epoch: [48][19999/50000]	Time  0.037 ( 0.038)	Data  0.001 ( 0.001)	Loss 0.0000e+00 (6.5807e-01)	Acc@1 100.00 ( 92.22)	Acc@5 100.00 ( 99.82)
24-Jan-26 14:07:54 - Epoch: [48][24999/50000]	Time  0.038 ( 0.038)	Data  0.001 ( 0.001)	Loss 9.8683e+00 (6.5811e-01)	Acc@1   0.00 ( 92.29)	Acc@5 100.00 ( 99.82)
24-Jan-26 14:11:05 - Epoch: [48][29999/50000]	Time  0.037 ( 0.038)	Data  0.001 ( 0.001)	Loss 0.0000e+00 (6.6023e-01)	Acc@1 100.00 ( 92.25)	Acc@5 100.00 ( 99.83)
24-Jan-26 14:14:17 - Epoch: [48][34999/50000]	Time  0.038 ( 0.038)	Data  0.001 ( 0.001)	Loss 0.0000e+00 (6.6344e-01)	Acc@1 100.00 ( 92.23)	Acc@5 100.00 ( 99.83)
24-Jan-26 14:17:29 - Epoch: [48][39999/50000]	Time  0.037 ( 0.038)	Data  0.001 ( 0.001)	Loss 0.0000e+00 (6.6554e-01)	Acc@1 100.00 ( 92.21)	Acc@5 100.00 ( 99.82)
24-Jan-26 14:20:40 - Epoch: [48][44999/50000]	Time  0.037 ( 0.038)	Data  0.001 ( 0.001)	Loss 0.0000e+00 (6.6374e-01)	Acc@1 100.00 ( 92.22)	Acc@5 100.00 ( 99.82)
24-Jan-26 14:23:54 - Epoch: [48][49999/50000]	Time  0.037 ( 0.038)	Data  0.001 ( 0.001)	Loss 0.0000e+00 (6.7096e-01)	Acc@1 100.00 ( 92.18)	Acc@5 100.00 ( 99.81)
24-Jan-26 14:23:54 -  @Training * Acc@1 92.176 Acc@5 99.812 Loss 0.671
24-Jan-26 14:23:54 - One training epoch latency: 1.919e+03s | Avg Power: 188.5W | Energy: 361745.8402J
24-Jan-26 14:24:04 -  @Testing * Acc@1 87.970 Acc@5 99.570 Loss 1.635
24-Jan-26 14:24:04 - Best acc at epoch 48: 88.15999603271484
24-Jan-26 14:24:04 - Last learning rate: [3.90625e-06]
24-Jan-26 14:24:05 - 	 Epoch 49...
24-Jan-26 14:27:20 - Epoch: [49][ 4999/50000]	Time  0.037 ( 0.039)	Data  0.001 ( 0.001)	Loss 0.0000e+00 (6.4334e-01)	Acc@1 100.00 ( 92.28)	Acc@5 100.00 ( 99.72)
24-Jan-26 14:30:33 - Epoch: [49][ 9999/50000]	Time  0.038 ( 0.039)	Data  0.001 ( 0.001)	Loss 0.0000e+00 (6.2163e-01)	Acc@1 100.00 ( 92.71)	Acc@5 100.00 ( 99.82)
24-Jan-26 14:33:46 - Epoch: [49][14999/50000]	Time  0.037 ( 0.039)	Data  0.001 ( 0.001)	Loss 0.0000e+00 (6.4594e-01)	Acc@1 100.00 ( 92.47)	Acc@5 100.00 ( 99.81)
24-Jan-26 14:36:59 - Epoch: [49][19999/50000]	Time  0.039 ( 0.039)	Data  0.001 ( 0.001)	Loss 0.0000e+00 (6.4428e-01)	Acc@1 100.00 ( 92.40)	Acc@5 100.00 ( 99.82)
24-Jan-26 14:40:12 - Epoch: [49][24999/50000]	Time  0.037 ( 0.039)	Data  0.001 ( 0.001)	Loss 0.0000e+00 (6.3044e-01)	Acc@1 100.00 ( 92.52)	Acc@5 100.00 ( 99.84)
24-Jan-26 14:43:24 - Epoch: [49][29999/50000]	Time  0.038 ( 0.039)	Data  0.001 ( 0.001)	Loss 1.1837e-04 (6.3842e-01)	Acc@1 100.00 ( 92.47)	Acc@5 100.00 ( 99.85)
