21-Jan-26 14:40:04 - Namespace(arch='dvs_tessvgg_model', cpu=False, dataset='DVSGesture', save_path='./experiments/DVSGesture_Lonic_wn_int16_ternary_int8', data_path='/home/cts3td/Datasets', trials=1, epochs=100, optimizer='Adam', loss='CE', lr=6.25e-05, lr_conv=6.25e-05, batch_size=1, val_batch_size=16, label_encoding='class', activation='LinearSpike', seed=1, pretrained_model=None, training_mode='tess', delay_ls=20, scheduler=100, print_freq=100, factors_stdp=[0.2, 0.5, 0.0, 1.0], pooling='MAX', weight_decay=0, lr_scheduler_type='ReduceLR', experiment_name='DVSGesture', wn=True, avoid_wn=False, low_precision_training=True, forward_intx=16)
21-Jan-26 14:40:04 - => Everything will be saved to ./experiments/DVSGesture_Lonic_wn_int16_ternary_int8
21-Jan-26 14:40:05 - CUDA GPU will be used for computations
21-Jan-26 14:40:05 - Training set length: 1176
21-Jan-26 14:40:05 - Test set length: 288
21-Jan-26 14:40:05 - Activation used: None
21-Jan-26 14:40:05 - Total Parameters: 9222.9K
21-Jan-26 14:40:05 - === Model ===
21-Jan-26 14:40:05 - VGGConvModel(
  (conv_block1): LocalLearningSignalGenerationLayer(
    (block): ConvBlock(
      (pool): Identity()
      (conv): Conv2dSTDP(2, 64, kernel_size=(3, 3), stride=(1, 1), padding=(1, 1), bias=False, threshold=0.60, leak=0.50, reset=soft, grad_leak=False, grad_threshold=False, factors=tensor([0.2000, 0.5000, 0.0000, 1.0000], device='cuda:0'))
      (dropout): DropoutLIF(
        Dropout(p=0.0, inplace=False)
        (dropout): Dropout(p=0.0, inplace=False)
      )
    )
  )
  (conv_block2): LocalLearningSignalGenerationLayer(
    (block): ConvBlock(
      (pool): MaxPool2d(kernel_size=2, stride=2, padding=0, dilation=1, ceil_mode=False)
      (conv): Conv2dSTDP(64, 128, kernel_size=(3, 3), stride=(1, 1), padding=(1, 1), bias=False, threshold=0.60, leak=0.50, reset=soft, grad_leak=False, grad_threshold=False, factors=tensor([0.2000, 0.5000, 0.0000, 1.0000], device='cuda:0'))
      (dropout): DropoutLIF(
        Dropout(p=0.0, inplace=False)
        (dropout): Dropout(p=0.0, inplace=False)
      )
    )
  )
  (conv_block3): LocalLearningSignalGenerationLayer(
    (block): ConvBlock(
      (pool): Identity()
      (conv): Conv2dSTDP(128, 256, kernel_size=(3, 3), stride=(1, 1), padding=(1, 1), bias=False, threshold=0.60, leak=0.50, reset=soft, grad_leak=False, grad_threshold=False, factors=tensor([0.2000, 0.5000, 0.0000, 1.0000], device='cuda:0'))
      (dropout): DropoutLIF(
        Dropout(p=0.0, inplace=False)
        (dropout): Dropout(p=0.0, inplace=False)
      )
    )
  )
  (conv_block4): LocalLearningSignalGenerationLayer(
    (block): ConvBlock(
      (pool): MaxPool2d(kernel_size=2, stride=2, padding=0, dilation=1, ceil_mode=False)
      (conv): Conv2dSTDP(256, 256, kernel_size=(3, 3), stride=(1, 1), padding=(1, 1), bias=False, threshold=0.60, leak=0.50, reset=soft, grad_leak=False, grad_threshold=False, factors=tensor([0.2000, 0.5000, 0.0000, 1.0000], device='cuda:0'))
      (dropout): DropoutLIF(
        Dropout(p=0.0, inplace=False)
        (dropout): Dropout(p=0.0, inplace=False)
      )
    )
  )
  (conv_block5): LocalLearningSignalGenerationLayer(
    (block): ConvBlock(
      (pool): Identity()
      (conv): Conv2dSTDP(256, 512, kernel_size=(3, 3), stride=(1, 1), padding=(1, 1), bias=False, threshold=0.60, leak=0.50, reset=soft, grad_leak=False, grad_threshold=False, factors=tensor([0.2000, 0.5000, 0.0000, 1.0000], device='cuda:0'))
      (dropout): DropoutLIF(
        Dropout(p=0.0, inplace=False)
        (dropout): Dropout(p=0.0, inplace=False)
      )
    )
  )
  (conv_block6): LocalLearningSignalGenerationLayer(
    (block): ConvBlock(
      (pool): MaxPool2d(kernel_size=2, stride=2, padding=0, dilation=1, ceil_mode=False)
      (conv): Conv2dSTDP(512, 512, kernel_size=(3, 3), stride=(1, 1), padding=(1, 1), bias=False, threshold=0.60, leak=0.50, reset=soft, grad_leak=False, grad_threshold=False, factors=tensor([0.2000, 0.5000, 0.0000, 1.0000], device='cuda:0'))
      (dropout): DropoutLIF(
        Dropout(p=0.0, inplace=False)
        (dropout): Dropout(p=0.0, inplace=False)
      )
    )
  )
  (conv_block7): LocalLearningSignalGenerationLayer(
    (block): ConvBlock(
      (pool): Identity()
      (conv): Conv2dSTDP(512, 512, kernel_size=(3, 3), stride=(1, 1), padding=(1, 1), bias=False, threshold=0.60, leak=0.50, reset=soft, grad_leak=False, grad_threshold=False, factors=tensor([0.2000, 0.5000, 0.0000, 1.0000], device='cuda:0'))
      (dropout): DropoutLIF(
        Dropout(p=0.0, inplace=False)
        (dropout): Dropout(p=0.0, inplace=False)
      )
    )
  )
  (conv_block8): LocalLearningSignalGenerationLayer(
    (block): ConvBlock(
      (pool): AdaptiveAvgPool2d(output_size=1)
      (conv): Conv2dSTDP(512, 512, kernel_size=(3, 3), stride=(1, 1), padding=(1, 1), bias=False, threshold=0.60, leak=0.50, reset=soft, grad_leak=False, grad_threshold=False, factors=tensor([0.2000, 0.5000, 0.0000, 1.0000], device='cuda:0'))
      (dropout): DropoutLIF(
        Dropout(p=0.0, inplace=False)
        (dropout): Dropout(p=0.0, inplace=False)
      )
    )
  )
  (linear): Linear(in_features=512, out_features=11, bias=True)
)
21-Jan-26 14:40:06 - 
=== Starting model training with 100 epochs:

21-Jan-26 14:40:06 - 	 Epoch 1...
21-Jan-26 14:40:28 - Epoch: [1][  99/1176]	Time  0.181 ( 0.223)	Data  0.000 ( 0.002)	Loss 2.1082e+01 (9.2222e+00)	Acc@1   0.00 ( 18.00)	Acc@5 100.00 ( 64.00)
21-Jan-26 14:40:46 - Epoch: [1][ 199/1176]	Time  0.177 ( 0.202)	Data  0.000 ( 0.001)	Loss 1.2535e+01 (8.3947e+00)	Acc@1   0.00 ( 19.00)	Acc@5 100.00 ( 62.50)
21-Jan-26 14:41:04 - Epoch: [1][ 299/1176]	Time  0.174 ( 0.195)	Data  0.000 ( 0.001)	Loss 1.3152e+00 (8.9325e+00)	Acc@1   0.00 ( 19.67)	Acc@5 100.00 ( 65.33)
21-Jan-26 14:41:22 - Epoch: [1][ 399/1176]	Time  0.178 ( 0.191)	Data  0.000 ( 0.001)	Loss 3.7096e+01 (8.9770e+00)	Acc@1   0.00 ( 22.00)	Acc@5   0.00 ( 68.50)
21-Jan-26 14:41:40 - Epoch: [1][ 499/1176]	Time  0.176 ( 0.189)	Data  0.000 ( 0.001)	Loss 3.4827e+01 (9.1047e+00)	Acc@1   0.00 ( 24.40)	Acc@5 100.00 ( 72.00)
21-Jan-26 14:41:58 - Epoch: [1][ 599/1176]	Time  0.184 ( 0.187)	Data  0.000 ( 0.000)	Loss 2.6210e-01 (9.0134e+00)	Acc@1 100.00 ( 26.83)	Acc@5 100.00 ( 74.17)
21-Jan-26 14:42:16 - Epoch: [1][ 699/1176]	Time  0.178 ( 0.186)	Data  0.000 ( 0.000)	Loss 3.0314e+00 (8.6257e+00)	Acc@1   0.00 ( 28.00)	Acc@5 100.00 ( 76.57)
21-Jan-26 14:42:34 - Epoch: [1][ 799/1176]	Time  0.175 ( 0.186)	Data  0.000 ( 0.000)	Loss 1.5646e+01 (8.4380e+00)	Acc@1   0.00 ( 30.25)	Acc@5 100.00 ( 78.00)
21-Jan-26 14:42:52 - Epoch: [1][ 899/1176]	Time  0.178 ( 0.185)	Data  0.000 ( 0.000)	Loss 1.7048e+00 (8.2989e+00)	Acc@1   0.00 ( 31.67)	Acc@5 100.00 ( 79.11)
21-Jan-26 14:43:10 - Epoch: [1][ 999/1176]	Time  0.180 ( 0.184)	Data  0.000 ( 0.000)	Loss 5.4453e-03 (8.1455e+00)	Acc@1 100.00 ( 32.90)	Acc@5 100.00 ( 80.80)
21-Jan-26 14:43:28 - Epoch: [1][1099/1176]	Time  0.180 ( 0.184)	Data  0.000 ( 0.000)	Loss 1.8284e+01 (7.9658e+00)	Acc@1   0.00 ( 33.73)	Acc@5   0.00 ( 82.09)
21-Jan-26 14:43:42 -  @Training * Acc@1 34.269 Acc@5 82.738 Loss 7.962
21-Jan-26 14:43:42 - One training epoch latency: 216.2s | Avg Power: 229.9W | Energy: 49707.8025J
21-Jan-26 14:43:57 -  @Testing * Acc@1 51.389 Acc@5 96.181 Loss 3.965
21-Jan-26 14:43:57 - Best acc at epoch 1: 51.38888931274414
21-Jan-26 14:43:57 - Last learning rate: [6.25e-05]
21-Jan-26 14:43:57 - 	 Epoch 2...
21-Jan-26 14:44:15 - Epoch: [2][  99/1176]	Time  0.182 ( 0.184)	Data  0.000 ( 0.002)	Loss 5.4233e+00 (5.9964e+00)	Acc@1   0.00 ( 43.00)	Acc@5 100.00 ( 95.00)
21-Jan-26 14:44:34 - Epoch: [2][ 199/1176]	Time  0.190 ( 0.184)	Data  0.000 ( 0.001)	Loss 1.1227e-01 (5.3103e+00)	Acc@1 100.00 ( 49.50)	Acc@5 100.00 ( 96.50)
21-Jan-26 14:44:52 - Epoch: [2][ 299/1176]	Time  0.178 ( 0.184)	Data  0.000 ( 0.001)	Loss 0.0000e+00 (5.4649e+00)	Acc@1 100.00 ( 49.00)	Acc@5 100.00 ( 95.67)
21-Jan-26 14:45:11 - Epoch: [2][ 399/1176]	Time  0.190 ( 0.184)	Data  0.000 ( 0.001)	Loss 1.7462e+01 (5.1019e+00)	Acc@1   0.00 ( 50.75)	Acc@5 100.00 ( 96.25)
21-Jan-26 14:45:29 - Epoch: [2][ 499/1176]	Time  0.201 ( 0.183)	Data  0.011 ( 0.001)	Loss 6.4020e+00 (5.1805e+00)	Acc@1   0.00 ( 51.40)	Acc@5 100.00 ( 96.80)
21-Jan-26 14:45:47 - Epoch: [2][ 599/1176]	Time  0.179 ( 0.183)	Data  0.000 ( 0.001)	Loss 5.3728e+00 (5.2940e+00)	Acc@1   0.00 ( 51.50)	Acc@5 100.00 ( 97.17)
21-Jan-26 14:46:05 - Epoch: [2][ 699/1176]	Time  0.183 ( 0.183)	Data  0.000 ( 0.001)	Loss 2.3842e-07 (5.4814e+00)	Acc@1 100.00 ( 52.14)	Acc@5 100.00 ( 97.00)
21-Jan-26 14:46:23 - Epoch: [2][ 799/1176]	Time  0.179 ( 0.183)	Data  0.000 ( 0.001)	Loss 0.0000e+00 (5.5296e+00)	Acc@1 100.00 ( 52.50)	Acc@5 100.00 ( 96.88)
21-Jan-26 14:46:42 - Epoch: [2][ 899/1176]	Time  0.181 ( 0.183)	Data  0.000 ( 0.001)	Loss 1.6689e-06 (5.7212e+00)	Acc@1 100.00 ( 52.56)	Acc@5 100.00 ( 96.67)
21-Jan-26 14:47:00 - Epoch: [2][ 999/1176]	Time  0.185 ( 0.183)	Data  0.000 ( 0.000)	Loss 1.2224e+00 (5.6119e+00)	Acc@1   0.00 ( 53.50)	Acc@5 100.00 ( 96.90)
21-Jan-26 14:47:18 - Epoch: [2][1099/1176]	Time  0.178 ( 0.183)	Data  0.000 ( 0.000)	Loss 1.0194e+01 (5.6490e+00)	Acc@1   0.00 ( 54.55)	Acc@5 100.00 ( 97.00)
21-Jan-26 14:47:32 -  @Training * Acc@1 54.337 Acc@5 96.939 Loss 5.689
21-Jan-26 14:47:32 - One training epoch latency: 214.7s | Avg Power: 237.7W | Energy: 51034.3504J
21-Jan-26 14:47:46 -  @Testing * Acc@1 52.083 Acc@5 97.222 Loss 7.671
21-Jan-26 14:47:46 - Best acc at epoch 2: 52.08333206176758
21-Jan-26 14:47:46 - Last learning rate: [6.25e-05]
21-Jan-26 14:47:46 - 	 Epoch 3...
21-Jan-26 14:48:04 - Epoch: [3][  99/1176]	Time  0.179 ( 0.185)	Data  0.000 ( 0.002)	Loss 1.3909e+01 (6.0462e+00)	Acc@1   0.00 ( 59.00)	Acc@5 100.00 ( 97.00)
21-Jan-26 14:48:23 - Epoch: [3][ 199/1176]	Time  0.188 ( 0.184)	Data  0.000 ( 0.001)	Loss 1.0864e+00 (5.0079e+00)	Acc@1   0.00 ( 60.50)	Acc@5 100.00 ( 98.00)
21-Jan-26 14:48:41 - Epoch: [3][ 299/1176]	Time  0.182 ( 0.184)	Data  0.000 ( 0.001)	Loss 1.0216e-04 (5.1037e+00)	Acc@1 100.00 ( 60.33)	Acc@5 100.00 ( 97.00)
21-Jan-26 14:48:59 - Epoch: [3][ 399/1176]	Time  0.183 ( 0.184)	Data  0.000 ( 0.001)	Loss 3.2694e-01 (4.7966e+00)	Acc@1 100.00 ( 62.75)	Acc@5 100.00 ( 97.50)
21-Jan-26 14:49:18 - Epoch: [3][ 499/1176]	Time  0.180 ( 0.184)	Data  0.000 ( 0.001)	Loss 2.7709e+01 (4.5201e+00)	Acc@1   0.00 ( 62.40)	Acc@5 100.00 ( 98.00)
21-Jan-26 14:49:36 - Epoch: [3][ 599/1176]	Time  0.178 ( 0.184)	Data  0.000 ( 0.001)	Loss 0.0000e+00 (4.3225e+00)	Acc@1 100.00 ( 63.83)	Acc@5 100.00 ( 98.17)
21-Jan-26 14:49:54 - Epoch: [3][ 699/1176]	Time  0.183 ( 0.184)	Data  0.000 ( 0.001)	Loss 0.0000e+00 (4.2657e+00)	Acc@1 100.00 ( 64.29)	Acc@5 100.00 ( 98.29)
21-Jan-26 14:50:13 - Epoch: [3][ 799/1176]	Time  0.179 ( 0.183)	Data  0.000 ( 0.001)	Loss 4.2433e+00 (4.4926e+00)	Acc@1   0.00 ( 63.38)	Acc@5 100.00 ( 98.25)
21-Jan-26 14:50:31 - Epoch: [3][ 899/1176]	Time  0.191 ( 0.183)	Data  0.000 ( 0.000)	Loss 1.1563e-05 (4.4395e+00)	Acc@1 100.00 ( 63.33)	Acc@5 100.00 ( 98.33)
21-Jan-26 14:50:49 - Epoch: [3][ 999/1176]	Time  0.175 ( 0.183)	Data  0.000 ( 0.000)	Loss 8.6395e-02 (4.3189e+00)	Acc@1 100.00 ( 63.70)	Acc@5 100.00 ( 98.40)
21-Jan-26 14:51:07 - Epoch: [3][1099/1176]	Time  0.179 ( 0.183)	Data  0.000 ( 0.000)	Loss 0.0000e+00 (4.4800e+00)	Acc@1 100.00 ( 63.55)	Acc@5 100.00 ( 98.27)
21-Jan-26 14:51:21 -  @Training * Acc@1 64.286 Acc@5 98.214 Loss 4.426
21-Jan-26 14:51:21 - One training epoch latency: 215.2s | Avg Power: 236.0W | Energy: 50796.8916J
21-Jan-26 14:51:35 -  @Testing * Acc@1 68.403 Acc@5 98.611 Loss 4.549
21-Jan-26 14:51:35 - Best acc at epoch 3: 68.40277862548828
21-Jan-26 14:51:35 - Last learning rate: [6.25e-05]
21-Jan-26 14:51:35 - 	 Epoch 4...
21-Jan-26 14:51:54 - Epoch: [4][  99/1176]	Time  0.181 ( 0.184)	Data  0.000 ( 0.002)	Loss 3.6864e+00 (3.1990e+00)	Acc@1   0.00 ( 68.00)	Acc@5 100.00 ( 99.00)
21-Jan-26 14:52:12 - Epoch: [4][ 199/1176]	Time  0.178 ( 0.183)	Data  0.000 ( 0.001)	Loss 0.0000e+00 (3.8698e+00)	Acc@1 100.00 ( 71.00)	Acc@5 100.00 ( 98.50)
21-Jan-26 14:52:30 - Epoch: [4][ 299/1176]	Time  0.183 ( 0.183)	Data  0.000 ( 0.001)	Loss 3.8355e+01 (3.8251e+00)	Acc@1   0.00 ( 69.00)	Acc@5 100.00 ( 98.67)
21-Jan-26 14:52:48 - Epoch: [4][ 399/1176]	Time  0.181 ( 0.182)	Data  0.000 ( 0.001)	Loss 0.0000e+00 (3.7333e+00)	Acc@1 100.00 ( 68.50)	Acc@5 100.00 ( 98.75)
21-Jan-26 14:53:07 - Epoch: [4][ 499/1176]	Time  0.187 ( 0.183)	Data  0.000 ( 0.001)	Loss 1.0573e+01 (3.8824e+00)	Acc@1   0.00 ( 69.20)	Acc@5 100.00 ( 98.40)
21-Jan-26 14:53:25 - Epoch: [4][ 599/1176]	Time  0.181 ( 0.183)	Data  0.000 ( 0.001)	Loss 0.0000e+00 (3.9618e+00)	Acc@1 100.00 ( 69.17)	Acc@5 100.00 ( 98.17)
21-Jan-26 14:53:43 - Epoch: [4][ 699/1176]	Time  0.184 ( 0.183)	Data  0.000 ( 0.001)	Loss 2.2594e-03 (3.7595e+00)	Acc@1 100.00 ( 69.57)	Acc@5 100.00 ( 98.43)
21-Jan-26 14:54:02 - Epoch: [4][ 799/1176]	Time  0.183 ( 0.183)	Data  0.000 ( 0.001)	Loss 1.0730e+01 (3.8589e+00)	Acc@1   0.00 ( 69.75)	Acc@5 100.00 ( 98.50)
21-Jan-26 14:54:20 - Epoch: [4][ 899/1176]	Time  0.192 ( 0.183)	Data  0.000 ( 0.001)	Loss 1.0096e+01 (3.9589e+00)	Acc@1   0.00 ( 69.67)	Acc@5 100.00 ( 98.44)
21-Jan-26 14:54:38 - Epoch: [4][ 999/1176]	Time  0.177 ( 0.183)	Data  0.000 ( 0.001)	Loss 1.9312e-05 (3.9799e+00)	Acc@1 100.00 ( 69.80)	Acc@5 100.00 ( 98.60)
21-Jan-26 14:54:56 - Epoch: [4][1099/1176]	Time  0.180 ( 0.183)	Data  0.000 ( 0.001)	Loss 1.0854e-02 (3.9955e+00)	Acc@1 100.00 ( 69.55)	Acc@5 100.00 ( 98.73)
21-Jan-26 14:55:10 -  @Training * Acc@1 69.388 Acc@5 98.810 Loss 3.930
21-Jan-26 14:55:10 - One training epoch latency: 214.8s | Avg Power: 236.0W | Energy: 50676.2592J
21-Jan-26 14:55:24 -  @Testing * Acc@1 73.264 Acc@5 99.306 Loss 4.507
21-Jan-26 14:55:24 - Best acc at epoch 4: 73.2638931274414
21-Jan-26 14:55:24 - Last learning rate: [6.25e-05]
21-Jan-26 14:55:24 - 	 Epoch 5...
21-Jan-26 14:55:42 - Epoch: [5][  99/1176]	Time  0.181 ( 0.185)	Data  0.000 ( 0.002)	Loss 9.6483e+00 (3.5126e+00)	Acc@1   0.00 ( 68.00)	Acc@5 100.00 (100.00)
21-Jan-26 14:56:01 - Epoch: [5][ 199/1176]	Time  0.181 ( 0.183)	Data  0.000 ( 0.001)	Loss 1.3996e+01 (3.0835e+00)	Acc@1   0.00 ( 71.50)	Acc@5 100.00 (100.00)
21-Jan-26 14:56:19 - Epoch: [5][ 299/1176]	Time  0.180 ( 0.183)	Data  0.000 ( 0.001)	Loss 1.3726e+01 (3.3299e+00)	Acc@1   0.00 ( 73.67)	Acc@5 100.00 ( 99.00)
21-Jan-26 14:56:37 - Epoch: [5][ 399/1176]	Time  0.183 ( 0.183)	Data  0.000 ( 0.001)	Loss 1.7957e+01 (3.1573e+00)	Acc@1   0.00 ( 72.50)	Acc@5 100.00 ( 99.25)
21-Jan-26 14:56:55 - Epoch: [5][ 499/1176]	Time  0.180 ( 0.182)	Data  0.000 ( 0.001)	Loss 1.1921e-07 (3.1513e+00)	Acc@1 100.00 ( 73.20)	Acc@5 100.00 ( 99.40)
21-Jan-26 14:57:14 - Epoch: [5][ 599/1176]	Time  0.182 ( 0.183)	Data  0.000 ( 0.001)	Loss 0.0000e+00 (3.1252e+00)	Acc@1 100.00 ( 73.00)	Acc@5 100.00 ( 99.33)
21-Jan-26 14:57:32 - Epoch: [5][ 699/1176]	Time  0.185 ( 0.183)	Data  0.000 ( 0.001)	Loss 0.0000e+00 (3.1442e+00)	Acc@1 100.00 ( 72.86)	Acc@5 100.00 ( 99.14)
21-Jan-26 14:57:51 - Epoch: [5][ 799/1176]	Time  0.183 ( 0.183)	Data  0.000 ( 0.001)	Loss 2.2016e-04 (3.2145e+00)	Acc@1 100.00 ( 72.88)	Acc@5 100.00 ( 99.25)
21-Jan-26 14:58:09 - Epoch: [5][ 899/1176]	Time  0.192 ( 0.183)	Data  0.000 ( 0.000)	Loss 7.8175e-01 (3.0794e+00)	Acc@1   0.00 ( 73.00)	Acc@5 100.00 ( 99.33)
21-Jan-26 14:58:27 - Epoch: [5][ 999/1176]	Time  0.179 ( 0.183)	Data  0.000 ( 0.000)	Loss 0.0000e+00 (3.0759e+00)	Acc@1 100.00 ( 73.40)	Acc@5 100.00 ( 99.30)
21-Jan-26 14:58:45 - Epoch: [5][1099/1176]	Time  0.174 ( 0.183)	Data  0.000 ( 0.000)	Loss 3.3732e+00 (3.2511e+00)	Acc@1   0.00 ( 72.91)	Acc@5 100.00 ( 99.27)
21-Jan-26 14:58:59 -  @Training * Acc@1 72.789 Acc@5 99.235 Loss 3.375
21-Jan-26 14:58:59 - One training epoch latency: 215.1s | Avg Power: 237.1W | Energy: 50993.7595J
21-Jan-26 14:59:13 -  @Testing * Acc@1 58.333 Acc@5 98.958 Loss 8.173
21-Jan-26 14:59:13 - Best acc at epoch 5: 73.2638931274414
21-Jan-26 14:59:13 - Last learning rate: [6.25e-05]
21-Jan-26 14:59:13 - 	 Epoch 6...
21-Jan-26 14:59:31 - Epoch: [6][  99/1176]	Time  0.179 ( 0.184)	Data  0.000 ( 0.002)	Loss 1.9073e-06 (3.6497e+00)	Acc@1 100.00 ( 72.00)	Acc@5 100.00 ( 99.00)
21-Jan-26 14:59:50 - Epoch: [6][ 199/1176]	Time  0.187 ( 0.183)	Data  0.000 ( 0.001)	Loss 2.5841e-04 (3.5240e+00)	Acc@1 100.00 ( 71.00)	Acc@5 100.00 ( 99.50)
21-Jan-26 15:00:08 - Epoch: [6][ 299/1176]	Time  0.178 ( 0.183)	Data  0.000 ( 0.001)	Loss 7.6588e+00 (3.3508e+00)	Acc@1   0.00 ( 73.00)	Acc@5 100.00 ( 99.33)
21-Jan-26 15:00:26 - Epoch: [6][ 399/1176]	Time  0.180 ( 0.183)	Data  0.000 ( 0.001)	Loss 0.0000e+00 (2.9491e+00)	Acc@1 100.00 ( 75.00)	Acc@5 100.00 ( 99.50)
21-Jan-26 15:00:44 - Epoch: [6][ 499/1176]	Time  0.179 ( 0.183)	Data  0.000 ( 0.001)	Loss 1.8529e-03 (3.1576e+00)	Acc@1 100.00 ( 74.40)	Acc@5 100.00 ( 99.40)
21-Jan-26 15:01:02 - Epoch: [6][ 599/1176]	Time  0.177 ( 0.182)	Data  0.000 ( 0.000)	Loss 0.0000e+00 (3.1952e+00)	Acc@1 100.00 ( 74.17)	Acc@5 100.00 ( 99.50)
21-Jan-26 15:01:21 - Epoch: [6][ 699/1176]	Time  0.181 ( 0.183)	Data  0.000 ( 0.000)	Loss 0.0000e+00 (3.0584e+00)	Acc@1 100.00 ( 74.57)	Acc@5 100.00 ( 99.57)
21-Jan-26 15:01:40 - Epoch: [6][ 799/1176]	Time  0.185 ( 0.183)	Data  0.000 ( 0.000)	Loss 3.1324e-03 (3.0640e+00)	Acc@1 100.00 ( 74.50)	Acc@5 100.00 ( 99.62)
21-Jan-26 15:01:58 - Epoch: [6][ 899/1176]	Time  0.186 ( 0.183)	Data  0.000 ( 0.000)	Loss 1.1059e+01 (2.9889e+00)	Acc@1   0.00 ( 74.78)	Acc@5 100.00 ( 99.67)
21-Jan-26 15:02:16 - Epoch: [6][ 999/1176]	Time  0.183 ( 0.183)	Data  0.000 ( 0.000)	Loss 0.0000e+00 (3.0220e+00)	Acc@1 100.00 ( 75.20)	Acc@5 100.00 ( 99.70)
21-Jan-26 15:02:34 - Epoch: [6][1099/1176]	Time  0.183 ( 0.183)	Data  0.000 ( 0.000)	Loss 0.0000e+00 (3.0921e+00)	Acc@1 100.00 ( 75.27)	Acc@5 100.00 ( 99.73)
21-Jan-26 15:02:48 -  @Training * Acc@1 75.765 Acc@5 99.745 Loss 3.004
21-Jan-26 15:02:48 - One training epoch latency: 215.0s | Avg Power: 237.2W | Energy: 50996.4260J
21-Jan-26 15:03:02 -  @Testing * Acc@1 74.306 Acc@5 98.958 Loss 5.027
21-Jan-26 15:03:02 - Best acc at epoch 6: 74.30555725097656
21-Jan-26 15:03:02 - Last learning rate: [6.25e-05]
21-Jan-26 15:03:02 - 	 Epoch 7...
21-Jan-26 15:03:21 - Epoch: [7][  99/1176]	Time  0.184 ( 0.185)	Data  0.000 ( 0.002)	Loss 9.5438e+00 (2.7130e+00)	Acc@1   0.00 ( 77.00)	Acc@5 100.00 ( 99.00)
21-Jan-26 15:03:39 - Epoch: [7][ 199/1176]	Time  0.189 ( 0.183)	Data  0.000 ( 0.001)	Loss 0.0000e+00 (2.6035e+00)	Acc@1 100.00 ( 75.00)	Acc@5 100.00 ( 99.50)
21-Jan-26 15:03:57 - Epoch: [7][ 299/1176]	Time  0.179 ( 0.183)	Data  0.000 ( 0.001)	Loss 0.0000e+00 (2.5077e+00)	Acc@1 100.00 ( 73.67)	Acc@5 100.00 ( 99.67)
21-Jan-26 15:04:15 - Epoch: [7][ 399/1176]	Time  0.181 ( 0.183)	Data  0.000 ( 0.001)	Loss 7.3525e-04 (2.5234e+00)	Acc@1 100.00 ( 75.50)	Acc@5 100.00 ( 99.50)
21-Jan-26 15:04:33 - Epoch: [7][ 499/1176]	Time  0.179 ( 0.182)	Data  0.000 ( 0.001)	Loss 0.0000e+00 (2.6882e+00)	Acc@1 100.00 ( 76.20)	Acc@5 100.00 ( 99.40)
21-Jan-26 15:04:51 - Epoch: [7][ 599/1176]	Time  0.182 ( 0.182)	Data  0.000 ( 0.001)	Loss 0.0000e+00 (2.6450e+00)	Acc@1 100.00 ( 76.83)	Acc@5 100.00 ( 99.50)
21-Jan-26 15:05:10 - Epoch: [7][ 699/1176]	Time  0.189 ( 0.182)	Data  0.000 ( 0.000)	Loss 1.1089e-02 (2.6523e+00)	Acc@1 100.00 ( 77.00)	Acc@5 100.00 ( 99.57)
21-Jan-26 15:05:28 - Epoch: [7][ 799/1176]	Time  0.179 ( 0.182)	Data  0.000 ( 0.000)	Loss 0.0000e+00 (2.5195e+00)	Acc@1 100.00 ( 77.75)	Acc@5 100.00 ( 99.62)
21-Jan-26 15:05:46 - Epoch: [7][ 899/1176]	Time  0.183 ( 0.182)	Data  0.000 ( 0.000)	Loss 9.6368e+00 (2.5066e+00)	Acc@1   0.00 ( 77.78)	Acc@5 100.00 ( 99.67)
21-Jan-26 15:06:05 - Epoch: [7][ 999/1176]	Time  0.182 ( 0.182)	Data  0.000 ( 0.000)	Loss 1.4305e-06 (2.4159e+00)	Acc@1 100.00 ( 78.10)	Acc@5 100.00 ( 99.70)
21-Jan-26 15:06:23 - Epoch: [7][1099/1176]	Time  0.180 ( 0.183)	Data  0.000 ( 0.000)	Loss 0.0000e+00 (2.4896e+00)	Acc@1 100.00 ( 77.82)	Acc@5 100.00 ( 99.73)
21-Jan-26 15:06:37 -  @Training * Acc@1 77.891 Acc@5 99.745 Loss 2.479
21-Jan-26 15:06:37 - One training epoch latency: 215.1s | Avg Power: 238.2W | Energy: 51228.1619J
21-Jan-26 15:06:51 -  @Testing * Acc@1 73.611 Acc@5 99.306 Loss 3.510
21-Jan-26 15:06:51 - Best acc at epoch 7: 74.30555725097656
21-Jan-26 15:06:51 - Last learning rate: [6.25e-05]
21-Jan-26 15:06:51 - 	 Epoch 8...
21-Jan-26 15:07:10 - Epoch: [8][  99/1176]	Time  0.199 ( 0.185)	Data  0.011 ( 0.002)	Loss 1.1921e-06 (2.3270e+00)	Acc@1 100.00 ( 78.00)	Acc@5 100.00 (100.00)
21-Jan-26 15:07:28 - Epoch: [8][ 199/1176]	Time  0.178 ( 0.184)	Data  0.000 ( 0.001)	Loss 5.0830e+00 (2.2084e+00)	Acc@1   0.00 ( 77.50)	Acc@5 100.00 (100.00)
21-Jan-26 15:07:46 - Epoch: [8][ 299/1176]	Time  0.181 ( 0.183)	Data  0.000 ( 0.001)	Loss 1.1727e+01 (2.4029e+00)	Acc@1   0.00 ( 76.67)	Acc@5 100.00 ( 99.67)
21-Jan-26 15:08:05 - Epoch: [8][ 399/1176]	Time  0.183 ( 0.183)	Data  0.000 ( 0.001)	Loss 1.8163e+01 (2.4288e+00)	Acc@1   0.00 ( 77.25)	Acc@5 100.00 ( 99.75)
21-Jan-26 15:08:23 - Epoch: [8][ 499/1176]	Time  0.190 ( 0.183)	Data  0.000 ( 0.001)	Loss 0.0000e+00 (2.4438e+00)	Acc@1 100.00 ( 77.80)	Acc@5 100.00 ( 99.60)
21-Jan-26 15:08:41 - Epoch: [8][ 599/1176]	Time  0.175 ( 0.183)	Data  0.000 ( 0.001)	Loss 0.0000e+00 (2.1758e+00)	Acc@1 100.00 ( 79.33)	Acc@5 100.00 ( 99.67)
21-Jan-26 15:08:59 - Epoch: [8][ 699/1176]	Time  0.180 ( 0.183)	Data  0.000 ( 0.001)	Loss 0.0000e+00 (2.0910e+00)	Acc@1 100.00 ( 80.14)	Acc@5 100.00 ( 99.71)
21-Jan-26 15:09:17 - Epoch: [8][ 799/1176]	Time  0.180 ( 0.183)	Data  0.000 ( 0.000)	Loss 4.7656e-01 (2.1324e+00)	Acc@1 100.00 ( 80.38)	Acc@5 100.00 ( 99.75)
21-Jan-26 15:09:36 - Epoch: [8][ 899/1176]	Time  0.183 ( 0.183)	Data  0.000 ( 0.000)	Loss 0.0000e+00 (2.1097e+00)	Acc@1 100.00 ( 80.56)	Acc@5 100.00 ( 99.78)
21-Jan-26 15:09:54 - Epoch: [8][ 999/1176]	Time  0.183 ( 0.183)	Data  0.000 ( 0.000)	Loss 5.4881e-04 (2.3295e+00)	Acc@1 100.00 ( 79.60)	Acc@5 100.00 ( 99.80)
21-Jan-26 15:10:12 - Epoch: [8][1099/1176]	Time  0.180 ( 0.183)	Data  0.000 ( 0.000)	Loss 1.4090e-04 (2.2621e+00)	Acc@1 100.00 ( 80.09)	Acc@5 100.00 ( 99.82)
21-Jan-26 15:10:27 -  @Training * Acc@1 80.017 Acc@5 99.830 Loss 2.243
21-Jan-26 15:10:27 - One training epoch latency: 215.2s | Avg Power: 236.8W | Energy: 50965.5161J
21-Jan-26 15:10:41 -  @Testing * Acc@1 81.597 Acc@5 99.306 Loss 3.129
21-Jan-26 15:10:41 - Best acc at epoch 8: 81.59722137451172
21-Jan-26 15:10:41 - Last learning rate: [6.25e-05]
21-Jan-26 15:10:41 - 	 Epoch 9...
21-Jan-26 15:10:59 - Epoch: [9][  99/1176]	Time  0.181 ( 0.184)	Data  0.000 ( 0.002)	Loss 2.4562e+01 (1.0463e+00)	Acc@1   0.00 ( 87.00)	Acc@5 100.00 (100.00)
21-Jan-26 15:11:17 - Epoch: [9][ 199/1176]	Time  0.178 ( 0.183)	Data  0.000 ( 0.001)	Loss 0.0000e+00 (1.3695e+00)	Acc@1 100.00 ( 88.00)	Acc@5 100.00 (100.00)
21-Jan-26 15:11:36 - Epoch: [9][ 299/1176]	Time  0.177 ( 0.183)	Data  0.000 ( 0.001)	Loss 1.1614e+01 (1.4764e+00)	Acc@1   0.00 ( 87.00)	Acc@5 100.00 (100.00)
21-Jan-26 15:11:54 - Epoch: [9][ 399/1176]	Time  0.178 ( 0.183)	Data  0.000 ( 0.001)	Loss 3.6477e-05 (1.5523e+00)	Acc@1 100.00 ( 86.75)	Acc@5 100.00 ( 99.75)
21-Jan-26 15:12:12 - Epoch: [9][ 499/1176]	Time  0.183 ( 0.183)	Data  0.000 ( 0.001)	Loss 0.0000e+00 (1.8606e+00)	Acc@1 100.00 ( 85.20)	Acc@5 100.00 ( 99.80)
21-Jan-26 15:12:30 - Epoch: [9][ 599/1176]	Time  0.180 ( 0.182)	Data  0.000 ( 0.001)	Loss 3.6196e-02 (1.9005e+00)	Acc@1 100.00 ( 84.50)	Acc@5 100.00 ( 99.83)
21-Jan-26 15:12:48 - Epoch: [9][ 699/1176]	Time  0.184 ( 0.182)	Data  0.000 ( 0.000)	Loss 7.6294e-06 (1.9273e+00)	Acc@1 100.00 ( 84.29)	Acc@5 100.00 ( 99.86)
21-Jan-26 15:13:07 - Epoch: [9][ 799/1176]	Time  0.183 ( 0.182)	Data  0.000 ( 0.000)	Loss 0.0000e+00 (1.9840e+00)	Acc@1 100.00 ( 84.50)	Acc@5 100.00 ( 99.88)
21-Jan-26 15:13:25 - Epoch: [9][ 899/1176]	Time  0.180 ( 0.182)	Data  0.000 ( 0.000)	Loss 3.5763e-07 (2.0455e+00)	Acc@1 100.00 ( 84.00)	Acc@5 100.00 ( 99.89)
21-Jan-26 15:13:43 - Epoch: [9][ 999/1176]	Time  0.184 ( 0.183)	Data  0.000 ( 0.000)	Loss 0.0000e+00 (2.0483e+00)	Acc@1 100.00 ( 83.90)	Acc@5 100.00 ( 99.90)
21-Jan-26 15:14:02 - Epoch: [9][1099/1176]	Time  0.186 ( 0.183)	Data  0.000 ( 0.000)	Loss 0.0000e+00 (2.0855e+00)	Acc@1 100.00 ( 83.73)	Acc@5 100.00 ( 99.91)
21-Jan-26 15:14:16 -  @Training * Acc@1 83.673 Acc@5 99.915 Loss 2.087
21-Jan-26 15:14:16 - One training epoch latency: 215.2s | Avg Power: 238.1W | Energy: 51248.9315J
21-Jan-26 15:14:30 -  @Testing * Acc@1 78.125 Acc@5 99.306 Loss 3.760
21-Jan-26 15:14:30 - Best acc at epoch 9: 81.59722137451172
21-Jan-26 15:14:30 - Last learning rate: [6.25e-05]
21-Jan-26 15:14:30 - 	 Epoch 10...
21-Jan-26 15:14:48 - Epoch: [10][  99/1176]	Time  0.179 ( 0.185)	Data  0.000 ( 0.002)	Loss 7.5990e+00 (1.6945e+00)	Acc@1   0.00 ( 87.00)	Acc@5 100.00 (100.00)
21-Jan-26 15:15:07 - Epoch: [10][ 199/1176]	Time  0.186 ( 0.184)	Data  0.000 ( 0.001)	Loss 1.6689e-06 (1.3422e+00)	Acc@1 100.00 ( 89.50)	Acc@5 100.00 (100.00)
21-Jan-26 15:15:25 - Epoch: [10][ 299/1176]	Time  0.180 ( 0.183)	Data  0.000 ( 0.001)	Loss 1.2922e-03 (1.4788e+00)	Acc@1 100.00 ( 88.67)	Acc@5 100.00 (100.00)
21-Jan-26 15:15:43 - Epoch: [10][ 399/1176]	Time  0.183 ( 0.183)	Data  0.000 ( 0.001)	Loss 2.6226e-06 (1.3871e+00)	Acc@1 100.00 ( 87.75)	Acc@5 100.00 (100.00)
21-Jan-26 15:16:01 - Epoch: [10][ 499/1176]	Time  0.181 ( 0.183)	Data  0.000 ( 0.001)	Loss 0.0000e+00 (1.4314e+00)	Acc@1 100.00 ( 87.40)	Acc@5 100.00 (100.00)
21-Jan-26 15:16:20 - Epoch: [10][ 599/1176]	Time  0.180 ( 0.183)	Data  0.000 ( 0.000)	Loss 0.0000e+00 (1.5640e+00)	Acc@1 100.00 ( 87.00)	Acc@5 100.00 (100.00)
21-Jan-26 15:16:38 - Epoch: [10][ 699/1176]	Time  0.188 ( 0.183)	Data  0.000 ( 0.000)	Loss 0.0000e+00 (1.7551e+00)	Acc@1 100.00 ( 86.29)	Acc@5 100.00 (100.00)
21-Jan-26 15:16:56 - Epoch: [10][ 799/1176]	Time  0.176 ( 0.182)	Data  0.000 ( 0.000)	Loss 0.0000e+00 (1.7782e+00)	Acc@1 100.00 ( 85.88)	Acc@5 100.00 ( 99.88)
21-Jan-26 15:17:14 - Epoch: [10][ 899/1176]	Time  0.180 ( 0.182)	Data  0.000 ( 0.000)	Loss 0.0000e+00 (1.7865e+00)	Acc@1 100.00 ( 85.44)	Acc@5 100.00 ( 99.89)
21-Jan-26 15:17:32 - Epoch: [10][ 999/1176]	Time  0.185 ( 0.182)	Data  0.000 ( 0.000)	Loss 1.1921e-07 (1.8097e+00)	Acc@1 100.00 ( 85.00)	Acc@5 100.00 ( 99.90)
21-Jan-26 15:17:51 - Epoch: [10][1099/1176]	Time  0.184 ( 0.183)	Data  0.000 ( 0.000)	Loss 1.0427e+01 (1.7953e+00)	Acc@1   0.00 ( 85.00)	Acc@5 100.00 ( 99.91)
21-Jan-26 15:18:05 -  @Training * Acc@1 84.609 Acc@5 99.915 Loss 1.875
21-Jan-26 15:18:05 - One training epoch latency: 215.1s | Avg Power: 237.5W | Energy: 51086.9194J
21-Jan-26 15:18:19 -  @Testing * Acc@1 80.903 Acc@5 99.306 Loss 3.201
21-Jan-26 15:18:19 - Best acc at epoch 10: 81.59722137451172
21-Jan-26 15:18:19 - Last learning rate: [6.25e-05]
21-Jan-26 15:18:19 - 	 Epoch 11...
21-Jan-26 15:18:38 - Epoch: [11][  99/1176]	Time  0.193 ( 0.184)	Data  0.000 ( 0.002)	Loss 1.1921e-06 (1.0846e+00)	Acc@1 100.00 ( 81.00)	Acc@5 100.00 (100.00)
21-Jan-26 15:18:56 - Epoch: [11][ 199/1176]	Time  0.181 ( 0.183)	Data  0.000 ( 0.001)	Loss 0.0000e+00 (1.1906e+00)	Acc@1 100.00 ( 81.00)	Acc@5 100.00 (100.00)
21-Jan-26 15:19:14 - Epoch: [11][ 299/1176]	Time  0.178 ( 0.183)	Data  0.000 ( 0.001)	Loss 2.7418e-06 (1.2684e+00)	Acc@1 100.00 ( 81.33)	Acc@5 100.00 (100.00)
21-Jan-26 15:19:32 - Epoch: [11][ 399/1176]	Time  0.178 ( 0.182)	Data  0.000 ( 0.001)	Loss 6.9291e-03 (1.3838e+00)	Acc@1 100.00 ( 82.00)	Acc@5 100.00 (100.00)
21-Jan-26 15:19:50 - Epoch: [11][ 499/1176]	Time  0.180 ( 0.182)	Data  0.000 ( 0.000)	Loss 0.0000e+00 (1.3116e+00)	Acc@1 100.00 ( 84.20)	Acc@5 100.00 (100.00)
21-Jan-26 15:20:08 - Epoch: [11][ 599/1176]	Time  0.176 ( 0.182)	Data  0.000 ( 0.000)	Loss 0.0000e+00 (1.2527e+00)	Acc@1 100.00 ( 85.17)	Acc@5 100.00 (100.00)
21-Jan-26 15:20:26 - Epoch: [11][ 699/1176]	Time  0.177 ( 0.181)	Data  0.000 ( 0.000)	Loss 5.5614e-01 (1.3983e+00)	Acc@1 100.00 ( 84.86)	Acc@5 100.00 (100.00)
21-Jan-26 15:20:45 - Epoch: [11][ 799/1176]	Time  0.177 ( 0.181)	Data  0.000 ( 0.000)	Loss 0.0000e+00 (1.4520e+00)	Acc@1 100.00 ( 84.50)	Acc@5 100.00 (100.00)
21-Jan-26 15:21:03 - Epoch: [11][ 899/1176]	Time  0.175 ( 0.181)	Data  0.000 ( 0.000)	Loss 1.7829e-03 (1.5119e+00)	Acc@1 100.00 ( 84.56)	Acc@5 100.00 (100.00)
21-Jan-26 15:21:21 - Epoch: [11][ 999/1176]	Time  0.194 ( 0.181)	Data  0.000 ( 0.000)	Loss 0.0000e+00 (1.5537e+00)	Acc@1 100.00 ( 84.80)	Acc@5 100.00 (100.00)
21-Jan-26 15:21:39 - Epoch: [11][1099/1176]	Time  0.181 ( 0.182)	Data  0.000 ( 0.000)	Loss 0.0000e+00 (1.5665e+00)	Acc@1 100.00 ( 84.91)	Acc@5 100.00 (100.00)
21-Jan-26 15:21:53 -  @Training * Acc@1 85.034 Acc@5 100.000 Loss 1.556
21-Jan-26 15:21:53 - One training epoch latency: 213.5s | Avg Power: 237.3W | Energy: 50664.3659J
21-Jan-26 15:22:07 -  @Testing * Acc@1 82.292 Acc@5 99.306 Loss 3.102
21-Jan-26 15:22:07 - Best acc at epoch 11: 82.29166412353516
21-Jan-26 15:22:07 - Last learning rate: [6.25e-05]
21-Jan-26 15:22:07 - 	 Epoch 12...
21-Jan-26 15:22:25 - Epoch: [12][  99/1176]	Time  0.178 ( 0.181)	Data  0.000 ( 0.002)	Loss 0.0000e+00 (1.4032e+00)	Acc@1 100.00 ( 88.00)	Acc@5 100.00 (100.00)
21-Jan-26 15:22:43 - Epoch: [12][ 199/1176]	Time  0.178 ( 0.180)	Data  0.000 ( 0.001)	Loss 0.0000e+00 (1.1373e+00)	Acc@1 100.00 ( 90.00)	Acc@5 100.00 (100.00)
21-Jan-26 15:23:01 - Epoch: [12][ 299/1176]	Time  0.188 ( 0.180)	Data  0.000 ( 0.001)	Loss 0.0000e+00 (1.2601e+00)	Acc@1 100.00 ( 88.33)	Acc@5 100.00 (100.00)
21-Jan-26 15:23:19 - Epoch: [12][ 399/1176]	Time  0.178 ( 0.179)	Data  0.000 ( 0.001)	Loss 0.0000e+00 (1.4080e+00)	Acc@1 100.00 ( 86.75)	Acc@5 100.00 (100.00)
21-Jan-26 15:23:36 - Epoch: [12][ 499/1176]	Time  0.174 ( 0.179)	Data  0.000 ( 0.001)	Loss 0.0000e+00 (1.6035e+00)	Acc@1 100.00 ( 85.40)	Acc@5 100.00 (100.00)
21-Jan-26 15:23:54 - Epoch: [12][ 599/1176]	Time  0.178 ( 0.179)	Data  0.000 ( 0.001)	Loss 0.0000e+00 (1.5875e+00)	Acc@1 100.00 ( 85.17)	Acc@5 100.00 (100.00)
21-Jan-26 15:24:13 - Epoch: [12][ 699/1176]	Time  0.176 ( 0.180)	Data  0.000 ( 0.000)	Loss 0.0000e+00 (1.5295e+00)	Acc@1 100.00 ( 85.71)	Acc@5 100.00 (100.00)
21-Jan-26 15:24:31 - Epoch: [12][ 799/1176]	Time  0.199 ( 0.180)	Data  0.000 ( 0.000)	Loss 0.0000e+00 (1.4979e+00)	Acc@1 100.00 ( 86.00)	Acc@5 100.00 (100.00)
21-Jan-26 15:24:49 - Epoch: [12][ 899/1176]	Time  0.176 ( 0.180)	Data  0.000 ( 0.000)	Loss 0.0000e+00 (1.5413e+00)	Acc@1 100.00 ( 86.11)	Acc@5 100.00 (100.00)
21-Jan-26 15:25:07 - Epoch: [12][ 999/1176]	Time  0.177 ( 0.180)	Data  0.000 ( 0.000)	Loss 0.0000e+00 (1.5537e+00)	Acc@1 100.00 ( 86.70)	Acc@5 100.00 (100.00)
21-Jan-26 15:25:25 - Epoch: [12][1099/1176]	Time  0.179 ( 0.180)	Data  0.000 ( 0.000)	Loss 0.0000e+00 (1.5610e+00)	Acc@1 100.00 ( 86.55)	Acc@5 100.00 (100.00)
21-Jan-26 15:25:39 -  @Training * Acc@1 86.735 Acc@5 100.000 Loss 1.499
21-Jan-26 15:25:39 - One training epoch latency: 212.0s | Avg Power: 240.8W | Energy: 51041.9965J
21-Jan-26 15:25:53 -  @Testing * Acc@1 84.375 Acc@5 99.306 Loss 2.876
21-Jan-26 15:25:53 - Best acc at epoch 12: 84.375
21-Jan-26 15:25:53 - Last learning rate: [6.25e-05]
21-Jan-26 15:25:53 - 	 Epoch 13...
21-Jan-26 15:26:11 - Epoch: [13][  99/1176]	Time  0.183 ( 0.183)	Data  0.000 ( 0.002)	Loss 0.0000e+00 (1.1156e+00)	Acc@1 100.00 ( 89.00)	Acc@5 100.00 (100.00)
21-Jan-26 15:26:29 - Epoch: [13][ 199/1176]	Time  0.180 ( 0.182)	Data  0.000 ( 0.001)	Loss 4.9735e+00 (1.3518e+00)	Acc@1   0.00 ( 87.50)	Acc@5 100.00 (100.00)
21-Jan-26 15:26:47 - Epoch: [13][ 299/1176]	Time  0.181 ( 0.182)	Data  0.000 ( 0.001)	Loss 0.0000e+00 (1.1261e+00)	Acc@1 100.00 ( 88.33)	Acc@5 100.00 (100.00)
21-Jan-26 15:27:06 - Epoch: [13][ 399/1176]	Time  0.188 ( 0.182)	Data  0.000 ( 0.001)	Loss 0.0000e+00 (1.0305e+00)	Acc@1 100.00 ( 88.75)	Acc@5 100.00 (100.00)
21-Jan-26 15:27:24 - Epoch: [13][ 499/1176]	Time  0.195 ( 0.182)	Data  0.000 ( 0.001)	Loss 0.0000e+00 (1.1542e+00)	Acc@1 100.00 ( 88.20)	Acc@5 100.00 (100.00)
21-Jan-26 15:27:42 - Epoch: [13][ 599/1176]	Time  0.180 ( 0.181)	Data  0.000 ( 0.001)	Loss 0.0000e+00 (1.3242e+00)	Acc@1 100.00 ( 87.83)	Acc@5 100.00 (100.00)
21-Jan-26 15:28:00 - Epoch: [13][ 699/1176]	Time  0.176 ( 0.181)	Data  0.000 ( 0.001)	Loss 0.0000e+00 (1.3567e+00)	Acc@1 100.00 ( 88.00)	Acc@5 100.00 (100.00)
21-Jan-26 15:28:18 - Epoch: [13][ 799/1176]	Time  0.178 ( 0.181)	Data  0.000 ( 0.000)	Loss 0.0000e+00 (1.4198e+00)	Acc@1 100.00 ( 87.88)	Acc@5 100.00 (100.00)
21-Jan-26 15:28:36 - Epoch: [13][ 899/1176]	Time  0.179 ( 0.181)	Data  0.000 ( 0.000)	Loss 8.8167e+00 (1.4204e+00)	Acc@1   0.00 ( 87.67)	Acc@5 100.00 (100.00)
21-Jan-26 15:28:54 - Epoch: [13][ 999/1176]	Time  0.176 ( 0.181)	Data  0.000 ( 0.000)	Loss 0.0000e+00 (1.4992e+00)	Acc@1 100.00 ( 87.60)	Acc@5 100.00 (100.00)
21-Jan-26 15:29:12 - Epoch: [13][1099/1176]	Time  0.181 ( 0.181)	Data  0.000 ( 0.000)	Loss 0.0000e+00 (1.5157e+00)	Acc@1 100.00 ( 87.82)	Acc@5 100.00 (100.00)
21-Jan-26 15:29:26 -  @Training * Acc@1 88.010 Acc@5 100.000 Loss 1.480
21-Jan-26 15:29:26 - One training epoch latency: 212.9s | Avg Power: 239.0W | Energy: 50885.2563J
21-Jan-26 15:29:40 -  @Testing * Acc@1 82.639 Acc@5 99.306 Loss 3.544
21-Jan-26 15:29:40 - Best acc at epoch 13: 84.375
21-Jan-26 15:29:40 - Last learning rate: [6.25e-05]
21-Jan-26 15:29:40 - 	 Epoch 14...
21-Jan-26 15:29:58 - Epoch: [14][  99/1176]	Time  0.179 ( 0.183)	Data  0.000 ( 0.002)	Loss 0.0000e+00 (1.2518e+00)	Acc@1 100.00 ( 85.00)	Acc@5 100.00 (100.00)
21-Jan-26 15:30:16 - Epoch: [14][ 199/1176]	Time  0.181 ( 0.182)	Data  0.000 ( 0.001)	Loss 0.0000e+00 (1.0438e+00)	Acc@1 100.00 ( 87.00)	Acc@5 100.00 (100.00)
21-Jan-26 15:30:35 - Epoch: [14][ 299/1176]	Time  0.179 ( 0.182)	Data  0.000 ( 0.001)	Loss 0.0000e+00 (1.2531e+00)	Acc@1 100.00 ( 88.00)	Acc@5 100.00 (100.00)
21-Jan-26 15:30:53 - Epoch: [14][ 399/1176]	Time  0.179 ( 0.182)	Data  0.000 ( 0.001)	Loss 0.0000e+00 (1.2251e+00)	Acc@1 100.00 ( 88.00)	Acc@5 100.00 (100.00)
21-Jan-26 15:31:11 - Epoch: [14][ 499/1176]	Time  0.179 ( 0.182)	Data  0.000 ( 0.001)	Loss 2.8635e+00 (1.3173e+00)	Acc@1   0.00 ( 88.40)	Acc@5 100.00 (100.00)
21-Jan-26 15:31:29 - Epoch: [14][ 599/1176]	Time  0.180 ( 0.183)	Data  0.000 ( 0.001)	Loss 0.0000e+00 (1.2701e+00)	Acc@1 100.00 ( 88.83)	Acc@5 100.00 (100.00)
21-Jan-26 15:31:48 - Epoch: [14][ 699/1176]	Time  0.184 ( 0.183)	Data  0.000 ( 0.001)	Loss 0.0000e+00 (1.2578e+00)	Acc@1 100.00 ( 89.00)	Acc@5 100.00 (100.00)
21-Jan-26 15:32:06 - Epoch: [14][ 799/1176]	Time  0.175 ( 0.183)	Data  0.000 ( 0.001)	Loss 0.0000e+00 (1.2874e+00)	Acc@1 100.00 ( 88.88)	Acc@5 100.00 (100.00)
21-Jan-26 15:32:24 - Epoch: [14][ 899/1176]	Time  0.178 ( 0.183)	Data  0.000 ( 0.000)	Loss 0.0000e+00 (1.3606e+00)	Acc@1 100.00 ( 88.67)	Acc@5 100.00 (100.00)
21-Jan-26 15:32:43 - Epoch: [14][ 999/1176]	Time  0.189 ( 0.183)	Data  0.000 ( 0.000)	Loss 1.1620e+01 (1.3568e+00)	Acc@1   0.00 ( 88.40)	Acc@5 100.00 (100.00)
21-Jan-26 15:33:01 - Epoch: [14][1099/1176]	Time  0.182 ( 0.183)	Data  0.000 ( 0.000)	Loss 0.0000e+00 (1.2863e+00)	Acc@1 100.00 ( 88.73)	Acc@5 100.00 (100.00)
21-Jan-26 15:33:15 -  @Training * Acc@1 89.031 Acc@5 100.000 Loss 1.238
21-Jan-26 15:33:15 - One training epoch latency: 214.8s | Avg Power: 236.8W | Energy: 50862.1673J
21-Jan-26 15:33:29 -  @Testing * Acc@1 77.083 Acc@5 99.306 Loss 4.836
21-Jan-26 15:33:29 - Best acc at epoch 14: 84.375
21-Jan-26 15:33:29 - Last learning rate: [6.25e-05]
21-Jan-26 15:33:29 - 	 Epoch 15...
21-Jan-26 15:33:47 - Epoch: [15][  99/1176]	Time  0.180 ( 0.184)	Data  0.000 ( 0.002)	Loss 0.0000e+00 (1.0886e+00)	Acc@1 100.00 ( 89.00)	Acc@5 100.00 (100.00)
21-Jan-26 15:34:05 - Epoch: [15][ 199/1176]	Time  0.183 ( 0.183)	Data  0.000 ( 0.001)	Loss 0.0000e+00 (1.2842e+00)	Acc@1 100.00 ( 88.50)	Acc@5 100.00 (100.00)
21-Jan-26 15:34:24 - Epoch: [15][ 299/1176]	Time  0.180 ( 0.183)	Data  0.000 ( 0.001)	Loss 0.0000e+00 (1.1675e+00)	Acc@1 100.00 ( 89.67)	Acc@5 100.00 (100.00)
21-Jan-26 15:34:42 - Epoch: [15][ 399/1176]	Time  0.184 ( 0.182)	Data  0.000 ( 0.001)	Loss 0.0000e+00 (1.2162e+00)	Acc@1 100.00 ( 89.50)	Acc@5 100.00 (100.00)
21-Jan-26 15:35:00 - Epoch: [15][ 499/1176]	Time  0.186 ( 0.182)	Data  0.000 ( 0.001)	Loss 0.0000e+00 (1.1074e+00)	Acc@1 100.00 ( 89.80)	Acc@5 100.00 (100.00)
21-Jan-26 15:35:18 - Epoch: [15][ 599/1176]	Time  0.189 ( 0.182)	Data  0.000 ( 0.001)	Loss 0.0000e+00 (1.0188e+00)	Acc@1 100.00 ( 89.67)	Acc@5 100.00 (100.00)
21-Jan-26 15:35:36 - Epoch: [15][ 699/1176]	Time  0.181 ( 0.182)	Data  0.000 ( 0.001)	Loss 8.6751e+00 (9.8510e-01)	Acc@1   0.00 ( 90.14)	Acc@5 100.00 (100.00)
21-Jan-26 15:35:54 - Epoch: [15][ 799/1176]	Time  0.182 ( 0.182)	Data  0.000 ( 0.000)	Loss 0.0000e+00 (9.8608e-01)	Acc@1 100.00 ( 89.50)	Acc@5 100.00 (100.00)
21-Jan-26 15:36:12 - Epoch: [15][ 899/1176]	Time  0.183 ( 0.182)	Data  0.000 ( 0.000)	Loss 0.0000e+00 (1.0954e+00)	Acc@1 100.00 ( 89.67)	Acc@5 100.00 (100.00)
21-Jan-26 15:36:31 - Epoch: [15][ 999/1176]	Time  0.182 ( 0.182)	Data  0.000 ( 0.000)	Loss 1.4977e+01 (1.0792e+00)	Acc@1   0.00 ( 89.90)	Acc@5 100.00 (100.00)
21-Jan-26 15:36:49 - Epoch: [15][1099/1176]	Time  0.181 ( 0.182)	Data  0.000 ( 0.000)	Loss 0.0000e+00 (1.1103e+00)	Acc@1 100.00 ( 89.82)	Acc@5 100.00 (100.00)
21-Jan-26 15:37:02 -  @Training * Acc@1 89.966 Acc@5 100.000 Loss 1.110
21-Jan-26 15:37:03 - One training epoch latency: 213.6s | Avg Power: 237.7W | Energy: 50780.0069J
21-Jan-26 15:37:17 -  @Testing * Acc@1 77.778 Acc@5 99.306 Loss 5.877
21-Jan-26 15:37:17 - Best acc at epoch 15: 84.375
21-Jan-26 15:37:17 - Last learning rate: [6.25e-05]
21-Jan-26 15:37:17 - 	 Epoch 16...
21-Jan-26 15:37:35 - Epoch: [16][  99/1176]	Time  0.182 ( 0.184)	Data  0.000 ( 0.002)	Loss 1.6689e-06 (9.1322e-01)	Acc@1 100.00 ( 92.00)	Acc@5 100.00 (100.00)
21-Jan-26 15:37:53 - Epoch: [16][ 199/1176]	Time  0.180 ( 0.183)	Data  0.000 ( 0.001)	Loss 0.0000e+00 (7.5807e-01)	Acc@1 100.00 ( 92.00)	Acc@5 100.00 (100.00)
21-Jan-26 15:38:11 - Epoch: [16][ 299/1176]	Time  0.193 ( 0.183)	Data  0.001 ( 0.001)	Loss 0.0000e+00 (8.9008e-01)	Acc@1 100.00 ( 92.33)	Acc@5 100.00 (100.00)
21-Jan-26 15:38:30 - Epoch: [16][ 399/1176]	Time  0.178 ( 0.182)	Data  0.001 ( 0.001)	Loss 0.0000e+00 (7.2546e-01)	Acc@1 100.00 ( 93.00)	Acc@5 100.00 (100.00)
21-Jan-26 15:38:48 - Epoch: [16][ 499/1176]	Time  0.199 ( 0.182)	Data  0.011 ( 0.001)	Loss 0.0000e+00 (7.7475e-01)	Acc@1 100.00 ( 93.00)	Acc@5 100.00 (100.00)
21-Jan-26 15:39:06 - Epoch: [16][ 599/1176]	Time  0.178 ( 0.182)	Data  0.000 ( 0.001)	Loss 0.0000e+00 (8.0996e-01)	Acc@1 100.00 ( 92.50)	Acc@5 100.00 (100.00)
21-Jan-26 15:39:24 - Epoch: [16][ 699/1176]	Time  0.179 ( 0.182)	Data  0.000 ( 0.001)	Loss 0.0000e+00 (8.0054e-01)	Acc@1 100.00 ( 92.29)	Acc@5 100.00 (100.00)
21-Jan-26 15:39:42 - Epoch: [16][ 799/1176]	Time  0.177 ( 0.182)	Data  0.000 ( 0.001)	Loss 0.0000e+00 (8.0171e-01)	Acc@1 100.00 ( 92.25)	Acc@5 100.00 (100.00)
21-Jan-26 15:40:00 - Epoch: [16][ 899/1176]	Time  0.180 ( 0.182)	Data  0.000 ( 0.001)	Loss 0.0000e+00 (8.2750e-01)	Acc@1 100.00 ( 92.11)	Acc@5 100.00 (100.00)
21-Jan-26 15:40:19 - Epoch: [16][ 999/1176]	Time  0.188 ( 0.182)	Data  0.000 ( 0.001)	Loss 0.0000e+00 (8.4271e-01)	Acc@1 100.00 ( 92.40)	Acc@5 100.00 (100.00)
21-Jan-26 15:40:37 - Epoch: [16][1099/1176]	Time  0.187 ( 0.182)	Data  0.000 ( 0.001)	Loss 1.1945e+01 (8.6563e-01)	Acc@1   0.00 ( 92.09)	Acc@5 100.00 (100.00)
21-Jan-26 15:40:51 -  @Training * Acc@1 92.092 Acc@5 100.000 Loss 0.869
21-Jan-26 15:40:51 - One training epoch latency: 213.8s | Avg Power: 239.2W | Energy: 51155.6037J
21-Jan-26 15:41:05 -  @Testing * Acc@1 88.889 Acc@5 99.306 Loss 2.214
21-Jan-26 15:41:05 - Best acc at epoch 16: 88.8888931274414
21-Jan-26 15:41:05 - Last learning rate: [6.25e-05]
21-Jan-26 15:41:05 - 	 Epoch 17...
21-Jan-26 15:41:23 - Epoch: [17][  99/1176]	Time  0.179 ( 0.183)	Data  0.000 ( 0.003)	Loss 0.0000e+00 (4.2118e-01)	Acc@1 100.00 ( 94.00)	Acc@5 100.00 (100.00)
21-Jan-26 15:41:41 - Epoch: [17][ 199/1176]	Time  0.176 ( 0.182)	Data  0.000 ( 0.001)	Loss 3.1507e+00 (5.5374e-01)	Acc@1   0.00 ( 92.50)	Acc@5 100.00 (100.00)
21-Jan-26 15:41:59 - Epoch: [17][ 299/1176]	Time  0.178 ( 0.181)	Data  0.000 ( 0.001)	Loss 0.0000e+00 (6.5000e-01)	Acc@1 100.00 ( 93.67)	Acc@5 100.00 (100.00)
21-Jan-26 15:42:17 - Epoch: [17][ 399/1176]	Time  0.176 ( 0.181)	Data  0.000 ( 0.001)	Loss 0.0000e+00 (6.2581e-01)	Acc@1 100.00 ( 94.00)	Acc@5 100.00 (100.00)
21-Jan-26 15:42:35 - Epoch: [17][ 499/1176]	Time  0.180 ( 0.181)	Data  0.000 ( 0.001)	Loss 0.0000e+00 (7.3262e-01)	Acc@1 100.00 ( 94.00)	Acc@5 100.00 (100.00)
21-Jan-26 15:42:53 - Epoch: [17][ 599/1176]	Time  0.180 ( 0.181)	Data  0.000 ( 0.001)	Loss 0.0000e+00 (8.0660e-01)	Acc@1 100.00 ( 93.50)	Acc@5 100.00 (100.00)
21-Jan-26 15:43:11 - Epoch: [17][ 699/1176]	Time  0.179 ( 0.181)	Data  0.000 ( 0.001)	Loss 2.7780e+01 (8.0746e-01)	Acc@1   0.00 ( 93.43)	Acc@5 100.00 (100.00)
21-Jan-26 15:43:29 - Epoch: [17][ 799/1176]	Time  0.178 ( 0.181)	Data  0.000 ( 0.001)	Loss 0.0000e+00 (9.1749e-01)	Acc@1 100.00 ( 92.75)	Acc@5 100.00 (100.00)
21-Jan-26 15:43:47 - Epoch: [17][ 899/1176]	Time  0.180 ( 0.181)	Data  0.000 ( 0.001)	Loss 0.0000e+00 (8.4467e-01)	Acc@1 100.00 ( 93.00)	Acc@5 100.00 (100.00)
21-Jan-26 15:44:06 - Epoch: [17][ 999/1176]	Time  0.185 ( 0.181)	Data  0.000 ( 0.000)	Loss 6.2282e-02 (8.2304e-01)	Acc@1 100.00 ( 93.10)	Acc@5 100.00 (100.00)
21-Jan-26 15:44:24 - Epoch: [17][1099/1176]	Time  0.180 ( 0.181)	Data  0.000 ( 0.000)	Loss 3.4571e-06 (8.7941e-01)	Acc@1 100.00 ( 92.55)	Acc@5 100.00 (100.00)
21-Jan-26 15:44:38 -  @Training * Acc@1 92.432 Acc@5 100.000 Loss 0.866
21-Jan-26 15:44:38 - One training epoch latency: 213.2s | Avg Power: 238.9W | Energy: 50926.6476J
21-Jan-26 15:44:52 -  @Testing * Acc@1 82.639 Acc@5 99.306 Loss 3.750
21-Jan-26 15:44:52 - Best acc at epoch 17: 88.8888931274414
21-Jan-26 15:44:52 - Last learning rate: [6.25e-05]
21-Jan-26 15:44:52 - 	 Epoch 18...
21-Jan-26 15:45:10 - Epoch: [18][  99/1176]	Time  0.179 ( 0.183)	Data  0.000 ( 0.002)	Loss 0.0000e+00 (9.4654e-01)	Acc@1 100.00 ( 91.00)	Acc@5 100.00 (100.00)
21-Jan-26 15:45:29 - Epoch: [18][ 199/1176]	Time  0.179 ( 0.183)	Data  0.000 ( 0.001)	Loss 1.0498e-03 (6.1811e-01)	Acc@1 100.00 ( 94.00)	Acc@5 100.00 (100.00)
21-Jan-26 15:45:47 - Epoch: [18][ 299/1176]	Time  0.182 ( 0.182)	Data  0.000 ( 0.001)	Loss 0.0000e+00 (5.3884e-01)	Acc@1 100.00 ( 94.67)	Acc@5 100.00 (100.00)
21-Jan-26 15:46:05 - Epoch: [18][ 399/1176]	Time  0.180 ( 0.182)	Data  0.000 ( 0.001)	Loss 0.0000e+00 (5.5550e-01)	Acc@1 100.00 ( 94.50)	Acc@5 100.00 (100.00)
21-Jan-26 15:46:23 - Epoch: [18][ 499/1176]	Time  0.181 ( 0.182)	Data  0.000 ( 0.001)	Loss 0.0000e+00 (5.9892e-01)	Acc@1 100.00 ( 94.40)	Acc@5 100.00 (100.00)
21-Jan-26 15:46:41 - Epoch: [18][ 599/1176]	Time  0.207 ( 0.182)	Data  0.000 ( 0.001)	Loss 0.0000e+00 (6.5512e-01)	Acc@1 100.00 ( 94.00)	Acc@5 100.00 (100.00)
21-Jan-26 15:47:00 - Epoch: [18][ 699/1176]	Time  0.184 ( 0.182)	Data  0.000 ( 0.001)	Loss 0.0000e+00 (7.3783e-01)	Acc@1 100.00 ( 93.71)	Acc@5 100.00 (100.00)
21-Jan-26 15:47:18 - Epoch: [18][ 799/1176]	Time  0.187 ( 0.182)	Data  0.000 ( 0.001)	Loss 0.0000e+00 (6.5754e-01)	Acc@1 100.00 ( 94.25)	Acc@5 100.00 (100.00)
21-Jan-26 15:47:36 - Epoch: [18][ 899/1176]	Time  0.183 ( 0.182)	Data  0.000 ( 0.000)	Loss 0.0000e+00 (6.8180e-01)	Acc@1 100.00 ( 94.11)	Acc@5 100.00 (100.00)
21-Jan-26 15:47:55 - Epoch: [18][ 999/1176]	Time  0.183 ( 0.182)	Data  0.000 ( 0.000)	Loss 0.0000e+00 (8.9952e-01)	Acc@1 100.00 ( 93.60)	Acc@5 100.00 (100.00)
21-Jan-26 15:48:13 - Epoch: [18][1099/1176]	Time  0.180 ( 0.183)	Data  0.000 ( 0.000)	Loss 3.1041e+00 (8.9331e-01)	Acc@1   0.00 ( 93.36)	Acc@5 100.00 (100.00)
21-Jan-26 15:48:27 -  @Training * Acc@1 93.367 Acc@5 100.000 Loss 0.870
21-Jan-26 15:48:27 - One training epoch latency: 214.7s | Avg Power: 237.1W | Energy: 50897.1583J
21-Jan-26 15:48:41 -  @Testing * Acc@1 92.014 Acc@5 99.306 Loss 2.164
21-Jan-26 15:48:41 - Best acc at epoch 18: 92.0138931274414
21-Jan-26 15:48:41 - Last learning rate: [6.25e-05]
21-Jan-26 15:48:41 - 	 Epoch 19...
21-Jan-26 15:49:00 - Epoch: [19][  99/1176]	Time  0.186 ( 0.185)	Data  0.000 ( 0.002)	Loss 0.0000e+00 (2.9812e-01)	Acc@1 100.00 ( 94.00)	Acc@5 100.00 (100.00)
21-Jan-26 15:49:18 - Epoch: [19][ 199/1176]	Time  0.178 ( 0.184)	Data  0.000 ( 0.001)	Loss 0.0000e+00 (3.2321e-01)	Acc@1 100.00 ( 94.00)	Acc@5 100.00 (100.00)
21-Jan-26 15:49:36 - Epoch: [19][ 299/1176]	Time  0.179 ( 0.183)	Data  0.000 ( 0.001)	Loss 1.7713e-04 (6.2780e-01)	Acc@1 100.00 ( 92.67)	Acc@5 100.00 (100.00)
21-Jan-26 15:49:54 - Epoch: [19][ 399/1176]	Time  0.183 ( 0.183)	Data  0.000 ( 0.001)	Loss 0.0000e+00 (5.2928e-01)	Acc@1 100.00 ( 93.75)	Acc@5 100.00 (100.00)
21-Jan-26 15:50:13 - Epoch: [19][ 499/1176]	Time  0.182 ( 0.183)	Data  0.000 ( 0.001)	Loss 0.0000e+00 (6.0302e-01)	Acc@1 100.00 ( 94.40)	Acc@5 100.00 (100.00)
21-Jan-26 15:50:31 - Epoch: [19][ 599/1176]	Time  0.186 ( 0.183)	Data  0.000 ( 0.001)	Loss 0.0000e+00 (5.9459e-01)	Acc@1 100.00 ( 94.50)	Acc@5 100.00 (100.00)
21-Jan-26 15:50:49 - Epoch: [19][ 699/1176]	Time  0.180 ( 0.183)	Data  0.000 ( 0.000)	Loss 0.0000e+00 (6.4803e-01)	Acc@1 100.00 ( 94.57)	Acc@5 100.00 (100.00)
21-Jan-26 15:51:07 - Epoch: [19][ 799/1176]	Time  0.185 ( 0.183)	Data  0.000 ( 0.000)	Loss 4.7684e-07 (6.9001e-01)	Acc@1 100.00 ( 94.12)	Acc@5 100.00 (100.00)
21-Jan-26 15:51:26 - Epoch: [19][ 899/1176]	Time  0.187 ( 0.183)	Data  0.000 ( 0.000)	Loss 1.0407e+01 (7.0750e-01)	Acc@1   0.00 ( 93.89)	Acc@5 100.00 (100.00)
21-Jan-26 15:51:44 - Epoch: [19][ 999/1176]	Time  0.183 ( 0.183)	Data  0.000 ( 0.000)	Loss 0.0000e+00 (7.2975e-01)	Acc@1 100.00 ( 93.70)	Acc@5 100.00 (100.00)
21-Jan-26 15:52:03 - Epoch: [19][1099/1176]	Time  0.191 ( 0.183)	Data  0.000 ( 0.000)	Loss 0.0000e+00 (7.4735e-01)	Acc@1 100.00 ( 93.64)	Acc@5 100.00 (100.00)
21-Jan-26 15:52:17 -  @Training * Acc@1 93.622 Acc@5 100.000 Loss 0.805
21-Jan-26 15:52:17 - One training epoch latency: 215.5s | Avg Power: 238.3W | Energy: 51342.3749J
21-Jan-26 15:52:31 -  @Testing * Acc@1 84.375 Acc@5 99.306 Loss 4.521
21-Jan-26 15:52:31 - Best acc at epoch 19: 92.0138931274414
21-Jan-26 15:52:31 - Last learning rate: [6.25e-05]
21-Jan-26 15:52:31 - 	 Epoch 20...
21-Jan-26 15:52:49 - Epoch: [20][  99/1176]	Time  0.184 ( 0.184)	Data  0.000 ( 0.002)	Loss 5.4395e+00 (2.3701e-01)	Acc@1   0.00 ( 95.00)	Acc@5 100.00 (100.00)
21-Jan-26 15:53:07 - Epoch: [20][ 199/1176]	Time  0.178 ( 0.183)	Data  0.000 ( 0.001)	Loss 0.0000e+00 (4.1948e-01)	Acc@1 100.00 ( 95.00)	Acc@5 100.00 (100.00)
21-Jan-26 15:53:26 - Epoch: [20][ 299/1176]	Time  0.187 ( 0.183)	Data  0.000 ( 0.001)	Loss 0.0000e+00 (4.4904e-01)	Acc@1 100.00 ( 95.33)	Acc@5 100.00 (100.00)
21-Jan-26 15:53:44 - Epoch: [20][ 399/1176]	Time  0.178 ( 0.183)	Data  0.000 ( 0.001)	Loss 0.0000e+00 (4.0474e-01)	Acc@1 100.00 ( 95.75)	Acc@5 100.00 (100.00)
21-Jan-26 15:54:02 - Epoch: [20][ 499/1176]	Time  0.179 ( 0.183)	Data  0.000 ( 0.001)	Loss 0.0000e+00 (5.0918e-01)	Acc@1 100.00 ( 95.40)	Acc@5 100.00 (100.00)
21-Jan-26 15:54:20 - Epoch: [20][ 599/1176]	Time  0.179 ( 0.182)	Data  0.000 ( 0.001)	Loss 0.0000e+00 (6.4740e-01)	Acc@1 100.00 ( 95.17)	Acc@5 100.00 (100.00)
21-Jan-26 15:54:38 - Epoch: [20][ 699/1176]	Time  0.181 ( 0.182)	Data  0.000 ( 0.001)	Loss 0.0000e+00 (5.7540e-01)	Acc@1 100.00 ( 95.43)	Acc@5 100.00 (100.00)
21-Jan-26 15:54:57 - Epoch: [20][ 799/1176]	Time  0.180 ( 0.182)	Data  0.001 ( 0.001)	Loss 4.0998e+01 (6.6642e-01)	Acc@1   0.00 ( 94.75)	Acc@5 100.00 (100.00)
21-Jan-26 15:55:15 - Epoch: [20][ 899/1176]	Time  0.184 ( 0.182)	Data  0.000 ( 0.001)	Loss 0.0000e+00 (6.0738e-01)	Acc@1 100.00 ( 94.89)	Acc@5 100.00 (100.00)
21-Jan-26 15:55:33 - Epoch: [20][ 999/1176]	Time  0.182 ( 0.182)	Data  0.000 ( 0.001)	Loss 5.0068e-06 (6.1847e-01)	Acc@1 100.00 ( 95.00)	Acc@5 100.00 (100.00)
21-Jan-26 15:55:52 - Epoch: [20][1099/1176]	Time  0.188 ( 0.183)	Data  0.000 ( 0.001)	Loss 0.0000e+00 (6.1316e-01)	Acc@1 100.00 ( 95.18)	Acc@5 100.00 (100.00)
21-Jan-26 15:56:06 -  @Training * Acc@1 95.323 Acc@5 100.000 Loss 0.604
21-Jan-26 15:56:06 - One training epoch latency: 214.9s | Avg Power: 238.8W | Energy: 51309.0884J
21-Jan-26 15:56:20 -  @Testing * Acc@1 87.500 Acc@5 99.653 Loss 2.901
21-Jan-26 15:56:20 - Best acc at epoch 20: 92.0138931274414
21-Jan-26 15:56:20 - Last learning rate: [6.25e-05]
21-Jan-26 15:56:20 - 	 Epoch 21...
21-Jan-26 15:56:38 - Epoch: [21][  99/1176]	Time  0.181 ( 0.184)	Data  0.000 ( 0.002)	Loss 0.0000e+00 (2.6414e-01)	Acc@1 100.00 ( 96.00)	Acc@5 100.00 (100.00)
21-Jan-26 15:56:57 - Epoch: [21][ 199/1176]	Time  0.181 ( 0.183)	Data  0.000 ( 0.001)	Loss 0.0000e+00 (5.5227e-01)	Acc@1 100.00 ( 96.00)	Acc@5 100.00 (100.00)
21-Jan-26 15:57:15 - Epoch: [21][ 299/1176]	Time  0.187 ( 0.182)	Data  0.000 ( 0.001)	Loss 0.0000e+00 (5.3400e-01)	Acc@1 100.00 ( 95.00)	Acc@5 100.00 (100.00)
21-Jan-26 15:57:33 - Epoch: [21][ 399/1176]	Time  0.178 ( 0.182)	Data  0.000 ( 0.001)	Loss 0.0000e+00 (4.6896e-01)	Acc@1 100.00 ( 95.50)	Acc@5 100.00 (100.00)
21-Jan-26 15:57:51 - Epoch: [21][ 499/1176]	Time  0.184 ( 0.182)	Data  0.000 ( 0.001)	Loss 0.0000e+00 (4.9613e-01)	Acc@1 100.00 ( 95.60)	Acc@5 100.00 (100.00)
21-Jan-26 15:58:09 - Epoch: [21][ 599/1176]	Time  0.182 ( 0.182)	Data  0.000 ( 0.000)	Loss 0.0000e+00 (5.2669e-01)	Acc@1 100.00 ( 95.33)	Acc@5 100.00 (100.00)
21-Jan-26 15:58:27 - Epoch: [21][ 699/1176]	Time  0.185 ( 0.182)	Data  0.000 ( 0.000)	Loss 0.0000e+00 (6.0773e-01)	Acc@1 100.00 ( 95.43)	Acc@5 100.00 (100.00)
21-Jan-26 15:58:46 - Epoch: [21][ 799/1176]	Time  0.188 ( 0.182)	Data  0.000 ( 0.000)	Loss 4.5587e-04 (5.9103e-01)	Acc@1 100.00 ( 95.38)	Acc@5 100.00 (100.00)
21-Jan-26 15:59:04 - Epoch: [21][ 899/1176]	Time  0.184 ( 0.182)	Data  0.000 ( 0.000)	Loss 0.0000e+00 (5.7743e-01)	Acc@1 100.00 ( 95.33)	Acc@5 100.00 (100.00)
21-Jan-26 15:59:22 - Epoch: [21][ 999/1176]	Time  0.185 ( 0.182)	Data  0.000 ( 0.000)	Loss 0.0000e+00 (5.9842e-01)	Acc@1 100.00 ( 95.50)	Acc@5 100.00 (100.00)
21-Jan-26 15:59:41 - Epoch: [21][1099/1176]	Time  0.189 ( 0.182)	Data  0.000 ( 0.000)	Loss 0.0000e+00 (6.6227e-01)	Acc@1 100.00 ( 95.18)	Acc@5 100.00 (100.00)
21-Jan-26 15:59:55 -  @Training * Acc@1 95.323 Acc@5 100.000 Loss 0.653
21-Jan-26 15:59:55 - One training epoch latency: 214.7s | Avg Power: 237.9W | Energy: 51064.0642J
21-Jan-26 16:00:09 -  @Testing * Acc@1 89.931 Acc@5 99.306 Loss 2.534
21-Jan-26 16:00:09 - Best acc at epoch 21: 92.0138931274414
21-Jan-26 16:00:09 - Last learning rate: [6.25e-05]
21-Jan-26 16:00:09 - 	 Epoch 22...
21-Jan-26 16:00:27 - Epoch: [22][  99/1176]	Time  0.179 ( 0.182)	Data  0.000 ( 0.002)	Loss 0.0000e+00 (2.3968e-01)	Acc@1 100.00 ( 96.00)	Acc@5 100.00 (100.00)
21-Jan-26 16:00:45 - Epoch: [22][ 199/1176]	Time  0.180 ( 0.182)	Data  0.000 ( 0.001)	Loss 0.0000e+00 (5.4967e-01)	Acc@1 100.00 ( 95.00)	Acc@5 100.00 (100.00)
21-Jan-26 16:01:03 - Epoch: [22][ 299/1176]	Time  0.180 ( 0.181)	Data  0.000 ( 0.001)	Loss 0.0000e+00 (4.0606e-01)	Acc@1 100.00 ( 96.00)	Acc@5 100.00 (100.00)
21-Jan-26 16:01:21 - Epoch: [22][ 399/1176]	Time  0.178 ( 0.181)	Data  0.000 ( 0.001)	Loss 1.9073e-06 (3.3628e-01)	Acc@1 100.00 ( 96.50)	Acc@5 100.00 (100.00)
21-Jan-26 16:01:39 - Epoch: [22][ 499/1176]	Time  0.177 ( 0.181)	Data  0.000 ( 0.001)	Loss 0.0000e+00 (2.6919e-01)	Acc@1 100.00 ( 97.20)	Acc@5 100.00 (100.00)
21-Jan-26 16:01:57 - Epoch: [22][ 599/1176]	Time  0.180 ( 0.181)	Data  0.000 ( 0.001)	Loss 0.0000e+00 (2.4316e-01)	Acc@1 100.00 ( 97.33)	Acc@5 100.00 (100.00)
21-Jan-26 16:02:15 - Epoch: [22][ 699/1176]	Time  0.177 ( 0.181)	Data  0.000 ( 0.001)	Loss 0.0000e+00 (3.1202e-01)	Acc@1 100.00 ( 96.86)	Acc@5 100.00 (100.00)
21-Jan-26 16:02:34 - Epoch: [22][ 799/1176]	Time  0.177 ( 0.181)	Data  0.000 ( 0.001)	Loss 0.0000e+00 (3.7008e-01)	Acc@1 100.00 ( 96.62)	Acc@5 100.00 (100.00)
21-Jan-26 16:02:52 - Epoch: [22][ 899/1176]	Time  0.184 ( 0.181)	Data  0.000 ( 0.000)	Loss 0.0000e+00 (4.0120e-01)	Acc@1 100.00 ( 96.67)	Acc@5 100.00 (100.00)
21-Jan-26 16:03:10 - Epoch: [22][ 999/1176]	Time  0.199 ( 0.181)	Data  0.000 ( 0.000)	Loss 0.0000e+00 (4.6609e-01)	Acc@1 100.00 ( 96.30)	Acc@5 100.00 (100.00)
21-Jan-26 16:03:28 - Epoch: [22][1099/1176]	Time  0.176 ( 0.181)	Data  0.000 ( 0.000)	Loss 7.8137e+00 (4.5862e-01)	Acc@1   0.00 ( 96.18)	Acc@5 100.00 (100.00)
21-Jan-26 16:03:42 -  @Training * Acc@1 96.088 Acc@5 100.000 Loss 0.469
21-Jan-26 16:03:42 - One training epoch latency: 213.0s | Avg Power: 239.6W | Energy: 51033.2164J
21-Jan-26 16:03:56 -  @Testing * Acc@1 93.403 Acc@5 99.306 Loss 2.547
21-Jan-26 16:03:56 - Best acc at epoch 22: 93.40277862548828
21-Jan-26 16:03:56 - Last learning rate: [6.25e-05]
21-Jan-26 16:03:56 - 	 Epoch 23...
21-Jan-26 16:04:15 - Epoch: [23][  99/1176]	Time  0.185 ( 0.187)	Data  0.000 ( 0.002)	Loss 2.3842e-07 (3.4698e-01)	Acc@1 100.00 ( 97.00)	Acc@5 100.00 (100.00)
21-Jan-26 16:04:33 - Epoch: [23][ 199/1176]	Time  0.183 ( 0.185)	Data  0.000 ( 0.001)	Loss 0.0000e+00 (2.4781e-01)	Acc@1 100.00 ( 97.50)	Acc@5 100.00 (100.00)
21-Jan-26 16:04:51 - Epoch: [23][ 299/1176]	Time  0.182 ( 0.184)	Data  0.000 ( 0.001)	Loss 0.0000e+00 (3.9036e-01)	Acc@1 100.00 ( 97.33)	Acc@5 100.00 (100.00)
21-Jan-26 16:05:09 - Epoch: [23][ 399/1176]	Time  0.177 ( 0.183)	Data  0.000 ( 0.001)	Loss 0.0000e+00 (3.1949e-01)	Acc@1 100.00 ( 97.50)	Acc@5 100.00 (100.00)
21-Jan-26 16:05:27 - Epoch: [23][ 499/1176]	Time  0.179 ( 0.183)	Data  0.000 ( 0.001)	Loss 0.0000e+00 (4.3258e-01)	Acc@1 100.00 ( 97.00)	Acc@5 100.00 (100.00)
21-Jan-26 16:05:46 - Epoch: [23][ 599/1176]	Time  0.188 ( 0.183)	Data  0.000 ( 0.001)	Loss 1.1921e-07 (4.8284e-01)	Acc@1 100.00 ( 96.83)	Acc@5 100.00 (100.00)
21-Jan-26 16:06:04 - Epoch: [23][ 699/1176]	Time  0.202 ( 0.183)	Data  0.011 ( 0.001)	Loss 0.0000e+00 (4.1537e-01)	Acc@1 100.00 ( 97.14)	Acc@5 100.00 (100.00)
21-Jan-26 16:06:22 - Epoch: [23][ 799/1176]	Time  0.183 ( 0.183)	Data  0.000 ( 0.001)	Loss 0.0000e+00 (3.6634e-01)	Acc@1 100.00 ( 97.38)	Acc@5 100.00 (100.00)
21-Jan-26 16:06:40 - Epoch: [23][ 899/1176]	Time  0.180 ( 0.182)	Data  0.000 ( 0.001)	Loss 0.0000e+00 (3.6385e-01)	Acc@1 100.00 ( 97.44)	Acc@5 100.00 (100.00)
21-Jan-26 16:06:58 - Epoch: [23][ 999/1176]	Time  0.183 ( 0.182)	Data  0.000 ( 0.001)	Loss 0.0000e+00 (3.6360e-01)	Acc@1 100.00 ( 97.50)	Acc@5 100.00 (100.00)
21-Jan-26 16:07:17 - Epoch: [23][1099/1176]	Time  0.181 ( 0.182)	Data  0.000 ( 0.001)	Loss 0.0000e+00 (3.4526e-01)	Acc@1 100.00 ( 97.64)	Acc@5 100.00 (100.00)
21-Jan-26 16:07:30 -  @Training * Acc@1 97.704 Acc@5 100.000 Loss 0.328
21-Jan-26 16:07:31 - One training epoch latency: 214.4s | Avg Power: 240.6W | Energy: 51585.3398J
21-Jan-26 16:07:45 -  @Testing * Acc@1 94.097 Acc@5 99.306 Loss 2.846
21-Jan-26 16:07:45 - Best acc at epoch 23: 94.09722137451172
21-Jan-26 16:07:45 - Last learning rate: [6.25e-05]
21-Jan-26 16:07:45 - 	 Epoch 24...
21-Jan-26 16:08:03 - Epoch: [24][  99/1176]	Time  0.186 ( 0.186)	Data  0.000 ( 0.002)	Loss 0.0000e+00 (3.7331e-01)	Acc@1 100.00 ( 98.00)	Acc@5 100.00 (100.00)
21-Jan-26 16:08:22 - Epoch: [24][ 199/1176]	Time  0.208 ( 0.186)	Data  0.000 ( 0.001)	Loss 0.0000e+00 (1.8666e-01)	Acc@1 100.00 ( 99.00)	Acc@5 100.00 (100.00)
21-Jan-26 16:08:40 - Epoch: [24][ 299/1176]	Time  0.180 ( 0.185)	Data  0.000 ( 0.001)	Loss 2.1430e+01 (3.4286e-01)	Acc@1   0.00 ( 97.67)	Acc@5 100.00 (100.00)
21-Jan-26 16:08:58 - Epoch: [24][ 399/1176]	Time  0.181 ( 0.184)	Data  0.000 ( 0.001)	Loss 0.0000e+00 (6.9946e-01)	Acc@1 100.00 ( 96.75)	Acc@5 100.00 (100.00)
21-Jan-26 16:09:17 - Epoch: [24][ 499/1176]	Time  0.187 ( 0.184)	Data  0.000 ( 0.001)	Loss 0.0000e+00 (7.1708e-01)	Acc@1 100.00 ( 96.60)	Acc@5 100.00 (100.00)
21-Jan-26 16:09:35 - Epoch: [24][ 599/1176]	Time  0.180 ( 0.184)	Data  0.000 ( 0.001)	Loss 0.0000e+00 (7.3278e-01)	Acc@1 100.00 ( 96.33)	Acc@5 100.00 (100.00)
21-Jan-26 16:09:53 - Epoch: [24][ 699/1176]	Time  0.177 ( 0.183)	Data  0.000 ( 0.000)	Loss 0.0000e+00 (6.8436e-01)	Acc@1 100.00 ( 96.43)	Acc@5 100.00 (100.00)
21-Jan-26 16:10:11 - Epoch: [24][ 799/1176]	Time  0.180 ( 0.183)	Data  0.000 ( 0.000)	Loss 0.0000e+00 (6.5590e-01)	Acc@1 100.00 ( 96.62)	Acc@5 100.00 (100.00)
21-Jan-26 16:10:29 - Epoch: [24][ 899/1176]	Time  0.178 ( 0.183)	Data  0.000 ( 0.000)	Loss 0.0000e+00 (6.0780e-01)	Acc@1 100.00 ( 96.67)	Acc@5 100.00 (100.00)
21-Jan-26 16:10:48 - Epoch: [24][ 999/1176]	Time  0.178 ( 0.183)	Data  0.000 ( 0.000)	Loss 0.0000e+00 (5.7699e-01)	Acc@1 100.00 ( 96.80)	Acc@5 100.00 (100.00)
21-Jan-26 16:11:06 - Epoch: [24][1099/1176]	Time  0.179 ( 0.183)	Data  0.000 ( 0.000)	Loss 0.0000e+00 (5.4166e-01)	Acc@1 100.00 ( 97.00)	Acc@5 100.00 (100.00)
21-Jan-26 16:11:20 -  @Training * Acc@1 97.194 Acc@5 100.000 Loss 0.507
21-Jan-26 16:11:20 - One training epoch latency: 215.0s | Avg Power: 237.5W | Energy: 51052.9287J
21-Jan-26 16:11:34 -  @Testing * Acc@1 93.056 Acc@5 99.306 Loss 2.914
21-Jan-26 16:11:34 - Best acc at epoch 24: 94.09722137451172
21-Jan-26 16:11:34 - Last learning rate: [3.125e-05]
21-Jan-26 16:11:34 - 	 Epoch 25...
21-Jan-26 16:11:52 - Epoch: [25][  99/1176]	Time  0.179 ( 0.184)	Data  0.000 ( 0.002)	Loss 0.0000e+00 (9.8943e-08)	Acc@1 100.00 (100.00)	Acc@5 100.00 (100.00)
21-Jan-26 16:12:11 - Epoch: [25][ 199/1176]	Time  0.201 ( 0.185)	Data  0.000 ( 0.001)	Loss 0.0000e+00 (4.9472e-08)	Acc@1 100.00 (100.00)	Acc@5 100.00 (100.00)
21-Jan-26 16:12:29 - Epoch: [25][ 299/1176]	Time  0.183 ( 0.185)	Data  0.000 ( 0.001)	Loss 0.0000e+00 (2.4323e-02)	Acc@1 100.00 ( 99.67)	Acc@5 100.00 (100.00)
21-Jan-26 16:12:48 - Epoch: [25][ 399/1176]	Time  0.198 ( 0.185)	Data  0.000 ( 0.001)	Loss 0.0000e+00 (8.2600e-02)	Acc@1 100.00 ( 99.00)	Acc@5 100.00 (100.00)
21-Jan-26 16:13:06 - Epoch: [25][ 499/1176]	Time  0.176 ( 0.184)	Data  0.000 ( 0.001)	Loss 0.0000e+00 (6.6102e-02)	Acc@1 100.00 ( 99.20)	Acc@5 100.00 (100.00)
21-Jan-26 16:13:24 - Epoch: [25][ 599/1176]	Time  0.183 ( 0.184)	Data  0.000 ( 0.000)	Loss 0.0000e+00 (5.5085e-02)	Acc@1 100.00 ( 99.33)	Acc@5 100.00 (100.00)
21-Jan-26 16:13:42 - Epoch: [25][ 699/1176]	Time  0.177 ( 0.184)	Data  0.000 ( 0.000)	Loss 0.0000e+00 (4.7216e-02)	Acc@1 100.00 ( 99.43)	Acc@5 100.00 (100.00)
21-Jan-26 16:14:01 - Epoch: [25][ 799/1176]	Time  0.188 ( 0.183)	Data  0.000 ( 0.000)	Loss 0.0000e+00 (4.2637e-02)	Acc@1 100.00 ( 99.38)	Acc@5 100.00 (100.00)
21-Jan-26 16:14:19 - Epoch: [25][ 899/1176]	Time  0.180 ( 0.183)	Data  0.000 ( 0.000)	Loss 0.0000e+00 (8.6709e-02)	Acc@1 100.00 ( 99.22)	Acc@5 100.00 (100.00)
21-Jan-26 16:14:37 - Epoch: [25][ 999/1176]	Time  0.175 ( 0.183)	Data  0.000 ( 0.000)	Loss 0.0000e+00 (8.0898e-02)	Acc@1 100.00 ( 99.20)	Acc@5 100.00 (100.00)
21-Jan-26 16:14:55 - Epoch: [25][1099/1176]	Time  0.181 ( 0.183)	Data  0.000 ( 0.000)	Loss 0.0000e+00 (7.3543e-02)	Acc@1 100.00 ( 99.27)	Acc@5 100.00 (100.00)
21-Jan-26 16:15:09 -  @Training * Acc@1 99.320 Acc@5 100.000 Loss 0.069
21-Jan-26 16:15:09 - One training epoch latency: 215.4s | Avg Power: 237.8W | Energy: 51221.7979J
21-Jan-26 16:15:23 -  @Testing * Acc@1 95.833 Acc@5 99.306 Loss 1.864
21-Jan-26 16:15:23 - Best acc at epoch 25: 95.83333587646484
21-Jan-26 16:15:23 - Last learning rate: [3.125e-05]
21-Jan-26 16:15:23 - 	 Epoch 26...
21-Jan-26 16:15:42 - Epoch: [26][  99/1176]	Time  0.180 ( 0.184)	Data  0.000 ( 0.002)	Loss 0.0000e+00 (1.5497e-08)	Acc@1 100.00 (100.00)	Acc@5 100.00 (100.00)
21-Jan-26 16:16:00 - Epoch: [26][ 199/1176]	Time  0.180 ( 0.183)	Data  0.000 ( 0.001)	Loss 0.0000e+00 (1.3863e-02)	Acc@1 100.00 ( 99.50)	Acc@5 100.00 (100.00)
21-Jan-26 16:16:19 - Epoch: [26][ 299/1176]	Time  0.186 ( 0.184)	Data  0.000 ( 0.001)	Loss 0.0000e+00 (9.5954e-03)	Acc@1 100.00 ( 99.67)	Acc@5 100.00 (100.00)
21-Jan-26 16:16:37 - Epoch: [26][ 399/1176]	Time  0.187 ( 0.184)	Data  0.000 ( 0.001)	Loss 0.0000e+00 (2.4743e-02)	Acc@1 100.00 ( 99.50)	Acc@5 100.00 (100.00)
21-Jan-26 16:16:55 - Epoch: [26][ 499/1176]	Time  0.182 ( 0.184)	Data  0.000 ( 0.001)	Loss 0.0000e+00 (1.9794e-02)	Acc@1 100.00 ( 99.60)	Acc@5 100.00 (100.00)
21-Jan-26 16:17:14 - Epoch: [26][ 599/1176]	Time  0.181 ( 0.184)	Data  0.001 ( 0.001)	Loss 0.0000e+00 (1.6495e-02)	Acc@1 100.00 ( 99.67)	Acc@5 100.00 (100.00)
21-Jan-26 16:17:32 - Epoch: [26][ 699/1176]	Time  0.184 ( 0.183)	Data  0.000 ( 0.001)	Loss 0.0000e+00 (6.4646e-02)	Acc@1 100.00 ( 99.57)	Acc@5 100.00 (100.00)
21-Jan-26 16:17:50 - Epoch: [26][ 799/1176]	Time  0.182 ( 0.183)	Data  0.000 ( 0.000)	Loss 0.0000e+00 (7.0438e-02)	Acc@1 100.00 ( 99.50)	Acc@5 100.00 (100.00)
21-Jan-26 16:18:08 - Epoch: [26][ 899/1176]	Time  0.181 ( 0.183)	Data  0.000 ( 0.000)	Loss 0.0000e+00 (6.2612e-02)	Acc@1 100.00 ( 99.56)	Acc@5 100.00 (100.00)
21-Jan-26 16:18:26 - Epoch: [26][ 999/1176]	Time  0.181 ( 0.183)	Data  0.000 ( 0.000)	Loss 0.0000e+00 (5.6351e-02)	Acc@1 100.00 ( 99.60)	Acc@5 100.00 (100.00)
21-Jan-26 16:18:45 - Epoch: [26][1099/1176]	Time  0.190 ( 0.183)	Data  0.000 ( 0.000)	Loss 0.0000e+00 (7.3573e-02)	Acc@1 100.00 ( 99.55)	Acc@5 100.00 (100.00)
21-Jan-26 16:18:59 -  @Training * Acc@1 99.575 Acc@5 100.000 Loss 0.069
21-Jan-26 16:18:59 - One training epoch latency: 215.1s | Avg Power: 240.1W | Energy: 51640.1711J
21-Jan-26 16:19:13 -  @Testing * Acc@1 95.139 Acc@5 100.000 Loss 1.922
21-Jan-26 16:19:13 - Best acc at epoch 26: 95.83333587646484
21-Jan-26 16:19:13 - Last learning rate: [3.125e-05]
21-Jan-26 16:19:13 - 	 Epoch 27...
21-Jan-26 16:19:31 - Epoch: [27][  99/1176]	Time  0.177 ( 0.185)	Data  0.000 ( 0.002)	Loss 0.0000e+00 (0.0000e+00)	Acc@1 100.00 (100.00)	Acc@5 100.00 (100.00)
21-Jan-26 16:19:49 - Epoch: [27][ 199/1176]	Time  0.181 ( 0.184)	Data  0.000 ( 0.001)	Loss 0.0000e+00 (0.0000e+00)	Acc@1 100.00 (100.00)	Acc@5 100.00 (100.00)
21-Jan-26 16:20:08 - Epoch: [27][ 299/1176]	Time  0.185 ( 0.183)	Data  0.000 ( 0.001)	Loss 0.0000e+00 (1.9164e-02)	Acc@1 100.00 ( 99.67)	Acc@5 100.00 (100.00)
21-Jan-26 16:20:26 - Epoch: [27][ 399/1176]	Time  0.184 ( 0.183)	Data  0.000 ( 0.001)	Loss 0.0000e+00 (1.4373e-02)	Acc@1 100.00 ( 99.75)	Acc@5 100.00 (100.00)
21-Jan-26 16:20:44 - Epoch: [27][ 499/1176]	Time  0.187 ( 0.183)	Data  0.000 ( 0.001)	Loss 0.0000e+00 (1.1522e-02)	Acc@1 100.00 ( 99.80)	Acc@5 100.00 (100.00)
21-Jan-26 16:21:03 - Epoch: [27][ 599/1176]	Time  0.177 ( 0.184)	Data  0.000 ( 0.001)	Loss 0.0000e+00 (9.6021e-03)	Acc@1 100.00 ( 99.83)	Acc@5 100.00 (100.00)
21-Jan-26 16:21:21 - Epoch: [27][ 699/1176]	Time  0.175 ( 0.183)	Data  0.000 ( 0.001)	Loss 0.0000e+00 (3.2870e-02)	Acc@1 100.00 ( 99.71)	Acc@5 100.00 (100.00)
21-Jan-26 16:21:39 - Epoch: [27][ 799/1176]	Time  0.185 ( 0.183)	Data  0.000 ( 0.001)	Loss 0.0000e+00 (2.8787e-02)	Acc@1 100.00 ( 99.75)	Acc@5 100.00 (100.00)
21-Jan-26 16:21:57 - Epoch: [27][ 899/1176]	Time  0.178 ( 0.183)	Data  0.000 ( 0.001)	Loss 0.0000e+00 (2.5605e-02)	Acc@1 100.00 ( 99.78)	Acc@5 100.00 (100.00)
21-Jan-26 16:22:16 - Epoch: [27][ 999/1176]	Time  0.183 ( 0.183)	Data  0.000 ( 0.000)	Loss 0.0000e+00 (3.7030e-02)	Acc@1 100.00 ( 99.70)	Acc@5 100.00 (100.00)
21-Jan-26 16:22:34 - Epoch: [27][1099/1176]	Time  0.205 ( 0.183)	Data  0.000 ( 0.000)	Loss 0.0000e+00 (3.3663e-02)	Acc@1 100.00 ( 99.73)	Acc@5 100.00 (100.00)
21-Jan-26 16:22:48 -  @Training * Acc@1 99.745 Acc@5 100.000 Loss 0.031
21-Jan-26 16:22:48 - One training epoch latency: 215.0s | Avg Power: 238.5W | Energy: 51293.5396J
21-Jan-26 16:23:02 -  @Testing * Acc@1 96.181 Acc@5 99.306 Loss 1.652
21-Jan-26 16:23:02 - Best acc at epoch 27: 96.18055725097656
21-Jan-26 16:23:02 - Last learning rate: [3.125e-05]
21-Jan-26 16:23:02 - 	 Epoch 28...
21-Jan-26 16:23:21 - Epoch: [28][  99/1176]	Time  0.179 ( 0.184)	Data  0.000 ( 0.002)	Loss 1.1921e-07 (6.0417e-03)	Acc@1 100.00 (100.00)	Acc@5 100.00 (100.00)
21-Jan-26 16:23:39 - Epoch: [28][ 199/1176]	Time  0.204 ( 0.183)	Data  0.011 ( 0.001)	Loss 0.0000e+00 (3.0209e-03)	Acc@1 100.00 (100.00)	Acc@5 100.00 (100.00)
21-Jan-26 16:23:57 - Epoch: [28][ 299/1176]	Time  0.179 ( 0.183)	Data  0.000 ( 0.001)	Loss 0.0000e+00 (2.0139e-03)	Acc@1 100.00 (100.00)	Acc@5 100.00 (100.00)
21-Jan-26 16:24:15 - Epoch: [28][ 399/1176]	Time  0.182 ( 0.183)	Data  0.000 ( 0.001)	Loss 0.0000e+00 (1.8747e-02)	Acc@1 100.00 ( 99.75)	Acc@5 100.00 (100.00)
21-Jan-26 16:24:33 - Epoch: [28][ 499/1176]	Time  0.180 ( 0.183)	Data  0.000 ( 0.001)	Loss 0.0000e+00 (1.4997e-02)	Acc@1 100.00 ( 99.80)	Acc@5 100.00 (100.00)
21-Jan-26 16:24:52 - Epoch: [28][ 599/1176]	Time  0.191 ( 0.183)	Data  0.000 ( 0.001)	Loss 0.0000e+00 (1.2498e-02)	Acc@1 100.00 ( 99.83)	Acc@5 100.00 (100.00)
21-Jan-26 16:25:10 - Epoch: [28][ 699/1176]	Time  0.182 ( 0.183)	Data  0.000 ( 0.001)	Loss 0.0000e+00 (4.8226e-02)	Acc@1 100.00 ( 99.57)	Acc@5 100.00 (100.00)
21-Jan-26 16:25:29 - Epoch: [28][ 799/1176]	Time  0.188 ( 0.183)	Data  0.000 ( 0.000)	Loss 0.0000e+00 (4.2198e-02)	Acc@1 100.00 ( 99.62)	Acc@5 100.00 (100.00)
21-Jan-26 16:25:47 - Epoch: [28][ 899/1176]	Time  0.178 ( 0.183)	Data  0.000 ( 0.000)	Loss 0.0000e+00 (4.6050e-02)	Acc@1 100.00 ( 99.56)	Acc@5 100.00 (100.00)
21-Jan-26 16:26:05 - Epoch: [28][ 999/1176]	Time  0.177 ( 0.183)	Data  0.000 ( 0.000)	Loss 0.0000e+00 (4.1445e-02)	Acc@1 100.00 ( 99.60)	Acc@5 100.00 (100.00)
21-Jan-26 16:26:23 - Epoch: [28][1099/1176]	Time  0.183 ( 0.183)	Data  0.000 ( 0.000)	Loss 0.0000e+00 (4.9910e-02)	Acc@1 100.00 ( 99.55)	Acc@5 100.00 (100.00)
21-Jan-26 16:26:37 -  @Training * Acc@1 99.490 Acc@5 100.000 Loss 0.050
21-Jan-26 16:26:37 - One training epoch latency: 215.2s | Avg Power: 237.8W | Energy: 51169.0572J
21-Jan-26 16:26:52 -  @Testing * Acc@1 95.486 Acc@5 100.000 Loss 2.132
21-Jan-26 16:26:52 - Best acc at epoch 28: 96.18055725097656
21-Jan-26 16:26:52 - Last learning rate: [3.125e-05]
21-Jan-26 16:26:52 - 	 Epoch 29...
21-Jan-26 16:27:10 - Epoch: [29][  99/1176]	Time  0.176 ( 0.185)	Data  0.000 ( 0.002)	Loss 0.0000e+00 (0.0000e+00)	Acc@1 100.00 (100.00)	Acc@5 100.00 (100.00)
21-Jan-26 16:27:28 - Epoch: [29][ 199/1176]	Time  0.183 ( 0.184)	Data  0.000 ( 0.001)	Loss 0.0000e+00 (0.0000e+00)	Acc@1 100.00 (100.00)	Acc@5 100.00 (100.00)
21-Jan-26 16:27:47 - Epoch: [29][ 299/1176]	Time  0.181 ( 0.183)	Data  0.000 ( 0.001)	Loss 0.0000e+00 (0.0000e+00)	Acc@1 100.00 (100.00)	Acc@5 100.00 (100.00)
21-Jan-26 16:28:05 - Epoch: [29][ 399/1176]	Time  0.181 ( 0.183)	Data  0.000 ( 0.001)	Loss 0.0000e+00 (0.0000e+00)	Acc@1 100.00 (100.00)	Acc@5 100.00 (100.00)
21-Jan-26 16:28:23 - Epoch: [29][ 499/1176]	Time  0.185 ( 0.183)	Data  0.000 ( 0.001)	Loss 0.0000e+00 (4.8560e-07)	Acc@1 100.00 (100.00)	Acc@5 100.00 (100.00)
21-Jan-26 16:28:41 - Epoch: [29][ 599/1176]	Time  0.187 ( 0.183)	Data  0.000 ( 0.001)	Loss 0.0000e+00 (4.0884e-07)	Acc@1 100.00 (100.00)	Acc@5 100.00 (100.00)
21-Jan-26 16:29:00 - Epoch: [29][ 699/1176]	Time  0.186 ( 0.183)	Data  0.000 ( 0.000)	Loss 0.0000e+00 (3.5043e-07)	Acc@1 100.00 (100.00)	Acc@5 100.00 (100.00)
21-Jan-26 16:29:18 - Epoch: [29][ 799/1176]	Time  0.184 ( 0.183)	Data  0.000 ( 0.000)	Loss 0.0000e+00 (2.6115e-02)	Acc@1 100.00 ( 99.88)	Acc@5 100.00 (100.00)
21-Jan-26 16:29:37 - Epoch: [29][ 899/1176]	Time  0.192 ( 0.183)	Data  0.000 ( 0.000)	Loss 0.0000e+00 (2.8109e-02)	Acc@1 100.00 ( 99.78)	Acc@5 100.00 (100.00)
21-Jan-26 16:29:55 - Epoch: [29][ 999/1176]	Time  0.183 ( 0.183)	Data  0.000 ( 0.000)	Loss 0.0000e+00 (2.5298e-02)	Acc@1 100.00 ( 99.80)	Acc@5 100.00 (100.00)
21-Jan-26 16:30:13 - Epoch: [29][1099/1176]	Time  0.177 ( 0.183)	Data  0.000 ( 0.000)	Loss 0.0000e+00 (2.3031e-02)	Acc@1 100.00 ( 99.82)	Acc@5 100.00 (100.00)
21-Jan-26 16:30:27 -  @Training * Acc@1 99.745 Acc@5 100.000 Loss 0.022
21-Jan-26 16:30:27 - One training epoch latency: 215.5s | Avg Power: 237.4W | Energy: 51158.3235J
21-Jan-26 16:30:41 -  @Testing * Acc@1 94.097 Acc@5 100.000 Loss 2.270
21-Jan-26 16:30:41 - Best acc at epoch 29: 96.18055725097656
21-Jan-26 16:30:41 - Last learning rate: [3.125e-05]
21-Jan-26 16:30:41 - 	 Epoch 30...
21-Jan-26 16:31:00 - Epoch: [30][  99/1176]	Time  0.175 ( 0.184)	Data  0.000 ( 0.002)	Loss 0.0000e+00 (0.0000e+00)	Acc@1 100.00 (100.00)	Acc@5 100.00 (100.00)
21-Jan-26 16:31:18 - Epoch: [30][ 199/1176]	Time  0.182 ( 0.183)	Data  0.000 ( 0.001)	Loss 0.0000e+00 (0.0000e+00)	Acc@1 100.00 (100.00)	Acc@5 100.00 (100.00)
21-Jan-26 16:31:36 - Epoch: [30][ 299/1176]	Time  0.181 ( 0.183)	Data  0.000 ( 0.001)	Loss 0.0000e+00 (0.0000e+00)	Acc@1 100.00 (100.00)	Acc@5 100.00 (100.00)
21-Jan-26 16:31:54 - Epoch: [30][ 399/1176]	Time  0.182 ( 0.183)	Data  0.000 ( 0.001)	Loss 0.0000e+00 (6.8321e-06)	Acc@1 100.00 (100.00)	Acc@5 100.00 (100.00)
21-Jan-26 16:32:13 - Epoch: [30][ 499/1176]	Time  0.187 ( 0.183)	Data  0.000 ( 0.001)	Loss 0.0000e+00 (5.9163e-02)	Acc@1 100.00 ( 99.40)	Acc@5 100.00 (100.00)
21-Jan-26 16:32:31 - Epoch: [30][ 599/1176]	Time  0.185 ( 0.183)	Data  0.000 ( 0.000)	Loss 0.0000e+00 (8.2462e-02)	Acc@1 100.00 ( 99.33)	Acc@5 100.00 (100.00)
21-Jan-26 16:32:50 - Epoch: [30][ 699/1176]	Time  0.186 ( 0.183)	Data  0.000 ( 0.000)	Loss 0.0000e+00 (7.0682e-02)	Acc@1 100.00 ( 99.43)	Acc@5 100.00 (100.00)
21-Jan-26 16:33:08 - Epoch: [30][ 799/1176]	Time  0.177 ( 0.183)	Data  0.000 ( 0.000)	Loss 0.0000e+00 (6.1847e-02)	Acc@1 100.00 ( 99.50)	Acc@5 100.00 (100.00)
21-Jan-26 16:33:26 - Epoch: [30][ 899/1176]	Time  0.179 ( 0.183)	Data  0.000 ( 0.000)	Loss 0.0000e+00 (5.4975e-02)	Acc@1 100.00 ( 99.56)	Acc@5 100.00 (100.00)
21-Jan-26 16:33:44 - Epoch: [30][ 999/1176]	Time  0.180 ( 0.183)	Data  0.000 ( 0.000)	Loss 0.0000e+00 (4.9478e-02)	Acc@1 100.00 ( 99.60)	Acc@5 100.00 (100.00)
21-Jan-26 16:34:02 - Epoch: [30][1099/1176]	Time  0.180 ( 0.182)	Data  0.000 ( 0.000)	Loss 0.0000e+00 (4.4980e-02)	Acc@1 100.00 ( 99.64)	Acc@5 100.00 (100.00)
21-Jan-26 16:34:16 -  @Training * Acc@1 99.490 Acc@5 100.000 Loss 0.064
21-Jan-26 16:34:16 - One training epoch latency: 214.4s | Avg Power: 239.5W | Energy: 51341.5858J
21-Jan-26 16:34:30 -  @Testing * Acc@1 94.444 Acc@5 99.306 Loss 2.205
21-Jan-26 16:34:30 - Best acc at epoch 30: 96.18055725097656
21-Jan-26 16:34:30 - Last learning rate: [3.125e-05]
21-Jan-26 16:34:30 - 	 Epoch 31...
21-Jan-26 16:34:48 - Epoch: [31][  99/1176]	Time  0.180 ( 0.183)	Data  0.000 ( 0.002)	Loss 0.0000e+00 (8.4096e-02)	Acc@1 100.00 ( 98.00)	Acc@5 100.00 (100.00)
21-Jan-26 16:35:06 - Epoch: [31][ 199/1176]	Time  0.182 ( 0.182)	Data  0.000 ( 0.001)	Loss 0.0000e+00 (1.0480e-01)	Acc@1 100.00 ( 98.50)	Acc@5 100.00 (100.00)
21-Jan-26 16:35:24 - Epoch: [31][ 299/1176]	Time  0.178 ( 0.182)	Data  0.000 ( 0.001)	Loss 0.0000e+00 (1.6581e-01)	Acc@1 100.00 ( 98.67)	Acc@5 100.00 (100.00)
21-Jan-26 16:35:42 - Epoch: [31][ 399/1176]	Time  0.180 ( 0.182)	Data  0.000 ( 0.001)	Loss 0.0000e+00 (1.2436e-01)	Acc@1 100.00 ( 99.00)	Acc@5 100.00 (100.00)
21-Jan-26 16:36:01 - Epoch: [31][ 499/1176]	Time  0.184 ( 0.182)	Data  0.000 ( 0.001)	Loss 0.0000e+00 (9.9488e-02)	Acc@1 100.00 ( 99.20)	Acc@5 100.00 (100.00)
21-Jan-26 16:36:19 - Epoch: [31][ 599/1176]	Time  0.190 ( 0.182)	Data  0.000 ( 0.000)	Loss 0.0000e+00 (8.2907e-02)	Acc@1 100.00 ( 99.33)	Acc@5 100.00 (100.00)
21-Jan-26 16:36:37 - Epoch: [31][ 699/1176]	Time  0.183 ( 0.182)	Data  0.000 ( 0.000)	Loss 0.0000e+00 (7.1063e-02)	Acc@1 100.00 ( 99.43)	Acc@5 100.00 (100.00)
21-Jan-26 16:36:55 - Epoch: [31][ 799/1176]	Time  0.179 ( 0.182)	Data  0.000 ( 0.000)	Loss 0.0000e+00 (6.2180e-02)	Acc@1 100.00 ( 99.50)	Acc@5 100.00 (100.00)
21-Jan-26 16:37:13 - Epoch: [31][ 899/1176]	Time  0.181 ( 0.182)	Data  0.000 ( 0.000)	Loss 0.0000e+00 (5.5271e-02)	Acc@1 100.00 ( 99.56)	Acc@5 100.00 (100.00)
21-Jan-26 16:37:31 - Epoch: [31][ 999/1176]	Time  0.179 ( 0.182)	Data  0.000 ( 0.000)	Loss 0.0000e+00 (4.9744e-02)	Acc@1 100.00 ( 99.60)	Acc@5 100.00 (100.00)
21-Jan-26 16:37:50 - Epoch: [31][1099/1176]	Time  0.193 ( 0.182)	Data  0.000 ( 0.000)	Loss 0.0000e+00 (4.5222e-02)	Acc@1 100.00 ( 99.64)	Acc@5 100.00 (100.00)
21-Jan-26 16:38:04 -  @Training * Acc@1 99.660 Acc@5 100.000 Loss 0.042
21-Jan-26 16:38:04 - One training epoch latency: 213.8s | Avg Power: 238.7W | Energy: 51036.5950J
21-Jan-26 16:38:18 -  @Testing * Acc@1 94.792 Acc@5 99.306 Loss 2.829
21-Jan-26 16:38:18 - Best acc at epoch 31: 96.18055725097656
21-Jan-26 16:38:18 - Last learning rate: [3.125e-05]
21-Jan-26 16:38:18 - 	 Epoch 32...
21-Jan-26 16:38:36 - Epoch: [32][  99/1176]	Time  0.179 ( 0.184)	Data  0.000 ( 0.002)	Loss 0.0000e+00 (0.0000e+00)	Acc@1 100.00 (100.00)	Acc@5 100.00 (100.00)
21-Jan-26 16:38:54 - Epoch: [32][ 199/1176]	Time  0.177 ( 0.183)	Data  0.000 ( 0.001)	Loss 0.0000e+00 (8.8253e-05)	Acc@1 100.00 (100.00)	Acc@5 100.00 (100.00)
21-Jan-26 16:39:12 - Epoch: [32][ 299/1176]	Time  0.178 ( 0.183)	Data  0.000 ( 0.001)	Loss 0.0000e+00 (5.8836e-05)	Acc@1 100.00 (100.00)	Acc@5 100.00 (100.00)
21-Jan-26 16:39:31 - Epoch: [32][ 399/1176]	Time  0.179 ( 0.182)	Data  0.000 ( 0.001)	Loss 0.0000e+00 (4.4127e-05)	Acc@1 100.00 (100.00)	Acc@5 100.00 (100.00)
21-Jan-26 16:39:49 - Epoch: [32][ 499/1176]	Time  0.188 ( 0.182)	Data  0.000 ( 0.001)	Loss 0.0000e+00 (4.4050e-02)	Acc@1 100.00 ( 99.80)	Acc@5 100.00 (100.00)
21-Jan-26 16:40:07 - Epoch: [32][ 599/1176]	Time  0.183 ( 0.182)	Data  0.000 ( 0.001)	Loss 0.0000e+00 (7.3129e-02)	Acc@1 100.00 ( 99.67)	Acc@5 100.00 (100.00)
21-Jan-26 16:40:25 - Epoch: [32][ 699/1176]	Time  0.181 ( 0.182)	Data  0.000 ( 0.001)	Loss 0.0000e+00 (1.1580e-01)	Acc@1 100.00 ( 99.43)	Acc@5 100.00 (100.00)
21-Jan-26 16:40:43 - Epoch: [32][ 799/1176]	Time  0.181 ( 0.182)	Data  0.001 ( 0.001)	Loss 0.0000e+00 (1.0133e-01)	Acc@1 100.00 ( 99.50)	Acc@5 100.00 (100.00)
21-Jan-26 16:41:01 - Epoch: [32][ 899/1176]	Time  0.184 ( 0.182)	Data  0.000 ( 0.001)	Loss 0.0000e+00 (9.0068e-02)	Acc@1 100.00 ( 99.56)	Acc@5 100.00 (100.00)
21-Jan-26 16:41:20 - Epoch: [32][ 999/1176]	Time  0.178 ( 0.182)	Data  0.000 ( 0.001)	Loss 0.0000e+00 (8.1065e-02)	Acc@1 100.00 ( 99.60)	Acc@5 100.00 (100.00)
21-Jan-26 16:41:38 - Epoch: [32][1099/1176]	Time  0.182 ( 0.182)	Data  0.000 ( 0.001)	Loss 0.0000e+00 (7.3696e-02)	Acc@1 100.00 ( 99.64)	Acc@5 100.00 (100.00)
21-Jan-26 16:41:52 -  @Training * Acc@1 99.660 Acc@5 100.000 Loss 0.069
21-Jan-26 16:41:52 - One training epoch latency: 214.1s | Avg Power: 237.7W | Energy: 50888.9417J
21-Jan-26 16:42:06 -  @Testing * Acc@1 95.833 Acc@5 99.653 Loss 2.269
21-Jan-26 16:42:06 - Best acc at epoch 32: 96.18055725097656
21-Jan-26 16:42:06 - Last learning rate: [3.125e-05]
21-Jan-26 16:42:06 - 	 Epoch 33...
21-Jan-26 16:42:24 - Epoch: [33][  99/1176]	Time  0.181 ( 0.184)	Data  0.000 ( 0.002)	Loss 0.0000e+00 (0.0000e+00)	Acc@1 100.00 (100.00)	Acc@5 100.00 (100.00)
21-Jan-26 16:42:43 - Epoch: [33][ 199/1176]	Time  0.188 ( 0.184)	Data  0.000 ( 0.001)	Loss 0.0000e+00 (0.0000e+00)	Acc@1 100.00 (100.00)	Acc@5 100.00 (100.00)
21-Jan-26 16:43:01 - Epoch: [33][ 299/1176]	Time  0.182 ( 0.184)	Data  0.000 ( 0.001)	Loss 0.0000e+00 (0.0000e+00)	Acc@1 100.00 (100.00)	Acc@5 100.00 (100.00)
21-Jan-26 16:43:19 - Epoch: [33][ 399/1176]	Time  0.180 ( 0.184)	Data  0.000 ( 0.001)	Loss 0.0000e+00 (0.0000e+00)	Acc@1 100.00 (100.00)	Acc@5 100.00 (100.00)
21-Jan-26 16:43:38 - Epoch: [33][ 499/1176]	Time  0.186 ( 0.184)	Data  0.000 ( 0.001)	Loss 0.0000e+00 (0.0000e+00)	Acc@1 100.00 (100.00)	Acc@5 100.00 (100.00)
21-Jan-26 16:43:56 - Epoch: [33][ 599/1176]	Time  0.180 ( 0.183)	Data  0.000 ( 0.001)	Loss 0.0000e+00 (0.0000e+00)	Acc@1 100.00 (100.00)	Acc@5 100.00 (100.00)
21-Jan-26 16:44:14 - Epoch: [33][ 699/1176]	Time  0.179 ( 0.183)	Data  0.000 ( 0.001)	Loss 0.0000e+00 (0.0000e+00)	Acc@1 100.00 (100.00)	Acc@5 100.00 (100.00)
21-Jan-26 16:44:32 - Epoch: [33][ 799/1176]	Time  0.184 ( 0.183)	Data  0.000 ( 0.001)	Loss 0.0000e+00 (0.0000e+00)	Acc@1 100.00 (100.00)	Acc@5 100.00 (100.00)
21-Jan-26 16:44:50 - Epoch: [33][ 899/1176]	Time  0.183 ( 0.183)	Data  0.000 ( 0.001)	Loss 0.0000e+00 (7.6440e-07)	Acc@1 100.00 (100.00)	Acc@5 100.00 (100.00)
21-Jan-26 16:45:09 - Epoch: [33][ 999/1176]	Time  0.180 ( 0.183)	Data  0.000 ( 0.001)	Loss 0.0000e+00 (6.3971e-02)	Acc@1 100.00 ( 99.60)	Acc@5 100.00 (100.00)
21-Jan-26 16:45:27 - Epoch: [33][1099/1176]	Time  0.191 ( 0.183)	Data  0.000 ( 0.001)	Loss 0.0000e+00 (5.8155e-02)	Acc@1 100.00 ( 99.64)	Acc@5 100.00 (100.00)
21-Jan-26 16:45:41 -  @Training * Acc@1 99.660 Acc@5 100.000 Loss 0.054
21-Jan-26 16:45:41 - One training epoch latency: 214.7s | Avg Power: 240.1W | Energy: 51559.8459J
21-Jan-26 16:45:54 -  @Testing * Acc@1 95.486 Acc@5 99.306 Loss 2.455
21-Jan-26 16:45:54 - Best acc at epoch 33: 96.18055725097656
21-Jan-26 16:45:54 - Last learning rate: [1.5625e-05]
21-Jan-26 16:45:54 - 	 Epoch 34...
21-Jan-26 16:46:13 - Epoch: [34][  99/1176]	Time  0.181 ( 0.184)	Data  0.000 ( 0.002)	Loss 0.0000e+00 (0.0000e+00)	Acc@1 100.00 (100.00)	Acc@5 100.00 (100.00)
21-Jan-26 16:46:31 - Epoch: [34][ 199/1176]	Time  0.181 ( 0.183)	Data  0.000 ( 0.001)	Loss 0.0000e+00 (0.0000e+00)	Acc@1 100.00 (100.00)	Acc@5 100.00 (100.00)
21-Jan-26 16:46:49 - Epoch: [34][ 299/1176]	Time  0.185 ( 0.183)	Data  0.000 ( 0.001)	Loss 0.0000e+00 (0.0000e+00)	Acc@1 100.00 (100.00)	Acc@5 100.00 (100.00)
21-Jan-26 16:47:08 - Epoch: [34][ 399/1176]	Time  0.186 ( 0.184)	Data  0.000 ( 0.001)	Loss 0.0000e+00 (0.0000e+00)	Acc@1 100.00 (100.00)	Acc@5 100.00 (100.00)
21-Jan-26 16:47:26 - Epoch: [34][ 499/1176]	Time  0.183 ( 0.184)	Data  0.000 ( 0.001)	Loss 0.0000e+00 (0.0000e+00)	Acc@1 100.00 (100.00)	Acc@5 100.00 (100.00)
21-Jan-26 16:47:44 - Epoch: [34][ 599/1176]	Time  0.181 ( 0.183)	Data  0.000 ( 0.001)	Loss 0.0000e+00 (0.0000e+00)	Acc@1 100.00 (100.00)	Acc@5 100.00 (100.00)
21-Jan-26 16:48:02 - Epoch: [34][ 699/1176]	Time  0.184 ( 0.183)	Data  0.000 ( 0.001)	Loss 0.0000e+00 (0.0000e+00)	Acc@1 100.00 (100.00)	Acc@5 100.00 (100.00)
21-Jan-26 16:48:21 - Epoch: [34][ 799/1176]	Time  0.186 ( 0.183)	Data  0.000 ( 0.000)	Loss 0.0000e+00 (0.0000e+00)	Acc@1 100.00 (100.00)	Acc@5 100.00 (100.00)
21-Jan-26 16:48:39 - Epoch: [34][ 899/1176]	Time  0.183 ( 0.183)	Data  0.000 ( 0.000)	Loss 0.0000e+00 (0.0000e+00)	Acc@1 100.00 (100.00)	Acc@5 100.00 (100.00)
21-Jan-26 16:48:57 - Epoch: [34][ 999/1176]	Time  0.180 ( 0.183)	Data  0.000 ( 0.000)	Loss 0.0000e+00 (0.0000e+00)	Acc@1 100.00 (100.00)	Acc@5 100.00 (100.00)
21-Jan-26 16:49:15 - Epoch: [34][1099/1176]	Time  0.179 ( 0.183)	Data  0.000 ( 0.000)	Loss 0.0000e+00 (0.0000e+00)	Acc@1 100.00 (100.00)	Acc@5 100.00 (100.00)
21-Jan-26 16:49:29 -  @Training * Acc@1 100.000 Acc@5 100.000 Loss 0.000
21-Jan-26 16:49:29 - One training epoch latency: 214.9s | Avg Power: 240.4W | Energy: 51660.4612J
21-Jan-26 16:49:43 -  @Testing * Acc@1 96.181 Acc@5 99.306 Loss 2.121
21-Jan-26 16:49:43 - Best acc at epoch 34: 96.18055725097656
21-Jan-26 16:49:43 - Last learning rate: [1.5625e-05]
21-Jan-26 16:49:43 - 	 Epoch 35...
21-Jan-26 16:50:01 - Epoch: [35][  99/1176]	Time  0.178 ( 0.184)	Data  0.000 ( 0.002)	Loss 0.0000e+00 (0.0000e+00)	Acc@1 100.00 (100.00)	Acc@5 100.00 (100.00)
21-Jan-26 16:50:20 - Epoch: [35][ 199/1176]	Time  0.180 ( 0.183)	Data  0.000 ( 0.001)	Loss 0.0000e+00 (0.0000e+00)	Acc@1 100.00 (100.00)	Acc@5 100.00 (100.00)
21-Jan-26 16:50:38 - Epoch: [35][ 299/1176]	Time  0.182 ( 0.183)	Data  0.000 ( 0.001)	Loss 0.0000e+00 (0.0000e+00)	Acc@1 100.00 (100.00)	Acc@5 100.00 (100.00)
21-Jan-26 16:50:56 - Epoch: [35][ 399/1176]	Time  0.181 ( 0.183)	Data  0.000 ( 0.001)	Loss 0.0000e+00 (0.0000e+00)	Acc@1 100.00 (100.00)	Acc@5 100.00 (100.00)
21-Jan-26 16:51:14 - Epoch: [35][ 499/1176]	Time  0.178 ( 0.183)	Data  0.000 ( 0.000)	Loss 0.0000e+00 (0.0000e+00)	Acc@1 100.00 (100.00)	Acc@5 100.00 (100.00)
21-Jan-26 16:51:33 - Epoch: [35][ 599/1176]	Time  0.181 ( 0.183)	Data  0.000 ( 0.000)	Loss 0.0000e+00 (0.0000e+00)	Acc@1 100.00 (100.00)	Acc@5 100.00 (100.00)
21-Jan-26 16:51:51 - Epoch: [35][ 699/1176]	Time  0.182 ( 0.183)	Data  0.000 ( 0.000)	Loss 0.0000e+00 (0.0000e+00)	Acc@1 100.00 (100.00)	Acc@5 100.00 (100.00)
21-Jan-26 16:52:09 - Epoch: [35][ 799/1176]	Time  0.177 ( 0.183)	Data  0.000 ( 0.000)	Loss 0.0000e+00 (0.0000e+00)	Acc@1 100.00 (100.00)	Acc@5 100.00 (100.00)
21-Jan-26 16:52:28 - Epoch: [35][ 899/1176]	Time  0.185 ( 0.183)	Data  0.000 ( 0.000)	Loss 0.0000e+00 (0.0000e+00)	Acc@1 100.00 (100.00)	Acc@5 100.00 (100.00)
21-Jan-26 16:52:48 - Epoch: [35][ 999/1176]	Time  0.182 ( 0.185)	Data  0.000 ( 0.000)	Loss 0.0000e+00 (0.0000e+00)	Acc@1 100.00 (100.00)	Acc@5 100.00 (100.00)
21-Jan-26 16:53:06 - Epoch: [35][1099/1176]	Time  0.176 ( 0.185)	Data  0.000 ( 0.000)	Loss 0.0000e+00 (0.0000e+00)	Acc@1 100.00 (100.00)	Acc@5 100.00 (100.00)
21-Jan-26 16:53:20 -  @Training * Acc@1 100.000 Acc@5 100.000 Loss 0.000
21-Jan-26 16:53:20 - One training epoch latency: 217.2s | Avg Power: 238.6W | Energy: 51833.7727J
21-Jan-26 16:53:34 -  @Testing * Acc@1 96.528 Acc@5 99.653 Loss 2.133
21-Jan-26 16:53:34 - Best acc at epoch 35: 96.52777862548828
21-Jan-26 16:53:34 - Last learning rate: [1.5625e-05]
21-Jan-26 16:53:34 - 	 Epoch 36...
21-Jan-26 16:53:52 - Epoch: [36][  99/1176]	Time  0.176 ( 0.184)	Data  0.000 ( 0.002)	Loss 0.0000e+00 (0.0000e+00)	Acc@1 100.00 (100.00)	Acc@5 100.00 (100.00)
21-Jan-26 16:54:10 - Epoch: [36][ 199/1176]	Time  0.180 ( 0.182)	Data  0.000 ( 0.001)	Loss 0.0000e+00 (0.0000e+00)	Acc@1 100.00 (100.00)	Acc@5 100.00 (100.00)
21-Jan-26 16:54:28 - Epoch: [36][ 299/1176]	Time  0.177 ( 0.182)	Data  0.000 ( 0.001)	Loss 0.0000e+00 (0.0000e+00)	Acc@1 100.00 (100.00)	Acc@5 100.00 (100.00)
21-Jan-26 16:54:46 - Epoch: [36][ 399/1176]	Time  0.183 ( 0.181)	Data  0.000 ( 0.001)	Loss 0.0000e+00 (0.0000e+00)	Acc@1 100.00 (100.00)	Acc@5 100.00 (100.00)
21-Jan-26 16:55:05 - Epoch: [36][ 499/1176]	Time  0.185 ( 0.182)	Data  0.000 ( 0.001)	Loss 0.0000e+00 (0.0000e+00)	Acc@1 100.00 (100.00)	Acc@5 100.00 (100.00)
21-Jan-26 16:55:23 - Epoch: [36][ 599/1176]	Time  0.181 ( 0.182)	Data  0.000 ( 0.001)	Loss 0.0000e+00 (0.0000e+00)	Acc@1 100.00 (100.00)	Acc@5 100.00 (100.00)
21-Jan-26 16:55:41 - Epoch: [36][ 699/1176]	Time  0.180 ( 0.182)	Data  0.000 ( 0.001)	Loss 0.0000e+00 (0.0000e+00)	Acc@1 100.00 (100.00)	Acc@5 100.00 (100.00)
21-Jan-26 16:55:59 - Epoch: [36][ 799/1176]	Time  0.174 ( 0.182)	Data  0.000 ( 0.001)	Loss 0.0000e+00 (0.0000e+00)	Acc@1 100.00 (100.00)	Acc@5 100.00 (100.00)
21-Jan-26 16:56:17 - Epoch: [36][ 899/1176]	Time  0.179 ( 0.182)	Data  0.000 ( 0.001)	Loss 0.0000e+00 (0.0000e+00)	Acc@1 100.00 (100.00)	Acc@5 100.00 (100.00)
21-Jan-26 16:56:35 - Epoch: [36][ 999/1176]	Time  0.178 ( 0.182)	Data  0.000 ( 0.000)	Loss 0.0000e+00 (0.0000e+00)	Acc@1 100.00 (100.00)	Acc@5 100.00 (100.00)
21-Jan-26 16:56:54 - Epoch: [36][1099/1176]	Time  0.177 ( 0.181)	Data  0.000 ( 0.000)	Loss 0.0000e+00 (0.0000e+00)	Acc@1 100.00 (100.00)	Acc@5 100.00 (100.00)
21-Jan-26 16:57:07 -  @Training * Acc@1 100.000 Acc@5 100.000 Loss 0.000
21-Jan-26 16:57:07 - One training epoch latency: 213.5s | Avg Power: 240.9W | Energy: 51430.8718J
21-Jan-26 16:57:21 -  @Testing * Acc@1 95.486 Acc@5 99.306 Loss 2.615
21-Jan-26 16:57:21 - Best acc at epoch 36: 96.52777862548828
21-Jan-26 16:57:21 - Last learning rate: [1.5625e-05]
21-Jan-26 16:57:21 - 	 Epoch 37...
21-Jan-26 16:57:40 - Epoch: [37][  99/1176]	Time  0.182 ( 0.184)	Data  0.000 ( 0.002)	Loss 0.0000e+00 (0.0000e+00)	Acc@1 100.00 (100.00)	Acc@5 100.00 (100.00)
21-Jan-26 16:57:58 - Epoch: [37][ 199/1176]	Time  0.188 ( 0.183)	Data  0.000 ( 0.001)	Loss 0.0000e+00 (0.0000e+00)	Acc@1 100.00 (100.00)	Acc@5 100.00 (100.00)
21-Jan-26 16:58:16 - Epoch: [37][ 299/1176]	Time  0.178 ( 0.183)	Data  0.000 ( 0.001)	Loss 0.0000e+00 (0.0000e+00)	Acc@1 100.00 (100.00)	Acc@5 100.00 (100.00)
21-Jan-26 16:58:34 - Epoch: [37][ 399/1176]	Time  0.177 ( 0.183)	Data  0.000 ( 0.001)	Loss 0.0000e+00 (0.0000e+00)	Acc@1 100.00 (100.00)	Acc@5 100.00 (100.00)
21-Jan-26 16:58:53 - Epoch: [37][ 499/1176]	Time  0.195 ( 0.183)	Data  0.000 ( 0.001)	Loss 0.0000e+00 (0.0000e+00)	Acc@1 100.00 (100.00)	Acc@5 100.00 (100.00)
21-Jan-26 16:59:11 - Epoch: [37][ 599/1176]	Time  0.183 ( 0.183)	Data  0.000 ( 0.000)	Loss 0.0000e+00 (0.0000e+00)	Acc@1 100.00 (100.00)	Acc@5 100.00 (100.00)
21-Jan-26 16:59:29 - Epoch: [37][ 699/1176]	Time  0.182 ( 0.183)	Data  0.000 ( 0.000)	Loss 0.0000e+00 (0.0000e+00)	Acc@1 100.00 (100.00)	Acc@5 100.00 (100.00)
21-Jan-26 16:59:48 - Epoch: [37][ 799/1176]	Time  0.190 ( 0.183)	Data  0.000 ( 0.000)	Loss 0.0000e+00 (0.0000e+00)	Acc@1 100.00 (100.00)	Acc@5 100.00 (100.00)
21-Jan-26 17:00:06 - Epoch: [37][ 899/1176]	Time  0.209 ( 0.183)	Data  0.011 ( 0.000)	Loss 0.0000e+00 (0.0000e+00)	Acc@1 100.00 (100.00)	Acc@5 100.00 (100.00)
21-Jan-26 17:00:24 - Epoch: [37][ 999/1176]	Time  0.179 ( 0.183)	Data  0.000 ( 0.000)	Loss 0.0000e+00 (0.0000e+00)	Acc@1 100.00 (100.00)	Acc@5 100.00 (100.00)
21-Jan-26 17:00:42 - Epoch: [37][1099/1176]	Time  0.182 ( 0.183)	Data  0.000 ( 0.000)	Loss 0.0000e+00 (0.0000e+00)	Acc@1 100.00 (100.00)	Acc@5 100.00 (100.00)
21-Jan-26 17:00:56 -  @Training * Acc@1 100.000 Acc@5 100.000 Loss 0.000
21-Jan-26 17:00:56 - One training epoch latency: 215.0s | Avg Power: 240.8W | Energy: 51753.8781J
21-Jan-26 17:01:10 -  @Testing * Acc@1 95.833 Acc@5 99.306 Loss 2.137
21-Jan-26 17:01:10 - Best acc at epoch 37: 96.52777862548828
21-Jan-26 17:01:10 - Last learning rate: [1.5625e-05]
21-Jan-26 17:01:10 - 	 Epoch 38...
21-Jan-26 17:01:28 - Epoch: [38][  99/1176]	Time  0.177 ( 0.184)	Data  0.000 ( 0.002)	Loss 0.0000e+00 (0.0000e+00)	Acc@1 100.00 (100.00)	Acc@5 100.00 (100.00)
21-Jan-26 17:01:46 - Epoch: [38][ 199/1176]	Time  0.180 ( 0.183)	Data  0.000 ( 0.001)	Loss 0.0000e+00 (0.0000e+00)	Acc@1 100.00 (100.00)	Acc@5 100.00 (100.00)
21-Jan-26 17:02:05 - Epoch: [38][ 299/1176]	Time  0.180 ( 0.183)	Data  0.000 ( 0.001)	Loss 0.0000e+00 (0.0000e+00)	Acc@1 100.00 (100.00)	Acc@5 100.00 (100.00)
21-Jan-26 17:02:23 - Epoch: [38][ 399/1176]	Time  0.176 ( 0.183)	Data  0.000 ( 0.001)	Loss 0.0000e+00 (0.0000e+00)	Acc@1 100.00 (100.00)	Acc@5 100.00 (100.00)
21-Jan-26 17:02:41 - Epoch: [38][ 499/1176]	Time  0.174 ( 0.182)	Data  0.000 ( 0.001)	Loss 0.0000e+00 (0.0000e+00)	Acc@1 100.00 (100.00)	Acc@5 100.00 (100.00)
21-Jan-26 17:02:59 - Epoch: [38][ 599/1176]	Time  0.184 ( 0.183)	Data  0.000 ( 0.001)	Loss 0.0000e+00 (0.0000e+00)	Acc@1 100.00 (100.00)	Acc@5 100.00 (100.00)
21-Jan-26 17:03:18 - Epoch: [38][ 699/1176]	Time  0.181 ( 0.183)	Data  0.000 ( 0.000)	Loss 0.0000e+00 (0.0000e+00)	Acc@1 100.00 (100.00)	Acc@5 100.00 (100.00)
21-Jan-26 17:03:36 - Epoch: [38][ 799/1176]	Time  0.177 ( 0.183)	Data  0.000 ( 0.000)	Loss 0.0000e+00 (0.0000e+00)	Acc@1 100.00 (100.00)	Acc@5 100.00 (100.00)
21-Jan-26 17:03:55 - Epoch: [38][ 899/1176]	Time  0.184 ( 0.183)	Data  0.000 ( 0.000)	Loss 0.0000e+00 (0.0000e+00)	Acc@1 100.00 (100.00)	Acc@5 100.00 (100.00)
21-Jan-26 17:04:13 - Epoch: [38][ 999/1176]	Time  0.188 ( 0.183)	Data  0.000 ( 0.000)	Loss 0.0000e+00 (0.0000e+00)	Acc@1 100.00 (100.00)	Acc@5 100.00 (100.00)
21-Jan-26 17:04:31 - Epoch: [38][1099/1176]	Time  0.184 ( 0.183)	Data  0.000 ( 0.000)	Loss 0.0000e+00 (0.0000e+00)	Acc@1 100.00 (100.00)	Acc@5 100.00 (100.00)
21-Jan-26 17:04:45 -  @Training * Acc@1 100.000 Acc@5 100.000 Loss 0.000
21-Jan-26 17:04:45 - One training epoch latency: 215.1s | Avg Power: 239.4W | Energy: 51484.9117J
21-Jan-26 17:04:59 -  @Testing * Acc@1 96.181 Acc@5 99.653 Loss 2.211
21-Jan-26 17:04:59 - Best acc at epoch 38: 96.52777862548828
21-Jan-26 17:04:59 - Last learning rate: [1.5625e-05]
21-Jan-26 17:04:59 - 	 Epoch 39...
21-Jan-26 17:05:18 - Epoch: [39][  99/1176]	Time  0.181 ( 0.186)	Data  0.000 ( 0.002)	Loss 0.0000e+00 (0.0000e+00)	Acc@1 100.00 (100.00)	Acc@5 100.00 (100.00)
21-Jan-26 17:05:36 - Epoch: [39][ 199/1176]	Time  0.186 ( 0.184)	Data  0.000 ( 0.001)	Loss 0.0000e+00 (0.0000e+00)	Acc@1 100.00 (100.00)	Acc@5 100.00 (100.00)
21-Jan-26 17:05:54 - Epoch: [39][ 299/1176]	Time  0.178 ( 0.183)	Data  0.000 ( 0.001)	Loss 0.0000e+00 (0.0000e+00)	Acc@1 100.00 (100.00)	Acc@5 100.00 (100.00)
21-Jan-26 17:06:12 - Epoch: [39][ 399/1176]	Time  0.177 ( 0.183)	Data  0.000 ( 0.001)	Loss 0.0000e+00 (0.0000e+00)	Acc@1 100.00 (100.00)	Acc@5 100.00 (100.00)
21-Jan-26 17:06:30 - Epoch: [39][ 499/1176]	Time  0.177 ( 0.183)	Data  0.000 ( 0.001)	Loss 0.0000e+00 (0.0000e+00)	Acc@1 100.00 (100.00)	Acc@5 100.00 (100.00)
21-Jan-26 17:06:49 - Epoch: [39][ 599/1176]	Time  0.185 ( 0.183)	Data  0.000 ( 0.001)	Loss 0.0000e+00 (0.0000e+00)	Acc@1 100.00 (100.00)	Acc@5 100.00 (100.00)
21-Jan-26 17:07:07 - Epoch: [39][ 699/1176]	Time  0.181 ( 0.184)	Data  0.000 ( 0.000)	Loss 0.0000e+00 (0.0000e+00)	Acc@1 100.00 (100.00)	Acc@5 100.00 (100.00)
21-Jan-26 17:07:26 - Epoch: [39][ 799/1176]	Time  0.177 ( 0.184)	Data  0.000 ( 0.000)	Loss 0.0000e+00 (0.0000e+00)	Acc@1 100.00 (100.00)	Acc@5 100.00 (100.00)
21-Jan-26 17:07:44 - Epoch: [39][ 899/1176]	Time  0.180 ( 0.184)	Data  0.000 ( 0.000)	Loss 0.0000e+00 (0.0000e+00)	Acc@1 100.00 (100.00)	Acc@5 100.00 (100.00)
21-Jan-26 17:08:02 - Epoch: [39][ 999/1176]	Time  0.181 ( 0.183)	Data  0.000 ( 0.000)	Loss 0.0000e+00 (0.0000e+00)	Acc@1 100.00 (100.00)	Acc@5 100.00 (100.00)
21-Jan-26 17:08:21 - Epoch: [39][1099/1176]	Time  0.180 ( 0.183)	Data  0.000 ( 0.000)	Loss 0.0000e+00 (0.0000e+00)	Acc@1 100.00 (100.00)	Acc@5 100.00 (100.00)
21-Jan-26 17:08:34 -  @Training * Acc@1 100.000 Acc@5 100.000 Loss 0.000
21-Jan-26 17:08:34 - One training epoch latency: 215.4s | Avg Power: 241.4W | Energy: 52004.7398J
21-Jan-26 17:08:48 -  @Testing * Acc@1 95.833 Acc@5 99.653 Loss 2.292
21-Jan-26 17:08:48 - Best acc at epoch 39: 96.52777862548828
21-Jan-26 17:08:48 - Last learning rate: [7.8125e-06]
21-Jan-26 17:08:48 - 	 Epoch 40...
21-Jan-26 17:09:07 - Epoch: [40][  99/1176]	Time  0.177 ( 0.184)	Data  0.000 ( 0.002)	Loss 0.0000e+00 (0.0000e+00)	Acc@1 100.00 (100.00)	Acc@5 100.00 (100.00)
21-Jan-26 17:09:25 - Epoch: [40][ 199/1176]	Time  0.203 ( 0.184)	Data  0.000 ( 0.001)	Loss 0.0000e+00 (0.0000e+00)	Acc@1 100.00 (100.00)	Acc@5 100.00 (100.00)
21-Jan-26 17:09:43 - Epoch: [40][ 299/1176]	Time  0.179 ( 0.183)	Data  0.000 ( 0.001)	Loss 0.0000e+00 (0.0000e+00)	Acc@1 100.00 (100.00)	Acc@5 100.00 (100.00)
21-Jan-26 17:10:01 - Epoch: [40][ 399/1176]	Time  0.183 ( 0.183)	Data  0.000 ( 0.001)	Loss 0.0000e+00 (0.0000e+00)	Acc@1 100.00 (100.00)	Acc@5 100.00 (100.00)
21-Jan-26 17:10:19 - Epoch: [40][ 499/1176]	Time  0.179 ( 0.183)	Data  0.000 ( 0.001)	Loss 0.0000e+00 (0.0000e+00)	Acc@1 100.00 (100.00)	Acc@5 100.00 (100.00)
21-Jan-26 17:10:38 - Epoch: [40][ 599/1176]	Time  0.178 ( 0.182)	Data  0.000 ( 0.001)	Loss 0.0000e+00 (0.0000e+00)	Acc@1 100.00 (100.00)	Acc@5 100.00 (100.00)
21-Jan-26 17:10:56 - Epoch: [40][ 699/1176]	Time  0.183 ( 0.183)	Data  0.000 ( 0.000)	Loss 0.0000e+00 (0.0000e+00)	Acc@1 100.00 (100.00)	Acc@5 100.00 (100.00)
21-Jan-26 17:11:15 - Epoch: [40][ 799/1176]	Time  0.186 ( 0.183)	Data  0.000 ( 0.000)	Loss 0.0000e+00 (0.0000e+00)	Acc@1 100.00 (100.00)	Acc@5 100.00 (100.00)
21-Jan-26 17:11:33 - Epoch: [40][ 899/1176]	Time  0.185 ( 0.183)	Data  0.000 ( 0.000)	Loss 0.0000e+00 (0.0000e+00)	Acc@1 100.00 (100.00)	Acc@5 100.00 (100.00)
21-Jan-26 17:11:51 - Epoch: [40][ 999/1176]	Time  0.185 ( 0.183)	Data  0.000 ( 0.000)	Loss 0.0000e+00 (0.0000e+00)	Acc@1 100.00 (100.00)	Acc@5 100.00 (100.00)
21-Jan-26 17:12:09 - Epoch: [40][1099/1176]	Time  0.180 ( 0.183)	Data  0.000 ( 0.000)	Loss 0.0000e+00 (0.0000e+00)	Acc@1 100.00 (100.00)	Acc@5 100.00 (100.00)
21-Jan-26 17:12:23 -  @Training * Acc@1 100.000 Acc@5 100.000 Loss 0.000
21-Jan-26 17:12:23 - One training epoch latency: 215.1s | Avg Power: 243.4W | Energy: 52348.6821J
21-Jan-26 17:12:37 -  @Testing * Acc@1 96.181 Acc@5 99.653 Loss 2.117
21-Jan-26 17:12:37 - Best acc at epoch 40: 96.52777862548828
21-Jan-26 17:12:37 - Last learning rate: [7.8125e-06]
21-Jan-26 17:12:37 - 	 Epoch 41...
21-Jan-26 17:12:55 - Epoch: [41][  99/1176]	Time  0.180 ( 0.185)	Data  0.000 ( 0.002)	Loss 0.0000e+00 (0.0000e+00)	Acc@1 100.00 (100.00)	Acc@5 100.00 (100.00)
21-Jan-26 17:13:14 - Epoch: [41][ 199/1176]	Time  0.182 ( 0.184)	Data  0.000 ( 0.001)	Loss 0.0000e+00 (0.0000e+00)	Acc@1 100.00 (100.00)	Acc@5 100.00 (100.00)
21-Jan-26 17:13:32 - Epoch: [41][ 299/1176]	Time  0.189 ( 0.183)	Data  0.000 ( 0.001)	Loss 0.0000e+00 (0.0000e+00)	Acc@1 100.00 (100.00)	Acc@5 100.00 (100.00)
21-Jan-26 17:13:50 - Epoch: [41][ 399/1176]	Time  0.180 ( 0.183)	Data  0.000 ( 0.001)	Loss 0.0000e+00 (0.0000e+00)	Acc@1 100.00 (100.00)	Acc@5 100.00 (100.00)
21-Jan-26 17:14:08 - Epoch: [41][ 499/1176]	Time  0.181 ( 0.183)	Data  0.000 ( 0.001)	Loss 0.0000e+00 (0.0000e+00)	Acc@1 100.00 (100.00)	Acc@5 100.00 (100.00)
21-Jan-26 17:14:26 - Epoch: [41][ 599/1176]	Time  0.183 ( 0.183)	Data  0.000 ( 0.001)	Loss 0.0000e+00 (0.0000e+00)	Acc@1 100.00 (100.00)	Acc@5 100.00 (100.00)
21-Jan-26 17:14:45 - Epoch: [41][ 699/1176]	Time  0.194 ( 0.183)	Data  0.000 ( 0.000)	Loss 0.0000e+00 (0.0000e+00)	Acc@1 100.00 (100.00)	Acc@5 100.00 (100.00)
21-Jan-26 17:15:03 - Epoch: [41][ 799/1176]	Time  0.181 ( 0.183)	Data  0.000 ( 0.000)	Loss 0.0000e+00 (0.0000e+00)	Acc@1 100.00 (100.00)	Acc@5 100.00 (100.00)
21-Jan-26 17:15:22 - Epoch: [41][ 899/1176]	Time  0.181 ( 0.183)	Data  0.000 ( 0.000)	Loss 0.0000e+00 (0.0000e+00)	Acc@1 100.00 (100.00)	Acc@5 100.00 (100.00)
21-Jan-26 17:15:40 - Epoch: [41][ 999/1176]	Time  0.181 ( 0.183)	Data  0.000 ( 0.000)	Loss 0.0000e+00 (0.0000e+00)	Acc@1 100.00 (100.00)	Acc@5 100.00 (100.00)
21-Jan-26 17:15:58 - Epoch: [41][1099/1176]	Time  0.177 ( 0.183)	Data  0.000 ( 0.000)	Loss 0.0000e+00 (0.0000e+00)	Acc@1 100.00 (100.00)	Acc@5 100.00 (100.00)
21-Jan-26 17:16:12 -  @Training * Acc@1 100.000 Acc@5 100.000 Loss 0.000
21-Jan-26 17:16:12 - One training epoch latency: 215.5s | Avg Power: 243.3W | Energy: 52422.9763J
21-Jan-26 17:16:26 -  @Testing * Acc@1 96.181 Acc@5 99.653 Loss 2.430
21-Jan-26 17:16:26 - Best acc at epoch 41: 96.52777862548828
21-Jan-26 17:16:26 - Last learning rate: [7.8125e-06]
21-Jan-26 17:16:26 - 	 Epoch 42...
21-Jan-26 17:16:44 - Epoch: [42][  99/1176]	Time  0.181 ( 0.185)	Data  0.000 ( 0.002)	Loss 0.0000e+00 (0.0000e+00)	Acc@1 100.00 (100.00)	Acc@5 100.00 (100.00)
21-Jan-26 17:17:02 - Epoch: [42][ 199/1176]	Time  0.179 ( 0.183)	Data  0.000 ( 0.001)	Loss 0.0000e+00 (0.0000e+00)	Acc@1 100.00 (100.00)	Acc@5 100.00 (100.00)
21-Jan-26 17:17:21 - Epoch: [42][ 299/1176]	Time  0.187 ( 0.183)	Data  0.000 ( 0.001)	Loss 0.0000e+00 (0.0000e+00)	Acc@1 100.00 (100.00)	Acc@5 100.00 (100.00)
21-Jan-26 17:17:39 - Epoch: [42][ 399/1176]	Time  0.177 ( 0.183)	Data  0.000 ( 0.001)	Loss 0.0000e+00 (0.0000e+00)	Acc@1 100.00 (100.00)	Acc@5 100.00 (100.00)
21-Jan-26 17:17:57 - Epoch: [42][ 499/1176]	Time  0.185 ( 0.183)	Data  0.000 ( 0.001)	Loss 0.0000e+00 (0.0000e+00)	Acc@1 100.00 (100.00)	Acc@5 100.00 (100.00)
21-Jan-26 17:18:15 - Epoch: [42][ 599/1176]	Time  0.184 ( 0.183)	Data  0.000 ( 0.000)	Loss 0.0000e+00 (0.0000e+00)	Acc@1 100.00 (100.00)	Acc@5 100.00 (100.00)
21-Jan-26 17:18:34 - Epoch: [42][ 699/1176]	Time  0.184 ( 0.182)	Data  0.000 ( 0.000)	Loss 0.0000e+00 (0.0000e+00)	Acc@1 100.00 (100.00)	Acc@5 100.00 (100.00)
21-Jan-26 17:18:52 - Epoch: [42][ 799/1176]	Time  0.183 ( 0.183)	Data  0.000 ( 0.000)	Loss 0.0000e+00 (0.0000e+00)	Acc@1 100.00 (100.00)	Acc@5 100.00 (100.00)
21-Jan-26 17:19:10 - Epoch: [42][ 899/1176]	Time  0.181 ( 0.183)	Data  0.000 ( 0.000)	Loss 0.0000e+00 (0.0000e+00)	Acc@1 100.00 (100.00)	Acc@5 100.00 (100.00)
21-Jan-26 17:19:29 - Epoch: [42][ 999/1176]	Time  0.181 ( 0.183)	Data  0.000 ( 0.000)	Loss 0.0000e+00 (0.0000e+00)	Acc@1 100.00 (100.00)	Acc@5 100.00 (100.00)
21-Jan-26 17:19:47 - Epoch: [42][1099/1176]	Time  0.186 ( 0.183)	Data  0.000 ( 0.000)	Loss 0.0000e+00 (0.0000e+00)	Acc@1 100.00 (100.00)	Acc@5 100.00 (100.00)
21-Jan-26 17:20:01 -  @Training * Acc@1 100.000 Acc@5 100.000 Loss 0.000
21-Jan-26 17:20:01 - One training epoch latency: 215.1s | Avg Power: 242.2W | Energy: 52108.2500J
21-Jan-26 17:20:15 -  @Testing * Acc@1 96.181 Acc@5 99.653 Loss 2.397
21-Jan-26 17:20:15 - Best acc at epoch 42: 96.52777862548828
21-Jan-26 17:20:15 - Last learning rate: [7.8125e-06]
21-Jan-26 17:20:15 - 	 Epoch 43...
21-Jan-26 17:20:33 - Epoch: [43][  99/1176]	Time  0.177 ( 0.184)	Data  0.000 ( 0.002)	Loss 0.0000e+00 (0.0000e+00)	Acc@1 100.00 (100.00)	Acc@5 100.00 (100.00)
21-Jan-26 17:20:51 - Epoch: [43][ 199/1176]	Time  0.184 ( 0.183)	Data  0.000 ( 0.001)	Loss 0.0000e+00 (0.0000e+00)	Acc@1 100.00 (100.00)	Acc@5 100.00 (100.00)
21-Jan-26 17:21:10 - Epoch: [43][ 299/1176]	Time  0.190 ( 0.183)	Data  0.000 ( 0.001)	Loss 0.0000e+00 (0.0000e+00)	Acc@1 100.00 (100.00)	Acc@5 100.00 (100.00)
21-Jan-26 17:21:28 - Epoch: [43][ 399/1176]	Time  0.177 ( 0.183)	Data  0.000 ( 0.001)	Loss 0.0000e+00 (0.0000e+00)	Acc@1 100.00 (100.00)	Acc@5 100.00 (100.00)
21-Jan-26 17:21:46 - Epoch: [43][ 499/1176]	Time  0.183 ( 0.183)	Data  0.000 ( 0.001)	Loss 0.0000e+00 (0.0000e+00)	Acc@1 100.00 (100.00)	Acc@5 100.00 (100.00)
21-Jan-26 17:22:04 - Epoch: [43][ 599/1176]	Time  0.182 ( 0.183)	Data  0.000 ( 0.001)	Loss 0.0000e+00 (0.0000e+00)	Acc@1 100.00 (100.00)	Acc@5 100.00 (100.00)
21-Jan-26 17:22:22 - Epoch: [43][ 699/1176]	Time  0.179 ( 0.182)	Data  0.000 ( 0.001)	Loss 0.0000e+00 (0.0000e+00)	Acc@1 100.00 (100.00)	Acc@5 100.00 (100.00)
21-Jan-26 17:22:41 - Epoch: [43][ 799/1176]	Time  0.189 ( 0.182)	Data  0.000 ( 0.001)	Loss 0.0000e+00 (0.0000e+00)	Acc@1 100.00 (100.00)	Acc@5 100.00 (100.00)
21-Jan-26 17:22:59 - Epoch: [43][ 899/1176]	Time  0.206 ( 0.182)	Data  0.011 ( 0.001)	Loss 0.0000e+00 (0.0000e+00)	Acc@1 100.00 (100.00)	Acc@5 100.00 (100.00)
21-Jan-26 17:23:17 - Epoch: [43][ 999/1176]	Time  0.182 ( 0.182)	Data  0.000 ( 0.001)	Loss 0.0000e+00 (0.0000e+00)	Acc@1 100.00 (100.00)	Acc@5 100.00 (100.00)
21-Jan-26 17:23:36 - Epoch: [43][1099/1176]	Time  0.190 ( 0.183)	Data  0.000 ( 0.001)	Loss 0.0000e+00 (0.0000e+00)	Acc@1 100.00 (100.00)	Acc@5 100.00 (100.00)
21-Jan-26 17:23:50 -  @Training * Acc@1 100.000 Acc@5 100.000 Loss 0.000
21-Jan-26 17:23:50 - One training epoch latency: 215.0s | Avg Power: 243.1W | Energy: 52262.4974J
21-Jan-26 17:24:03 -  @Testing * Acc@1 96.528 Acc@5 99.653 Loss 2.412
21-Jan-26 17:24:03 - Best acc at epoch 43: 96.52777862548828
21-Jan-26 17:24:03 - Last learning rate: [7.8125e-06]
21-Jan-26 17:24:03 - 	 Epoch 44...
21-Jan-26 17:24:22 - Epoch: [44][  99/1176]	Time  0.184 ( 0.185)	Data  0.000 ( 0.002)	Loss 0.0000e+00 (0.0000e+00)	Acc@1 100.00 (100.00)	Acc@5 100.00 (100.00)
21-Jan-26 17:24:40 - Epoch: [44][ 199/1176]	Time  0.178 ( 0.184)	Data  0.000 ( 0.001)	Loss 0.0000e+00 (0.0000e+00)	Acc@1 100.00 (100.00)	Acc@5 100.00 (100.00)
21-Jan-26 17:24:58 - Epoch: [44][ 299/1176]	Time  0.180 ( 0.183)	Data  0.000 ( 0.001)	Loss 0.0000e+00 (0.0000e+00)	Acc@1 100.00 (100.00)	Acc@5 100.00 (100.00)
21-Jan-26 17:25:17 - Epoch: [44][ 399/1176]	Time  0.187 ( 0.183)	Data  0.000 ( 0.001)	Loss 0.0000e+00 (0.0000e+00)	Acc@1 100.00 (100.00)	Acc@5 100.00 (100.00)
21-Jan-26 17:25:35 - Epoch: [44][ 499/1176]	Time  0.188 ( 0.183)	Data  0.000 ( 0.001)	Loss 0.0000e+00 (0.0000e+00)	Acc@1 100.00 (100.00)	Acc@5 100.00 (100.00)
21-Jan-26 17:25:53 - Epoch: [44][ 599/1176]	Time  0.181 ( 0.183)	Data  0.000 ( 0.001)	Loss 0.0000e+00 (0.0000e+00)	Acc@1 100.00 (100.00)	Acc@5 100.00 (100.00)
21-Jan-26 17:26:11 - Epoch: [44][ 699/1176]	Time  0.188 ( 0.183)	Data  0.000 ( 0.001)	Loss 0.0000e+00 (0.0000e+00)	Acc@1 100.00 (100.00)	Acc@5 100.00 (100.00)
21-Jan-26 17:26:30 - Epoch: [44][ 799/1176]	Time  0.186 ( 0.183)	Data  0.000 ( 0.000)	Loss 0.0000e+00 (0.0000e+00)	Acc@1 100.00 (100.00)	Acc@5 100.00 (100.00)
21-Jan-26 17:26:48 - Epoch: [44][ 899/1176]	Time  0.205 ( 0.183)	Data  0.000 ( 0.000)	Loss 0.0000e+00 (0.0000e+00)	Acc@1 100.00 (100.00)	Acc@5 100.00 (100.00)
21-Jan-26 17:27:06 - Epoch: [44][ 999/1176]	Time  0.177 ( 0.183)	Data  0.000 ( 0.000)	Loss 0.0000e+00 (0.0000e+00)	Acc@1 100.00 (100.00)	Acc@5 100.00 (100.00)
21-Jan-26 17:27:25 - Epoch: [44][1099/1176]	Time  0.184 ( 0.183)	Data  0.000 ( 0.000)	Loss 0.0000e+00 (0.0000e+00)	Acc@1 100.00 (100.00)	Acc@5 100.00 (100.00)
21-Jan-26 17:27:39 -  @Training * Acc@1 100.000 Acc@5 100.000 Loss 0.000
21-Jan-26 17:27:39 - One training epoch latency: 215.2s | Avg Power: 243.8W | Energy: 52465.3132J
21-Jan-26 17:27:52 -  @Testing * Acc@1 95.833 Acc@5 99.653 Loss 2.150
21-Jan-26 17:27:52 - Best acc at epoch 44: 96.52777862548828
21-Jan-26 17:27:52 - Last learning rate: [7.8125e-06]
21-Jan-26 17:27:52 - 	 Epoch 45...
21-Jan-26 17:28:11 - Epoch: [45][  99/1176]	Time  0.194 ( 0.184)	Data  0.000 ( 0.002)	Loss 0.0000e+00 (0.0000e+00)	Acc@1 100.00 (100.00)	Acc@5 100.00 (100.00)
21-Jan-26 17:28:29 - Epoch: [45][ 199/1176]	Time  0.178 ( 0.183)	Data  0.000 ( 0.001)	Loss 0.0000e+00 (0.0000e+00)	Acc@1 100.00 (100.00)	Acc@5 100.00 (100.00)
21-Jan-26 17:28:47 - Epoch: [45][ 299/1176]	Time  0.183 ( 0.183)	Data  0.000 ( 0.001)	Loss 0.0000e+00 (0.0000e+00)	Acc@1 100.00 (100.00)	Acc@5 100.00 (100.00)
21-Jan-26 17:29:05 - Epoch: [45][ 399/1176]	Time  0.184 ( 0.183)	Data  0.000 ( 0.001)	Loss 0.0000e+00 (0.0000e+00)	Acc@1 100.00 (100.00)	Acc@5 100.00 (100.00)
21-Jan-26 17:29:24 - Epoch: [45][ 499/1176]	Time  0.191 ( 0.183)	Data  0.000 ( 0.001)	Loss 0.0000e+00 (0.0000e+00)	Acc@1 100.00 (100.00)	Acc@5 100.00 (100.00)
21-Jan-26 17:29:42 - Epoch: [45][ 599/1176]	Time  0.177 ( 0.183)	Data  0.000 ( 0.001)	Loss 0.0000e+00 (0.0000e+00)	Acc@1 100.00 (100.00)	Acc@5 100.00 (100.00)
21-Jan-26 17:30:00 - Epoch: [45][ 699/1176]	Time  0.185 ( 0.183)	Data  0.000 ( 0.000)	Loss 0.0000e+00 (0.0000e+00)	Acc@1 100.00 (100.00)	Acc@5 100.00 (100.00)
21-Jan-26 17:30:18 - Epoch: [45][ 799/1176]	Time  0.179 ( 0.183)	Data  0.000 ( 0.000)	Loss 0.0000e+00 (0.0000e+00)	Acc@1 100.00 (100.00)	Acc@5 100.00 (100.00)
21-Jan-26 17:30:37 - Epoch: [45][ 899/1176]	Time  0.191 ( 0.183)	Data  0.000 ( 0.000)	Loss 0.0000e+00 (0.0000e+00)	Acc@1 100.00 (100.00)	Acc@5 100.00 (100.00)
21-Jan-26 17:30:55 - Epoch: [45][ 999/1176]	Time  0.180 ( 0.183)	Data  0.000 ( 0.000)	Loss 0.0000e+00 (0.0000e+00)	Acc@1 100.00 (100.00)	Acc@5 100.00 (100.00)
21-Jan-26 17:31:13 - Epoch: [45][1099/1176]	Time  0.180 ( 0.183)	Data  0.000 ( 0.000)	Loss 0.0000e+00 (0.0000e+00)	Acc@1 100.00 (100.00)	Acc@5 100.00 (100.00)
21-Jan-26 17:31:27 -  @Training * Acc@1 100.000 Acc@5 100.000 Loss 0.000
21-Jan-26 17:31:27 - One training epoch latency: 214.6s | Avg Power: 242.5W | Energy: 52052.5766J
21-Jan-26 17:31:41 -  @Testing * Acc@1 96.181 Acc@5 99.653 Loss 2.074
21-Jan-26 17:31:41 - Best acc at epoch 45: 96.52777862548828
21-Jan-26 17:31:41 - Last learning rate: [3.90625e-06]
21-Jan-26 17:31:41 - 	 Epoch 46...
21-Jan-26 17:32:00 - Epoch: [46][  99/1176]	Time  0.186 ( 0.188)	Data  0.000 ( 0.002)	Loss 0.0000e+00 (0.0000e+00)	Acc@1 100.00 (100.00)	Acc@5 100.00 (100.00)
21-Jan-26 17:32:18 - Epoch: [46][ 199/1176]	Time  0.178 ( 0.186)	Data  0.000 ( 0.001)	Loss 0.0000e+00 (0.0000e+00)	Acc@1 100.00 (100.00)	Acc@5 100.00 (100.00)
21-Jan-26 17:32:36 - Epoch: [46][ 299/1176]	Time  0.176 ( 0.185)	Data  0.000 ( 0.001)	Loss 0.0000e+00 (0.0000e+00)	Acc@1 100.00 (100.00)	Acc@5 100.00 (100.00)
21-Jan-26 17:32:55 - Epoch: [46][ 399/1176]	Time  0.184 ( 0.184)	Data  0.000 ( 0.001)	Loss 0.0000e+00 (0.0000e+00)	Acc@1 100.00 (100.00)	Acc@5 100.00 (100.00)
21-Jan-26 17:33:13 - Epoch: [46][ 499/1176]	Time  0.188 ( 0.184)	Data  0.000 ( 0.001)	Loss 0.0000e+00 (0.0000e+00)	Acc@1 100.00 (100.00)	Acc@5 100.00 (100.00)
21-Jan-26 17:33:31 - Epoch: [46][ 599/1176]	Time  0.180 ( 0.184)	Data  0.000 ( 0.001)	Loss 0.0000e+00 (0.0000e+00)	Acc@1 100.00 (100.00)	Acc@5 100.00 (100.00)
21-Jan-26 17:33:49 - Epoch: [46][ 699/1176]	Time  0.177 ( 0.183)	Data  0.000 ( 0.001)	Loss 0.0000e+00 (0.0000e+00)	Acc@1 100.00 (100.00)	Acc@5 100.00 (100.00)
21-Jan-26 17:34:07 - Epoch: [46][ 799/1176]	Time  0.179 ( 0.183)	Data  0.000 ( 0.000)	Loss 0.0000e+00 (0.0000e+00)	Acc@1 100.00 (100.00)	Acc@5 100.00 (100.00)
21-Jan-26 17:34:26 - Epoch: [46][ 899/1176]	Time  0.177 ( 0.183)	Data  0.000 ( 0.000)	Loss 0.0000e+00 (0.0000e+00)	Acc@1 100.00 (100.00)	Acc@5 100.00 (100.00)
21-Jan-26 17:34:44 - Epoch: [46][ 999/1176]	Time  0.193 ( 0.183)	Data  0.000 ( 0.000)	Loss 0.0000e+00 (0.0000e+00)	Acc@1 100.00 (100.00)	Acc@5 100.00 (100.00)
21-Jan-26 17:35:02 - Epoch: [46][1099/1176]	Time  0.181 ( 0.183)	Data  0.000 ( 0.000)	Loss 0.0000e+00 (0.0000e+00)	Acc@1 100.00 (100.00)	Acc@5 100.00 (100.00)
21-Jan-26 17:35:16 -  @Training * Acc@1 100.000 Acc@5 100.000 Loss 0.000
21-Jan-26 17:35:16 - One training epoch latency: 215.1s | Avg Power: 242.2W | Energy: 52086.0614J
21-Jan-26 17:35:30 -  @Testing * Acc@1 96.528 Acc@5 99.653 Loss 2.344
21-Jan-26 17:35:30 - Best acc at epoch 46: 96.52777862548828
21-Jan-26 17:35:30 - Last learning rate: [3.90625e-06]
21-Jan-26 17:35:30 - 	 Epoch 47...
21-Jan-26 17:35:48 - Epoch: [47][  99/1176]	Time  0.182 ( 0.185)	Data  0.000 ( 0.002)	Loss 0.0000e+00 (0.0000e+00)	Acc@1 100.00 (100.00)	Acc@5 100.00 (100.00)
21-Jan-26 17:36:07 - Epoch: [47][ 199/1176]	Time  0.186 ( 0.184)	Data  0.000 ( 0.001)	Loss 0.0000e+00 (0.0000e+00)	Acc@1 100.00 (100.00)	Acc@5 100.00 (100.00)
21-Jan-26 17:36:25 - Epoch: [47][ 299/1176]	Time  0.182 ( 0.185)	Data  0.000 ( 0.001)	Loss 0.0000e+00 (0.0000e+00)	Acc@1 100.00 (100.00)	Acc@5 100.00 (100.00)
21-Jan-26 17:36:44 - Epoch: [47][ 399/1176]	Time  0.180 ( 0.185)	Data  0.000 ( 0.001)	Loss 0.0000e+00 (0.0000e+00)	Acc@1 100.00 (100.00)	Acc@5 100.00 (100.00)
21-Jan-26 17:37:02 - Epoch: [47][ 499/1176]	Time  0.184 ( 0.184)	Data  0.000 ( 0.001)	Loss 0.0000e+00 (0.0000e+00)	Acc@1 100.00 (100.00)	Acc@5 100.00 (100.00)
21-Jan-26 17:37:20 - Epoch: [47][ 599/1176]	Time  0.183 ( 0.184)	Data  0.000 ( 0.000)	Loss 0.0000e+00 (0.0000e+00)	Acc@1 100.00 (100.00)	Acc@5 100.00 (100.00)
21-Jan-26 17:37:38 - Epoch: [47][ 699/1176]	Time  0.182 ( 0.184)	Data  0.000 ( 0.000)	Loss 0.0000e+00 (0.0000e+00)	Acc@1 100.00 (100.00)	Acc@5 100.00 (100.00)
21-Jan-26 17:37:56 - Epoch: [47][ 799/1176]	Time  0.181 ( 0.183)	Data  0.000 ( 0.000)	Loss 0.0000e+00 (0.0000e+00)	Acc@1 100.00 (100.00)	Acc@5 100.00 (100.00)
21-Jan-26 17:38:15 - Epoch: [47][ 899/1176]	Time  0.191 ( 0.183)	Data  0.000 ( 0.000)	Loss 0.0000e+00 (0.0000e+00)	Acc@1 100.00 (100.00)	Acc@5 100.00 (100.00)
21-Jan-26 17:38:33 - Epoch: [47][ 999/1176]	Time  0.184 ( 0.183)	Data  0.000 ( 0.000)	Loss 0.0000e+00 (0.0000e+00)	Acc@1 100.00 (100.00)	Acc@5 100.00 (100.00)
21-Jan-26 17:38:51 - Epoch: [47][1099/1176]	Time  0.179 ( 0.183)	Data  0.000 ( 0.000)	Loss 0.0000e+00 (0.0000e+00)	Acc@1 100.00 (100.00)	Acc@5 100.00 (100.00)
21-Jan-26 17:39:05 -  @Training * Acc@1 100.000 Acc@5 100.000 Loss 0.000
21-Jan-26 17:39:05 - One training epoch latency: 215.4s | Avg Power: 243.5W | Energy: 52451.3421J
21-Jan-26 17:39:19 -  @Testing * Acc@1 96.181 Acc@5 99.653 Loss 2.275
21-Jan-26 17:39:19 - Best acc at epoch 47: 96.52777862548828
21-Jan-26 17:39:19 - Last learning rate: [3.90625e-06]
21-Jan-26 17:39:19 - 	 Epoch 48...
21-Jan-26 17:39:37 - Epoch: [48][  99/1176]	Time  0.181 ( 0.185)	Data  0.000 ( 0.002)	Loss 0.0000e+00 (0.0000e+00)	Acc@1 100.00 (100.00)	Acc@5 100.00 (100.00)
21-Jan-26 17:39:56 - Epoch: [48][ 199/1176]	Time  0.184 ( 0.184)	Data  0.000 ( 0.001)	Loss 0.0000e+00 (0.0000e+00)	Acc@1 100.00 (100.00)	Acc@5 100.00 (100.00)
21-Jan-26 17:40:14 - Epoch: [48][ 299/1176]	Time  0.183 ( 0.185)	Data  0.000 ( 0.001)	Loss 0.0000e+00 (0.0000e+00)	Acc@1 100.00 (100.00)	Acc@5 100.00 (100.00)
21-Jan-26 17:40:33 - Epoch: [48][ 399/1176]	Time  0.189 ( 0.185)	Data  0.000 ( 0.001)	Loss 0.0000e+00 (0.0000e+00)	Acc@1 100.00 (100.00)	Acc@5 100.00 (100.00)
21-Jan-26 17:40:51 - Epoch: [48][ 499/1176]	Time  0.180 ( 0.185)	Data  0.000 ( 0.001)	Loss 0.0000e+00 (0.0000e+00)	Acc@1 100.00 (100.00)	Acc@5 100.00 (100.00)
21-Jan-26 17:41:09 - Epoch: [48][ 599/1176]	Time  0.185 ( 0.184)	Data  0.000 ( 0.001)	Loss 0.0000e+00 (0.0000e+00)	Acc@1 100.00 (100.00)	Acc@5 100.00 (100.00)
21-Jan-26 17:41:28 - Epoch: [48][ 699/1176]	Time  0.183 ( 0.184)	Data  0.000 ( 0.000)	Loss 0.0000e+00 (0.0000e+00)	Acc@1 100.00 (100.00)	Acc@5 100.00 (100.00)
21-Jan-26 17:41:46 - Epoch: [48][ 799/1176]	Time  0.181 ( 0.184)	Data  0.000 ( 0.000)	Loss 0.0000e+00 (0.0000e+00)	Acc@1 100.00 (100.00)	Acc@5 100.00 (100.00)
21-Jan-26 17:42:04 - Epoch: [48][ 899/1176]	Time  0.182 ( 0.184)	Data  0.000 ( 0.000)	Loss 0.0000e+00 (0.0000e+00)	Acc@1 100.00 (100.00)	Acc@5 100.00 (100.00)
21-Jan-26 17:42:22 - Epoch: [48][ 999/1176]	Time  0.185 ( 0.184)	Data  0.000 ( 0.000)	Loss 0.0000e+00 (0.0000e+00)	Acc@1 100.00 (100.00)	Acc@5 100.00 (100.00)
21-Jan-26 17:42:41 - Epoch: [48][1099/1176]	Time  0.186 ( 0.184)	Data  0.000 ( 0.000)	Loss 0.0000e+00 (0.0000e+00)	Acc@1 100.00 (100.00)	Acc@5 100.00 (100.00)
21-Jan-26 17:42:54 -  @Training * Acc@1 100.000 Acc@5 100.000 Loss 0.000
21-Jan-26 17:42:55 - One training epoch latency: 215.8s | Avg Power: 242.6W | Energy: 52330.9545J
21-Jan-26 17:43:08 -  @Testing * Acc@1 96.528 Acc@5 99.653 Loss 2.282
21-Jan-26 17:43:08 - Best acc at epoch 48: 96.52777862548828
21-Jan-26 17:43:08 - Last learning rate: [3.90625e-06]
21-Jan-26 17:43:08 - 	 Epoch 49...
21-Jan-26 17:43:27 - Epoch: [49][  99/1176]	Time  0.184 ( 0.183)	Data  0.000 ( 0.002)	Loss 0.0000e+00 (0.0000e+00)	Acc@1 100.00 (100.00)	Acc@5 100.00 (100.00)
21-Jan-26 17:43:45 - Epoch: [49][ 199/1176]	Time  0.184 ( 0.183)	Data  0.000 ( 0.001)	Loss 0.0000e+00 (0.0000e+00)	Acc@1 100.00 (100.00)	Acc@5 100.00 (100.00)
21-Jan-26 17:44:03 - Epoch: [49][ 299/1176]	Time  0.181 ( 0.183)	Data  0.000 ( 0.001)	Loss 0.0000e+00 (0.0000e+00)	Acc@1 100.00 (100.00)	Acc@5 100.00 (100.00)
21-Jan-26 17:44:21 - Epoch: [49][ 399/1176]	Time  0.174 ( 0.182)	Data  0.000 ( 0.001)	Loss 0.0000e+00 (0.0000e+00)	Acc@1 100.00 (100.00)	Acc@5 100.00 (100.00)
21-Jan-26 17:44:39 - Epoch: [49][ 499/1176]	Time  0.176 ( 0.181)	Data  0.000 ( 0.001)	Loss 0.0000e+00 (0.0000e+00)	Acc@1 100.00 (100.00)	Acc@5 100.00 (100.00)
21-Jan-26 17:44:57 - Epoch: [49][ 599/1176]	Time  0.177 ( 0.181)	Data  0.000 ( 0.000)	Loss 0.0000e+00 (0.0000e+00)	Acc@1 100.00 (100.00)	Acc@5 100.00 (100.00)
21-Jan-26 17:45:14 - Epoch: [49][ 699/1176]	Time  0.177 ( 0.180)	Data  0.000 ( 0.000)	Loss 0.0000e+00 (0.0000e+00)	Acc@1 100.00 (100.00)	Acc@5 100.00 (100.00)
21-Jan-26 17:45:32 - Epoch: [49][ 799/1176]	Time  0.174 ( 0.180)	Data  0.000 ( 0.000)	Loss 0.0000e+00 (0.0000e+00)	Acc@1 100.00 (100.00)	Acc@5 100.00 (100.00)
21-Jan-26 17:45:50 - Epoch: [49][ 899/1176]	Time  0.177 ( 0.180)	Data  0.000 ( 0.000)	Loss 0.0000e+00 (0.0000e+00)	Acc@1 100.00 (100.00)	Acc@5 100.00 (100.00)
21-Jan-26 17:46:08 - Epoch: [49][ 999/1176]	Time  0.174 ( 0.180)	Data  0.000 ( 0.000)	Loss 0.0000e+00 (0.0000e+00)	Acc@1 100.00 (100.00)	Acc@5 100.00 (100.00)
21-Jan-26 17:46:26 - Epoch: [49][1099/1176]	Time  0.180 ( 0.180)	Data  0.000 ( 0.000)	Loss 0.0000e+00 (0.0000e+00)	Acc@1 100.00 (100.00)	Acc@5 100.00 (100.00)
21-Jan-26 17:46:40 -  @Training * Acc@1 100.000 Acc@5 100.000 Loss 0.000
21-Jan-26 17:46:40 - One training epoch latency: 211.7s | Avg Power: 244.2W | Energy: 51686.8662J
21-Jan-26 17:46:54 -  @Testing * Acc@1 96.181 Acc@5 99.653 Loss 2.135
21-Jan-26 17:46:54 - Best acc at epoch 49: 96.52777862548828
21-Jan-26 17:46:54 - Last learning rate: [3.90625e-06]
21-Jan-26 17:46:54 - 	 Epoch 50...
21-Jan-26 17:47:12 - Epoch: [50][  99/1176]	Time  0.174 ( 0.184)	Data  0.000 ( 0.002)	Loss 0.0000e+00 (0.0000e+00)	Acc@1 100.00 (100.00)	Acc@5 100.00 (100.00)
21-Jan-26 17:47:31 - Epoch: [50][ 199/1176]	Time  0.184 ( 0.183)	Data  0.000 ( 0.001)	Loss 0.0000e+00 (0.0000e+00)	Acc@1 100.00 (100.00)	Acc@5 100.00 (100.00)
21-Jan-26 17:47:49 - Epoch: [50][ 299/1176]	Time  0.203 ( 0.182)	Data  0.000 ( 0.001)	Loss 0.0000e+00 (0.0000e+00)	Acc@1 100.00 (100.00)	Acc@5 100.00 (100.00)
21-Jan-26 17:48:07 - Epoch: [50][ 399/1176]	Time  0.182 ( 0.182)	Data  0.000 ( 0.001)	Loss 0.0000e+00 (0.0000e+00)	Acc@1 100.00 (100.00)	Acc@5 100.00 (100.00)
21-Jan-26 17:48:25 - Epoch: [50][ 499/1176]	Time  0.180 ( 0.182)	Data  0.000 ( 0.001)	Loss 0.0000e+00 (0.0000e+00)	Acc@1 100.00 (100.00)	Acc@5 100.00 (100.00)
21-Jan-26 17:48:43 - Epoch: [50][ 599/1176]	Time  0.181 ( 0.182)	Data  0.000 ( 0.001)	Loss 0.0000e+00 (0.0000e+00)	Acc@1 100.00 (100.00)	Acc@5 100.00 (100.00)
21-Jan-26 17:49:02 - Epoch: [50][ 699/1176]	Time  0.178 ( 0.182)	Data  0.000 ( 0.001)	Loss 0.0000e+00 (0.0000e+00)	Acc@1 100.00 (100.00)	Acc@5 100.00 (100.00)
21-Jan-26 17:49:20 - Epoch: [50][ 799/1176]	Time  0.186 ( 0.182)	Data  0.000 ( 0.001)	Loss 0.0000e+00 (0.0000e+00)	Acc@1 100.00 (100.00)	Acc@5 100.00 (100.00)
21-Jan-26 17:49:38 - Epoch: [50][ 899/1176]	Time  0.179 ( 0.182)	Data  0.000 ( 0.001)	Loss 0.0000e+00 (0.0000e+00)	Acc@1 100.00 (100.00)	Acc@5 100.00 (100.00)
21-Jan-26 17:49:56 - Epoch: [50][ 999/1176]	Time  0.181 ( 0.182)	Data  0.000 ( 0.001)	Loss 0.0000e+00 (0.0000e+00)	Acc@1 100.00 (100.00)	Acc@5 100.00 (100.00)
21-Jan-26 17:50:14 - Epoch: [50][1099/1176]	Time  0.181 ( 0.182)	Data  0.000 ( 0.001)	Loss 0.0000e+00 (0.0000e+00)	Acc@1 100.00 (100.00)	Acc@5 100.00 (100.00)
21-Jan-26 17:50:28 -  @Training * Acc@1 100.000 Acc@5 100.000 Loss 0.000
21-Jan-26 17:50:28 - One training epoch latency: 214.1s | Avg Power: 243.8W | Energy: 52187.2639J
21-Jan-26 17:50:42 -  @Testing * Acc@1 96.875 Acc@5 99.653 Loss 2.345
21-Jan-26 17:50:42 - Best acc at epoch 50: 96.875
21-Jan-26 17:50:42 - Last learning rate: [3.90625e-06]
21-Jan-26 17:50:42 - 	 Epoch 51...
21-Jan-26 17:51:01 - Epoch: [51][  99/1176]	Time  0.185 ( 0.185)	Data  0.000 ( 0.002)	Loss 0.0000e+00 (0.0000e+00)	Acc@1 100.00 (100.00)	Acc@5 100.00 (100.00)
21-Jan-26 17:51:19 - Epoch: [51][ 199/1176]	Time  0.179 ( 0.184)	Data  0.000 ( 0.001)	Loss 0.0000e+00 (0.0000e+00)	Acc@1 100.00 (100.00)	Acc@5 100.00 (100.00)
21-Jan-26 17:51:37 - Epoch: [51][ 299/1176]	Time  0.181 ( 0.183)	Data  0.000 ( 0.001)	Loss 0.0000e+00 (0.0000e+00)	Acc@1 100.00 (100.00)	Acc@5 100.00 (100.00)
21-Jan-26 17:51:55 - Epoch: [51][ 399/1176]	Time  0.182 ( 0.183)	Data  0.000 ( 0.001)	Loss 0.0000e+00 (0.0000e+00)	Acc@1 100.00 (100.00)	Acc@5 100.00 (100.00)
21-Jan-26 17:52:14 - Epoch: [51][ 499/1176]	Time  0.185 ( 0.183)	Data  0.000 ( 0.001)	Loss 0.0000e+00 (0.0000e+00)	Acc@1 100.00 (100.00)	Acc@5 100.00 (100.00)
21-Jan-26 17:52:32 - Epoch: [51][ 599/1176]	Time  0.180 ( 0.183)	Data  0.000 ( 0.000)	Loss 0.0000e+00 (0.0000e+00)	Acc@1 100.00 (100.00)	Acc@5 100.00 (100.00)
21-Jan-26 17:52:50 - Epoch: [51][ 699/1176]	Time  0.181 ( 0.183)	Data  0.000 ( 0.000)	Loss 0.0000e+00 (0.0000e+00)	Acc@1 100.00 (100.00)	Acc@5 100.00 (100.00)
21-Jan-26 17:53:08 - Epoch: [51][ 799/1176]	Time  0.177 ( 0.183)	Data  0.000 ( 0.000)	Loss 0.0000e+00 (0.0000e+00)	Acc@1 100.00 (100.00)	Acc@5 100.00 (100.00)
21-Jan-26 17:53:27 - Epoch: [51][ 899/1176]	Time  0.180 ( 0.183)	Data  0.000 ( 0.000)	Loss 0.0000e+00 (0.0000e+00)	Acc@1 100.00 (100.00)	Acc@5 100.00 (100.00)
21-Jan-26 17:53:45 - Epoch: [51][ 999/1176]	Time  0.189 ( 0.183)	Data  0.000 ( 0.000)	Loss 0.0000e+00 (0.0000e+00)	Acc@1 100.00 (100.00)	Acc@5 100.00 (100.00)
21-Jan-26 17:54:03 - Epoch: [51][1099/1176]	Time  0.181 ( 0.182)	Data  0.000 ( 0.000)	Loss 0.0000e+00 (0.0000e+00)	Acc@1 100.00 (100.00)	Acc@5 100.00 (100.00)
21-Jan-26 17:54:17 -  @Training * Acc@1 100.000 Acc@5 100.000 Loss 0.000
21-Jan-26 17:54:17 - One training epoch latency: 214.8s | Avg Power: 240.1W | Energy: 51569.0142J
21-Jan-26 17:54:31 -  @Testing * Acc@1 96.528 Acc@5 99.653 Loss 2.014
21-Jan-26 17:54:31 - Best acc at epoch 51: 96.875
21-Jan-26 17:54:31 - Last learning rate: [1.953125e-06]
21-Jan-26 17:54:31 - 	 Epoch 52...
21-Jan-26 17:54:50 - Epoch: [52][  99/1176]	Time  0.187 ( 0.188)	Data  0.000 ( 0.002)	Loss 0.0000e+00 (0.0000e+00)	Acc@1 100.00 (100.00)	Acc@5 100.00 (100.00)
21-Jan-26 17:55:08 - Epoch: [52][ 199/1176]	Time  0.184 ( 0.185)	Data  0.000 ( 0.001)	Loss 0.0000e+00 (0.0000e+00)	Acc@1 100.00 (100.00)	Acc@5 100.00 (100.00)
21-Jan-26 17:55:27 - Epoch: [52][ 299/1176]	Time  0.177 ( 0.184)	Data  0.000 ( 0.001)	Loss 0.0000e+00 (0.0000e+00)	Acc@1 100.00 (100.00)	Acc@5 100.00 (100.00)
21-Jan-26 17:55:45 - Epoch: [52][ 399/1176]	Time  0.204 ( 0.184)	Data  0.000 ( 0.001)	Loss 0.0000e+00 (0.0000e+00)	Acc@1 100.00 (100.00)	Acc@5 100.00 (100.00)
21-Jan-26 17:56:03 - Epoch: [52][ 499/1176]	Time  0.183 ( 0.184)	Data  0.000 ( 0.001)	Loss 0.0000e+00 (0.0000e+00)	Acc@1 100.00 (100.00)	Acc@5 100.00 (100.00)
21-Jan-26 17:56:21 - Epoch: [52][ 599/1176]	Time  0.177 ( 0.183)	Data  0.000 ( 0.001)	Loss 0.0000e+00 (0.0000e+00)	Acc@1 100.00 (100.00)	Acc@5 100.00 (100.00)
21-Jan-26 17:56:39 - Epoch: [52][ 699/1176]	Time  0.185 ( 0.183)	Data  0.000 ( 0.000)	Loss 0.0000e+00 (0.0000e+00)	Acc@1 100.00 (100.00)	Acc@5 100.00 (100.00)
21-Jan-26 17:56:58 - Epoch: [52][ 799/1176]	Time  0.186 ( 0.183)	Data  0.000 ( 0.000)	Loss 0.0000e+00 (0.0000e+00)	Acc@1 100.00 (100.00)	Acc@5 100.00 (100.00)
21-Jan-26 17:57:16 - Epoch: [52][ 899/1176]	Time  0.180 ( 0.183)	Data  0.000 ( 0.000)	Loss 0.0000e+00 (0.0000e+00)	Acc@1 100.00 (100.00)	Acc@5 100.00 (100.00)
21-Jan-26 17:57:34 - Epoch: [52][ 999/1176]	Time  0.178 ( 0.183)	Data  0.000 ( 0.000)	Loss 0.0000e+00 (0.0000e+00)	Acc@1 100.00 (100.00)	Acc@5 100.00 (100.00)
21-Jan-26 17:57:52 - Epoch: [52][1099/1176]	Time  0.180 ( 0.183)	Data  0.000 ( 0.000)	Loss 0.0000e+00 (0.0000e+00)	Acc@1 100.00 (100.00)	Acc@5 100.00 (100.00)
21-Jan-26 17:58:06 -  @Training * Acc@1 100.000 Acc@5 100.000 Loss 0.000
21-Jan-26 17:58:06 - One training epoch latency: 215.0s | Avg Power: 241.9W | Energy: 52028.5023J
21-Jan-26 17:58:20 -  @Testing * Acc@1 96.875 Acc@5 99.653 Loss 2.128
21-Jan-26 17:58:20 - Best acc at epoch 52: 96.875
21-Jan-26 17:58:20 - Last learning rate: [1.953125e-06]
21-Jan-26 17:58:20 - 	 Epoch 53...
21-Jan-26 17:58:39 - Epoch: [53][  99/1176]	Time  0.184 ( 0.186)	Data  0.000 ( 0.002)	Loss 0.0000e+00 (0.0000e+00)	Acc@1 100.00 (100.00)	Acc@5 100.00 (100.00)
21-Jan-26 17:58:58 - Epoch: [53][ 199/1176]	Time  0.188 ( 0.186)	Data  0.000 ( 0.001)	Loss 0.0000e+00 (0.0000e+00)	Acc@1 100.00 (100.00)	Acc@5 100.00 (100.00)
21-Jan-26 17:59:16 - Epoch: [53][ 299/1176]	Time  0.183 ( 0.186)	Data  0.000 ( 0.001)	Loss 0.0000e+00 (0.0000e+00)	Acc@1 100.00 (100.00)	Acc@5 100.00 (100.00)
21-Jan-26 17:59:34 - Epoch: [53][ 399/1176]	Time  0.180 ( 0.185)	Data  0.000 ( 0.001)	Loss 0.0000e+00 (0.0000e+00)	Acc@1 100.00 (100.00)	Acc@5 100.00 (100.00)
21-Jan-26 17:59:53 - Epoch: [53][ 499/1176]	Time  0.212 ( 0.185)	Data  0.000 ( 0.001)	Loss 0.0000e+00 (0.0000e+00)	Acc@1 100.00 (100.00)	Acc@5 100.00 (100.00)
21-Jan-26 18:00:11 - Epoch: [53][ 599/1176]	Time  0.180 ( 0.185)	Data  0.000 ( 0.000)	Loss 0.0000e+00 (0.0000e+00)	Acc@1 100.00 (100.00)	Acc@5 100.00 (100.00)
21-Jan-26 18:00:29 - Epoch: [53][ 699/1176]	Time  0.179 ( 0.184)	Data  0.000 ( 0.000)	Loss 0.0000e+00 (0.0000e+00)	Acc@1 100.00 (100.00)	Acc@5 100.00 (100.00)
21-Jan-26 18:00:48 - Epoch: [53][ 799/1176]	Time  0.189 ( 0.184)	Data  0.000 ( 0.000)	Loss 0.0000e+00 (0.0000e+00)	Acc@1 100.00 (100.00)	Acc@5 100.00 (100.00)
21-Jan-26 18:01:06 - Epoch: [53][ 899/1176]	Time  0.181 ( 0.184)	Data  0.000 ( 0.000)	Loss 0.0000e+00 (0.0000e+00)	Acc@1 100.00 (100.00)	Acc@5 100.00 (100.00)
21-Jan-26 18:01:24 - Epoch: [53][ 999/1176]	Time  0.181 ( 0.184)	Data  0.000 ( 0.000)	Loss 0.0000e+00 (0.0000e+00)	Acc@1 100.00 (100.00)	Acc@5 100.00 (100.00)
21-Jan-26 18:01:43 - Epoch: [53][1099/1176]	Time  0.182 ( 0.184)	Data  0.000 ( 0.000)	Loss 0.0000e+00 (0.0000e+00)	Acc@1 100.00 (100.00)	Acc@5 100.00 (100.00)
21-Jan-26 18:01:57 -  @Training * Acc@1 100.000 Acc@5 100.000 Loss 0.000
21-Jan-26 18:01:57 - One training epoch latency: 216.2s | Avg Power: 241.6W | Energy: 52237.0892J
21-Jan-26 18:02:10 -  @Testing * Acc@1 96.528 Acc@5 99.653 Loss 2.299
21-Jan-26 18:02:10 - Best acc at epoch 53: 96.875
21-Jan-26 18:02:10 - Last learning rate: [1.953125e-06]
21-Jan-26 18:02:10 - 	 Epoch 54...
21-Jan-26 18:02:29 - Epoch: [54][  99/1176]	Time  0.183 ( 0.187)	Data  0.000 ( 0.002)	Loss 0.0000e+00 (0.0000e+00)	Acc@1 100.00 (100.00)	Acc@5 100.00 (100.00)
21-Jan-26 18:02:47 - Epoch: [54][ 199/1176]	Time  0.186 ( 0.187)	Data  0.000 ( 0.001)	Loss 0.0000e+00 (0.0000e+00)	Acc@1 100.00 (100.00)	Acc@5 100.00 (100.00)
21-Jan-26 18:03:06 - Epoch: [54][ 299/1176]	Time  0.177 ( 0.186)	Data  0.000 ( 0.001)	Loss 0.0000e+00 (0.0000e+00)	Acc@1 100.00 (100.00)	Acc@5 100.00 (100.00)
21-Jan-26 18:03:24 - Epoch: [54][ 399/1176]	Time  0.183 ( 0.185)	Data  0.000 ( 0.001)	Loss 0.0000e+00 (0.0000e+00)	Acc@1 100.00 (100.00)	Acc@5 100.00 (100.00)
21-Jan-26 18:03:43 - Epoch: [54][ 499/1176]	Time  0.186 ( 0.185)	Data  0.000 ( 0.001)	Loss 0.0000e+00 (0.0000e+00)	Acc@1 100.00 (100.00)	Acc@5 100.00 (100.00)
21-Jan-26 18:04:01 - Epoch: [54][ 599/1176]	Time  0.186 ( 0.185)	Data  0.000 ( 0.001)	Loss 0.0000e+00 (0.0000e+00)	Acc@1 100.00 (100.00)	Acc@5 100.00 (100.00)
21-Jan-26 18:04:19 - Epoch: [54][ 699/1176]	Time  0.184 ( 0.184)	Data  0.000 ( 0.000)	Loss 0.0000e+00 (0.0000e+00)	Acc@1 100.00 (100.00)	Acc@5 100.00 (100.00)
21-Jan-26 18:04:38 - Epoch: [54][ 799/1176]	Time  0.179 ( 0.184)	Data  0.000 ( 0.000)	Loss 0.0000e+00 (0.0000e+00)	Acc@1 100.00 (100.00)	Acc@5 100.00 (100.00)
21-Jan-26 18:04:56 - Epoch: [54][ 899/1176]	Time  0.177 ( 0.184)	Data  0.000 ( 0.000)	Loss 0.0000e+00 (0.0000e+00)	Acc@1 100.00 (100.00)	Acc@5 100.00 (100.00)
21-Jan-26 18:05:14 - Epoch: [54][ 999/1176]	Time  0.178 ( 0.184)	Data  0.000 ( 0.000)	Loss 0.0000e+00 (0.0000e+00)	Acc@1 100.00 (100.00)	Acc@5 100.00 (100.00)
21-Jan-26 18:05:32 - Epoch: [54][1099/1176]	Time  0.183 ( 0.184)	Data  0.000 ( 0.000)	Loss 0.0000e+00 (0.0000e+00)	Acc@1 100.00 (100.00)	Acc@5 100.00 (100.00)
21-Jan-26 18:05:46 -  @Training * Acc@1 100.000 Acc@5 100.000 Loss 0.000
21-Jan-26 18:05:46 - One training epoch latency: 216.2s | Avg Power: 241.3W | Energy: 52181.8660J
21-Jan-26 18:06:00 -  @Testing * Acc@1 96.875 Acc@5 99.653 Loss 2.264
21-Jan-26 18:06:00 - Best acc at epoch 54: 96.875
21-Jan-26 18:06:00 - Last learning rate: [1.953125e-06]
21-Jan-26 18:06:00 - 	 Epoch 55...
21-Jan-26 18:06:19 - Epoch: [55][  99/1176]	Time  0.187 ( 0.188)	Data  0.000 ( 0.002)	Loss 0.0000e+00 (0.0000e+00)	Acc@1 100.00 (100.00)	Acc@5 100.00 (100.00)
21-Jan-26 18:06:38 - Epoch: [55][ 199/1176]	Time  0.188 ( 0.187)	Data  0.000 ( 0.001)	Loss 0.0000e+00 (0.0000e+00)	Acc@1 100.00 (100.00)	Acc@5 100.00 (100.00)
21-Jan-26 18:06:56 - Epoch: [55][ 299/1176]	Time  0.181 ( 0.186)	Data  0.000 ( 0.001)	Loss 0.0000e+00 (0.0000e+00)	Acc@1 100.00 (100.00)	Acc@5 100.00 (100.00)
21-Jan-26 18:07:14 - Epoch: [55][ 399/1176]	Time  0.184 ( 0.185)	Data  0.000 ( 0.001)	Loss 0.0000e+00 (0.0000e+00)	Acc@1 100.00 (100.00)	Acc@5 100.00 (100.00)
21-Jan-26 18:07:33 - Epoch: [55][ 499/1176]	Time  0.182 ( 0.185)	Data  0.000 ( 0.001)	Loss 0.0000e+00 (0.0000e+00)	Acc@1 100.00 (100.00)	Acc@5 100.00 (100.00)
21-Jan-26 18:07:51 - Epoch: [55][ 599/1176]	Time  0.180 ( 0.184)	Data  0.000 ( 0.001)	Loss 0.0000e+00 (0.0000e+00)	Acc@1 100.00 (100.00)	Acc@5 100.00 (100.00)
21-Jan-26 18:08:09 - Epoch: [55][ 699/1176]	Time  0.178 ( 0.184)	Data  0.000 ( 0.000)	Loss 0.0000e+00 (0.0000e+00)	Acc@1 100.00 (100.00)	Acc@5 100.00 (100.00)
21-Jan-26 18:08:27 - Epoch: [55][ 799/1176]	Time  0.185 ( 0.184)	Data  0.000 ( 0.000)	Loss 0.0000e+00 (0.0000e+00)	Acc@1 100.00 (100.00)	Acc@5 100.00 (100.00)
21-Jan-26 18:08:46 - Epoch: [55][ 899/1176]	Time  0.191 ( 0.184)	Data  0.000 ( 0.000)	Loss 0.0000e+00 (0.0000e+00)	Acc@1 100.00 (100.00)	Acc@5 100.00 (100.00)
21-Jan-26 18:09:04 - Epoch: [55][ 999/1176]	Time  0.178 ( 0.184)	Data  0.000 ( 0.000)	Loss 0.0000e+00 (0.0000e+00)	Acc@1 100.00 (100.00)	Acc@5 100.00 (100.00)
21-Jan-26 18:09:22 - Epoch: [55][1099/1176]	Time  0.183 ( 0.184)	Data  0.000 ( 0.000)	Loss 0.0000e+00 (0.0000e+00)	Acc@1 100.00 (100.00)	Acc@5 100.00 (100.00)
21-Jan-26 18:09:36 -  @Training * Acc@1 100.000 Acc@5 100.000 Loss 0.000
21-Jan-26 18:09:36 - One training epoch latency: 216.1s | Avg Power: 241.5W | Energy: 52182.1790J
21-Jan-26 18:09:51 -  @Testing * Acc@1 96.528 Acc@5 99.653 Loss 2.170
21-Jan-26 18:09:51 - Best acc at epoch 55: 96.875
21-Jan-26 18:09:51 - Last learning rate: [1.953125e-06]
21-Jan-26 18:09:51 - 	 Epoch 56...
21-Jan-26 18:10:09 - Epoch: [56][  99/1176]	Time  0.184 ( 0.185)	Data  0.000 ( 0.002)	Loss 0.0000e+00 (0.0000e+00)	Acc@1 100.00 (100.00)	Acc@5 100.00 (100.00)
21-Jan-26 18:10:28 - Epoch: [56][ 199/1176]	Time  0.189 ( 0.185)	Data  0.000 ( 0.001)	Loss 0.0000e+00 (0.0000e+00)	Acc@1 100.00 (100.00)	Acc@5 100.00 (100.00)
21-Jan-26 18:10:46 - Epoch: [56][ 299/1176]	Time  0.186 ( 0.186)	Data  0.000 ( 0.001)	Loss 0.0000e+00 (0.0000e+00)	Acc@1 100.00 (100.00)	Acc@5 100.00 (100.00)
21-Jan-26 18:11:05 - Epoch: [56][ 399/1176]	Time  0.193 ( 0.185)	Data  0.000 ( 0.001)	Loss 0.0000e+00 (0.0000e+00)	Acc@1 100.00 (100.00)	Acc@5 100.00 (100.00)
21-Jan-26 18:11:23 - Epoch: [56][ 499/1176]	Time  0.180 ( 0.185)	Data  0.000 ( 0.001)	Loss 0.0000e+00 (0.0000e+00)	Acc@1 100.00 (100.00)	Acc@5 100.00 (100.00)
21-Jan-26 18:11:41 - Epoch: [56][ 599/1176]	Time  0.182 ( 0.185)	Data  0.000 ( 0.001)	Loss 0.0000e+00 (0.0000e+00)	Acc@1 100.00 (100.00)	Acc@5 100.00 (100.00)
21-Jan-26 18:12:00 - Epoch: [56][ 699/1176]	Time  0.188 ( 0.184)	Data  0.000 ( 0.000)	Loss 0.0000e+00 (0.0000e+00)	Acc@1 100.00 (100.00)	Acc@5 100.00 (100.00)
21-Jan-26 18:12:18 - Epoch: [56][ 799/1176]	Time  0.181 ( 0.184)	Data  0.000 ( 0.000)	Loss 0.0000e+00 (0.0000e+00)	Acc@1 100.00 (100.00)	Acc@5 100.00 (100.00)
21-Jan-26 18:12:36 - Epoch: [56][ 899/1176]	Time  0.181 ( 0.184)	Data  0.000 ( 0.000)	Loss 0.0000e+00 (0.0000e+00)	Acc@1 100.00 (100.00)	Acc@5 100.00 (100.00)
21-Jan-26 18:12:55 - Epoch: [56][ 999/1176]	Time  0.179 ( 0.184)	Data  0.000 ( 0.000)	Loss 0.0000e+00 (0.0000e+00)	Acc@1 100.00 (100.00)	Acc@5 100.00 (100.00)
21-Jan-26 18:13:13 - Epoch: [56][1099/1176]	Time  0.184 ( 0.184)	Data  0.000 ( 0.000)	Loss 0.0000e+00 (0.0000e+00)	Acc@1 100.00 (100.00)	Acc@5 100.00 (100.00)
21-Jan-26 18:13:27 -  @Training * Acc@1 100.000 Acc@5 100.000 Loss 0.000
21-Jan-26 18:13:27 - One training epoch latency: 216.2s | Avg Power: 241.4W | Energy: 52173.0903J
21-Jan-26 18:13:41 -  @Testing * Acc@1 96.528 Acc@5 99.653 Loss 2.317
21-Jan-26 18:13:41 - Best acc at epoch 56: 96.875
21-Jan-26 18:13:41 - Last learning rate: [1.953125e-06]
21-Jan-26 18:13:41 - 	 Epoch 57...
21-Jan-26 18:13:59 - Epoch: [57][  99/1176]	Time  0.180 ( 0.185)	Data  0.000 ( 0.002)	Loss 0.0000e+00 (0.0000e+00)	Acc@1 100.00 (100.00)	Acc@5 100.00 (100.00)
21-Jan-26 18:14:18 - Epoch: [57][ 199/1176]	Time  0.185 ( 0.185)	Data  0.000 ( 0.001)	Loss 0.0000e+00 (0.0000e+00)	Acc@1 100.00 (100.00)	Acc@5 100.00 (100.00)
21-Jan-26 18:14:36 - Epoch: [57][ 299/1176]	Time  0.181 ( 0.185)	Data  0.000 ( 0.001)	Loss 0.0000e+00 (0.0000e+00)	Acc@1 100.00 (100.00)	Acc@5 100.00 (100.00)
21-Jan-26 18:14:55 - Epoch: [57][ 399/1176]	Time  0.181 ( 0.185)	Data  0.000 ( 0.001)	Loss 0.0000e+00 (0.0000e+00)	Acc@1 100.00 (100.00)	Acc@5 100.00 (100.00)
21-Jan-26 18:15:13 - Epoch: [57][ 499/1176]	Time  0.184 ( 0.185)	Data  0.000 ( 0.001)	Loss 0.0000e+00 (0.0000e+00)	Acc@1 100.00 (100.00)	Acc@5 100.00 (100.00)
21-Jan-26 18:15:31 - Epoch: [57][ 599/1176]	Time  0.184 ( 0.184)	Data  0.000 ( 0.000)	Loss 0.0000e+00 (0.0000e+00)	Acc@1 100.00 (100.00)	Acc@5 100.00 (100.00)
21-Jan-26 18:15:50 - Epoch: [57][ 699/1176]	Time  0.190 ( 0.184)	Data  0.000 ( 0.000)	Loss 0.0000e+00 (0.0000e+00)	Acc@1 100.00 (100.00)	Acc@5 100.00 (100.00)
21-Jan-26 18:16:08 - Epoch: [57][ 799/1176]	Time  0.182 ( 0.184)	Data  0.000 ( 0.000)	Loss 0.0000e+00 (0.0000e+00)	Acc@1 100.00 (100.00)	Acc@5 100.00 (100.00)
21-Jan-26 18:16:26 - Epoch: [57][ 899/1176]	Time  0.178 ( 0.184)	Data  0.000 ( 0.000)	Loss 0.0000e+00 (0.0000e+00)	Acc@1 100.00 (100.00)	Acc@5 100.00 (100.00)
21-Jan-26 18:16:45 - Epoch: [57][ 999/1176]	Time  0.184 ( 0.184)	Data  0.000 ( 0.000)	Loss 0.0000e+00 (0.0000e+00)	Acc@1 100.00 (100.00)	Acc@5 100.00 (100.00)
21-Jan-26 18:17:03 - Epoch: [57][1099/1176]	Time  0.183 ( 0.184)	Data  0.000 ( 0.000)	Loss 0.0000e+00 (0.0000e+00)	Acc@1 100.00 (100.00)	Acc@5 100.00 (100.00)
21-Jan-26 18:17:17 -  @Training * Acc@1 100.000 Acc@5 100.000 Loss 0.000
21-Jan-26 18:17:17 - One training epoch latency: 216.0s | Avg Power: 243.3W | Energy: 52548.6207J
21-Jan-26 18:17:31 -  @Testing * Acc@1 96.528 Acc@5 99.653 Loss 2.230
21-Jan-26 18:17:31 - Best acc at epoch 57: 96.875
21-Jan-26 18:17:31 - Last learning rate: [9.765625e-07]
21-Jan-26 18:17:31 - 	 Epoch 58...
21-Jan-26 18:17:50 - Epoch: [58][  99/1176]	Time  0.192 ( 0.187)	Data  0.000 ( 0.002)	Loss 0.0000e+00 (0.0000e+00)	Acc@1 100.00 (100.00)	Acc@5 100.00 (100.00)
21-Jan-26 18:18:08 - Epoch: [58][ 199/1176]	Time  0.184 ( 0.186)	Data  0.000 ( 0.001)	Loss 0.0000e+00 (0.0000e+00)	Acc@1 100.00 (100.00)	Acc@5 100.00 (100.00)
21-Jan-26 18:18:27 - Epoch: [58][ 299/1176]	Time  0.181 ( 0.186)	Data  0.000 ( 0.001)	Loss 0.0000e+00 (0.0000e+00)	Acc@1 100.00 (100.00)	Acc@5 100.00 (100.00)
21-Jan-26 18:18:45 - Epoch: [58][ 399/1176]	Time  0.178 ( 0.186)	Data  0.000 ( 0.001)	Loss 0.0000e+00 (0.0000e+00)	Acc@1 100.00 (100.00)	Acc@5 100.00 (100.00)
21-Jan-26 18:19:04 - Epoch: [58][ 499/1176]	Time  0.191 ( 0.185)	Data  0.000 ( 0.001)	Loss 0.0000e+00 (0.0000e+00)	Acc@1 100.00 (100.00)	Acc@5 100.00 (100.00)
21-Jan-26 18:19:22 - Epoch: [58][ 599/1176]	Time  0.184 ( 0.185)	Data  0.000 ( 0.001)	Loss 0.0000e+00 (0.0000e+00)	Acc@1 100.00 (100.00)	Acc@5 100.00 (100.00)
21-Jan-26 18:19:40 - Epoch: [58][ 699/1176]	Time  0.178 ( 0.185)	Data  0.000 ( 0.000)	Loss 0.0000e+00 (0.0000e+00)	Acc@1 100.00 (100.00)	Acc@5 100.00 (100.00)
21-Jan-26 18:19:59 - Epoch: [58][ 799/1176]	Time  0.192 ( 0.185)	Data  0.000 ( 0.000)	Loss 0.0000e+00 (0.0000e+00)	Acc@1 100.00 (100.00)	Acc@5 100.00 (100.00)
21-Jan-26 18:20:17 - Epoch: [58][ 899/1176]	Time  0.184 ( 0.184)	Data  0.000 ( 0.000)	Loss 0.0000e+00 (0.0000e+00)	Acc@1 100.00 (100.00)	Acc@5 100.00 (100.00)
21-Jan-26 18:20:35 - Epoch: [58][ 999/1176]	Time  0.183 ( 0.184)	Data  0.000 ( 0.000)	Loss 0.0000e+00 (0.0000e+00)	Acc@1 100.00 (100.00)	Acc@5 100.00 (100.00)
21-Jan-26 18:20:54 - Epoch: [58][1099/1176]	Time  0.191 ( 0.184)	Data  0.000 ( 0.000)	Loss 0.0000e+00 (0.0000e+00)	Acc@1 100.00 (100.00)	Acc@5 100.00 (100.00)
21-Jan-26 18:21:08 -  @Training * Acc@1 100.000 Acc@5 100.000 Loss 0.000
21-Jan-26 18:21:08 - One training epoch latency: 216.6s | Avg Power: 243.1W | Energy: 52653.1214J
21-Jan-26 18:21:22 -  @Testing * Acc@1 96.528 Acc@5 99.653 Loss 2.213
21-Jan-26 18:21:22 - Best acc at epoch 58: 96.875
21-Jan-26 18:21:22 - Last learning rate: [9.765625e-07]
21-Jan-26 18:21:22 - 	 Epoch 59...
21-Jan-26 18:21:40 - Epoch: [59][  99/1176]	Time  0.179 ( 0.185)	Data  0.000 ( 0.002)	Loss 0.0000e+00 (0.0000e+00)	Acc@1 100.00 (100.00)	Acc@5 100.00 (100.00)
21-Jan-26 18:21:59 - Epoch: [59][ 199/1176]	Time  0.195 ( 0.186)	Data  0.000 ( 0.001)	Loss 0.0000e+00 (0.0000e+00)	Acc@1 100.00 (100.00)	Acc@5 100.00 (100.00)
21-Jan-26 18:22:17 - Epoch: [59][ 299/1176]	Time  0.183 ( 0.186)	Data  0.000 ( 0.001)	Loss 0.0000e+00 (0.0000e+00)	Acc@1 100.00 (100.00)	Acc@5 100.00 (100.00)
21-Jan-26 18:22:36 - Epoch: [59][ 399/1176]	Time  0.189 ( 0.185)	Data  0.000 ( 0.001)	Loss 0.0000e+00 (0.0000e+00)	Acc@1 100.00 (100.00)	Acc@5 100.00 (100.00)
21-Jan-26 18:22:54 - Epoch: [59][ 499/1176]	Time  0.184 ( 0.185)	Data  0.000 ( 0.001)	Loss 0.0000e+00 (0.0000e+00)	Acc@1 100.00 (100.00)	Acc@5 100.00 (100.00)
21-Jan-26 18:23:12 - Epoch: [59][ 599/1176]	Time  0.182 ( 0.184)	Data  0.000 ( 0.001)	Loss 0.0000e+00 (0.0000e+00)	Acc@1 100.00 (100.00)	Acc@5 100.00 (100.00)
21-Jan-26 18:23:31 - Epoch: [59][ 699/1176]	Time  0.184 ( 0.184)	Data  0.000 ( 0.001)	Loss 0.0000e+00 (0.0000e+00)	Acc@1 100.00 (100.00)	Acc@5 100.00 (100.00)
21-Jan-26 18:23:49 - Epoch: [59][ 799/1176]	Time  0.182 ( 0.184)	Data  0.000 ( 0.000)	Loss 0.0000e+00 (0.0000e+00)	Acc@1 100.00 (100.00)	Acc@5 100.00 (100.00)
21-Jan-26 18:24:07 - Epoch: [59][ 899/1176]	Time  0.181 ( 0.184)	Data  0.000 ( 0.000)	Loss 0.0000e+00 (0.0000e+00)	Acc@1 100.00 (100.00)	Acc@5 100.00 (100.00)
21-Jan-26 18:24:25 - Epoch: [59][ 999/1176]	Time  0.181 ( 0.184)	Data  0.000 ( 0.000)	Loss 0.0000e+00 (0.0000e+00)	Acc@1 100.00 (100.00)	Acc@5 100.00 (100.00)
21-Jan-26 18:24:44 - Epoch: [59][1099/1176]	Time  0.187 ( 0.184)	Data  0.000 ( 0.000)	Loss 0.0000e+00 (0.0000e+00)	Acc@1 100.00 (100.00)	Acc@5 100.00 (100.00)
21-Jan-26 18:24:58 -  @Training * Acc@1 100.000 Acc@5 100.000 Loss 0.000
21-Jan-26 18:24:58 - One training epoch latency: 216.1s | Avg Power: 242.6W | Energy: 52424.9986J
21-Jan-26 18:25:12 -  @Testing * Acc@1 96.528 Acc@5 99.653 Loss 2.147
21-Jan-26 18:25:12 - Best acc at epoch 59: 96.875
21-Jan-26 18:25:12 - Last learning rate: [9.765625e-07]
21-Jan-26 18:25:12 - 	 Epoch 60...
21-Jan-26 18:25:30 - Epoch: [60][  99/1176]	Time  0.181 ( 0.185)	Data  0.000 ( 0.002)	Loss 0.0000e+00 (0.0000e+00)	Acc@1 100.00 (100.00)	Acc@5 100.00 (100.00)
21-Jan-26 18:25:49 - Epoch: [60][ 199/1176]	Time  0.195 ( 0.184)	Data  0.000 ( 0.001)	Loss 0.0000e+00 (0.0000e+00)	Acc@1 100.00 (100.00)	Acc@5 100.00 (100.00)
21-Jan-26 18:26:07 - Epoch: [60][ 299/1176]	Time  0.183 ( 0.184)	Data  0.000 ( 0.001)	Loss 0.0000e+00 (0.0000e+00)	Acc@1 100.00 (100.00)	Acc@5 100.00 (100.00)
21-Jan-26 18:26:26 - Epoch: [60][ 399/1176]	Time  0.192 ( 0.184)	Data  0.000 ( 0.001)	Loss 0.0000e+00 (0.0000e+00)	Acc@1 100.00 (100.00)	Acc@5 100.00 (100.00)
21-Jan-26 18:26:44 - Epoch: [60][ 499/1176]	Time  0.182 ( 0.185)	Data  0.000 ( 0.001)	Loss 0.0000e+00 (0.0000e+00)	Acc@1 100.00 (100.00)	Acc@5 100.00 (100.00)
21-Jan-26 18:27:03 - Epoch: [60][ 599/1176]	Time  0.182 ( 0.184)	Data  0.000 ( 0.000)	Loss 0.0000e+00 (0.0000e+00)	Acc@1 100.00 (100.00)	Acc@5 100.00 (100.00)
21-Jan-26 18:27:21 - Epoch: [60][ 699/1176]	Time  0.183 ( 0.184)	Data  0.000 ( 0.000)	Loss 0.0000e+00 (0.0000e+00)	Acc@1 100.00 (100.00)	Acc@5 100.00 (100.00)
21-Jan-26 18:27:39 - Epoch: [60][ 799/1176]	Time  0.177 ( 0.184)	Data  0.000 ( 0.000)	Loss 0.0000e+00 (0.0000e+00)	Acc@1 100.00 (100.00)	Acc@5 100.00 (100.00)
21-Jan-26 18:27:57 - Epoch: [60][ 899/1176]	Time  0.184 ( 0.184)	Data  0.000 ( 0.000)	Loss 0.0000e+00 (0.0000e+00)	Acc@1 100.00 (100.00)	Acc@5 100.00 (100.00)
21-Jan-26 18:28:16 - Epoch: [60][ 999/1176]	Time  0.192 ( 0.184)	Data  0.000 ( 0.000)	Loss 0.0000e+00 (0.0000e+00)	Acc@1 100.00 (100.00)	Acc@5 100.00 (100.00)
21-Jan-26 18:28:34 - Epoch: [60][1099/1176]	Time  0.180 ( 0.184)	Data  0.000 ( 0.000)	Loss 0.0000e+00 (0.0000e+00)	Acc@1 100.00 (100.00)	Acc@5 100.00 (100.00)
21-Jan-26 18:28:48 -  @Training * Acc@1 100.000 Acc@5 100.000 Loss 0.000
21-Jan-26 18:28:48 - One training epoch latency: 216.2s | Avg Power: 243.0W | Energy: 52529.4990J
21-Jan-26 18:29:02 -  @Testing * Acc@1 96.528 Acc@5 99.653 Loss 2.261
21-Jan-26 18:29:02 - Best acc at epoch 60: 96.875
21-Jan-26 18:29:02 - Last learning rate: [9.765625e-07]
21-Jan-26 18:29:02 - 	 Epoch 61...
21-Jan-26 18:29:21 - Epoch: [61][  99/1176]	Time  0.188 ( 0.185)	Data  0.000 ( 0.002)	Loss 0.0000e+00 (0.0000e+00)	Acc@1 100.00 (100.00)	Acc@5 100.00 (100.00)
21-Jan-26 18:29:39 - Epoch: [61][ 199/1176]	Time  0.180 ( 0.184)	Data  0.000 ( 0.001)	Loss 0.0000e+00 (0.0000e+00)	Acc@1 100.00 (100.00)	Acc@5 100.00 (100.00)
21-Jan-26 18:29:57 - Epoch: [61][ 299/1176]	Time  0.177 ( 0.184)	Data  0.000 ( 0.001)	Loss 0.0000e+00 (0.0000e+00)	Acc@1 100.00 (100.00)	Acc@5 100.00 (100.00)
21-Jan-26 18:30:16 - Epoch: [61][ 399/1176]	Time  0.187 ( 0.184)	Data  0.000 ( 0.001)	Loss 0.0000e+00 (0.0000e+00)	Acc@1 100.00 (100.00)	Acc@5 100.00 (100.00)
21-Jan-26 18:30:34 - Epoch: [61][ 499/1176]	Time  0.188 ( 0.184)	Data  0.000 ( 0.001)	Loss 0.0000e+00 (0.0000e+00)	Acc@1 100.00 (100.00)	Acc@5 100.00 (100.00)
21-Jan-26 18:30:53 - Epoch: [61][ 599/1176]	Time  0.178 ( 0.184)	Data  0.000 ( 0.000)	Loss 0.0000e+00 (0.0000e+00)	Acc@1 100.00 (100.00)	Acc@5 100.00 (100.00)
21-Jan-26 18:31:11 - Epoch: [61][ 699/1176]	Time  0.197 ( 0.184)	Data  0.000 ( 0.000)	Loss 0.0000e+00 (0.0000e+00)	Acc@1 100.00 (100.00)	Acc@5 100.00 (100.00)
21-Jan-26 18:31:30 - Epoch: [61][ 799/1176]	Time  0.185 ( 0.184)	Data  0.000 ( 0.000)	Loss 0.0000e+00 (0.0000e+00)	Acc@1 100.00 (100.00)	Acc@5 100.00 (100.00)
21-Jan-26 18:31:48 - Epoch: [61][ 899/1176]	Time  0.185 ( 0.184)	Data  0.000 ( 0.000)	Loss 0.0000e+00 (0.0000e+00)	Acc@1 100.00 (100.00)	Acc@5 100.00 (100.00)
21-Jan-26 18:32:06 - Epoch: [61][ 999/1176]	Time  0.179 ( 0.184)	Data  0.000 ( 0.000)	Loss 0.0000e+00 (0.0000e+00)	Acc@1 100.00 (100.00)	Acc@5 100.00 (100.00)
21-Jan-26 18:32:25 - Epoch: [61][1099/1176]	Time  0.188 ( 0.184)	Data  0.000 ( 0.000)	Loss 0.0000e+00 (0.0000e+00)	Acc@1 100.00 (100.00)	Acc@5 100.00 (100.00)
21-Jan-26 18:32:39 -  @Training * Acc@1 100.000 Acc@5 100.000 Loss 0.000
21-Jan-26 18:32:39 - One training epoch latency: 216.4s | Avg Power: 244.0W | Energy: 52798.6169J
21-Jan-26 18:32:53 -  @Testing * Acc@1 96.528 Acc@5 99.653 Loss 2.149
21-Jan-26 18:32:53 - Best acc at epoch 61: 96.875
21-Jan-26 18:32:53 - Last learning rate: [9.765625e-07]
21-Jan-26 18:32:53 - 	 Epoch 62...
21-Jan-26 18:33:11 - Epoch: [62][  99/1176]	Time  0.193 ( 0.186)	Data  0.000 ( 0.002)	Loss 0.0000e+00 (0.0000e+00)	Acc@1 100.00 (100.00)	Acc@5 100.00 (100.00)
21-Jan-26 18:33:30 - Epoch: [62][ 199/1176]	Time  0.183 ( 0.184)	Data  0.000 ( 0.001)	Loss 0.0000e+00 (0.0000e+00)	Acc@1 100.00 (100.00)	Acc@5 100.00 (100.00)
21-Jan-26 18:33:48 - Epoch: [62][ 299/1176]	Time  0.181 ( 0.184)	Data  0.000 ( 0.001)	Loss 0.0000e+00 (0.0000e+00)	Acc@1 100.00 (100.00)	Acc@5 100.00 (100.00)
21-Jan-26 18:34:06 - Epoch: [62][ 399/1176]	Time  0.183 ( 0.184)	Data  0.000 ( 0.001)	Loss 0.0000e+00 (0.0000e+00)	Acc@1 100.00 (100.00)	Acc@5 100.00 (100.00)
21-Jan-26 18:34:25 - Epoch: [62][ 499/1176]	Time  0.186 ( 0.184)	Data  0.000 ( 0.001)	Loss 0.0000e+00 (0.0000e+00)	Acc@1 100.00 (100.00)	Acc@5 100.00 (100.00)
21-Jan-26 18:34:43 - Epoch: [62][ 599/1176]	Time  0.183 ( 0.185)	Data  0.000 ( 0.000)	Loss 0.0000e+00 (0.0000e+00)	Acc@1 100.00 (100.00)	Acc@5 100.00 (100.00)
21-Jan-26 18:35:02 - Epoch: [62][ 699/1176]	Time  0.185 ( 0.185)	Data  0.000 ( 0.000)	Loss 0.0000e+00 (0.0000e+00)	Acc@1 100.00 (100.00)	Acc@5 100.00 (100.00)
21-Jan-26 18:35:20 - Epoch: [62][ 799/1176]	Time  0.182 ( 0.185)	Data  0.000 ( 0.000)	Loss 0.0000e+00 (0.0000e+00)	Acc@1 100.00 (100.00)	Acc@5 100.00 (100.00)
21-Jan-26 18:35:39 - Epoch: [62][ 899/1176]	Time  0.203 ( 0.184)	Data  0.000 ( 0.000)	Loss 0.0000e+00 (0.0000e+00)	Acc@1 100.00 (100.00)	Acc@5 100.00 (100.00)
21-Jan-26 18:35:57 - Epoch: [62][ 999/1176]	Time  0.182 ( 0.184)	Data  0.000 ( 0.000)	Loss 0.0000e+00 (0.0000e+00)	Acc@1 100.00 (100.00)	Acc@5 100.00 (100.00)
21-Jan-26 18:36:16 - Epoch: [62][1099/1176]	Time  0.182 ( 0.184)	Data  0.000 ( 0.000)	Loss 0.0000e+00 (0.0000e+00)	Acc@1 100.00 (100.00)	Acc@5 100.00 (100.00)
21-Jan-26 18:36:30 -  @Training * Acc@1 100.000 Acc@5 100.000 Loss 0.000
21-Jan-26 18:36:30 - One training epoch latency: 216.7s | Avg Power: 242.6W | Energy: 52573.4871J
21-Jan-26 18:36:44 -  @Testing * Acc@1 96.528 Acc@5 99.653 Loss 2.270
21-Jan-26 18:36:44 - Best acc at epoch 62: 96.875
21-Jan-26 18:36:44 - Last learning rate: [9.765625e-07]
21-Jan-26 18:36:44 - 	 Epoch 63...
21-Jan-26 18:37:02 - Epoch: [63][  99/1176]	Time  0.183 ( 0.186)	Data  0.000 ( 0.002)	Loss 0.0000e+00 (0.0000e+00)	Acc@1 100.00 (100.00)	Acc@5 100.00 (100.00)
21-Jan-26 18:37:21 - Epoch: [63][ 199/1176]	Time  0.179 ( 0.185)	Data  0.000 ( 0.001)	Loss 0.0000e+00 (0.0000e+00)	Acc@1 100.00 (100.00)	Acc@5 100.00 (100.00)
21-Jan-26 18:37:39 - Epoch: [63][ 299/1176]	Time  0.184 ( 0.184)	Data  0.000 ( 0.001)	Loss 0.0000e+00 (0.0000e+00)	Acc@1 100.00 (100.00)	Acc@5 100.00 (100.00)
21-Jan-26 18:37:57 - Epoch: [63][ 399/1176]	Time  0.180 ( 0.184)	Data  0.000 ( 0.001)	Loss 0.0000e+00 (0.0000e+00)	Acc@1 100.00 (100.00)	Acc@5 100.00 (100.00)
21-Jan-26 18:38:16 - Epoch: [63][ 499/1176]	Time  0.184 ( 0.184)	Data  0.000 ( 0.001)	Loss 0.0000e+00 (0.0000e+00)	Acc@1 100.00 (100.00)	Acc@5 100.00 (100.00)
21-Jan-26 18:38:34 - Epoch: [63][ 599/1176]	Time  0.180 ( 0.184)	Data  0.000 ( 0.001)	Loss 0.0000e+00 (0.0000e+00)	Acc@1 100.00 (100.00)	Acc@5 100.00 (100.00)
21-Jan-26 18:38:52 - Epoch: [63][ 699/1176]	Time  0.180 ( 0.184)	Data  0.000 ( 0.001)	Loss 0.0000e+00 (0.0000e+00)	Acc@1 100.00 (100.00)	Acc@5 100.00 (100.00)
21-Jan-26 18:39:11 - Epoch: [63][ 799/1176]	Time  0.187 ( 0.184)	Data  0.000 ( 0.000)	Loss 0.0000e+00 (0.0000e+00)	Acc@1 100.00 (100.00)	Acc@5 100.00 (100.00)
21-Jan-26 18:39:30 - Epoch: [63][ 899/1176]	Time  0.185 ( 0.184)	Data  0.000 ( 0.000)	Loss 0.0000e+00 (0.0000e+00)	Acc@1 100.00 (100.00)	Acc@5 100.00 (100.00)
21-Jan-26 18:39:48 - Epoch: [63][ 999/1176]	Time  0.181 ( 0.184)	Data  0.000 ( 0.000)	Loss 0.0000e+00 (0.0000e+00)	Acc@1 100.00 (100.00)	Acc@5 100.00 (100.00)
21-Jan-26 18:40:06 - Epoch: [63][1099/1176]	Time  0.186 ( 0.184)	Data  0.000 ( 0.000)	Loss 0.0000e+00 (0.0000e+00)	Acc@1 100.00 (100.00)	Acc@5 100.00 (100.00)
21-Jan-26 18:40:20 -  @Training * Acc@1 100.000 Acc@5 100.000 Loss 0.000
21-Jan-26 18:40:20 - One training epoch latency: 216.6s | Avg Power: 242.5W | Energy: 52533.1027J
21-Jan-26 18:40:34 -  @Testing * Acc@1 96.528 Acc@5 99.653 Loss 2.143
21-Jan-26 18:40:34 - Best acc at epoch 63: 96.875
21-Jan-26 18:40:34 - Last learning rate: [4.8828125e-07]
21-Jan-26 18:40:34 - 	 Epoch 64...
21-Jan-26 18:40:53 - Epoch: [64][  99/1176]	Time  0.183 ( 0.185)	Data  0.000 ( 0.002)	Loss 0.0000e+00 (0.0000e+00)	Acc@1 100.00 (100.00)	Acc@5 100.00 (100.00)
21-Jan-26 18:41:11 - Epoch: [64][ 199/1176]	Time  0.193 ( 0.184)	Data  0.000 ( 0.001)	Loss 0.0000e+00 (0.0000e+00)	Acc@1 100.00 (100.00)	Acc@5 100.00 (100.00)
21-Jan-26 18:41:30 - Epoch: [64][ 299/1176]	Time  0.191 ( 0.184)	Data  0.000 ( 0.001)	Loss 0.0000e+00 (0.0000e+00)	Acc@1 100.00 (100.00)	Acc@5 100.00 (100.00)
21-Jan-26 18:41:48 - Epoch: [64][ 399/1176]	Time  0.180 ( 0.184)	Data  0.000 ( 0.001)	Loss 0.0000e+00 (0.0000e+00)	Acc@1 100.00 (100.00)	Acc@5 100.00 (100.00)
21-Jan-26 18:42:06 - Epoch: [64][ 499/1176]	Time  0.180 ( 0.183)	Data  0.000 ( 0.001)	Loss 0.0000e+00 (0.0000e+00)	Acc@1 100.00 (100.00)	Acc@5 100.00 (100.00)
21-Jan-26 18:42:25 - Epoch: [64][ 599/1176]	Time  0.179 ( 0.183)	Data  0.000 ( 0.001)	Loss 0.0000e+00 (0.0000e+00)	Acc@1 100.00 (100.00)	Acc@5 100.00 (100.00)
21-Jan-26 18:42:43 - Epoch: [64][ 699/1176]	Time  0.180 ( 0.183)	Data  0.000 ( 0.000)	Loss 0.0000e+00 (0.0000e+00)	Acc@1 100.00 (100.00)	Acc@5 100.00 (100.00)
21-Jan-26 18:43:01 - Epoch: [64][ 799/1176]	Time  0.180 ( 0.183)	Data  0.000 ( 0.000)	Loss 0.0000e+00 (0.0000e+00)	Acc@1 100.00 (100.00)	Acc@5 100.00 (100.00)
21-Jan-26 18:43:20 - Epoch: [64][ 899/1176]	Time  0.184 ( 0.183)	Data  0.000 ( 0.000)	Loss 0.0000e+00 (0.0000e+00)	Acc@1 100.00 (100.00)	Acc@5 100.00 (100.00)
21-Jan-26 18:43:38 - Epoch: [64][ 999/1176]	Time  0.181 ( 0.184)	Data  0.000 ( 0.000)	Loss 0.0000e+00 (0.0000e+00)	Acc@1 100.00 (100.00)	Acc@5 100.00 (100.00)
21-Jan-26 18:43:57 - Epoch: [64][1099/1176]	Time  0.182 ( 0.184)	Data  0.000 ( 0.000)	Loss 0.0000e+00 (0.0000e+00)	Acc@1 100.00 (100.00)	Acc@5 100.00 (100.00)
21-Jan-26 18:44:11 -  @Training * Acc@1 100.000 Acc@5 100.000 Loss 0.000
21-Jan-26 18:44:11 - One training epoch latency: 216.4s | Avg Power: 242.8W | Energy: 52546.0870J
21-Jan-26 18:44:25 -  @Testing * Acc@1 96.528 Acc@5 99.653 Loss 2.085
21-Jan-26 18:44:25 - Best acc at epoch 64: 96.875
21-Jan-26 18:44:25 - Last learning rate: [4.8828125e-07]
21-Jan-26 18:44:25 - 	 Epoch 65...
21-Jan-26 18:44:43 - Epoch: [65][  99/1176]	Time  0.184 ( 0.186)	Data  0.000 ( 0.002)	Loss 0.0000e+00 (0.0000e+00)	Acc@1 100.00 (100.00)	Acc@5 100.00 (100.00)
21-Jan-26 18:45:02 - Epoch: [65][ 199/1176]	Time  0.187 ( 0.185)	Data  0.000 ( 0.001)	Loss 0.0000e+00 (0.0000e+00)	Acc@1 100.00 (100.00)	Acc@5 100.00 (100.00)
21-Jan-26 18:45:20 - Epoch: [65][ 299/1176]	Time  0.180 ( 0.184)	Data  0.000 ( 0.001)	Loss 0.0000e+00 (0.0000e+00)	Acc@1 100.00 (100.00)	Acc@5 100.00 (100.00)
21-Jan-26 18:45:39 - Epoch: [65][ 399/1176]	Time  0.179 ( 0.184)	Data  0.000 ( 0.001)	Loss 0.0000e+00 (0.0000e+00)	Acc@1 100.00 (100.00)	Acc@5 100.00 (100.00)
21-Jan-26 18:45:57 - Epoch: [65][ 499/1176]	Time  0.183 ( 0.184)	Data  0.000 ( 0.001)	Loss 0.0000e+00 (0.0000e+00)	Acc@1 100.00 (100.00)	Acc@5 100.00 (100.00)
21-Jan-26 18:46:15 - Epoch: [65][ 599/1176]	Time  0.180 ( 0.184)	Data  0.000 ( 0.001)	Loss 0.0000e+00 (0.0000e+00)	Acc@1 100.00 (100.00)	Acc@5 100.00 (100.00)
21-Jan-26 18:46:34 - Epoch: [65][ 699/1176]	Time  0.190 ( 0.184)	Data  0.000 ( 0.001)	Loss 0.0000e+00 (0.0000e+00)	Acc@1 100.00 (100.00)	Acc@5 100.00 (100.00)
21-Jan-26 18:46:52 - Epoch: [65][ 799/1176]	Time  0.185 ( 0.184)	Data  0.000 ( 0.000)	Loss 0.0000e+00 (0.0000e+00)	Acc@1 100.00 (100.00)	Acc@5 100.00 (100.00)
21-Jan-26 18:47:10 - Epoch: [65][ 899/1176]	Time  0.187 ( 0.184)	Data  0.000 ( 0.000)	Loss 0.0000e+00 (0.0000e+00)	Acc@1 100.00 (100.00)	Acc@5 100.00 (100.00)
21-Jan-26 18:47:29 - Epoch: [65][ 999/1176]	Time  0.186 ( 0.184)	Data  0.000 ( 0.000)	Loss 0.0000e+00 (0.0000e+00)	Acc@1 100.00 (100.00)	Acc@5 100.00 (100.00)
21-Jan-26 18:47:48 - Epoch: [65][1099/1176]	Time  0.189 ( 0.184)	Data  0.000 ( 0.000)	Loss 0.0000e+00 (0.0000e+00)	Acc@1 100.00 (100.00)	Acc@5 100.00 (100.00)
21-Jan-26 18:48:02 -  @Training * Acc@1 100.000 Acc@5 100.000 Loss 0.000
21-Jan-26 18:48:02 - One training epoch latency: 216.8s | Avg Power: 243.4W | Energy: 52758.9733J
21-Jan-26 18:48:16 -  @Testing * Acc@1 96.528 Acc@5 99.653 Loss 2.120
21-Jan-26 18:48:16 - Best acc at epoch 65: 96.875
21-Jan-26 18:48:16 - Last learning rate: [4.8828125e-07]
21-Jan-26 18:48:16 - 	 Epoch 66...
21-Jan-26 18:48:34 - Epoch: [66][  99/1176]	Time  0.180 ( 0.186)	Data  0.000 ( 0.002)	Loss 0.0000e+00 (0.0000e+00)	Acc@1 100.00 (100.00)	Acc@5 100.00 (100.00)
21-Jan-26 18:48:53 - Epoch: [66][ 199/1176]	Time  0.187 ( 0.185)	Data  0.000 ( 0.001)	Loss 0.0000e+00 (0.0000e+00)	Acc@1 100.00 (100.00)	Acc@5 100.00 (100.00)
21-Jan-26 18:49:11 - Epoch: [66][ 299/1176]	Time  0.184 ( 0.184)	Data  0.000 ( 0.001)	Loss 0.0000e+00 (0.0000e+00)	Acc@1 100.00 (100.00)	Acc@5 100.00 (100.00)
21-Jan-26 18:49:29 - Epoch: [66][ 399/1176]	Time  0.180 ( 0.184)	Data  0.000 ( 0.001)	Loss 0.0000e+00 (0.0000e+00)	Acc@1 100.00 (100.00)	Acc@5 100.00 (100.00)
21-Jan-26 18:49:48 - Epoch: [66][ 499/1176]	Time  0.179 ( 0.184)	Data  0.000 ( 0.001)	Loss 0.0000e+00 (0.0000e+00)	Acc@1 100.00 (100.00)	Acc@5 100.00 (100.00)
21-Jan-26 18:50:06 - Epoch: [66][ 599/1176]	Time  0.178 ( 0.184)	Data  0.000 ( 0.000)	Loss 0.0000e+00 (0.0000e+00)	Acc@1 100.00 (100.00)	Acc@5 100.00 (100.00)
21-Jan-26 18:50:25 - Epoch: [66][ 699/1176]	Time  0.185 ( 0.184)	Data  0.000 ( 0.000)	Loss 0.0000e+00 (0.0000e+00)	Acc@1 100.00 (100.00)	Acc@5 100.00 (100.00)
21-Jan-26 18:50:43 - Epoch: [66][ 799/1176]	Time  0.177 ( 0.184)	Data  0.000 ( 0.000)	Loss 0.0000e+00 (0.0000e+00)	Acc@1 100.00 (100.00)	Acc@5 100.00 (100.00)
21-Jan-26 18:51:02 - Epoch: [66][ 899/1176]	Time  0.187 ( 0.184)	Data  0.000 ( 0.000)	Loss 0.0000e+00 (0.0000e+00)	Acc@1 100.00 (100.00)	Acc@5 100.00 (100.00)
21-Jan-26 18:51:20 - Epoch: [66][ 999/1176]	Time  0.181 ( 0.185)	Data  0.000 ( 0.000)	Loss 0.0000e+00 (0.0000e+00)	Acc@1 100.00 (100.00)	Acc@5 100.00 (100.00)
21-Jan-26 18:51:39 - Epoch: [66][1099/1176]	Time  0.185 ( 0.185)	Data  0.000 ( 0.000)	Loss 0.0000e+00 (0.0000e+00)	Acc@1 100.00 (100.00)	Acc@5 100.00 (100.00)
21-Jan-26 18:51:53 -  @Training * Acc@1 100.000 Acc@5 100.000 Loss 0.000
21-Jan-26 18:51:53 - One training epoch latency: 216.9s | Avg Power: 242.1W | Energy: 52500.6273J
21-Jan-26 18:52:07 -  @Testing * Acc@1 96.528 Acc@5 99.653 Loss 2.164
21-Jan-26 18:52:07 - Best acc at epoch 66: 96.875
21-Jan-26 18:52:07 - Last learning rate: [4.8828125e-07]
21-Jan-26 18:52:07 - 	 Epoch 67...
21-Jan-26 18:52:25 - Epoch: [67][  99/1176]	Time  0.178 ( 0.184)	Data  0.000 ( 0.002)	Loss 0.0000e+00 (0.0000e+00)	Acc@1 100.00 (100.00)	Acc@5 100.00 (100.00)
21-Jan-26 18:52:43 - Epoch: [67][ 199/1176]	Time  0.179 ( 0.183)	Data  0.000 ( 0.001)	Loss 0.0000e+00 (0.0000e+00)	Acc@1 100.00 (100.00)	Acc@5 100.00 (100.00)
21-Jan-26 18:53:01 - Epoch: [67][ 299/1176]	Time  0.179 ( 0.182)	Data  0.000 ( 0.001)	Loss 0.0000e+00 (0.0000e+00)	Acc@1 100.00 (100.00)	Acc@5 100.00 (100.00)
21-Jan-26 18:53:20 - Epoch: [67][ 399/1176]	Time  0.179 ( 0.182)	Data  0.000 ( 0.001)	Loss 0.0000e+00 (0.0000e+00)	Acc@1 100.00 (100.00)	Acc@5 100.00 (100.00)
21-Jan-26 18:53:38 - Epoch: [67][ 499/1176]	Time  0.204 ( 0.182)	Data  0.000 ( 0.001)	Loss 0.0000e+00 (0.0000e+00)	Acc@1 100.00 (100.00)	Acc@5 100.00 (100.00)
21-Jan-26 18:53:56 - Epoch: [67][ 599/1176]	Time  0.182 ( 0.182)	Data  0.000 ( 0.001)	Loss 0.0000e+00 (0.0000e+00)	Acc@1 100.00 (100.00)	Acc@5 100.00 (100.00)
21-Jan-26 18:54:14 - Epoch: [67][ 699/1176]	Time  0.180 ( 0.183)	Data  0.000 ( 0.001)	Loss 0.0000e+00 (0.0000e+00)	Acc@1 100.00 (100.00)	Acc@5 100.00 (100.00)
21-Jan-26 18:54:33 - Epoch: [67][ 799/1176]	Time  0.196 ( 0.183)	Data  0.000 ( 0.000)	Loss 0.0000e+00 (0.0000e+00)	Acc@1 100.00 (100.00)	Acc@5 100.00 (100.00)
21-Jan-26 18:54:51 - Epoch: [67][ 899/1176]	Time  0.184 ( 0.183)	Data  0.000 ( 0.000)	Loss 0.0000e+00 (0.0000e+00)	Acc@1 100.00 (100.00)	Acc@5 100.00 (100.00)
21-Jan-26 18:55:09 - Epoch: [67][ 999/1176]	Time  0.181 ( 0.183)	Data  0.000 ( 0.000)	Loss 0.0000e+00 (0.0000e+00)	Acc@1 100.00 (100.00)	Acc@5 100.00 (100.00)
21-Jan-26 18:55:28 - Epoch: [67][1099/1176]	Time  0.200 ( 0.183)	Data  0.000 ( 0.000)	Loss 0.0000e+00 (0.0000e+00)	Acc@1 100.00 (100.00)	Acc@5 100.00 (100.00)
21-Jan-26 18:55:42 -  @Training * Acc@1 100.000 Acc@5 100.000 Loss 0.000
21-Jan-26 18:55:42 - One training epoch latency: 215.0s | Avg Power: 243.6W | Energy: 52374.9610J
21-Jan-26 18:55:56 -  @Testing * Acc@1 96.528 Acc@5 99.653 Loss 2.138
21-Jan-26 18:55:56 - Best acc at epoch 67: 96.875
21-Jan-26 18:55:56 - Last learning rate: [4.8828125e-07]
21-Jan-26 18:55:56 - 	 Epoch 68...
21-Jan-26 18:56:15 - Epoch: [68][  99/1176]	Time  0.181 ( 0.185)	Data  0.000 ( 0.002)	Loss 0.0000e+00 (0.0000e+00)	Acc@1 100.00 (100.00)	Acc@5 100.00 (100.00)
21-Jan-26 18:56:33 - Epoch: [68][ 199/1176]	Time  0.181 ( 0.184)	Data  0.000 ( 0.001)	Loss 0.0000e+00 (0.0000e+00)	Acc@1 100.00 (100.00)	Acc@5 100.00 (100.00)
21-Jan-26 18:56:51 - Epoch: [68][ 299/1176]	Time  0.180 ( 0.183)	Data  0.000 ( 0.001)	Loss 0.0000e+00 (0.0000e+00)	Acc@1 100.00 (100.00)	Acc@5 100.00 (100.00)
21-Jan-26 18:57:09 - Epoch: [68][ 399/1176]	Time  0.180 ( 0.183)	Data  0.000 ( 0.001)	Loss 0.0000e+00 (0.0000e+00)	Acc@1 100.00 (100.00)	Acc@5 100.00 (100.00)
21-Jan-26 18:57:27 - Epoch: [68][ 499/1176]	Time  0.178 ( 0.183)	Data  0.000 ( 0.001)	Loss 0.0000e+00 (0.0000e+00)	Acc@1 100.00 (100.00)	Acc@5 100.00 (100.00)
21-Jan-26 18:57:46 - Epoch: [68][ 599/1176]	Time  0.190 ( 0.183)	Data  0.000 ( 0.001)	Loss 0.0000e+00 (0.0000e+00)	Acc@1 100.00 (100.00)	Acc@5 100.00 (100.00)
21-Jan-26 18:58:04 - Epoch: [68][ 699/1176]	Time  0.184 ( 0.183)	Data  0.000 ( 0.001)	Loss 0.0000e+00 (0.0000e+00)	Acc@1 100.00 (100.00)	Acc@5 100.00 (100.00)
21-Jan-26 18:58:22 - Epoch: [68][ 799/1176]	Time  0.180 ( 0.182)	Data  0.000 ( 0.001)	Loss 0.0000e+00 (0.0000e+00)	Acc@1 100.00 (100.00)	Acc@5 100.00 (100.00)
21-Jan-26 18:58:40 - Epoch: [68][ 899/1176]	Time  0.184 ( 0.182)	Data  0.000 ( 0.000)	Loss 0.0000e+00 (0.0000e+00)	Acc@1 100.00 (100.00)	Acc@5 100.00 (100.00)
21-Jan-26 18:58:58 - Epoch: [68][ 999/1176]	Time  0.179 ( 0.182)	Data  0.000 ( 0.000)	Loss 0.0000e+00 (0.0000e+00)	Acc@1 100.00 (100.00)	Acc@5 100.00 (100.00)
21-Jan-26 18:59:17 - Epoch: [68][1099/1176]	Time  0.182 ( 0.182)	Data  0.000 ( 0.000)	Loss 0.0000e+00 (0.0000e+00)	Acc@1 100.00 (100.00)	Acc@5 100.00 (100.00)
21-Jan-26 18:59:30 -  @Training * Acc@1 100.000 Acc@5 100.000 Loss 0.000
21-Jan-26 18:59:31 - One training epoch latency: 214.3s | Avg Power: 243.6W | Energy: 52214.1480J
21-Jan-26 18:59:45 -  @Testing * Acc@1 96.528 Acc@5 99.653 Loss 2.170
21-Jan-26 18:59:45 - Best acc at epoch 68: 96.875
21-Jan-26 18:59:45 - Last learning rate: [4.8828125e-07]
21-Jan-26 18:59:45 - 	 Epoch 69...
21-Jan-26 19:00:03 - Epoch: [69][  99/1176]	Time  0.177 ( 0.185)	Data  0.000 ( 0.002)	Loss 0.0000e+00 (0.0000e+00)	Acc@1 100.00 (100.00)	Acc@5 100.00 (100.00)
21-Jan-26 19:00:21 - Epoch: [69][ 199/1176]	Time  0.181 ( 0.184)	Data  0.000 ( 0.001)	Loss 0.0000e+00 (0.0000e+00)	Acc@1 100.00 (100.00)	Acc@5 100.00 (100.00)
21-Jan-26 19:00:40 - Epoch: [69][ 299/1176]	Time  0.185 ( 0.183)	Data  0.000 ( 0.001)	Loss 0.0000e+00 (0.0000e+00)	Acc@1 100.00 (100.00)	Acc@5 100.00 (100.00)
21-Jan-26 19:00:58 - Epoch: [69][ 399/1176]	Time  0.199 ( 0.183)	Data  0.011 ( 0.001)	Loss 0.0000e+00 (0.0000e+00)	Acc@1 100.00 (100.00)	Acc@5 100.00 (100.00)
21-Jan-26 19:01:16 - Epoch: [69][ 499/1176]	Time  0.184 ( 0.183)	Data  0.000 ( 0.001)	Loss 0.0000e+00 (0.0000e+00)	Acc@1 100.00 (100.00)	Acc@5 100.00 (100.00)
21-Jan-26 19:01:34 - Epoch: [69][ 599/1176]	Time  0.177 ( 0.183)	Data  0.000 ( 0.001)	Loss 0.0000e+00 (0.0000e+00)	Acc@1 100.00 (100.00)	Acc@5 100.00 (100.00)
21-Jan-26 19:01:53 - Epoch: [69][ 699/1176]	Time  0.180 ( 0.183)	Data  0.000 ( 0.001)	Loss 0.0000e+00 (0.0000e+00)	Acc@1 100.00 (100.00)	Acc@5 100.00 (100.00)
21-Jan-26 19:02:11 - Epoch: [69][ 799/1176]	Time  0.187 ( 0.183)	Data  0.000 ( 0.001)	Loss 0.0000e+00 (0.0000e+00)	Acc@1 100.00 (100.00)	Acc@5 100.00 (100.00)
21-Jan-26 19:02:30 - Epoch: [69][ 899/1176]	Time  0.177 ( 0.183)	Data  0.000 ( 0.001)	Loss 0.0000e+00 (0.0000e+00)	Acc@1 100.00 (100.00)	Acc@5 100.00 (100.00)
21-Jan-26 19:02:48 - Epoch: [69][ 999/1176]	Time  0.183 ( 0.183)	Data  0.000 ( 0.001)	Loss 0.0000e+00 (0.0000e+00)	Acc@1 100.00 (100.00)	Acc@5 100.00 (100.00)
21-Jan-26 19:03:06 - Epoch: [69][1099/1176]	Time  0.180 ( 0.183)	Data  0.000 ( 0.001)	Loss 0.0000e+00 (0.0000e+00)	Acc@1 100.00 (100.00)	Acc@5 100.00 (100.00)
21-Jan-26 19:03:20 -  @Training * Acc@1 100.000 Acc@5 100.000 Loss 0.000
21-Jan-26 19:03:20 - One training epoch latency: 215.4s | Avg Power: 243.8W | Energy: 52517.5533J
21-Jan-26 19:03:34 -  @Testing * Acc@1 96.528 Acc@5 99.653 Loss 2.141
21-Jan-26 19:03:34 - Best acc at epoch 69: 96.875
21-Jan-26 19:03:34 - Last learning rate: [2.44140625e-07]
21-Jan-26 19:03:34 - 	 Epoch 70...
21-Jan-26 19:03:53 - Epoch: [70][  99/1176]	Time  0.177 ( 0.185)	Data  0.000 ( 0.002)	Loss 0.0000e+00 (0.0000e+00)	Acc@1 100.00 (100.00)	Acc@5 100.00 (100.00)
21-Jan-26 19:04:11 - Epoch: [70][ 199/1176]	Time  0.179 ( 0.184)	Data  0.000 ( 0.001)	Loss 0.0000e+00 (0.0000e+00)	Acc@1 100.00 (100.00)	Acc@5 100.00 (100.00)
21-Jan-26 19:04:29 - Epoch: [70][ 299/1176]	Time  0.184 ( 0.183)	Data  0.000 ( 0.001)	Loss 0.0000e+00 (0.0000e+00)	Acc@1 100.00 (100.00)	Acc@5 100.00 (100.00)
21-Jan-26 19:04:48 - Epoch: [70][ 399/1176]	Time  0.189 ( 0.183)	Data  0.000 ( 0.001)	Loss 0.0000e+00 (0.0000e+00)	Acc@1 100.00 (100.00)	Acc@5 100.00 (100.00)
21-Jan-26 19:05:06 - Epoch: [70][ 499/1176]	Time  0.185 ( 0.183)	Data  0.000 ( 0.001)	Loss 0.0000e+00 (0.0000e+00)	Acc@1 100.00 (100.00)	Acc@5 100.00 (100.00)
21-Jan-26 19:05:24 - Epoch: [70][ 599/1176]	Time  0.181 ( 0.183)	Data  0.000 ( 0.001)	Loss 0.0000e+00 (0.0000e+00)	Acc@1 100.00 (100.00)	Acc@5 100.00 (100.00)
21-Jan-26 19:05:43 - Epoch: [70][ 699/1176]	Time  0.181 ( 0.183)	Data  0.000 ( 0.000)	Loss 0.0000e+00 (0.0000e+00)	Acc@1 100.00 (100.00)	Acc@5 100.00 (100.00)
21-Jan-26 19:06:01 - Epoch: [70][ 799/1176]	Time  0.200 ( 0.183)	Data  0.000 ( 0.000)	Loss 0.0000e+00 (0.0000e+00)	Acc@1 100.00 (100.00)	Acc@5 100.00 (100.00)
21-Jan-26 19:06:19 - Epoch: [70][ 899/1176]	Time  0.184 ( 0.183)	Data  0.000 ( 0.000)	Loss 0.0000e+00 (0.0000e+00)	Acc@1 100.00 (100.00)	Acc@5 100.00 (100.00)
21-Jan-26 19:06:38 - Epoch: [70][ 999/1176]	Time  0.186 ( 0.184)	Data  0.000 ( 0.000)	Loss 0.0000e+00 (0.0000e+00)	Acc@1 100.00 (100.00)	Acc@5 100.00 (100.00)
21-Jan-26 19:06:56 - Epoch: [70][1099/1176]	Time  0.184 ( 0.184)	Data  0.000 ( 0.000)	Loss 0.0000e+00 (0.0000e+00)	Acc@1 100.00 (100.00)	Acc@5 100.00 (100.00)
21-Jan-26 19:07:11 -  @Training * Acc@1 100.000 Acc@5 100.000 Loss 0.000
21-Jan-26 19:07:11 - One training epoch latency: 216.2s | Avg Power: 242.1W | Energy: 52341.3135J
21-Jan-26 19:07:25 -  @Testing * Acc@1 96.528 Acc@5 99.653 Loss 2.125
21-Jan-26 19:07:25 - Best acc at epoch 70: 96.875
21-Jan-26 19:07:25 - Last learning rate: [2.44140625e-07]
21-Jan-26 19:07:25 - 	 Epoch 71...
21-Jan-26 19:07:43 - Epoch: [71][  99/1176]	Time  0.180 ( 0.185)	Data  0.000 ( 0.002)	Loss 0.0000e+00 (0.0000e+00)	Acc@1 100.00 (100.00)	Acc@5 100.00 (100.00)
21-Jan-26 19:08:02 - Epoch: [71][ 199/1176]	Time  0.195 ( 0.184)	Data  0.000 ( 0.001)	Loss 0.0000e+00 (0.0000e+00)	Acc@1 100.00 (100.00)	Acc@5 100.00 (100.00)
21-Jan-26 19:08:20 - Epoch: [71][ 299/1176]	Time  0.184 ( 0.184)	Data  0.000 ( 0.001)	Loss 0.0000e+00 (0.0000e+00)	Acc@1 100.00 (100.00)	Acc@5 100.00 (100.00)
21-Jan-26 19:08:38 - Epoch: [71][ 399/1176]	Time  0.183 ( 0.184)	Data  0.000 ( 0.001)	Loss 0.0000e+00 (0.0000e+00)	Acc@1 100.00 (100.00)	Acc@5 100.00 (100.00)
21-Jan-26 19:08:57 - Epoch: [71][ 499/1176]	Time  0.182 ( 0.183)	Data  0.000 ( 0.001)	Loss 0.0000e+00 (0.0000e+00)	Acc@1 100.00 (100.00)	Acc@5 100.00 (100.00)
21-Jan-26 19:09:15 - Epoch: [71][ 599/1176]	Time  0.184 ( 0.183)	Data  0.000 ( 0.001)	Loss 0.0000e+00 (0.0000e+00)	Acc@1 100.00 (100.00)	Acc@5 100.00 (100.00)
21-Jan-26 19:09:33 - Epoch: [71][ 699/1176]	Time  0.181 ( 0.183)	Data  0.000 ( 0.000)	Loss 0.0000e+00 (0.0000e+00)	Acc@1 100.00 (100.00)	Acc@5 100.00 (100.00)
21-Jan-26 19:09:51 - Epoch: [71][ 799/1176]	Time  0.184 ( 0.183)	Data  0.000 ( 0.000)	Loss 0.0000e+00 (0.0000e+00)	Acc@1 100.00 (100.00)	Acc@5 100.00 (100.00)
21-Jan-26 19:10:10 - Epoch: [71][ 899/1176]	Time  0.187 ( 0.183)	Data  0.000 ( 0.000)	Loss 0.0000e+00 (0.0000e+00)	Acc@1 100.00 (100.00)	Acc@5 100.00 (100.00)
21-Jan-26 19:10:28 - Epoch: [71][ 999/1176]	Time  0.186 ( 0.184)	Data  0.000 ( 0.000)	Loss 0.0000e+00 (0.0000e+00)	Acc@1 100.00 (100.00)	Acc@5 100.00 (100.00)
21-Jan-26 19:10:47 - Epoch: [71][1099/1176]	Time  0.178 ( 0.184)	Data  0.000 ( 0.000)	Loss 0.0000e+00 (0.0000e+00)	Acc@1 100.00 (100.00)	Acc@5 100.00 (100.00)
21-Jan-26 19:11:01 -  @Training * Acc@1 100.000 Acc@5 100.000 Loss 0.000
21-Jan-26 19:11:01 - One training epoch latency: 216.0s | Avg Power: 240.9W | Energy: 52028.5609J
21-Jan-26 19:11:15 -  @Testing * Acc@1 96.528 Acc@5 99.653 Loss 2.138
21-Jan-26 19:11:15 - Best acc at epoch 71: 96.875
21-Jan-26 19:11:15 - Last learning rate: [2.44140625e-07]
21-Jan-26 19:11:15 - 	 Epoch 72...
21-Jan-26 19:11:34 - Epoch: [72][  99/1176]	Time  0.181 ( 0.185)	Data  0.000 ( 0.002)	Loss 0.0000e+00 (0.0000e+00)	Acc@1 100.00 (100.00)	Acc@5 100.00 (100.00)
21-Jan-26 19:11:52 - Epoch: [72][ 199/1176]	Time  0.202 ( 0.184)	Data  0.011 ( 0.001)	Loss 0.0000e+00 (0.0000e+00)	Acc@1 100.00 (100.00)	Acc@5 100.00 (100.00)
21-Jan-26 19:12:10 - Epoch: [72][ 299/1176]	Time  0.183 ( 0.184)	Data  0.000 ( 0.001)	Loss 0.0000e+00 (0.0000e+00)	Acc@1 100.00 (100.00)	Acc@5 100.00 (100.00)
21-Jan-26 19:12:28 - Epoch: [72][ 399/1176]	Time  0.185 ( 0.184)	Data  0.000 ( 0.001)	Loss 0.0000e+00 (0.0000e+00)	Acc@1 100.00 (100.00)	Acc@5 100.00 (100.00)
21-Jan-26 19:12:47 - Epoch: [72][ 499/1176]	Time  0.211 ( 0.184)	Data  0.011 ( 0.001)	Loss 0.0000e+00 (0.0000e+00)	Acc@1 100.00 (100.00)	Acc@5 100.00 (100.00)
21-Jan-26 19:13:05 - Epoch: [72][ 599/1176]	Time  0.181 ( 0.184)	Data  0.000 ( 0.001)	Loss 0.0000e+00 (0.0000e+00)	Acc@1 100.00 (100.00)	Acc@5 100.00 (100.00)
21-Jan-26 19:13:23 - Epoch: [72][ 699/1176]	Time  0.182 ( 0.184)	Data  0.000 ( 0.000)	Loss 0.0000e+00 (0.0000e+00)	Acc@1 100.00 (100.00)	Acc@5 100.00 (100.00)
21-Jan-26 19:13:42 - Epoch: [72][ 799/1176]	Time  0.203 ( 0.184)	Data  0.000 ( 0.000)	Loss 0.0000e+00 (0.0000e+00)	Acc@1 100.00 (100.00)	Acc@5 100.00 (100.00)
21-Jan-26 19:14:00 - Epoch: [72][ 899/1176]	Time  0.183 ( 0.184)	Data  0.000 ( 0.000)	Loss 0.0000e+00 (0.0000e+00)	Acc@1 100.00 (100.00)	Acc@5 100.00 (100.00)
21-Jan-26 19:14:19 - Epoch: [72][ 999/1176]	Time  0.185 ( 0.184)	Data  0.000 ( 0.000)	Loss 0.0000e+00 (0.0000e+00)	Acc@1 100.00 (100.00)	Acc@5 100.00 (100.00)
21-Jan-26 19:14:37 - Epoch: [72][1099/1176]	Time  0.177 ( 0.184)	Data  0.000 ( 0.000)	Loss 0.0000e+00 (0.0000e+00)	Acc@1 100.00 (100.00)	Acc@5 100.00 (100.00)
21-Jan-26 19:14:51 -  @Training * Acc@1 100.000 Acc@5 100.000 Loss 0.000
21-Jan-26 19:14:51 - One training epoch latency: 216.5s | Avg Power: 240.7W | Energy: 52101.0732J
21-Jan-26 19:15:05 -  @Testing * Acc@1 96.528 Acc@5 99.653 Loss 2.080
21-Jan-26 19:15:05 - Best acc at epoch 72: 96.875
21-Jan-26 19:15:05 - Last learning rate: [2.44140625e-07]
21-Jan-26 19:15:06 - 	 Epoch 73...
21-Jan-26 19:15:24 - Epoch: [73][  99/1176]	Time  0.181 ( 0.186)	Data  0.000 ( 0.002)	Loss 0.0000e+00 (0.0000e+00)	Acc@1 100.00 (100.00)	Acc@5 100.00 (100.00)
21-Jan-26 19:15:42 - Epoch: [73][ 199/1176]	Time  0.184 ( 0.184)	Data  0.000 ( 0.001)	Loss 0.0000e+00 (0.0000e+00)	Acc@1 100.00 (100.00)	Acc@5 100.00 (100.00)
21-Jan-26 19:16:01 - Epoch: [73][ 299/1176]	Time  0.184 ( 0.184)	Data  0.000 ( 0.001)	Loss 0.0000e+00 (0.0000e+00)	Acc@1 100.00 (100.00)	Acc@5 100.00 (100.00)
21-Jan-26 19:16:19 - Epoch: [73][ 399/1176]	Time  0.182 ( 0.184)	Data  0.000 ( 0.001)	Loss 0.0000e+00 (0.0000e+00)	Acc@1 100.00 (100.00)	Acc@5 100.00 (100.00)
21-Jan-26 19:16:37 - Epoch: [73][ 499/1176]	Time  0.183 ( 0.184)	Data  0.000 ( 0.001)	Loss 0.0000e+00 (0.0000e+00)	Acc@1 100.00 (100.00)	Acc@5 100.00 (100.00)
21-Jan-26 19:16:56 - Epoch: [73][ 599/1176]	Time  0.183 ( 0.183)	Data  0.000 ( 0.001)	Loss 0.0000e+00 (0.0000e+00)	Acc@1 100.00 (100.00)	Acc@5 100.00 (100.00)
21-Jan-26 19:17:14 - Epoch: [73][ 699/1176]	Time  0.181 ( 0.183)	Data  0.000 ( 0.000)	Loss 0.0000e+00 (0.0000e+00)	Acc@1 100.00 (100.00)	Acc@5 100.00 (100.00)
21-Jan-26 19:17:32 - Epoch: [73][ 799/1176]	Time  0.184 ( 0.184)	Data  0.000 ( 0.000)	Loss 0.0000e+00 (0.0000e+00)	Acc@1 100.00 (100.00)	Acc@5 100.00 (100.00)
21-Jan-26 19:17:51 - Epoch: [73][ 899/1176]	Time  0.183 ( 0.184)	Data  0.000 ( 0.000)	Loss 0.0000e+00 (0.0000e+00)	Acc@1 100.00 (100.00)	Acc@5 100.00 (100.00)
21-Jan-26 19:18:10 - Epoch: [73][ 999/1176]	Time  0.184 ( 0.184)	Data  0.000 ( 0.000)	Loss 0.0000e+00 (0.0000e+00)	Acc@1 100.00 (100.00)	Acc@5 100.00 (100.00)
21-Jan-26 19:18:28 - Epoch: [73][1099/1176]	Time  0.181 ( 0.184)	Data  0.000 ( 0.000)	Loss 0.0000e+00 (0.0000e+00)	Acc@1 100.00 (100.00)	Acc@5 100.00 (100.00)
21-Jan-26 19:18:42 -  @Training * Acc@1 100.000 Acc@5 100.000 Loss 0.000
21-Jan-26 19:18:42 - One training epoch latency: 216.3s | Avg Power: 240.4W | Energy: 51977.4109J
21-Jan-26 19:18:56 -  @Testing * Acc@1 96.528 Acc@5 99.653 Loss 2.150
21-Jan-26 19:18:56 - Best acc at epoch 73: 96.875
21-Jan-26 19:18:56 - Last learning rate: [2.44140625e-07]
21-Jan-26 19:18:56 - 	 Epoch 74...
21-Jan-26 19:19:14 - Epoch: [74][  99/1176]	Time  0.181 ( 0.185)	Data  0.000 ( 0.002)	Loss 0.0000e+00 (0.0000e+00)	Acc@1 100.00 (100.00)	Acc@5 100.00 (100.00)
21-Jan-26 19:19:33 - Epoch: [74][ 199/1176]	Time  0.191 ( 0.184)	Data  0.000 ( 0.001)	Loss 0.0000e+00 (0.0000e+00)	Acc@1 100.00 (100.00)	Acc@5 100.00 (100.00)
21-Jan-26 19:19:51 - Epoch: [74][ 299/1176]	Time  0.184 ( 0.184)	Data  0.000 ( 0.001)	Loss 0.0000e+00 (0.0000e+00)	Acc@1 100.00 (100.00)	Acc@5 100.00 (100.00)
21-Jan-26 19:20:09 - Epoch: [74][ 399/1176]	Time  0.181 ( 0.183)	Data  0.000 ( 0.001)	Loss 0.0000e+00 (0.0000e+00)	Acc@1 100.00 (100.00)	Acc@5 100.00 (100.00)
21-Jan-26 19:20:28 - Epoch: [74][ 499/1176]	Time  0.180 ( 0.183)	Data  0.000 ( 0.001)	Loss 0.0000e+00 (0.0000e+00)	Acc@1 100.00 (100.00)	Acc@5 100.00 (100.00)
21-Jan-26 19:20:46 - Epoch: [74][ 599/1176]	Time  0.185 ( 0.183)	Data  0.000 ( 0.000)	Loss 0.0000e+00 (0.0000e+00)	Acc@1 100.00 (100.00)	Acc@5 100.00 (100.00)
21-Jan-26 19:21:04 - Epoch: [74][ 699/1176]	Time  0.179 ( 0.183)	Data  0.000 ( 0.000)	Loss 0.0000e+00 (0.0000e+00)	Acc@1 100.00 (100.00)	Acc@5 100.00 (100.00)
21-Jan-26 19:21:23 - Epoch: [74][ 799/1176]	Time  0.184 ( 0.183)	Data  0.000 ( 0.000)	Loss 0.0000e+00 (0.0000e+00)	Acc@1 100.00 (100.00)	Acc@5 100.00 (100.00)
21-Jan-26 19:21:41 - Epoch: [74][ 899/1176]	Time  0.186 ( 0.184)	Data  0.000 ( 0.000)	Loss 0.0000e+00 (0.0000e+00)	Acc@1 100.00 (100.00)	Acc@5 100.00 (100.00)
21-Jan-26 19:22:00 - Epoch: [74][ 999/1176]	Time  0.182 ( 0.184)	Data  0.000 ( 0.000)	Loss 0.0000e+00 (0.0000e+00)	Acc@1 100.00 (100.00)	Acc@5 100.00 (100.00)
21-Jan-26 19:22:18 - Epoch: [74][1099/1176]	Time  0.182 ( 0.184)	Data  0.000 ( 0.000)	Loss 0.0000e+00 (0.0000e+00)	Acc@1 100.00 (100.00)	Acc@5 100.00 (100.00)
21-Jan-26 19:22:32 -  @Training * Acc@1 100.000 Acc@5 100.000 Loss 0.000
21-Jan-26 19:22:32 - One training epoch latency: 216.2s | Avg Power: 240.4W | Energy: 51974.3929J
21-Jan-26 19:22:46 -  @Testing * Acc@1 96.528 Acc@5 99.653 Loss 2.151
21-Jan-26 19:22:46 - Best acc at epoch 74: 96.875
21-Jan-26 19:22:46 - Last learning rate: [2.44140625e-07]
21-Jan-26 19:22:46 - 	 Epoch 75...
21-Jan-26 19:23:05 - Epoch: [75][  99/1176]	Time  0.179 ( 0.185)	Data  0.000 ( 0.002)	Loss 0.0000e+00 (0.0000e+00)	Acc@1 100.00 (100.00)	Acc@5 100.00 (100.00)
21-Jan-26 19:23:23 - Epoch: [75][ 199/1176]	Time  0.180 ( 0.184)	Data  0.000 ( 0.001)	Loss 0.0000e+00 (0.0000e+00)	Acc@1 100.00 (100.00)	Acc@5 100.00 (100.00)
21-Jan-26 19:23:42 - Epoch: [75][ 299/1176]	Time  0.181 ( 0.184)	Data  0.000 ( 0.001)	Loss 0.0000e+00 (0.0000e+00)	Acc@1 100.00 (100.00)	Acc@5 100.00 (100.00)
21-Jan-26 19:24:00 - Epoch: [75][ 399/1176]	Time  0.177 ( 0.184)	Data  0.000 ( 0.001)	Loss 0.0000e+00 (0.0000e+00)	Acc@1 100.00 (100.00)	Acc@5 100.00 (100.00)
21-Jan-26 19:24:18 - Epoch: [75][ 499/1176]	Time  0.186 ( 0.184)	Data  0.000 ( 0.001)	Loss 0.0000e+00 (0.0000e+00)	Acc@1 100.00 (100.00)	Acc@5 100.00 (100.00)
21-Jan-26 19:24:36 - Epoch: [75][ 599/1176]	Time  0.179 ( 0.183)	Data  0.000 ( 0.001)	Loss 0.0000e+00 (0.0000e+00)	Acc@1 100.00 (100.00)	Acc@5 100.00 (100.00)
21-Jan-26 19:24:55 - Epoch: [75][ 699/1176]	Time  0.194 ( 0.183)	Data  0.000 ( 0.000)	Loss 0.0000e+00 (0.0000e+00)	Acc@1 100.00 (100.00)	Acc@5 100.00 (100.00)
21-Jan-26 19:25:13 - Epoch: [75][ 799/1176]	Time  0.185 ( 0.183)	Data  0.000 ( 0.000)	Loss 0.0000e+00 (0.0000e+00)	Acc@1 100.00 (100.00)	Acc@5 100.00 (100.00)
21-Jan-26 19:25:32 - Epoch: [75][ 899/1176]	Time  0.203 ( 0.184)	Data  0.000 ( 0.000)	Loss 0.0000e+00 (0.0000e+00)	Acc@1 100.00 (100.00)	Acc@5 100.00 (100.00)
21-Jan-26 19:25:50 - Epoch: [75][ 999/1176]	Time  0.185 ( 0.184)	Data  0.000 ( 0.000)	Loss 0.0000e+00 (0.0000e+00)	Acc@1 100.00 (100.00)	Acc@5 100.00 (100.00)
21-Jan-26 19:26:09 - Epoch: [75][1099/1176]	Time  0.192 ( 0.184)	Data  0.000 ( 0.000)	Loss 0.0000e+00 (0.0000e+00)	Acc@1 100.00 (100.00)	Acc@5 100.00 (100.00)
21-Jan-26 19:26:23 -  @Training * Acc@1 100.000 Acc@5 100.000 Loss 0.000
21-Jan-26 19:26:23 - One training epoch latency: 216.3s | Avg Power: 241.5W | Energy: 52242.0935J
21-Jan-26 19:26:37 -  @Testing * Acc@1 96.528 Acc@5 99.653 Loss 2.200
21-Jan-26 19:26:37 - Best acc at epoch 75: 96.875
21-Jan-26 19:26:37 - Last learning rate: [1.220703125e-07]
21-Jan-26 19:26:37 - 	 Epoch 76...
21-Jan-26 19:26:56 - Epoch: [76][  99/1176]	Time  0.191 ( 0.186)	Data  0.000 ( 0.002)	Loss 0.0000e+00 (0.0000e+00)	Acc@1 100.00 (100.00)	Acc@5 100.00 (100.00)
21-Jan-26 19:27:14 - Epoch: [76][ 199/1176]	Time  0.184 ( 0.185)	Data  0.000 ( 0.001)	Loss 0.0000e+00 (0.0000e+00)	Acc@1 100.00 (100.00)	Acc@5 100.00 (100.00)
21-Jan-26 19:27:32 - Epoch: [76][ 299/1176]	Time  0.182 ( 0.184)	Data  0.000 ( 0.001)	Loss 0.0000e+00 (0.0000e+00)	Acc@1 100.00 (100.00)	Acc@5 100.00 (100.00)
21-Jan-26 19:27:51 - Epoch: [76][ 399/1176]	Time  0.188 ( 0.184)	Data  0.000 ( 0.001)	Loss 0.0000e+00 (0.0000e+00)	Acc@1 100.00 (100.00)	Acc@5 100.00 (100.00)
21-Jan-26 19:28:09 - Epoch: [76][ 499/1176]	Time  0.183 ( 0.184)	Data  0.000 ( 0.001)	Loss 0.0000e+00 (0.0000e+00)	Acc@1 100.00 (100.00)	Acc@5 100.00 (100.00)
21-Jan-26 19:28:27 - Epoch: [76][ 599/1176]	Time  0.177 ( 0.184)	Data  0.000 ( 0.001)	Loss 0.0000e+00 (0.0000e+00)	Acc@1 100.00 (100.00)	Acc@5 100.00 (100.00)
21-Jan-26 19:28:46 - Epoch: [76][ 699/1176]	Time  0.184 ( 0.184)	Data  0.000 ( 0.000)	Loss 0.0000e+00 (0.0000e+00)	Acc@1 100.00 (100.00)	Acc@5 100.00 (100.00)
21-Jan-26 19:29:04 - Epoch: [76][ 799/1176]	Time  0.184 ( 0.184)	Data  0.000 ( 0.000)	Loss 0.0000e+00 (0.0000e+00)	Acc@1 100.00 (100.00)	Acc@5 100.00 (100.00)
21-Jan-26 19:29:23 - Epoch: [76][ 899/1176]	Time  0.189 ( 0.184)	Data  0.000 ( 0.000)	Loss 0.0000e+00 (0.0000e+00)	Acc@1 100.00 (100.00)	Acc@5 100.00 (100.00)
21-Jan-26 19:29:41 - Epoch: [76][ 999/1176]	Time  0.179 ( 0.184)	Data  0.000 ( 0.000)	Loss 0.0000e+00 (0.0000e+00)	Acc@1 100.00 (100.00)	Acc@5 100.00 (100.00)
21-Jan-26 19:29:59 - Epoch: [76][1099/1176]	Time  0.186 ( 0.184)	Data  0.000 ( 0.000)	Loss 0.0000e+00 (0.0000e+00)	Acc@1 100.00 (100.00)	Acc@5 100.00 (100.00)
21-Jan-26 19:30:13 -  @Training * Acc@1 100.000 Acc@5 100.000 Loss 0.000
21-Jan-26 19:30:14 - One training epoch latency: 216.3s | Avg Power: 240.8W | Energy: 52078.9853J
21-Jan-26 19:30:28 -  @Testing * Acc@1 96.528 Acc@5 99.653 Loss 2.240
21-Jan-26 19:30:28 - Best acc at epoch 76: 96.875
21-Jan-26 19:30:28 - Last learning rate: [1.220703125e-07]
21-Jan-26 19:30:28 - 	 Epoch 77...
21-Jan-26 19:30:46 - Epoch: [77][  99/1176]	Time  0.180 ( 0.186)	Data  0.000 ( 0.002)	Loss 0.0000e+00 (0.0000e+00)	Acc@1 100.00 (100.00)	Acc@5 100.00 (100.00)
21-Jan-26 19:31:04 - Epoch: [77][ 199/1176]	Time  0.178 ( 0.184)	Data  0.000 ( 0.001)	Loss 0.0000e+00 (0.0000e+00)	Acc@1 100.00 (100.00)	Acc@5 100.00 (100.00)
21-Jan-26 19:31:23 - Epoch: [77][ 299/1176]	Time  0.179 ( 0.184)	Data  0.000 ( 0.001)	Loss 0.0000e+00 (0.0000e+00)	Acc@1 100.00 (100.00)	Acc@5 100.00 (100.00)
21-Jan-26 19:31:41 - Epoch: [77][ 399/1176]	Time  0.181 ( 0.184)	Data  0.000 ( 0.001)	Loss 0.0000e+00 (0.0000e+00)	Acc@1 100.00 (100.00)	Acc@5 100.00 (100.00)
21-Jan-26 19:31:59 - Epoch: [77][ 499/1176]	Time  0.179 ( 0.184)	Data  0.000 ( 0.001)	Loss 0.0000e+00 (0.0000e+00)	Acc@1 100.00 (100.00)	Acc@5 100.00 (100.00)
21-Jan-26 19:32:18 - Epoch: [77][ 599/1176]	Time  0.183 ( 0.184)	Data  0.000 ( 0.001)	Loss 0.0000e+00 (0.0000e+00)	Acc@1 100.00 (100.00)	Acc@5 100.00 (100.00)
21-Jan-26 19:32:36 - Epoch: [77][ 699/1176]	Time  0.182 ( 0.183)	Data  0.000 ( 0.000)	Loss 0.0000e+00 (0.0000e+00)	Acc@1 100.00 (100.00)	Acc@5 100.00 (100.00)
21-Jan-26 19:32:54 - Epoch: [77][ 799/1176]	Time  0.177 ( 0.183)	Data  0.000 ( 0.000)	Loss 0.0000e+00 (0.0000e+00)	Acc@1 100.00 (100.00)	Acc@5 100.00 (100.00)
21-Jan-26 19:33:13 - Epoch: [77][ 899/1176]	Time  0.183 ( 0.183)	Data  0.000 ( 0.000)	Loss 0.0000e+00 (0.0000e+00)	Acc@1 100.00 (100.00)	Acc@5 100.00 (100.00)
21-Jan-26 19:33:31 - Epoch: [77][ 999/1176]	Time  0.181 ( 0.184)	Data  0.000 ( 0.000)	Loss 0.0000e+00 (0.0000e+00)	Acc@1 100.00 (100.00)	Acc@5 100.00 (100.00)
21-Jan-26 19:33:50 - Epoch: [77][1099/1176]	Time  0.192 ( 0.184)	Data  0.000 ( 0.000)	Loss 0.0000e+00 (0.0000e+00)	Acc@1 100.00 (100.00)	Acc@5 100.00 (100.00)
21-Jan-26 19:34:04 -  @Training * Acc@1 100.000 Acc@5 100.000 Loss 0.000
21-Jan-26 19:34:04 - One training epoch latency: 216.2s | Avg Power: 240.4W | Energy: 51975.4872J
21-Jan-26 19:34:18 -  @Testing * Acc@1 96.528 Acc@5 99.653 Loss 2.160
21-Jan-26 19:34:18 - Best acc at epoch 77: 96.875
21-Jan-26 19:34:18 - Last learning rate: [1.220703125e-07]
21-Jan-26 19:34:18 - 	 Epoch 78...
21-Jan-26 19:34:36 - Epoch: [78][  99/1176]	Time  0.180 ( 0.185)	Data  0.000 ( 0.002)	Loss 0.0000e+00 (0.0000e+00)	Acc@1 100.00 (100.00)	Acc@5 100.00 (100.00)
21-Jan-26 19:34:55 - Epoch: [78][ 199/1176]	Time  0.185 ( 0.184)	Data  0.000 ( 0.001)	Loss 0.0000e+00 (0.0000e+00)	Acc@1 100.00 (100.00)	Acc@5 100.00 (100.00)
21-Jan-26 19:35:13 - Epoch: [78][ 299/1176]	Time  0.184 ( 0.184)	Data  0.000 ( 0.001)	Loss 0.0000e+00 (0.0000e+00)	Acc@1 100.00 (100.00)	Acc@5 100.00 (100.00)
21-Jan-26 19:35:31 - Epoch: [78][ 399/1176]	Time  0.180 ( 0.184)	Data  0.000 ( 0.001)	Loss 0.0000e+00 (0.0000e+00)	Acc@1 100.00 (100.00)	Acc@5 100.00 (100.00)
21-Jan-26 19:35:50 - Epoch: [78][ 499/1176]	Time  0.184 ( 0.184)	Data  0.000 ( 0.001)	Loss 0.0000e+00 (0.0000e+00)	Acc@1 100.00 (100.00)	Acc@5 100.00 (100.00)
21-Jan-26 19:36:08 - Epoch: [78][ 599/1176]	Time  0.186 ( 0.184)	Data  0.000 ( 0.001)	Loss 0.0000e+00 (0.0000e+00)	Acc@1 100.00 (100.00)	Acc@5 100.00 (100.00)
21-Jan-26 19:36:26 - Epoch: [78][ 699/1176]	Time  0.183 ( 0.184)	Data  0.000 ( 0.000)	Loss 0.0000e+00 (0.0000e+00)	Acc@1 100.00 (100.00)	Acc@5 100.00 (100.00)
21-Jan-26 19:36:45 - Epoch: [78][ 799/1176]	Time  0.180 ( 0.184)	Data  0.000 ( 0.000)	Loss 0.0000e+00 (0.0000e+00)	Acc@1 100.00 (100.00)	Acc@5 100.00 (100.00)
21-Jan-26 19:37:03 - Epoch: [78][ 899/1176]	Time  0.182 ( 0.184)	Data  0.000 ( 0.000)	Loss 0.0000e+00 (0.0000e+00)	Acc@1 100.00 (100.00)	Acc@5 100.00 (100.00)
21-Jan-26 19:37:21 - Epoch: [78][ 999/1176]	Time  0.184 ( 0.184)	Data  0.000 ( 0.000)	Loss 0.0000e+00 (0.0000e+00)	Acc@1 100.00 (100.00)	Acc@5 100.00 (100.00)
21-Jan-26 19:37:40 - Epoch: [78][1099/1176]	Time  0.187 ( 0.184)	Data  0.000 ( 0.000)	Loss 0.0000e+00 (0.0000e+00)	Acc@1 100.00 (100.00)	Acc@5 100.00 (100.00)
21-Jan-26 19:37:54 -  @Training * Acc@1 100.000 Acc@5 100.000 Loss 0.000
21-Jan-26 19:37:54 - One training epoch latency: 216.4s | Avg Power: 240.8W | Energy: 52121.5053J
21-Jan-26 19:38:08 -  @Testing * Acc@1 96.528 Acc@5 99.653 Loss 2.195
21-Jan-26 19:38:08 - Best acc at epoch 78: 96.875
21-Jan-26 19:38:08 - Last learning rate: [1.220703125e-07]
21-Jan-26 19:38:08 - 	 Epoch 79...
21-Jan-26 19:38:27 - Epoch: [79][  99/1176]	Time  0.181 ( 0.186)	Data  0.000 ( 0.002)	Loss 0.0000e+00 (0.0000e+00)	Acc@1 100.00 (100.00)	Acc@5 100.00 (100.00)
21-Jan-26 19:38:45 - Epoch: [79][ 199/1176]	Time  0.184 ( 0.185)	Data  0.000 ( 0.001)	Loss 0.0000e+00 (0.0000e+00)	Acc@1 100.00 (100.00)	Acc@5 100.00 (100.00)
21-Jan-26 19:39:03 - Epoch: [79][ 299/1176]	Time  0.180 ( 0.184)	Data  0.000 ( 0.001)	Loss 0.0000e+00 (0.0000e+00)	Acc@1 100.00 (100.00)	Acc@5 100.00 (100.00)
21-Jan-26 19:39:22 - Epoch: [79][ 399/1176]	Time  0.180 ( 0.184)	Data  0.000 ( 0.001)	Loss 0.0000e+00 (0.0000e+00)	Acc@1 100.00 (100.00)	Acc@5 100.00 (100.00)
21-Jan-26 19:39:40 - Epoch: [79][ 499/1176]	Time  0.181 ( 0.184)	Data  0.000 ( 0.001)	Loss 0.0000e+00 (0.0000e+00)	Acc@1 100.00 (100.00)	Acc@5 100.00 (100.00)
21-Jan-26 19:39:58 - Epoch: [79][ 599/1176]	Time  0.180 ( 0.184)	Data  0.000 ( 0.001)	Loss 0.0000e+00 (0.0000e+00)	Acc@1 100.00 (100.00)	Acc@5 100.00 (100.00)
21-Jan-26 19:40:17 - Epoch: [79][ 699/1176]	Time  0.182 ( 0.184)	Data  0.000 ( 0.000)	Loss 0.0000e+00 (0.0000e+00)	Acc@1 100.00 (100.00)	Acc@5 100.00 (100.00)
21-Jan-26 19:40:35 - Epoch: [79][ 799/1176]	Time  0.180 ( 0.184)	Data  0.000 ( 0.000)	Loss 0.0000e+00 (0.0000e+00)	Acc@1 100.00 (100.00)	Acc@5 100.00 (100.00)
21-Jan-26 19:40:53 - Epoch: [79][ 899/1176]	Time  0.177 ( 0.184)	Data  0.000 ( 0.000)	Loss 0.0000e+00 (0.0000e+00)	Acc@1 100.00 (100.00)	Acc@5 100.00 (100.00)
21-Jan-26 19:41:11 - Epoch: [79][ 999/1176]	Time  0.197 ( 0.183)	Data  0.000 ( 0.000)	Loss 0.0000e+00 (0.0000e+00)	Acc@1 100.00 (100.00)	Acc@5 100.00 (100.00)
21-Jan-26 19:41:30 - Epoch: [79][1099/1176]	Time  0.180 ( 0.183)	Data  0.000 ( 0.000)	Loss 0.0000e+00 (0.0000e+00)	Acc@1 100.00 (100.00)	Acc@5 100.00 (100.00)
21-Jan-26 19:41:44 -  @Training * Acc@1 100.000 Acc@5 100.000 Loss 0.000
21-Jan-26 19:41:44 - One training epoch latency: 215.8s | Avg Power: 241.9W | Energy: 52203.5297J
21-Jan-26 19:41:58 -  @Testing * Acc@1 96.528 Acc@5 99.653 Loss 2.212
21-Jan-26 19:41:58 - Best acc at epoch 79: 96.875
21-Jan-26 19:41:58 - Last learning rate: [1.220703125e-07]
21-Jan-26 19:41:58 - 	 Epoch 80...
21-Jan-26 19:42:17 - Epoch: [80][  99/1176]	Time  0.188 ( 0.189)	Data  0.000 ( 0.002)	Loss 0.0000e+00 (0.0000e+00)	Acc@1 100.00 (100.00)	Acc@5 100.00 (100.00)
21-Jan-26 19:42:35 - Epoch: [80][ 199/1176]	Time  0.183 ( 0.187)	Data  0.000 ( 0.001)	Loss 0.0000e+00 (0.0000e+00)	Acc@1 100.00 (100.00)	Acc@5 100.00 (100.00)
21-Jan-26 19:42:54 - Epoch: [80][ 299/1176]	Time  0.187 ( 0.186)	Data  0.000 ( 0.001)	Loss 0.0000e+00 (0.0000e+00)	Acc@1 100.00 (100.00)	Acc@5 100.00 (100.00)
21-Jan-26 19:43:12 - Epoch: [80][ 399/1176]	Time  0.184 ( 0.185)	Data  0.000 ( 0.001)	Loss 0.0000e+00 (0.0000e+00)	Acc@1 100.00 (100.00)	Acc@5 100.00 (100.00)
21-Jan-26 19:43:30 - Epoch: [80][ 499/1176]	Time  0.180 ( 0.185)	Data  0.000 ( 0.001)	Loss 0.0000e+00 (0.0000e+00)	Acc@1 100.00 (100.00)	Acc@5 100.00 (100.00)
21-Jan-26 19:43:49 - Epoch: [80][ 599/1176]	Time  0.185 ( 0.185)	Data  0.000 ( 0.001)	Loss 0.0000e+00 (0.0000e+00)	Acc@1 100.00 (100.00)	Acc@5 100.00 (100.00)
21-Jan-26 19:44:07 - Epoch: [80][ 699/1176]	Time  0.176 ( 0.185)	Data  0.000 ( 0.001)	Loss 0.0000e+00 (0.0000e+00)	Acc@1 100.00 (100.00)	Acc@5 100.00 (100.00)
21-Jan-26 19:44:25 - Epoch: [80][ 799/1176]	Time  0.179 ( 0.184)	Data  0.000 ( 0.000)	Loss 0.0000e+00 (0.0000e+00)	Acc@1 100.00 (100.00)	Acc@5 100.00 (100.00)
21-Jan-26 19:44:44 - Epoch: [80][ 899/1176]	Time  0.187 ( 0.184)	Data  0.000 ( 0.000)	Loss 0.0000e+00 (0.0000e+00)	Acc@1 100.00 (100.00)	Acc@5 100.00 (100.00)
21-Jan-26 19:45:02 - Epoch: [80][ 999/1176]	Time  0.177 ( 0.184)	Data  0.000 ( 0.000)	Loss 0.0000e+00 (0.0000e+00)	Acc@1 100.00 (100.00)	Acc@5 100.00 (100.00)
21-Jan-26 19:45:20 - Epoch: [80][1099/1176]	Time  0.180 ( 0.184)	Data  0.000 ( 0.000)	Loss 0.0000e+00 (0.0000e+00)	Acc@1 100.00 (100.00)	Acc@5 100.00 (100.00)
21-Jan-26 19:45:34 -  @Training * Acc@1 100.000 Acc@5 100.000 Loss 0.000
21-Jan-26 19:45:35 - One training epoch latency: 216.5s | Avg Power: 240.6W | Energy: 52097.5103J
21-Jan-26 19:45:48 -  @Testing * Acc@1 96.528 Acc@5 99.653 Loss 2.166
21-Jan-26 19:45:48 - Best acc at epoch 80: 96.875
21-Jan-26 19:45:48 - Last learning rate: [1.220703125e-07]
21-Jan-26 19:45:48 - 	 Epoch 81...
21-Jan-26 19:46:07 - Epoch: [81][  99/1176]	Time  0.194 ( 0.186)	Data  0.000 ( 0.002)	Loss 0.0000e+00 (0.0000e+00)	Acc@1 100.00 (100.00)	Acc@5 100.00 (100.00)
21-Jan-26 19:46:25 - Epoch: [81][ 199/1176]	Time  0.179 ( 0.184)	Data  0.000 ( 0.001)	Loss 0.0000e+00 (0.0000e+00)	Acc@1 100.00 (100.00)	Acc@5 100.00 (100.00)
21-Jan-26 19:46:44 - Epoch: [81][ 299/1176]	Time  0.184 ( 0.185)	Data  0.000 ( 0.001)	Loss 0.0000e+00 (0.0000e+00)	Acc@1 100.00 (100.00)	Acc@5 100.00 (100.00)
21-Jan-26 19:47:02 - Epoch: [81][ 399/1176]	Time  0.183 ( 0.185)	Data  0.000 ( 0.001)	Loss 0.0000e+00 (0.0000e+00)	Acc@1 100.00 (100.00)	Acc@5 100.00 (100.00)
21-Jan-26 19:47:21 - Epoch: [81][ 499/1176]	Time  0.191 ( 0.185)	Data  0.000 ( 0.001)	Loss 0.0000e+00 (0.0000e+00)	Acc@1 100.00 (100.00)	Acc@5 100.00 (100.00)
21-Jan-26 19:47:39 - Epoch: [81][ 599/1176]	Time  0.182 ( 0.185)	Data  0.000 ( 0.001)	Loss 0.0000e+00 (0.0000e+00)	Acc@1 100.00 (100.00)	Acc@5 100.00 (100.00)
21-Jan-26 19:47:57 - Epoch: [81][ 699/1176]	Time  0.184 ( 0.185)	Data  0.000 ( 0.000)	Loss 0.0000e+00 (0.0000e+00)	Acc@1 100.00 (100.00)	Acc@5 100.00 (100.00)
21-Jan-26 19:48:16 - Epoch: [81][ 799/1176]	Time  0.204 ( 0.185)	Data  0.012 ( 0.000)	Loss 0.0000e+00 (0.0000e+00)	Acc@1 100.00 (100.00)	Acc@5 100.00 (100.00)
21-Jan-26 19:48:34 - Epoch: [81][ 899/1176]	Time  0.182 ( 0.184)	Data  0.000 ( 0.000)	Loss 0.0000e+00 (0.0000e+00)	Acc@1 100.00 (100.00)	Acc@5 100.00 (100.00)
21-Jan-26 19:48:53 - Epoch: [81][ 999/1176]	Time  0.180 ( 0.184)	Data  0.000 ( 0.000)	Loss 0.0000e+00 (0.0000e+00)	Acc@1 100.00 (100.00)	Acc@5 100.00 (100.00)
21-Jan-26 19:49:11 - Epoch: [81][1099/1176]	Time  0.180 ( 0.184)	Data  0.000 ( 0.000)	Loss 0.0000e+00 (0.0000e+00)	Acc@1 100.00 (100.00)	Acc@5 100.00 (100.00)
21-Jan-26 19:49:25 -  @Training * Acc@1 100.000 Acc@5 100.000 Loss 0.000
21-Jan-26 19:49:25 - One training epoch latency: 216.7s | Avg Power: 240.5W | Energy: 52117.1726J
21-Jan-26 19:49:39 -  @Testing * Acc@1 96.528 Acc@5 99.653 Loss 2.210
21-Jan-26 19:49:39 - Best acc at epoch 81: 96.875
21-Jan-26 19:49:39 - Last learning rate: [6.103515625e-08]
21-Jan-26 19:49:39 - 	 Epoch 82...
21-Jan-26 19:49:57 - Epoch: [82][  99/1176]	Time  0.184 ( 0.186)	Data  0.000 ( 0.002)	Loss 0.0000e+00 (0.0000e+00)	Acc@1 100.00 (100.00)	Acc@5 100.00 (100.00)
21-Jan-26 19:50:16 - Epoch: [82][ 199/1176]	Time  0.184 ( 0.185)	Data  0.000 ( 0.001)	Loss 0.0000e+00 (0.0000e+00)	Acc@1 100.00 (100.00)	Acc@5 100.00 (100.00)
21-Jan-26 19:50:34 - Epoch: [82][ 299/1176]	Time  0.181 ( 0.184)	Data  0.000 ( 0.001)	Loss 0.0000e+00 (0.0000e+00)	Acc@1 100.00 (100.00)	Acc@5 100.00 (100.00)
21-Jan-26 19:50:53 - Epoch: [82][ 399/1176]	Time  0.185 ( 0.184)	Data  0.000 ( 0.001)	Loss 0.0000e+00 (0.0000e+00)	Acc@1 100.00 (100.00)	Acc@5 100.00 (100.00)
21-Jan-26 19:51:11 - Epoch: [82][ 499/1176]	Time  0.183 ( 0.184)	Data  0.000 ( 0.001)	Loss 0.0000e+00 (0.0000e+00)	Acc@1 100.00 (100.00)	Acc@5 100.00 (100.00)
21-Jan-26 19:51:30 - Epoch: [82][ 599/1176]	Time  0.184 ( 0.185)	Data  0.000 ( 0.001)	Loss 0.0000e+00 (0.0000e+00)	Acc@1 100.00 (100.00)	Acc@5 100.00 (100.00)
21-Jan-26 19:51:48 - Epoch: [82][ 699/1176]	Time  0.181 ( 0.185)	Data  0.000 ( 0.001)	Loss 0.0000e+00 (0.0000e+00)	Acc@1 100.00 (100.00)	Acc@5 100.00 (100.00)
21-Jan-26 19:52:06 - Epoch: [82][ 799/1176]	Time  0.180 ( 0.184)	Data  0.000 ( 0.000)	Loss 0.0000e+00 (0.0000e+00)	Acc@1 100.00 (100.00)	Acc@5 100.00 (100.00)
21-Jan-26 19:52:25 - Epoch: [82][ 899/1176]	Time  0.182 ( 0.184)	Data  0.000 ( 0.000)	Loss 0.0000e+00 (0.0000e+00)	Acc@1 100.00 (100.00)	Acc@5 100.00 (100.00)
21-Jan-26 19:52:43 - Epoch: [82][ 999/1176]	Time  0.180 ( 0.184)	Data  0.000 ( 0.000)	Loss 0.0000e+00 (0.0000e+00)	Acc@1 100.00 (100.00)	Acc@5 100.00 (100.00)
21-Jan-26 19:53:01 - Epoch: [82][1099/1176]	Time  0.185 ( 0.184)	Data  0.000 ( 0.000)	Loss 0.0000e+00 (0.0000e+00)	Acc@1 100.00 (100.00)	Acc@5 100.00 (100.00)
21-Jan-26 19:53:15 -  @Training * Acc@1 100.000 Acc@5 100.000 Loss 0.000
21-Jan-26 19:53:16 - One training epoch latency: 216.6s | Avg Power: 242.0W | Energy: 52398.1478J
21-Jan-26 19:53:30 -  @Testing * Acc@1 96.528 Acc@5 99.653 Loss 2.198
21-Jan-26 19:53:30 - Best acc at epoch 82: 96.875
21-Jan-26 19:53:30 - Last learning rate: [6.103515625e-08]
21-Jan-26 19:53:30 - 	 Epoch 83...
21-Jan-26 19:53:48 - Epoch: [83][  99/1176]	Time  0.182 ( 0.186)	Data  0.000 ( 0.002)	Loss 0.0000e+00 (0.0000e+00)	Acc@1 100.00 (100.00)	Acc@5 100.00 (100.00)
21-Jan-26 19:54:06 - Epoch: [83][ 199/1176]	Time  0.186 ( 0.184)	Data  0.000 ( 0.001)	Loss 0.0000e+00 (0.0000e+00)	Acc@1 100.00 (100.00)	Acc@5 100.00 (100.00)
21-Jan-26 19:54:25 - Epoch: [83][ 299/1176]	Time  0.189 ( 0.184)	Data  0.000 ( 0.001)	Loss 0.0000e+00 (0.0000e+00)	Acc@1 100.00 (100.00)	Acc@5 100.00 (100.00)
21-Jan-26 19:54:43 - Epoch: [83][ 399/1176]	Time  0.185 ( 0.184)	Data  0.000 ( 0.001)	Loss 0.0000e+00 (0.0000e+00)	Acc@1 100.00 (100.00)	Acc@5 100.00 (100.00)
21-Jan-26 19:55:01 - Epoch: [83][ 499/1176]	Time  0.179 ( 0.184)	Data  0.000 ( 0.001)	Loss 0.0000e+00 (0.0000e+00)	Acc@1 100.00 (100.00)	Acc@5 100.00 (100.00)
21-Jan-26 19:55:20 - Epoch: [83][ 599/1176]	Time  0.185 ( 0.184)	Data  0.000 ( 0.001)	Loss 0.0000e+00 (0.0000e+00)	Acc@1 100.00 (100.00)	Acc@5 100.00 (100.00)
21-Jan-26 19:55:39 - Epoch: [83][ 699/1176]	Time  0.193 ( 0.185)	Data  0.000 ( 0.000)	Loss 0.0000e+00 (0.0000e+00)	Acc@1 100.00 (100.00)	Acc@5 100.00 (100.00)
21-Jan-26 19:55:57 - Epoch: [83][ 799/1176]	Time  0.185 ( 0.185)	Data  0.000 ( 0.000)	Loss 0.0000e+00 (0.0000e+00)	Acc@1 100.00 (100.00)	Acc@5 100.00 (100.00)
21-Jan-26 19:56:16 - Epoch: [83][ 899/1176]	Time  0.183 ( 0.184)	Data  0.000 ( 0.000)	Loss 0.0000e+00 (0.0000e+00)	Acc@1 100.00 (100.00)	Acc@5 100.00 (100.00)
21-Jan-26 19:56:34 - Epoch: [83][ 999/1176]	Time  0.179 ( 0.184)	Data  0.000 ( 0.000)	Loss 0.0000e+00 (0.0000e+00)	Acc@1 100.00 (100.00)	Acc@5 100.00 (100.00)
21-Jan-26 19:56:52 - Epoch: [83][1099/1176]	Time  0.183 ( 0.184)	Data  0.000 ( 0.000)	Loss 0.0000e+00 (0.0000e+00)	Acc@1 100.00 (100.00)	Acc@5 100.00 (100.00)
21-Jan-26 19:57:06 -  @Training * Acc@1 100.000 Acc@5 100.000 Loss 0.000
21-Jan-26 19:57:06 - One training epoch latency: 216.6s | Avg Power: 240.9W | Energy: 52183.6947J
21-Jan-26 19:57:20 -  @Testing * Acc@1 96.528 Acc@5 99.653 Loss 2.232
21-Jan-26 19:57:20 - Best acc at epoch 83: 96.875
21-Jan-26 19:57:20 - Last learning rate: [6.103515625e-08]
21-Jan-26 19:57:20 - 	 Epoch 84...
21-Jan-26 19:57:39 - Epoch: [84][  99/1176]	Time  0.183 ( 0.186)	Data  0.000 ( 0.002)	Loss 0.0000e+00 (0.0000e+00)	Acc@1 100.00 (100.00)	Acc@5 100.00 (100.00)
21-Jan-26 19:57:57 - Epoch: [84][ 199/1176]	Time  0.183 ( 0.185)	Data  0.000 ( 0.001)	Loss 0.0000e+00 (0.0000e+00)	Acc@1 100.00 (100.00)	Acc@5 100.00 (100.00)
21-Jan-26 19:58:15 - Epoch: [84][ 299/1176]	Time  0.184 ( 0.184)	Data  0.000 ( 0.001)	Loss 0.0000e+00 (0.0000e+00)	Acc@1 100.00 (100.00)	Acc@5 100.00 (100.00)
21-Jan-26 19:58:34 - Epoch: [84][ 399/1176]	Time  0.202 ( 0.184)	Data  0.000 ( 0.001)	Loss 0.0000e+00 (0.0000e+00)	Acc@1 100.00 (100.00)	Acc@5 100.00 (100.00)
21-Jan-26 19:58:52 - Epoch: [84][ 499/1176]	Time  0.179 ( 0.184)	Data  0.000 ( 0.001)	Loss 0.0000e+00 (0.0000e+00)	Acc@1 100.00 (100.00)	Acc@5 100.00 (100.00)
21-Jan-26 19:59:10 - Epoch: [84][ 599/1176]	Time  0.179 ( 0.184)	Data  0.000 ( 0.001)	Loss 0.0000e+00 (0.0000e+00)	Acc@1 100.00 (100.00)	Acc@5 100.00 (100.00)
21-Jan-26 19:59:29 - Epoch: [84][ 699/1176]	Time  0.186 ( 0.184)	Data  0.000 ( 0.000)	Loss 0.0000e+00 (0.0000e+00)	Acc@1 100.00 (100.00)	Acc@5 100.00 (100.00)
21-Jan-26 19:59:48 - Epoch: [84][ 799/1176]	Time  0.189 ( 0.184)	Data  0.000 ( 0.000)	Loss 0.0000e+00 (0.0000e+00)	Acc@1 100.00 (100.00)	Acc@5 100.00 (100.00)
21-Jan-26 20:00:06 - Epoch: [84][ 899/1176]	Time  0.181 ( 0.184)	Data  0.000 ( 0.000)	Loss 0.0000e+00 (0.0000e+00)	Acc@1 100.00 (100.00)	Acc@5 100.00 (100.00)
21-Jan-26 20:00:24 - Epoch: [84][ 999/1176]	Time  0.184 ( 0.184)	Data  0.000 ( 0.000)	Loss 0.0000e+00 (0.0000e+00)	Acc@1 100.00 (100.00)	Acc@5 100.00 (100.00)
21-Jan-26 20:00:43 - Epoch: [84][1099/1176]	Time  0.183 ( 0.184)	Data  0.001 ( 0.000)	Loss 0.0000e+00 (0.0000e+00)	Acc@1 100.00 (100.00)	Acc@5 100.00 (100.00)
21-Jan-26 20:00:57 -  @Training * Acc@1 100.000 Acc@5 100.000 Loss 0.000
21-Jan-26 20:00:57 - One training epoch latency: 216.5s | Avg Power: 239.9W | Energy: 51959.5955J
21-Jan-26 20:01:11 -  @Testing * Acc@1 96.528 Acc@5 99.653 Loss 2.262
21-Jan-26 20:01:11 - Best acc at epoch 84: 96.875
21-Jan-26 20:01:11 - Last learning rate: [6.103515625e-08]
21-Jan-26 20:01:11 - 	 Epoch 85...
21-Jan-26 20:01:30 - Epoch: [85][  99/1176]	Time  0.183 ( 0.186)	Data  0.000 ( 0.002)	Loss 0.0000e+00 (0.0000e+00)	Acc@1 100.00 (100.00)	Acc@5 100.00 (100.00)
21-Jan-26 20:01:48 - Epoch: [85][ 199/1176]	Time  0.184 ( 0.185)	Data  0.000 ( 0.001)	Loss 0.0000e+00 (0.0000e+00)	Acc@1 100.00 (100.00)	Acc@5 100.00 (100.00)
21-Jan-26 20:02:06 - Epoch: [85][ 299/1176]	Time  0.180 ( 0.184)	Data  0.000 ( 0.001)	Loss 0.0000e+00 (0.0000e+00)	Acc@1 100.00 (100.00)	Acc@5 100.00 (100.00)
21-Jan-26 20:02:25 - Epoch: [85][ 399/1176]	Time  0.183 ( 0.184)	Data  0.000 ( 0.001)	Loss 0.0000e+00 (0.0000e+00)	Acc@1 100.00 (100.00)	Acc@5 100.00 (100.00)
21-Jan-26 20:02:43 - Epoch: [85][ 499/1176]	Time  0.180 ( 0.184)	Data  0.000 ( 0.001)	Loss 0.0000e+00 (0.0000e+00)	Acc@1 100.00 (100.00)	Acc@5 100.00 (100.00)
21-Jan-26 20:03:01 - Epoch: [85][ 599/1176]	Time  0.185 ( 0.184)	Data  0.000 ( 0.001)	Loss 0.0000e+00 (0.0000e+00)	Acc@1 100.00 (100.00)	Acc@5 100.00 (100.00)
21-Jan-26 20:03:20 - Epoch: [85][ 699/1176]	Time  0.185 ( 0.184)	Data  0.000 ( 0.001)	Loss 0.0000e+00 (0.0000e+00)	Acc@1 100.00 (100.00)	Acc@5 100.00 (100.00)
21-Jan-26 20:03:39 - Epoch: [85][ 799/1176]	Time  0.178 ( 0.184)	Data  0.000 ( 0.000)	Loss 0.0000e+00 (0.0000e+00)	Acc@1 100.00 (100.00)	Acc@5 100.00 (100.00)
21-Jan-26 20:03:57 - Epoch: [85][ 899/1176]	Time  0.186 ( 0.184)	Data  0.000 ( 0.000)	Loss 0.0000e+00 (0.0000e+00)	Acc@1 100.00 (100.00)	Acc@5 100.00 (100.00)
21-Jan-26 20:04:15 - Epoch: [85][ 999/1176]	Time  0.192 ( 0.184)	Data  0.000 ( 0.000)	Loss 0.0000e+00 (0.0000e+00)	Acc@1 100.00 (100.00)	Acc@5 100.00 (100.00)
21-Jan-26 20:04:33 - Epoch: [85][1099/1176]	Time  0.180 ( 0.184)	Data  0.000 ( 0.000)	Loss 0.0000e+00 (0.0000e+00)	Acc@1 100.00 (100.00)	Acc@5 100.00 (100.00)
21-Jan-26 20:04:47 -  @Training * Acc@1 100.000 Acc@5 100.000 Loss 0.000
21-Jan-26 20:04:47 - One training epoch latency: 215.7s | Avg Power: 241.2W | Energy: 52024.0148J
21-Jan-26 20:05:01 -  @Testing * Acc@1 96.528 Acc@5 99.653 Loss 2.216
21-Jan-26 20:05:01 - Best acc at epoch 85: 96.875
21-Jan-26 20:05:01 - Last learning rate: [6.103515625e-08]
21-Jan-26 20:05:01 - 	 Epoch 86...
21-Jan-26 20:05:20 - Epoch: [86][  99/1176]	Time  0.180 ( 0.183)	Data  0.000 ( 0.002)	Loss 0.0000e+00 (0.0000e+00)	Acc@1 100.00 (100.00)	Acc@5 100.00 (100.00)
21-Jan-26 20:05:38 - Epoch: [86][ 199/1176]	Time  0.182 ( 0.182)	Data  0.000 ( 0.001)	Loss 0.0000e+00 (0.0000e+00)	Acc@1 100.00 (100.00)	Acc@5 100.00 (100.00)
21-Jan-26 20:05:56 - Epoch: [86][ 299/1176]	Time  0.182 ( 0.183)	Data  0.000 ( 0.001)	Loss 0.0000e+00 (0.0000e+00)	Acc@1 100.00 (100.00)	Acc@5 100.00 (100.00)
21-Jan-26 20:06:14 - Epoch: [86][ 399/1176]	Time  0.178 ( 0.183)	Data  0.000 ( 0.001)	Loss 0.0000e+00 (0.0000e+00)	Acc@1 100.00 (100.00)	Acc@5 100.00 (100.00)
21-Jan-26 20:06:33 - Epoch: [86][ 499/1176]	Time  0.181 ( 0.183)	Data  0.000 ( 0.001)	Loss 0.0000e+00 (0.0000e+00)	Acc@1 100.00 (100.00)	Acc@5 100.00 (100.00)
21-Jan-26 20:06:51 - Epoch: [86][ 599/1176]	Time  0.182 ( 0.183)	Data  0.000 ( 0.001)	Loss 0.0000e+00 (0.0000e+00)	Acc@1 100.00 (100.00)	Acc@5 100.00 (100.00)
21-Jan-26 20:07:09 - Epoch: [86][ 699/1176]	Time  0.183 ( 0.183)	Data  0.000 ( 0.001)	Loss 0.0000e+00 (0.0000e+00)	Acc@1 100.00 (100.00)	Acc@5 100.00 (100.00)
21-Jan-26 20:07:28 - Epoch: [86][ 799/1176]	Time  0.180 ( 0.183)	Data  0.000 ( 0.000)	Loss 0.0000e+00 (0.0000e+00)	Acc@1 100.00 (100.00)	Acc@5 100.00 (100.00)
21-Jan-26 20:07:46 - Epoch: [86][ 899/1176]	Time  0.183 ( 0.183)	Data  0.000 ( 0.000)	Loss 0.0000e+00 (0.0000e+00)	Acc@1 100.00 (100.00)	Acc@5 100.00 (100.00)
21-Jan-26 20:08:04 - Epoch: [86][ 999/1176]	Time  0.181 ( 0.183)	Data  0.000 ( 0.000)	Loss 0.0000e+00 (0.0000e+00)	Acc@1 100.00 (100.00)	Acc@5 100.00 (100.00)
21-Jan-26 20:08:22 - Epoch: [86][1099/1176]	Time  0.185 ( 0.183)	Data  0.000 ( 0.000)	Loss 0.0000e+00 (0.0000e+00)	Acc@1 100.00 (100.00)	Acc@5 100.00 (100.00)
21-Jan-26 20:08:36 -  @Training * Acc@1 100.000 Acc@5 100.000 Loss 0.000
21-Jan-26 20:08:37 - One training epoch latency: 215.3s | Avg Power: 242.3W | Energy: 52161.6316J
21-Jan-26 20:08:51 -  @Testing * Acc@1 96.528 Acc@5 99.653 Loss 2.226
21-Jan-26 20:08:51 - Best acc at epoch 86: 96.875
21-Jan-26 20:08:51 - Last learning rate: [6.103515625e-08]
21-Jan-26 20:08:51 - 	 Epoch 87...
21-Jan-26 20:09:09 - Epoch: [87][  99/1176]	Time  0.180 ( 0.185)	Data  0.000 ( 0.002)	Loss 0.0000e+00 (0.0000e+00)	Acc@1 100.00 (100.00)	Acc@5 100.00 (100.00)
21-Jan-26 20:09:28 - Epoch: [87][ 199/1176]	Time  0.185 ( 0.184)	Data  0.000 ( 0.001)	Loss 0.0000e+00 (0.0000e+00)	Acc@1 100.00 (100.00)	Acc@5 100.00 (100.00)
21-Jan-26 20:09:46 - Epoch: [87][ 299/1176]	Time  0.183 ( 0.184)	Data  0.000 ( 0.001)	Loss 0.0000e+00 (0.0000e+00)	Acc@1 100.00 (100.00)	Acc@5 100.00 (100.00)
21-Jan-26 20:10:04 - Epoch: [87][ 399/1176]	Time  0.184 ( 0.184)	Data  0.000 ( 0.001)	Loss 0.0000e+00 (0.0000e+00)	Acc@1 100.00 (100.00)	Acc@5 100.00 (100.00)
21-Jan-26 20:10:23 - Epoch: [87][ 499/1176]	Time  0.177 ( 0.184)	Data  0.000 ( 0.001)	Loss 0.0000e+00 (0.0000e+00)	Acc@1 100.00 (100.00)	Acc@5 100.00 (100.00)
21-Jan-26 20:10:41 - Epoch: [87][ 599/1176]	Time  0.186 ( 0.184)	Data  0.000 ( 0.000)	Loss 0.0000e+00 (0.0000e+00)	Acc@1 100.00 (100.00)	Acc@5 100.00 (100.00)
21-Jan-26 20:10:59 - Epoch: [87][ 699/1176]	Time  0.183 ( 0.184)	Data  0.000 ( 0.000)	Loss 0.0000e+00 (0.0000e+00)	Acc@1 100.00 (100.00)	Acc@5 100.00 (100.00)
21-Jan-26 20:11:18 - Epoch: [87][ 799/1176]	Time  0.186 ( 0.184)	Data  0.000 ( 0.000)	Loss 0.0000e+00 (0.0000e+00)	Acc@1 100.00 (100.00)	Acc@5 100.00 (100.00)
21-Jan-26 20:11:36 - Epoch: [87][ 899/1176]	Time  0.181 ( 0.184)	Data  0.000 ( 0.000)	Loss 0.0000e+00 (0.0000e+00)	Acc@1 100.00 (100.00)	Acc@5 100.00 (100.00)
21-Jan-26 20:11:54 - Epoch: [87][ 999/1176]	Time  0.179 ( 0.184)	Data  0.000 ( 0.000)	Loss 0.0000e+00 (0.0000e+00)	Acc@1 100.00 (100.00)	Acc@5 100.00 (100.00)
21-Jan-26 20:12:13 - Epoch: [87][1099/1176]	Time  0.185 ( 0.184)	Data  0.000 ( 0.000)	Loss 0.0000e+00 (0.0000e+00)	Acc@1 100.00 (100.00)	Acc@5 100.00 (100.00)
21-Jan-26 20:12:27 -  @Training * Acc@1 100.000 Acc@5 100.000 Loss 0.000
21-Jan-26 20:12:27 - One training epoch latency: 216.5s | Avg Power: 239.8W | Energy: 51910.1537J
21-Jan-26 20:12:41 -  @Testing * Acc@1 96.528 Acc@5 99.653 Loss 2.253
21-Jan-26 20:12:41 - Best acc at epoch 87: 96.875
21-Jan-26 20:12:41 - Last learning rate: [3.0517578125e-08]
21-Jan-26 20:12:41 - 	 Epoch 88...
21-Jan-26 20:13:00 - Epoch: [88][  99/1176]	Time  0.177 ( 0.187)	Data  0.000 ( 0.002)	Loss 0.0000e+00 (0.0000e+00)	Acc@1 100.00 (100.00)	Acc@5 100.00 (100.00)
21-Jan-26 20:13:19 - Epoch: [88][ 199/1176]	Time  0.185 ( 0.186)	Data  0.000 ( 0.001)	Loss 0.0000e+00 (0.0000e+00)	Acc@1 100.00 (100.00)	Acc@5 100.00 (100.00)
21-Jan-26 20:13:37 - Epoch: [88][ 299/1176]	Time  0.186 ( 0.185)	Data  0.000 ( 0.001)	Loss 0.0000e+00 (0.0000e+00)	Acc@1 100.00 (100.00)	Acc@5 100.00 (100.00)
21-Jan-26 20:13:55 - Epoch: [88][ 399/1176]	Time  0.180 ( 0.185)	Data  0.000 ( 0.001)	Loss 0.0000e+00 (0.0000e+00)	Acc@1 100.00 (100.00)	Acc@5 100.00 (100.00)
21-Jan-26 20:14:14 - Epoch: [88][ 499/1176]	Time  0.203 ( 0.185)	Data  0.000 ( 0.001)	Loss 0.0000e+00 (0.0000e+00)	Acc@1 100.00 (100.00)	Acc@5 100.00 (100.00)
21-Jan-26 20:14:32 - Epoch: [88][ 599/1176]	Time  0.183 ( 0.185)	Data  0.000 ( 0.001)	Loss 0.0000e+00 (0.0000e+00)	Acc@1 100.00 (100.00)	Acc@5 100.00 (100.00)
21-Jan-26 20:14:51 - Epoch: [88][ 699/1176]	Time  0.188 ( 0.185)	Data  0.000 ( 0.001)	Loss 0.0000e+00 (0.0000e+00)	Acc@1 100.00 (100.00)	Acc@5 100.00 (100.00)
21-Jan-26 20:15:09 - Epoch: [88][ 799/1176]	Time  0.184 ( 0.185)	Data  0.000 ( 0.000)	Loss 0.0000e+00 (0.0000e+00)	Acc@1 100.00 (100.00)	Acc@5 100.00 (100.00)
21-Jan-26 20:15:28 - Epoch: [88][ 899/1176]	Time  0.183 ( 0.185)	Data  0.000 ( 0.000)	Loss 0.0000e+00 (0.0000e+00)	Acc@1 100.00 (100.00)	Acc@5 100.00 (100.00)
21-Jan-26 20:15:46 - Epoch: [88][ 999/1176]	Time  0.182 ( 0.185)	Data  0.000 ( 0.000)	Loss 0.0000e+00 (0.0000e+00)	Acc@1 100.00 (100.00)	Acc@5 100.00 (100.00)
21-Jan-26 20:16:04 - Epoch: [88][1099/1176]	Time  0.184 ( 0.185)	Data  0.000 ( 0.000)	Loss 0.0000e+00 (0.0000e+00)	Acc@1 100.00 (100.00)	Acc@5 100.00 (100.00)
21-Jan-26 20:16:18 -  @Training * Acc@1 100.000 Acc@5 100.000 Loss 0.000
21-Jan-26 20:16:18 - One training epoch latency: 217.1s | Avg Power: 239.7W | Energy: 52037.2770J
21-Jan-26 20:16:32 -  @Testing * Acc@1 96.528 Acc@5 99.653 Loss 2.261
21-Jan-26 20:16:32 - Best acc at epoch 88: 96.875
21-Jan-26 20:16:32 - Last learning rate: [3.0517578125e-08]
21-Jan-26 20:16:32 - 	 Epoch 89...
21-Jan-26 20:16:51 - Epoch: [89][  99/1176]	Time  0.205 ( 0.187)	Data  0.000 ( 0.002)	Loss 0.0000e+00 (0.0000e+00)	Acc@1 100.00 (100.00)	Acc@5 100.00 (100.00)
21-Jan-26 20:17:09 - Epoch: [89][ 199/1176]	Time  0.185 ( 0.186)	Data  0.000 ( 0.001)	Loss 0.0000e+00 (0.0000e+00)	Acc@1 100.00 (100.00)	Acc@5 100.00 (100.00)
21-Jan-26 20:17:28 - Epoch: [89][ 299/1176]	Time  0.181 ( 0.186)	Data  0.000 ( 0.001)	Loss 0.0000e+00 (0.0000e+00)	Acc@1 100.00 (100.00)	Acc@5 100.00 (100.00)
21-Jan-26 20:17:46 - Epoch: [89][ 399/1176]	Time  0.183 ( 0.185)	Data  0.000 ( 0.001)	Loss 0.0000e+00 (0.0000e+00)	Acc@1 100.00 (100.00)	Acc@5 100.00 (100.00)
21-Jan-26 20:18:04 - Epoch: [89][ 499/1176]	Time  0.177 ( 0.185)	Data  0.000 ( 0.001)	Loss 0.0000e+00 (0.0000e+00)	Acc@1 100.00 (100.00)	Acc@5 100.00 (100.00)
21-Jan-26 20:18:23 - Epoch: [89][ 599/1176]	Time  0.187 ( 0.184)	Data  0.000 ( 0.000)	Loss 0.0000e+00 (0.0000e+00)	Acc@1 100.00 (100.00)	Acc@5 100.00 (100.00)
21-Jan-26 20:18:41 - Epoch: [89][ 699/1176]	Time  0.181 ( 0.184)	Data  0.000 ( 0.000)	Loss 0.0000e+00 (0.0000e+00)	Acc@1 100.00 (100.00)	Acc@5 100.00 (100.00)
21-Jan-26 20:18:59 - Epoch: [89][ 799/1176]	Time  0.181 ( 0.184)	Data  0.000 ( 0.000)	Loss 0.0000e+00 (0.0000e+00)	Acc@1 100.00 (100.00)	Acc@5 100.00 (100.00)
21-Jan-26 20:19:18 - Epoch: [89][ 899/1176]	Time  0.185 ( 0.184)	Data  0.000 ( 0.000)	Loss 0.0000e+00 (0.0000e+00)	Acc@1 100.00 (100.00)	Acc@5 100.00 (100.00)
21-Jan-26 20:19:36 - Epoch: [89][ 999/1176]	Time  0.182 ( 0.184)	Data  0.000 ( 0.000)	Loss 0.0000e+00 (0.0000e+00)	Acc@1 100.00 (100.00)	Acc@5 100.00 (100.00)
21-Jan-26 20:19:54 - Epoch: [89][1099/1176]	Time  0.182 ( 0.184)	Data  0.000 ( 0.000)	Loss 0.0000e+00 (0.0000e+00)	Acc@1 100.00 (100.00)	Acc@5 100.00 (100.00)
21-Jan-26 20:20:08 -  @Training * Acc@1 100.000 Acc@5 100.000 Loss 0.000
21-Jan-26 20:20:08 - One training epoch latency: 216.1s | Avg Power: 241.4W | Energy: 52163.6417J
21-Jan-26 20:20:22 -  @Testing * Acc@1 96.528 Acc@5 99.653 Loss 2.234
21-Jan-26 20:20:22 - Best acc at epoch 89: 96.875
21-Jan-26 20:20:22 - Last learning rate: [3.0517578125e-08]
21-Jan-26 20:20:22 - 	 Epoch 90...
21-Jan-26 20:20:41 - Epoch: [90][  99/1176]	Time  0.180 ( 0.185)	Data  0.000 ( 0.002)	Loss 0.0000e+00 (0.0000e+00)	Acc@1 100.00 (100.00)	Acc@5 100.00 (100.00)
21-Jan-26 20:20:59 - Epoch: [90][ 199/1176]	Time  0.184 ( 0.185)	Data  0.000 ( 0.001)	Loss 0.0000e+00 (0.0000e+00)	Acc@1 100.00 (100.00)	Acc@5 100.00 (100.00)
21-Jan-26 20:21:18 - Epoch: [90][ 299/1176]	Time  0.190 ( 0.186)	Data  0.000 ( 0.001)	Loss 0.0000e+00 (0.0000e+00)	Acc@1 100.00 (100.00)	Acc@5 100.00 (100.00)
21-Jan-26 20:21:36 - Epoch: [90][ 399/1176]	Time  0.182 ( 0.185)	Data  0.000 ( 0.001)	Loss 0.0000e+00 (0.0000e+00)	Acc@1 100.00 (100.00)	Acc@5 100.00 (100.00)
21-Jan-26 20:21:55 - Epoch: [90][ 499/1176]	Time  0.177 ( 0.185)	Data  0.000 ( 0.001)	Loss 0.0000e+00 (0.0000e+00)	Acc@1 100.00 (100.00)	Acc@5 100.00 (100.00)
21-Jan-26 20:22:13 - Epoch: [90][ 599/1176]	Time  0.184 ( 0.185)	Data  0.000 ( 0.001)	Loss 0.0000e+00 (0.0000e+00)	Acc@1 100.00 (100.00)	Acc@5 100.00 (100.00)
21-Jan-26 20:22:31 - Epoch: [90][ 699/1176]	Time  0.181 ( 0.185)	Data  0.000 ( 0.000)	Loss 0.0000e+00 (0.0000e+00)	Acc@1 100.00 (100.00)	Acc@5 100.00 (100.00)
21-Jan-26 20:22:50 - Epoch: [90][ 799/1176]	Time  0.185 ( 0.184)	Data  0.000 ( 0.000)	Loss 0.0000e+00 (0.0000e+00)	Acc@1 100.00 (100.00)	Acc@5 100.00 (100.00)
21-Jan-26 20:23:08 - Epoch: [90][ 899/1176]	Time  0.184 ( 0.184)	Data  0.000 ( 0.000)	Loss 0.0000e+00 (0.0000e+00)	Acc@1 100.00 (100.00)	Acc@5 100.00 (100.00)
21-Jan-26 20:23:26 - Epoch: [90][ 999/1176]	Time  0.179 ( 0.184)	Data  0.000 ( 0.000)	Loss 0.0000e+00 (0.0000e+00)	Acc@1 100.00 (100.00)	Acc@5 100.00 (100.00)
21-Jan-26 20:23:45 - Epoch: [90][1099/1176]	Time  0.181 ( 0.184)	Data  0.000 ( 0.000)	Loss 0.0000e+00 (0.0000e+00)	Acc@1 100.00 (100.00)	Acc@5 100.00 (100.00)
21-Jan-26 20:23:59 -  @Training * Acc@1 100.000 Acc@5 100.000 Loss 0.000
21-Jan-26 20:23:59 - One training epoch latency: 216.5s | Avg Power: 240.9W | Energy: 52162.5806J
21-Jan-26 20:24:12 -  @Testing * Acc@1 96.528 Acc@5 99.653 Loss 2.264
21-Jan-26 20:24:12 - Best acc at epoch 90: 96.875
21-Jan-26 20:24:12 - Last learning rate: [3.0517578125e-08]
21-Jan-26 20:24:12 - 	 Epoch 91...
21-Jan-26 20:24:31 - Epoch: [91][  99/1176]	Time  0.190 ( 0.186)	Data  0.000 ( 0.002)	Loss 0.0000e+00 (0.0000e+00)	Acc@1 100.00 (100.00)	Acc@5 100.00 (100.00)
21-Jan-26 20:24:49 - Epoch: [91][ 199/1176]	Time  0.186 ( 0.185)	Data  0.000 ( 0.001)	Loss 0.0000e+00 (0.0000e+00)	Acc@1 100.00 (100.00)	Acc@5 100.00 (100.00)
21-Jan-26 20:25:08 - Epoch: [91][ 299/1176]	Time  0.183 ( 0.185)	Data  0.000 ( 0.001)	Loss 0.0000e+00 (0.0000e+00)	Acc@1 100.00 (100.00)	Acc@5 100.00 (100.00)
21-Jan-26 20:25:26 - Epoch: [91][ 399/1176]	Time  0.177 ( 0.185)	Data  0.000 ( 0.001)	Loss 0.0000e+00 (0.0000e+00)	Acc@1 100.00 (100.00)	Acc@5 100.00 (100.00)
21-Jan-26 20:25:45 - Epoch: [91][ 499/1176]	Time  0.189 ( 0.185)	Data  0.000 ( 0.001)	Loss 0.0000e+00 (0.0000e+00)	Acc@1 100.00 (100.00)	Acc@5 100.00 (100.00)
21-Jan-26 20:26:03 - Epoch: [91][ 599/1176]	Time  0.184 ( 0.185)	Data  0.000 ( 0.001)	Loss 0.0000e+00 (0.0000e+00)	Acc@1 100.00 (100.00)	Acc@5 100.00 (100.00)
21-Jan-26 20:26:21 - Epoch: [91][ 699/1176]	Time  0.183 ( 0.185)	Data  0.000 ( 0.001)	Loss 0.0000e+00 (0.0000e+00)	Acc@1 100.00 (100.00)	Acc@5 100.00 (100.00)
21-Jan-26 20:26:40 - Epoch: [91][ 799/1176]	Time  0.191 ( 0.184)	Data  0.000 ( 0.000)	Loss 0.0000e+00 (0.0000e+00)	Acc@1 100.00 (100.00)	Acc@5 100.00 (100.00)
21-Jan-26 20:26:58 - Epoch: [91][ 899/1176]	Time  0.180 ( 0.184)	Data  0.000 ( 0.000)	Loss 0.0000e+00 (0.0000e+00)	Acc@1 100.00 (100.00)	Acc@5 100.00 (100.00)
21-Jan-26 20:27:16 - Epoch: [91][ 999/1176]	Time  0.182 ( 0.184)	Data  0.000 ( 0.000)	Loss 0.0000e+00 (0.0000e+00)	Acc@1 100.00 (100.00)	Acc@5 100.00 (100.00)
21-Jan-26 20:27:35 - Epoch: [91][1099/1176]	Time  0.193 ( 0.184)	Data  0.000 ( 0.000)	Loss 0.0000e+00 (0.0000e+00)	Acc@1 100.00 (100.00)	Acc@5 100.00 (100.00)
21-Jan-26 20:27:49 -  @Training * Acc@1 100.000 Acc@5 100.000 Loss 0.000
21-Jan-26 20:27:49 - One training epoch latency: 216.6s | Avg Power: 240.4W | Energy: 52051.0098J
21-Jan-26 20:28:03 -  @Testing * Acc@1 96.528 Acc@5 99.653 Loss 2.250
21-Jan-26 20:28:03 - Best acc at epoch 91: 96.875
21-Jan-26 20:28:03 - Last learning rate: [3.0517578125e-08]
21-Jan-26 20:28:03 - 	 Epoch 92...
21-Jan-26 20:28:21 - Epoch: [92][  99/1176]	Time  0.186 ( 0.186)	Data  0.000 ( 0.002)	Loss 0.0000e+00 (0.0000e+00)	Acc@1 100.00 (100.00)	Acc@5 100.00 (100.00)
21-Jan-26 20:28:40 - Epoch: [92][ 199/1176]	Time  0.192 ( 0.186)	Data  0.000 ( 0.001)	Loss 0.0000e+00 (0.0000e+00)	Acc@1 100.00 (100.00)	Acc@5 100.00 (100.00)
21-Jan-26 20:28:58 - Epoch: [92][ 299/1176]	Time  0.184 ( 0.186)	Data  0.000 ( 0.001)	Loss 0.0000e+00 (0.0000e+00)	Acc@1 100.00 (100.00)	Acc@5 100.00 (100.00)
21-Jan-26 20:29:17 - Epoch: [92][ 399/1176]	Time  0.186 ( 0.185)	Data  0.000 ( 0.001)	Loss 0.0000e+00 (0.0000e+00)	Acc@1 100.00 (100.00)	Acc@5 100.00 (100.00)
21-Jan-26 20:29:35 - Epoch: [92][ 499/1176]	Time  0.180 ( 0.185)	Data  0.000 ( 0.001)	Loss 0.0000e+00 (0.0000e+00)	Acc@1 100.00 (100.00)	Acc@5 100.00 (100.00)
21-Jan-26 20:29:53 - Epoch: [92][ 599/1176]	Time  0.179 ( 0.185)	Data  0.000 ( 0.001)	Loss 0.0000e+00 (0.0000e+00)	Acc@1 100.00 (100.00)	Acc@5 100.00 (100.00)
21-Jan-26 20:30:12 - Epoch: [92][ 699/1176]	Time  0.189 ( 0.184)	Data  0.000 ( 0.001)	Loss 0.0000e+00 (0.0000e+00)	Acc@1 100.00 (100.00)	Acc@5 100.00 (100.00)
21-Jan-26 20:30:30 - Epoch: [92][ 799/1176]	Time  0.184 ( 0.184)	Data  0.000 ( 0.001)	Loss 0.0000e+00 (0.0000e+00)	Acc@1 100.00 (100.00)	Acc@5 100.00 (100.00)
21-Jan-26 20:30:48 - Epoch: [92][ 899/1176]	Time  0.181 ( 0.184)	Data  0.000 ( 0.000)	Loss 0.0000e+00 (0.0000e+00)	Acc@1 100.00 (100.00)	Acc@5 100.00 (100.00)
21-Jan-26 20:31:07 - Epoch: [92][ 999/1176]	Time  0.191 ( 0.184)	Data  0.000 ( 0.000)	Loss 0.0000e+00 (0.0000e+00)	Acc@1 100.00 (100.00)	Acc@5 100.00 (100.00)
21-Jan-26 20:31:25 - Epoch: [92][1099/1176]	Time  0.183 ( 0.184)	Data  0.000 ( 0.000)	Loss 0.0000e+00 (0.0000e+00)	Acc@1 100.00 (100.00)	Acc@5 100.00 (100.00)
21-Jan-26 20:31:39 -  @Training * Acc@1 100.000 Acc@5 100.000 Loss 0.000
21-Jan-26 20:31:39 - One training epoch latency: 216.4s | Avg Power: 241.3W | Energy: 52231.8363J
21-Jan-26 20:31:53 -  @Testing * Acc@1 96.528 Acc@5 99.653 Loss 2.245
21-Jan-26 20:31:53 - Best acc at epoch 92: 96.875
21-Jan-26 20:31:53 - Last learning rate: [3.0517578125e-08]
21-Jan-26 20:31:53 - 	 Epoch 93...
21-Jan-26 20:32:11 - Epoch: [93][  99/1176]	Time  0.190 ( 0.186)	Data  0.000 ( 0.002)	Loss 0.0000e+00 (0.0000e+00)	Acc@1 100.00 (100.00)	Acc@5 100.00 (100.00)
21-Jan-26 20:32:30 - Epoch: [93][ 199/1176]	Time  0.192 ( 0.185)	Data  0.000 ( 0.001)	Loss 0.0000e+00 (0.0000e+00)	Acc@1 100.00 (100.00)	Acc@5 100.00 (100.00)
21-Jan-26 20:32:48 - Epoch: [93][ 299/1176]	Time  0.183 ( 0.185)	Data  0.000 ( 0.001)	Loss 0.0000e+00 (0.0000e+00)	Acc@1 100.00 (100.00)	Acc@5 100.00 (100.00)
21-Jan-26 20:33:07 - Epoch: [93][ 399/1176]	Time  0.182 ( 0.185)	Data  0.000 ( 0.001)	Loss 0.0000e+00 (0.0000e+00)	Acc@1 100.00 (100.00)	Acc@5 100.00 (100.00)
21-Jan-26 20:33:25 - Epoch: [93][ 499/1176]	Time  0.178 ( 0.185)	Data  0.000 ( 0.001)	Loss 0.0000e+00 (0.0000e+00)	Acc@1 100.00 (100.00)	Acc@5 100.00 (100.00)
21-Jan-26 20:33:44 - Epoch: [93][ 599/1176]	Time  0.185 ( 0.185)	Data  0.000 ( 0.001)	Loss 0.0000e+00 (0.0000e+00)	Acc@1 100.00 (100.00)	Acc@5 100.00 (100.00)
21-Jan-26 20:34:02 - Epoch: [93][ 699/1176]	Time  0.183 ( 0.184)	Data  0.000 ( 0.000)	Loss 0.0000e+00 (0.0000e+00)	Acc@1 100.00 (100.00)	Acc@5 100.00 (100.00)
21-Jan-26 20:34:20 - Epoch: [93][ 799/1176]	Time  0.182 ( 0.184)	Data  0.000 ( 0.000)	Loss 0.0000e+00 (0.0000e+00)	Acc@1 100.00 (100.00)	Acc@5 100.00 (100.00)
21-Jan-26 20:34:39 - Epoch: [93][ 899/1176]	Time  0.183 ( 0.184)	Data  0.000 ( 0.000)	Loss 0.0000e+00 (0.0000e+00)	Acc@1 100.00 (100.00)	Acc@5 100.00 (100.00)
21-Jan-26 20:34:57 - Epoch: [93][ 999/1176]	Time  0.177 ( 0.184)	Data  0.000 ( 0.000)	Loss 0.0000e+00 (0.0000e+00)	Acc@1 100.00 (100.00)	Acc@5 100.00 (100.00)
21-Jan-26 20:35:15 - Epoch: [93][1099/1176]	Time  0.186 ( 0.184)	Data  0.000 ( 0.000)	Loss 0.0000e+00 (0.0000e+00)	Acc@1 100.00 (100.00)	Acc@5 100.00 (100.00)
21-Jan-26 20:35:29 -  @Training * Acc@1 100.000 Acc@5 100.000 Loss 0.000
21-Jan-26 20:35:29 - One training epoch latency: 216.5s | Avg Power: 242.0W | Energy: 52372.3294J
21-Jan-26 20:35:43 -  @Testing * Acc@1 96.528 Acc@5 99.653 Loss 2.253
21-Jan-26 20:35:43 - Best acc at epoch 93: 96.875
21-Jan-26 20:35:43 - Last learning rate: [1.52587890625e-08]
21-Jan-26 20:35:43 - 	 Epoch 94...
21-Jan-26 20:36:02 - Epoch: [94][  99/1176]	Time  0.181 ( 0.185)	Data  0.000 ( 0.002)	Loss 0.0000e+00 (0.0000e+00)	Acc@1 100.00 (100.00)	Acc@5 100.00 (100.00)
21-Jan-26 20:36:20 - Epoch: [94][ 199/1176]	Time  0.181 ( 0.184)	Data  0.000 ( 0.001)	Loss 0.0000e+00 (0.0000e+00)	Acc@1 100.00 (100.00)	Acc@5 100.00 (100.00)
21-Jan-26 20:36:39 - Epoch: [94][ 299/1176]	Time  0.186 ( 0.185)	Data  0.000 ( 0.001)	Loss 0.0000e+00 (0.0000e+00)	Acc@1 100.00 (100.00)	Acc@5 100.00 (100.00)
21-Jan-26 20:36:57 - Epoch: [94][ 399/1176]	Time  0.183 ( 0.185)	Data  0.000 ( 0.001)	Loss 0.0000e+00 (0.0000e+00)	Acc@1 100.00 (100.00)	Acc@5 100.00 (100.00)
21-Jan-26 20:37:16 - Epoch: [94][ 499/1176]	Time  0.181 ( 0.185)	Data  0.000 ( 0.001)	Loss 0.0000e+00 (0.0000e+00)	Acc@1 100.00 (100.00)	Acc@5 100.00 (100.00)
21-Jan-26 20:37:34 - Epoch: [94][ 599/1176]	Time  0.180 ( 0.185)	Data  0.000 ( 0.001)	Loss 0.0000e+00 (0.0000e+00)	Acc@1 100.00 (100.00)	Acc@5 100.00 (100.00)
21-Jan-26 20:37:52 - Epoch: [94][ 699/1176]	Time  0.183 ( 0.185)	Data  0.000 ( 0.000)	Loss 0.0000e+00 (0.0000e+00)	Acc@1 100.00 (100.00)	Acc@5 100.00 (100.00)
21-Jan-26 20:38:10 - Epoch: [94][ 799/1176]	Time  0.182 ( 0.184)	Data  0.000 ( 0.000)	Loss 0.0000e+00 (0.0000e+00)	Acc@1 100.00 (100.00)	Acc@5 100.00 (100.00)
21-Jan-26 20:38:29 - Epoch: [94][ 899/1176]	Time  0.206 ( 0.184)	Data  0.011 ( 0.000)	Loss 0.0000e+00 (0.0000e+00)	Acc@1 100.00 (100.00)	Acc@5 100.00 (100.00)
21-Jan-26 20:38:47 - Epoch: [94][ 999/1176]	Time  0.181 ( 0.184)	Data  0.000 ( 0.000)	Loss 0.0000e+00 (0.0000e+00)	Acc@1 100.00 (100.00)	Acc@5 100.00 (100.00)
21-Jan-26 20:39:05 - Epoch: [94][1099/1176]	Time  0.179 ( 0.184)	Data  0.000 ( 0.000)	Loss 0.0000e+00 (0.0000e+00)	Acc@1 100.00 (100.00)	Acc@5 100.00 (100.00)
21-Jan-26 20:39:19 -  @Training * Acc@1 100.000 Acc@5 100.000 Loss 0.000
21-Jan-26 20:39:19 - One training epoch latency: 216.4s | Avg Power: 240.1W | Energy: 51948.8923J
21-Jan-26 20:39:33 -  @Testing * Acc@1 96.528 Acc@5 99.653 Loss 2.226
21-Jan-26 20:39:33 - Best acc at epoch 94: 96.875
21-Jan-26 20:39:33 - Last learning rate: [1.52587890625e-08]
21-Jan-26 20:39:33 - 	 Epoch 95...
21-Jan-26 20:39:52 - Epoch: [95][  99/1176]	Time  0.177 ( 0.185)	Data  0.000 ( 0.002)	Loss 0.0000e+00 (0.0000e+00)	Acc@1 100.00 (100.00)	Acc@5 100.00 (100.00)
21-Jan-26 20:40:10 - Epoch: [95][ 199/1176]	Time  0.187 ( 0.185)	Data  0.000 ( 0.001)	Loss 0.0000e+00 (0.0000e+00)	Acc@1 100.00 (100.00)	Acc@5 100.00 (100.00)
21-Jan-26 20:40:29 - Epoch: [95][ 299/1176]	Time  0.187 ( 0.185)	Data  0.000 ( 0.001)	Loss 0.0000e+00 (0.0000e+00)	Acc@1 100.00 (100.00)	Acc@5 100.00 (100.00)
21-Jan-26 20:40:47 - Epoch: [95][ 399/1176]	Time  0.185 ( 0.185)	Data  0.000 ( 0.001)	Loss 0.0000e+00 (0.0000e+00)	Acc@1 100.00 (100.00)	Acc@5 100.00 (100.00)
21-Jan-26 20:41:05 - Epoch: [95][ 499/1176]	Time  0.183 ( 0.185)	Data  0.000 ( 0.001)	Loss 0.0000e+00 (0.0000e+00)	Acc@1 100.00 (100.00)	Acc@5 100.00 (100.00)
21-Jan-26 20:41:24 - Epoch: [95][ 599/1176]	Time  0.177 ( 0.185)	Data  0.000 ( 0.000)	Loss 0.0000e+00 (0.0000e+00)	Acc@1 100.00 (100.00)	Acc@5 100.00 (100.00)
21-Jan-26 20:41:42 - Epoch: [95][ 699/1176]	Time  0.178 ( 0.184)	Data  0.000 ( 0.000)	Loss 0.0000e+00 (0.0000e+00)	Acc@1 100.00 (100.00)	Acc@5 100.00 (100.00)
21-Jan-26 20:42:00 - Epoch: [95][ 799/1176]	Time  0.181 ( 0.184)	Data  0.000 ( 0.000)	Loss 0.0000e+00 (0.0000e+00)	Acc@1 100.00 (100.00)	Acc@5 100.00 (100.00)
21-Jan-26 20:42:19 - Epoch: [95][ 899/1176]	Time  0.185 ( 0.184)	Data  0.000 ( 0.000)	Loss 0.0000e+00 (0.0000e+00)	Acc@1 100.00 (100.00)	Acc@5 100.00 (100.00)
21-Jan-26 20:42:37 - Epoch: [95][ 999/1176]	Time  0.184 ( 0.184)	Data  0.000 ( 0.000)	Loss 0.0000e+00 (0.0000e+00)	Acc@1 100.00 (100.00)	Acc@5 100.00 (100.00)
21-Jan-26 20:42:55 - Epoch: [95][1099/1176]	Time  0.177 ( 0.184)	Data  0.000 ( 0.000)	Loss 0.0000e+00 (0.0000e+00)	Acc@1 100.00 (100.00)	Acc@5 100.00 (100.00)
21-Jan-26 20:43:09 -  @Training * Acc@1 100.000 Acc@5 100.000 Loss 0.000
21-Jan-26 20:43:09 - One training epoch latency: 216.3s | Avg Power: 240.3W | Energy: 51964.2119J
21-Jan-26 20:43:23 -  @Testing * Acc@1 96.528 Acc@5 99.653 Loss 2.239
21-Jan-26 20:43:23 - Best acc at epoch 95: 96.875
21-Jan-26 20:43:23 - Last learning rate: [1.52587890625e-08]
21-Jan-26 20:43:23 - 	 Epoch 96...
21-Jan-26 20:43:42 - Epoch: [96][  99/1176]	Time  0.182 ( 0.185)	Data  0.000 ( 0.002)	Loss 0.0000e+00 (0.0000e+00)	Acc@1 100.00 (100.00)	Acc@5 100.00 (100.00)
21-Jan-26 20:44:00 - Epoch: [96][ 199/1176]	Time  0.181 ( 0.184)	Data  0.000 ( 0.001)	Loss 0.0000e+00 (0.0000e+00)	Acc@1 100.00 (100.00)	Acc@5 100.00 (100.00)
21-Jan-26 20:44:18 - Epoch: [96][ 299/1176]	Time  0.183 ( 0.184)	Data  0.000 ( 0.001)	Loss 0.0000e+00 (0.0000e+00)	Acc@1 100.00 (100.00)	Acc@5 100.00 (100.00)
21-Jan-26 20:44:37 - Epoch: [96][ 399/1176]	Time  0.187 ( 0.184)	Data  0.000 ( 0.001)	Loss 0.0000e+00 (0.0000e+00)	Acc@1 100.00 (100.00)	Acc@5 100.00 (100.00)
21-Jan-26 20:44:55 - Epoch: [96][ 499/1176]	Time  0.187 ( 0.185)	Data  0.000 ( 0.001)	Loss 0.0000e+00 (0.0000e+00)	Acc@1 100.00 (100.00)	Acc@5 100.00 (100.00)
21-Jan-26 20:45:14 - Epoch: [96][ 599/1176]	Time  0.179 ( 0.185)	Data  0.000 ( 0.000)	Loss 0.0000e+00 (0.0000e+00)	Acc@1 100.00 (100.00)	Acc@5 100.00 (100.00)
21-Jan-26 20:45:32 - Epoch: [96][ 699/1176]	Time  0.180 ( 0.185)	Data  0.000 ( 0.000)	Loss 0.0000e+00 (0.0000e+00)	Acc@1 100.00 (100.00)	Acc@5 100.00 (100.00)
21-Jan-26 20:45:51 - Epoch: [96][ 799/1176]	Time  0.185 ( 0.184)	Data  0.000 ( 0.000)	Loss 0.0000e+00 (0.0000e+00)	Acc@1 100.00 (100.00)	Acc@5 100.00 (100.00)
21-Jan-26 20:46:09 - Epoch: [96][ 899/1176]	Time  0.186 ( 0.184)	Data  0.000 ( 0.000)	Loss 0.0000e+00 (0.0000e+00)	Acc@1 100.00 (100.00)	Acc@5 100.00 (100.00)
21-Jan-26 20:46:27 - Epoch: [96][ 999/1176]	Time  0.183 ( 0.184)	Data  0.000 ( 0.000)	Loss 0.0000e+00 (0.0000e+00)	Acc@1 100.00 (100.00)	Acc@5 100.00 (100.00)
21-Jan-26 20:46:46 - Epoch: [96][1099/1176]	Time  0.184 ( 0.184)	Data  0.000 ( 0.000)	Loss 0.0000e+00 (0.0000e+00)	Acc@1 100.00 (100.00)	Acc@5 100.00 (100.00)
21-Jan-26 20:47:00 -  @Training * Acc@1 100.000 Acc@5 100.000 Loss 0.000
21-Jan-26 20:47:00 - One training epoch latency: 216.5s | Avg Power: 242.0W | Energy: 52380.0025J
21-Jan-26 20:47:13 -  @Testing * Acc@1 96.528 Acc@5 99.653 Loss 2.224
21-Jan-26 20:47:13 - Best acc at epoch 96: 96.875
21-Jan-26 20:47:13 - Last learning rate: [1.52587890625e-08]
21-Jan-26 20:47:13 - 	 Epoch 97...
21-Jan-26 20:47:32 - Epoch: [97][  99/1176]	Time  0.205 ( 0.185)	Data  0.011 ( 0.002)	Loss 0.0000e+00 (0.0000e+00)	Acc@1 100.00 (100.00)	Acc@5 100.00 (100.00)
21-Jan-26 20:47:50 - Epoch: [97][ 199/1176]	Time  0.181 ( 0.184)	Data  0.000 ( 0.001)	Loss 0.0000e+00 (0.0000e+00)	Acc@1 100.00 (100.00)	Acc@5 100.00 (100.00)
21-Jan-26 20:48:08 - Epoch: [97][ 299/1176]	Time  0.184 ( 0.184)	Data  0.000 ( 0.001)	Loss 0.0000e+00 (0.0000e+00)	Acc@1 100.00 (100.00)	Acc@5 100.00 (100.00)
21-Jan-26 20:48:27 - Epoch: [97][ 399/1176]	Time  0.187 ( 0.184)	Data  0.000 ( 0.001)	Loss 0.0000e+00 (0.0000e+00)	Acc@1 100.00 (100.00)	Acc@5 100.00 (100.00)
21-Jan-26 20:48:45 - Epoch: [97][ 499/1176]	Time  0.186 ( 0.184)	Data  0.000 ( 0.001)	Loss 0.0000e+00 (0.0000e+00)	Acc@1 100.00 (100.00)	Acc@5 100.00 (100.00)
21-Jan-26 20:49:04 - Epoch: [97][ 599/1176]	Time  0.204 ( 0.184)	Data  0.000 ( 0.001)	Loss 0.0000e+00 (0.0000e+00)	Acc@1 100.00 (100.00)	Acc@5 100.00 (100.00)
21-Jan-26 20:49:22 - Epoch: [97][ 699/1176]	Time  0.177 ( 0.184)	Data  0.000 ( 0.000)	Loss 0.0000e+00 (0.0000e+00)	Acc@1 100.00 (100.00)	Acc@5 100.00 (100.00)
21-Jan-26 20:49:41 - Epoch: [97][ 799/1176]	Time  0.181 ( 0.184)	Data  0.000 ( 0.000)	Loss 0.0000e+00 (0.0000e+00)	Acc@1 100.00 (100.00)	Acc@5 100.00 (100.00)
21-Jan-26 20:49:59 - Epoch: [97][ 899/1176]	Time  0.180 ( 0.184)	Data  0.000 ( 0.000)	Loss 0.0000e+00 (0.0000e+00)	Acc@1 100.00 (100.00)	Acc@5 100.00 (100.00)
21-Jan-26 20:50:17 - Epoch: [97][ 999/1176]	Time  0.185 ( 0.184)	Data  0.000 ( 0.000)	Loss 0.0000e+00 (0.0000e+00)	Acc@1 100.00 (100.00)	Acc@5 100.00 (100.00)
21-Jan-26 20:50:35 - Epoch: [97][1099/1176]	Time  0.180 ( 0.184)	Data  0.000 ( 0.000)	Loss 0.0000e+00 (0.0000e+00)	Acc@1 100.00 (100.00)	Acc@5 100.00 (100.00)
21-Jan-26 20:50:49 -  @Training * Acc@1 100.000 Acc@5 100.000 Loss 0.000
21-Jan-26 20:50:50 - One training epoch latency: 216.1s | Avg Power: 240.9W | Energy: 52064.6202J
21-Jan-26 20:51:03 -  @Testing * Acc@1 96.528 Acc@5 99.653 Loss 2.221
21-Jan-26 20:51:03 - Best acc at epoch 97: 96.875
21-Jan-26 20:51:03 - Last learning rate: [1.52587890625e-08]
21-Jan-26 20:51:03 - 	 Epoch 98...
21-Jan-26 20:51:22 - Epoch: [98][  99/1176]	Time  0.197 ( 0.186)	Data  0.000 ( 0.002)	Loss 0.0000e+00 (0.0000e+00)	Acc@1 100.00 (100.00)	Acc@5 100.00 (100.00)
21-Jan-26 20:51:40 - Epoch: [98][ 199/1176]	Time  0.184 ( 0.185)	Data  0.000 ( 0.001)	Loss 0.0000e+00 (0.0000e+00)	Acc@1 100.00 (100.00)	Acc@5 100.00 (100.00)
21-Jan-26 20:51:58 - Epoch: [98][ 299/1176]	Time  0.179 ( 0.184)	Data  0.000 ( 0.001)	Loss 0.0000e+00 (0.0000e+00)	Acc@1 100.00 (100.00)	Acc@5 100.00 (100.00)
21-Jan-26 20:52:17 - Epoch: [98][ 399/1176]	Time  0.193 ( 0.184)	Data  0.000 ( 0.001)	Loss 0.0000e+00 (0.0000e+00)	Acc@1 100.00 (100.00)	Acc@5 100.00 (100.00)
21-Jan-26 20:52:35 - Epoch: [98][ 499/1176]	Time  0.186 ( 0.184)	Data  0.000 ( 0.001)	Loss 0.0000e+00 (0.0000e+00)	Acc@1 100.00 (100.00)	Acc@5 100.00 (100.00)
21-Jan-26 20:52:54 - Epoch: [98][ 599/1176]	Time  0.181 ( 0.184)	Data  0.000 ( 0.001)	Loss 0.0000e+00 (0.0000e+00)	Acc@1 100.00 (100.00)	Acc@5 100.00 (100.00)
21-Jan-26 20:53:12 - Epoch: [98][ 699/1176]	Time  0.188 ( 0.184)	Data  0.000 ( 0.000)	Loss 0.0000e+00 (0.0000e+00)	Acc@1 100.00 (100.00)	Acc@5 100.00 (100.00)
21-Jan-26 20:53:31 - Epoch: [98][ 799/1176]	Time  0.188 ( 0.184)	Data  0.000 ( 0.000)	Loss 0.0000e+00 (0.0000e+00)	Acc@1 100.00 (100.00)	Acc@5 100.00 (100.00)
21-Jan-26 20:53:49 - Epoch: [98][ 899/1176]	Time  0.185 ( 0.184)	Data  0.000 ( 0.000)	Loss 0.0000e+00 (0.0000e+00)	Acc@1 100.00 (100.00)	Acc@5 100.00 (100.00)
21-Jan-26 20:54:07 - Epoch: [98][ 999/1176]	Time  0.179 ( 0.184)	Data  0.000 ( 0.000)	Loss 0.0000e+00 (0.0000e+00)	Acc@1 100.00 (100.00)	Acc@5 100.00 (100.00)
21-Jan-26 20:54:26 - Epoch: [98][1099/1176]	Time  0.189 ( 0.184)	Data  0.000 ( 0.000)	Loss 0.0000e+00 (0.0000e+00)	Acc@1 100.00 (100.00)	Acc@5 100.00 (100.00)
21-Jan-26 20:54:40 -  @Training * Acc@1 100.000 Acc@5 100.000 Loss 0.000
21-Jan-26 20:54:40 - One training epoch latency: 216.5s | Avg Power: 240.1W | Energy: 51972.8578J
21-Jan-26 20:54:53 -  @Testing * Acc@1 96.528 Acc@5 99.653 Loss 2.234
21-Jan-26 20:54:53 - Best acc at epoch 98: 96.875
21-Jan-26 20:54:53 - Last learning rate: [1.52587890625e-08]
21-Jan-26 20:54:53 - 	 Epoch 99...
21-Jan-26 20:55:12 - Epoch: [99][  99/1176]	Time  0.200 ( 0.185)	Data  0.011 ( 0.002)	Loss 0.0000e+00 (0.0000e+00)	Acc@1 100.00 (100.00)	Acc@5 100.00 (100.00)
21-Jan-26 20:55:30 - Epoch: [99][ 199/1176]	Time  0.180 ( 0.184)	Data  0.000 ( 0.001)	Loss 0.0000e+00 (0.0000e+00)	Acc@1 100.00 (100.00)	Acc@5 100.00 (100.00)
21-Jan-26 20:55:48 - Epoch: [99][ 299/1176]	Time  0.180 ( 0.183)	Data  0.000 ( 0.001)	Loss 0.0000e+00 (0.0000e+00)	Acc@1 100.00 (100.00)	Acc@5 100.00 (100.00)
21-Jan-26 20:56:07 - Epoch: [99][ 399/1176]	Time  0.187 ( 0.183)	Data  0.000 ( 0.001)	Loss 0.0000e+00 (0.0000e+00)	Acc@1 100.00 (100.00)	Acc@5 100.00 (100.00)
21-Jan-26 20:56:25 - Epoch: [99][ 499/1176]	Time  0.182 ( 0.183)	Data  0.000 ( 0.001)	Loss 0.0000e+00 (0.0000e+00)	Acc@1 100.00 (100.00)	Acc@5 100.00 (100.00)
21-Jan-26 20:56:43 - Epoch: [99][ 599/1176]	Time  0.180 ( 0.183)	Data  0.000 ( 0.001)	Loss 0.0000e+00 (0.0000e+00)	Acc@1 100.00 (100.00)	Acc@5 100.00 (100.00)
21-Jan-26 20:57:02 - Epoch: [99][ 699/1176]	Time  0.187 ( 0.183)	Data  0.000 ( 0.000)	Loss 0.0000e+00 (0.0000e+00)	Acc@1 100.00 (100.00)	Acc@5 100.00 (100.00)
21-Jan-26 20:57:20 - Epoch: [99][ 799/1176]	Time  0.184 ( 0.184)	Data  0.000 ( 0.000)	Loss 0.0000e+00 (0.0000e+00)	Acc@1 100.00 (100.00)	Acc@5 100.00 (100.00)
21-Jan-26 20:57:39 - Epoch: [99][ 899/1176]	Time  0.180 ( 0.184)	Data  0.000 ( 0.000)	Loss 0.0000e+00 (0.0000e+00)	Acc@1 100.00 (100.00)	Acc@5 100.00 (100.00)
21-Jan-26 20:57:57 - Epoch: [99][ 999/1176]	Time  0.181 ( 0.184)	Data  0.000 ( 0.000)	Loss 0.0000e+00 (0.0000e+00)	Acc@1 100.00 (100.00)	Acc@5 100.00 (100.00)
21-Jan-26 20:58:15 - Epoch: [99][1099/1176]	Time  0.180 ( 0.184)	Data  0.000 ( 0.000)	Loss 0.0000e+00 (0.0000e+00)	Acc@1 100.00 (100.00)	Acc@5 100.00 (100.00)
21-Jan-26 20:58:29 -  @Training * Acc@1 100.000 Acc@5 100.000 Loss 0.000
21-Jan-26 20:58:30 - One training epoch latency: 216.1s | Avg Power: 241.3W | Energy: 52145.2055J
21-Jan-26 20:58:43 -  @Testing * Acc@1 96.528 Acc@5 99.653 Loss 2.253
21-Jan-26 20:58:43 - Best acc at epoch 99: 96.875
21-Jan-26 20:58:43 - Last learning rate: [1.52587890625e-08]
21-Jan-26 20:58:43 - 	 Epoch 100...
21-Jan-26 20:59:02 - Epoch: [100][  99/1176]	Time  0.181 ( 0.185)	Data  0.000 ( 0.002)	Loss 0.0000e+00 (0.0000e+00)	Acc@1 100.00 (100.00)	Acc@5 100.00 (100.00)
21-Jan-26 20:59:20 - Epoch: [100][ 199/1176]	Time  0.180 ( 0.184)	Data  0.000 ( 0.001)	Loss 0.0000e+00 (0.0000e+00)	Acc@1 100.00 (100.00)	Acc@5 100.00 (100.00)
21-Jan-26 20:59:38 - Epoch: [100][ 299/1176]	Time  0.183 ( 0.184)	Data  0.000 ( 0.001)	Loss 0.0000e+00 (0.0000e+00)	Acc@1 100.00 (100.00)	Acc@5 100.00 (100.00)
21-Jan-26 20:59:56 - Epoch: [100][ 399/1176]	Time  0.178 ( 0.183)	Data  0.000 ( 0.001)	Loss 0.0000e+00 (0.0000e+00)	Acc@1 100.00 (100.00)	Acc@5 100.00 (100.00)
21-Jan-26 21:00:15 - Epoch: [100][ 499/1176]	Time  0.179 ( 0.184)	Data  0.000 ( 0.001)	Loss 0.0000e+00 (0.0000e+00)	Acc@1 100.00 (100.00)	Acc@5 100.00 (100.00)
21-Jan-26 21:00:33 - Epoch: [100][ 599/1176]	Time  0.184 ( 0.183)	Data  0.000 ( 0.001)	Loss 0.0000e+00 (0.0000e+00)	Acc@1 100.00 (100.00)	Acc@5 100.00 (100.00)
21-Jan-26 21:00:51 - Epoch: [100][ 699/1176]	Time  0.179 ( 0.183)	Data  0.000 ( 0.000)	Loss 0.0000e+00 (0.0000e+00)	Acc@1 100.00 (100.00)	Acc@5 100.00 (100.00)
21-Jan-26 21:01:10 - Epoch: [100][ 799/1176]	Time  0.185 ( 0.183)	Data  0.000 ( 0.000)	Loss 0.0000e+00 (0.0000e+00)	Acc@1 100.00 (100.00)	Acc@5 100.00 (100.00)
21-Jan-26 21:01:28 - Epoch: [100][ 899/1176]	Time  0.180 ( 0.184)	Data  0.000 ( 0.000)	Loss 0.0000e+00 (0.0000e+00)	Acc@1 100.00 (100.00)	Acc@5 100.00 (100.00)
21-Jan-26 21:01:47 - Epoch: [100][ 999/1176]	Time  0.182 ( 0.184)	Data  0.000 ( 0.000)	Loss 0.0000e+00 (0.0000e+00)	Acc@1 100.00 (100.00)	Acc@5 100.00 (100.00)
21-Jan-26 21:02:05 - Epoch: [100][1099/1176]	Time  0.184 ( 0.184)	Data  0.000 ( 0.000)	Loss 0.0000e+00 (0.0000e+00)	Acc@1 100.00 (100.00)	Acc@5 100.00 (100.00)
21-Jan-26 21:02:19 -  @Training * Acc@1 100.000 Acc@5 100.000 Loss 0.000
21-Jan-26 21:02:19 - One training epoch latency: 216.3s | Avg Power: 241.4W | Energy: 52200.7828J
21-Jan-26 21:02:33 -  @Testing * Acc@1 96.528 Acc@5 99.653 Loss 2.220
21-Jan-26 21:02:33 - Best acc at epoch 100: 96.875
21-Jan-26 21:02:33 - Last learning rate: [1.52587890625e-08]
20-Feb-26 13:50:07 - Namespace(arch='dvs_tessvgg_model', cpu=False, dataset='DVSGesture', save_path='./experiments/DVSGesture_Lonic_wn_int16_ternary_int8', data_path='/home/cts3td/Datasets', trials=1, epochs=100, optimizer='Adam', loss='CE', lr=6.25e-05, lr_conv=6.25e-05, batch_size=1, val_batch_size=16, label_encoding='class', activation='LinearSpike', seed=1, pretrained_model=None, training_mode='tess', delay_ls=20, scheduler=100, print_freq=100, factors_stdp=[0.2, 0.5, 0.0, 1.0], pooling='MAX', weight_decay=0, lr_scheduler_type='ReduceLR', experiment_name='DVSGesture', wn=True, avoid_wn=False, low_precision_training=True, forward_intx=16)
20-Feb-26 13:50:07 - => Everything will be saved to ./experiments/DVSGesture_Lonic_wn_int16_ternary_int8
20-Feb-26 13:50:12 - CUDA GPU will be used for computations
20-Feb-26 13:50:12 - Training set length: 1176
20-Feb-26 13:50:12 - Test set length: 288
20-Feb-26 13:50:12 - Activation used: None
20-Feb-26 13:50:12 - Total Parameters: 9222.9K
20-Feb-26 13:50:12 - === Model ===
20-Feb-26 13:50:12 - VGGConvModel(
  (conv_block1): LocalLearningSignalGenerationLayer(
    (block): ConvBlock(
      (pool): Identity()
      (conv): Conv2dSTDP(2, 64, kernel_size=(3, 3), stride=(1, 1), padding=(1, 1), bias=False, threshold=0.60, leak=0.50, reset=soft, grad_leak=False, grad_threshold=False, factors=tensor([0.2000, 0.5000, 0.0000, 1.0000], device='cuda:0'))
      (dropout): DropoutLIF(
        Dropout(p=0.0, inplace=False)
        (dropout): Dropout(p=0.0, inplace=False)
      )
    )
  )
  (conv_block2): LocalLearningSignalGenerationLayer(
    (block): ConvBlock(
      (pool): MaxPool2d(kernel_size=2, stride=2, padding=0, dilation=1, ceil_mode=False)
      (conv): Conv2dSTDP(64, 128, kernel_size=(3, 3), stride=(1, 1), padding=(1, 1), bias=False, threshold=0.60, leak=0.50, reset=soft, grad_leak=False, grad_threshold=False, factors=tensor([0.2000, 0.5000, 0.0000, 1.0000], device='cuda:0'))
      (dropout): DropoutLIF(
        Dropout(p=0.0, inplace=False)
        (dropout): Dropout(p=0.0, inplace=False)
      )
    )
  )
  (conv_block3): LocalLearningSignalGenerationLayer(
    (block): ConvBlock(
      (pool): Identity()
      (conv): Conv2dSTDP(128, 256, kernel_size=(3, 3), stride=(1, 1), padding=(1, 1), bias=False, threshold=0.60, leak=0.50, reset=soft, grad_leak=False, grad_threshold=False, factors=tensor([0.2000, 0.5000, 0.0000, 1.0000], device='cuda:0'))
      (dropout): DropoutLIF(
        Dropout(p=0.0, inplace=False)
        (dropout): Dropout(p=0.0, inplace=False)
      )
    )
  )
  (conv_block4): LocalLearningSignalGenerationLayer(
    (block): ConvBlock(
      (pool): MaxPool2d(kernel_size=2, stride=2, padding=0, dilation=1, ceil_mode=False)
      (conv): Conv2dSTDP(256, 256, kernel_size=(3, 3), stride=(1, 1), padding=(1, 1), bias=False, threshold=0.60, leak=0.50, reset=soft, grad_leak=False, grad_threshold=False, factors=tensor([0.2000, 0.5000, 0.0000, 1.0000], device='cuda:0'))
      (dropout): DropoutLIF(
        Dropout(p=0.0, inplace=False)
        (dropout): Dropout(p=0.0, inplace=False)
      )
    )
  )
  (conv_block5): LocalLearningSignalGenerationLayer(
    (block): ConvBlock(
      (pool): Identity()
      (conv): Conv2dSTDP(256, 512, kernel_size=(3, 3), stride=(1, 1), padding=(1, 1), bias=False, threshold=0.60, leak=0.50, reset=soft, grad_leak=False, grad_threshold=False, factors=tensor([0.2000, 0.5000, 0.0000, 1.0000], device='cuda:0'))
      (dropout): DropoutLIF(
        Dropout(p=0.0, inplace=False)
        (dropout): Dropout(p=0.0, inplace=False)
      )
    )
  )
  (conv_block6): LocalLearningSignalGenerationLayer(
    (block): ConvBlock(
      (pool): MaxPool2d(kernel_size=2, stride=2, padding=0, dilation=1, ceil_mode=False)
      (conv): Conv2dSTDP(512, 512, kernel_size=(3, 3), stride=(1, 1), padding=(1, 1), bias=False, threshold=0.60, leak=0.50, reset=soft, grad_leak=False, grad_threshold=False, factors=tensor([0.2000, 0.5000, 0.0000, 1.0000], device='cuda:0'))
      (dropout): DropoutLIF(
        Dropout(p=0.0, inplace=False)
        (dropout): Dropout(p=0.0, inplace=False)
      )
    )
  )
  (conv_block7): LocalLearningSignalGenerationLayer(
    (block): ConvBlock(
      (pool): Identity()
      (conv): Conv2dSTDP(512, 512, kernel_size=(3, 3), stride=(1, 1), padding=(1, 1), bias=False, threshold=0.60, leak=0.50, reset=soft, grad_leak=False, grad_threshold=False, factors=tensor([0.2000, 0.5000, 0.0000, 1.0000], device='cuda:0'))
      (dropout): DropoutLIF(
        Dropout(p=0.0, inplace=False)
        (dropout): Dropout(p=0.0, inplace=False)
      )
    )
  )
  (conv_block8): LocalLearningSignalGenerationLayer(
    (block): ConvBlock(
      (pool): AdaptiveAvgPool2d(output_size=1)
      (conv): Conv2dSTDP(512, 512, kernel_size=(3, 3), stride=(1, 1), padding=(1, 1), bias=False, threshold=0.60, leak=0.50, reset=soft, grad_leak=False, grad_threshold=False, factors=tensor([0.2000, 0.5000, 0.0000, 1.0000], device='cuda:0'))
      (dropout): DropoutLIF(
        Dropout(p=0.0, inplace=False)
        (dropout): Dropout(p=0.0, inplace=False)
      )
    )
  )
  (linear): Linear(in_features=512, out_features=11, bias=True)
)
20-Feb-26 13:50:13 - 
=== Starting model training with 100 epochs:

20-Feb-26 13:50:13 - 	 Epoch 1...
20-Feb-26 13:55:33 - Epoch: [1][  99/1176]	Time  3.138 ( 3.198)	Data  0.000 ( 0.003)	Loss 2.1219e+01 (9.2570e+00)	Acc@1   0.00 ( 18.00)	Acc@5 100.00 ( 63.00)
20-Feb-26 14:00:49 - Epoch: [1][ 199/1176]	Time  3.153 ( 3.179)	Data  0.000 ( 0.002)	Loss 1.2445e+01 (8.4199e+00)	Acc@1   0.00 ( 19.00)	Acc@5 100.00 ( 62.50)
20-Feb-26 14:06:06 - Epoch: [1][ 299/1176]	Time  3.177 ( 3.174)	Data  0.000 ( 0.001)	Loss 1.7125e+00 (8.8925e+00)	Acc@1   0.00 ( 19.33)	Acc@5 100.00 ( 65.00)
20-Feb-26 14:11:22 - Epoch: [1][ 399/1176]	Time  3.165 ( 3.171)	Data  0.000 ( 0.001)	Loss 3.7909e+01 (9.0144e+00)	Acc@1   0.00 ( 21.75)	Acc@5   0.00 ( 68.75)
20-Feb-26 14:16:37 - Epoch: [1][ 499/1176]	Time  3.153 ( 3.168)	Data  0.000 ( 0.001)	Loss 3.4362e+01 (9.1455e+00)	Acc@1   0.00 ( 24.20)	Acc@5 100.00 ( 72.20)
20-Feb-26 14:21:54 - Epoch: [1][ 599/1176]	Time  3.164 ( 3.167)	Data  0.000 ( 0.001)	Loss 1.7169e-01 (9.0697e+00)	Acc@1 100.00 ( 26.83)	Acc@5 100.00 ( 74.33)
20-Feb-26 14:27:09 - Epoch: [1][ 699/1176]	Time  3.181 ( 3.165)	Data  0.000 ( 0.001)	Loss 2.3885e+00 (8.6607e+00)	Acc@1   0.00 ( 27.86)	Acc@5 100.00 ( 77.00)
20-Feb-26 14:32:26 - Epoch: [1][ 799/1176]	Time  3.187 ( 3.165)	Data  0.000 ( 0.001)	Loss 1.5100e+01 (8.4663e+00)	Acc@1   0.00 ( 30.12)	Acc@5 100.00 ( 78.38)
20-Feb-26 14:37:41 - Epoch: [1][ 899/1176]	Time  3.129 ( 3.164)	Data  0.000 ( 0.000)	Loss 2.6120e+00 (8.3226e+00)	Acc@1   0.00 ( 31.78)	Acc@5 100.00 ( 79.56)
20-Feb-26 14:43:00 - Epoch: [1][ 999/1176]	Time  3.244 ( 3.167)	Data  0.000 ( 0.000)	Loss 1.8459e-02 (8.1689e+00)	Acc@1 100.00 ( 33.30)	Acc@5 100.00 ( 81.00)
20-Feb-26 14:48:21 - Epoch: [1][1099/1176]	Time  3.142 ( 3.171)	Data  0.000 ( 0.000)	Loss 1.6493e+01 (8.0018e+00)	Acc@1   0.00 ( 34.00)	Acc@5   0.00 ( 82.27)
20-Feb-26 14:52:29 -  @Training * Acc@1 34.354 Acc@5 82.993 Loss 8.006
20-Feb-26 14:52:29 - One training epoch latency: 3.736e+03s | Avg Power: 270.4W | Energy: 1010177.7545J
