23-Jan-26 11:46:56 - Namespace(arch='cifar_tessvgg_model', cpu=False, dataset='CIFAR10', save_path='./experiments/CIFAR10_VGG_Lonic_wn_int4_ternary_int8', data_path='/home/cts3td/Datasets', trials=1, epochs=100, optimizer='Adam', loss='CE', lr=7.8125e-06, lr_conv=7.8125e-06, batch_size=1, val_batch_size=64, label_encoding='class', activation='LinearSpike', seed=1, pretrained_model=None, training_mode='tess', delay_ls=6, scheduler=100, print_freq=5000, factors_stdp=[0.2, 0.5, 1.0, 1.0], pooling='MAX', weight_decay=0, lr_scheduler_type='ReduceLR', experiment_name='CIFAR10', wn=True, avoid_wn=False, low_precision_training=True, forward_intx=4)
23-Jan-26 11:46:56 - => Everything will be saved to ./experiments/CIFAR10_VGG_Lonic_wn_int4_ternary_int8
23-Jan-26 11:46:57 - CUDA GPU will be used for computations
23-Jan-26 11:46:58 - Training set length: 50000
23-Jan-26 11:46:58 - Test set length: 10000
23-Jan-26 11:46:58 - Activation used: None
23-Jan-26 11:46:58 - Total Parameters: 9222.9K
23-Jan-26 11:46:58 - === Model ===
23-Jan-26 11:46:58 - VGGConvModel(
  (conv_block1): LocalLearningSignalGenerationLayer(
    (block): ConvBlock(
      (pool): Identity()
      (conv): Conv2dSTDP(3, 64, kernel_size=(3, 3), stride=(1, 1), padding=(1, 1), bias=False, threshold=0.60, leak=0.50, reset=soft, grad_leak=False, grad_threshold=False, factors=tensor([0.2000, 0.5000, 1.0000, 1.0000], device='cuda:0'))
      (dropout): DropoutLIF(
        Dropout(p=0.0, inplace=False)
        (dropout): Dropout(p=0.0, inplace=False)
      )
    )
  )
  (conv_block2): LocalLearningSignalGenerationLayer(
    (block): ConvBlock(
      (pool): MaxPool2d(kernel_size=2, stride=2, padding=0, dilation=1, ceil_mode=False)
      (conv): Conv2dSTDP(64, 128, kernel_size=(3, 3), stride=(1, 1), padding=(1, 1), bias=False, threshold=0.60, leak=0.50, reset=soft, grad_leak=False, grad_threshold=False, factors=tensor([0.2000, 0.5000, 1.0000, 1.0000], device='cuda:0'))
      (dropout): DropoutLIF(
        Dropout(p=0.0, inplace=False)
        (dropout): Dropout(p=0.0, inplace=False)
      )
    )
  )
  (conv_block3): LocalLearningSignalGenerationLayer(
    (block): ConvBlock(
      (pool): Identity()
      (conv): Conv2dSTDP(128, 256, kernel_size=(3, 3), stride=(1, 1), padding=(1, 1), bias=False, threshold=0.60, leak=0.50, reset=soft, grad_leak=False, grad_threshold=False, factors=tensor([0.2000, 0.5000, 1.0000, 1.0000], device='cuda:0'))
      (dropout): DropoutLIF(
        Dropout(p=0.0, inplace=False)
        (dropout): Dropout(p=0.0, inplace=False)
      )
    )
  )
  (conv_block4): LocalLearningSignalGenerationLayer(
    (block): ConvBlock(
      (pool): MaxPool2d(kernel_size=2, stride=2, padding=0, dilation=1, ceil_mode=False)
      (conv): Conv2dSTDP(256, 256, kernel_size=(3, 3), stride=(1, 1), padding=(1, 1), bias=False, threshold=0.60, leak=0.50, reset=soft, grad_leak=False, grad_threshold=False, factors=tensor([0.2000, 0.5000, 1.0000, 1.0000], device='cuda:0'))
      (dropout): DropoutLIF(
        Dropout(p=0.0, inplace=False)
        (dropout): Dropout(p=0.0, inplace=False)
      )
    )
  )
  (conv_block5): LocalLearningSignalGenerationLayer(
    (block): ConvBlock(
      (pool): Identity()
      (conv): Conv2dSTDP(256, 512, kernel_size=(3, 3), stride=(1, 1), padding=(1, 1), bias=False, threshold=0.60, leak=0.50, reset=soft, grad_leak=False, grad_threshold=False, factors=tensor([0.2000, 0.5000, 1.0000, 1.0000], device='cuda:0'))
      (dropout): DropoutLIF(
        Dropout(p=0.0, inplace=False)
        (dropout): Dropout(p=0.0, inplace=False)
      )
    )
  )
  (conv_block6): LocalLearningSignalGenerationLayer(
    (block): ConvBlock(
      (pool): MaxPool2d(kernel_size=2, stride=2, padding=0, dilation=1, ceil_mode=False)
      (conv): Conv2dSTDP(512, 512, kernel_size=(3, 3), stride=(1, 1), padding=(1, 1), bias=False, threshold=0.60, leak=0.50, reset=soft, grad_leak=False, grad_threshold=False, factors=tensor([0.2000, 0.5000, 1.0000, 1.0000], device='cuda:0'))
      (dropout): DropoutLIF(
        Dropout(p=0.0, inplace=False)
        (dropout): Dropout(p=0.0, inplace=False)
      )
    )
  )
  (conv_block7): LocalLearningSignalGenerationLayer(
    (block): ConvBlock(
      (pool): Identity()
      (conv): Conv2dSTDP(512, 512, kernel_size=(3, 3), stride=(1, 1), padding=(1, 1), bias=False, threshold=0.60, leak=0.50, reset=soft, grad_leak=False, grad_threshold=False, factors=tensor([0.2000, 0.5000, 1.0000, 1.0000], device='cuda:0'))
      (dropout): DropoutLIF(
        Dropout(p=0.0, inplace=False)
        (dropout): Dropout(p=0.0, inplace=False)
      )
    )
  )
  (conv_block8): LocalLearningSignalGenerationLayer(
    (block): ConvBlock(
      (pool): AdaptiveAvgPool2d(output_size=1)
      (conv): Conv2dSTDP(512, 512, kernel_size=(3, 3), stride=(1, 1), padding=(1, 1), bias=False, threshold=0.60, leak=0.50, reset=soft, grad_leak=False, grad_threshold=False, factors=tensor([0.2000, 0.5000, 1.0000, 1.0000], device='cuda:0'))
      (dropout): DropoutLIF(
        Dropout(p=0.0, inplace=False)
        (dropout): Dropout(p=0.0, inplace=False)
      )
    )
  )
  (linear): Linear(in_features=512, out_features=10, bias=True)
)
23-Jan-26 11:46:58 - 
=== Starting model training with 100 epochs:

23-Jan-26 11:46:58 - 	 Epoch 1...
23-Jan-26 11:50:09 - Epoch: [1][ 4999/50000]	Time  0.036 ( 0.038)	Data  0.001 ( 0.001)	Loss 2.2952e+00 (2.4444e+00)	Acc@1 100.00 ( 12.68)	Acc@5 100.00 ( 57.08)
23-Jan-26 11:53:19 - Epoch: [1][ 9999/50000]	Time  0.037 ( 0.038)	Data  0.001 ( 0.001)	Loss 2.3128e+00 (2.7518e+00)	Acc@1   0.00 ( 16.37)	Acc@5   0.00 ( 65.18)
23-Jan-26 11:56:30 - Epoch: [1][14999/50000]	Time  0.036 ( 0.038)	Data  0.001 ( 0.001)	Loss 2.4550e+00 (2.9800e+00)	Acc@1   0.00 ( 18.83)	Acc@5 100.00 ( 69.53)
23-Jan-26 11:59:40 - Epoch: [1][19999/50000]	Time  0.062 ( 0.038)	Data  0.017 ( 0.001)	Loss 1.4004e-01 (3.1131e+00)	Acc@1 100.00 ( 20.91)	Acc@5 100.00 ( 72.31)
23-Jan-26 12:02:50 - Epoch: [1][24999/50000]	Time  0.037 ( 0.038)	Data  0.001 ( 0.001)	Loss 1.2582e+01 (3.2084e+00)	Acc@1   0.00 ( 22.82)	Acc@5 100.00 ( 74.46)
23-Jan-26 12:06:01 - Epoch: [1][29999/50000]	Time  0.037 ( 0.038)	Data  0.001 ( 0.001)	Loss 3.7877e-01 (3.2871e+00)	Acc@1 100.00 ( 24.28)	Acc@5 100.00 ( 76.09)
23-Jan-26 12:09:11 - Epoch: [1][34999/50000]	Time  0.037 ( 0.038)	Data  0.001 ( 0.001)	Loss 1.0905e+00 (3.3402e+00)	Acc@1   0.00 ( 25.67)	Acc@5 100.00 ( 77.50)
23-Jan-26 12:12:22 - Epoch: [1][39999/50000]	Time  0.037 ( 0.038)	Data  0.001 ( 0.001)	Loss 9.6486e+00 (3.3789e+00)	Acc@1   0.00 ( 26.91)	Acc@5 100.00 ( 78.73)
23-Jan-26 12:15:32 - Epoch: [1][44999/50000]	Time  0.061 ( 0.038)	Data  0.001 ( 0.001)	Loss 5.0120e+00 (3.4149e+00)	Acc@1   0.00 ( 28.07)	Acc@5 100.00 ( 79.81)
23-Jan-26 12:18:42 - Epoch: [1][49999/50000]	Time  0.037 ( 0.038)	Data  0.001 ( 0.001)	Loss 1.2606e+01 (3.4482e+00)	Acc@1   0.00 ( 29.12)	Acc@5   0.00 ( 80.67)
23-Jan-26 12:18:42 -  @Training * Acc@1 29.120 Acc@5 80.670 Loss 3.448
23-Jan-26 12:18:42 - One training epoch latency: 1.904e+03s | Avg Power: 187.6W | Energy: 357302.3319J
23-Jan-26 12:18:53 -  @Testing * Acc@1 42.510 Acc@5 90.650 Loss 3.505
23-Jan-26 12:18:53 - Best acc at epoch 1: 42.5099983215332
23-Jan-26 12:18:53 - Last learning rate: [7.8125e-06]
23-Jan-26 12:18:53 - 	 Epoch 2...
23-Jan-26 12:22:05 - Epoch: [2][ 4999/50000]	Time  0.037 ( 0.038)	Data  0.001 ( 0.001)	Loss 1.1889e+01 (3.7303e+00)	Acc@1   0.00 ( 38.36)	Acc@5 100.00 ( 88.26)
23-Jan-26 12:25:16 - Epoch: [2][ 9999/50000]	Time  0.037 ( 0.038)	Data  0.001 ( 0.001)	Loss 3.7798e-01 (3.7188e+00)	Acc@1 100.00 ( 39.52)	Acc@5 100.00 ( 89.08)
23-Jan-26 12:28:27 - Epoch: [2][14999/50000]	Time  0.038 ( 0.038)	Data  0.001 ( 0.001)	Loss 8.6341e-01 (3.7483e+00)	Acc@1   0.00 ( 39.79)	Acc@5 100.00 ( 89.21)
23-Jan-26 12:31:39 - Epoch: [2][19999/50000]	Time  0.037 ( 0.038)	Data  0.001 ( 0.001)	Loss 1.0633e+01 (3.7798e+00)	Acc@1   0.00 ( 40.03)	Acc@5 100.00 ( 89.19)
23-Jan-26 12:34:50 - Epoch: [2][24999/50000]	Time  0.038 ( 0.038)	Data  0.001 ( 0.001)	Loss 2.0266e-06 (3.7652e+00)	Acc@1 100.00 ( 40.28)	Acc@5 100.00 ( 89.42)
23-Jan-26 12:38:01 - Epoch: [2][29999/50000]	Time  0.037 ( 0.038)	Data  0.001 ( 0.001)	Loss 7.7483e-05 (3.7722e+00)	Acc@1 100.00 ( 40.55)	Acc@5 100.00 ( 89.61)
23-Jan-26 12:41:12 - Epoch: [2][34999/50000]	Time  0.037 ( 0.038)	Data  0.001 ( 0.001)	Loss 5.8333e-01 (3.7835e+00)	Acc@1 100.00 ( 40.78)	Acc@5 100.00 ( 89.76)
23-Jan-26 12:44:23 - Epoch: [2][39999/50000]	Time  0.037 ( 0.038)	Data  0.001 ( 0.001)	Loss 6.1137e+00 (3.7741e+00)	Acc@1   0.00 ( 41.15)	Acc@5 100.00 ( 89.92)
23-Jan-26 12:47:35 - Epoch: [2][44999/50000]	Time  0.037 ( 0.038)	Data  0.001 ( 0.001)	Loss 5.6863e-01 (3.7737e+00)	Acc@1 100.00 ( 41.44)	Acc@5 100.00 ( 90.04)
23-Jan-26 12:50:46 - Epoch: [2][49999/50000]	Time  0.036 ( 0.038)	Data  0.001 ( 0.001)	Loss 2.2913e-01 (3.7606e+00)	Acc@1 100.00 ( 41.76)	Acc@5 100.00 ( 90.20)
23-Jan-26 12:50:46 -  @Training * Acc@1 41.760 Acc@5 90.200 Loss 3.761
23-Jan-26 12:50:46 - One training epoch latency: 1.913e+03s | Avg Power: 189.4W | Energy: 362311.9130J
23-Jan-26 12:50:57 -  @Testing * Acc@1 50.130 Acc@5 93.650 Loss 3.521
23-Jan-26 12:50:57 - Best acc at epoch 2: 50.12999725341797
23-Jan-26 12:50:57 - Last learning rate: [7.8125e-06]
23-Jan-26 12:50:57 - 	 Epoch 3...
23-Jan-26 12:54:09 - Epoch: [3][ 4999/50000]	Time  0.037 ( 0.038)	Data  0.001 ( 0.001)	Loss 1.1377e-01 (3.7020e+00)	Acc@1 100.00 ( 46.60)	Acc@5 100.00 ( 91.88)
23-Jan-26 12:57:20 - Epoch: [3][ 9999/50000]	Time  0.038 ( 0.038)	Data  0.001 ( 0.001)	Loss 1.3339e-04 (3.7416e+00)	Acc@1 100.00 ( 45.54)	Acc@5 100.00 ( 91.86)
23-Jan-26 13:00:32 - Epoch: [3][14999/50000]	Time  0.037 ( 0.038)	Data  0.001 ( 0.001)	Loss 7.6948e+00 (3.7282e+00)	Acc@1   0.00 ( 45.81)	Acc@5   0.00 ( 91.81)
23-Jan-26 13:03:43 - Epoch: [3][19999/50000]	Time  0.037 ( 0.038)	Data  0.001 ( 0.001)	Loss 3.3169e-03 (3.7296e+00)	Acc@1 100.00 ( 46.25)	Acc@5 100.00 ( 91.85)
23-Jan-26 13:06:55 - Epoch: [3][24999/50000]	Time  0.037 ( 0.038)	Data  0.001 ( 0.001)	Loss 1.3132e+01 (3.7112e+00)	Acc@1   0.00 ( 46.71)	Acc@5 100.00 ( 91.98)
23-Jan-26 13:10:07 - Epoch: [3][29999/50000]	Time  0.038 ( 0.038)	Data  0.001 ( 0.001)	Loss 7.1297e+00 (3.7080e+00)	Acc@1   0.00 ( 46.99)	Acc@5 100.00 ( 91.98)
23-Jan-26 13:13:19 - Epoch: [3][34999/50000]	Time  0.037 ( 0.038)	Data  0.001 ( 0.001)	Loss 2.3064e-04 (3.7042e+00)	Acc@1 100.00 ( 47.28)	Acc@5 100.00 ( 92.14)
23-Jan-26 13:16:30 - Epoch: [3][39999/50000]	Time  0.037 ( 0.038)	Data  0.001 ( 0.001)	Loss 1.8115e-01 (3.7007e+00)	Acc@1 100.00 ( 47.52)	Acc@5 100.00 ( 92.26)
23-Jan-26 13:19:42 - Epoch: [3][44999/50000]	Time  0.037 ( 0.038)	Data  0.001 ( 0.001)	Loss 3.0517e-05 (3.6973e+00)	Acc@1 100.00 ( 47.77)	Acc@5 100.00 ( 92.37)
23-Jan-26 13:22:54 - Epoch: [3][49999/50000]	Time  0.037 ( 0.038)	Data  0.001 ( 0.001)	Loss 0.0000e+00 (3.6909e+00)	Acc@1 100.00 ( 48.02)	Acc@5 100.00 ( 92.48)
23-Jan-26 13:22:54 -  @Training * Acc@1 48.016 Acc@5 92.478 Loss 3.691
23-Jan-26 13:22:54 - One training epoch latency: 1.917e+03s | Avg Power: 189.1W | Energy: 362585.7144J
23-Jan-26 13:23:04 -  @Testing * Acc@1 55.150 Acc@5 94.880 Loss 3.377
23-Jan-26 13:23:04 - Best acc at epoch 3: 55.14999771118164
23-Jan-26 13:23:04 - Last learning rate: [7.8125e-06]
23-Jan-26 13:23:04 - 	 Epoch 4...
23-Jan-26 13:26:16 - Epoch: [4][ 4999/50000]	Time  0.038 ( 0.038)	Data  0.001 ( 0.001)	Loss 7.9004e-01 (3.5222e+00)	Acc@1   0.00 ( 51.26)	Acc@5 100.00 ( 93.56)
23-Jan-26 13:29:27 - Epoch: [4][ 9999/50000]	Time  0.037 ( 0.038)	Data  0.001 ( 0.001)	Loss 1.0721e+00 (3.5050e+00)	Acc@1   0.00 ( 52.17)	Acc@5 100.00 ( 93.69)
23-Jan-26 13:32:39 - Epoch: [4][14999/50000]	Time  0.037 ( 0.038)	Data  0.001 ( 0.001)	Loss 2.7140e-04 (3.5423e+00)	Acc@1 100.00 ( 51.91)	Acc@5 100.00 ( 93.55)
23-Jan-26 13:35:50 - Epoch: [4][19999/50000]	Time  0.038 ( 0.038)	Data  0.001 ( 0.001)	Loss 4.7267e-04 (3.5708e+00)	Acc@1 100.00 ( 51.76)	Acc@5 100.00 ( 93.40)
23-Jan-26 13:39:02 - Epoch: [4][24999/50000]	Time  0.037 ( 0.038)	Data  0.001 ( 0.001)	Loss 1.2654e+01 (3.5603e+00)	Acc@1   0.00 ( 51.92)	Acc@5   0.00 ( 93.41)
23-Jan-26 13:42:13 - Epoch: [4][29999/50000]	Time  0.039 ( 0.038)	Data  0.001 ( 0.001)	Loss 3.4873e+00 (3.5418e+00)	Acc@1   0.00 ( 52.16)	Acc@5 100.00 ( 93.55)
23-Jan-26 13:45:25 - Epoch: [4][34999/50000]	Time  0.037 ( 0.038)	Data  0.001 ( 0.001)	Loss 1.1122e-04 (3.5307e+00)	Acc@1 100.00 ( 52.42)	Acc@5 100.00 ( 93.64)
23-Jan-26 13:48:36 - Epoch: [4][39999/50000]	Time  0.037 ( 0.038)	Data  0.001 ( 0.001)	Loss 2.5933e+00 (3.5205e+00)	Acc@1   0.00 ( 52.60)	Acc@5 100.00 ( 93.71)
23-Jan-26 13:51:48 - Epoch: [4][44999/50000]	Time  0.037 ( 0.038)	Data  0.001 ( 0.001)	Loss 5.3919e+00 (3.5139e+00)	Acc@1   0.00 ( 52.74)	Acc@5 100.00 ( 93.80)
23-Jan-26 13:54:59 - Epoch: [4][49999/50000]	Time  0.037 ( 0.038)	Data  0.001 ( 0.001)	Loss 3.9976e-02 (3.5039e+00)	Acc@1 100.00 ( 52.98)	Acc@5 100.00 ( 93.87)
23-Jan-26 13:54:59 -  @Training * Acc@1 52.978 Acc@5 93.866 Loss 3.504
23-Jan-26 13:54:59 - One training epoch latency: 1.915e+03s | Avg Power: 189.1W | Energy: 362176.9300J
23-Jan-26 13:55:10 -  @Testing * Acc@1 59.440 Acc@5 95.540 Loss 3.362
23-Jan-26 13:55:10 - Best acc at epoch 4: 59.439998626708984
23-Jan-26 13:55:10 - Last learning rate: [7.8125e-06]
23-Jan-26 13:55:10 - 	 Epoch 5...
23-Jan-26 13:58:21 - Epoch: [5][ 4999/50000]	Time  0.040 ( 0.038)	Data  0.001 ( 0.001)	Loss 1.3186e+00 (3.3404e+00)	Acc@1   0.00 ( 57.00)	Acc@5 100.00 ( 94.24)
23-Jan-26 14:01:32 - Epoch: [5][ 9999/50000]	Time  0.037 ( 0.038)	Data  0.001 ( 0.001)	Loss 2.3354e+01 (3.3301e+00)	Acc@1   0.00 ( 56.85)	Acc@5   0.00 ( 94.71)
23-Jan-26 14:04:42 - Epoch: [5][14999/50000]	Time  0.037 ( 0.038)	Data  0.001 ( 0.001)	Loss 1.5497e-06 (3.3359e+00)	Acc@1 100.00 ( 56.52)	Acc@5 100.00 ( 94.94)
23-Jan-26 14:07:53 - Epoch: [5][19999/50000]	Time  0.037 ( 0.038)	Data  0.001 ( 0.001)	Loss 5.0294e-03 (3.3022e+00)	Acc@1 100.00 ( 57.06)	Acc@5 100.00 ( 94.96)
23-Jan-26 14:11:04 - Epoch: [5][24999/50000]	Time  0.037 ( 0.038)	Data  0.001 ( 0.001)	Loss 3.6413e+00 (3.3150e+00)	Acc@1   0.00 ( 56.96)	Acc@5 100.00 ( 94.91)
23-Jan-26 14:14:14 - Epoch: [5][29999/50000]	Time  0.037 ( 0.038)	Data  0.001 ( 0.001)	Loss 2.9884e+00 (3.3094e+00)	Acc@1   0.00 ( 57.09)	Acc@5 100.00 ( 94.92)
23-Jan-26 14:17:25 - Epoch: [5][34999/50000]	Time  0.037 ( 0.038)	Data  0.001 ( 0.001)	Loss 3.9999e+00 (3.3148e+00)	Acc@1   0.00 ( 56.95)	Acc@5 100.00 ( 94.94)
23-Jan-26 14:20:35 - Epoch: [5][39999/50000]	Time  0.037 ( 0.038)	Data  0.001 ( 0.001)	Loss 0.0000e+00 (3.2985e+00)	Acc@1 100.00 ( 57.20)	Acc@5 100.00 ( 95.02)
23-Jan-26 14:23:46 - Epoch: [5][44999/50000]	Time  0.037 ( 0.038)	Data  0.001 ( 0.001)	Loss 2.9208e+00 (3.2801e+00)	Acc@1   0.00 ( 57.42)	Acc@5 100.00 ( 95.15)
23-Jan-26 14:26:57 - Epoch: [5][49999/50000]	Time  0.036 ( 0.038)	Data  0.001 ( 0.001)	Loss 2.4065e-04 (3.2808e+00)	Acc@1 100.00 ( 57.39)	Acc@5 100.00 ( 95.14)
23-Jan-26 14:26:57 -  @Training * Acc@1 57.390 Acc@5 95.136 Loss 3.281
23-Jan-26 14:26:57 - One training epoch latency: 1.907e+03s | Avg Power: 189.7W | Energy: 361777.1185J
23-Jan-26 14:27:08 -  @Testing * Acc@1 63.730 Acc@5 96.560 Loss 3.028
23-Jan-26 14:27:08 - Best acc at epoch 5: 63.72999954223633
23-Jan-26 14:27:08 - Last learning rate: [7.8125e-06]
23-Jan-26 14:27:08 - 	 Epoch 6...
23-Jan-26 14:30:19 - Epoch: [6][ 4999/50000]	Time  0.062 ( 0.038)	Data  0.001 ( 0.001)	Loss 0.0000e+00 (3.1744e+00)	Acc@1 100.00 ( 60.56)	Acc@5 100.00 ( 95.20)
23-Jan-26 14:33:30 - Epoch: [6][ 9999/50000]	Time  0.038 ( 0.038)	Data  0.001 ( 0.001)	Loss 1.9017e+01 (3.1271e+00)	Acc@1   0.00 ( 60.27)	Acc@5   0.00 ( 95.33)
23-Jan-26 14:36:41 - Epoch: [6][14999/50000]	Time  0.037 ( 0.038)	Data  0.001 ( 0.001)	Loss 3.4136e-04 (3.1337e+00)	Acc@1 100.00 ( 60.17)	Acc@5 100.00 ( 95.41)
23-Jan-26 14:39:52 - Epoch: [6][19999/50000]	Time  0.037 ( 0.038)	Data  0.001 ( 0.001)	Loss 1.3976e+00 (3.1161e+00)	Acc@1   0.00 ( 60.68)	Acc@5 100.00 ( 95.58)
23-Jan-26 14:43:03 - Epoch: [6][24999/50000]	Time  0.037 ( 0.038)	Data  0.001 ( 0.001)	Loss 0.0000e+00 (3.1179e+00)	Acc@1 100.00 ( 60.55)	Acc@5 100.00 ( 95.70)
23-Jan-26 14:46:15 - Epoch: [6][29999/50000]	Time  0.037 ( 0.038)	Data  0.001 ( 0.001)	Loss 7.5058e+00 (3.1300e+00)	Acc@1   0.00 ( 60.48)	Acc@5 100.00 ( 95.70)
23-Jan-26 14:49:26 - Epoch: [6][34999/50000]	Time  0.037 ( 0.038)	Data  0.001 ( 0.001)	Loss 0.0000e+00 (3.1103e+00)	Acc@1 100.00 ( 60.68)	Acc@5 100.00 ( 95.81)
23-Jan-26 14:52:37 - Epoch: [6][39999/50000]	Time  0.037 ( 0.038)	Data  0.001 ( 0.001)	Loss 3.8059e+00 (3.1093e+00)	Acc@1   0.00 ( 60.75)	Acc@5 100.00 ( 95.87)
23-Jan-26 14:55:48 - Epoch: [6][44999/50000]	Time  0.038 ( 0.038)	Data  0.001 ( 0.001)	Loss 2.2981e+00 (3.0963e+00)	Acc@1   0.00 ( 60.88)	Acc@5 100.00 ( 95.90)
23-Jan-26 14:58:59 - Epoch: [6][49999/50000]	Time  0.036 ( 0.038)	Data  0.001 ( 0.001)	Loss 7.6228e-02 (3.0917e+00)	Acc@1 100.00 ( 60.96)	Acc@5 100.00 ( 95.95)
23-Jan-26 14:59:00 -  @Training * Acc@1 60.960 Acc@5 95.946 Loss 3.092
23-Jan-26 14:59:00 - One training epoch latency: 1.912e+03s | Avg Power: 189.4W | Energy: 362197.6010J
23-Jan-26 14:59:10 -  @Testing * Acc@1 66.340 Acc@5 97.190 Loss 2.899
23-Jan-26 14:59:10 - Best acc at epoch 6: 66.33999633789062
23-Jan-26 14:59:10 - Last learning rate: [7.8125e-06]
23-Jan-26 14:59:10 - 	 Epoch 7...
23-Jan-26 15:02:22 - Epoch: [7][ 4999/50000]	Time  0.038 ( 0.038)	Data  0.001 ( 0.001)	Loss 3.3855e-05 (2.9977e+00)	Acc@1 100.00 ( 61.56)	Acc@5 100.00 ( 96.00)
23-Jan-26 15:05:33 - Epoch: [7][ 9999/50000]	Time  0.039 ( 0.038)	Data  0.001 ( 0.001)	Loss 2.2834e+00 (2.9352e+00)	Acc@1   0.00 ( 62.17)	Acc@5 100.00 ( 96.21)
23-Jan-26 15:08:45 - Epoch: [7][14999/50000]	Time  0.037 ( 0.038)	Data  0.001 ( 0.001)	Loss 3.5763e-07 (3.0052e+00)	Acc@1 100.00 ( 62.13)	Acc@5 100.00 ( 96.09)
23-Jan-26 15:11:57 - Epoch: [7][19999/50000]	Time  0.038 ( 0.038)	Data  0.002 ( 0.001)	Loss 7.8353e-01 (3.0081e+00)	Acc@1   0.00 ( 62.08)	Acc@5 100.00 ( 96.20)
23-Jan-26 15:15:08 - Epoch: [7][24999/50000]	Time  0.039 ( 0.038)	Data  0.001 ( 0.001)	Loss 9.5968e+00 (2.9719e+00)	Acc@1   0.00 ( 62.62)	Acc@5 100.00 ( 96.25)
23-Jan-26 15:18:20 - Epoch: [7][29999/50000]	Time  0.037 ( 0.038)	Data  0.001 ( 0.001)	Loss 3.5763e-07 (2.9588e+00)	Acc@1 100.00 ( 62.98)	Acc@5 100.00 ( 96.30)
23-Jan-26 15:21:31 - Epoch: [7][34999/50000]	Time  0.037 ( 0.038)	Data  0.001 ( 0.001)	Loss 4.0292e-05 (2.9521e+00)	Acc@1 100.00 ( 63.23)	Acc@5 100.00 ( 96.36)
23-Jan-26 15:24:43 - Epoch: [7][39999/50000]	Time  0.038 ( 0.038)	Data  0.001 ( 0.001)	Loss 0.0000e+00 (2.9528e+00)	Acc@1 100.00 ( 63.32)	Acc@5 100.00 ( 96.43)
23-Jan-26 15:27:54 - Epoch: [7][44999/50000]	Time  0.038 ( 0.038)	Data  0.001 ( 0.001)	Loss 5.2689e-04 (2.9550e+00)	Acc@1 100.00 ( 63.41)	Acc@5 100.00 ( 96.44)
23-Jan-26 15:31:06 - Epoch: [7][49999/50000]	Time  0.036 ( 0.038)	Data  0.001 ( 0.001)	Loss 1.7697e+00 (2.9383e+00)	Acc@1   0.00 ( 63.55)	Acc@5 100.00 ( 96.48)
23-Jan-26 15:31:06 -  @Training * Acc@1 63.548 Acc@5 96.484 Loss 2.938
23-Jan-26 15:31:06 - One training epoch latency: 1.916e+03s | Avg Power: 189.2W | Energy: 362426.3336J
23-Jan-26 15:31:16 -  @Testing * Acc@1 69.040 Acc@5 97.580 Loss 2.775
23-Jan-26 15:31:16 - Best acc at epoch 7: 69.04000091552734
23-Jan-26 15:31:16 - Last learning rate: [7.8125e-06]
23-Jan-26 15:31:17 - 	 Epoch 8...
23-Jan-26 15:34:28 - Epoch: [8][ 4999/50000]	Time  0.037 ( 0.038)	Data  0.001 ( 0.001)	Loss 0.0000e+00 (2.7638e+00)	Acc@1 100.00 ( 66.00)	Acc@5 100.00 ( 96.78)
23-Jan-26 15:37:39 - Epoch: [8][ 9999/50000]	Time  0.037 ( 0.038)	Data  0.001 ( 0.001)	Loss 2.4984e-02 (2.7665e+00)	Acc@1 100.00 ( 65.89)	Acc@5 100.00 ( 96.97)
23-Jan-26 15:40:50 - Epoch: [8][14999/50000]	Time  0.038 ( 0.038)	Data  0.001 ( 0.001)	Loss 3.5763e-07 (2.7625e+00)	Acc@1 100.00 ( 65.82)	Acc@5 100.00 ( 97.01)
23-Jan-26 15:44:01 - Epoch: [8][19999/50000]	Time  0.037 ( 0.038)	Data  0.001 ( 0.001)	Loss 1.6928e-05 (2.7670e+00)	Acc@1 100.00 ( 66.02)	Acc@5 100.00 ( 97.01)
23-Jan-26 15:47:12 - Epoch: [8][24999/50000]	Time  0.061 ( 0.038)	Data  0.001 ( 0.001)	Loss 1.7681e+01 (2.7710e+00)	Acc@1   0.00 ( 65.94)	Acc@5 100.00 ( 97.00)
23-Jan-26 15:50:23 - Epoch: [8][29999/50000]	Time  0.037 ( 0.038)	Data  0.001 ( 0.001)	Loss 6.7343e+00 (2.7711e+00)	Acc@1   0.00 ( 66.00)	Acc@5 100.00 ( 97.00)
23-Jan-26 15:53:35 - Epoch: [8][34999/50000]	Time  0.037 ( 0.038)	Data  0.001 ( 0.001)	Loss 6.8062e-03 (2.7761e+00)	Acc@1 100.00 ( 66.07)	Acc@5 100.00 ( 96.94)
23-Jan-26 15:56:46 - Epoch: [8][39999/50000]	Time  0.037 ( 0.038)	Data  0.001 ( 0.001)	Loss 9.6674e-05 (2.7749e+00)	Acc@1 100.00 ( 66.02)	Acc@5 100.00 ( 96.93)
23-Jan-26 15:59:57 - Epoch: [8][44999/50000]	Time  0.037 ( 0.038)	Data  0.001 ( 0.001)	Loss 7.1526e-07 (2.7757e+00)	Acc@1 100.00 ( 65.99)	Acc@5 100.00 ( 96.97)
23-Jan-26 16:03:08 - Epoch: [8][49999/50000]	Time  0.037 ( 0.038)	Data  0.001 ( 0.001)	Loss 8.2389e+00 (2.7604e+00)	Acc@1   0.00 ( 66.17)	Acc@5 100.00 ( 97.00)
23-Jan-26 16:03:08 -  @Training * Acc@1 66.174 Acc@5 96.996 Loss 2.760
23-Jan-26 16:03:08 - One training epoch latency: 1.911e+03s | Avg Power: 189.6W | Energy: 362361.6458J
23-Jan-26 16:03:18 -  @Testing * Acc@1 70.820 Acc@5 97.950 Loss 2.711
23-Jan-26 16:03:18 - Best acc at epoch 8: 70.81999969482422
23-Jan-26 16:03:18 - Last learning rate: [7.8125e-06]
23-Jan-26 16:03:18 - 	 Epoch 9...
23-Jan-26 16:06:30 - Epoch: [9][ 4999/50000]	Time  0.037 ( 0.038)	Data  0.001 ( 0.001)	Loss 1.2824e+01 (2.6444e+00)	Acc@1   0.00 ( 67.58)	Acc@5 100.00 ( 97.40)
23-Jan-26 16:09:41 - Epoch: [9][ 9999/50000]	Time  0.037 ( 0.038)	Data  0.001 ( 0.001)	Loss 1.7099e-01 (2.6712e+00)	Acc@1 100.00 ( 67.69)	Acc@5 100.00 ( 97.29)
23-Jan-26 16:12:52 - Epoch: [9][14999/50000]	Time  0.038 ( 0.038)	Data  0.001 ( 0.001)	Loss 0.0000e+00 (2.6422e+00)	Acc@1 100.00 ( 67.95)	Acc@5 100.00 ( 97.23)
23-Jan-26 16:16:03 - Epoch: [9][19999/50000]	Time  0.038 ( 0.038)	Data  0.001 ( 0.001)	Loss 1.1193e-04 (2.6355e+00)	Acc@1 100.00 ( 68.07)	Acc@5 100.00 ( 97.33)
23-Jan-26 16:19:14 - Epoch: [9][24999/50000]	Time  0.038 ( 0.038)	Data  0.001 ( 0.001)	Loss 2.4696e-03 (2.6366e+00)	Acc@1 100.00 ( 68.07)	Acc@5 100.00 ( 97.34)
23-Jan-26 16:22:25 - Epoch: [9][29999/50000]	Time  0.037 ( 0.038)	Data  0.001 ( 0.001)	Loss 1.0838e+01 (2.6333e+00)	Acc@1   0.00 ( 68.16)	Acc@5 100.00 ( 97.33)
23-Jan-26 16:25:35 - Epoch: [9][34999/50000]	Time  0.038 ( 0.038)	Data  0.001 ( 0.001)	Loss 0.0000e+00 (2.6300e+00)	Acc@1 100.00 ( 68.15)	Acc@5 100.00 ( 97.36)
23-Jan-26 16:28:46 - Epoch: [9][39999/50000]	Time  0.037 ( 0.038)	Data  0.001 ( 0.001)	Loss 1.8908e+01 (2.6284e+00)	Acc@1   0.00 ( 68.19)	Acc@5 100.00 ( 97.39)
23-Jan-26 16:31:57 - Epoch: [9][44999/50000]	Time  0.037 ( 0.038)	Data  0.001 ( 0.001)	Loss 0.0000e+00 (2.6275e+00)	Acc@1 100.00 ( 68.29)	Acc@5 100.00 ( 97.38)
23-Jan-26 16:35:08 - Epoch: [9][49999/50000]	Time  0.037 ( 0.038)	Data  0.001 ( 0.001)	Loss 2.7283e-04 (2.6316e+00)	Acc@1 100.00 ( 68.33)	Acc@5 100.00 ( 97.36)
23-Jan-26 16:35:08 -  @Training * Acc@1 68.328 Acc@5 97.364 Loss 2.632
23-Jan-26 16:35:08 - One training epoch latency: 1.91e+03s | Avg Power: 189.1W | Energy: 361265.6548J
23-Jan-26 16:35:19 -  @Testing * Acc@1 72.750 Acc@5 98.010 Loss 2.573
23-Jan-26 16:35:19 - Best acc at epoch 9: 72.75
23-Jan-26 16:35:19 - Last learning rate: [7.8125e-06]
23-Jan-26 16:35:19 - 	 Epoch 10...
23-Jan-26 16:38:31 - Epoch: [10][ 4999/50000]	Time  0.037 ( 0.038)	Data  0.001 ( 0.001)	Loss 1.3920e-01 (2.4793e+00)	Acc@1 100.00 ( 70.54)	Acc@5 100.00 ( 97.60)
23-Jan-26 16:41:42 - Epoch: [10][ 9999/50000]	Time  0.057 ( 0.038)	Data  0.001 ( 0.001)	Loss 0.0000e+00 (2.5519e+00)	Acc@1 100.00 ( 69.96)	Acc@5 100.00 ( 97.68)
23-Jan-26 16:44:54 - Epoch: [10][14999/50000]	Time  0.037 ( 0.038)	Data  0.001 ( 0.001)	Loss 0.0000e+00 (2.5316e+00)	Acc@1 100.00 ( 70.02)	Acc@5 100.00 ( 97.57)
23-Jan-26 16:48:05 - Epoch: [10][19999/50000]	Time  0.061 ( 0.038)	Data  0.001 ( 0.001)	Loss 1.1669e+01 (2.5481e+00)	Acc@1   0.00 ( 69.94)	Acc@5 100.00 ( 97.61)
23-Jan-26 16:51:17 - Epoch: [10][24999/50000]	Time  0.037 ( 0.038)	Data  0.001 ( 0.001)	Loss 0.0000e+00 (2.5371e+00)	Acc@1 100.00 ( 69.98)	Acc@5 100.00 ( 97.62)
23-Jan-26 16:54:28 - Epoch: [10][29999/50000]	Time  0.037 ( 0.038)	Data  0.001 ( 0.001)	Loss 1.1782e+01 (2.5261e+00)	Acc@1   0.00 ( 70.05)	Acc@5 100.00 ( 97.61)
23-Jan-26 16:57:40 - Epoch: [10][34999/50000]	Time  0.037 ( 0.038)	Data  0.001 ( 0.001)	Loss 1.4413e-01 (2.5248e+00)	Acc@1 100.00 ( 70.00)	Acc@5 100.00 ( 97.61)
23-Jan-26 17:00:51 - Epoch: [10][39999/50000]	Time  0.037 ( 0.038)	Data  0.001 ( 0.001)	Loss 0.0000e+00 (2.5208e+00)	Acc@1 100.00 ( 70.11)	Acc@5 100.00 ( 97.61)
23-Jan-26 17:04:03 - Epoch: [10][44999/50000]	Time  0.037 ( 0.038)	Data  0.001 ( 0.001)	Loss 7.7211e-03 (2.5032e+00)	Acc@1 100.00 ( 70.25)	Acc@5 100.00 ( 97.66)
23-Jan-26 17:07:14 - Epoch: [10][49999/50000]	Time  0.060 ( 0.038)	Data  0.001 ( 0.001)	Loss 0.0000e+00 (2.5033e+00)	Acc@1 100.00 ( 70.34)	Acc@5 100.00 ( 97.69)
23-Jan-26 17:07:14 -  @Training * Acc@1 70.336 Acc@5 97.690 Loss 2.503
23-Jan-26 17:07:14 - One training epoch latency: 1.915e+03s | Avg Power: 189.1W | Energy: 362096.7504J
23-Jan-26 17:07:25 -  @Testing * Acc@1 74.380 Acc@5 98.240 Loss 2.597
23-Jan-26 17:07:25 - Best acc at epoch 10: 74.37999725341797
23-Jan-26 17:07:25 - Last learning rate: [7.8125e-06]
23-Jan-26 17:07:25 - 	 Epoch 11...
23-Jan-26 17:10:36 - Epoch: [11][ 4999/50000]	Time  0.037 ( 0.038)	Data  0.001 ( 0.001)	Loss 2.4061e-01 (2.3935e+00)	Acc@1 100.00 ( 71.28)	Acc@5 100.00 ( 98.02)
23-Jan-26 17:13:47 - Epoch: [11][ 9999/50000]	Time  0.038 ( 0.038)	Data  0.001 ( 0.001)	Loss 6.9674e+00 (2.3811e+00)	Acc@1   0.00 ( 71.35)	Acc@5 100.00 ( 97.97)
23-Jan-26 17:16:58 - Epoch: [11][14999/50000]	Time  0.037 ( 0.038)	Data  0.001 ( 0.001)	Loss 4.1722e-05 (2.3866e+00)	Acc@1 100.00 ( 71.47)	Acc@5 100.00 ( 97.91)
23-Jan-26 17:20:10 - Epoch: [11][19999/50000]	Time  0.037 ( 0.038)	Data  0.001 ( 0.001)	Loss 0.0000e+00 (2.4027e+00)	Acc@1 100.00 ( 71.11)	Acc@5 100.00 ( 97.88)
23-Jan-26 17:23:21 - Epoch: [11][24999/50000]	Time  0.037 ( 0.038)	Data  0.001 ( 0.001)	Loss 0.0000e+00 (2.4039e+00)	Acc@1 100.00 ( 71.25)	Acc@5 100.00 ( 97.88)
23-Jan-26 17:26:32 - Epoch: [11][29999/50000]	Time  0.037 ( 0.038)	Data  0.001 ( 0.001)	Loss 1.1832e-03 (2.4006e+00)	Acc@1 100.00 ( 71.38)	Acc@5 100.00 ( 97.92)
23-Jan-26 17:29:43 - Epoch: [11][34999/50000]	Time  0.061 ( 0.038)	Data  0.001 ( 0.001)	Loss 0.0000e+00 (2.3848e+00)	Acc@1 100.00 ( 71.48)	Acc@5 100.00 ( 97.99)
23-Jan-26 17:32:54 - Epoch: [11][39999/50000]	Time  0.037 ( 0.038)	Data  0.001 ( 0.001)	Loss 2.7565e+00 (2.3835e+00)	Acc@1   0.00 ( 71.47)	Acc@5 100.00 ( 97.99)
23-Jan-26 17:36:05 - Epoch: [11][44999/50000]	Time  0.038 ( 0.038)	Data  0.001 ( 0.001)	Loss 0.0000e+00 (2.3814e+00)	Acc@1 100.00 ( 71.50)	Acc@5 100.00 ( 97.98)
23-Jan-26 17:39:16 - Epoch: [11][49999/50000]	Time  0.037 ( 0.038)	Data  0.001 ( 0.001)	Loss 8.4638e-06 (2.3699e+00)	Acc@1 100.00 ( 71.64)	Acc@5 100.00 ( 97.98)
23-Jan-26 17:39:16 -  @Training * Acc@1 71.644 Acc@5 97.978 Loss 2.370
23-Jan-26 17:39:16 - One training epoch latency: 1.912e+03s | Avg Power: 189.0W | Energy: 361234.4033J
23-Jan-26 17:39:27 -  @Testing * Acc@1 75.910 Acc@5 98.430 Loss 2.373
23-Jan-26 17:39:27 - Best acc at epoch 11: 75.90999603271484
23-Jan-26 17:39:27 - Last learning rate: [7.8125e-06]
23-Jan-26 17:39:27 - 	 Epoch 12...
23-Jan-26 17:42:38 - Epoch: [12][ 4999/50000]	Time  0.037 ( 0.038)	Data  0.001 ( 0.001)	Loss 0.0000e+00 (2.4189e+00)	Acc@1 100.00 ( 72.16)	Acc@5 100.00 ( 97.88)
23-Jan-26 17:45:49 - Epoch: [12][ 9999/50000]	Time  0.038 ( 0.038)	Data  0.001 ( 0.001)	Loss 1.2128e+00 (2.3454e+00)	Acc@1   0.00 ( 72.80)	Acc@5 100.00 ( 97.96)
23-Jan-26 17:49:00 - Epoch: [12][14999/50000]	Time  0.037 ( 0.038)	Data  0.001 ( 0.001)	Loss 4.5299e-06 (2.3159e+00)	Acc@1 100.00 ( 73.02)	Acc@5 100.00 ( 97.98)
23-Jan-26 17:52:10 - Epoch: [12][19999/50000]	Time  0.037 ( 0.038)	Data  0.001 ( 0.001)	Loss 2.1307e+00 (2.2998e+00)	Acc@1   0.00 ( 73.11)	Acc@5 100.00 ( 98.01)
23-Jan-26 17:55:22 - Epoch: [12][24999/50000]	Time  0.037 ( 0.038)	Data  0.001 ( 0.001)	Loss 5.9605e-07 (2.2979e+00)	Acc@1 100.00 ( 73.28)	Acc@5 100.00 ( 98.05)
23-Jan-26 17:58:33 - Epoch: [12][29999/50000]	Time  0.039 ( 0.038)	Data  0.001 ( 0.001)	Loss 9.4356e-01 (2.2944e+00)	Acc@1   0.00 ( 73.14)	Acc@5 100.00 ( 98.04)
23-Jan-26 18:01:45 - Epoch: [12][34999/50000]	Time  0.038 ( 0.038)	Data  0.001 ( 0.001)	Loss 2.6180e-03 (2.2855e+00)	Acc@1 100.00 ( 73.17)	Acc@5 100.00 ( 98.12)
23-Jan-26 18:04:56 - Epoch: [12][39999/50000]	Time  0.037 ( 0.038)	Data  0.001 ( 0.001)	Loss 3.0994e-05 (2.2966e+00)	Acc@1 100.00 ( 73.17)	Acc@5 100.00 ( 98.07)
23-Jan-26 18:08:08 - Epoch: [12][44999/50000]	Time  0.039 ( 0.038)	Data  0.001 ( 0.001)	Loss 2.5850e+01 (2.2850e+00)	Acc@1   0.00 ( 73.31)	Acc@5 100.00 ( 98.07)
23-Jan-26 18:11:19 - Epoch: [12][49999/50000]	Time  0.037 ( 0.038)	Data  0.001 ( 0.001)	Loss 2.9135e-01 (2.2814e+00)	Acc@1 100.00 ( 73.36)	Acc@5 100.00 ( 98.11)
23-Jan-26 18:11:19 -  @Training * Acc@1 73.360 Acc@5 98.108 Loss 2.281
23-Jan-26 18:11:19 - One training epoch latency: 1.912e+03s | Avg Power: 189.0W | Energy: 361455.7048J
23-Jan-26 18:11:30 -  @Testing * Acc@1 76.490 Acc@5 98.510 Loss 2.281
23-Jan-26 18:11:30 - Best acc at epoch 12: 76.48999786376953
23-Jan-26 18:11:30 - Last learning rate: [7.8125e-06]
23-Jan-26 18:11:30 - 	 Epoch 13...
23-Jan-26 18:14:42 - Epoch: [13][ 4999/50000]	Time  0.037 ( 0.038)	Data  0.001 ( 0.001)	Loss 1.6974e-04 (2.2646e+00)	Acc@1 100.00 ( 74.38)	Acc@5 100.00 ( 98.44)
23-Jan-26 18:17:53 - Epoch: [13][ 9999/50000]	Time  0.038 ( 0.038)	Data  0.002 ( 0.001)	Loss 7.5002e-04 (2.1445e+00)	Acc@1 100.00 ( 74.87)	Acc@5 100.00 ( 98.43)
23-Jan-26 18:21:05 - Epoch: [13][14999/50000]	Time  0.037 ( 0.038)	Data  0.001 ( 0.001)	Loss 0.0000e+00 (2.2002e+00)	Acc@1 100.00 ( 74.57)	Acc@5 100.00 ( 98.27)
23-Jan-26 18:24:16 - Epoch: [13][19999/50000]	Time  0.037 ( 0.038)	Data  0.001 ( 0.001)	Loss 3.7115e-04 (2.1974e+00)	Acc@1 100.00 ( 74.46)	Acc@5 100.00 ( 98.24)
23-Jan-26 18:27:28 - Epoch: [13][24999/50000]	Time  0.037 ( 0.038)	Data  0.001 ( 0.001)	Loss 4.7331e-01 (2.2026e+00)	Acc@1 100.00 ( 74.54)	Acc@5 100.00 ( 98.28)
23-Jan-26 18:30:39 - Epoch: [13][29999/50000]	Time  0.037 ( 0.038)	Data  0.001 ( 0.001)	Loss 3.9143e-01 (2.2022e+00)	Acc@1 100.00 ( 74.59)	Acc@5 100.00 ( 98.28)
23-Jan-26 18:33:50 - Epoch: [13][34999/50000]	Time  0.039 ( 0.038)	Data  0.001 ( 0.001)	Loss 7.1526e-07 (2.1985e+00)	Acc@1 100.00 ( 74.55)	Acc@5 100.00 ( 98.26)
23-Jan-26 18:37:02 - Epoch: [13][39999/50000]	Time  0.037 ( 0.038)	Data  0.001 ( 0.001)	Loss 1.4182e+01 (2.2063e+00)	Acc@1   0.00 ( 74.47)	Acc@5 100.00 ( 98.25)
23-Jan-26 18:40:12 - Epoch: [13][44999/50000]	Time  0.038 ( 0.038)	Data  0.001 ( 0.001)	Loss 6.9020e-05 (2.2011e+00)	Acc@1 100.00 ( 74.50)	Acc@5 100.00 ( 98.26)
23-Jan-26 18:43:23 - Epoch: [13][49999/50000]	Time  0.037 ( 0.038)	Data  0.001 ( 0.001)	Loss 0.0000e+00 (2.2029e+00)	Acc@1 100.00 ( 74.52)	Acc@5 100.00 ( 98.28)
23-Jan-26 18:43:23 -  @Training * Acc@1 74.522 Acc@5 98.276 Loss 2.203
23-Jan-26 18:43:24 - One training epoch latency: 1.913e+03s | Avg Power: 188.8W | Energy: 361308.7142J
23-Jan-26 18:43:34 -  @Testing * Acc@1 76.560 Acc@5 98.580 Loss 2.466
23-Jan-26 18:43:34 - Best acc at epoch 13: 76.55999755859375
23-Jan-26 18:43:34 - Last learning rate: [7.8125e-06]
23-Jan-26 18:43:34 - 	 Epoch 14...
23-Jan-26 18:46:45 - Epoch: [14][ 4999/50000]	Time  0.038 ( 0.038)	Data  0.001 ( 0.001)	Loss 5.0872e+00 (2.1584e+00)	Acc@1   0.00 ( 74.64)	Acc@5 100.00 ( 98.46)
23-Jan-26 18:49:56 - Epoch: [14][ 9999/50000]	Time  0.046 ( 0.038)	Data  0.010 ( 0.001)	Loss 0.0000e+00 (2.1279e+00)	Acc@1 100.00 ( 74.97)	Acc@5 100.00 ( 98.42)
23-Jan-26 18:53:07 - Epoch: [14][14999/50000]	Time  0.037 ( 0.038)	Data  0.001 ( 0.001)	Loss 8.3446e-07 (2.0839e+00)	Acc@1 100.00 ( 75.20)	Acc@5 100.00 ( 98.51)
23-Jan-26 18:56:17 - Epoch: [14][19999/50000]	Time  0.039 ( 0.038)	Data  0.001 ( 0.001)	Loss 0.0000e+00 (2.0930e+00)	Acc@1 100.00 ( 75.01)	Acc@5 100.00 ( 98.45)
23-Jan-26 18:59:28 - Epoch: [14][24999/50000]	Time  0.057 ( 0.038)	Data  0.001 ( 0.001)	Loss 6.8618e+00 (2.0790e+00)	Acc@1   0.00 ( 75.26)	Acc@5 100.00 ( 98.45)
23-Jan-26 19:02:46 - Epoch: [14][29999/50000]	Time  0.070 ( 0.038)	Data  0.003 ( 0.001)	Loss 1.1274e-02 (2.0993e+00)	Acc@1 100.00 ( 75.37)	Acc@5 100.00 ( 98.39)
23-Jan-26 19:06:03 - Epoch: [14][34999/50000]	Time  0.037 ( 0.039)	Data  0.001 ( 0.001)	Loss 3.1709e-05 (2.0884e+00)	Acc@1 100.00 ( 75.42)	Acc@5 100.00 ( 98.43)
23-Jan-26 19:09:14 - Epoch: [14][39999/50000]	Time  0.037 ( 0.038)	Data  0.001 ( 0.001)	Loss 0.0000e+00 (2.0977e+00)	Acc@1 100.00 ( 75.38)	Acc@5 100.00 ( 98.42)
23-Jan-26 19:12:24 - Epoch: [14][44999/50000]	Time  0.036 ( 0.038)	Data  0.001 ( 0.001)	Loss 0.0000e+00 (2.0931e+00)	Acc@1 100.00 ( 75.46)	Acc@5 100.00 ( 98.43)
23-Jan-26 19:15:35 - Epoch: [14][49999/50000]	Time  0.036 ( 0.038)	Data  0.001 ( 0.001)	Loss 3.7535e-02 (2.0942e+00)	Acc@1 100.00 ( 75.53)	Acc@5 100.00 ( 98.44)
23-Jan-26 19:15:35 -  @Training * Acc@1 75.532 Acc@5 98.436 Loss 2.094
23-Jan-26 19:15:35 - One training epoch latency: 1.921e+03s | Avg Power: 188.5W | Energy: 362144.0237J
23-Jan-26 19:15:45 -  @Testing * Acc@1 77.000 Acc@5 98.740 Loss 2.330
23-Jan-26 19:15:45 - Best acc at epoch 14: 77.0
23-Jan-26 19:15:45 - Last learning rate: [7.8125e-06]
23-Jan-26 19:15:46 - 	 Epoch 15...
23-Jan-26 19:18:57 - Epoch: [15][ 4999/50000]	Time  0.037 ( 0.038)	Data  0.001 ( 0.001)	Loss 3.5047e-05 (2.0267e+00)	Acc@1 100.00 ( 76.16)	Acc@5 100.00 ( 98.68)
23-Jan-26 19:22:08 - Epoch: [15][ 9999/50000]	Time  0.037 ( 0.038)	Data  0.001 ( 0.001)	Loss 7.0232e+00 (2.0250e+00)	Acc@1   0.00 ( 76.21)	Acc@5 100.00 ( 98.70)
23-Jan-26 19:25:20 - Epoch: [15][14999/50000]	Time  0.039 ( 0.038)	Data  0.001 ( 0.001)	Loss 0.0000e+00 (2.0558e+00)	Acc@1 100.00 ( 76.14)	Acc@5 100.00 ( 98.68)
23-Jan-26 19:28:31 - Epoch: [15][19999/50000]	Time  0.037 ( 0.038)	Data  0.001 ( 0.001)	Loss 1.6508e+00 (2.0535e+00)	Acc@1   0.00 ( 76.29)	Acc@5 100.00 ( 98.62)
23-Jan-26 19:31:42 - Epoch: [15][24999/50000]	Time  0.037 ( 0.038)	Data  0.001 ( 0.001)	Loss 3.3041e-02 (2.0517e+00)	Acc@1 100.00 ( 76.35)	Acc@5 100.00 ( 98.64)
23-Jan-26 19:34:54 - Epoch: [15][29999/50000]	Time  0.037 ( 0.038)	Data  0.001 ( 0.001)	Loss 2.2619e+00 (2.0381e+00)	Acc@1   0.00 ( 76.46)	Acc@5 100.00 ( 98.64)
23-Jan-26 19:38:05 - Epoch: [15][34999/50000]	Time  0.037 ( 0.038)	Data  0.001 ( 0.001)	Loss 7.1378e+00 (2.0372e+00)	Acc@1   0.00 ( 76.60)	Acc@5 100.00 ( 98.63)
23-Jan-26 19:41:17 - Epoch: [15][39999/50000]	Time  0.037 ( 0.038)	Data  0.001 ( 0.001)	Loss 0.0000e+00 (2.0347e+00)	Acc@1 100.00 ( 76.60)	Acc@5 100.00 ( 98.60)
23-Jan-26 19:44:29 - Epoch: [15][44999/50000]	Time  0.038 ( 0.038)	Data  0.001 ( 0.001)	Loss 3.3608e+00 (2.0296e+00)	Acc@1   0.00 ( 76.55)	Acc@5 100.00 ( 98.60)
23-Jan-26 19:47:41 - Epoch: [15][49999/50000]	Time  0.036 ( 0.038)	Data  0.001 ( 0.001)	Loss 3.7019e+00 (2.0284e+00)	Acc@1   0.00 ( 76.65)	Acc@5 100.00 ( 98.60)
23-Jan-26 19:47:41 -  @Training * Acc@1 76.652 Acc@5 98.604 Loss 2.028
23-Jan-26 19:47:41 - One training epoch latency: 1.915e+03s | Avg Power: 188.7W | Energy: 361424.0160J
23-Jan-26 19:47:51 -  @Testing * Acc@1 79.350 Acc@5 98.900 Loss 2.076
23-Jan-26 19:47:51 - Best acc at epoch 15: 79.3499984741211
23-Jan-26 19:47:51 - Last learning rate: [7.8125e-06]
23-Jan-26 19:47:51 - 	 Epoch 16...
23-Jan-26 19:51:03 - Epoch: [16][ 4999/50000]	Time  0.037 ( 0.038)	Data  0.001 ( 0.001)	Loss 0.0000e+00 (1.9705e+00)	Acc@1 100.00 ( 77.64)	Acc@5 100.00 ( 98.56)
23-Jan-26 19:54:15 - Epoch: [16][ 9999/50000]	Time  0.037 ( 0.038)	Data  0.001 ( 0.001)	Loss 0.0000e+00 (1.9983e+00)	Acc@1 100.00 ( 77.56)	Acc@5 100.00 ( 98.58)
23-Jan-26 19:57:27 - Epoch: [16][14999/50000]	Time  0.037 ( 0.038)	Data  0.001 ( 0.001)	Loss 4.8544e+00 (1.9847e+00)	Acc@1   0.00 ( 77.43)	Acc@5 100.00 ( 98.61)
23-Jan-26 20:00:39 - Epoch: [16][19999/50000]	Time  0.037 ( 0.038)	Data  0.001 ( 0.001)	Loss 5.9995e-02 (1.9626e+00)	Acc@1 100.00 ( 77.54)	Acc@5 100.00 ( 98.66)
23-Jan-26 20:03:51 - Epoch: [16][24999/50000]	Time  0.037 ( 0.038)	Data  0.001 ( 0.001)	Loss 1.2910e-04 (1.9446e+00)	Acc@1 100.00 ( 77.68)	Acc@5 100.00 ( 98.67)
23-Jan-26 20:07:02 - Epoch: [16][29999/50000]	Time  0.038 ( 0.038)	Data  0.001 ( 0.001)	Loss 0.0000e+00 (1.9401e+00)	Acc@1 100.00 ( 77.63)	Acc@5 100.00 ( 98.68)
23-Jan-26 20:10:14 - Epoch: [16][34999/50000]	Time  0.039 ( 0.038)	Data  0.001 ( 0.001)	Loss 0.0000e+00 (1.9360e+00)	Acc@1 100.00 ( 77.75)	Acc@5 100.00 ( 98.69)
23-Jan-26 20:13:26 - Epoch: [16][39999/50000]	Time  0.037 ( 0.038)	Data  0.001 ( 0.001)	Loss 2.1937e-03 (1.9402e+00)	Acc@1 100.00 ( 77.71)	Acc@5 100.00 ( 98.68)
23-Jan-26 20:16:38 - Epoch: [16][44999/50000]	Time  0.037 ( 0.038)	Data  0.001 ( 0.001)	Loss 8.7270e+00 (1.9407e+00)	Acc@1   0.00 ( 77.75)	Acc@5 100.00 ( 98.69)
23-Jan-26 20:19:50 - Epoch: [16][49999/50000]	Time  0.036 ( 0.038)	Data  0.001 ( 0.001)	Loss 2.1134e+00 (1.9455e+00)	Acc@1   0.00 ( 77.68)	Acc@5 100.00 ( 98.69)
23-Jan-26 20:19:50 -  @Training * Acc@1 77.680 Acc@5 98.688 Loss 1.946
23-Jan-26 20:19:50 - One training epoch latency: 1.919e+03s | Avg Power: 188.6W | Energy: 361860.1311J
23-Jan-26 20:20:00 -  @Testing * Acc@1 80.430 Acc@5 98.930 Loss 2.049
23-Jan-26 20:20:00 - Best acc at epoch 16: 80.43000030517578
23-Jan-26 20:20:00 - Last learning rate: [7.8125e-06]
23-Jan-26 20:20:00 - 	 Epoch 17...
23-Jan-26 20:23:12 - Epoch: [17][ 4999/50000]	Time  0.037 ( 0.038)	Data  0.001 ( 0.001)	Loss 0.0000e+00 (1.8862e+00)	Acc@1 100.00 ( 78.60)	Acc@5 100.00 ( 98.74)
23-Jan-26 20:26:24 - Epoch: [17][ 9999/50000]	Time  0.038 ( 0.038)	Data  0.001 ( 0.001)	Loss 0.0000e+00 (1.9166e+00)	Acc@1 100.00 ( 78.26)	Acc@5 100.00 ( 98.96)
23-Jan-26 20:29:36 - Epoch: [17][14999/50000]	Time  0.038 ( 0.038)	Data  0.001 ( 0.001)	Loss 0.0000e+00 (1.9041e+00)	Acc@1 100.00 ( 78.34)	Acc@5 100.00 ( 98.83)
23-Jan-26 20:32:48 - Epoch: [17][19999/50000]	Time  0.037 ( 0.038)	Data  0.001 ( 0.001)	Loss 3.5763e-07 (1.9090e+00)	Acc@1 100.00 ( 78.13)	Acc@5 100.00 ( 98.79)
23-Jan-26 20:36:00 - Epoch: [17][24999/50000]	Time  0.037 ( 0.038)	Data  0.001 ( 0.001)	Loss 0.0000e+00 (1.8822e+00)	Acc@1 100.00 ( 78.38)	Acc@5 100.00 ( 98.75)
23-Jan-26 20:39:12 - Epoch: [17][29999/50000]	Time  0.037 ( 0.038)	Data  0.001 ( 0.001)	Loss 0.0000e+00 (1.8753e+00)	Acc@1 100.00 ( 78.41)	Acc@5 100.00 ( 98.77)
23-Jan-26 20:42:23 - Epoch: [17][34999/50000]	Time  0.037 ( 0.038)	Data  0.001 ( 0.001)	Loss 0.0000e+00 (1.8683e+00)	Acc@1 100.00 ( 78.59)	Acc@5 100.00 ( 98.79)
23-Jan-26 20:45:35 - Epoch: [17][39999/50000]	Time  0.037 ( 0.038)	Data  0.001 ( 0.001)	Loss 1.1700e+01 (1.8716e+00)	Acc@1   0.00 ( 78.58)	Acc@5 100.00 ( 98.80)
23-Jan-26 20:48:47 - Epoch: [17][44999/50000]	Time  0.037 ( 0.038)	Data  0.001 ( 0.001)	Loss 0.0000e+00 (1.8654e+00)	Acc@1 100.00 ( 78.58)	Acc@5 100.00 ( 98.80)
23-Jan-26 20:51:59 - Epoch: [17][49999/50000]	Time  0.036 ( 0.038)	Data  0.001 ( 0.001)	Loss 1.0110e-02 (1.8763e+00)	Acc@1 100.00 ( 78.51)	Acc@5 100.00 ( 98.83)
23-Jan-26 20:51:59 -  @Training * Acc@1 78.508 Acc@5 98.832 Loss 1.876
23-Jan-26 20:51:59 - One training epoch latency: 1.918e+03s | Avg Power: 188.4W | Energy: 361398.7758J
23-Jan-26 20:52:09 -  @Testing * Acc@1 81.150 Acc@5 99.050 Loss 1.876
23-Jan-26 20:52:09 - Best acc at epoch 17: 81.1500015258789
23-Jan-26 20:52:09 - Last learning rate: [7.8125e-06]
23-Jan-26 20:52:09 - 	 Epoch 18...
23-Jan-26 20:55:21 - Epoch: [18][ 4999/50000]	Time  0.037 ( 0.038)	Data  0.001 ( 0.001)	Loss 6.2797e+00 (1.8239e+00)	Acc@1   0.00 ( 79.16)	Acc@5 100.00 ( 98.98)
23-Jan-26 20:58:32 - Epoch: [18][ 9999/50000]	Time  0.037 ( 0.038)	Data  0.001 ( 0.001)	Loss 0.0000e+00 (1.8196e+00)	Acc@1 100.00 ( 79.21)	Acc@5 100.00 ( 98.92)
23-Jan-26 21:01:45 - Epoch: [18][14999/50000]	Time  0.037 ( 0.038)	Data  0.001 ( 0.001)	Loss 0.0000e+00 (1.8577e+00)	Acc@1 100.00 ( 78.94)	Acc@5 100.00 ( 98.81)
23-Jan-26 21:04:56 - Epoch: [18][19999/50000]	Time  0.039 ( 0.038)	Data  0.001 ( 0.001)	Loss 1.6689e-05 (1.8439e+00)	Acc@1 100.00 ( 79.06)	Acc@5 100.00 ( 98.76)
23-Jan-26 21:08:08 - Epoch: [18][24999/50000]	Time  0.037 ( 0.038)	Data  0.001 ( 0.001)	Loss 0.0000e+00 (1.8123e+00)	Acc@1 100.00 ( 79.34)	Acc@5 100.00 ( 98.81)
23-Jan-26 21:11:19 - Epoch: [18][29999/50000]	Time  0.038 ( 0.038)	Data  0.001 ( 0.001)	Loss 0.0000e+00 (1.8062e+00)	Acc@1 100.00 ( 79.31)	Acc@5 100.00 ( 98.82)
23-Jan-26 21:14:31 - Epoch: [18][34999/50000]	Time  0.037 ( 0.038)	Data  0.001 ( 0.001)	Loss 0.0000e+00 (1.8011e+00)	Acc@1 100.00 ( 79.41)	Acc@5 100.00 ( 98.84)
23-Jan-26 21:17:43 - Epoch: [18][39999/50000]	Time  0.037 ( 0.038)	Data  0.001 ( 0.001)	Loss 0.0000e+00 (1.8033e+00)	Acc@1 100.00 ( 79.40)	Acc@5 100.00 ( 98.86)
23-Jan-26 21:20:54 - Epoch: [18][44999/50000]	Time  0.038 ( 0.038)	Data  0.001 ( 0.001)	Loss 1.7699e+01 (1.8080e+00)	Acc@1   0.00 ( 79.40)	Acc@5 100.00 ( 98.88)
23-Jan-26 21:24:06 - Epoch: [18][49999/50000]	Time  0.036 ( 0.038)	Data  0.001 ( 0.001)	Loss 5.3062e-01 (1.8162e+00)	Acc@1 100.00 ( 79.35)	Acc@5 100.00 ( 98.89)
23-Jan-26 21:24:06 -  @Training * Acc@1 79.350 Acc@5 98.888 Loss 1.816
23-Jan-26 21:24:06 - One training epoch latency: 1.916e+03s | Avg Power: 188.4W | Energy: 360970.5862J
23-Jan-26 21:24:16 -  @Testing * Acc@1 80.630 Acc@5 99.010 Loss 1.981
23-Jan-26 21:24:16 - Best acc at epoch 18: 81.1500015258789
23-Jan-26 21:24:16 - Last learning rate: [7.8125e-06]
23-Jan-26 21:24:16 - 	 Epoch 19...
23-Jan-26 21:27:28 - Epoch: [19][ 4999/50000]	Time  0.037 ( 0.038)	Data  0.001 ( 0.001)	Loss 2.8610e-06 (1.7376e+00)	Acc@1 100.00 ( 80.54)	Acc@5 100.00 ( 98.82)
23-Jan-26 21:30:39 - Epoch: [19][ 9999/50000]	Time  0.037 ( 0.038)	Data  0.001 ( 0.001)	Loss 4.6695e-04 (1.7291e+00)	Acc@1 100.00 ( 80.27)	Acc@5 100.00 ( 99.00)
23-Jan-26 21:33:51 - Epoch: [19][14999/50000]	Time  0.037 ( 0.038)	Data  0.001 ( 0.001)	Loss 7.2114e+00 (1.7302e+00)	Acc@1   0.00 ( 80.38)	Acc@5 100.00 ( 98.98)
23-Jan-26 21:37:02 - Epoch: [19][19999/50000]	Time  0.039 ( 0.038)	Data  0.001 ( 0.001)	Loss 5.9759e-02 (1.7569e+00)	Acc@1 100.00 ( 80.32)	Acc@5 100.00 ( 98.93)
23-Jan-26 21:40:14 - Epoch: [19][24999/50000]	Time  0.037 ( 0.038)	Data  0.001 ( 0.001)	Loss 8.4194e+00 (1.7472e+00)	Acc@1   0.00 ( 80.32)	Acc@5 100.00 ( 98.97)
23-Jan-26 21:43:26 - Epoch: [19][29999/50000]	Time  0.037 ( 0.038)	Data  0.001 ( 0.001)	Loss 0.0000e+00 (1.7529e+00)	Acc@1 100.00 ( 80.25)	Acc@5 100.00 ( 98.94)
23-Jan-26 21:46:37 - Epoch: [19][34999/50000]	Time  0.037 ( 0.038)	Data  0.001 ( 0.001)	Loss 1.1103e+01 (1.7549e+00)	Acc@1   0.00 ( 80.21)	Acc@5 100.00 ( 98.95)
23-Jan-26 21:49:49 - Epoch: [19][39999/50000]	Time  0.037 ( 0.038)	Data  0.001 ( 0.001)	Loss 9.1085e+00 (1.7568e+00)	Acc@1   0.00 ( 80.17)	Acc@5 100.00 ( 98.94)
23-Jan-26 21:53:00 - Epoch: [19][44999/50000]	Time  0.037 ( 0.038)	Data  0.001 ( 0.001)	Loss 7.6082e-02 (1.7667e+00)	Acc@1 100.00 ( 80.17)	Acc@5 100.00 ( 98.94)
23-Jan-26 21:56:12 - Epoch: [19][49999/50000]	Time  0.036 ( 0.038)	Data  0.001 ( 0.001)	Loss 6.6397e-05 (1.7590e+00)	Acc@1 100.00 ( 80.16)	Acc@5 100.00 ( 98.92)
23-Jan-26 21:56:12 -  @Training * Acc@1 80.158 Acc@5 98.922 Loss 1.759
23-Jan-26 21:56:12 - One training epoch latency: 1.916e+03s | Avg Power: 188.5W | Energy: 361048.4448J
23-Jan-26 21:56:22 -  @Testing * Acc@1 80.950 Acc@5 99.000 Loss 2.202
23-Jan-26 21:56:22 - Best acc at epoch 19: 81.1500015258789
23-Jan-26 21:56:22 - Last learning rate: [7.8125e-06]
23-Jan-26 21:56:22 - 	 Epoch 20...
23-Jan-26 21:59:34 - Epoch: [20][ 4999/50000]	Time  0.037 ( 0.038)	Data  0.001 ( 0.001)	Loss 0.0000e+00 (1.7518e+00)	Acc@1 100.00 ( 79.72)	Acc@5 100.00 ( 98.90)
23-Jan-26 22:02:44 - Epoch: [20][ 9999/50000]	Time  0.037 ( 0.038)	Data  0.001 ( 0.001)	Loss 0.0000e+00 (1.7166e+00)	Acc@1 100.00 ( 79.89)	Acc@5 100.00 ( 98.97)
23-Jan-26 22:05:56 - Epoch: [20][14999/50000]	Time  0.037 ( 0.038)	Data  0.001 ( 0.001)	Loss 0.0000e+00 (1.7066e+00)	Acc@1 100.00 ( 80.50)	Acc@5 100.00 ( 99.07)
23-Jan-26 22:09:07 - Epoch: [20][19999/50000]	Time  0.037 ( 0.038)	Data  0.001 ( 0.001)	Loss 0.0000e+00 (1.6916e+00)	Acc@1 100.00 ( 80.77)	Acc@5 100.00 ( 99.08)
23-Jan-26 22:12:18 - Epoch: [20][24999/50000]	Time  0.037 ( 0.038)	Data  0.001 ( 0.001)	Loss 0.0000e+00 (1.6905e+00)	Acc@1 100.00 ( 80.71)	Acc@5 100.00 ( 99.11)
23-Jan-26 22:15:29 - Epoch: [20][29999/50000]	Time  0.040 ( 0.038)	Data  0.001 ( 0.001)	Loss 5.9605e-07 (1.6864e+00)	Acc@1 100.00 ( 80.68)	Acc@5 100.00 ( 99.09)
23-Jan-26 22:18:45 - Epoch: [20][34999/50000]	Time  0.037 ( 0.038)	Data  0.001 ( 0.001)	Loss 2.9001e-01 (1.6876e+00)	Acc@1 100.00 ( 80.76)	Acc@5 100.00 ( 99.08)
23-Jan-26 22:22:07 - Epoch: [20][39999/50000]	Time  0.045 ( 0.039)	Data  0.001 ( 0.001)	Loss 0.0000e+00 (1.6915e+00)	Acc@1 100.00 ( 80.69)	Acc@5 100.00 ( 99.06)
23-Jan-26 22:25:31 - Epoch: [20][44999/50000]	Time  0.041 ( 0.039)	Data  0.001 ( 0.001)	Loss 4.0769e-05 (1.6854e+00)	Acc@1 100.00 ( 80.71)	Acc@5 100.00 ( 99.06)
23-Jan-26 22:28:56 - Epoch: [20][49999/50000]	Time  0.039 ( 0.039)	Data  0.001 ( 0.001)	Loss 2.7179e-05 (1.6894e+00)	Acc@1 100.00 ( 80.64)	Acc@5 100.00 ( 99.05)
23-Jan-26 22:28:57 -  @Training * Acc@1 80.642 Acc@5 99.052 Loss 1.689
23-Jan-26 22:28:57 - One training epoch latency: 1.954e+03s | Avg Power: 186.5W | Energy: 364441.4518J
23-Jan-26 22:29:07 -  @Testing * Acc@1 82.460 Acc@5 99.140 Loss 1.945
23-Jan-26 22:29:07 - Best acc at epoch 20: 82.45999908447266
23-Jan-26 22:29:07 - Last learning rate: [7.8125e-06]
23-Jan-26 22:29:07 - 	 Epoch 21...
23-Jan-26 22:32:32 - Epoch: [21][ 4999/50000]	Time  0.037 ( 0.041)	Data  0.001 ( 0.001)	Loss 1.1921e-07 (1.5495e+00)	Acc@1 100.00 ( 81.90)	Acc@5 100.00 ( 99.08)
23-Jan-26 22:35:56 - Epoch: [21][ 9999/50000]	Time  0.038 ( 0.041)	Data  0.001 ( 0.001)	Loss 7.0436e+00 (1.6324e+00)	Acc@1   0.00 ( 81.45)	Acc@5 100.00 ( 99.03)
23-Jan-26 22:39:22 - Epoch: [21][14999/50000]	Time  0.037 ( 0.041)	Data  0.001 ( 0.001)	Loss 1.1894e+00 (1.6324e+00)	Acc@1   0.00 ( 81.30)	Acc@5 100.00 ( 99.06)
23-Jan-26 22:42:35 - Epoch: [21][19999/50000]	Time  0.037 ( 0.040)	Data  0.001 ( 0.001)	Loss 2.2140e+01 (1.6397e+00)	Acc@1   0.00 ( 81.20)	Acc@5 100.00 ( 99.01)
23-Jan-26 22:45:47 - Epoch: [21][24999/50000]	Time  0.037 ( 0.040)	Data  0.001 ( 0.001)	Loss 0.0000e+00 (1.6415e+00)	Acc@1 100.00 ( 81.21)	Acc@5 100.00 ( 99.04)
23-Jan-26 22:48:58 - Epoch: [21][29999/50000]	Time  0.037 ( 0.040)	Data  0.001 ( 0.001)	Loss 1.4305e-06 (1.6405e+00)	Acc@1 100.00 ( 81.29)	Acc@5 100.00 ( 99.08)
23-Jan-26 22:52:09 - Epoch: [21][34999/50000]	Time  0.037 ( 0.039)	Data  0.001 ( 0.001)	Loss 6.4377e-01 (1.6337e+00)	Acc@1 100.00 ( 81.34)	Acc@5 100.00 ( 99.10)
23-Jan-26 22:55:21 - Epoch: [21][39999/50000]	Time  0.037 ( 0.039)	Data  0.001 ( 0.001)	Loss 0.0000e+00 (1.6384e+00)	Acc@1 100.00 ( 81.30)	Acc@5 100.00 ( 99.11)
23-Jan-26 22:58:32 - Epoch: [21][44999/50000]	Time  0.038 ( 0.039)	Data  0.001 ( 0.001)	Loss 1.4623e-01 (1.6421e+00)	Acc@1 100.00 ( 81.28)	Acc@5 100.00 ( 99.10)
23-Jan-26 23:01:43 - Epoch: [21][49999/50000]	Time  0.036 ( 0.039)	Data  0.001 ( 0.001)	Loss 0.0000e+00 (1.6500e+00)	Acc@1 100.00 ( 81.25)	Acc@5 100.00 ( 99.09)
23-Jan-26 23:01:43 -  @Training * Acc@1 81.246 Acc@5 99.092 Loss 1.650
23-Jan-26 23:01:44 - One training epoch latency: 1.956e+03s | Avg Power: 186.2W | Energy: 364317.3542J
23-Jan-26 23:01:54 -  @Testing * Acc@1 82.960 Acc@5 99.100 Loss 1.889
23-Jan-26 23:01:54 - Best acc at epoch 21: 82.95999908447266
23-Jan-26 23:01:54 - Last learning rate: [7.8125e-06]
23-Jan-26 23:01:54 - 	 Epoch 22...
23-Jan-26 23:05:05 - Epoch: [22][ 4999/50000]	Time  0.037 ( 0.038)	Data  0.001 ( 0.001)	Loss 0.0000e+00 (1.4746e+00)	Acc@1 100.00 ( 82.14)	Acc@5 100.00 ( 99.14)
23-Jan-26 23:08:16 - Epoch: [22][ 9999/50000]	Time  0.038 ( 0.038)	Data  0.002 ( 0.001)	Loss 5.6648e-03 (1.5124e+00)	Acc@1 100.00 ( 81.88)	Acc@5 100.00 ( 99.25)
23-Jan-26 23:11:27 - Epoch: [22][14999/50000]	Time  0.038 ( 0.038)	Data  0.001 ( 0.001)	Loss 0.0000e+00 (1.5489e+00)	Acc@1 100.00 ( 81.68)	Acc@5 100.00 ( 99.21)
23-Jan-26 23:14:38 - Epoch: [22][19999/50000]	Time  0.044 ( 0.038)	Data  0.001 ( 0.001)	Loss 0.0000e+00 (1.5742e+00)	Acc@1 100.00 ( 81.56)	Acc@5 100.00 ( 99.20)
23-Jan-26 23:17:49 - Epoch: [22][24999/50000]	Time  0.038 ( 0.038)	Data  0.001 ( 0.001)	Loss 0.0000e+00 (1.6026e+00)	Acc@1 100.00 ( 81.62)	Acc@5 100.00 ( 99.16)
23-Jan-26 23:21:00 - Epoch: [22][29999/50000]	Time  0.039 ( 0.038)	Data  0.001 ( 0.001)	Loss 0.0000e+00 (1.5765e+00)	Acc@1 100.00 ( 81.89)	Acc@5 100.00 ( 99.18)
23-Jan-26 23:24:11 - Epoch: [22][34999/50000]	Time  0.037 ( 0.038)	Data  0.001 ( 0.001)	Loss 3.3259e-05 (1.5771e+00)	Acc@1 100.00 ( 81.87)	Acc@5 100.00 ( 99.19)
23-Jan-26 23:27:22 - Epoch: [22][39999/50000]	Time  0.037 ( 0.038)	Data  0.001 ( 0.001)	Loss 0.0000e+00 (1.5860e+00)	Acc@1 100.00 ( 81.74)	Acc@5 100.00 ( 99.21)
23-Jan-26 23:30:33 - Epoch: [22][44999/50000]	Time  0.037 ( 0.038)	Data  0.001 ( 0.001)	Loss 0.0000e+00 (1.5842e+00)	Acc@1 100.00 ( 81.80)	Acc@5 100.00 ( 99.18)
23-Jan-26 23:33:44 - Epoch: [22][49999/50000]	Time  0.036 ( 0.038)	Data  0.001 ( 0.001)	Loss 1.8955e-02 (1.5874e+00)	Acc@1 100.00 ( 81.78)	Acc@5 100.00 ( 99.18)
23-Jan-26 23:33:44 -  @Training * Acc@1 81.778 Acc@5 99.184 Loss 1.587
23-Jan-26 23:33:44 - One training epoch latency: 1.91e+03s | Avg Power: 188.7W | Energy: 360379.7058J
23-Jan-26 23:33:55 -  @Testing * Acc@1 83.640 Acc@5 99.210 Loss 1.835
23-Jan-26 23:33:55 - Best acc at epoch 22: 83.63999938964844
23-Jan-26 23:33:55 - Last learning rate: [7.8125e-06]
23-Jan-26 23:33:55 - 	 Epoch 23...
23-Jan-26 23:37:06 - Epoch: [23][ 4999/50000]	Time  0.037 ( 0.038)	Data  0.001 ( 0.001)	Loss 4.2125e-01 (1.4730e+00)	Acc@1 100.00 ( 82.56)	Acc@5 100.00 ( 99.34)
23-Jan-26 23:40:18 - Epoch: [23][ 9999/50000]	Time  0.037 ( 0.038)	Data  0.001 ( 0.001)	Loss 2.8642e-02 (1.5268e+00)	Acc@1 100.00 ( 82.36)	Acc@5 100.00 ( 99.31)
23-Jan-26 23:43:29 - Epoch: [23][14999/50000]	Time  0.037 ( 0.038)	Data  0.001 ( 0.001)	Loss 6.0797e-06 (1.5108e+00)	Acc@1 100.00 ( 82.56)	Acc@5 100.00 ( 99.27)
23-Jan-26 23:46:40 - Epoch: [23][19999/50000]	Time  0.037 ( 0.038)	Data  0.001 ( 0.001)	Loss 0.0000e+00 (1.5189e+00)	Acc@1 100.00 ( 82.45)	Acc@5 100.00 ( 99.27)
23-Jan-26 23:49:51 - Epoch: [23][24999/50000]	Time  0.037 ( 0.038)	Data  0.001 ( 0.001)	Loss 1.5816e+01 (1.5284e+00)	Acc@1   0.00 ( 82.52)	Acc@5 100.00 ( 99.23)
23-Jan-26 23:53:03 - Epoch: [23][29999/50000]	Time  0.044 ( 0.038)	Data  0.001 ( 0.001)	Loss 0.0000e+00 (1.5251e+00)	Acc@1 100.00 ( 82.58)	Acc@5 100.00 ( 99.22)
23-Jan-26 23:56:16 - Epoch: [23][34999/50000]	Time  0.037 ( 0.038)	Data  0.001 ( 0.001)	Loss 6.1109e-01 (1.5254e+00)	Acc@1 100.00 ( 82.59)	Acc@5 100.00 ( 99.20)
23-Jan-26 23:59:27 - Epoch: [23][39999/50000]	Time  0.037 ( 0.038)	Data  0.001 ( 0.001)	Loss 0.0000e+00 (1.5357e+00)	Acc@1 100.00 ( 82.61)	Acc@5 100.00 ( 99.17)
24-Jan-26 00:02:38 - Epoch: [23][44999/50000]	Time  0.037 ( 0.038)	Data  0.001 ( 0.001)	Loss 0.0000e+00 (1.5457e+00)	Acc@1 100.00 ( 82.50)	Acc@5 100.00 ( 99.16)
24-Jan-26 00:05:49 - Epoch: [23][49999/50000]	Time  0.036 ( 0.038)	Data  0.001 ( 0.001)	Loss 0.0000e+00 (1.5490e+00)	Acc@1 100.00 ( 82.50)	Acc@5 100.00 ( 99.17)
24-Jan-26 00:05:49 -  @Training * Acc@1 82.502 Acc@5 99.174 Loss 1.549
24-Jan-26 00:05:49 - One training epoch latency: 1.914e+03s | Avg Power: 188.3W | Energy: 360401.8979J
24-Jan-26 00:05:59 -  @Testing * Acc@1 83.790 Acc@5 99.260 Loss 1.860
24-Jan-26 00:05:59 - Best acc at epoch 23: 83.79000091552734
24-Jan-26 00:06:00 - Last learning rate: [7.8125e-06]
24-Jan-26 00:06:00 - 	 Epoch 24...
24-Jan-26 00:09:11 - Epoch: [24][ 4999/50000]	Time  0.037 ( 0.038)	Data  0.001 ( 0.001)	Loss 0.0000e+00 (1.4608e+00)	Acc@1 100.00 ( 83.00)	Acc@5 100.00 ( 99.26)
24-Jan-26 00:12:22 - Epoch: [24][ 9999/50000]	Time  0.037 ( 0.038)	Data  0.001 ( 0.001)	Loss 1.1038e-04 (1.5136e+00)	Acc@1 100.00 ( 82.56)	Acc@5 100.00 ( 99.24)
24-Jan-26 00:15:33 - Epoch: [24][14999/50000]	Time  0.037 ( 0.038)	Data  0.001 ( 0.001)	Loss 0.0000e+00 (1.5031e+00)	Acc@1 100.00 ( 82.71)	Acc@5 100.00 ( 99.23)
24-Jan-26 00:18:44 - Epoch: [24][19999/50000]	Time  0.038 ( 0.038)	Data  0.001 ( 0.001)	Loss 0.0000e+00 (1.5308e+00)	Acc@1 100.00 ( 82.67)	Acc@5 100.00 ( 99.19)
24-Jan-26 00:21:55 - Epoch: [24][24999/50000]	Time  0.037 ( 0.038)	Data  0.001 ( 0.001)	Loss 0.0000e+00 (1.5354e+00)	Acc@1 100.00 ( 82.65)	Acc@5 100.00 ( 99.19)
24-Jan-26 00:25:06 - Epoch: [24][29999/50000]	Time  0.038 ( 0.038)	Data  0.001 ( 0.001)	Loss 8.8688e-05 (1.5327e+00)	Acc@1 100.00 ( 82.68)	Acc@5 100.00 ( 99.20)
24-Jan-26 00:28:17 - Epoch: [24][34999/50000]	Time  0.037 ( 0.038)	Data  0.001 ( 0.001)	Loss 0.0000e+00 (1.5313e+00)	Acc@1 100.00 ( 82.75)	Acc@5 100.00 ( 99.22)
24-Jan-26 00:31:27 - Epoch: [24][39999/50000]	Time  0.037 ( 0.038)	Data  0.001 ( 0.001)	Loss 0.0000e+00 (1.5249e+00)	Acc@1 100.00 ( 82.87)	Acc@5 100.00 ( 99.23)
24-Jan-26 00:34:38 - Epoch: [24][44999/50000]	Time  0.038 ( 0.038)	Data  0.001 ( 0.001)	Loss 0.0000e+00 (1.5233e+00)	Acc@1 100.00 ( 82.89)	Acc@5 100.00 ( 99.23)
24-Jan-26 00:37:49 - Epoch: [24][49999/50000]	Time  0.038 ( 0.038)	Data  0.001 ( 0.001)	Loss 1.1921e-05 (1.5180e+00)	Acc@1 100.00 ( 82.92)	Acc@5 100.00 ( 99.25)
24-Jan-26 00:37:49 -  @Training * Acc@1 82.922 Acc@5 99.252 Loss 1.518
24-Jan-26 00:37:49 - One training epoch latency: 1.91e+03s | Avg Power: 188.6W | Energy: 360051.7453J
24-Jan-26 00:38:00 -  @Testing * Acc@1 84.570 Acc@5 99.270 Loss 1.761
24-Jan-26 00:38:00 - Best acc at epoch 24: 84.56999969482422
24-Jan-26 00:38:00 - Last learning rate: [7.8125e-06]
24-Jan-26 00:38:00 - 	 Epoch 25...
24-Jan-26 00:41:11 - Epoch: [25][ 4999/50000]	Time  0.038 ( 0.038)	Data  0.001 ( 0.001)	Loss 0.0000e+00 (1.5168e+00)	Acc@1 100.00 ( 82.98)	Acc@5 100.00 ( 99.18)
24-Jan-26 00:44:21 - Epoch: [25][ 9999/50000]	Time  0.037 ( 0.038)	Data  0.001 ( 0.001)	Loss 0.0000e+00 (1.4875e+00)	Acc@1 100.00 ( 82.96)	Acc@5 100.00 ( 99.12)
24-Jan-26 00:47:33 - Epoch: [25][14999/50000]	Time  0.037 ( 0.038)	Data  0.001 ( 0.001)	Loss 0.0000e+00 (1.4562e+00)	Acc@1 100.00 ( 83.33)	Acc@5 100.00 ( 99.22)
24-Jan-26 00:50:44 - Epoch: [25][19999/50000]	Time  0.040 ( 0.038)	Data  0.001 ( 0.001)	Loss 0.0000e+00 (1.4663e+00)	Acc@1 100.00 ( 83.28)	Acc@5 100.00 ( 99.22)
24-Jan-26 00:53:55 - Epoch: [25][24999/50000]	Time  0.037 ( 0.038)	Data  0.001 ( 0.001)	Loss 1.3136e-04 (1.4724e+00)	Acc@1 100.00 ( 83.24)	Acc@5 100.00 ( 99.23)
24-Jan-26 00:57:06 - Epoch: [25][29999/50000]	Time  0.037 ( 0.038)	Data  0.001 ( 0.001)	Loss 0.0000e+00 (1.4734e+00)	Acc@1 100.00 ( 83.27)	Acc@5 100.00 ( 99.26)
24-Jan-26 01:00:17 - Epoch: [25][34999/50000]	Time  0.037 ( 0.038)	Data  0.001 ( 0.001)	Loss 1.5579e-04 (1.4639e+00)	Acc@1 100.00 ( 83.27)	Acc@5 100.00 ( 99.27)
24-Jan-26 01:03:27 - Epoch: [25][39999/50000]	Time  0.039 ( 0.038)	Data  0.001 ( 0.001)	Loss 1.4456e-01 (1.4631e+00)	Acc@1 100.00 ( 83.31)	Acc@5 100.00 ( 99.28)
24-Jan-26 01:06:38 - Epoch: [25][44999/50000]	Time  0.037 ( 0.038)	Data  0.001 ( 0.001)	Loss 0.0000e+00 (1.4648e+00)	Acc@1 100.00 ( 83.31)	Acc@5 100.00 ( 99.28)
24-Jan-26 01:09:49 - Epoch: [25][49999/50000]	Time  0.036 ( 0.038)	Data  0.001 ( 0.001)	Loss 0.0000e+00 (1.4671e+00)	Acc@1 100.00 ( 83.35)	Acc@5 100.00 ( 99.29)
24-Jan-26 01:09:49 -  @Training * Acc@1 83.352 Acc@5 99.290 Loss 1.467
24-Jan-26 01:09:49 - One training epoch latency: 1.909e+03s | Avg Power: 188.7W | Energy: 360296.1694J
24-Jan-26 01:09:59 -  @Testing * Acc@1 83.660 Acc@5 99.310 Loss 1.885
24-Jan-26 01:09:59 - Best acc at epoch 25: 84.56999969482422
24-Jan-26 01:09:59 - Last learning rate: [7.8125e-06]
24-Jan-26 01:09:59 - 	 Epoch 26...
24-Jan-26 01:13:10 - Epoch: [26][ 4999/50000]	Time  0.037 ( 0.038)	Data  0.001 ( 0.001)	Loss 9.5211e-01 (1.3490e+00)	Acc@1   0.00 ( 84.04)	Acc@5 100.00 ( 99.58)
24-Jan-26 01:16:20 - Epoch: [26][ 9999/50000]	Time  0.037 ( 0.038)	Data  0.001 ( 0.001)	Loss 8.1080e+00 (1.3579e+00)	Acc@1   0.00 ( 84.50)	Acc@5 100.00 ( 99.43)
24-Jan-26 01:19:30 - Epoch: [26][14999/50000]	Time  0.037 ( 0.038)	Data  0.001 ( 0.001)	Loss 0.0000e+00 (1.3646e+00)	Acc@1 100.00 ( 84.29)	Acc@5 100.00 ( 99.46)
24-Jan-26 01:22:42 - Epoch: [26][19999/50000]	Time  0.037 ( 0.038)	Data  0.001 ( 0.001)	Loss 8.6008e-04 (1.3922e+00)	Acc@1 100.00 ( 84.07)	Acc@5 100.00 ( 99.36)
24-Jan-26 01:25:52 - Epoch: [26][24999/50000]	Time  0.036 ( 0.038)	Data  0.001 ( 0.001)	Loss 0.0000e+00 (1.3951e+00)	Acc@1 100.00 ( 83.96)	Acc@5 100.00 ( 99.36)
24-Jan-26 01:29:03 - Epoch: [26][29999/50000]	Time  0.038 ( 0.038)	Data  0.001 ( 0.001)	Loss 1.7881e-06 (1.4051e+00)	Acc@1 100.00 ( 83.79)	Acc@5 100.00 ( 99.37)
24-Jan-26 01:32:14 - Epoch: [26][34999/50000]	Time  0.036 ( 0.038)	Data  0.001 ( 0.001)	Loss 0.0000e+00 (1.4077e+00)	Acc@1 100.00 ( 83.92)	Acc@5 100.00 ( 99.35)
24-Jan-26 01:35:24 - Epoch: [26][39999/50000]	Time  0.037 ( 0.038)	Data  0.001 ( 0.001)	Loss 0.0000e+00 (1.4216e+00)	Acc@1 100.00 ( 83.82)	Acc@5 100.00 ( 99.33)
24-Jan-26 01:38:33 - Epoch: [26][44999/50000]	Time  0.037 ( 0.038)	Data  0.001 ( 0.001)	Loss 0.0000e+00 (1.4146e+00)	Acc@1 100.00 ( 83.84)	Acc@5 100.00 ( 99.34)
24-Jan-26 01:41:43 - Epoch: [26][49999/50000]	Time  0.036 ( 0.038)	Data  0.001 ( 0.001)	Loss 1.1606e+01 (1.4174e+00)	Acc@1   0.00 ( 83.86)	Acc@5 100.00 ( 99.34)
24-Jan-26 01:41:44 -  @Training * Acc@1 83.856 Acc@5 99.340 Loss 1.417
24-Jan-26 01:41:44 - One training epoch latency: 1.904e+03s | Avg Power: 188.6W | Energy: 359231.4703J
24-Jan-26 01:41:54 -  @Testing * Acc@1 84.470 Acc@5 99.370 Loss 1.729
24-Jan-26 01:41:54 - Best acc at epoch 26: 84.56999969482422
24-Jan-26 01:41:54 - Last learning rate: [7.8125e-06]
24-Jan-26 01:41:54 - 	 Epoch 27...
24-Jan-26 01:45:04 - Epoch: [27][ 4999/50000]	Time  0.037 ( 0.038)	Data  0.001 ( 0.001)	Loss 0.0000e+00 (1.4147e+00)	Acc@1 100.00 ( 84.14)	Acc@5 100.00 ( 99.30)
24-Jan-26 01:48:14 - Epoch: [27][ 9999/50000]	Time  0.037 ( 0.038)	Data  0.001 ( 0.001)	Loss 1.1921e-05 (1.3660e+00)	Acc@1 100.00 ( 84.39)	Acc@5 100.00 ( 99.35)
24-Jan-26 01:51:25 - Epoch: [27][14999/50000]	Time  0.037 ( 0.038)	Data  0.001 ( 0.001)	Loss 0.0000e+00 (1.3435e+00)	Acc@1 100.00 ( 84.36)	Acc@5 100.00 ( 99.38)
24-Jan-26 01:54:35 - Epoch: [27][19999/50000]	Time  0.037 ( 0.038)	Data  0.001 ( 0.001)	Loss 7.9356e+00 (1.3627e+00)	Acc@1   0.00 ( 84.33)	Acc@5 100.00 ( 99.35)
24-Jan-26 01:57:45 - Epoch: [27][24999/50000]	Time  0.037 ( 0.038)	Data  0.001 ( 0.001)	Loss 2.5859e-03 (1.3829e+00)	Acc@1 100.00 ( 84.30)	Acc@5 100.00 ( 99.32)
24-Jan-26 02:00:55 - Epoch: [27][29999/50000]	Time  0.039 ( 0.038)	Data  0.001 ( 0.001)	Loss 0.0000e+00 (1.3818e+00)	Acc@1 100.00 ( 84.27)	Acc@5 100.00 ( 99.33)
24-Jan-26 02:04:05 - Epoch: [27][34999/50000]	Time  0.037 ( 0.038)	Data  0.001 ( 0.001)	Loss 0.0000e+00 (1.3723e+00)	Acc@1 100.00 ( 84.40)	Acc@5 100.00 ( 99.35)
24-Jan-26 02:07:16 - Epoch: [27][39999/50000]	Time  0.037 ( 0.038)	Data  0.001 ( 0.001)	Loss 0.0000e+00 (1.3762e+00)	Acc@1 100.00 ( 84.31)	Acc@5 100.00 ( 99.36)
24-Jan-26 02:10:26 - Epoch: [27][44999/50000]	Time  0.038 ( 0.038)	Data  0.001 ( 0.001)	Loss 4.2347e-02 (1.3665e+00)	Acc@1 100.00 ( 84.36)	Acc@5 100.00 ( 99.35)
24-Jan-26 02:13:36 - Epoch: [27][49999/50000]	Time  0.060 ( 0.038)	Data  0.001 ( 0.001)	Loss 0.0000e+00 (1.3730e+00)	Acc@1 100.00 ( 84.34)	Acc@5 100.00 ( 99.34)
24-Jan-26 02:13:36 -  @Training * Acc@1 84.342 Acc@5 99.344 Loss 1.373
24-Jan-26 02:13:36 - One training epoch latency: 1.902e+03s | Avg Power: 188.4W | Energy: 358432.5776J
24-Jan-26 02:13:46 -  @Testing * Acc@1 84.400 Acc@5 99.290 Loss 1.807
24-Jan-26 02:13:46 - Best acc at epoch 27: 84.56999969482422
24-Jan-26 02:13:46 - Last learning rate: [7.8125e-06]
24-Jan-26 02:13:46 - 	 Epoch 28...
24-Jan-26 02:16:57 - Epoch: [28][ 4999/50000]	Time  0.036 ( 0.038)	Data  0.001 ( 0.001)	Loss 0.0000e+00 (1.2339e+00)	Acc@1 100.00 ( 85.50)	Acc@5 100.00 ( 99.54)
24-Jan-26 02:20:07 - Epoch: [28][ 9999/50000]	Time  0.037 ( 0.038)	Data  0.001 ( 0.001)	Loss 2.0266e-06 (1.2783e+00)	Acc@1 100.00 ( 85.23)	Acc@5 100.00 ( 99.51)
24-Jan-26 02:23:17 - Epoch: [28][14999/50000]	Time  0.037 ( 0.038)	Data  0.001 ( 0.001)	Loss 0.0000e+00 (1.3019e+00)	Acc@1 100.00 ( 85.04)	Acc@5 100.00 ( 99.47)
24-Jan-26 02:26:28 - Epoch: [28][19999/50000]	Time  0.037 ( 0.038)	Data  0.001 ( 0.001)	Loss 3.3020e-05 (1.3023e+00)	Acc@1 100.00 ( 84.95)	Acc@5 100.00 ( 99.42)
24-Jan-26 02:29:38 - Epoch: [28][24999/50000]	Time  0.056 ( 0.038)	Data  0.001 ( 0.001)	Loss 7.1853e+00 (1.3066e+00)	Acc@1   0.00 ( 84.95)	Acc@5 100.00 ( 99.43)
24-Jan-26 02:32:48 - Epoch: [28][29999/50000]	Time  0.036 ( 0.038)	Data  0.001 ( 0.001)	Loss 2.2905e+01 (1.3264e+00)	Acc@1   0.00 ( 84.84)	Acc@5   0.00 ( 99.41)
24-Jan-26 02:36:01 - Epoch: [28][34999/50000]	Time  0.042 ( 0.038)	Data  0.002 ( 0.001)	Loss 0.0000e+00 (1.3403e+00)	Acc@1 100.00 ( 84.76)	Acc@5 100.00 ( 99.40)
24-Jan-26 02:39:19 - Epoch: [28][39999/50000]	Time  0.038 ( 0.038)	Data  0.001 ( 0.001)	Loss 3.1781e+01 (1.3351e+00)	Acc@1   0.00 ( 84.85)	Acc@5 100.00 ( 99.40)
24-Jan-26 02:42:42 - Epoch: [28][44999/50000]	Time  0.042 ( 0.039)	Data  0.001 ( 0.001)	Loss 0.0000e+00 (1.3357e+00)	Acc@1 100.00 ( 84.87)	Acc@5 100.00 ( 99.40)
24-Jan-26 02:46:04 - Epoch: [28][49999/50000]	Time  0.043 ( 0.039)	Data  0.001 ( 0.001)	Loss 3.3456e-04 (1.3345e+00)	Acc@1 100.00 ( 84.90)	Acc@5 100.00 ( 99.41)
24-Jan-26 02:46:04 -  @Training * Acc@1 84.904 Acc@5 99.410 Loss 1.335
24-Jan-26 02:46:05 - One training epoch latency: 1.938e+03s | Avg Power: 187.0W | Energy: 362422.1880J
24-Jan-26 02:46:15 -  @Testing * Acc@1 84.630 Acc@5 99.260 Loss 1.873
24-Jan-26 02:46:15 - Best acc at epoch 28: 84.62999725341797
24-Jan-26 02:46:15 - Last learning rate: [7.8125e-06]
24-Jan-26 02:46:15 - 	 Epoch 29...
24-Jan-26 02:49:39 - Epoch: [29][ 4999/50000]	Time  0.043 ( 0.041)	Data  0.001 ( 0.001)	Loss 0.0000e+00 (1.2633e+00)	Acc@1 100.00 ( 85.56)	Acc@5 100.00 ( 99.30)
24-Jan-26 02:53:02 - Epoch: [29][ 9999/50000]	Time  0.038 ( 0.041)	Data  0.001 ( 0.001)	Loss 0.0000e+00 (1.2782e+00)	Acc@1 100.00 ( 85.40)	Acc@5 100.00 ( 99.40)
24-Jan-26 02:56:24 - Epoch: [29][14999/50000]	Time  0.043 ( 0.041)	Data  0.001 ( 0.001)	Loss 2.1754e-02 (1.2993e+00)	Acc@1 100.00 ( 85.38)	Acc@5 100.00 ( 99.41)
24-Jan-26 02:59:48 - Epoch: [29][19999/50000]	Time  0.041 ( 0.041)	Data  0.001 ( 0.001)	Loss 2.4534e-01 (1.2981e+00)	Acc@1 100.00 ( 85.26)	Acc@5 100.00 ( 99.43)
24-Jan-26 03:03:11 - Epoch: [29][24999/50000]	Time  0.038 ( 0.041)	Data  0.001 ( 0.001)	Loss 1.4916e+01 (1.3125e+00)	Acc@1   0.00 ( 85.23)	Acc@5 100.00 ( 99.43)
24-Jan-26 03:06:23 - Epoch: [29][29999/50000]	Time  0.038 ( 0.040)	Data  0.001 ( 0.001)	Loss 1.1849e+01 (1.3102e+00)	Acc@1   0.00 ( 85.09)	Acc@5 100.00 ( 99.44)
24-Jan-26 03:09:35 - Epoch: [29][34999/50000]	Time  0.037 ( 0.040)	Data  0.001 ( 0.001)	Loss 0.0000e+00 (1.3041e+00)	Acc@1 100.00 ( 85.12)	Acc@5 100.00 ( 99.46)
24-Jan-26 03:12:46 - Epoch: [29][39999/50000]	Time  0.037 ( 0.040)	Data  0.001 ( 0.001)	Loss 0.0000e+00 (1.3086e+00)	Acc@1 100.00 ( 85.15)	Acc@5 100.00 ( 99.47)
24-Jan-26 03:15:58 - Epoch: [29][44999/50000]	Time  0.037 ( 0.040)	Data  0.001 ( 0.001)	Loss 5.9605e-07 (1.3128e+00)	Acc@1 100.00 ( 85.11)	Acc@5 100.00 ( 99.46)
24-Jan-26 03:19:09 - Epoch: [29][49999/50000]	Time  0.036 ( 0.039)	Data  0.001 ( 0.001)	Loss 0.0000e+00 (1.3097e+00)	Acc@1 100.00 ( 85.14)	Acc@5 100.00 ( 99.46)
24-Jan-26 03:19:09 -  @Training * Acc@1 85.142 Acc@5 99.460 Loss 1.310
24-Jan-26 03:19:09 - One training epoch latency: 1.974e+03s | Avg Power: 185.2W | Energy: 365646.7227J
24-Jan-26 03:19:20 -  @Testing * Acc@1 84.810 Acc@5 99.370 Loss 1.827
24-Jan-26 03:19:20 - Best acc at epoch 29: 84.80999755859375
24-Jan-26 03:19:20 - Last learning rate: [7.8125e-06]
24-Jan-26 03:19:20 - 	 Epoch 30...
24-Jan-26 03:22:31 - Epoch: [30][ 4999/50000]	Time  0.037 ( 0.038)	Data  0.001 ( 0.001)	Loss 0.0000e+00 (1.2859e+00)	Acc@1 100.00 ( 85.88)	Acc@5 100.00 ( 99.44)
24-Jan-26 03:25:42 - Epoch: [30][ 9999/50000]	Time  0.037 ( 0.038)	Data  0.001 ( 0.001)	Loss 2.1445e-02 (1.2670e+00)	Acc@1 100.00 ( 85.79)	Acc@5 100.00 ( 99.45)
24-Jan-26 03:28:53 - Epoch: [30][14999/50000]	Time  0.037 ( 0.038)	Data  0.001 ( 0.001)	Loss 0.0000e+00 (1.2546e+00)	Acc@1 100.00 ( 85.89)	Acc@5 100.00 ( 99.48)
24-Jan-26 03:32:03 - Epoch: [30][19999/50000]	Time  0.038 ( 0.038)	Data  0.001 ( 0.001)	Loss 2.5255e-03 (1.2557e+00)	Acc@1 100.00 ( 85.82)	Acc@5 100.00 ( 99.47)
24-Jan-26 03:35:14 - Epoch: [30][24999/50000]	Time  0.037 ( 0.038)	Data  0.001 ( 0.001)	Loss 0.0000e+00 (1.2610e+00)	Acc@1 100.00 ( 85.84)	Acc@5 100.00 ( 99.47)
24-Jan-26 03:38:25 - Epoch: [30][29999/50000]	Time  0.037 ( 0.038)	Data  0.001 ( 0.001)	Loss 0.0000e+00 (1.2558e+00)	Acc@1 100.00 ( 85.85)	Acc@5 100.00 ( 99.48)
24-Jan-26 03:41:36 - Epoch: [30][34999/50000]	Time  0.037 ( 0.038)	Data  0.001 ( 0.001)	Loss 2.3842e-07 (1.2513e+00)	Acc@1 100.00 ( 85.85)	Acc@5 100.00 ( 99.47)
24-Jan-26 03:44:47 - Epoch: [30][39999/50000]	Time  0.037 ( 0.038)	Data  0.001 ( 0.001)	Loss 0.0000e+00 (1.2540e+00)	Acc@1 100.00 ( 85.85)	Acc@5 100.00 ( 99.48)
24-Jan-26 03:47:59 - Epoch: [30][44999/50000]	Time  0.037 ( 0.038)	Data  0.001 ( 0.001)	Loss 0.0000e+00 (1.2676e+00)	Acc@1 100.00 ( 85.80)	Acc@5 100.00 ( 99.47)
24-Jan-26 03:51:10 - Epoch: [30][49999/50000]	Time  0.036 ( 0.038)	Data  0.001 ( 0.001)	Loss 0.0000e+00 (1.2684e+00)	Acc@1 100.00 ( 85.72)	Acc@5 100.00 ( 99.47)
24-Jan-26 03:51:10 -  @Training * Acc@1 85.720 Acc@5 99.470 Loss 1.268
24-Jan-26 03:51:10 - One training epoch latency: 1.91e+03s | Avg Power: 187.9W | Energy: 358861.8734J
24-Jan-26 03:51:20 -  @Testing * Acc@1 85.010 Acc@5 99.370 Loss 1.833
24-Jan-26 03:51:20 - Best acc at epoch 30: 85.00999450683594
24-Jan-26 03:51:20 - Last learning rate: [7.8125e-06]
24-Jan-26 03:51:20 - 	 Epoch 31...
24-Jan-26 03:54:31 - Epoch: [31][ 4999/50000]	Time  0.038 ( 0.038)	Data  0.001 ( 0.001)	Loss 0.0000e+00 (1.1702e+00)	Acc@1 100.00 ( 86.54)	Acc@5 100.00 ( 99.46)
24-Jan-26 03:57:43 - Epoch: [31][ 9999/50000]	Time  0.040 ( 0.038)	Data  0.001 ( 0.001)	Loss 0.0000e+00 (1.1737e+00)	Acc@1 100.00 ( 86.44)	Acc@5 100.00 ( 99.57)
24-Jan-26 04:00:54 - Epoch: [31][14999/50000]	Time  0.037 ( 0.038)	Data  0.001 ( 0.001)	Loss 0.0000e+00 (1.1977e+00)	Acc@1 100.00 ( 86.38)	Acc@5 100.00 ( 99.55)
24-Jan-26 04:04:05 - Epoch: [31][19999/50000]	Time  0.037 ( 0.038)	Data  0.001 ( 0.001)	Loss 0.0000e+00 (1.2075e+00)	Acc@1 100.00 ( 86.25)	Acc@5 100.00 ( 99.56)
24-Jan-26 04:07:17 - Epoch: [31][24999/50000]	Time  0.038 ( 0.038)	Data  0.001 ( 0.001)	Loss 3.9654e-02 (1.2150e+00)	Acc@1 100.00 ( 86.22)	Acc@5 100.00 ( 99.56)
24-Jan-26 04:10:28 - Epoch: [31][29999/50000]	Time  0.037 ( 0.038)	Data  0.001 ( 0.001)	Loss 0.0000e+00 (1.2265e+00)	Acc@1 100.00 ( 86.14)	Acc@5 100.00 ( 99.57)
24-Jan-26 04:13:39 - Epoch: [31][34999/50000]	Time  0.060 ( 0.038)	Data  0.001 ( 0.001)	Loss 0.0000e+00 (1.2170e+00)	Acc@1 100.00 ( 86.19)	Acc@5 100.00 ( 99.55)
24-Jan-26 04:16:50 - Epoch: [31][39999/50000]	Time  0.037 ( 0.038)	Data  0.001 ( 0.001)	Loss 1.2845e-01 (1.2332e+00)	Acc@1 100.00 ( 86.06)	Acc@5 100.00 ( 99.50)
24-Jan-26 04:20:01 - Epoch: [31][44999/50000]	Time  0.037 ( 0.038)	Data  0.001 ( 0.001)	Loss 0.0000e+00 (1.2359e+00)	Acc@1 100.00 ( 86.04)	Acc@5 100.00 ( 99.49)
24-Jan-26 04:23:12 - Epoch: [31][49999/50000]	Time  0.036 ( 0.038)	Data  0.001 ( 0.001)	Loss 0.0000e+00 (1.2390e+00)	Acc@1 100.00 ( 86.05)	Acc@5 100.00 ( 99.48)
24-Jan-26 04:23:12 -  @Training * Acc@1 86.054 Acc@5 99.478 Loss 1.239
24-Jan-26 04:23:12 - One training epoch latency: 1.912e+03s | Avg Power: 187.8W | Energy: 359177.5680J
24-Jan-26 04:23:23 -  @Testing * Acc@1 85.690 Acc@5 99.400 Loss 1.758
24-Jan-26 04:23:23 - Best acc at epoch 31: 85.68999481201172
24-Jan-26 04:23:23 - Last learning rate: [7.8125e-06]
24-Jan-26 04:23:23 - 	 Epoch 32...
24-Jan-26 04:26:34 - Epoch: [32][ 4999/50000]	Time  0.037 ( 0.038)	Data  0.001 ( 0.001)	Loss 5.5471e+00 (1.2551e+00)	Acc@1   0.00 ( 86.74)	Acc@5 100.00 ( 99.12)
24-Jan-26 04:29:45 - Epoch: [32][ 9999/50000]	Time  0.037 ( 0.038)	Data  0.001 ( 0.001)	Loss 0.0000e+00 (1.2475e+00)	Acc@1 100.00 ( 86.46)	Acc@5 100.00 ( 99.32)
24-Jan-26 04:32:57 - Epoch: [32][14999/50000]	Time  0.037 ( 0.038)	Data  0.001 ( 0.001)	Loss 0.0000e+00 (1.2293e+00)	Acc@1 100.00 ( 86.35)	Acc@5 100.00 ( 99.37)
24-Jan-26 04:36:08 - Epoch: [32][19999/50000]	Time  0.037 ( 0.038)	Data  0.001 ( 0.001)	Loss 1.6956e+01 (1.2287e+00)	Acc@1   0.00 ( 86.42)	Acc@5 100.00 ( 99.41)
24-Jan-26 04:39:19 - Epoch: [32][24999/50000]	Time  0.038 ( 0.038)	Data  0.001 ( 0.001)	Loss 0.0000e+00 (1.2232e+00)	Acc@1 100.00 ( 86.44)	Acc@5 100.00 ( 99.46)
24-Jan-26 04:42:30 - Epoch: [32][29999/50000]	Time  0.038 ( 0.038)	Data  0.001 ( 0.001)	Loss 2.3403e+00 (1.2322e+00)	Acc@1   0.00 ( 86.27)	Acc@5 100.00 ( 99.48)
24-Jan-26 04:45:41 - Epoch: [32][34999/50000]	Time  0.038 ( 0.038)	Data  0.001 ( 0.001)	Loss 3.4620e+00 (1.2323e+00)	Acc@1   0.00 ( 86.33)	Acc@5 100.00 ( 99.49)
24-Jan-26 04:48:52 - Epoch: [32][39999/50000]	Time  0.037 ( 0.038)	Data  0.001 ( 0.001)	Loss 0.0000e+00 (1.2399e+00)	Acc@1 100.00 ( 86.24)	Acc@5 100.00 ( 99.50)
24-Jan-26 04:52:03 - Epoch: [32][44999/50000]	Time  0.037 ( 0.038)	Data  0.001 ( 0.001)	Loss 0.0000e+00 (1.2323e+00)	Acc@1 100.00 ( 86.28)	Acc@5 100.00 ( 99.49)
24-Jan-26 04:55:14 - Epoch: [32][49999/50000]	Time  0.039 ( 0.038)	Data  0.001 ( 0.001)	Loss 4.2915e-06 (1.2406e+00)	Acc@1 100.00 ( 86.26)	Acc@5 100.00 ( 99.50)
24-Jan-26 04:55:14 -  @Training * Acc@1 86.260 Acc@5 99.498 Loss 1.241
24-Jan-26 04:55:14 - One training epoch latency: 1.911e+03s | Avg Power: 187.9W | Energy: 359079.4219J
24-Jan-26 04:55:24 -  @Testing * Acc@1 86.080 Acc@5 99.390 Loss 1.658
24-Jan-26 04:55:24 - Best acc at epoch 32: 86.07999420166016
24-Jan-26 04:55:25 - Last learning rate: [7.8125e-06]
24-Jan-26 04:55:25 - 	 Epoch 33...
24-Jan-26 04:58:36 - Epoch: [33][ 4999/50000]	Time  0.038 ( 0.038)	Data  0.001 ( 0.001)	Loss 3.4743e-04 (1.1430e+00)	Acc@1 100.00 ( 86.58)	Acc@5 100.00 ( 99.60)
24-Jan-26 05:01:47 - Epoch: [33][ 9999/50000]	Time  0.037 ( 0.038)	Data  0.001 ( 0.001)	Loss 0.0000e+00 (1.1558e+00)	Acc@1 100.00 ( 86.51)	Acc@5 100.00 ( 99.54)
24-Jan-26 05:04:57 - Epoch: [33][14999/50000]	Time  0.037 ( 0.038)	Data  0.001 ( 0.001)	Loss 8.4792e-02 (1.1478e+00)	Acc@1 100.00 ( 86.76)	Acc@5 100.00 ( 99.54)
24-Jan-26 05:08:08 - Epoch: [33][19999/50000]	Time  0.037 ( 0.038)	Data  0.001 ( 0.001)	Loss 0.0000e+00 (1.1400e+00)	Acc@1 100.00 ( 86.92)	Acc@5 100.00 ( 99.55)
24-Jan-26 05:11:20 - Epoch: [33][24999/50000]	Time  0.037 ( 0.038)	Data  0.001 ( 0.001)	Loss 1.0104e+01 (1.1396e+00)	Acc@1   0.00 ( 86.93)	Acc@5 100.00 ( 99.58)
24-Jan-26 05:14:31 - Epoch: [33][29999/50000]	Time  0.037 ( 0.038)	Data  0.001 ( 0.001)	Loss 0.0000e+00 (1.1434e+00)	Acc@1 100.00 ( 87.01)	Acc@5 100.00 ( 99.55)
24-Jan-26 05:17:41 - Epoch: [33][34999/50000]	Time  0.037 ( 0.038)	Data  0.001 ( 0.001)	Loss 0.0000e+00 (1.1675e+00)	Acc@1 100.00 ( 86.81)	Acc@5 100.00 ( 99.55)
24-Jan-26 05:20:52 - Epoch: [33][39999/50000]	Time  0.037 ( 0.038)	Data  0.001 ( 0.001)	Loss 1.5986e-01 (1.1657e+00)	Acc@1 100.00 ( 86.85)	Acc@5 100.00 ( 99.54)
24-Jan-26 05:24:03 - Epoch: [33][44999/50000]	Time  0.037 ( 0.038)	Data  0.001 ( 0.001)	Loss 1.0381e-01 (1.1626e+00)	Acc@1 100.00 ( 86.89)	Acc@5 100.00 ( 99.54)
24-Jan-26 05:27:15 - Epoch: [33][49999/50000]	Time  0.035 ( 0.038)	Data  0.001 ( 0.001)	Loss 4.3522e-01 (1.1649e+00)	Acc@1 100.00 ( 86.88)	Acc@5 100.00 ( 99.54)
24-Jan-26 05:27:15 -  @Training * Acc@1 86.882 Acc@5 99.536 Loss 1.165
24-Jan-26 05:27:15 - One training epoch latency: 1.91e+03s | Avg Power: 188.1W | Energy: 359211.7716J
24-Jan-26 05:27:25 -  @Testing * Acc@1 86.220 Acc@5 99.430 Loss 1.679
24-Jan-26 05:27:25 - Best acc at epoch 33: 86.22000122070312
24-Jan-26 05:27:25 - Last learning rate: [7.8125e-06]
24-Jan-26 05:27:25 - 	 Epoch 34...
24-Jan-26 05:30:37 - Epoch: [34][ 4999/50000]	Time  0.037 ( 0.038)	Data  0.001 ( 0.001)	Loss 1.1921e-07 (1.1170e+00)	Acc@1 100.00 ( 86.88)	Acc@5 100.00 ( 99.60)
24-Jan-26 05:33:48 - Epoch: [34][ 9999/50000]	Time  0.037 ( 0.038)	Data  0.001 ( 0.001)	Loss 0.0000e+00 (1.1421e+00)	Acc@1 100.00 ( 87.34)	Acc@5 100.00 ( 99.57)
24-Jan-26 05:36:59 - Epoch: [34][14999/50000]	Time  0.060 ( 0.038)	Data  0.001 ( 0.001)	Loss 6.6854e-04 (1.1421e+00)	Acc@1 100.00 ( 87.18)	Acc@5 100.00 ( 99.54)
24-Jan-26 05:40:10 - Epoch: [34][19999/50000]	Time  0.038 ( 0.038)	Data  0.001 ( 0.001)	Loss 0.0000e+00 (1.1545e+00)	Acc@1 100.00 ( 87.03)	Acc@5 100.00 ( 99.57)
24-Jan-26 05:43:21 - Epoch: [34][24999/50000]	Time  0.037 ( 0.038)	Data  0.001 ( 0.001)	Loss 5.8141e+00 (1.1503e+00)	Acc@1   0.00 ( 87.04)	Acc@5 100.00 ( 99.60)
24-Jan-26 05:46:32 - Epoch: [34][29999/50000]	Time  0.037 ( 0.038)	Data  0.001 ( 0.001)	Loss 1.1292e+01 (1.1408e+00)	Acc@1   0.00 ( 87.00)	Acc@5 100.00 ( 99.59)
24-Jan-26 05:49:43 - Epoch: [34][34999/50000]	Time  0.037 ( 0.038)	Data  0.001 ( 0.001)	Loss 0.0000e+00 (1.1531e+00)	Acc@1 100.00 ( 86.86)	Acc@5 100.00 ( 99.57)
24-Jan-26 05:52:54 - Epoch: [34][39999/50000]	Time  0.037 ( 0.038)	Data  0.001 ( 0.001)	Loss 0.0000e+00 (1.1575e+00)	Acc@1 100.00 ( 86.85)	Acc@5 100.00 ( 99.57)
24-Jan-26 05:56:04 - Epoch: [34][44999/50000]	Time  0.037 ( 0.038)	Data  0.001 ( 0.001)	Loss 0.0000e+00 (1.1628e+00)	Acc@1 100.00 ( 86.81)	Acc@5 100.00 ( 99.57)
24-Jan-26 05:59:15 - Epoch: [34][49999/50000]	Time  0.036 ( 0.038)	Data  0.001 ( 0.001)	Loss 1.5139e-05 (1.1556e+00)	Acc@1 100.00 ( 86.90)	Acc@5 100.00 ( 99.55)
24-Jan-26 05:59:15 -  @Training * Acc@1 86.896 Acc@5 99.552 Loss 1.156
24-Jan-26 05:59:15 - One training epoch latency: 1.91e+03s | Avg Power: 188.2W | Energy: 359363.9809J
24-Jan-26 05:59:26 -  @Testing * Acc@1 86.130 Acc@5 99.290 Loss 1.697
24-Jan-26 05:59:26 - Best acc at epoch 34: 86.22000122070312
24-Jan-26 05:59:26 - Last learning rate: [7.8125e-06]
24-Jan-26 05:59:26 - 	 Epoch 35...
24-Jan-26 06:02:37 - Epoch: [35][ 4999/50000]	Time  0.037 ( 0.038)	Data  0.001 ( 0.001)	Loss 3.2491e-01 (1.0397e+00)	Acc@1 100.00 ( 88.32)	Acc@5 100.00 ( 99.56)
24-Jan-26 06:05:48 - Epoch: [35][ 9999/50000]	Time  0.056 ( 0.038)	Data  0.001 ( 0.001)	Loss 1.1878e-01 (1.0555e+00)	Acc@1 100.00 ( 87.69)	Acc@5 100.00 ( 99.57)
24-Jan-26 06:08:59 - Epoch: [35][14999/50000]	Time  0.037 ( 0.038)	Data  0.001 ( 0.001)	Loss 0.0000e+00 (1.0928e+00)	Acc@1 100.00 ( 87.44)	Acc@5 100.00 ( 99.61)
24-Jan-26 06:12:10 - Epoch: [35][19999/50000]	Time  0.038 ( 0.038)	Data  0.001 ( 0.001)	Loss 0.0000e+00 (1.1078e+00)	Acc@1 100.00 ( 87.23)	Acc@5 100.00 ( 99.61)
24-Jan-26 06:15:21 - Epoch: [35][24999/50000]	Time  0.037 ( 0.038)	Data  0.001 ( 0.001)	Loss 0.0000e+00 (1.1207e+00)	Acc@1 100.00 ( 87.16)	Acc@5 100.00 ( 99.60)
24-Jan-26 06:18:32 - Epoch: [35][29999/50000]	Time  0.040 ( 0.038)	Data  0.001 ( 0.001)	Loss 1.8800e+00 (1.1223e+00)	Acc@1   0.00 ( 87.16)	Acc@5 100.00 ( 99.61)
24-Jan-26 06:21:43 - Epoch: [35][34999/50000]	Time  0.037 ( 0.038)	Data  0.001 ( 0.001)	Loss 3.5763e-06 (1.1263e+00)	Acc@1 100.00 ( 87.16)	Acc@5 100.00 ( 99.62)
24-Jan-26 06:24:54 - Epoch: [35][39999/50000]	Time  0.038 ( 0.038)	Data  0.001 ( 0.001)	Loss 0.0000e+00 (1.1324e+00)	Acc@1 100.00 ( 87.14)	Acc@5 100.00 ( 99.60)
24-Jan-26 06:28:06 - Epoch: [35][44999/50000]	Time  0.037 ( 0.038)	Data  0.001 ( 0.001)	Loss 0.0000e+00 (1.1362e+00)	Acc@1 100.00 ( 87.15)	Acc@5 100.00 ( 99.59)
24-Jan-26 06:31:17 - Epoch: [35][49999/50000]	Time  0.036 ( 0.038)	Data  0.001 ( 0.001)	Loss 1.2261e+01 (1.1340e+00)	Acc@1   0.00 ( 87.18)	Acc@5 100.00 ( 99.59)
24-Jan-26 06:31:17 -  @Training * Acc@1 87.176 Acc@5 99.594 Loss 1.134
24-Jan-26 06:31:17 - One training epoch latency: 1.911e+03s | Avg Power: 188.0W | Energy: 359290.6080J
24-Jan-26 06:31:27 -  @Testing * Acc@1 85.550 Acc@5 99.400 Loss 1.732
24-Jan-26 06:31:27 - Best acc at epoch 35: 86.22000122070312
24-Jan-26 06:31:27 - Last learning rate: [7.8125e-06]
24-Jan-26 06:31:27 - 	 Epoch 36...
24-Jan-26 06:34:38 - Epoch: [36][ 4999/50000]	Time  0.038 ( 0.038)	Data  0.001 ( 0.001)	Loss 0.0000e+00 (1.0797e+00)	Acc@1 100.00 ( 87.48)	Acc@5 100.00 ( 99.60)
24-Jan-26 06:37:49 - Epoch: [36][ 9999/50000]	Time  0.037 ( 0.038)	Data  0.001 ( 0.001)	Loss 8.5223e-02 (1.0765e+00)	Acc@1 100.00 ( 87.70)	Acc@5 100.00 ( 99.59)
24-Jan-26 06:41:00 - Epoch: [36][14999/50000]	Time  0.037 ( 0.038)	Data  0.001 ( 0.001)	Loss 3.0908e-03 (1.0948e+00)	Acc@1 100.00 ( 87.70)	Acc@5 100.00 ( 99.57)
24-Jan-26 06:44:10 - Epoch: [36][19999/50000]	Time  0.037 ( 0.038)	Data  0.001 ( 0.001)	Loss 0.0000e+00 (1.0729e+00)	Acc@1 100.00 ( 87.93)	Acc@5 100.00 ( 99.60)
24-Jan-26 06:47:21 - Epoch: [36][24999/50000]	Time  0.038 ( 0.038)	Data  0.001 ( 0.001)	Loss 0.0000e+00 (1.0778e+00)	Acc@1 100.00 ( 87.86)	Acc@5 100.00 ( 99.60)
24-Jan-26 06:50:32 - Epoch: [36][29999/50000]	Time  0.056 ( 0.038)	Data  0.001 ( 0.001)	Loss 1.3427e-03 (1.0867e+00)	Acc@1 100.00 ( 87.80)	Acc@5 100.00 ( 99.61)
24-Jan-26 06:53:43 - Epoch: [36][34999/50000]	Time  0.037 ( 0.038)	Data  0.001 ( 0.001)	Loss 1.1457e-03 (1.0932e+00)	Acc@1 100.00 ( 87.73)	Acc@5 100.00 ( 99.59)
24-Jan-26 06:56:54 - Epoch: [36][39999/50000]	Time  0.038 ( 0.038)	Data  0.001 ( 0.001)	Loss 1.0215e+01 (1.0991e+00)	Acc@1   0.00 ( 87.69)	Acc@5 100.00 ( 99.58)
24-Jan-26 07:00:05 - Epoch: [36][44999/50000]	Time  0.037 ( 0.038)	Data  0.001 ( 0.001)	Loss 0.0000e+00 (1.0958e+00)	Acc@1 100.00 ( 87.73)	Acc@5 100.00 ( 99.60)
24-Jan-26 07:03:15 - Epoch: [36][49999/50000]	Time  0.036 ( 0.038)	Data  0.001 ( 0.001)	Loss 0.0000e+00 (1.0973e+00)	Acc@1 100.00 ( 87.71)	Acc@5 100.00 ( 99.60)
24-Jan-26 07:03:15 -  @Training * Acc@1 87.708 Acc@5 99.600 Loss 1.097
24-Jan-26 07:03:16 - One training epoch latency: 1.908e+03s | Avg Power: 188.1W | Energy: 358910.2921J
24-Jan-26 07:03:26 -  @Testing * Acc@1 85.900 Acc@5 99.480 Loss 1.782
24-Jan-26 07:03:26 - Best acc at epoch 36: 86.22000122070312
24-Jan-26 07:03:26 - Last learning rate: [7.8125e-06]
24-Jan-26 07:03:26 - 	 Epoch 37...
24-Jan-26 07:06:37 - Epoch: [37][ 4999/50000]	Time  0.044 ( 0.038)	Data  0.007 ( 0.001)	Loss 1.1921e-07 (1.0701e+00)	Acc@1 100.00 ( 87.82)	Acc@5 100.00 ( 99.56)
24-Jan-26 07:09:48 - Epoch: [37][ 9999/50000]	Time  0.059 ( 0.038)	Data  0.001 ( 0.001)	Loss 4.7161e-01 (1.0150e+00)	Acc@1 100.00 ( 88.33)	Acc@5 100.00 ( 99.67)
24-Jan-26 07:12:59 - Epoch: [37][14999/50000]	Time  0.037 ( 0.038)	Data  0.001 ( 0.001)	Loss 5.5493e-01 (1.0566e+00)	Acc@1 100.00 ( 88.04)	Acc@5 100.00 ( 99.67)
24-Jan-26 07:16:10 - Epoch: [37][19999/50000]	Time  0.038 ( 0.038)	Data  0.001 ( 0.001)	Loss 0.0000e+00 (1.0379e+00)	Acc@1 100.00 ( 88.21)	Acc@5 100.00 ( 99.65)
24-Jan-26 07:19:21 - Epoch: [37][24999/50000]	Time  0.037 ( 0.038)	Data  0.001 ( 0.001)	Loss 0.0000e+00 (1.0442e+00)	Acc@1 100.00 ( 88.20)	Acc@5 100.00 ( 99.66)
24-Jan-26 07:22:31 - Epoch: [37][29999/50000]	Time  0.037 ( 0.038)	Data  0.001 ( 0.001)	Loss 6.3181e-06 (1.0466e+00)	Acc@1 100.00 ( 88.24)	Acc@5 100.00 ( 99.65)
24-Jan-26 07:25:42 - Epoch: [37][34999/50000]	Time  0.037 ( 0.038)	Data  0.001 ( 0.001)	Loss 0.0000e+00 (1.0532e+00)	Acc@1 100.00 ( 88.17)	Acc@5 100.00 ( 99.64)
24-Jan-26 07:28:53 - Epoch: [37][39999/50000]	Time  0.038 ( 0.038)	Data  0.001 ( 0.001)	Loss 0.0000e+00 (1.0441e+00)	Acc@1 100.00 ( 88.15)	Acc@5 100.00 ( 99.64)
24-Jan-26 07:32:04 - Epoch: [37][44999/50000]	Time  0.037 ( 0.038)	Data  0.001 ( 0.001)	Loss 6.2351e-01 (1.0512e+00)	Acc@1 100.00 ( 88.10)	Acc@5 100.00 ( 99.64)
24-Jan-26 07:35:15 - Epoch: [37][49999/50000]	Time  0.037 ( 0.038)	Data  0.001 ( 0.001)	Loss 0.0000e+00 (1.0540e+00)	Acc@1 100.00 ( 88.12)	Acc@5 100.00 ( 99.64)
24-Jan-26 07:35:15 -  @Training * Acc@1 88.118 Acc@5 99.642 Loss 1.054
24-Jan-26 07:35:15 - One training epoch latency: 1.909e+03s | Avg Power: 188.0W | Energy: 358837.1687J
24-Jan-26 07:35:25 -  @Testing * Acc@1 86.340 Acc@5 99.520 Loss 1.679
24-Jan-26 07:35:25 - Best acc at epoch 37: 86.33999633789062
24-Jan-26 07:35:25 - Last learning rate: [7.8125e-06]
24-Jan-26 07:35:25 - 	 Epoch 38...
24-Jan-26 07:38:37 - Epoch: [38][ 4999/50000]	Time  0.037 ( 0.038)	Data  0.001 ( 0.001)	Loss 0.0000e+00 (1.0061e+00)	Acc@1 100.00 ( 88.64)	Acc@5 100.00 ( 99.52)
24-Jan-26 07:41:48 - Epoch: [38][ 9999/50000]	Time  0.037 ( 0.038)	Data  0.001 ( 0.001)	Loss 0.0000e+00 (1.0308e+00)	Acc@1 100.00 ( 88.49)	Acc@5 100.00 ( 99.58)
24-Jan-26 07:44:59 - Epoch: [38][14999/50000]	Time  0.037 ( 0.038)	Data  0.001 ( 0.001)	Loss 0.0000e+00 (1.0400e+00)	Acc@1 100.00 ( 88.33)	Acc@5 100.00 ( 99.62)
24-Jan-26 07:48:11 - Epoch: [38][19999/50000]	Time  0.039 ( 0.038)	Data  0.001 ( 0.001)	Loss 0.0000e+00 (1.0444e+00)	Acc@1 100.00 ( 88.35)	Acc@5 100.00 ( 99.64)
24-Jan-26 07:51:22 - Epoch: [38][24999/50000]	Time  0.042 ( 0.038)	Data  0.001 ( 0.001)	Loss 0.0000e+00 (1.0495e+00)	Acc@1 100.00 ( 88.22)	Acc@5 100.00 ( 99.66)
24-Jan-26 07:54:33 - Epoch: [38][29999/50000]	Time  0.038 ( 0.038)	Data  0.001 ( 0.001)	Loss 0.0000e+00 (1.0522e+00)	Acc@1 100.00 ( 88.14)	Acc@5 100.00 ( 99.66)
24-Jan-26 07:57:45 - Epoch: [38][34999/50000]	Time  0.037 ( 0.038)	Data  0.001 ( 0.001)	Loss 1.1921e-07 (1.0632e+00)	Acc@1 100.00 ( 88.05)	Acc@5 100.00 ( 99.65)
24-Jan-26 08:00:56 - Epoch: [38][39999/50000]	Time  0.038 ( 0.038)	Data  0.001 ( 0.001)	Loss 0.0000e+00 (1.0675e+00)	Acc@1 100.00 ( 88.06)	Acc@5 100.00 ( 99.63)
24-Jan-26 08:04:07 - Epoch: [38][44999/50000]	Time  0.057 ( 0.038)	Data  0.001 ( 0.001)	Loss 0.0000e+00 (1.0660e+00)	Acc@1 100.00 ( 88.08)	Acc@5 100.00 ( 99.62)
24-Jan-26 08:07:19 - Epoch: [38][49999/50000]	Time  0.036 ( 0.038)	Data  0.001 ( 0.001)	Loss 0.0000e+00 (1.0590e+00)	Acc@1 100.00 ( 88.06)	Acc@5 100.00 ( 99.62)
24-Jan-26 08:07:19 -  @Training * Acc@1 88.064 Acc@5 99.624 Loss 1.059
24-Jan-26 08:07:19 - One training epoch latency: 1.913e+03s | Avg Power: 187.8W | Energy: 359246.4540J
24-Jan-26 08:07:29 -  @Testing * Acc@1 86.510 Acc@5 99.490 Loss 1.739
24-Jan-26 08:07:29 - Best acc at epoch 38: 86.50999450683594
24-Jan-26 08:07:29 - Last learning rate: [3.90625e-06]
24-Jan-26 08:07:29 - 	 Epoch 39...
24-Jan-26 08:10:41 - Epoch: [39][ 4999/50000]	Time  0.038 ( 0.038)	Data  0.001 ( 0.001)	Loss 0.0000e+00 (9.1253e-01)	Acc@1 100.00 ( 89.52)	Acc@5 100.00 ( 99.74)
24-Jan-26 08:13:52 - Epoch: [39][ 9999/50000]	Time  0.057 ( 0.038)	Data  0.001 ( 0.001)	Loss 0.0000e+00 (8.5767e-01)	Acc@1 100.00 ( 89.79)	Acc@5 100.00 ( 99.77)
24-Jan-26 08:17:03 - Epoch: [39][14999/50000]	Time  0.038 ( 0.038)	Data  0.001 ( 0.001)	Loss 3.9927e-04 (8.8415e-01)	Acc@1 100.00 ( 89.74)	Acc@5 100.00 ( 99.77)
24-Jan-26 08:20:14 - Epoch: [39][19999/50000]	Time  0.038 ( 0.038)	Data  0.001 ( 0.001)	Loss 5.1260e-06 (8.7258e-01)	Acc@1 100.00 ( 89.73)	Acc@5 100.00 ( 99.74)
24-Jan-26 08:23:25 - Epoch: [39][24999/50000]	Time  0.037 ( 0.038)	Data  0.001 ( 0.001)	Loss 0.0000e+00 (8.8884e-01)	Acc@1 100.00 ( 89.61)	Acc@5 100.00 ( 99.73)
24-Jan-26 08:26:37 - Epoch: [39][29999/50000]	Time  0.037 ( 0.038)	Data  0.001 ( 0.001)	Loss 0.0000e+00 (8.8462e-01)	Acc@1 100.00 ( 89.67)	Acc@5 100.00 ( 99.73)
24-Jan-26 08:29:48 - Epoch: [39][34999/50000]	Time  0.037 ( 0.038)	Data  0.001 ( 0.001)	Loss 0.0000e+00 (8.7203e-01)	Acc@1 100.00 ( 89.77)	Acc@5 100.00 ( 99.74)
24-Jan-26 08:32:59 - Epoch: [39][39999/50000]	Time  0.061 ( 0.038)	Data  0.001 ( 0.001)	Loss 0.0000e+00 (8.8405e-01)	Acc@1 100.00 ( 89.60)	Acc@5 100.00 ( 99.73)
24-Jan-26 08:36:10 - Epoch: [39][44999/50000]	Time  0.037 ( 0.038)	Data  0.001 ( 0.001)	Loss 3.0356e-02 (8.8550e-01)	Acc@1 100.00 ( 89.57)	Acc@5 100.00 ( 99.72)
24-Jan-26 08:39:22 - Epoch: [39][49999/50000]	Time  0.036 ( 0.038)	Data  0.001 ( 0.001)	Loss 0.0000e+00 (8.8404e-01)	Acc@1 100.00 ( 89.58)	Acc@5 100.00 ( 99.72)
24-Jan-26 08:39:22 -  @Training * Acc@1 89.580 Acc@5 99.722 Loss 0.884
24-Jan-26 08:39:22 - One training epoch latency: 1.912e+03s | Avg Power: 187.9W | Energy: 359433.5707J
24-Jan-26 08:39:32 -  @Testing * Acc@1 87.500 Acc@5 99.580 Loss 1.571
24-Jan-26 08:39:32 - Best acc at epoch 39: 87.5
24-Jan-26 08:39:32 - Last learning rate: [3.90625e-06]
24-Jan-26 08:39:32 - 	 Epoch 40...
24-Jan-26 08:42:44 - Epoch: [40][ 4999/50000]	Time  0.037 ( 0.038)	Data  0.001 ( 0.001)	Loss 1.0729e-06 (7.6840e-01)	Acc@1 100.00 ( 90.54)	Acc@5 100.00 ( 99.82)
24-Jan-26 08:45:55 - Epoch: [40][ 9999/50000]	Time  0.039 ( 0.038)	Data  0.001 ( 0.001)	Loss 3.6511e+00 (8.5408e-01)	Acc@1   0.00 ( 90.05)	Acc@5 100.00 ( 99.79)
24-Jan-26 08:49:06 - Epoch: [40][14999/50000]	Time  0.038 ( 0.038)	Data  0.001 ( 0.001)	Loss 0.0000e+00 (8.5108e-01)	Acc@1 100.00 ( 90.26)	Acc@5 100.00 ( 99.75)
24-Jan-26 08:52:17 - Epoch: [40][19999/50000]	Time  0.037 ( 0.038)	Data  0.001 ( 0.001)	Loss 0.0000e+00 (8.5457e-01)	Acc@1 100.00 ( 90.22)	Acc@5 100.00 ( 99.74)
24-Jan-26 08:55:29 - Epoch: [40][24999/50000]	Time  0.037 ( 0.038)	Data  0.001 ( 0.001)	Loss 1.6689e-06 (8.5639e-01)	Acc@1 100.00 ( 90.13)	Acc@5 100.00 ( 99.73)
24-Jan-26 08:58:40 - Epoch: [40][29999/50000]	Time  0.037 ( 0.038)	Data  0.001 ( 0.001)	Loss 0.0000e+00 (8.5010e-01)	Acc@1 100.00 ( 90.15)	Acc@5 100.00 ( 99.73)
24-Jan-26 09:01:51 - Epoch: [40][34999/50000]	Time  0.061 ( 0.038)	Data  0.001 ( 0.001)	Loss 0.0000e+00 (8.4249e-01)	Acc@1 100.00 ( 90.17)	Acc@5 100.00 ( 99.74)
24-Jan-26 09:05:02 - Epoch: [40][39999/50000]	Time  0.038 ( 0.038)	Data  0.002 ( 0.001)	Loss 0.0000e+00 (8.5072e-01)	Acc@1 100.00 ( 90.13)	Acc@5 100.00 ( 99.74)
24-Jan-26 09:08:13 - Epoch: [40][44999/50000]	Time  0.037 ( 0.038)	Data  0.001 ( 0.001)	Loss 2.6752e+00 (8.5008e-01)	Acc@1   0.00 ( 90.11)	Acc@5 100.00 ( 99.74)
24-Jan-26 09:11:24 - Epoch: [40][49999/50000]	Time  0.036 ( 0.038)	Data  0.001 ( 0.001)	Loss 4.4539e-04 (8.5707e-01)	Acc@1 100.00 ( 90.04)	Acc@5 100.00 ( 99.74)
24-Jan-26 09:11:24 -  @Training * Acc@1 90.044 Acc@5 99.742 Loss 0.857
24-Jan-26 09:11:25 - One training epoch latency: 1.912e+03s | Avg Power: 188.0W | Energy: 359564.1798J
24-Jan-26 09:11:35 -  @Testing * Acc@1 87.130 Acc@5 99.480 Loss 1.655
24-Jan-26 09:11:35 - Best acc at epoch 40: 87.5
24-Jan-26 09:11:35 - Last learning rate: [3.90625e-06]
24-Jan-26 09:11:35 - 	 Epoch 41...
24-Jan-26 09:14:46 - Epoch: [41][ 4999/50000]	Time  0.038 ( 0.038)	Data  0.001 ( 0.001)	Loss 0.0000e+00 (8.3760e-01)	Acc@1 100.00 ( 90.20)	Acc@5 100.00 ( 99.68)
24-Jan-26 09:17:58 - Epoch: [41][ 9999/50000]	Time  0.038 ( 0.038)	Data  0.001 ( 0.001)	Loss 0.0000e+00 (8.0708e-01)	Acc@1 100.00 ( 90.51)	Acc@5 100.00 ( 99.71)
24-Jan-26 09:21:09 - Epoch: [41][14999/50000]	Time  0.037 ( 0.038)	Data  0.001 ( 0.001)	Loss 5.5311e-02 (8.2157e-01)	Acc@1 100.00 ( 90.38)	Acc@5 100.00 ( 99.73)
24-Jan-26 09:24:20 - Epoch: [41][19999/50000]	Time  0.037 ( 0.038)	Data  0.001 ( 0.001)	Loss 5.4835e-05 (8.3076e-01)	Acc@1 100.00 ( 90.49)	Acc@5 100.00 ( 99.71)
24-Jan-26 09:27:32 - Epoch: [41][24999/50000]	Time  0.038 ( 0.038)	Data  0.001 ( 0.001)	Loss 4.1842e-05 (8.4256e-01)	Acc@1 100.00 ( 90.33)	Acc@5 100.00 ( 99.70)
24-Jan-26 09:30:43 - Epoch: [41][29999/50000]	Time  0.038 ( 0.038)	Data  0.001 ( 0.001)	Loss 0.0000e+00 (8.4239e-01)	Acc@1 100.00 ( 90.40)	Acc@5 100.00 ( 99.70)
24-Jan-26 09:33:54 - Epoch: [41][34999/50000]	Time  0.037 ( 0.038)	Data  0.001 ( 0.001)	Loss 0.0000e+00 (8.3285e-01)	Acc@1 100.00 ( 90.49)	Acc@5 100.00 ( 99.70)
24-Jan-26 09:37:06 - Epoch: [41][39999/50000]	Time  0.037 ( 0.038)	Data  0.001 ( 0.001)	Loss 0.0000e+00 (8.3790e-01)	Acc@1 100.00 ( 90.41)	Acc@5 100.00 ( 99.70)
24-Jan-26 09:40:17 - Epoch: [41][44999/50000]	Time  0.037 ( 0.038)	Data  0.001 ( 0.001)	Loss 1.0848e-05 (8.4572e-01)	Acc@1 100.00 ( 90.36)	Acc@5 100.00 ( 99.68)
24-Jan-26 09:43:28 - Epoch: [41][49999/50000]	Time  0.037 ( 0.038)	Data  0.001 ( 0.001)	Loss 0.0000e+00 (8.4385e-01)	Acc@1 100.00 ( 90.34)	Acc@5 100.00 ( 99.69)
24-Jan-26 09:43:28 -  @Training * Acc@1 90.340 Acc@5 99.694 Loss 0.844
24-Jan-26 09:43:28 - One training epoch latency: 1.913e+03s | Avg Power: 187.9W | Energy: 359527.9935J
24-Jan-26 09:43:39 -  @Testing * Acc@1 87.130 Acc@5 99.490 Loss 1.625
24-Jan-26 09:43:39 - Best acc at epoch 41: 87.5
24-Jan-26 09:43:39 - Last learning rate: [3.90625e-06]
24-Jan-26 09:43:39 - 	 Epoch 42...
24-Jan-26 09:46:49 - Epoch: [42][ 4999/50000]	Time  0.037 ( 0.038)	Data  0.001 ( 0.001)	Loss 0.0000e+00 (7.9950e-01)	Acc@1 100.00 ( 90.50)	Acc@5 100.00 ( 99.70)
24-Jan-26 09:50:00 - Epoch: [42][ 9999/50000]	Time  0.037 ( 0.038)	Data  0.001 ( 0.001)	Loss 0.0000e+00 (7.9018e-01)	Acc@1 100.00 ( 90.75)	Acc@5 100.00 ( 99.73)
24-Jan-26 09:53:11 - Epoch: [42][14999/50000]	Time  0.037 ( 0.038)	Data  0.001 ( 0.001)	Loss 1.4030e-04 (7.9027e-01)	Acc@1 100.00 ( 90.96)	Acc@5 100.00 ( 99.73)
24-Jan-26 09:56:22 - Epoch: [42][19999/50000]	Time  0.036 ( 0.038)	Data  0.001 ( 0.001)	Loss 0.0000e+00 (7.8102e-01)	Acc@1 100.00 ( 90.82)	Acc@5 100.00 ( 99.76)
24-Jan-26 09:59:32 - Epoch: [42][24999/50000]	Time  0.037 ( 0.038)	Data  0.001 ( 0.001)	Loss 0.0000e+00 (8.0639e-01)	Acc@1 100.00 ( 90.69)	Acc@5 100.00 ( 99.74)
24-Jan-26 10:02:43 - Epoch: [42][29999/50000]	Time  0.037 ( 0.038)	Data  0.001 ( 0.001)	Loss 0.0000e+00 (8.1910e-01)	Acc@1 100.00 ( 90.58)	Acc@5 100.00 ( 99.76)
24-Jan-26 10:05:53 - Epoch: [42][34999/50000]	Time  0.036 ( 0.038)	Data  0.001 ( 0.001)	Loss 1.9600e+01 (8.1920e-01)	Acc@1   0.00 ( 90.57)	Acc@5 100.00 ( 99.75)
24-Jan-26 10:09:04 - Epoch: [42][39999/50000]	Time  0.037 ( 0.038)	Data  0.001 ( 0.001)	Loss 3.0203e-04 (8.3364e-01)	Acc@1 100.00 ( 90.53)	Acc@5 100.00 ( 99.75)
24-Jan-26 10:12:14 - Epoch: [42][44999/50000]	Time  0.037 ( 0.038)	Data  0.001 ( 0.001)	Loss 6.1492e-01 (8.3527e-01)	Acc@1 100.00 ( 90.51)	Acc@5 100.00 ( 99.74)
24-Jan-26 10:15:25 - Epoch: [42][49999/50000]	Time  0.036 ( 0.038)	Data  0.001 ( 0.001)	Loss 0.0000e+00 (8.3454e-01)	Acc@1 100.00 ( 90.48)	Acc@5 100.00 ( 99.74)
24-Jan-26 10:15:25 -  @Training * Acc@1 90.476 Acc@5 99.742 Loss 0.835
24-Jan-26 10:15:25 - One training epoch latency: 1.907e+03s | Avg Power: 188.3W | Energy: 358960.9321J
24-Jan-26 10:15:36 -  @Testing * Acc@1 87.320 Acc@5 99.590 Loss 1.653
24-Jan-26 10:15:36 - Best acc at epoch 42: 87.5
24-Jan-26 10:15:36 - Last learning rate: [3.90625e-06]
24-Jan-26 10:15:36 - 	 Epoch 43...
24-Jan-26 10:18:47 - Epoch: [43][ 4999/50000]	Time  0.037 ( 0.038)	Data  0.001 ( 0.001)	Loss 0.0000e+00 (8.2557e-01)	Acc@1 100.00 ( 90.64)	Acc@5 100.00 ( 99.78)
24-Jan-26 10:21:58 - Epoch: [43][ 9999/50000]	Time  0.037 ( 0.038)	Data  0.001 ( 0.001)	Loss 0.0000e+00 (7.9856e-01)	Acc@1 100.00 ( 90.67)	Acc@5 100.00 ( 99.78)
24-Jan-26 10:25:09 - Epoch: [43][14999/50000]	Time  0.037 ( 0.038)	Data  0.001 ( 0.001)	Loss 0.0000e+00 (7.8421e-01)	Acc@1 100.00 ( 90.71)	Acc@5 100.00 ( 99.79)
24-Jan-26 10:28:20 - Epoch: [43][19999/50000]	Time  0.039 ( 0.038)	Data  0.001 ( 0.001)	Loss 0.0000e+00 (7.7304e-01)	Acc@1 100.00 ( 90.81)	Acc@5 100.00 ( 99.80)
24-Jan-26 10:31:31 - Epoch: [43][24999/50000]	Time  0.037 ( 0.038)	Data  0.001 ( 0.001)	Loss 0.0000e+00 (7.7890e-01)	Acc@1 100.00 ( 90.81)	Acc@5 100.00 ( 99.78)
24-Jan-26 10:34:42 - Epoch: [43][29999/50000]	Time  0.037 ( 0.038)	Data  0.001 ( 0.001)	Loss 0.0000e+00 (7.8604e-01)	Acc@1 100.00 ( 90.78)	Acc@5 100.00 ( 99.77)
24-Jan-26 10:37:53 - Epoch: [43][34999/50000]	Time  0.039 ( 0.038)	Data  0.001 ( 0.001)	Loss 0.0000e+00 (7.9174e-01)	Acc@1 100.00 ( 90.69)	Acc@5 100.00 ( 99.77)
24-Jan-26 10:41:04 - Epoch: [43][39999/50000]	Time  0.053 ( 0.038)	Data  0.001 ( 0.001)	Loss 0.0000e+00 (8.0088e-01)	Acc@1 100.00 ( 90.62)	Acc@5 100.00 ( 99.76)
24-Jan-26 10:44:15 - Epoch: [43][44999/50000]	Time  0.037 ( 0.038)	Data  0.001 ( 0.001)	Loss 1.1921e-07 (8.0341e-01)	Acc@1 100.00 ( 90.62)	Acc@5 100.00 ( 99.77)
24-Jan-26 10:47:26 - Epoch: [43][49999/50000]	Time  0.036 ( 0.038)	Data  0.001 ( 0.001)	Loss 0.0000e+00 (8.0830e-01)	Acc@1 100.00 ( 90.57)	Acc@5 100.00 ( 99.76)
24-Jan-26 10:47:26 -  @Training * Acc@1 90.574 Acc@5 99.764 Loss 0.808
24-Jan-26 10:47:26 - One training epoch latency: 1.911e+03s | Avg Power: 188.0W | Energy: 359103.9114J
24-Jan-26 10:47:36 -  @Testing * Acc@1 87.770 Acc@5 99.550 Loss 1.610
24-Jan-26 10:47:36 - Best acc at epoch 43: 87.7699966430664
24-Jan-26 10:47:37 - Last learning rate: [3.90625e-06]
24-Jan-26 10:47:37 - 	 Epoch 44...
24-Jan-26 10:50:48 - Epoch: [44][ 4999/50000]	Time  0.038 ( 0.038)	Data  0.001 ( 0.001)	Loss 0.0000e+00 (7.7789e-01)	Acc@1 100.00 ( 90.98)	Acc@5 100.00 ( 99.76)
24-Jan-26 10:53:59 - Epoch: [44][ 9999/50000]	Time  0.037 ( 0.038)	Data  0.001 ( 0.001)	Loss 0.0000e+00 (7.8689e-01)	Acc@1 100.00 ( 90.85)	Acc@5 100.00 ( 99.72)
24-Jan-26 10:57:10 - Epoch: [44][14999/50000]	Time  0.039 ( 0.038)	Data  0.001 ( 0.001)	Loss 0.0000e+00 (7.8463e-01)	Acc@1 100.00 ( 90.77)	Acc@5 100.00 ( 99.73)
24-Jan-26 11:00:21 - Epoch: [44][19999/50000]	Time  0.037 ( 0.038)	Data  0.001 ( 0.001)	Loss 0.0000e+00 (7.8946e-01)	Acc@1 100.00 ( 90.81)	Acc@5 100.00 ( 99.74)
24-Jan-26 11:03:32 - Epoch: [44][24999/50000]	Time  0.037 ( 0.038)	Data  0.001 ( 0.001)	Loss 0.0000e+00 (7.8019e-01)	Acc@1 100.00 ( 90.80)	Acc@5 100.00 ( 99.77)
24-Jan-26 11:06:43 - Epoch: [44][29999/50000]	Time  0.037 ( 0.038)	Data  0.001 ( 0.001)	Loss 0.0000e+00 (7.8862e-01)	Acc@1 100.00 ( 90.78)	Acc@5 100.00 ( 99.75)
24-Jan-26 11:09:54 - Epoch: [44][34999/50000]	Time  0.038 ( 0.038)	Data  0.001 ( 0.001)	Loss 1.6940e+01 (7.9474e-01)	Acc@1   0.00 ( 90.73)	Acc@5 100.00 ( 99.76)
24-Jan-26 11:13:05 - Epoch: [44][39999/50000]	Time  0.037 ( 0.038)	Data  0.001 ( 0.001)	Loss 0.0000e+00 (7.8860e-01)	Acc@1 100.00 ( 90.72)	Acc@5 100.00 ( 99.77)
24-Jan-26 11:16:16 - Epoch: [44][44999/50000]	Time  0.037 ( 0.038)	Data  0.001 ( 0.001)	Loss 0.0000e+00 (7.9182e-01)	Acc@1 100.00 ( 90.74)	Acc@5 100.00 ( 99.78)
24-Jan-26 11:19:26 - Epoch: [44][49999/50000]	Time  0.036 ( 0.038)	Data  0.001 ( 0.001)	Loss 1.1799e+01 (7.9536e-01)	Acc@1   0.00 ( 90.69)	Acc@5 100.00 ( 99.78)
24-Jan-26 11:19:27 -  @Training * Acc@1 90.688 Acc@5 99.780 Loss 0.795
24-Jan-26 11:19:27 - One training epoch latency: 1.91e+03s | Avg Power: 188.0W | Energy: 359109.7877J
24-Jan-26 11:19:37 -  @Testing * Acc@1 87.220 Acc@5 99.600 Loss 1.656
24-Jan-26 11:19:37 - Best acc at epoch 44: 87.7699966430664
24-Jan-26 11:19:37 - Last learning rate: [3.90625e-06]
24-Jan-26 11:19:37 - 	 Epoch 45...
24-Jan-26 11:22:48 - Epoch: [45][ 4999/50000]	Time  0.039 ( 0.038)	Data  0.001 ( 0.001)	Loss 0.0000e+00 (7.2576e-01)	Acc@1 100.00 ( 91.38)	Acc@5 100.00 ( 99.78)
24-Jan-26 11:26:00 - Epoch: [45][ 9999/50000]	Time  0.038 ( 0.038)	Data  0.001 ( 0.001)	Loss 0.0000e+00 (7.6282e-01)	Acc@1 100.00 ( 91.32)	Acc@5 100.00 ( 99.78)
24-Jan-26 11:29:11 - Epoch: [45][14999/50000]	Time  0.038 ( 0.038)	Data  0.001 ( 0.001)	Loss 0.0000e+00 (7.6219e-01)	Acc@1 100.00 ( 91.23)	Acc@5 100.00 ( 99.77)
24-Jan-26 11:32:22 - Epoch: [45][19999/50000]	Time  0.037 ( 0.038)	Data  0.001 ( 0.001)	Loss 0.0000e+00 (7.6603e-01)	Acc@1 100.00 ( 91.15)	Acc@5 100.00 ( 99.78)
24-Jan-26 11:35:34 - Epoch: [45][24999/50000]	Time  0.038 ( 0.038)	Data  0.001 ( 0.001)	Loss 0.0000e+00 (7.6853e-01)	Acc@1 100.00 ( 91.06)	Acc@5 100.00 ( 99.79)
24-Jan-26 11:38:45 - Epoch: [45][29999/50000]	Time  0.037 ( 0.038)	Data  0.001 ( 0.001)	Loss 9.5367e-07 (7.7149e-01)	Acc@1 100.00 ( 91.06)	Acc@5 100.00 ( 99.78)
24-Jan-26 11:41:57 - Epoch: [45][34999/50000]	Time  0.036 ( 0.038)	Data  0.001 ( 0.001)	Loss 0.0000e+00 (7.7877e-01)	Acc@1 100.00 ( 90.97)	Acc@5 100.00 ( 99.80)
24-Jan-26 11:45:08 - Epoch: [45][39999/50000]	Time  0.037 ( 0.038)	Data  0.001 ( 0.001)	Loss 0.0000e+00 (7.8501e-01)	Acc@1 100.00 ( 90.92)	Acc@5 100.00 ( 99.79)
24-Jan-26 11:48:19 - Epoch: [45][44999/50000]	Time  0.037 ( 0.038)	Data  0.001 ( 0.001)	Loss 0.0000e+00 (7.8244e-01)	Acc@1 100.00 ( 90.92)	Acc@5 100.00 ( 99.78)
24-Jan-26 11:51:30 - Epoch: [45][49999/50000]	Time  0.036 ( 0.038)	Data  0.001 ( 0.001)	Loss 5.6028e-06 (7.8709e-01)	Acc@1 100.00 ( 90.89)	Acc@5 100.00 ( 99.78)
24-Jan-26 11:51:30 -  @Training * Acc@1 90.892 Acc@5 99.780 Loss 0.787
24-Jan-26 11:51:31 - One training epoch latency: 1.914e+03s | Avg Power: 188.0W | Energy: 359754.0798J
24-Jan-26 11:51:41 -  @Testing * Acc@1 87.510 Acc@5 99.600 Loss 1.640
24-Jan-26 11:51:41 - Best acc at epoch 45: 87.7699966430664
24-Jan-26 11:51:41 - Last learning rate: [1.953125e-06]
24-Jan-26 11:51:41 - 	 Epoch 46...
24-Jan-26 11:54:52 - Epoch: [46][ 4999/50000]	Time  0.037 ( 0.038)	Data  0.001 ( 0.001)	Loss 0.0000e+00 (7.1440e-01)	Acc@1 100.00 ( 91.62)	Acc@5 100.00 ( 99.80)
24-Jan-26 11:58:03 - Epoch: [46][ 9999/50000]	Time  0.037 ( 0.038)	Data  0.001 ( 0.001)	Loss 2.0892e+01 (7.0789e-01)	Acc@1   0.00 ( 91.84)	Acc@5 100.00 ( 99.77)
24-Jan-26 12:01:14 - Epoch: [46][14999/50000]	Time  0.037 ( 0.038)	Data  0.001 ( 0.001)	Loss 0.0000e+00 (7.0138e-01)	Acc@1 100.00 ( 91.80)	Acc@5 100.00 ( 99.78)
24-Jan-26 12:04:25 - Epoch: [46][19999/50000]	Time  0.037 ( 0.038)	Data  0.001 ( 0.001)	Loss 1.8830e+00 (7.0842e-01)	Acc@1   0.00 ( 91.70)	Acc@5 100.00 ( 99.75)
24-Jan-26 12:07:36 - Epoch: [46][24999/50000]	Time  0.037 ( 0.038)	Data  0.001 ( 0.001)	Loss 0.0000e+00 (7.1018e-01)	Acc@1 100.00 ( 91.60)	Acc@5 100.00 ( 99.76)
24-Jan-26 12:10:47 - Epoch: [46][29999/50000]	Time  0.036 ( 0.038)	Data  0.001 ( 0.001)	Loss 0.0000e+00 (7.1760e-01)	Acc@1 100.00 ( 91.55)	Acc@5 100.00 ( 99.77)
24-Jan-26 12:13:59 - Epoch: [46][34999/50000]	Time  0.037 ( 0.038)	Data  0.001 ( 0.001)	Loss 7.1526e-07 (7.2375e-01)	Acc@1 100.00 ( 91.54)	Acc@5 100.00 ( 99.77)
24-Jan-26 12:17:10 - Epoch: [46][39999/50000]	Time  0.037 ( 0.038)	Data  0.001 ( 0.001)	Loss 0.0000e+00 (7.2886e-01)	Acc@1 100.00 ( 91.56)	Acc@5 100.00 ( 99.77)
24-Jan-26 12:20:21 - Epoch: [46][44999/50000]	Time  0.037 ( 0.038)	Data  0.001 ( 0.001)	Loss 0.0000e+00 (7.2398e-01)	Acc@1 100.00 ( 91.58)	Acc@5 100.00 ( 99.78)
24-Jan-26 12:23:32 - Epoch: [46][49999/50000]	Time  0.037 ( 0.038)	Data  0.001 ( 0.001)	Loss 0.0000e+00 (7.2468e-01)	Acc@1 100.00 ( 91.60)	Acc@5 100.00 ( 99.78)
24-Jan-26 12:23:32 -  @Training * Acc@1 91.598 Acc@5 99.780 Loss 0.725
24-Jan-26 12:23:32 - One training epoch latency: 1.911e+03s | Avg Power: 188.2W | Energy: 359617.7509J
24-Jan-26 12:23:42 -  @Testing * Acc@1 87.710 Acc@5 99.530 Loss 1.642
24-Jan-26 12:23:42 - Best acc at epoch 46: 87.7699966430664
24-Jan-26 12:23:42 - Last learning rate: [1.953125e-06]
24-Jan-26 12:23:42 - 	 Epoch 47...
24-Jan-26 12:26:53 - Epoch: [47][ 4999/50000]	Time  0.037 ( 0.038)	Data  0.001 ( 0.001)	Loss 0.0000e+00 (6.7423e-01)	Acc@1 100.00 ( 92.24)	Acc@5 100.00 ( 99.90)
24-Jan-26 12:30:04 - Epoch: [47][ 9999/50000]	Time  0.037 ( 0.038)	Data  0.001 ( 0.001)	Loss 0.0000e+00 (6.5708e-01)	Acc@1 100.00 ( 92.17)	Acc@5 100.00 ( 99.87)
24-Jan-26 12:33:15 - Epoch: [47][14999/50000]	Time  0.037 ( 0.038)	Data  0.001 ( 0.001)	Loss 0.0000e+00 (6.3611e-01)	Acc@1 100.00 ( 92.37)	Acc@5 100.00 ( 99.86)
24-Jan-26 12:36:26 - Epoch: [47][19999/50000]	Time  0.036 ( 0.038)	Data  0.001 ( 0.001)	Loss 0.0000e+00 (6.6779e-01)	Acc@1 100.00 ( 92.16)	Acc@5 100.00 ( 99.83)
24-Jan-26 12:39:37 - Epoch: [47][24999/50000]	Time  0.037 ( 0.038)	Data  0.001 ( 0.001)	Loss 0.0000e+00 (6.6915e-01)	Acc@1 100.00 ( 92.09)	Acc@5 100.00 ( 99.84)
24-Jan-26 12:42:49 - Epoch: [47][29999/50000]	Time  0.037 ( 0.038)	Data  0.001 ( 0.001)	Loss 0.0000e+00 (6.8165e-01)	Acc@1 100.00 ( 92.01)	Acc@5 100.00 ( 99.82)
24-Jan-26 12:46:00 - Epoch: [47][34999/50000]	Time  0.037 ( 0.038)	Data  0.001 ( 0.001)	Loss 0.0000e+00 (6.8438e-01)	Acc@1 100.00 ( 91.95)	Acc@5 100.00 ( 99.82)
24-Jan-26 12:49:11 - Epoch: [47][39999/50000]	Time  0.037 ( 0.038)	Data  0.001 ( 0.001)	Loss 0.0000e+00 (6.9230e-01)	Acc@1 100.00 ( 91.88)	Acc@5 100.00 ( 99.82)
24-Jan-26 12:52:22 - Epoch: [47][44999/50000]	Time  0.037 ( 0.038)	Data  0.001 ( 0.001)	Loss 0.0000e+00 (6.8801e-01)	Acc@1 100.00 ( 91.91)	Acc@5 100.00 ( 99.83)
24-Jan-26 12:55:32 - Epoch: [47][49999/50000]	Time  0.037 ( 0.038)	Data  0.001 ( 0.001)	Loss 1.0613e+01 (6.8678e-01)	Acc@1   0.00 ( 91.91)	Acc@5 100.00 ( 99.83)
24-Jan-26 12:55:33 -  @Training * Acc@1 91.910 Acc@5 99.826 Loss 0.687
24-Jan-26 12:55:33 - One training epoch latency: 1.91e+03s | Avg Power: 188.2W | Energy: 359583.2232J
24-Jan-26 12:55:43 -  @Testing * Acc@1 87.710 Acc@5 99.530 Loss 1.654
24-Jan-26 12:55:43 - Best acc at epoch 47: 87.7699966430664
24-Jan-26 12:55:43 - Last learning rate: [1.953125e-06]
24-Jan-26 12:55:43 - 	 Epoch 48...
24-Jan-26 12:58:54 - Epoch: [48][ 4999/50000]	Time  0.039 ( 0.038)	Data  0.001 ( 0.001)	Loss 0.0000e+00 (6.8886e-01)	Acc@1 100.00 ( 91.94)	Acc@5 100.00 ( 99.84)
24-Jan-26 13:02:05 - Epoch: [48][ 9999/50000]	Time  0.037 ( 0.038)	Data  0.001 ( 0.001)	Loss 0.0000e+00 (6.6271e-01)	Acc@1 100.00 ( 92.10)	Acc@5 100.00 ( 99.85)
24-Jan-26 13:05:16 - Epoch: [48][14999/50000]	Time  0.037 ( 0.038)	Data  0.001 ( 0.001)	Loss 0.0000e+00 (6.4508e-01)	Acc@1 100.00 ( 92.24)	Acc@5 100.00 ( 99.85)
24-Jan-26 13:08:27 - Epoch: [48][19999/50000]	Time  0.037 ( 0.038)	Data  0.001 ( 0.001)	Loss 0.0000e+00 (6.5794e-01)	Acc@1 100.00 ( 92.10)	Acc@5 100.00 ( 99.81)
24-Jan-26 13:11:38 - Epoch: [48][24999/50000]	Time  0.039 ( 0.038)	Data  0.001 ( 0.001)	Loss 1.3387e+00 (6.6760e-01)	Acc@1   0.00 ( 91.96)	Acc@5 100.00 ( 99.82)
24-Jan-26 13:14:49 - Epoch: [48][29999/50000]	Time  0.038 ( 0.038)	Data  0.001 ( 0.001)	Loss 1.1921e-07 (6.6303e-01)	Acc@1 100.00 ( 92.03)	Acc@5 100.00 ( 99.81)
24-Jan-26 13:18:00 - Epoch: [48][34999/50000]	Time  0.037 ( 0.038)	Data  0.001 ( 0.001)	Loss 0.0000e+00 (6.6289e-01)	Acc@1 100.00 ( 92.01)	Acc@5 100.00 ( 99.82)
24-Jan-26 13:21:11 - Epoch: [48][39999/50000]	Time  0.037 ( 0.038)	Data  0.001 ( 0.001)	Loss 0.0000e+00 (6.6768e-01)	Acc@1 100.00 ( 91.92)	Acc@5 100.00 ( 99.81)
24-Jan-26 13:24:22 - Epoch: [48][44999/50000]	Time  0.038 ( 0.038)	Data  0.001 ( 0.001)	Loss 0.0000e+00 (6.6715e-01)	Acc@1 100.00 ( 91.93)	Acc@5 100.00 ( 99.81)
24-Jan-26 13:27:34 - Epoch: [48][49999/50000]	Time  0.036 ( 0.038)	Data  0.001 ( 0.001)	Loss 0.0000e+00 (6.7109e-01)	Acc@1 100.00 ( 91.91)	Acc@5 100.00 ( 99.80)
24-Jan-26 13:27:34 -  @Training * Acc@1 91.908 Acc@5 99.796 Loss 0.671
24-Jan-26 13:27:34 - One training epoch latency: 1.911e+03s | Avg Power: 188.2W | Energy: 359659.5285J
24-Jan-26 13:27:44 -  @Testing * Acc@1 88.280 Acc@5 99.520 Loss 1.582
24-Jan-26 13:27:44 - Best acc at epoch 48: 88.27999877929688
24-Jan-26 13:27:44 - Last learning rate: [1.953125e-06]
24-Jan-26 13:27:44 - 	 Epoch 49...
24-Jan-26 13:30:56 - Epoch: [49][ 4999/50000]	Time  0.037 ( 0.038)	Data  0.001 ( 0.001)	Loss 0.0000e+00 (6.4135e-01)	Acc@1 100.00 ( 92.32)	Acc@5 100.00 ( 99.80)
24-Jan-26 13:34:07 - Epoch: [49][ 9999/50000]	Time  0.037 ( 0.038)	Data  0.001 ( 0.001)	Loss 0.0000e+00 (6.4010e-01)	Acc@1 100.00 ( 92.25)	Acc@5 100.00 ( 99.80)
24-Jan-26 13:37:19 - Epoch: [49][14999/50000]	Time  0.037 ( 0.038)	Data  0.001 ( 0.001)	Loss 0.0000e+00 (6.6834e-01)	Acc@1 100.00 ( 92.08)	Acc@5 100.00 ( 99.80)
24-Jan-26 13:40:30 - Epoch: [49][19999/50000]	Time  0.037 ( 0.038)	Data  0.001 ( 0.001)	Loss 0.0000e+00 (6.6829e-01)	Acc@1 100.00 ( 92.07)	Acc@5 100.00 ( 99.81)
24-Jan-26 13:43:42 - Epoch: [49][24999/50000]	Time  0.037 ( 0.038)	Data  0.001 ( 0.001)	Loss 0.0000e+00 (6.6505e-01)	Acc@1 100.00 ( 92.12)	Acc@5 100.00 ( 99.82)
24-Jan-26 13:46:53 - Epoch: [49][29999/50000]	Time  0.037 ( 0.038)	Data  0.001 ( 0.001)	Loss 0.0000e+00 (6.6487e-01)	Acc@1 100.00 ( 92.14)	Acc@5 100.00 ( 99.83)
24-Jan-26 13:50:05 - Epoch: [49][34999/50000]	Time  0.037 ( 0.038)	Data  0.001 ( 0.001)	Loss 0.0000e+00 (6.6486e-01)	Acc@1 100.00 ( 92.14)	Acc@5 100.00 ( 99.84)
24-Jan-26 13:53:16 - Epoch: [49][39999/50000]	Time  0.039 ( 0.038)	Data  0.001 ( 0.001)	Loss 1.0729e-06 (6.6208e-01)	Acc@1 100.00 ( 92.15)	Acc@5 100.00 ( 99.85)
24-Jan-26 13:56:27 - Epoch: [49][44999/50000]	Time  0.037 ( 0.038)	Data  0.001 ( 0.001)	Loss 1.1921e-07 (6.6099e-01)	Acc@1 100.00 ( 92.14)	Acc@5 100.00 ( 99.86)
24-Jan-26 13:59:39 - Epoch: [49][49999/50000]	Time  0.037 ( 0.038)	Data  0.001 ( 0.001)	Loss 0.0000e+00 (6.6119e-01)	Acc@1 100.00 ( 92.09)	Acc@5 100.00 ( 99.86)
24-Jan-26 13:59:39 -  @Training * Acc@1 92.094 Acc@5 99.856 Loss 0.661
24-Jan-26 13:59:39 - One training epoch latency: 1.915e+03s | Avg Power: 188.0W | Energy: 359909.3186J
24-Jan-26 13:59:49 -  @Testing * Acc@1 87.980 Acc@5 99.540 Loss 1.610
24-Jan-26 13:59:49 - Best acc at epoch 49: 88.27999877929688
24-Jan-26 13:59:49 - Last learning rate: [1.953125e-06]
24-Jan-26 13:59:49 - 	 Epoch 50...
24-Jan-26 14:03:00 - Epoch: [50][ 4999/50000]	Time  0.038 ( 0.038)	Data  0.001 ( 0.001)	Loss 0.0000e+00 (6.3151e-01)	Acc@1 100.00 ( 92.42)	Acc@5 100.00 ( 99.80)
24-Jan-26 14:06:11 - Epoch: [50][ 9999/50000]	Time  0.038 ( 0.038)	Data  0.001 ( 0.001)	Loss 0.0000e+00 (6.7347e-01)	Acc@1 100.00 ( 92.06)	Acc@5 100.00 ( 99.82)
24-Jan-26 14:09:22 - Epoch: [50][14999/50000]	Time  0.038 ( 0.038)	Data  0.001 ( 0.001)	Loss 0.0000e+00 (6.8138e-01)	Acc@1 100.00 ( 91.90)	Acc@5 100.00 ( 99.84)
24-Jan-26 14:12:34 - Epoch: [50][19999/50000]	Time  0.037 ( 0.038)	Data  0.001 ( 0.001)	Loss 0.0000e+00 (6.6350e-01)	Acc@1 100.00 ( 92.11)	Acc@5 100.00 ( 99.85)
24-Jan-26 14:15:44 - Epoch: [50][24999/50000]	Time  0.037 ( 0.038)	Data  0.001 ( 0.001)	Loss 4.5057e-03 (6.5172e-01)	Acc@1 100.00 ( 92.22)	Acc@5 100.00 ( 99.86)
24-Jan-26 14:18:55 - Epoch: [50][29999/50000]	Time  0.037 ( 0.038)	Data  0.001 ( 0.001)	Loss 2.0172e-02 (6.6254e-01)	Acc@1 100.00 ( 92.09)	Acc@5 100.00 ( 99.86)
24-Jan-26 14:22:06 - Epoch: [50][34999/50000]	Time  0.037 ( 0.038)	Data  0.001 ( 0.001)	Loss 0.0000e+00 (6.6203e-01)	Acc@1 100.00 ( 92.08)	Acc@5 100.00 ( 99.86)
24-Jan-26 14:25:17 - Epoch: [50][39999/50000]	Time  0.037 ( 0.038)	Data  0.001 ( 0.001)	Loss 0.0000e+00 (6.5588e-01)	Acc@1 100.00 ( 92.11)	Acc@5 100.00 ( 99.86)
24-Jan-26 14:28:28 - Epoch: [50][44999/50000]	Time  0.037 ( 0.038)	Data  0.001 ( 0.001)	Loss 0.0000e+00 (6.5230e-01)	Acc@1 100.00 ( 92.10)	Acc@5 100.00 ( 99.86)
24-Jan-26 14:31:39 - Epoch: [50][49999/50000]	Time  0.036 ( 0.038)	Data  0.001 ( 0.001)	Loss 0.0000e+00 (6.6052e-01)	Acc@1 100.00 ( 92.04)	Acc@5 100.00 ( 99.86)
24-Jan-26 14:31:39 -  @Training * Acc@1 92.040 Acc@5 99.856 Loss 0.661
24-Jan-26 14:31:39 - One training epoch latency: 1.91e+03s | Avg Power: 188.2W | Energy: 359463.4215J
24-Jan-26 14:31:50 -  @Testing * Acc@1 87.970 Acc@5 99.570 Loss 1.609
24-Jan-26 14:31:50 - Best acc at epoch 50: 88.27999877929688
24-Jan-26 14:31:50 - Last learning rate: [1.953125e-06]
24-Jan-26 14:31:50 - 	 Epoch 51...
24-Jan-26 14:35:01 - Epoch: [51][ 4999/50000]	Time  0.037 ( 0.038)	Data  0.001 ( 0.001)	Loss 0.0000e+00 (6.1915e-01)	Acc@1 100.00 ( 92.18)	Acc@5 100.00 ( 99.88)
24-Jan-26 14:38:12 - Epoch: [51][ 9999/50000]	Time  0.037 ( 0.038)	Data  0.001 ( 0.001)	Loss 0.0000e+00 (6.3787e-01)	Acc@1 100.00 ( 92.35)	Acc@5 100.00 ( 99.82)
24-Jan-26 14:41:23 - Epoch: [51][14999/50000]	Time  0.037 ( 0.038)	Data  0.001 ( 0.001)	Loss 0.0000e+00 (6.7419e-01)	Acc@1 100.00 ( 92.17)	Acc@5 100.00 ( 99.83)
24-Jan-26 14:44:35 - Epoch: [51][19999/50000]	Time  0.037 ( 0.038)	Data  0.001 ( 0.001)	Loss 0.0000e+00 (6.7517e-01)	Acc@1 100.00 ( 92.06)	Acc@5 100.00 ( 99.82)
24-Jan-26 14:47:47 - Epoch: [51][24999/50000]	Time  0.062 ( 0.038)	Data  0.001 ( 0.001)	Loss 0.0000e+00 (6.6632e-01)	Acc@1 100.00 ( 92.09)	Acc@5 100.00 ( 99.81)
24-Jan-26 14:50:58 - Epoch: [51][29999/50000]	Time  0.037 ( 0.038)	Data  0.001 ( 0.001)	Loss 0.0000e+00 (6.6266e-01)	Acc@1 100.00 ( 92.13)	Acc@5 100.00 ( 99.83)
24-Jan-26 14:54:09 - Epoch: [51][34999/50000]	Time  0.038 ( 0.038)	Data  0.001 ( 0.001)	Loss 0.0000e+00 (6.6080e-01)	Acc@1 100.00 ( 92.15)	Acc@5 100.00 ( 99.82)
24-Jan-26 14:57:21 - Epoch: [51][39999/50000]	Time  0.037 ( 0.038)	Data  0.001 ( 0.001)	Loss 0.0000e+00 (6.6658e-01)	Acc@1 100.00 ( 92.11)	Acc@5 100.00 ( 99.81)
24-Jan-26 15:00:32 - Epoch: [51][44999/50000]	Time  0.037 ( 0.038)	Data  0.001 ( 0.001)	Loss 0.0000e+00 (6.6540e-01)	Acc@1 100.00 ( 92.10)	Acc@5 100.00 ( 99.82)
24-Jan-26 15:03:43 - Epoch: [51][49999/50000]	Time  0.036 ( 0.038)	Data  0.001 ( 0.001)	Loss 0.0000e+00 (6.6830e-01)	Acc@1 100.00 ( 92.08)	Acc@5 100.00 ( 99.82)
24-Jan-26 15:03:43 -  @Training * Acc@1 92.082 Acc@5 99.818 Loss 0.668
24-Jan-26 15:03:43 - One training epoch latency: 1.913e+03s | Avg Power: 188.0W | Energy: 359710.8667J
24-Jan-26 15:03:53 -  @Testing * Acc@1 88.290 Acc@5 99.560 Loss 1.609
24-Jan-26 15:03:53 - Best acc at epoch 51: 88.29000091552734
24-Jan-26 15:03:54 - Last learning rate: [9.765625e-07]
24-Jan-26 15:03:54 - 	 Epoch 52...
24-Jan-26 15:07:05 - Epoch: [52][ 4999/50000]	Time  0.038 ( 0.038)	Data  0.001 ( 0.001)	Loss 0.0000e+00 (6.1224e-01)	Acc@1 100.00 ( 92.56)	Acc@5 100.00 ( 99.84)
24-Jan-26 15:10:16 - Epoch: [52][ 9999/50000]	Time  0.037 ( 0.038)	Data  0.001 ( 0.001)	Loss 4.4822e-05 (6.5372e-01)	Acc@1 100.00 ( 92.30)	Acc@5 100.00 ( 99.79)
24-Jan-26 15:13:27 - Epoch: [52][14999/50000]	Time  0.038 ( 0.038)	Data  0.001 ( 0.001)	Loss 0.0000e+00 (6.3428e-01)	Acc@1 100.00 ( 92.53)	Acc@5 100.00 ( 99.77)
24-Jan-26 15:16:38 - Epoch: [52][19999/50000]	Time  0.043 ( 0.038)	Data  0.001 ( 0.001)	Loss 0.0000e+00 (6.3554e-01)	Acc@1 100.00 ( 92.58)	Acc@5 100.00 ( 99.78)
24-Jan-26 15:19:49 - Epoch: [52][24999/50000]	Time  0.037 ( 0.038)	Data  0.001 ( 0.001)	Loss 0.0000e+00 (6.3265e-01)	Acc@1 100.00 ( 92.55)	Acc@5 100.00 ( 99.78)
24-Jan-26 15:23:00 - Epoch: [52][29999/50000]	Time  0.038 ( 0.038)	Data  0.001 ( 0.001)	Loss 0.0000e+00 (6.4209e-01)	Acc@1 100.00 ( 92.44)	Acc@5 100.00 ( 99.78)
24-Jan-26 15:26:12 - Epoch: [52][34999/50000]	Time  0.037 ( 0.038)	Data  0.001 ( 0.001)	Loss 0.0000e+00 (6.4503e-01)	Acc@1 100.00 ( 92.47)	Acc@5 100.00 ( 99.79)
24-Jan-26 15:29:22 - Epoch: [52][39999/50000]	Time  0.039 ( 0.038)	Data  0.001 ( 0.001)	Loss 0.0000e+00 (6.3655e-01)	Acc@1 100.00 ( 92.54)	Acc@5 100.00 ( 99.79)
24-Jan-26 15:32:33 - Epoch: [52][44999/50000]	Time  0.038 ( 0.038)	Data  0.001 ( 0.001)	Loss 1.4865e+00 (6.3531e-01)	Acc@1   0.00 ( 92.52)	Acc@5 100.00 ( 99.80)
24-Jan-26 15:35:44 - Epoch: [52][49999/50000]	Time  0.037 ( 0.038)	Data  0.001 ( 0.001)	Loss 3.4982e-03 (6.3344e-01)	Acc@1 100.00 ( 92.50)	Acc@5 100.00 ( 99.81)
24-Jan-26 15:35:44 -  @Training * Acc@1 92.498 Acc@5 99.814 Loss 0.633
24-Jan-26 15:35:45 - One training epoch latency: 1.911e+03s | Avg Power: 188.1W | Energy: 359364.7814J
24-Jan-26 15:35:55 -  @Testing * Acc@1 88.260 Acc@5 99.590 Loss 1.618
24-Jan-26 15:35:55 - Best acc at epoch 52: 88.29000091552734
24-Jan-26 15:35:55 - Last learning rate: [9.765625e-07]
24-Jan-26 15:35:55 - 	 Epoch 53...
24-Jan-26 15:39:06 - Epoch: [53][ 4999/50000]	Time  0.038 ( 0.038)	Data  0.001 ( 0.001)	Loss 9.1791e-06 (6.0892e-01)	Acc@1 100.00 ( 92.46)	Acc@5 100.00 ( 99.90)
24-Jan-26 15:42:18 - Epoch: [53][ 9999/50000]	Time  0.037 ( 0.038)	Data  0.001 ( 0.001)	Loss 0.0000e+00 (5.8848e-01)	Acc@1 100.00 ( 92.74)	Acc@5 100.00 ( 99.85)
24-Jan-26 15:45:29 - Epoch: [53][14999/50000]	Time  0.037 ( 0.038)	Data  0.001 ( 0.001)	Loss 5.7220e-06 (6.1598e-01)	Acc@1 100.00 ( 92.73)	Acc@5 100.00 ( 99.82)
24-Jan-26 15:48:40 - Epoch: [53][19999/50000]	Time  0.038 ( 0.038)	Data  0.001 ( 0.001)	Loss 0.0000e+00 (6.2797e-01)	Acc@1 100.00 ( 92.61)	Acc@5 100.00 ( 99.79)
24-Jan-26 15:51:51 - Epoch: [53][24999/50000]	Time  0.038 ( 0.038)	Data  0.001 ( 0.001)	Loss 0.0000e+00 (6.3009e-01)	Acc@1 100.00 ( 92.57)	Acc@5 100.00 ( 99.81)
24-Jan-26 15:55:02 - Epoch: [53][29999/50000]	Time  0.038 ( 0.038)	Data  0.002 ( 0.001)	Loss 1.5484e-04 (6.1965e-01)	Acc@1 100.00 ( 92.66)	Acc@5 100.00 ( 99.82)
24-Jan-26 15:58:13 - Epoch: [53][34999/50000]	Time  0.037 ( 0.038)	Data  0.001 ( 0.001)	Loss 0.0000e+00 (6.0852e-01)	Acc@1 100.00 ( 92.72)	Acc@5 100.00 ( 99.83)
24-Jan-26 16:01:24 - Epoch: [53][39999/50000]	Time  0.037 ( 0.038)	Data  0.001 ( 0.001)	Loss 0.0000e+00 (6.0490e-01)	Acc@1 100.00 ( 92.75)	Acc@5 100.00 ( 99.82)
24-Jan-26 16:04:35 - Epoch: [53][44999/50000]	Time  0.039 ( 0.038)	Data  0.001 ( 0.001)	Loss 0.0000e+00 (6.1167e-01)	Acc@1 100.00 ( 92.69)	Acc@5 100.00 ( 99.82)
24-Jan-26 16:07:46 - Epoch: [53][49999/50000]	Time  0.036 ( 0.038)	Data  0.001 ( 0.001)	Loss 0.0000e+00 (6.2099e-01)	Acc@1 100.00 ( 92.62)	Acc@5 100.00 ( 99.81)
24-Jan-26 16:07:46 -  @Training * Acc@1 92.622 Acc@5 99.814 Loss 0.621
24-Jan-26 16:07:46 - One training epoch latency: 1.911e+03s | Avg Power: 188.0W | Energy: 359400.5002J
24-Jan-26 16:07:57 -  @Testing * Acc@1 88.020 Acc@5 99.600 Loss 1.598
24-Jan-26 16:07:57 - Best acc at epoch 53: 88.29000091552734
24-Jan-26 16:07:57 - Last learning rate: [9.765625e-07]
24-Jan-26 16:07:57 - 	 Epoch 54...
24-Jan-26 16:11:08 - Epoch: [54][ 4999/50000]	Time  0.044 ( 0.038)	Data  0.001 ( 0.001)	Loss 5.1950e-04 (6.0807e-01)	Acc@1 100.00 ( 92.92)	Acc@5 100.00 ( 99.80)
24-Jan-26 16:14:19 - Epoch: [54][ 9999/50000]	Time  0.036 ( 0.038)	Data  0.001 ( 0.001)	Loss 0.0000e+00 (5.9907e-01)	Acc@1 100.00 ( 92.97)	Acc@5 100.00 ( 99.80)
24-Jan-26 16:17:29 - Epoch: [54][14999/50000]	Time  0.038 ( 0.038)	Data  0.001 ( 0.001)	Loss 0.0000e+00 (5.8450e-01)	Acc@1 100.00 ( 93.05)	Acc@5 100.00 ( 99.81)
24-Jan-26 16:20:39 - Epoch: [54][19999/50000]	Time  0.037 ( 0.038)	Data  0.001 ( 0.001)	Loss 0.0000e+00 (5.9256e-01)	Acc@1 100.00 ( 92.97)	Acc@5 100.00 ( 99.82)
24-Jan-26 16:23:48 - Epoch: [54][24999/50000]	Time  0.038 ( 0.038)	Data  0.001 ( 0.001)	Loss 0.0000e+00 (5.9382e-01)	Acc@1 100.00 ( 92.94)	Acc@5 100.00 ( 99.82)
24-Jan-26 16:26:57 - Epoch: [54][29999/50000]	Time  0.036 ( 0.038)	Data  0.001 ( 0.001)	Loss 0.0000e+00 (5.9729e-01)	Acc@1 100.00 ( 92.90)	Acc@5 100.00 ( 99.83)
24-Jan-26 16:30:06 - Epoch: [54][34999/50000]	Time  0.038 ( 0.038)	Data  0.001 ( 0.001)	Loss 7.7486e-06 (6.0724e-01)	Acc@1 100.00 ( 92.84)	Acc@5 100.00 ( 99.81)
24-Jan-26 16:33:15 - Epoch: [54][39999/50000]	Time  0.037 ( 0.038)	Data  0.001 ( 0.001)	Loss 0.0000e+00 (6.1555e-01)	Acc@1 100.00 ( 92.81)	Acc@5 100.00 ( 99.81)
24-Jan-26 16:36:25 - Epoch: [54][44999/50000]	Time  0.037 ( 0.038)	Data  0.001 ( 0.001)	Loss 0.0000e+00 (6.1796e-01)	Acc@1 100.00 ( 92.76)	Acc@5 100.00 ( 99.82)
24-Jan-26 16:39:34 - Epoch: [54][49999/50000]	Time  0.036 ( 0.038)	Data  0.001 ( 0.001)	Loss 0.0000e+00 (6.1864e-01)	Acc@1 100.00 ( 92.75)	Acc@5 100.00 ( 99.82)
24-Jan-26 16:39:34 -  @Training * Acc@1 92.754 Acc@5 99.824 Loss 0.619
24-Jan-26 16:39:34 - One training epoch latency: 1.897e+03s | Avg Power: 188.7W | Energy: 358056.3013J
24-Jan-26 16:39:44 -  @Testing * Acc@1 88.180 Acc@5 99.610 Loss 1.616
24-Jan-26 16:39:44 - Best acc at epoch 54: 88.29000091552734
24-Jan-26 16:39:44 - Last learning rate: [9.765625e-07]
24-Jan-26 16:39:44 - 	 Epoch 55...
24-Jan-26 16:42:56 - Epoch: [55][ 4999/50000]	Time  0.037 ( 0.038)	Data  0.001 ( 0.001)	Loss 0.0000e+00 (6.2810e-01)	Acc@1 100.00 ( 92.62)	Acc@5 100.00 ( 99.88)
24-Jan-26 16:46:07 - Epoch: [55][ 9999/50000]	Time  0.037 ( 0.038)	Data  0.001 ( 0.001)	Loss 0.0000e+00 (6.2834e-01)	Acc@1 100.00 ( 92.61)	Acc@5 100.00 ( 99.90)
24-Jan-26 16:49:19 - Epoch: [55][14999/50000]	Time  0.038 ( 0.038)	Data  0.001 ( 0.001)	Loss 0.0000e+00 (6.0269e-01)	Acc@1 100.00 ( 92.74)	Acc@5 100.00 ( 99.89)
24-Jan-26 16:52:30 - Epoch: [55][19999/50000]	Time  0.037 ( 0.038)	Data  0.001 ( 0.001)	Loss 0.0000e+00 (6.0060e-01)	Acc@1 100.00 ( 92.83)	Acc@5 100.00 ( 99.87)
24-Jan-26 16:55:42 - Epoch: [55][24999/50000]	Time  0.038 ( 0.038)	Data  0.001 ( 0.001)	Loss 2.8491e-05 (5.9875e-01)	Acc@1 100.00 ( 92.84)	Acc@5 100.00 ( 99.87)
24-Jan-26 16:58:53 - Epoch: [55][29999/50000]	Time  0.037 ( 0.038)	Data  0.001 ( 0.001)	Loss 5.5318e-01 (5.9978e-01)	Acc@1 100.00 ( 92.91)	Acc@5 100.00 ( 99.86)
24-Jan-26 17:02:05 - Epoch: [55][34999/50000]	Time  0.037 ( 0.038)	Data  0.001 ( 0.001)	Loss 0.0000e+00 (5.9433e-01)	Acc@1 100.00 ( 92.93)	Acc@5 100.00 ( 99.86)
24-Jan-26 17:05:16 - Epoch: [55][39999/50000]	Time  0.038 ( 0.038)	Data  0.001 ( 0.001)	Loss 0.0000e+00 (5.8891e-01)	Acc@1 100.00 ( 92.92)	Acc@5 100.00 ( 99.86)
24-Jan-26 17:08:28 - Epoch: [55][44999/50000]	Time  0.037 ( 0.038)	Data  0.001 ( 0.001)	Loss 0.0000e+00 (5.9767e-01)	Acc@1 100.00 ( 92.87)	Acc@5 100.00 ( 99.87)
24-Jan-26 17:11:39 - Epoch: [55][49999/50000]	Time  0.036 ( 0.038)	Data  0.001 ( 0.001)	Loss 0.0000e+00 (6.0124e-01)	Acc@1 100.00 ( 92.83)	Acc@5 100.00 ( 99.87)
24-Jan-26 17:11:39 -  @Training * Acc@1 92.830 Acc@5 99.866 Loss 0.601
24-Jan-26 17:11:39 - One training epoch latency: 1.915e+03s | Avg Power: 188.1W | Energy: 360236.5843J
24-Jan-26 17:11:50 -  @Testing * Acc@1 88.290 Acc@5 99.550 Loss 1.594
24-Jan-26 17:11:50 - Best acc at epoch 55: 88.29000091552734
24-Jan-26 17:11:50 - Last learning rate: [9.765625e-07]
24-Jan-26 17:11:50 - 	 Epoch 56...
24-Jan-26 17:15:01 - Epoch: [56][ 4999/50000]	Time  0.037 ( 0.038)	Data  0.001 ( 0.001)	Loss 0.0000e+00 (6.6221e-01)	Acc@1 100.00 ( 92.28)	Acc@5 100.00 ( 99.82)
24-Jan-26 17:18:13 - Epoch: [56][ 9999/50000]	Time  0.037 ( 0.038)	Data  0.001 ( 0.001)	Loss 9.5363e+00 (6.0278e-01)	Acc@1   0.00 ( 93.01)	Acc@5 100.00 ( 99.82)
24-Jan-26 17:21:24 - Epoch: [56][14999/50000]	Time  0.037 ( 0.038)	Data  0.001 ( 0.001)	Loss 0.0000e+00 (6.2027e-01)	Acc@1 100.00 ( 92.62)	Acc@5 100.00 ( 99.81)
24-Jan-26 17:24:36 - Epoch: [56][19999/50000]	Time  0.037 ( 0.038)	Data  0.001 ( 0.001)	Loss 0.0000e+00 (6.0760e-01)	Acc@1 100.00 ( 92.77)	Acc@5 100.00 ( 99.82)
24-Jan-26 17:27:47 - Epoch: [56][24999/50000]	Time  0.037 ( 0.038)	Data  0.001 ( 0.001)	Loss 0.0000e+00 (6.0677e-01)	Acc@1 100.00 ( 92.84)	Acc@5 100.00 ( 99.82)
24-Jan-26 17:30:59 - Epoch: [56][29999/50000]	Time  0.037 ( 0.038)	Data  0.001 ( 0.001)	Loss 0.0000e+00 (6.0194e-01)	Acc@1 100.00 ( 92.84)	Acc@5 100.00 ( 99.83)
24-Jan-26 17:34:10 - Epoch: [56][34999/50000]	Time  0.037 ( 0.038)	Data  0.001 ( 0.001)	Loss 0.0000e+00 (5.8787e-01)	Acc@1 100.00 ( 92.97)	Acc@5 100.00 ( 99.84)
24-Jan-26 17:37:22 - Epoch: [56][39999/50000]	Time  0.037 ( 0.038)	Data  0.001 ( 0.001)	Loss 0.0000e+00 (5.9373e-01)	Acc@1 100.00 ( 92.92)	Acc@5 100.00 ( 99.84)
24-Jan-26 17:40:33 - Epoch: [56][44999/50000]	Time  0.037 ( 0.038)	Data  0.001 ( 0.001)	Loss 0.0000e+00 (6.0460e-01)	Acc@1 100.00 ( 92.85)	Acc@5 100.00 ( 99.84)
24-Jan-26 17:43:45 - Epoch: [56][49999/50000]	Time  0.036 ( 0.038)	Data  0.001 ( 0.001)	Loss 1.4212e+01 (6.0643e-01)	Acc@1   0.00 ( 92.81)	Acc@5 100.00 ( 99.84)
24-Jan-26 17:43:45 -  @Training * Acc@1 92.810 Acc@5 99.840 Loss 0.606
24-Jan-26 17:43:45 - One training epoch latency: 1.915e+03s | Avg Power: 188.0W | Energy: 360027.3215J
24-Jan-26 17:43:55 -  @Testing * Acc@1 88.220 Acc@5 99.660 Loss 1.588
24-Jan-26 17:43:55 - Best acc at epoch 56: 88.29000091552734
24-Jan-26 17:43:55 - Last learning rate: [9.765625e-07]
24-Jan-26 17:43:55 - 	 Epoch 57...
24-Jan-26 17:47:06 - Epoch: [57][ 4999/50000]	Time  0.037 ( 0.038)	Data  0.001 ( 0.001)	Loss 0.0000e+00 (5.2131e-01)	Acc@1 100.00 ( 93.46)	Acc@5 100.00 ( 99.82)
24-Jan-26 17:50:17 - Epoch: [57][ 9999/50000]	Time  0.037 ( 0.038)	Data  0.001 ( 0.001)	Loss 0.0000e+00 (5.4188e-01)	Acc@1 100.00 ( 93.10)	Acc@5 100.00 ( 99.82)
24-Jan-26 17:53:28 - Epoch: [57][14999/50000]	Time  0.039 ( 0.038)	Data  0.001 ( 0.001)	Loss 0.0000e+00 (5.5860e-01)	Acc@1 100.00 ( 93.02)	Acc@5 100.00 ( 99.81)
24-Jan-26 17:56:39 - Epoch: [57][19999/50000]	Time  0.037 ( 0.038)	Data  0.001 ( 0.001)	Loss 1.3597e+01 (5.6123e-01)	Acc@1   0.00 ( 93.03)	Acc@5 100.00 ( 99.77)
24-Jan-26 17:59:49 - Epoch: [57][24999/50000]	Time  0.037 ( 0.038)	Data  0.001 ( 0.001)	Loss 0.0000e+00 (5.6423e-01)	Acc@1 100.00 ( 93.12)	Acc@5 100.00 ( 99.76)
24-Jan-26 18:03:00 - Epoch: [57][29999/50000]	Time  0.037 ( 0.038)	Data  0.001 ( 0.001)	Loss 0.0000e+00 (5.7045e-01)	Acc@1 100.00 ( 93.10)	Acc@5 100.00 ( 99.76)
24-Jan-26 18:06:11 - Epoch: [57][34999/50000]	Time  0.037 ( 0.038)	Data  0.001 ( 0.001)	Loss 0.0000e+00 (5.7218e-01)	Acc@1 100.00 ( 93.06)	Acc@5 100.00 ( 99.78)
24-Jan-26 18:09:21 - Epoch: [57][39999/50000]	Time  0.037 ( 0.038)	Data  0.001 ( 0.001)	Loss 0.0000e+00 (5.7829e-01)	Acc@1 100.00 ( 93.03)	Acc@5 100.00 ( 99.78)
24-Jan-26 18:12:32 - Epoch: [57][44999/50000]	Time  0.037 ( 0.038)	Data  0.001 ( 0.001)	Loss 0.0000e+00 (5.8050e-01)	Acc@1 100.00 ( 93.03)	Acc@5 100.00 ( 99.78)
24-Jan-26 18:15:43 - Epoch: [57][49999/50000]	Time  0.037 ( 0.038)	Data  0.001 ( 0.001)	Loss 0.0000e+00 (5.8404e-01)	Acc@1 100.00 ( 93.00)	Acc@5 100.00 ( 99.79)
24-Jan-26 18:15:43 -  @Training * Acc@1 92.998 Acc@5 99.790 Loss 0.584
24-Jan-26 18:15:43 - One training epoch latency: 1.908e+03s | Avg Power: 188.2W | Energy: 359085.0047J
24-Jan-26 18:15:54 -  @Testing * Acc@1 88.150 Acc@5 99.590 Loss 1.602
24-Jan-26 18:15:54 - Best acc at epoch 57: 88.29000091552734
24-Jan-26 18:15:54 - Last learning rate: [4.8828125e-07]
24-Jan-26 18:15:54 - 	 Epoch 58...
24-Jan-26 18:19:05 - Epoch: [58][ 4999/50000]	Time  0.037 ( 0.038)	Data  0.001 ( 0.001)	Loss 3.8777e-01 (6.2052e-01)	Acc@1 100.00 ( 92.84)	Acc@5 100.00 ( 99.82)
24-Jan-26 18:22:17 - Epoch: [58][ 9999/50000]	Time  0.037 ( 0.038)	Data  0.001 ( 0.001)	Loss 0.0000e+00 (5.9248e-01)	Acc@1 100.00 ( 93.14)	Acc@5 100.00 ( 99.85)
24-Jan-26 18:25:28 - Epoch: [58][14999/50000]	Time  0.037 ( 0.038)	Data  0.001 ( 0.001)	Loss 0.0000e+00 (6.0459e-01)	Acc@1 100.00 ( 93.05)	Acc@5 100.00 ( 99.87)
24-Jan-26 18:28:40 - Epoch: [58][19999/50000]	Time  0.062 ( 0.038)	Data  0.001 ( 0.001)	Loss 0.0000e+00 (5.9160e-01)	Acc@1 100.00 ( 93.08)	Acc@5 100.00 ( 99.86)
24-Jan-26 18:31:52 - Epoch: [58][24999/50000]	Time  0.037 ( 0.038)	Data  0.001 ( 0.001)	Loss 2.8610e-06 (5.8172e-01)	Acc@1 100.00 ( 93.20)	Acc@5 100.00 ( 99.86)
24-Jan-26 18:35:03 - Epoch: [58][29999/50000]	Time  0.038 ( 0.038)	Data  0.001 ( 0.001)	Loss 0.0000e+00 (5.9118e-01)	Acc@1 100.00 ( 93.12)	Acc@5 100.00 ( 99.85)
24-Jan-26 18:38:15 - Epoch: [58][34999/50000]	Time  0.037 ( 0.038)	Data  0.001 ( 0.001)	Loss 0.0000e+00 (5.8918e-01)	Acc@1 100.00 ( 93.10)	Acc@5 100.00 ( 99.84)
24-Jan-26 18:41:26 - Epoch: [58][39999/50000]	Time  0.037 ( 0.038)	Data  0.001 ( 0.001)	Loss 0.0000e+00 (5.8412e-01)	Acc@1 100.00 ( 93.13)	Acc@5 100.00 ( 99.84)
24-Jan-26 18:44:38 - Epoch: [58][44999/50000]	Time  0.037 ( 0.038)	Data  0.001 ( 0.001)	Loss 0.0000e+00 (5.8252e-01)	Acc@1 100.00 ( 93.17)	Acc@5 100.00 ( 99.85)
24-Jan-26 18:47:50 - Epoch: [58][49999/50000]	Time  0.036 ( 0.038)	Data  0.001 ( 0.001)	Loss 0.0000e+00 (5.8128e-01)	Acc@1 100.00 ( 93.16)	Acc@5 100.00 ( 99.85)
24-Jan-26 18:47:50 -  @Training * Acc@1 93.156 Acc@5 99.846 Loss 0.581
24-Jan-26 18:47:50 - One training epoch latency: 1.916e+03s | Avg Power: 188.0W | Energy: 360260.0295J
24-Jan-26 18:48:00 -  @Testing * Acc@1 88.400 Acc@5 99.630 Loss 1.568
24-Jan-26 18:48:00 - Best acc at epoch 58: 88.4000015258789
24-Jan-26 18:48:00 - Last learning rate: [4.8828125e-07]
24-Jan-26 18:48:00 - 	 Epoch 59...
24-Jan-26 18:51:12 - Epoch: [59][ 4999/50000]	Time  0.037 ( 0.038)	Data  0.001 ( 0.001)	Loss 0.0000e+00 (5.7613e-01)	Acc@1 100.00 ( 93.30)	Acc@5 100.00 ( 99.82)
24-Jan-26 18:54:23 - Epoch: [59][ 9999/50000]	Time  0.037 ( 0.038)	Data  0.001 ( 0.001)	Loss 0.0000e+00 (6.0026e-01)	Acc@1 100.00 ( 93.15)	Acc@5 100.00 ( 99.87)
24-Jan-26 18:57:34 - Epoch: [59][14999/50000]	Time  0.037 ( 0.038)	Data  0.001 ( 0.001)	Loss 0.0000e+00 (5.7705e-01)	Acc@1 100.00 ( 93.27)	Acc@5 100.00 ( 99.84)
24-Jan-26 19:00:45 - Epoch: [59][19999/50000]	Time  0.038 ( 0.038)	Data  0.001 ( 0.001)	Loss 1.1116e-03 (5.9529e-01)	Acc@1 100.00 ( 93.20)	Acc@5 100.00 ( 99.85)
24-Jan-26 19:03:57 - Epoch: [59][24999/50000]	Time  0.037 ( 0.038)	Data  0.001 ( 0.001)	Loss 1.3231e-02 (5.8471e-01)	Acc@1 100.00 ( 93.22)	Acc@5 100.00 ( 99.85)
24-Jan-26 19:07:08 - Epoch: [59][29999/50000]	Time  0.037 ( 0.038)	Data  0.001 ( 0.001)	Loss 0.0000e+00 (5.8506e-01)	Acc@1 100.00 ( 93.21)	Acc@5 100.00 ( 99.85)
24-Jan-26 19:10:19 - Epoch: [59][34999/50000]	Time  0.037 ( 0.038)	Data  0.001 ( 0.001)	Loss 0.0000e+00 (5.9033e-01)	Acc@1 100.00 ( 93.18)	Acc@5 100.00 ( 99.85)
24-Jan-26 19:13:30 - Epoch: [59][39999/50000]	Time  0.037 ( 0.038)	Data  0.001 ( 0.001)	Loss 0.0000e+00 (5.8930e-01)	Acc@1 100.00 ( 93.15)	Acc@5 100.00 ( 99.85)
24-Jan-26 19:16:42 - Epoch: [59][44999/50000]	Time  0.037 ( 0.038)	Data  0.001 ( 0.001)	Loss 0.0000e+00 (5.7857e-01)	Acc@1 100.00 ( 93.22)	Acc@5 100.00 ( 99.85)
24-Jan-26 19:19:53 - Epoch: [59][49999/50000]	Time  0.036 ( 0.038)	Data  0.001 ( 0.001)	Loss 4.9154e-02 (5.7261e-01)	Acc@1 100.00 ( 93.22)	Acc@5 100.00 ( 99.86)
24-Jan-26 19:19:53 -  @Training * Acc@1 93.218 Acc@5 99.860 Loss 0.573
24-Jan-26 19:19:53 - One training epoch latency: 1.913e+03s | Avg Power: 188.1W | Energy: 359838.6016J
24-Jan-26 19:20:03 -  @Testing * Acc@1 88.340 Acc@5 99.600 Loss 1.607
24-Jan-26 19:20:03 - Best acc at epoch 59: 88.4000015258789
24-Jan-26 19:20:03 - Last learning rate: [4.8828125e-07]
24-Jan-26 19:20:03 - 	 Epoch 60...
24-Jan-26 19:23:15 - Epoch: [60][ 4999/50000]	Time  0.037 ( 0.038)	Data  0.001 ( 0.001)	Loss 0.0000e+00 (5.6195e-01)	Acc@1 100.00 ( 93.04)	Acc@5 100.00 ( 99.82)
24-Jan-26 19:26:26 - Epoch: [60][ 9999/50000]	Time  0.037 ( 0.038)	Data  0.001 ( 0.001)	Loss 2.3842e-06 (5.5297e-01)	Acc@1 100.00 ( 93.24)	Acc@5 100.00 ( 99.84)
24-Jan-26 19:29:37 - Epoch: [60][14999/50000]	Time  0.037 ( 0.038)	Data  0.001 ( 0.001)	Loss 0.0000e+00 (5.6147e-01)	Acc@1 100.00 ( 93.15)	Acc@5 100.00 ( 99.84)
24-Jan-26 19:32:48 - Epoch: [60][19999/50000]	Time  0.037 ( 0.038)	Data  0.001 ( 0.001)	Loss 8.9812e-01 (5.8534e-01)	Acc@1   0.00 ( 93.03)	Acc@5 100.00 ( 99.81)
24-Jan-26 19:35:59 - Epoch: [60][24999/50000]	Time  0.037 ( 0.038)	Data  0.001 ( 0.001)	Loss 0.0000e+00 (5.7712e-01)	Acc@1 100.00 ( 93.04)	Acc@5 100.00 ( 99.82)
24-Jan-26 19:39:10 - Epoch: [60][29999/50000]	Time  0.037 ( 0.038)	Data  0.001 ( 0.001)	Loss 0.0000e+00 (5.8009e-01)	Acc@1 100.00 ( 93.03)	Acc@5 100.00 ( 99.81)
24-Jan-26 19:42:21 - Epoch: [60][34999/50000]	Time  0.061 ( 0.038)	Data  0.001 ( 0.001)	Loss 0.0000e+00 (5.8370e-01)	Acc@1 100.00 ( 93.01)	Acc@5 100.00 ( 99.83)
24-Jan-26 19:45:32 - Epoch: [60][39999/50000]	Time  0.037 ( 0.038)	Data  0.001 ( 0.001)	Loss 0.0000e+00 (5.8421e-01)	Acc@1 100.00 ( 93.00)	Acc@5 100.00 ( 99.83)
24-Jan-26 19:48:43 - Epoch: [60][44999/50000]	Time  0.037 ( 0.038)	Data  0.001 ( 0.001)	Loss 0.0000e+00 (5.8091e-01)	Acc@1 100.00 ( 93.04)	Acc@5 100.00 ( 99.83)
24-Jan-26 19:51:54 - Epoch: [60][49999/50000]	Time  0.036 ( 0.038)	Data  0.001 ( 0.001)	Loss 7.3276e-02 (5.8663e-01)	Acc@1 100.00 ( 93.03)	Acc@5 100.00 ( 99.83)
24-Jan-26 19:51:55 -  @Training * Acc@1 93.034 Acc@5 99.830 Loss 0.587
24-Jan-26 19:51:55 - One training epoch latency: 1.911e+03s | Avg Power: 188.2W | Energy: 359632.6790J
24-Jan-26 19:52:05 -  @Testing * Acc@1 88.330 Acc@5 99.610 Loss 1.580
24-Jan-26 19:52:05 - Best acc at epoch 60: 88.4000015258789
24-Jan-26 19:52:05 - Last learning rate: [4.8828125e-07]
24-Jan-26 19:52:05 - 	 Epoch 61...
24-Jan-26 19:55:16 - Epoch: [61][ 4999/50000]	Time  0.036 ( 0.038)	Data  0.001 ( 0.001)	Loss 0.0000e+00 (6.2055e-01)	Acc@1 100.00 ( 93.02)	Acc@5 100.00 ( 99.84)
24-Jan-26 19:58:27 - Epoch: [61][ 9999/50000]	Time  0.061 ( 0.038)	Data  0.001 ( 0.001)	Loss 0.0000e+00 (5.9141e-01)	Acc@1 100.00 ( 93.16)	Acc@5 100.00 ( 99.85)
24-Jan-26 20:01:38 - Epoch: [61][14999/50000]	Time  0.038 ( 0.038)	Data  0.001 ( 0.001)	Loss 7.2262e-01 (5.8632e-01)	Acc@1   0.00 ( 93.11)	Acc@5 100.00 ( 99.86)
24-Jan-26 20:04:49 - Epoch: [61][19999/50000]	Time  0.039 ( 0.038)	Data  0.003 ( 0.001)	Loss 0.0000e+00 (5.8462e-01)	Acc@1 100.00 ( 93.14)	Acc@5 100.00 ( 99.85)
24-Jan-26 20:08:00 - Epoch: [61][24999/50000]	Time  0.038 ( 0.038)	Data  0.001 ( 0.001)	Loss 0.0000e+00 (5.7511e-01)	Acc@1 100.00 ( 93.17)	Acc@5 100.00 ( 99.86)
24-Jan-26 20:11:11 - Epoch: [61][29999/50000]	Time  0.037 ( 0.038)	Data  0.001 ( 0.001)	Loss 0.0000e+00 (5.6912e-01)	Acc@1 100.00 ( 93.20)	Acc@5 100.00 ( 99.84)
24-Jan-26 20:14:22 - Epoch: [61][34999/50000]	Time  0.037 ( 0.038)	Data  0.001 ( 0.001)	Loss 0.0000e+00 (5.6896e-01)	Acc@1 100.00 ( 93.20)	Acc@5 100.00 ( 99.85)
24-Jan-26 20:17:32 - Epoch: [61][39999/50000]	Time  0.037 ( 0.038)	Data  0.001 ( 0.001)	Loss 0.0000e+00 (5.6873e-01)	Acc@1 100.00 ( 93.24)	Acc@5 100.00 ( 99.85)
24-Jan-26 20:20:44 - Epoch: [61][44999/50000]	Time  0.038 ( 0.038)	Data  0.001 ( 0.001)	Loss 0.0000e+00 (5.6730e-01)	Acc@1 100.00 ( 93.27)	Acc@5 100.00 ( 99.84)
24-Jan-26 20:23:54 - Epoch: [61][49999/50000]	Time  0.036 ( 0.038)	Data  0.001 ( 0.001)	Loss 1.3769e+00 (5.6489e-01)	Acc@1   0.00 ( 93.29)	Acc@5 100.00 ( 99.84)
24-Jan-26 20:23:55 -  @Training * Acc@1 93.294 Acc@5 99.836 Loss 0.565
24-Jan-26 20:23:55 - One training epoch latency: 1.909e+03s | Avg Power: 188.1W | Energy: 359196.1803J
24-Jan-26 20:24:05 -  @Testing * Acc@1 88.260 Acc@5 99.640 Loss 1.606
24-Jan-26 20:24:05 - Best acc at epoch 61: 88.4000015258789
24-Jan-26 20:24:05 - Last learning rate: [4.8828125e-07]
24-Jan-26 20:24:05 - 	 Epoch 62...
24-Jan-26 20:27:17 - Epoch: [62][ 4999/50000]	Time  0.037 ( 0.038)	Data  0.001 ( 0.001)	Loss 0.0000e+00 (5.9630e-01)	Acc@1 100.00 ( 93.04)	Acc@5 100.00 ( 99.84)
24-Jan-26 20:30:27 - Epoch: [62][ 9999/50000]	Time  0.037 ( 0.038)	Data  0.001 ( 0.001)	Loss 0.0000e+00 (6.0323e-01)	Acc@1 100.00 ( 93.16)	Acc@5 100.00 ( 99.83)
24-Jan-26 20:33:39 - Epoch: [62][14999/50000]	Time  0.037 ( 0.038)	Data  0.001 ( 0.001)	Loss 0.0000e+00 (5.8235e-01)	Acc@1 100.00 ( 93.22)	Acc@5 100.00 ( 99.83)
24-Jan-26 20:36:50 - Epoch: [62][19999/50000]	Time  0.053 ( 0.038)	Data  0.001 ( 0.001)	Loss 0.0000e+00 (5.8481e-01)	Acc@1 100.00 ( 93.17)	Acc@5 100.00 ( 99.83)
24-Jan-26 20:40:01 - Epoch: [62][24999/50000]	Time  0.037 ( 0.038)	Data  0.001 ( 0.001)	Loss 0.0000e+00 (5.7886e-01)	Acc@1 100.00 ( 93.18)	Acc@5 100.00 ( 99.86)
24-Jan-26 20:43:12 - Epoch: [62][29999/50000]	Time  0.038 ( 0.038)	Data  0.001 ( 0.001)	Loss 0.0000e+00 (5.7858e-01)	Acc@1 100.00 ( 93.22)	Acc@5 100.00 ( 99.85)
24-Jan-26 20:46:24 - Epoch: [62][34999/50000]	Time  0.037 ( 0.038)	Data  0.001 ( 0.001)	Loss 4.6020e-02 (5.8281e-01)	Acc@1 100.00 ( 93.16)	Acc@5 100.00 ( 99.85)
24-Jan-26 20:49:35 - Epoch: [62][39999/50000]	Time  0.062 ( 0.038)	Data  0.001 ( 0.001)	Loss 0.0000e+00 (5.7327e-01)	Acc@1 100.00 ( 93.21)	Acc@5 100.00 ( 99.85)
24-Jan-26 20:52:46 - Epoch: [62][44999/50000]	Time  0.037 ( 0.038)	Data  0.001 ( 0.001)	Loss 0.0000e+00 (5.7781e-01)	Acc@1 100.00 ( 93.16)	Acc@5 100.00 ( 99.86)
24-Jan-26 20:55:58 - Epoch: [62][49999/50000]	Time  0.036 ( 0.038)	Data  0.001 ( 0.001)	Loss 0.0000e+00 (5.7921e-01)	Acc@1 100.00 ( 93.17)	Acc@5 100.00 ( 99.86)
24-Jan-26 20:55:58 -  @Training * Acc@1 93.170 Acc@5 99.862 Loss 0.579
24-Jan-26 20:55:58 - One training epoch latency: 1.913e+03s | Avg Power: 188.2W | Energy: 360053.6929J
24-Jan-26 20:56:08 -  @Testing * Acc@1 88.220 Acc@5 99.670 Loss 1.619
24-Jan-26 20:56:08 - Best acc at epoch 62: 88.4000015258789
24-Jan-26 20:56:08 - Last learning rate: [4.8828125e-07]
24-Jan-26 20:56:08 - 	 Epoch 63...
24-Jan-26 20:59:19 - Epoch: [63][ 4999/50000]	Time  0.037 ( 0.038)	Data  0.001 ( 0.001)	Loss 0.0000e+00 (5.4417e-01)	Acc@1 100.00 ( 93.44)	Acc@5 100.00 ( 99.84)
24-Jan-26 21:02:31 - Epoch: [63][ 9999/50000]	Time  0.037 ( 0.038)	Data  0.001 ( 0.001)	Loss 0.0000e+00 (5.2000e-01)	Acc@1 100.00 ( 93.61)	Acc@5 100.00 ( 99.87)
24-Jan-26 21:05:42 - Epoch: [63][14999/50000]	Time  0.037 ( 0.038)	Data  0.001 ( 0.001)	Loss 0.0000e+00 (5.2259e-01)	Acc@1 100.00 ( 93.56)	Acc@5 100.00 ( 99.87)
24-Jan-26 21:08:53 - Epoch: [63][19999/50000]	Time  0.037 ( 0.038)	Data  0.001 ( 0.001)	Loss 0.0000e+00 (5.4759e-01)	Acc@1 100.00 ( 93.39)	Acc@5 100.00 ( 99.86)
24-Jan-26 21:12:05 - Epoch: [63][24999/50000]	Time  0.037 ( 0.038)	Data  0.001 ( 0.001)	Loss 0.0000e+00 (5.4413e-01)	Acc@1 100.00 ( 93.42)	Acc@5 100.00 ( 99.86)
24-Jan-26 21:15:16 - Epoch: [63][29999/50000]	Time  0.038 ( 0.038)	Data  0.001 ( 0.001)	Loss 1.6450e+00 (5.5153e-01)	Acc@1   0.00 ( 93.36)	Acc@5 100.00 ( 99.87)
24-Jan-26 21:18:27 - Epoch: [63][34999/50000]	Time  0.038 ( 0.038)	Data  0.001 ( 0.001)	Loss 8.3012e-03 (5.4337e-01)	Acc@1 100.00 ( 93.39)	Acc@5 100.00 ( 99.87)
24-Jan-26 21:21:38 - Epoch: [63][39999/50000]	Time  0.037 ( 0.038)	Data  0.001 ( 0.001)	Loss 0.0000e+00 (5.3750e-01)	Acc@1 100.00 ( 93.47)	Acc@5 100.00 ( 99.88)
24-Jan-26 21:24:49 - Epoch: [63][44999/50000]	Time  0.037 ( 0.038)	Data  0.001 ( 0.001)	Loss 0.0000e+00 (5.4667e-01)	Acc@1 100.00 ( 93.42)	Acc@5 100.00 ( 99.87)
24-Jan-26 21:28:00 - Epoch: [63][49999/50000]	Time  0.036 ( 0.038)	Data  0.001 ( 0.001)	Loss 0.0000e+00 (5.4866e-01)	Acc@1 100.00 ( 93.39)	Acc@5 100.00 ( 99.87)
24-Jan-26 21:28:00 -  @Training * Acc@1 93.388 Acc@5 99.866 Loss 0.549
24-Jan-26 21:28:01 - One training epoch latency: 1.912e+03s | Avg Power: 188.2W | Energy: 359944.6503J
24-Jan-26 21:28:11 -  @Testing * Acc@1 88.220 Acc@5 99.590 Loss 1.618
24-Jan-26 21:28:11 - Best acc at epoch 63: 88.4000015258789
24-Jan-26 21:28:11 - Last learning rate: [4.8828125e-07]
24-Jan-26 21:28:11 - 	 Epoch 64...
24-Jan-26 21:31:22 - Epoch: [64][ 4999/50000]	Time  0.037 ( 0.038)	Data  0.001 ( 0.001)	Loss 2.3842e-07 (5.9347e-01)	Acc@1 100.00 ( 92.88)	Acc@5 100.00 ( 99.76)
24-Jan-26 21:34:34 - Epoch: [64][ 9999/50000]	Time  0.039 ( 0.038)	Data  0.001 ( 0.001)	Loss 0.0000e+00 (5.9500e-01)	Acc@1 100.00 ( 93.05)	Acc@5 100.00 ( 99.82)
24-Jan-26 21:37:45 - Epoch: [64][14999/50000]	Time  0.037 ( 0.038)	Data  0.001 ( 0.001)	Loss 0.0000e+00 (5.9834e-01)	Acc@1 100.00 ( 93.10)	Acc@5 100.00 ( 99.79)
24-Jan-26 21:40:57 - Epoch: [64][19999/50000]	Time  0.037 ( 0.038)	Data  0.001 ( 0.001)	Loss 0.0000e+00 (5.8414e-01)	Acc@1 100.00 ( 93.15)	Acc@5 100.00 ( 99.78)
24-Jan-26 21:44:08 - Epoch: [64][24999/50000]	Time  0.037 ( 0.038)	Data  0.001 ( 0.001)	Loss 2.7176e-04 (5.7060e-01)	Acc@1 100.00 ( 93.23)	Acc@5 100.00 ( 99.79)
24-Jan-26 21:47:19 - Epoch: [64][29999/50000]	Time  0.037 ( 0.038)	Data  0.001 ( 0.001)	Loss 0.0000e+00 (5.7910e-01)	Acc@1 100.00 ( 93.20)	Acc@5 100.00 ( 99.79)
24-Jan-26 21:50:30 - Epoch: [64][34999/50000]	Time  0.038 ( 0.038)	Data  0.001 ( 0.001)	Loss 0.0000e+00 (5.8313e-01)	Acc@1 100.00 ( 93.19)	Acc@5 100.00 ( 99.78)
24-Jan-26 21:53:41 - Epoch: [64][39999/50000]	Time  0.038 ( 0.038)	Data  0.001 ( 0.001)	Loss 0.0000e+00 (5.7912e-01)	Acc@1 100.00 ( 93.23)	Acc@5 100.00 ( 99.80)
24-Jan-26 21:56:52 - Epoch: [64][44999/50000]	Time  0.037 ( 0.038)	Data  0.001 ( 0.001)	Loss 0.0000e+00 (5.8235e-01)	Acc@1 100.00 ( 93.19)	Acc@5 100.00 ( 99.80)
24-Jan-26 22:00:03 - Epoch: [64][49999/50000]	Time  0.037 ( 0.038)	Data  0.001 ( 0.001)	Loss 0.0000e+00 (5.7970e-01)	Acc@1 100.00 ( 93.17)	Acc@5 100.00 ( 99.81)
24-Jan-26 22:00:03 -  @Training * Acc@1 93.170 Acc@5 99.812 Loss 0.580
24-Jan-26 22:00:03 - One training epoch latency: 1.912e+03s | Avg Power: 188.2W | Energy: 359887.0793J
24-Jan-26 22:00:13 -  @Testing * Acc@1 88.400 Acc@5 99.590 Loss 1.606
24-Jan-26 22:00:13 - Best acc at epoch 64: 88.4000015258789
24-Jan-26 22:00:14 - Last learning rate: [2.44140625e-07]
24-Jan-26 22:00:14 - 	 Epoch 65...
24-Jan-26 22:03:24 - Epoch: [65][ 4999/50000]	Time  0.037 ( 0.038)	Data  0.001 ( 0.001)	Loss 0.0000e+00 (5.2565e-01)	Acc@1 100.00 ( 93.94)	Acc@5 100.00 ( 99.82)
24-Jan-26 22:06:36 - Epoch: [65][ 9999/50000]	Time  0.038 ( 0.038)	Data  0.001 ( 0.001)	Loss 6.6788e+00 (5.2086e-01)	Acc@1   0.00 ( 93.80)	Acc@5 100.00 ( 99.87)
24-Jan-26 22:09:47 - Epoch: [65][14999/50000]	Time  0.037 ( 0.038)	Data  0.001 ( 0.001)	Loss 0.0000e+00 (5.3073e-01)	Acc@1 100.00 ( 93.68)	Acc@5 100.00 ( 99.89)
24-Jan-26 22:12:59 - Epoch: [65][19999/50000]	Time  0.038 ( 0.038)	Data  0.001 ( 0.001)	Loss 1.0244e+01 (5.2745e-01)	Acc@1   0.00 ( 93.61)	Acc@5 100.00 ( 99.90)
24-Jan-26 22:16:10 - Epoch: [65][24999/50000]	Time  0.037 ( 0.038)	Data  0.001 ( 0.001)	Loss 0.0000e+00 (5.3187e-01)	Acc@1 100.00 ( 93.58)	Acc@5 100.00 ( 99.90)
24-Jan-26 22:19:22 - Epoch: [65][29999/50000]	Time  0.037 ( 0.038)	Data  0.001 ( 0.001)	Loss 0.0000e+00 (5.3561e-01)	Acc@1 100.00 ( 93.50)	Acc@5 100.00 ( 99.89)
24-Jan-26 22:22:33 - Epoch: [65][34999/50000]	Time  0.061 ( 0.038)	Data  0.001 ( 0.001)	Loss 0.0000e+00 (5.2785e-01)	Acc@1 100.00 ( 93.59)	Acc@5 100.00 ( 99.89)
24-Jan-26 22:25:44 - Epoch: [65][39999/50000]	Time  0.037 ( 0.038)	Data  0.001 ( 0.001)	Loss 0.0000e+00 (5.2647e-01)	Acc@1 100.00 ( 93.57)	Acc@5 100.00 ( 99.88)
24-Jan-26 22:28:56 - Epoch: [65][44999/50000]	Time  0.037 ( 0.038)	Data  0.001 ( 0.001)	Loss 7.1297e-04 (5.3691e-01)	Acc@1 100.00 ( 93.52)	Acc@5 100.00 ( 99.88)
24-Jan-26 22:32:07 - Epoch: [65][49999/50000]	Time  0.052 ( 0.038)	Data  0.001 ( 0.001)	Loss 0.0000e+00 (5.3958e-01)	Acc@1 100.00 ( 93.49)	Acc@5 100.00 ( 99.87)
24-Jan-26 22:32:07 -  @Training * Acc@1 93.494 Acc@5 99.874 Loss 0.540
24-Jan-26 22:32:07 - One training epoch latency: 1.914e+03s | Avg Power: 188.1W | Energy: 359964.7900J
24-Jan-26 22:32:18 -  @Testing * Acc@1 88.340 Acc@5 99.550 Loss 1.606
24-Jan-26 22:32:18 - Best acc at epoch 65: 88.4000015258789
24-Jan-26 22:32:18 - Last learning rate: [2.44140625e-07]
24-Jan-26 22:32:18 - 	 Epoch 66...
24-Jan-26 22:35:30 - Epoch: [66][ 4999/50000]	Time  0.038 ( 0.038)	Data  0.001 ( 0.001)	Loss 0.0000e+00 (6.0215e-01)	Acc@1 100.00 ( 93.04)	Acc@5 100.00 ( 99.78)
24-Jan-26 22:38:41 - Epoch: [66][ 9999/50000]	Time  0.037 ( 0.038)	Data  0.001 ( 0.001)	Loss 0.0000e+00 (5.6009e-01)	Acc@1 100.00 ( 93.25)	Acc@5 100.00 ( 99.88)
24-Jan-26 22:41:53 - Epoch: [66][14999/50000]	Time  0.062 ( 0.038)	Data  0.001 ( 0.001)	Loss 0.0000e+00 (5.5076e-01)	Acc@1 100.00 ( 93.21)	Acc@5 100.00 ( 99.89)
24-Jan-26 22:45:05 - Epoch: [66][19999/50000]	Time  0.037 ( 0.038)	Data  0.001 ( 0.001)	Loss 0.0000e+00 (5.3822e-01)	Acc@1 100.00 ( 93.35)	Acc@5 100.00 ( 99.89)
24-Jan-26 22:48:16 - Epoch: [66][24999/50000]	Time  0.037 ( 0.038)	Data  0.001 ( 0.001)	Loss 0.0000e+00 (5.3812e-01)	Acc@1 100.00 ( 93.32)	Acc@5 100.00 ( 99.88)
24-Jan-26 22:51:28 - Epoch: [66][29999/50000]	Time  0.038 ( 0.038)	Data  0.001 ( 0.001)	Loss 0.0000e+00 (5.4221e-01)	Acc@1 100.00 ( 93.37)	Acc@5 100.00 ( 99.88)
24-Jan-26 22:54:40 - Epoch: [66][34999/50000]	Time  0.037 ( 0.038)	Data  0.001 ( 0.001)	Loss 5.9605e-07 (5.6556e-01)	Acc@1 100.00 ( 93.18)	Acc@5 100.00 ( 99.88)
24-Jan-26 22:57:52 - Epoch: [66][39999/50000]	Time  0.037 ( 0.038)	Data  0.001 ( 0.001)	Loss 0.0000e+00 (5.6243e-01)	Acc@1 100.00 ( 93.20)	Acc@5 100.00 ( 99.87)
24-Jan-26 23:01:03 - Epoch: [66][44999/50000]	Time  0.037 ( 0.038)	Data  0.001 ( 0.001)	Loss 0.0000e+00 (5.6083e-01)	Acc@1 100.00 ( 93.26)	Acc@5 100.00 ( 99.87)
24-Jan-26 23:04:15 - Epoch: [66][49999/50000]	Time  0.036 ( 0.038)	Data  0.001 ( 0.001)	Loss 0.0000e+00 (5.6508e-01)	Acc@1 100.00 ( 93.24)	Acc@5 100.00 ( 99.87)
24-Jan-26 23:04:15 -  @Training * Acc@1 93.236 Acc@5 99.870 Loss 0.565
24-Jan-26 23:04:15 - One training epoch latency: 1.917e+03s | Avg Power: 187.8W | Energy: 360082.1481J
24-Jan-26 23:04:25 -  @Testing * Acc@1 88.610 Acc@5 99.570 Loss 1.579
24-Jan-26 23:04:25 - Best acc at epoch 66: 88.61000061035156
24-Jan-26 23:04:25 - Last learning rate: [2.44140625e-07]
24-Jan-26 23:04:25 - 	 Epoch 67...
24-Jan-26 23:07:37 - Epoch: [67][ 4999/50000]	Time  0.038 ( 0.038)	Data  0.001 ( 0.001)	Loss 0.0000e+00 (5.5630e-01)	Acc@1 100.00 ( 93.38)	Acc@5 100.00 ( 99.80)
24-Jan-26 23:10:48 - Epoch: [67][ 9999/50000]	Time  0.037 ( 0.038)	Data  0.001 ( 0.001)	Loss 0.0000e+00 (5.3766e-01)	Acc@1 100.00 ( 93.52)	Acc@5 100.00 ( 99.83)
24-Jan-26 23:14:00 - Epoch: [67][14999/50000]	Time  0.039 ( 0.038)	Data  0.001 ( 0.001)	Loss 0.0000e+00 (5.5629e-01)	Acc@1 100.00 ( 93.49)	Acc@5 100.00 ( 99.81)
24-Jan-26 23:17:11 - Epoch: [67][19999/50000]	Time  0.039 ( 0.038)	Data  0.001 ( 0.001)	Loss 0.0000e+00 (5.3793e-01)	Acc@1 100.00 ( 93.45)	Acc@5 100.00 ( 99.82)
24-Jan-26 23:20:22 - Epoch: [67][24999/50000]	Time  0.037 ( 0.038)	Data  0.001 ( 0.001)	Loss 0.0000e+00 (5.4111e-01)	Acc@1 100.00 ( 93.43)	Acc@5 100.00 ( 99.82)
24-Jan-26 23:23:34 - Epoch: [67][29999/50000]	Time  0.037 ( 0.038)	Data  0.001 ( 0.001)	Loss 0.0000e+00 (5.4007e-01)	Acc@1 100.00 ( 93.40)	Acc@5 100.00 ( 99.83)
24-Jan-26 23:26:45 - Epoch: [67][34999/50000]	Time  0.037 ( 0.038)	Data  0.001 ( 0.001)	Loss 4.7684e-07 (5.3773e-01)	Acc@1 100.00 ( 93.44)	Acc@5 100.00 ( 99.85)
24-Jan-26 23:29:56 - Epoch: [67][39999/50000]	Time  0.037 ( 0.038)	Data  0.001 ( 0.001)	Loss 0.0000e+00 (5.3698e-01)	Acc@1 100.00 ( 93.47)	Acc@5 100.00 ( 99.85)
24-Jan-26 23:33:08 - Epoch: [67][44999/50000]	Time  0.037 ( 0.038)	Data  0.001 ( 0.001)	Loss 0.0000e+00 (5.3778e-01)	Acc@1 100.00 ( 93.46)	Acc@5 100.00 ( 99.86)
24-Jan-26 23:36:19 - Epoch: [67][49999/50000]	Time  0.037 ( 0.038)	Data  0.001 ( 0.001)	Loss 0.0000e+00 (5.3768e-01)	Acc@1 100.00 ( 93.47)	Acc@5 100.00 ( 99.86)
24-Jan-26 23:36:19 -  @Training * Acc@1 93.472 Acc@5 99.864 Loss 0.538
24-Jan-26 23:36:19 - One training epoch latency: 1.913e+03s | Avg Power: 187.9W | Energy: 359480.8753J
24-Jan-26 23:36:29 -  @Testing * Acc@1 88.370 Acc@5 99.580 Loss 1.603
24-Jan-26 23:36:29 - Best acc at epoch 67: 88.61000061035156
24-Jan-26 23:36:29 - Last learning rate: [2.44140625e-07]
24-Jan-26 23:36:29 - 	 Epoch 68...
24-Jan-26 23:39:41 - Epoch: [68][ 4999/50000]	Time  0.038 ( 0.038)	Data  0.001 ( 0.001)	Loss 0.0000e+00 (5.7863e-01)	Acc@1 100.00 ( 93.00)	Acc@5 100.00 ( 99.86)
24-Jan-26 23:42:52 - Epoch: [68][ 9999/50000]	Time  0.037 ( 0.038)	Data  0.001 ( 0.001)	Loss 0.0000e+00 (5.5484e-01)	Acc@1 100.00 ( 93.14)	Acc@5 100.00 ( 99.87)
24-Jan-26 23:46:04 - Epoch: [68][14999/50000]	Time  0.038 ( 0.038)	Data  0.001 ( 0.001)	Loss 2.0101e+00 (5.5076e-01)	Acc@1   0.00 ( 93.26)	Acc@5 100.00 ( 99.88)
24-Jan-26 23:49:15 - Epoch: [68][19999/50000]	Time  0.037 ( 0.038)	Data  0.001 ( 0.001)	Loss 0.0000e+00 (5.7079e-01)	Acc@1 100.00 ( 93.28)	Acc@5 100.00 ( 99.87)
24-Jan-26 23:52:26 - Epoch: [68][24999/50000]	Time  0.037 ( 0.038)	Data  0.001 ( 0.001)	Loss 0.0000e+00 (5.7629e-01)	Acc@1 100.00 ( 93.26)	Acc@5 100.00 ( 99.88)
24-Jan-26 23:55:38 - Epoch: [68][29999/50000]	Time  0.037 ( 0.038)	Data  0.001 ( 0.001)	Loss 0.0000e+00 (5.7211e-01)	Acc@1 100.00 ( 93.24)	Acc@5 100.00 ( 99.87)
24-Jan-26 23:58:49 - Epoch: [68][34999/50000]	Time  0.037 ( 0.038)	Data  0.001 ( 0.001)	Loss 0.0000e+00 (5.5883e-01)	Acc@1 100.00 ( 93.37)	Acc@5 100.00 ( 99.88)
25-Jan-26 00:02:01 - Epoch: [68][39999/50000]	Time  0.039 ( 0.038)	Data  0.001 ( 0.001)	Loss 1.6283e-01 (5.5726e-01)	Acc@1 100.00 ( 93.40)	Acc@5 100.00 ( 99.87)
25-Jan-26 00:05:12 - Epoch: [68][44999/50000]	Time  0.037 ( 0.038)	Data  0.001 ( 0.001)	Loss 0.0000e+00 (5.5885e-01)	Acc@1 100.00 ( 93.37)	Acc@5 100.00 ( 99.86)
25-Jan-26 00:08:24 - Epoch: [68][49999/50000]	Time  0.036 ( 0.038)	Data  0.001 ( 0.001)	Loss 0.0000e+00 (5.5570e-01)	Acc@1 100.00 ( 93.38)	Acc@5 100.00 ( 99.86)
25-Jan-26 00:08:24 -  @Training * Acc@1 93.382 Acc@5 99.864 Loss 0.556
25-Jan-26 00:08:24 - One training epoch latency: 1.914e+03s | Avg Power: 188.0W | Energy: 360006.9692J
25-Jan-26 00:08:34 -  @Testing * Acc@1 88.290 Acc@5 99.580 Loss 1.612
25-Jan-26 00:08:34 - Best acc at epoch 68: 88.61000061035156
25-Jan-26 00:08:34 - Last learning rate: [2.44140625e-07]
25-Jan-26 00:08:34 - 	 Epoch 69...
25-Jan-26 00:11:46 - Epoch: [69][ 4999/50000]	Time  0.038 ( 0.038)	Data  0.001 ( 0.001)	Loss 0.0000e+00 (4.8255e-01)	Acc@1 100.00 ( 93.58)	Acc@5 100.00 ( 99.84)
25-Jan-26 00:14:57 - Epoch: [69][ 9999/50000]	Time  0.061 ( 0.038)	Data  0.001 ( 0.001)	Loss 1.4305e-06 (5.2332e-01)	Acc@1 100.00 ( 93.51)	Acc@5 100.00 ( 99.87)
25-Jan-26 00:18:08 - Epoch: [69][14999/50000]	Time  0.038 ( 0.038)	Data  0.001 ( 0.001)	Loss 0.0000e+00 (5.2384e-01)	Acc@1 100.00 ( 93.53)	Acc@5 100.00 ( 99.87)
25-Jan-26 00:21:19 - Epoch: [69][19999/50000]	Time  0.038 ( 0.038)	Data  0.001 ( 0.001)	Loss 0.0000e+00 (5.2703e-01)	Acc@1 100.00 ( 93.49)	Acc@5 100.00 ( 99.87)
25-Jan-26 00:24:30 - Epoch: [69][24999/50000]	Time  0.037 ( 0.038)	Data  0.001 ( 0.001)	Loss 0.0000e+00 (5.3181e-01)	Acc@1 100.00 ( 93.54)	Acc@5 100.00 ( 99.87)
25-Jan-26 00:27:42 - Epoch: [69][29999/50000]	Time  0.037 ( 0.038)	Data  0.001 ( 0.001)	Loss 0.0000e+00 (5.2673e-01)	Acc@1 100.00 ( 93.64)	Acc@5 100.00 ( 99.87)
25-Jan-26 00:30:53 - Epoch: [69][34999/50000]	Time  0.039 ( 0.038)	Data  0.001 ( 0.001)	Loss 0.0000e+00 (5.3550e-01)	Acc@1 100.00 ( 93.57)	Acc@5 100.00 ( 99.87)
25-Jan-26 00:34:06 - Epoch: [69][39999/50000]	Time  0.038 ( 0.038)	Data  0.001 ( 0.001)	Loss 0.0000e+00 (5.3079e-01)	Acc@1 100.00 ( 93.56)	Acc@5 100.00 ( 99.88)
25-Jan-26 00:37:17 - Epoch: [69][44999/50000]	Time  0.037 ( 0.038)	Data  0.001 ( 0.001)	Loss 8.2012e+00 (5.3657e-01)	Acc@1   0.00 ( 93.53)	Acc@5 100.00 ( 99.87)
25-Jan-26 00:40:29 - Epoch: [69][49999/50000]	Time  0.036 ( 0.038)	Data  0.001 ( 0.001)	Loss 1.1921e-07 (5.4046e-01)	Acc@1 100.00 ( 93.51)	Acc@5 100.00 ( 99.86)
25-Jan-26 00:40:29 -  @Training * Acc@1 93.510 Acc@5 99.858 Loss 0.540
25-Jan-26 00:40:29 - One training epoch latency: 1.914e+03s | Avg Power: 188.0W | Energy: 359954.4267J
25-Jan-26 00:40:39 -  @Testing * Acc@1 88.330 Acc@5 99.590 Loss 1.615
25-Jan-26 00:40:39 - Best acc at epoch 69: 88.61000061035156
25-Jan-26 00:40:39 - Last learning rate: [2.44140625e-07]
25-Jan-26 00:40:39 - 	 Epoch 70...
25-Jan-26 00:43:51 - Epoch: [70][ 4999/50000]	Time  0.038 ( 0.038)	Data  0.001 ( 0.001)	Loss 0.0000e+00 (4.9251e-01)	Acc@1 100.00 ( 93.90)	Acc@5 100.00 ( 99.90)
25-Jan-26 00:47:03 - Epoch: [70][ 9999/50000]	Time  0.037 ( 0.038)	Data  0.001 ( 0.001)	Loss 0.0000e+00 (5.0558e-01)	Acc@1 100.00 ( 93.86)	Acc@5 100.00 ( 99.86)
25-Jan-26 00:50:14 - Epoch: [70][14999/50000]	Time  0.037 ( 0.038)	Data  0.001 ( 0.001)	Loss 0.0000e+00 (5.2365e-01)	Acc@1 100.00 ( 93.59)	Acc@5 100.00 ( 99.89)
25-Jan-26 00:53:26 - Epoch: [70][19999/50000]	Time  0.037 ( 0.038)	Data  0.001 ( 0.001)	Loss 0.0000e+00 (5.3245e-01)	Acc@1 100.00 ( 93.45)	Acc@5 100.00 ( 99.86)
25-Jan-26 00:56:38 - Epoch: [70][24999/50000]	Time  0.038 ( 0.038)	Data  0.001 ( 0.001)	Loss 0.0000e+00 (5.5045e-01)	Acc@1 100.00 ( 93.34)	Acc@5 100.00 ( 99.85)
25-Jan-26 00:59:50 - Epoch: [70][29999/50000]	Time  0.037 ( 0.038)	Data  0.001 ( 0.001)	Loss 0.0000e+00 (5.4848e-01)	Acc@1 100.00 ( 93.37)	Acc@5 100.00 ( 99.86)
25-Jan-26 01:03:01 - Epoch: [70][34999/50000]	Time  0.037 ( 0.038)	Data  0.001 ( 0.001)	Loss 0.0000e+00 (5.4444e-01)	Acc@1 100.00 ( 93.47)	Acc@5 100.00 ( 99.86)
25-Jan-26 01:06:13 - Epoch: [70][39999/50000]	Time  0.037 ( 0.038)	Data  0.001 ( 0.001)	Loss 0.0000e+00 (5.4412e-01)	Acc@1 100.00 ( 93.49)	Acc@5 100.00 ( 99.86)
25-Jan-26 01:09:25 - Epoch: [70][44999/50000]	Time  0.037 ( 0.038)	Data  0.001 ( 0.001)	Loss 4.1016e-01 (5.3961e-01)	Acc@1 100.00 ( 93.52)	Acc@5 100.00 ( 99.86)
25-Jan-26 01:12:36 - Epoch: [70][49999/50000]	Time  0.036 ( 0.038)	Data  0.001 ( 0.001)	Loss 0.0000e+00 (5.3480e-01)	Acc@1 100.00 ( 93.55)	Acc@5 100.00 ( 99.86)
25-Jan-26 01:12:36 -  @Training * Acc@1 93.552 Acc@5 99.862 Loss 0.535
25-Jan-26 01:12:36 - One training epoch latency: 1.917e+03s | Avg Power: 187.7W | Energy: 359885.7035J
25-Jan-26 01:12:47 -  @Testing * Acc@1 88.340 Acc@5 99.580 Loss 1.618
25-Jan-26 01:12:47 - Best acc at epoch 70: 88.61000061035156
25-Jan-26 01:12:47 - Last learning rate: [1.220703125e-07]
25-Jan-26 01:12:47 - 	 Epoch 71...
25-Jan-26 01:15:58 - Epoch: [71][ 4999/50000]	Time  0.037 ( 0.038)	Data  0.001 ( 0.001)	Loss 0.0000e+00 (5.0977e-01)	Acc@1 100.00 ( 93.50)	Acc@5 100.00 ( 99.86)
25-Jan-26 01:19:09 - Epoch: [71][ 9999/50000]	Time  0.037 ( 0.038)	Data  0.001 ( 0.001)	Loss 0.0000e+00 (5.2185e-01)	Acc@1 100.00 ( 93.49)	Acc@5 100.00 ( 99.87)
25-Jan-26 01:22:20 - Epoch: [71][14999/50000]	Time  0.037 ( 0.038)	Data  0.001 ( 0.001)	Loss 0.0000e+00 (5.3068e-01)	Acc@1 100.00 ( 93.45)	Acc@5 100.00 ( 99.90)
25-Jan-26 01:25:32 - Epoch: [71][19999/50000]	Time  0.037 ( 0.038)	Data  0.001 ( 0.001)	Loss 0.0000e+00 (5.1538e-01)	Acc@1 100.00 ( 93.56)	Acc@5 100.00 ( 99.89)
25-Jan-26 01:28:43 - Epoch: [71][24999/50000]	Time  0.038 ( 0.038)	Data  0.001 ( 0.001)	Loss 0.0000e+00 (5.2089e-01)	Acc@1 100.00 ( 93.53)	Acc@5 100.00 ( 99.90)
25-Jan-26 01:31:54 - Epoch: [71][29999/50000]	Time  0.037 ( 0.038)	Data  0.001 ( 0.001)	Loss 0.0000e+00 (5.2793e-01)	Acc@1 100.00 ( 93.50)	Acc@5 100.00 ( 99.90)
25-Jan-26 01:35:05 - Epoch: [71][34999/50000]	Time  0.039 ( 0.038)	Data  0.001 ( 0.001)	Loss 0.0000e+00 (5.3968e-01)	Acc@1 100.00 ( 93.43)	Acc@5 100.00 ( 99.89)
25-Jan-26 01:38:17 - Epoch: [71][39999/50000]	Time  0.037 ( 0.038)	Data  0.001 ( 0.001)	Loss 0.0000e+00 (5.4005e-01)	Acc@1 100.00 ( 93.44)	Acc@5 100.00 ( 99.89)
25-Jan-26 01:41:28 - Epoch: [71][44999/50000]	Time  0.038 ( 0.038)	Data  0.001 ( 0.001)	Loss 0.0000e+00 (5.3275e-01)	Acc@1 100.00 ( 93.49)	Acc@5 100.00 ( 99.89)
25-Jan-26 01:44:39 - Epoch: [71][49999/50000]	Time  0.036 ( 0.038)	Data  0.001 ( 0.001)	Loss 0.0000e+00 (5.3287e-01)	Acc@1 100.00 ( 93.49)	Acc@5 100.00 ( 99.88)
25-Jan-26 01:44:39 -  @Training * Acc@1 93.494 Acc@5 99.882 Loss 0.533
25-Jan-26 01:44:39 - One training epoch latency: 1.912e+03s | Avg Power: 187.9W | Energy: 359348.0300J
25-Jan-26 01:44:50 -  @Testing * Acc@1 88.310 Acc@5 99.610 Loss 1.602
25-Jan-26 01:44:50 - Best acc at epoch 71: 88.61000061035156
25-Jan-26 01:44:50 - Last learning rate: [1.220703125e-07]
25-Jan-26 01:44:50 - 	 Epoch 72...
25-Jan-26 01:48:01 - Epoch: [72][ 4999/50000]	Time  0.038 ( 0.038)	Data  0.001 ( 0.001)	Loss 0.0000e+00 (6.2352e-01)	Acc@1 100.00 ( 93.30)	Acc@5 100.00 ( 99.90)
25-Jan-26 01:51:12 - Epoch: [72][ 9999/50000]	Time  0.038 ( 0.038)	Data  0.001 ( 0.001)	Loss 0.0000e+00 (5.7723e-01)	Acc@1 100.00 ( 93.40)	Acc@5 100.00 ( 99.91)
25-Jan-26 01:54:23 - Epoch: [72][14999/50000]	Time  0.037 ( 0.038)	Data  0.001 ( 0.001)	Loss 0.0000e+00 (5.4921e-01)	Acc@1 100.00 ( 93.65)	Acc@5 100.00 ( 99.89)
25-Jan-26 01:57:34 - Epoch: [72][19999/50000]	Time  0.038 ( 0.038)	Data  0.001 ( 0.001)	Loss 2.0127e-01 (5.2031e-01)	Acc@1 100.00 ( 93.92)	Acc@5 100.00 ( 99.90)
25-Jan-26 02:00:46 - Epoch: [72][24999/50000]	Time  0.038 ( 0.038)	Data  0.001 ( 0.001)	Loss 0.0000e+00 (5.2236e-01)	Acc@1 100.00 ( 93.82)	Acc@5 100.00 ( 99.90)
25-Jan-26 02:03:57 - Epoch: [72][29999/50000]	Time  0.039 ( 0.038)	Data  0.001 ( 0.001)	Loss 0.0000e+00 (5.1986e-01)	Acc@1 100.00 ( 93.83)	Acc@5 100.00 ( 99.89)
25-Jan-26 02:07:08 - Epoch: [72][34999/50000]	Time  0.062 ( 0.038)	Data  0.001 ( 0.001)	Loss 0.0000e+00 (5.2842e-01)	Acc@1 100.00 ( 93.71)	Acc@5 100.00 ( 99.88)
25-Jan-26 02:10:19 - Epoch: [72][39999/50000]	Time  0.037 ( 0.038)	Data  0.001 ( 0.001)	Loss 0.0000e+00 (5.2911e-01)	Acc@1 100.00 ( 93.67)	Acc@5 100.00 ( 99.88)
25-Jan-26 02:13:30 - Epoch: [72][44999/50000]	Time  0.039 ( 0.038)	Data  0.001 ( 0.001)	Loss 0.0000e+00 (5.2860e-01)	Acc@1 100.00 ( 93.67)	Acc@5 100.00 ( 99.88)
25-Jan-26 02:16:42 - Epoch: [72][49999/50000]	Time  0.036 ( 0.038)	Data  0.001 ( 0.001)	Loss 3.4231e-04 (5.2710e-01)	Acc@1 100.00 ( 93.74)	Acc@5 100.00 ( 99.88)
25-Jan-26 02:16:42 -  @Training * Acc@1 93.736 Acc@5 99.876 Loss 0.527
25-Jan-26 02:16:42 - One training epoch latency: 1.912e+03s | Avg Power: 188.0W | Energy: 359486.6402J
25-Jan-26 02:16:52 -  @Testing * Acc@1 88.400 Acc@5 99.610 Loss 1.606
25-Jan-26 02:16:52 - Best acc at epoch 72: 88.61000061035156
25-Jan-26 02:16:52 - Last learning rate: [1.220703125e-07]
25-Jan-26 02:16:52 - 	 Epoch 73...
25-Jan-26 02:20:03 - Epoch: [73][ 4999/50000]	Time  0.037 ( 0.038)	Data  0.001 ( 0.001)	Loss 0.0000e+00 (6.2033e-01)	Acc@1 100.00 ( 92.64)	Acc@5 100.00 ( 99.78)
25-Jan-26 02:23:15 - Epoch: [73][ 9999/50000]	Time  0.037 ( 0.038)	Data  0.001 ( 0.001)	Loss 0.0000e+00 (5.6508e-01)	Acc@1 100.00 ( 93.16)	Acc@5 100.00 ( 99.87)
25-Jan-26 02:26:26 - Epoch: [73][14999/50000]	Time  0.037 ( 0.038)	Data  0.001 ( 0.001)	Loss 6.8010e-04 (5.7355e-01)	Acc@1 100.00 ( 93.13)	Acc@5 100.00 ( 99.84)
25-Jan-26 02:29:38 - Epoch: [73][19999/50000]	Time  0.037 ( 0.038)	Data  0.001 ( 0.001)	Loss 0.0000e+00 (5.6594e-01)	Acc@1 100.00 ( 93.14)	Acc@5 100.00 ( 99.85)
25-Jan-26 02:32:49 - Epoch: [73][24999/50000]	Time  0.037 ( 0.038)	Data  0.001 ( 0.001)	Loss 3.0994e-06 (5.5531e-01)	Acc@1 100.00 ( 93.29)	Acc@5 100.00 ( 99.84)
25-Jan-26 02:36:00 - Epoch: [73][29999/50000]	Time  0.037 ( 0.038)	Data  0.001 ( 0.001)	Loss 0.0000e+00 (5.5101e-01)	Acc@1 100.00 ( 93.41)	Acc@5 100.00 ( 99.84)
25-Jan-26 02:39:12 - Epoch: [73][34999/50000]	Time  0.038 ( 0.038)	Data  0.001 ( 0.001)	Loss 0.0000e+00 (5.5014e-01)	Acc@1 100.00 ( 93.45)	Acc@5 100.00 ( 99.85)
25-Jan-26 02:42:23 - Epoch: [73][39999/50000]	Time  0.037 ( 0.038)	Data  0.001 ( 0.001)	Loss 0.0000e+00 (5.5165e-01)	Acc@1 100.00 ( 93.38)	Acc@5 100.00 ( 99.86)
25-Jan-26 02:45:34 - Epoch: [73][44999/50000]	Time  0.039 ( 0.038)	Data  0.001 ( 0.001)	Loss 0.0000e+00 (5.4729e-01)	Acc@1 100.00 ( 93.36)	Acc@5 100.00 ( 99.86)
25-Jan-26 02:48:46 - Epoch: [73][49999/50000]	Time  0.036 ( 0.038)	Data  0.001 ( 0.001)	Loss 0.0000e+00 (5.4044e-01)	Acc@1 100.00 ( 93.42)	Acc@5 100.00 ( 99.86)
25-Jan-26 02:48:46 -  @Training * Acc@1 93.416 Acc@5 99.864 Loss 0.540
25-Jan-26 02:48:46 - One training epoch latency: 1.914e+03s | Avg Power: 187.9W | Energy: 359523.9363J
25-Jan-26 02:48:56 -  @Testing * Acc@1 88.470 Acc@5 99.560 Loss 1.618
25-Jan-26 02:48:56 - Best acc at epoch 73: 88.61000061035156
25-Jan-26 02:48:56 - Last learning rate: [1.220703125e-07]
25-Jan-26 02:48:56 - 	 Epoch 74...
25-Jan-26 02:52:07 - Epoch: [74][ 4999/50000]	Time  0.039 ( 0.038)	Data  0.001 ( 0.001)	Loss 0.0000e+00 (4.8715e-01)	Acc@1 100.00 ( 93.98)	Acc@5 100.00 ( 99.88)
25-Jan-26 02:55:18 - Epoch: [74][ 9999/50000]	Time  0.037 ( 0.038)	Data  0.001 ( 0.001)	Loss 2.1813e-04 (5.1081e-01)	Acc@1 100.00 ( 93.85)	Acc@5 100.00 ( 99.90)
25-Jan-26 02:58:30 - Epoch: [74][14999/50000]	Time  0.037 ( 0.038)	Data  0.001 ( 0.001)	Loss 0.0000e+00 (5.2421e-01)	Acc@1 100.00 ( 93.72)	Acc@5 100.00 ( 99.90)
25-Jan-26 03:01:41 - Epoch: [74][19999/50000]	Time  0.037 ( 0.038)	Data  0.001 ( 0.001)	Loss 0.0000e+00 (5.1751e-01)	Acc@1 100.00 ( 93.73)	Acc@5 100.00 ( 99.91)
25-Jan-26 03:04:52 - Epoch: [74][24999/50000]	Time  0.038 ( 0.038)	Data  0.001 ( 0.001)	Loss 0.0000e+00 (5.3539e-01)	Acc@1 100.00 ( 93.63)	Acc@5 100.00 ( 99.91)
25-Jan-26 03:08:03 - Epoch: [74][29999/50000]	Time  0.037 ( 0.038)	Data  0.001 ( 0.001)	Loss 0.0000e+00 (5.4450e-01)	Acc@1 100.00 ( 93.56)	Acc@5 100.00 ( 99.90)
25-Jan-26 03:11:14 - Epoch: [74][34999/50000]	Time  0.037 ( 0.038)	Data  0.001 ( 0.001)	Loss 0.0000e+00 (5.3942e-01)	Acc@1 100.00 ( 93.60)	Acc@5 100.00 ( 99.89)
25-Jan-26 03:14:25 - Epoch: [74][39999/50000]	Time  0.037 ( 0.038)	Data  0.001 ( 0.001)	Loss 0.0000e+00 (5.3804e-01)	Acc@1 100.00 ( 93.62)	Acc@5 100.00 ( 99.88)
25-Jan-26 03:17:36 - Epoch: [74][44999/50000]	Time  0.037 ( 0.038)	Data  0.001 ( 0.001)	Loss 0.0000e+00 (5.4248e-01)	Acc@1 100.00 ( 93.58)	Acc@5 100.00 ( 99.88)
25-Jan-26 03:20:46 - Epoch: [74][49999/50000]	Time  0.036 ( 0.038)	Data  0.001 ( 0.001)	Loss 0.0000e+00 (5.4919e-01)	Acc@1 100.00 ( 93.55)	Acc@5 100.00 ( 99.87)
25-Jan-26 03:20:46 -  @Training * Acc@1 93.554 Acc@5 99.870 Loss 0.549
25-Jan-26 03:20:46 - One training epoch latency: 1.91e+03s | Avg Power: 188.0W | Energy: 359207.0213J
25-Jan-26 03:20:57 -  @Testing * Acc@1 88.460 Acc@5 99.620 Loss 1.591
25-Jan-26 03:20:57 - Best acc at epoch 74: 88.61000061035156
25-Jan-26 03:20:57 - Last learning rate: [1.220703125e-07]
25-Jan-26 03:20:57 - 	 Epoch 75...
25-Jan-26 03:24:08 - Epoch: [75][ 4999/50000]	Time  0.037 ( 0.038)	Data  0.001 ( 0.001)	Loss 0.0000e+00 (5.1079e-01)	Acc@1 100.00 ( 93.84)	Acc@5 100.00 ( 99.86)
25-Jan-26 03:27:19 - Epoch: [75][ 9999/50000]	Time  0.061 ( 0.038)	Data  0.001 ( 0.001)	Loss 0.0000e+00 (5.5697e-01)	Acc@1 100.00 ( 93.55)	Acc@5 100.00 ( 99.89)
25-Jan-26 03:30:30 - Epoch: [75][14999/50000]	Time  0.037 ( 0.038)	Data  0.001 ( 0.001)	Loss 0.0000e+00 (5.4761e-01)	Acc@1 100.00 ( 93.44)	Acc@5 100.00 ( 99.87)
25-Jan-26 03:33:41 - Epoch: [75][19999/50000]	Time  0.037 ( 0.038)	Data  0.001 ( 0.001)	Loss 0.0000e+00 (5.5140e-01)	Acc@1 100.00 ( 93.39)	Acc@5 100.00 ( 99.85)
25-Jan-26 03:36:53 - Epoch: [75][24999/50000]	Time  0.062 ( 0.038)	Data  0.001 ( 0.001)	Loss 0.0000e+00 (5.5323e-01)	Acc@1 100.00 ( 93.36)	Acc@5 100.00 ( 99.82)
25-Jan-26 03:40:05 - Epoch: [75][29999/50000]	Time  0.037 ( 0.038)	Data  0.001 ( 0.001)	Loss 0.0000e+00 (5.5716e-01)	Acc@1 100.00 ( 93.32)	Acc@5 100.00 ( 99.82)
25-Jan-26 03:43:16 - Epoch: [75][34999/50000]	Time  0.037 ( 0.038)	Data  0.001 ( 0.001)	Loss 0.0000e+00 (5.4895e-01)	Acc@1 100.00 ( 93.36)	Acc@5 100.00 ( 99.84)
25-Jan-26 03:46:28 - Epoch: [75][39999/50000]	Time  0.037 ( 0.038)	Data  0.001 ( 0.001)	Loss 1.6221e+01 (5.4506e-01)	Acc@1   0.00 ( 93.43)	Acc@5 100.00 ( 99.84)
25-Jan-26 03:49:39 - Epoch: [75][44999/50000]	Time  0.038 ( 0.038)	Data  0.001 ( 0.001)	Loss 8.0344e-05 (5.5392e-01)	Acc@1 100.00 ( 93.40)	Acc@5 100.00 ( 99.83)
25-Jan-26 03:52:51 - Epoch: [75][49999/50000]	Time  0.037 ( 0.038)	Data  0.001 ( 0.001)	Loss 0.0000e+00 (5.5991e-01)	Acc@1 100.00 ( 93.37)	Acc@5 100.00 ( 99.83)
25-Jan-26 03:52:51 -  @Training * Acc@1 93.372 Acc@5 99.834 Loss 0.560
25-Jan-26 03:52:51 - One training epoch latency: 1.914e+03s | Avg Power: 187.9W | Energy: 359741.5438J
25-Jan-26 03:53:01 -  @Testing * Acc@1 88.570 Acc@5 99.650 Loss 1.601
25-Jan-26 03:53:01 - Best acc at epoch 75: 88.61000061035156
25-Jan-26 03:53:01 - Last learning rate: [1.220703125e-07]
25-Jan-26 03:53:01 - 	 Epoch 76...
25-Jan-26 03:56:13 - Epoch: [76][ 4999/50000]	Time  0.037 ( 0.038)	Data  0.001 ( 0.001)	Loss 0.0000e+00 (5.4307e-01)	Acc@1 100.00 ( 93.48)	Acc@5 100.00 ( 99.90)
25-Jan-26 03:59:25 - Epoch: [76][ 9999/50000]	Time  0.037 ( 0.038)	Data  0.001 ( 0.001)	Loss 0.0000e+00 (5.3950e-01)	Acc@1 100.00 ( 93.44)	Acc@5 100.00 ( 99.87)
25-Jan-26 04:02:36 - Epoch: [76][14999/50000]	Time  0.038 ( 0.038)	Data  0.001 ( 0.001)	Loss 1.9894e-04 (5.3181e-01)	Acc@1 100.00 ( 93.46)	Acc@5 100.00 ( 99.90)
25-Jan-26 04:05:48 - Epoch: [76][19999/50000]	Time  0.037 ( 0.038)	Data  0.001 ( 0.001)	Loss 0.0000e+00 (5.4131e-01)	Acc@1 100.00 ( 93.39)	Acc@5 100.00 ( 99.90)
25-Jan-26 04:08:59 - Epoch: [76][24999/50000]	Time  0.057 ( 0.038)	Data  0.001 ( 0.001)	Loss 0.0000e+00 (5.4510e-01)	Acc@1 100.00 ( 93.30)	Acc@5 100.00 ( 99.92)
25-Jan-26 04:12:10 - Epoch: [76][29999/50000]	Time  0.037 ( 0.038)	Data  0.001 ( 0.001)	Loss 0.0000e+00 (5.4439e-01)	Acc@1 100.00 ( 93.35)	Acc@5 100.00 ( 99.91)
25-Jan-26 04:15:22 - Epoch: [76][34999/50000]	Time  0.037 ( 0.038)	Data  0.001 ( 0.001)	Loss 0.0000e+00 (5.4313e-01)	Acc@1 100.00 ( 93.40)	Acc@5 100.00 ( 99.90)
25-Jan-26 04:18:34 - Epoch: [76][39999/50000]	Time  0.038 ( 0.038)	Data  0.001 ( 0.001)	Loss 1.1921e-07 (5.3509e-01)	Acc@1 100.00 ( 93.43)	Acc@5 100.00 ( 99.90)
25-Jan-26 04:21:45 - Epoch: [76][44999/50000]	Time  0.038 ( 0.038)	Data  0.001 ( 0.001)	Loss 0.0000e+00 (5.4037e-01)	Acc@1 100.00 ( 93.44)	Acc@5 100.00 ( 99.90)
25-Jan-26 04:24:56 - Epoch: [76][49999/50000]	Time  0.037 ( 0.038)	Data  0.001 ( 0.001)	Loss 0.0000e+00 (5.3788e-01)	Acc@1 100.00 ( 93.46)	Acc@5 100.00 ( 99.90)
25-Jan-26 04:24:57 -  @Training * Acc@1 93.460 Acc@5 99.898 Loss 0.538
25-Jan-26 04:24:57 - One training epoch latency: 1.915e+03s | Avg Power: 187.9W | Energy: 359786.4810J
25-Jan-26 04:25:07 -  @Testing * Acc@1 88.140 Acc@5 99.580 Loss 1.611
25-Jan-26 04:25:07 - Best acc at epoch 76: 88.61000061035156
25-Jan-26 04:25:07 - Last learning rate: [6.103515625e-08]
25-Jan-26 04:25:07 - 	 Epoch 77...
25-Jan-26 04:28:19 - Epoch: [77][ 4999/50000]	Time  0.038 ( 0.038)	Data  0.001 ( 0.001)	Loss 0.0000e+00 (5.2604e-01)	Acc@1 100.00 ( 93.54)	Acc@5 100.00 ( 99.90)
25-Jan-26 04:31:30 - Epoch: [77][ 9999/50000]	Time  0.037 ( 0.038)	Data  0.001 ( 0.001)	Loss 0.0000e+00 (5.3407e-01)	Acc@1 100.00 ( 93.51)	Acc@5 100.00 ( 99.86)
25-Jan-26 04:34:42 - Epoch: [77][14999/50000]	Time  0.046 ( 0.038)	Data  0.010 ( 0.001)	Loss 0.0000e+00 (5.2491e-01)	Acc@1 100.00 ( 93.51)	Acc@5 100.00 ( 99.87)
25-Jan-26 04:37:54 - Epoch: [77][19999/50000]	Time  0.037 ( 0.038)	Data  0.001 ( 0.001)	Loss 0.0000e+00 (5.3662e-01)	Acc@1 100.00 ( 93.43)	Acc@5 100.00 ( 99.88)
25-Jan-26 04:41:07 - Epoch: [77][24999/50000]	Time  0.037 ( 0.038)	Data  0.001 ( 0.001)	Loss 0.0000e+00 (5.2260e-01)	Acc@1 100.00 ( 93.59)	Acc@5 100.00 ( 99.87)
25-Jan-26 04:44:18 - Epoch: [77][29999/50000]	Time  0.037 ( 0.038)	Data  0.001 ( 0.001)	Loss 0.0000e+00 (5.2800e-01)	Acc@1 100.00 ( 93.61)	Acc@5 100.00 ( 99.87)
25-Jan-26 04:47:29 - Epoch: [77][34999/50000]	Time  0.037 ( 0.038)	Data  0.001 ( 0.001)	Loss 1.3113e-06 (5.2485e-01)	Acc@1 100.00 ( 93.63)	Acc@5 100.00 ( 99.88)
25-Jan-26 04:50:40 - Epoch: [77][39999/50000]	Time  0.038 ( 0.038)	Data  0.001 ( 0.001)	Loss 0.0000e+00 (5.2096e-01)	Acc@1 100.00 ( 93.68)	Acc@5 100.00 ( 99.88)
25-Jan-26 04:53:51 - Epoch: [77][44999/50000]	Time  0.037 ( 0.038)	Data  0.001 ( 0.001)	Loss 0.0000e+00 (5.1972e-01)	Acc@1 100.00 ( 93.63)	Acc@5 100.00 ( 99.88)
25-Jan-26 04:57:02 - Epoch: [77][49999/50000]	Time  0.036 ( 0.038)	Data  0.001 ( 0.001)	Loss 7.2668e-01 (5.2199e-01)	Acc@1   0.00 ( 93.60)	Acc@5 100.00 ( 99.88)
25-Jan-26 04:57:02 -  @Training * Acc@1 93.602 Acc@5 99.876 Loss 0.522
25-Jan-26 04:57:02 - One training epoch latency: 1.915e+03s | Avg Power: 187.9W | Energy: 359803.8674J
25-Jan-26 04:57:12 -  @Testing * Acc@1 88.460 Acc@5 99.640 Loss 1.609
25-Jan-26 04:57:12 - Best acc at epoch 77: 88.61000061035156
25-Jan-26 04:57:12 - Last learning rate: [6.103515625e-08]
25-Jan-26 04:57:12 - 	 Epoch 78...
25-Jan-26 05:00:23 - Epoch: [78][ 4999/50000]	Time  0.037 ( 0.038)	Data  0.001 ( 0.001)	Loss 0.0000e+00 (5.7402e-01)	Acc@1 100.00 ( 93.26)	Acc@5 100.00 ( 99.88)
25-Jan-26 05:03:33 - Epoch: [78][ 9999/50000]	Time  0.037 ( 0.038)	Data  0.001 ( 0.001)	Loss 0.0000e+00 (5.1823e-01)	Acc@1 100.00 ( 93.64)	Acc@5 100.00 ( 99.86)
25-Jan-26 05:06:44 - Epoch: [78][14999/50000]	Time  0.037 ( 0.038)	Data  0.001 ( 0.001)	Loss 0.0000e+00 (5.5613e-01)	Acc@1 100.00 ( 93.58)	Acc@5 100.00 ( 99.84)
25-Jan-26 05:09:55 - Epoch: [78][19999/50000]	Time  0.038 ( 0.038)	Data  0.001 ( 0.001)	Loss 0.0000e+00 (5.5231e-01)	Acc@1 100.00 ( 93.58)	Acc@5 100.00 ( 99.86)
25-Jan-26 05:13:05 - Epoch: [78][24999/50000]	Time  0.037 ( 0.038)	Data  0.001 ( 0.001)	Loss 0.0000e+00 (5.4358e-01)	Acc@1 100.00 ( 93.55)	Acc@5 100.00 ( 99.87)
25-Jan-26 05:16:16 - Epoch: [78][29999/50000]	Time  0.037 ( 0.038)	Data  0.001 ( 0.001)	Loss 0.0000e+00 (5.4308e-01)	Acc@1 100.00 ( 93.55)	Acc@5 100.00 ( 99.87)
25-Jan-26 05:19:26 - Epoch: [78][34999/50000]	Time  0.037 ( 0.038)	Data  0.001 ( 0.001)	Loss 0.0000e+00 (5.3747e-01)	Acc@1 100.00 ( 93.58)	Acc@5 100.00 ( 99.87)
25-Jan-26 05:22:37 - Epoch: [78][39999/50000]	Time  0.037 ( 0.038)	Data  0.001 ( 0.001)	Loss 0.0000e+00 (5.3494e-01)	Acc@1 100.00 ( 93.62)	Acc@5 100.00 ( 99.86)
25-Jan-26 05:25:48 - Epoch: [78][44999/50000]	Time  0.037 ( 0.038)	Data  0.001 ( 0.001)	Loss 1.1921e-07 (5.3681e-01)	Acc@1 100.00 ( 93.62)	Acc@5 100.00 ( 99.87)
25-Jan-26 05:28:58 - Epoch: [78][49999/50000]	Time  0.036 ( 0.038)	Data  0.001 ( 0.001)	Loss 0.0000e+00 (5.3736e-01)	Acc@1 100.00 ( 93.65)	Acc@5 100.00 ( 99.87)
25-Jan-26 05:28:59 -  @Training * Acc@1 93.654 Acc@5 99.868 Loss 0.537
25-Jan-26 05:28:59 - One training epoch latency: 1.907e+03s | Avg Power: 188.0W | Energy: 358473.4793J
25-Jan-26 05:29:09 -  @Testing * Acc@1 88.430 Acc@5 99.560 Loss 1.599
25-Jan-26 05:29:09 - Best acc at epoch 78: 88.61000061035156
25-Jan-26 05:29:09 - Last learning rate: [6.103515625e-08]
25-Jan-26 05:29:09 - 	 Epoch 79...
25-Jan-26 05:32:20 - Epoch: [79][ 4999/50000]	Time  0.037 ( 0.038)	Data  0.001 ( 0.001)	Loss 0.0000e+00 (5.1396e-01)	Acc@1 100.00 ( 93.82)	Acc@5 100.00 ( 99.84)
25-Jan-26 05:35:30 - Epoch: [79][ 9999/50000]	Time  0.038 ( 0.038)	Data  0.001 ( 0.001)	Loss 0.0000e+00 (5.4544e-01)	Acc@1 100.00 ( 93.73)	Acc@5 100.00 ( 99.85)
25-Jan-26 05:38:41 - Epoch: [79][14999/50000]	Time  0.037 ( 0.038)	Data  0.001 ( 0.001)	Loss 7.7004e-01 (5.3457e-01)	Acc@1   0.00 ( 93.75)	Acc@5 100.00 ( 99.84)
25-Jan-26 05:41:51 - Epoch: [79][19999/50000]	Time  0.038 ( 0.038)	Data  0.001 ( 0.001)	Loss 1.8477e-05 (5.3563e-01)	Acc@1 100.00 ( 93.67)	Acc@5 100.00 ( 99.82)
25-Jan-26 05:45:02 - Epoch: [79][24999/50000]	Time  0.037 ( 0.038)	Data  0.001 ( 0.001)	Loss 0.0000e+00 (5.3979e-01)	Acc@1 100.00 ( 93.68)	Acc@5 100.00 ( 99.82)
25-Jan-26 05:48:13 - Epoch: [79][29999/50000]	Time  0.038 ( 0.038)	Data  0.001 ( 0.001)	Loss 0.0000e+00 (5.3846e-01)	Acc@1 100.00 ( 93.72)	Acc@5 100.00 ( 99.82)
25-Jan-26 05:51:23 - Epoch: [79][34999/50000]	Time  0.037 ( 0.038)	Data  0.001 ( 0.001)	Loss 0.0000e+00 (5.3589e-01)	Acc@1 100.00 ( 93.70)	Acc@5 100.00 ( 99.83)
25-Jan-26 05:54:34 - Epoch: [79][39999/50000]	Time  0.037 ( 0.038)	Data  0.001 ( 0.001)	Loss 0.0000e+00 (5.3135e-01)	Acc@1 100.00 ( 93.70)	Acc@5 100.00 ( 99.83)
25-Jan-26 05:57:44 - Epoch: [79][44999/50000]	Time  0.037 ( 0.038)	Data  0.001 ( 0.001)	Loss 0.0000e+00 (5.3516e-01)	Acc@1 100.00 ( 93.67)	Acc@5 100.00 ( 99.83)
25-Jan-26 06:00:54 - Epoch: [79][49999/50000]	Time  0.036 ( 0.038)	Data  0.001 ( 0.001)	Loss 0.0000e+00 (5.3455e-01)	Acc@1 100.00 ( 93.63)	Acc@5 100.00 ( 99.83)
25-Jan-26 06:00:54 -  @Training * Acc@1 93.632 Acc@5 99.830 Loss 0.535
25-Jan-26 06:00:54 - One training epoch latency: 1.905e+03s | Avg Power: 188.8W | Energy: 359830.5485J
25-Jan-26 06:01:05 -  @Testing * Acc@1 88.530 Acc@5 99.610 Loss 1.599
25-Jan-26 06:01:05 - Best acc at epoch 79: 88.61000061035156
25-Jan-26 06:01:05 - Last learning rate: [6.103515625e-08]
25-Jan-26 06:01:05 - 	 Epoch 80...
25-Jan-26 06:04:15 - Epoch: [80][ 4999/50000]	Time  0.037 ( 0.038)	Data  0.001 ( 0.001)	Loss 1.3479e-01 (5.3318e-01)	Acc@1 100.00 ( 93.50)	Acc@5 100.00 ( 99.88)
25-Jan-26 06:07:25 - Epoch: [80][ 9999/50000]	Time  0.037 ( 0.038)	Data  0.001 ( 0.001)	Loss 0.0000e+00 (5.1748e-01)	Acc@1 100.00 ( 93.55)	Acc@5 100.00 ( 99.87)
25-Jan-26 06:10:36 - Epoch: [80][14999/50000]	Time  0.037 ( 0.038)	Data  0.001 ( 0.001)	Loss 0.0000e+00 (5.2724e-01)	Acc@1 100.00 ( 93.61)	Acc@5 100.00 ( 99.84)
25-Jan-26 06:13:46 - Epoch: [80][19999/50000]	Time  0.038 ( 0.038)	Data  0.001 ( 0.001)	Loss 0.0000e+00 (5.4321e-01)	Acc@1 100.00 ( 93.37)	Acc@5 100.00 ( 99.85)
25-Jan-26 06:16:56 - Epoch: [80][24999/50000]	Time  0.038 ( 0.038)	Data  0.001 ( 0.001)	Loss 0.0000e+00 (5.5237e-01)	Acc@1 100.00 ( 93.39)	Acc@5 100.00 ( 99.85)
25-Jan-26 06:20:06 - Epoch: [80][29999/50000]	Time  0.037 ( 0.038)	Data  0.001 ( 0.001)	Loss 0.0000e+00 (5.4739e-01)	Acc@1 100.00 ( 93.50)	Acc@5 100.00 ( 99.86)
25-Jan-26 06:23:17 - Epoch: [80][34999/50000]	Time  0.038 ( 0.038)	Data  0.001 ( 0.001)	Loss 0.0000e+00 (5.3981e-01)	Acc@1 100.00 ( 93.56)	Acc@5 100.00 ( 99.85)
25-Jan-26 06:26:27 - Epoch: [80][39999/50000]	Time  0.037 ( 0.038)	Data  0.001 ( 0.001)	Loss 0.0000e+00 (5.4251e-01)	Acc@1 100.00 ( 93.52)	Acc@5 100.00 ( 99.85)
25-Jan-26 06:29:37 - Epoch: [80][44999/50000]	Time  0.038 ( 0.038)	Data  0.001 ( 0.001)	Loss 0.0000e+00 (5.4269e-01)	Acc@1 100.00 ( 93.53)	Acc@5 100.00 ( 99.84)
25-Jan-26 06:32:48 - Epoch: [80][49999/50000]	Time  0.036 ( 0.038)	Data  0.001 ( 0.001)	Loss 1.1288e-04 (5.4448e-01)	Acc@1 100.00 ( 93.54)	Acc@5 100.00 ( 99.84)
25-Jan-26 06:32:48 -  @Training * Acc@1 93.542 Acc@5 99.838 Loss 0.544
25-Jan-26 06:32:48 - One training epoch latency: 1.903e+03s | Avg Power: 184.6W | Energy: 351202.9336J
25-Jan-26 06:32:58 -  @Testing * Acc@1 88.290 Acc@5 99.580 Loss 1.609
25-Jan-26 06:32:58 - Best acc at epoch 80: 88.61000061035156
25-Jan-26 06:32:58 - Last learning rate: [6.103515625e-08]
25-Jan-26 06:32:58 - 	 Epoch 81...
25-Jan-26 06:36:09 - Epoch: [81][ 4999/50000]	Time  0.040 ( 0.038)	Data  0.002 ( 0.001)	Loss 0.0000e+00 (5.2003e-01)	Acc@1 100.00 ( 93.44)	Acc@5 100.00 ( 99.82)
25-Jan-26 06:39:19 - Epoch: [81][ 9999/50000]	Time  0.037 ( 0.038)	Data  0.001 ( 0.001)	Loss 0.0000e+00 (5.0945e-01)	Acc@1 100.00 ( 93.53)	Acc@5 100.00 ( 99.87)
25-Jan-26 06:42:30 - Epoch: [81][14999/50000]	Time  0.037 ( 0.038)	Data  0.001 ( 0.001)	Loss 0.0000e+00 (5.2930e-01)	Acc@1 100.00 ( 93.47)	Acc@5 100.00 ( 99.91)
25-Jan-26 06:45:41 - Epoch: [81][19999/50000]	Time  0.037 ( 0.038)	Data  0.001 ( 0.001)	Loss 0.0000e+00 (5.4970e-01)	Acc@1 100.00 ( 93.34)	Acc@5 100.00 ( 99.88)
25-Jan-26 06:48:51 - Epoch: [81][24999/50000]	Time  0.037 ( 0.038)	Data  0.001 ( 0.001)	Loss 1.5101e-01 (5.4577e-01)	Acc@1 100.00 ( 93.40)	Acc@5 100.00 ( 99.90)
25-Jan-26 06:52:02 - Epoch: [81][29999/50000]	Time  0.038 ( 0.038)	Data  0.001 ( 0.001)	Loss 0.0000e+00 (5.2977e-01)	Acc@1 100.00 ( 93.47)	Acc@5 100.00 ( 99.89)
25-Jan-26 06:55:12 - Epoch: [81][34999/50000]	Time  0.037 ( 0.038)	Data  0.001 ( 0.001)	Loss 3.5670e-02 (5.2791e-01)	Acc@1 100.00 ( 93.49)	Acc@5 100.00 ( 99.89)
25-Jan-26 06:58:23 - Epoch: [81][39999/50000]	Time  0.037 ( 0.038)	Data  0.001 ( 0.001)	Loss 0.0000e+00 (5.2569e-01)	Acc@1 100.00 ( 93.54)	Acc@5 100.00 ( 99.90)
25-Jan-26 07:01:33 - Epoch: [81][44999/50000]	Time  0.037 ( 0.038)	Data  0.001 ( 0.001)	Loss 0.0000e+00 (5.2884e-01)	Acc@1 100.00 ( 93.50)	Acc@5 100.00 ( 99.90)
25-Jan-26 07:04:44 - Epoch: [81][49999/50000]	Time  0.036 ( 0.038)	Data  0.001 ( 0.001)	Loss 0.0000e+00 (5.2932e-01)	Acc@1 100.00 ( 93.56)	Acc@5 100.00 ( 99.89)
25-Jan-26 07:04:44 -  @Training * Acc@1 93.560 Acc@5 99.892 Loss 0.529
25-Jan-26 07:04:44 - One training epoch latency: 1.906e+03s | Avg Power: 184.3W | Energy: 351226.4728J
25-Jan-26 07:04:54 -  @Testing * Acc@1 88.800 Acc@5 99.610 Loss 1.588
25-Jan-26 07:04:54 - Best acc at epoch 81: 88.79999542236328
25-Jan-26 07:04:54 - Last learning rate: [6.103515625e-08]
25-Jan-26 07:04:54 - 	 Epoch 82...
25-Jan-26 07:08:04 - Epoch: [82][ 4999/50000]	Time  0.038 ( 0.038)	Data  0.001 ( 0.001)	Loss 0.0000e+00 (5.0543e-01)	Acc@1 100.00 ( 94.10)	Acc@5 100.00 ( 99.86)
25-Jan-26 07:11:14 - Epoch: [82][ 9999/50000]	Time  0.037 ( 0.038)	Data  0.001 ( 0.001)	Loss 0.0000e+00 (5.1893e-01)	Acc@1 100.00 ( 93.84)	Acc@5 100.00 ( 99.88)
25-Jan-26 07:14:24 - Epoch: [82][14999/50000]	Time  0.038 ( 0.038)	Data  0.001 ( 0.001)	Loss 0.0000e+00 (5.1641e-01)	Acc@1 100.00 ( 93.81)	Acc@5 100.00 ( 99.87)
25-Jan-26 07:17:34 - Epoch: [82][19999/50000]	Time  0.038 ( 0.038)	Data  0.001 ( 0.001)	Loss 0.0000e+00 (5.1553e-01)	Acc@1 100.00 ( 93.82)	Acc@5 100.00 ( 99.83)
25-Jan-26 07:20:44 - Epoch: [82][24999/50000]	Time  0.037 ( 0.038)	Data  0.001 ( 0.001)	Loss 0.0000e+00 (5.2008e-01)	Acc@1 100.00 ( 93.78)	Acc@5 100.00 ( 99.82)
25-Jan-26 07:23:54 - Epoch: [82][29999/50000]	Time  0.037 ( 0.038)	Data  0.001 ( 0.001)	Loss 0.0000e+00 (5.2610e-01)	Acc@1 100.00 ( 93.74)	Acc@5 100.00 ( 99.82)
25-Jan-26 07:27:04 - Epoch: [82][34999/50000]	Time  0.037 ( 0.038)	Data  0.001 ( 0.001)	Loss 0.0000e+00 (5.3068e-01)	Acc@1 100.00 ( 93.68)	Acc@5 100.00 ( 99.82)
25-Jan-26 07:30:14 - Epoch: [82][39999/50000]	Time  0.037 ( 0.038)	Data  0.001 ( 0.001)	Loss 0.0000e+00 (5.2546e-01)	Acc@1 100.00 ( 93.74)	Acc@5 100.00 ( 99.82)
25-Jan-26 07:33:24 - Epoch: [82][44999/50000]	Time  0.037 ( 0.038)	Data  0.001 ( 0.001)	Loss 0.0000e+00 (5.2598e-01)	Acc@1 100.00 ( 93.76)	Acc@5 100.00 ( 99.83)
25-Jan-26 07:36:34 - Epoch: [82][49999/50000]	Time  0.036 ( 0.038)	Data  0.001 ( 0.001)	Loss 1.1921e-06 (5.2287e-01)	Acc@1 100.00 ( 93.83)	Acc@5 100.00 ( 99.82)
25-Jan-26 07:36:34 -  @Training * Acc@1 93.826 Acc@5 99.820 Loss 0.523
25-Jan-26 07:36:34 - One training epoch latency: 1.9e+03s | Avg Power: 184.8W | Energy: 350985.3087J
25-Jan-26 07:36:44 -  @Testing * Acc@1 88.470 Acc@5 99.600 Loss 1.601
25-Jan-26 07:36:44 - Best acc at epoch 82: 88.79999542236328
25-Jan-26 07:36:44 - Last learning rate: [3.0517578125e-08]
25-Jan-26 07:36:44 - 	 Epoch 83...
25-Jan-26 07:39:55 - Epoch: [83][ 4999/50000]	Time  0.037 ( 0.038)	Data  0.001 ( 0.001)	Loss 3.8938e+00 (5.5218e-01)	Acc@1   0.00 ( 93.82)	Acc@5 100.00 ( 99.76)
25-Jan-26 07:43:05 - Epoch: [83][ 9999/50000]	Time  0.038 ( 0.038)	Data  0.001 ( 0.001)	Loss 0.0000e+00 (5.5054e-01)	Acc@1 100.00 ( 93.75)	Acc@5 100.00 ( 99.82)
25-Jan-26 07:46:15 - Epoch: [83][14999/50000]	Time  0.037 ( 0.038)	Data  0.001 ( 0.001)	Loss 0.0000e+00 (5.2002e-01)	Acc@1 100.00 ( 93.74)	Acc@5 100.00 ( 99.83)
25-Jan-26 07:49:25 - Epoch: [83][19999/50000]	Time  0.037 ( 0.038)	Data  0.001 ( 0.001)	Loss 0.0000e+00 (5.1567e-01)	Acc@1 100.00 ( 93.74)	Acc@5 100.00 ( 99.86)
25-Jan-26 07:52:36 - Epoch: [83][24999/50000]	Time  0.038 ( 0.038)	Data  0.001 ( 0.001)	Loss 0.0000e+00 (5.1953e-01)	Acc@1 100.00 ( 93.72)	Acc@5 100.00 ( 99.86)
25-Jan-26 07:55:46 - Epoch: [83][29999/50000]	Time  0.037 ( 0.038)	Data  0.001 ( 0.001)	Loss 0.0000e+00 (5.1574e-01)	Acc@1 100.00 ( 93.73)	Acc@5 100.00 ( 99.87)
25-Jan-26 07:58:56 - Epoch: [83][34999/50000]	Time  0.037 ( 0.038)	Data  0.001 ( 0.001)	Loss 0.0000e+00 (5.1998e-01)	Acc@1 100.00 ( 93.73)	Acc@5 100.00 ( 99.86)
25-Jan-26 08:02:06 - Epoch: [83][39999/50000]	Time  0.037 ( 0.038)	Data  0.001 ( 0.001)	Loss 0.0000e+00 (5.2221e-01)	Acc@1 100.00 ( 93.69)	Acc@5 100.00 ( 99.86)
25-Jan-26 08:05:17 - Epoch: [83][44999/50000]	Time  0.037 ( 0.038)	Data  0.001 ( 0.001)	Loss 0.0000e+00 (5.2627e-01)	Acc@1 100.00 ( 93.66)	Acc@5 100.00 ( 99.84)
25-Jan-26 08:08:27 - Epoch: [83][49999/50000]	Time  0.036 ( 0.038)	Data  0.001 ( 0.001)	Loss 0.0000e+00 (5.1772e-01)	Acc@1 100.00 ( 93.70)	Acc@5 100.00 ( 99.86)
25-Jan-26 08:08:27 -  @Training * Acc@1 93.696 Acc@5 99.856 Loss 0.518
25-Jan-26 08:08:27 - One training epoch latency: 1.903e+03s | Avg Power: 184.7W | Energy: 351456.9687J
25-Jan-26 08:08:37 -  @Testing * Acc@1 88.460 Acc@5 99.580 Loss 1.606
25-Jan-26 08:08:37 - Best acc at epoch 83: 88.79999542236328
25-Jan-26 08:08:37 - Last learning rate: [3.0517578125e-08]
25-Jan-26 08:08:37 - 	 Epoch 84...
25-Jan-26 08:11:48 - Epoch: [84][ 4999/50000]	Time  0.037 ( 0.038)	Data  0.001 ( 0.001)	Loss 0.0000e+00 (5.1923e-01)	Acc@1 100.00 ( 94.02)	Acc@5 100.00 ( 99.84)
25-Jan-26 08:14:59 - Epoch: [84][ 9999/50000]	Time  0.037 ( 0.038)	Data  0.001 ( 0.001)	Loss 0.0000e+00 (5.2256e-01)	Acc@1 100.00 ( 93.84)	Acc@5 100.00 ( 99.84)
25-Jan-26 08:18:09 - Epoch: [84][14999/50000]	Time  0.037 ( 0.038)	Data  0.001 ( 0.001)	Loss 0.0000e+00 (5.4275e-01)	Acc@1 100.00 ( 93.58)	Acc@5 100.00 ( 99.86)
25-Jan-26 08:21:20 - Epoch: [84][19999/50000]	Time  0.038 ( 0.038)	Data  0.001 ( 0.001)	Loss 0.0000e+00 (5.4299e-01)	Acc@1 100.00 ( 93.61)	Acc@5 100.00 ( 99.86)
25-Jan-26 08:24:31 - Epoch: [84][24999/50000]	Time  0.040 ( 0.038)	Data  0.001 ( 0.001)	Loss 0.0000e+00 (5.2042e-01)	Acc@1 100.00 ( 93.82)	Acc@5 100.00 ( 99.87)
25-Jan-26 08:27:41 - Epoch: [84][29999/50000]	Time  0.037 ( 0.038)	Data  0.001 ( 0.001)	Loss 0.0000e+00 (5.2336e-01)	Acc@1 100.00 ( 93.83)	Acc@5 100.00 ( 99.85)
25-Jan-26 08:30:52 - Epoch: [84][34999/50000]	Time  0.036 ( 0.038)	Data  0.001 ( 0.001)	Loss 0.0000e+00 (5.3156e-01)	Acc@1 100.00 ( 93.79)	Acc@5 100.00 ( 99.85)
25-Jan-26 08:34:02 - Epoch: [84][39999/50000]	Time  0.037 ( 0.038)	Data  0.001 ( 0.001)	Loss 0.0000e+00 (5.2881e-01)	Acc@1 100.00 ( 93.78)	Acc@5 100.00 ( 99.84)
25-Jan-26 08:37:13 - Epoch: [84][44999/50000]	Time  0.037 ( 0.038)	Data  0.001 ( 0.001)	Loss 0.0000e+00 (5.3158e-01)	Acc@1 100.00 ( 93.74)	Acc@5 100.00 ( 99.83)
25-Jan-26 08:40:23 - Epoch: [84][49999/50000]	Time  0.037 ( 0.038)	Data  0.001 ( 0.001)	Loss 0.0000e+00 (5.3526e-01)	Acc@1 100.00 ( 93.71)	Acc@5 100.00 ( 99.84)
25-Jan-26 08:40:23 -  @Training * Acc@1 93.714 Acc@5 99.836 Loss 0.535
25-Jan-26 08:40:23 - One training epoch latency: 1.906e+03s | Avg Power: 184.3W | Energy: 351249.9584J
25-Jan-26 08:40:34 -  @Testing * Acc@1 88.400 Acc@5 99.620 Loss 1.603
25-Jan-26 08:40:34 - Best acc at epoch 84: 88.79999542236328
25-Jan-26 08:40:34 - Last learning rate: [3.0517578125e-08]
25-Jan-26 08:40:34 - 	 Epoch 85...
25-Jan-26 08:43:44 - Epoch: [85][ 4999/50000]	Time  0.038 ( 0.038)	Data  0.001 ( 0.001)	Loss 1.5887e+01 (5.2442e-01)	Acc@1   0.00 ( 93.92)	Acc@5 100.00 ( 99.94)
25-Jan-26 08:46:54 - Epoch: [85][ 9999/50000]	Time  0.038 ( 0.038)	Data  0.001 ( 0.001)	Loss 4.7684e-07 (5.2070e-01)	Acc@1 100.00 ( 93.90)	Acc@5 100.00 ( 99.88)
25-Jan-26 08:50:04 - Epoch: [85][14999/50000]	Time  0.037 ( 0.038)	Data  0.001 ( 0.001)	Loss 0.0000e+00 (5.2172e-01)	Acc@1 100.00 ( 93.78)	Acc@5 100.00 ( 99.90)
25-Jan-26 08:53:14 - Epoch: [85][19999/50000]	Time  0.038 ( 0.038)	Data  0.001 ( 0.001)	Loss 0.0000e+00 (5.2312e-01)	Acc@1 100.00 ( 93.83)	Acc@5 100.00 ( 99.89)
25-Jan-26 08:56:24 - Epoch: [85][24999/50000]	Time  0.037 ( 0.038)	Data  0.001 ( 0.001)	Loss 0.0000e+00 (5.2089e-01)	Acc@1 100.00 ( 93.85)	Acc@5 100.00 ( 99.89)
25-Jan-26 08:59:33 - Epoch: [85][29999/50000]	Time  0.037 ( 0.038)	Data  0.001 ( 0.001)	Loss 0.0000e+00 (5.2832e-01)	Acc@1 100.00 ( 93.75)	Acc@5 100.00 ( 99.88)
25-Jan-26 09:02:44 - Epoch: [85][34999/50000]	Time  0.037 ( 0.038)	Data  0.001 ( 0.001)	Loss 0.0000e+00 (5.3543e-01)	Acc@1 100.00 ( 93.72)	Acc@5 100.00 ( 99.87)
25-Jan-26 09:05:54 - Epoch: [85][39999/50000]	Time  0.037 ( 0.038)	Data  0.001 ( 0.001)	Loss 0.0000e+00 (5.3875e-01)	Acc@1 100.00 ( 93.70)	Acc@5 100.00 ( 99.87)
25-Jan-26 09:09:04 - Epoch: [85][44999/50000]	Time  0.037 ( 0.038)	Data  0.001 ( 0.001)	Loss 0.0000e+00 (5.4266e-01)	Acc@1 100.00 ( 93.66)	Acc@5 100.00 ( 99.87)
25-Jan-26 09:12:15 - Epoch: [85][49999/50000]	Time  0.037 ( 0.038)	Data  0.001 ( 0.001)	Loss 0.0000e+00 (5.3661e-01)	Acc@1 100.00 ( 93.69)	Acc@5 100.00 ( 99.87)
25-Jan-26 09:12:15 -  @Training * Acc@1 93.692 Acc@5 99.874 Loss 0.537
25-Jan-26 09:12:15 - One training epoch latency: 1.901e+03s | Avg Power: 184.4W | Energy: 350649.2018J
25-Jan-26 09:12:25 -  @Testing * Acc@1 88.700 Acc@5 99.640 Loss 1.558
25-Jan-26 09:12:25 - Best acc at epoch 85: 88.79999542236328
25-Jan-26 09:12:25 - Last learning rate: [3.0517578125e-08]
25-Jan-26 09:12:25 - 	 Epoch 86...
25-Jan-26 09:15:35 - Epoch: [86][ 4999/50000]	Time  0.037 ( 0.038)	Data  0.001 ( 0.001)	Loss 0.0000e+00 (4.6354e-01)	Acc@1 100.00 ( 94.20)	Acc@5 100.00 (100.00)
25-Jan-26 09:18:46 - Epoch: [86][ 9999/50000]	Time  0.037 ( 0.038)	Data  0.001 ( 0.001)	Loss 0.0000e+00 (5.0671e-01)	Acc@1 100.00 ( 93.70)	Acc@5 100.00 ( 99.93)
25-Jan-26 09:21:56 - Epoch: [86][14999/50000]	Time  0.037 ( 0.038)	Data  0.001 ( 0.001)	Loss 0.0000e+00 (4.8601e-01)	Acc@1 100.00 ( 93.81)	Acc@5 100.00 ( 99.90)
25-Jan-26 09:25:06 - Epoch: [86][19999/50000]	Time  0.037 ( 0.038)	Data  0.001 ( 0.001)	Loss 0.0000e+00 (5.0659e-01)	Acc@1 100.00 ( 93.63)	Acc@5 100.00 ( 99.87)
25-Jan-26 09:28:16 - Epoch: [86][24999/50000]	Time  0.037 ( 0.038)	Data  0.001 ( 0.001)	Loss 1.2769e+01 (5.1838e-01)	Acc@1   0.00 ( 93.56)	Acc@5 100.00 ( 99.88)
25-Jan-26 09:31:27 - Epoch: [86][29999/50000]	Time  0.037 ( 0.038)	Data  0.001 ( 0.001)	Loss 0.0000e+00 (5.1642e-01)	Acc@1 100.00 ( 93.59)	Acc@5 100.00 ( 99.87)
25-Jan-26 09:34:37 - Epoch: [86][34999/50000]	Time  0.037 ( 0.038)	Data  0.001 ( 0.001)	Loss 1.1921e-07 (5.1475e-01)	Acc@1 100.00 ( 93.63)	Acc@5 100.00 ( 99.87)
25-Jan-26 09:37:47 - Epoch: [86][39999/50000]	Time  0.037 ( 0.038)	Data  0.001 ( 0.001)	Loss 0.0000e+00 (5.1241e-01)	Acc@1 100.00 ( 93.72)	Acc@5 100.00 ( 99.85)
25-Jan-26 09:40:57 - Epoch: [86][44999/50000]	Time  0.037 ( 0.038)	Data  0.001 ( 0.001)	Loss 0.0000e+00 (5.1261e-01)	Acc@1 100.00 ( 93.71)	Acc@5 100.00 ( 99.85)
25-Jan-26 09:44:08 - Epoch: [86][49999/50000]	Time  0.037 ( 0.038)	Data  0.001 ( 0.001)	Loss 0.0000e+00 (5.1977e-01)	Acc@1 100.00 ( 93.66)	Acc@5 100.00 ( 99.86)
25-Jan-26 09:44:08 -  @Training * Acc@1 93.656 Acc@5 99.856 Loss 0.520
25-Jan-26 09:44:08 - One training epoch latency: 1.903e+03s | Avg Power: 184.0W | Energy: 350118.5115J
25-Jan-26 09:44:18 -  @Testing * Acc@1 88.560 Acc@5 99.620 Loss 1.602
25-Jan-26 09:44:18 - Best acc at epoch 86: 88.79999542236328
25-Jan-26 09:44:18 - Last learning rate: [3.0517578125e-08]
25-Jan-26 09:44:18 - 	 Epoch 87...
25-Jan-26 09:47:28 - Epoch: [87][ 4999/50000]	Time  0.037 ( 0.038)	Data  0.001 ( 0.001)	Loss 4.9232e-05 (5.8708e-01)	Acc@1 100.00 ( 92.78)	Acc@5 100.00 ( 99.76)
25-Jan-26 09:50:38 - Epoch: [87][ 9999/50000]	Time  0.037 ( 0.038)	Data  0.001 ( 0.001)	Loss 1.8886e+01 (6.0184e-01)	Acc@1   0.00 ( 93.10)	Acc@5 100.00 ( 99.78)
25-Jan-26 09:53:49 - Epoch: [87][14999/50000]	Time  0.037 ( 0.038)	Data  0.001 ( 0.001)	Loss 0.0000e+00 (5.6010e-01)	Acc@1 100.00 ( 93.37)	Acc@5 100.00 ( 99.83)
25-Jan-26 09:56:59 - Epoch: [87][19999/50000]	Time  0.038 ( 0.038)	Data  0.001 ( 0.001)	Loss 1.1363e+00 (5.4463e-01)	Acc@1   0.00 ( 93.48)	Acc@5 100.00 ( 99.85)
25-Jan-26 10:00:09 - Epoch: [87][24999/50000]	Time  0.036 ( 0.038)	Data  0.001 ( 0.001)	Loss 0.0000e+00 (5.3501e-01)	Acc@1 100.00 ( 93.54)	Acc@5 100.00 ( 99.85)
25-Jan-26 10:03:19 - Epoch: [87][29999/50000]	Time  0.037 ( 0.038)	Data  0.002 ( 0.001)	Loss 0.0000e+00 (5.4165e-01)	Acc@1 100.00 ( 93.56)	Acc@5 100.00 ( 99.85)
25-Jan-26 10:06:29 - Epoch: [87][34999/50000]	Time  0.037 ( 0.038)	Data  0.001 ( 0.001)	Loss 0.0000e+00 (5.4478e-01)	Acc@1 100.00 ( 93.51)	Acc@5 100.00 ( 99.85)
25-Jan-26 10:09:39 - Epoch: [87][39999/50000]	Time  0.037 ( 0.038)	Data  0.001 ( 0.001)	Loss 0.0000e+00 (5.4101e-01)	Acc@1 100.00 ( 93.50)	Acc@5 100.00 ( 99.86)
25-Jan-26 10:12:49 - Epoch: [87][44999/50000]	Time  0.037 ( 0.038)	Data  0.001 ( 0.001)	Loss 0.0000e+00 (5.3792e-01)	Acc@1 100.00 ( 93.55)	Acc@5 100.00 ( 99.86)
25-Jan-26 10:15:59 - Epoch: [87][49999/50000]	Time  0.036 ( 0.038)	Data  0.001 ( 0.001)	Loss 0.0000e+00 (5.3675e-01)	Acc@1 100.00 ( 93.60)	Acc@5 100.00 ( 99.86)
25-Jan-26 10:16:00 -  @Training * Acc@1 93.600 Acc@5 99.858 Loss 0.537
25-Jan-26 10:16:00 - One training epoch latency: 1.901e+03s | Avg Power: 184.1W | Energy: 350019.2871J
25-Jan-26 10:16:10 -  @Testing * Acc@1 88.550 Acc@5 99.620 Loss 1.588
25-Jan-26 10:16:10 - Best acc at epoch 87: 88.79999542236328
25-Jan-26 10:16:10 - Last learning rate: [3.0517578125e-08]
25-Jan-26 10:16:10 - 	 Epoch 88...
25-Jan-26 10:19:20 - Epoch: [88][ 4999/50000]	Time  0.037 ( 0.038)	Data  0.001 ( 0.001)	Loss 0.0000e+00 (5.1541e-01)	Acc@1 100.00 ( 93.62)	Acc@5 100.00 ( 99.84)
25-Jan-26 10:22:30 - Epoch: [88][ 9999/50000]	Time  0.037 ( 0.038)	Data  0.001 ( 0.001)	Loss 4.2915e-06 (5.3574e-01)	Acc@1 100.00 ( 93.56)	Acc@5 100.00 ( 99.85)
25-Jan-26 10:25:40 - Epoch: [88][14999/50000]	Time  0.037 ( 0.038)	Data  0.001 ( 0.001)	Loss 0.0000e+00 (5.1771e-01)	Acc@1 100.00 ( 93.86)	Acc@5 100.00 ( 99.87)
25-Jan-26 10:28:50 - Epoch: [88][19999/50000]	Time  0.037 ( 0.038)	Data  0.001 ( 0.001)	Loss 0.0000e+00 (5.2335e-01)	Acc@1 100.00 ( 93.82)	Acc@5 100.00 ( 99.88)
25-Jan-26 10:32:00 - Epoch: [88][24999/50000]	Time  0.037 ( 0.038)	Data  0.001 ( 0.001)	Loss 3.5452e-02 (5.3255e-01)	Acc@1 100.00 ( 93.76)	Acc@5 100.00 ( 99.87)
25-Jan-26 10:35:11 - Epoch: [88][29999/50000]	Time  0.036 ( 0.038)	Data  0.001 ( 0.001)	Loss 0.0000e+00 (5.4225e-01)	Acc@1 100.00 ( 93.71)	Acc@5 100.00 ( 99.85)
25-Jan-26 10:38:21 - Epoch: [88][34999/50000]	Time  0.038 ( 0.038)	Data  0.001 ( 0.001)	Loss 3.8147e-06 (5.4542e-01)	Acc@1 100.00 ( 93.69)	Acc@5 100.00 ( 99.87)
25-Jan-26 10:41:31 - Epoch: [88][39999/50000]	Time  0.037 ( 0.038)	Data  0.001 ( 0.001)	Loss 9.1668e-05 (5.4878e-01)	Acc@1 100.00 ( 93.65)	Acc@5 100.00 ( 99.88)
25-Jan-26 10:44:42 - Epoch: [88][44999/50000]	Time  0.038 ( 0.038)	Data  0.001 ( 0.001)	Loss 0.0000e+00 (5.4558e-01)	Acc@1 100.00 ( 93.65)	Acc@5 100.00 ( 99.88)
25-Jan-26 10:47:52 - Epoch: [88][49999/50000]	Time  0.060 ( 0.038)	Data  0.001 ( 0.001)	Loss 0.0000e+00 (5.3890e-01)	Acc@1 100.00 ( 93.66)	Acc@5 100.00 ( 99.89)
25-Jan-26 10:47:52 -  @Training * Acc@1 93.664 Acc@5 99.888 Loss 0.539
25-Jan-26 10:47:52 - One training epoch latency: 1.902e+03s | Avg Power: 184.0W | Energy: 350025.1147J
25-Jan-26 10:48:02 -  @Testing * Acc@1 88.470 Acc@5 99.630 Loss 1.593
25-Jan-26 10:48:02 - Best acc at epoch 88: 88.79999542236328
25-Jan-26 10:48:02 - Last learning rate: [3.0517578125e-08]
25-Jan-26 10:48:02 - 	 Epoch 89...
25-Jan-26 10:51:13 - Epoch: [89][ 4999/50000]	Time  0.037 ( 0.038)	Data  0.001 ( 0.001)	Loss 0.0000e+00 (4.5569e-01)	Acc@1 100.00 ( 94.32)	Acc@5 100.00 ( 99.80)
25-Jan-26 10:54:23 - Epoch: [89][ 9999/50000]	Time  0.037 ( 0.038)	Data  0.001 ( 0.001)	Loss 0.0000e+00 (4.7105e-01)	Acc@1 100.00 ( 94.09)	Acc@5 100.00 ( 99.85)
25-Jan-26 10:57:34 - Epoch: [89][14999/50000]	Time  0.038 ( 0.038)	Data  0.001 ( 0.001)	Loss 0.0000e+00 (4.9540e-01)	Acc@1 100.00 ( 93.83)	Acc@5 100.00 ( 99.87)
25-Jan-26 11:00:44 - Epoch: [89][19999/50000]	Time  0.036 ( 0.038)	Data  0.001 ( 0.001)	Loss 0.0000e+00 (4.9061e-01)	Acc@1 100.00 ( 93.93)	Acc@5 100.00 ( 99.84)
25-Jan-26 11:03:54 - Epoch: [89][24999/50000]	Time  0.037 ( 0.038)	Data  0.001 ( 0.001)	Loss 6.2225e-03 (4.9609e-01)	Acc@1 100.00 ( 93.91)	Acc@5 100.00 ( 99.84)
25-Jan-26 11:07:04 - Epoch: [89][29999/50000]	Time  0.037 ( 0.038)	Data  0.001 ( 0.001)	Loss 0.0000e+00 (5.0190e-01)	Acc@1 100.00 ( 93.90)	Acc@5 100.00 ( 99.82)
25-Jan-26 11:10:15 - Epoch: [89][34999/50000]	Time  0.037 ( 0.038)	Data  0.001 ( 0.001)	Loss 0.0000e+00 (5.1224e-01)	Acc@1 100.00 ( 93.85)	Acc@5 100.00 ( 99.81)
25-Jan-26 11:13:25 - Epoch: [89][39999/50000]	Time  0.037 ( 0.038)	Data  0.001 ( 0.001)	Loss 0.0000e+00 (5.0968e-01)	Acc@1 100.00 ( 93.82)	Acc@5 100.00 ( 99.82)
25-Jan-26 11:16:35 - Epoch: [89][44999/50000]	Time  0.037 ( 0.038)	Data  0.001 ( 0.001)	Loss 0.0000e+00 (5.0929e-01)	Acc@1 100.00 ( 93.76)	Acc@5 100.00 ( 99.83)
25-Jan-26 11:19:47 - Epoch: [89][49999/50000]	Time  0.036 ( 0.038)	Data  0.001 ( 0.001)	Loss 0.0000e+00 (5.0484e-01)	Acc@1 100.00 ( 93.80)	Acc@5 100.00 ( 99.83)
25-Jan-26 11:19:47 -  @Training * Acc@1 93.798 Acc@5 99.834 Loss 0.505
25-Jan-26 11:19:47 - One training epoch latency: 1.905e+03s | Avg Power: 183.8W | Energy: 350067.2792J
25-Jan-26 11:19:58 -  @Testing * Acc@1 88.300 Acc@5 99.630 Loss 1.606
25-Jan-26 11:19:58 - Best acc at epoch 89: 88.79999542236328
25-Jan-26 11:19:58 - Last learning rate: [3.0517578125e-08]
25-Jan-26 11:19:58 - 	 Epoch 90...
25-Jan-26 11:23:09 - Epoch: [90][ 4999/50000]	Time  0.039 ( 0.038)	Data  0.001 ( 0.001)	Loss 0.0000e+00 (5.4103e-01)	Acc@1 100.00 ( 93.68)	Acc@5 100.00 ( 99.84)
25-Jan-26 11:26:20 - Epoch: [90][ 9999/50000]	Time  0.037 ( 0.038)	Data  0.001 ( 0.001)	Loss 0.0000e+00 (5.4688e-01)	Acc@1 100.00 ( 93.40)	Acc@5 100.00 ( 99.88)
25-Jan-26 11:29:31 - Epoch: [90][14999/50000]	Time  0.038 ( 0.038)	Data  0.002 ( 0.001)	Loss 0.0000e+00 (5.4899e-01)	Acc@1 100.00 ( 93.53)	Acc@5 100.00 ( 99.83)
25-Jan-26 11:32:42 - Epoch: [90][19999/50000]	Time  0.037 ( 0.038)	Data  0.001 ( 0.001)	Loss 0.0000e+00 (5.5904e-01)	Acc@1 100.00 ( 93.50)	Acc@5 100.00 ( 99.83)
25-Jan-26 11:35:52 - Epoch: [90][24999/50000]	Time  0.037 ( 0.038)	Data  0.001 ( 0.001)	Loss 6.7185e-02 (5.4366e-01)	Acc@1 100.00 ( 93.60)	Acc@5 100.00 ( 99.84)
25-Jan-26 11:39:03 - Epoch: [90][29999/50000]	Time  0.037 ( 0.038)	Data  0.001 ( 0.001)	Loss 0.0000e+00 (5.4416e-01)	Acc@1 100.00 ( 93.62)	Acc@5 100.00 ( 99.83)
25-Jan-26 11:42:14 - Epoch: [90][34999/50000]	Time  0.038 ( 0.038)	Data  0.001 ( 0.001)	Loss 1.1921e-07 (5.4114e-01)	Acc@1 100.00 ( 93.66)	Acc@5 100.00 ( 99.83)
25-Jan-26 11:45:25 - Epoch: [90][39999/50000]	Time  0.038 ( 0.038)	Data  0.001 ( 0.001)	Loss 0.0000e+00 (5.3254e-01)	Acc@1 100.00 ( 93.68)	Acc@5 100.00 ( 99.85)
25-Jan-26 11:48:36 - Epoch: [90][44999/50000]	Time  0.037 ( 0.038)	Data  0.001 ( 0.001)	Loss 0.0000e+00 (5.3036e-01)	Acc@1 100.00 ( 93.72)	Acc@5 100.00 ( 99.85)
25-Jan-26 11:51:47 - Epoch: [90][49999/50000]	Time  0.036 ( 0.038)	Data  0.001 ( 0.001)	Loss 0.0000e+00 (5.2869e-01)	Acc@1 100.00 ( 93.71)	Acc@5 100.00 ( 99.85)
25-Jan-26 11:51:47 -  @Training * Acc@1 93.708 Acc@5 99.854 Loss 0.529
25-Jan-26 11:51:48 - One training epoch latency: 1.91e+03s | Avg Power: 185.4W | Energy: 353999.5214J
25-Jan-26 11:51:58 -  @Testing * Acc@1 88.530 Acc@5 99.590 Loss 1.607
25-Jan-26 11:51:58 - Best acc at epoch 90: 88.79999542236328
25-Jan-26 11:51:58 - Last learning rate: [3.0517578125e-08]
25-Jan-26 11:51:58 - 	 Epoch 91...
25-Jan-26 11:55:09 - Epoch: [91][ 4999/50000]	Time  0.037 ( 0.038)	Data  0.001 ( 0.001)	Loss 0.0000e+00 (5.0973e-01)	Acc@1 100.00 ( 93.40)	Acc@5 100.00 ( 99.82)
25-Jan-26 11:58:20 - Epoch: [91][ 9999/50000]	Time  0.037 ( 0.038)	Data  0.001 ( 0.001)	Loss 0.0000e+00 (5.4030e-01)	Acc@1 100.00 ( 93.45)	Acc@5 100.00 ( 99.86)
25-Jan-26 12:01:31 - Epoch: [91][14999/50000]	Time  0.037 ( 0.038)	Data  0.001 ( 0.001)	Loss 0.0000e+00 (5.2423e-01)	Acc@1 100.00 ( 93.54)	Acc@5 100.00 ( 99.87)
25-Jan-26 12:04:42 - Epoch: [91][19999/50000]	Time  0.037 ( 0.038)	Data  0.001 ( 0.001)	Loss 0.0000e+00 (5.2677e-01)	Acc@1 100.00 ( 93.51)	Acc@5 100.00 ( 99.88)
25-Jan-26 12:07:53 - Epoch: [91][24999/50000]	Time  0.037 ( 0.038)	Data  0.001 ( 0.001)	Loss 3.5610e-01 (5.2523e-01)	Acc@1 100.00 ( 93.56)	Acc@5 100.00 ( 99.86)
25-Jan-26 12:11:04 - Epoch: [91][29999/50000]	Time  0.037 ( 0.038)	Data  0.001 ( 0.001)	Loss 0.0000e+00 (5.2475e-01)	Acc@1 100.00 ( 93.53)	Acc@5 100.00 ( 99.86)
25-Jan-26 12:14:15 - Epoch: [91][34999/50000]	Time  0.038 ( 0.038)	Data  0.001 ( 0.001)	Loss 0.0000e+00 (5.3194e-01)	Acc@1 100.00 ( 93.51)	Acc@5 100.00 ( 99.86)
25-Jan-26 12:17:26 - Epoch: [91][39999/50000]	Time  0.037 ( 0.038)	Data  0.001 ( 0.001)	Loss 0.0000e+00 (5.2712e-01)	Acc@1 100.00 ( 93.54)	Acc@5 100.00 ( 99.86)
25-Jan-26 12:20:37 - Epoch: [91][44999/50000]	Time  0.059 ( 0.038)	Data  0.001 ( 0.001)	Loss 0.0000e+00 (5.2739e-01)	Acc@1 100.00 ( 93.55)	Acc@5 100.00 ( 99.86)
25-Jan-26 12:23:48 - Epoch: [91][49999/50000]	Time  0.037 ( 0.038)	Data  0.001 ( 0.001)	Loss 1.0323e+01 (5.3220e-01)	Acc@1   0.00 ( 93.56)	Acc@5 100.00 ( 99.86)
25-Jan-26 12:23:48 -  @Training * Acc@1 93.558 Acc@5 99.860 Loss 0.532
25-Jan-26 12:23:48 - One training epoch latency: 1.911e+03s | Avg Power: 187.5W | Energy: 358308.8974J
25-Jan-26 12:23:59 -  @Testing * Acc@1 88.520 Acc@5 99.610 Loss 1.583
25-Jan-26 12:23:59 - Best acc at epoch 91: 88.79999542236328
25-Jan-26 12:23:59 - Last learning rate: [1.52587890625e-08]
25-Jan-26 12:23:59 - 	 Epoch 92...
25-Jan-26 12:27:12 - Epoch: [92][ 4999/50000]	Time  0.061 ( 0.039)	Data  0.001 ( 0.001)	Loss 0.0000e+00 (5.0207e-01)	Acc@1 100.00 ( 93.68)	Acc@5 100.00 ( 99.90)
25-Jan-26 12:30:23 - Epoch: [92][ 9999/50000]	Time  0.064 ( 0.038)	Data  0.001 ( 0.001)	Loss 0.0000e+00 (4.9380e-01)	Acc@1 100.00 ( 93.95)	Acc@5 100.00 ( 99.86)
25-Jan-26 12:33:34 - Epoch: [92][14999/50000]	Time  0.037 ( 0.038)	Data  0.001 ( 0.001)	Loss 3.5763e-07 (5.3160e-01)	Acc@1 100.00 ( 93.78)	Acc@5 100.00 ( 99.82)
25-Jan-26 12:36:45 - Epoch: [92][19999/50000]	Time  0.038 ( 0.038)	Data  0.001 ( 0.001)	Loss 0.0000e+00 (5.3387e-01)	Acc@1 100.00 ( 93.71)	Acc@5 100.00 ( 99.82)
25-Jan-26 12:39:56 - Epoch: [92][24999/50000]	Time  0.038 ( 0.038)	Data  0.001 ( 0.001)	Loss 6.5565e-06 (5.3912e-01)	Acc@1 100.00 ( 93.59)	Acc@5 100.00 ( 99.83)
25-Jan-26 12:43:07 - Epoch: [92][29999/50000]	Time  0.051 ( 0.038)	Data  0.001 ( 0.001)	Loss 0.0000e+00 (5.3311e-01)	Acc@1 100.00 ( 93.63)	Acc@5 100.00 ( 99.83)
25-Jan-26 12:46:19 - Epoch: [92][34999/50000]	Time  0.037 ( 0.038)	Data  0.001 ( 0.001)	Loss 0.0000e+00 (5.2853e-01)	Acc@1 100.00 ( 93.67)	Acc@5 100.00 ( 99.84)
25-Jan-26 12:49:30 - Epoch: [92][39999/50000]	Time  0.039 ( 0.038)	Data  0.001 ( 0.001)	Loss 0.0000e+00 (5.2409e-01)	Acc@1 100.00 ( 93.75)	Acc@5 100.00 ( 99.85)
25-Jan-26 12:52:41 - Epoch: [92][44999/50000]	Time  0.037 ( 0.038)	Data  0.001 ( 0.001)	Loss 0.0000e+00 (5.2405e-01)	Acc@1 100.00 ( 93.78)	Acc@5 100.00 ( 99.85)
25-Jan-26 12:55:52 - Epoch: [92][49999/50000]	Time  0.036 ( 0.038)	Data  0.001 ( 0.001)	Loss 0.0000e+00 (5.2258e-01)	Acc@1 100.00 ( 93.77)	Acc@5 100.00 ( 99.85)
25-Jan-26 12:55:52 -  @Training * Acc@1 93.766 Acc@5 99.850 Loss 0.523
25-Jan-26 12:55:52 - One training epoch latency: 1.913e+03s | Avg Power: 187.0W | Energy: 357788.9249J
25-Jan-26 12:56:02 -  @Testing * Acc@1 88.490 Acc@5 99.570 Loss 1.605
25-Jan-26 12:56:02 - Best acc at epoch 92: 88.79999542236328
25-Jan-26 12:56:02 - Last learning rate: [1.52587890625e-08]
25-Jan-26 12:56:02 - 	 Epoch 93...
25-Jan-26 12:59:13 - Epoch: [93][ 4999/50000]	Time  0.037 ( 0.038)	Data  0.001 ( 0.001)	Loss 1.1921e-07 (5.6451e-01)	Acc@1 100.00 ( 93.34)	Acc@5 100.00 ( 99.84)
25-Jan-26 13:02:24 - Epoch: [93][ 9999/50000]	Time  0.040 ( 0.038)	Data  0.001 ( 0.001)	Loss 0.0000e+00 (5.4257e-01)	Acc@1 100.00 ( 93.47)	Acc@5 100.00 ( 99.89)
25-Jan-26 13:05:35 - Epoch: [93][14999/50000]	Time  0.037 ( 0.038)	Data  0.001 ( 0.001)	Loss 0.0000e+00 (5.3775e-01)	Acc@1 100.00 ( 93.48)	Acc@5 100.00 ( 99.91)
25-Jan-26 13:08:46 - Epoch: [93][19999/50000]	Time  0.037 ( 0.038)	Data  0.001 ( 0.001)	Loss 1.4305e-06 (5.3612e-01)	Acc@1 100.00 ( 93.54)	Acc@5 100.00 ( 99.90)
25-Jan-26 13:11:57 - Epoch: [93][24999/50000]	Time  0.038 ( 0.038)	Data  0.001 ( 0.001)	Loss 2.0740e-04 (5.4248e-01)	Acc@1 100.00 ( 93.56)	Acc@5 100.00 ( 99.90)
25-Jan-26 13:15:07 - Epoch: [93][29999/50000]	Time  0.036 ( 0.038)	Data  0.001 ( 0.001)	Loss 0.0000e+00 (5.4119e-01)	Acc@1 100.00 ( 93.61)	Acc@5 100.00 ( 99.90)
25-Jan-26 13:18:18 - Epoch: [93][34999/50000]	Time  0.037 ( 0.038)	Data  0.001 ( 0.001)	Loss 0.0000e+00 (5.3910e-01)	Acc@1 100.00 ( 93.64)	Acc@5 100.00 ( 99.90)
25-Jan-26 13:21:29 - Epoch: [93][39999/50000]	Time  0.037 ( 0.038)	Data  0.001 ( 0.001)	Loss 0.0000e+00 (5.4339e-01)	Acc@1 100.00 ( 93.60)	Acc@5 100.00 ( 99.88)
25-Jan-26 13:24:40 - Epoch: [93][44999/50000]	Time  0.037 ( 0.038)	Data  0.001 ( 0.001)	Loss 0.0000e+00 (5.4307e-01)	Acc@1 100.00 ( 93.56)	Acc@5 100.00 ( 99.88)
25-Jan-26 13:27:51 - Epoch: [93][49999/50000]	Time  0.036 ( 0.038)	Data  0.001 ( 0.001)	Loss 0.0000e+00 (5.4395e-01)	Acc@1 100.00 ( 93.53)	Acc@5 100.00 ( 99.87)
25-Jan-26 13:27:51 -  @Training * Acc@1 93.528 Acc@5 99.868 Loss 0.544
25-Jan-26 13:27:51 - One training epoch latency: 1.909e+03s | Avg Power: 187.6W | Energy: 358101.5076J
25-Jan-26 13:28:01 -  @Testing * Acc@1 88.380 Acc@5 99.610 Loss 1.591
25-Jan-26 13:28:01 - Best acc at epoch 93: 88.79999542236328
25-Jan-26 13:28:01 - Last learning rate: [1.52587890625e-08]
25-Jan-26 13:28:01 - 	 Epoch 94...
25-Jan-26 13:31:12 - Epoch: [94][ 4999/50000]	Time  0.038 ( 0.038)	Data  0.001 ( 0.001)	Loss 3.7985e-04 (5.1235e-01)	Acc@1 100.00 ( 93.56)	Acc@5 100.00 ( 99.94)
25-Jan-26 13:34:23 - Epoch: [94][ 9999/50000]	Time  0.038 ( 0.038)	Data  0.001 ( 0.001)	Loss 0.0000e+00 (5.4002e-01)	Acc@1 100.00 ( 93.67)	Acc@5 100.00 ( 99.88)
25-Jan-26 13:37:34 - Epoch: [94][14999/50000]	Time  0.038 ( 0.038)	Data  0.001 ( 0.001)	Loss 0.0000e+00 (5.2427e-01)	Acc@1 100.00 ( 93.71)	Acc@5 100.00 ( 99.91)
25-Jan-26 13:40:46 - Epoch: [94][19999/50000]	Time  0.037 ( 0.038)	Data  0.001 ( 0.001)	Loss 0.0000e+00 (5.2741e-01)	Acc@1 100.00 ( 93.65)	Acc@5 100.00 ( 99.90)
25-Jan-26 13:43:57 - Epoch: [94][24999/50000]	Time  0.037 ( 0.038)	Data  0.001 ( 0.001)	Loss 0.0000e+00 (5.3757e-01)	Acc@1 100.00 ( 93.56)	Acc@5 100.00 ( 99.89)
25-Jan-26 13:47:08 - Epoch: [94][29999/50000]	Time  0.061 ( 0.038)	Data  0.001 ( 0.001)	Loss 9.0049e+00 (5.3611e-01)	Acc@1   0.00 ( 93.56)	Acc@5 100.00 ( 99.89)
25-Jan-26 13:50:19 - Epoch: [94][34999/50000]	Time  0.037 ( 0.038)	Data  0.001 ( 0.001)	Loss 0.0000e+00 (5.4411e-01)	Acc@1 100.00 ( 93.53)	Acc@5 100.00 ( 99.89)
25-Jan-26 13:53:30 - Epoch: [94][39999/50000]	Time  0.037 ( 0.038)	Data  0.001 ( 0.001)	Loss 0.0000e+00 (5.4419e-01)	Acc@1 100.00 ( 93.59)	Acc@5 100.00 ( 99.88)
25-Jan-26 13:56:42 - Epoch: [94][44999/50000]	Time  0.038 ( 0.038)	Data  0.001 ( 0.001)	Loss 1.6332e-05 (5.3914e-01)	Acc@1 100.00 ( 93.62)	Acc@5 100.00 ( 99.88)
25-Jan-26 13:59:53 - Epoch: [94][49999/50000]	Time  0.036 ( 0.038)	Data  0.001 ( 0.001)	Loss 0.0000e+00 (5.3905e-01)	Acc@1 100.00 ( 93.62)	Acc@5 100.00 ( 99.87)
25-Jan-26 13:59:53 -  @Training * Acc@1 93.622 Acc@5 99.872 Loss 0.539
25-Jan-26 13:59:53 - One training epoch latency: 1.912e+03s | Avg Power: 187.3W | Energy: 358074.7019J
25-Jan-26 14:00:03 -  @Testing * Acc@1 88.390 Acc@5 99.630 Loss 1.592
25-Jan-26 14:00:03 - Best acc at epoch 94: 88.79999542236328
25-Jan-26 14:00:03 - Last learning rate: [1.52587890625e-08]
25-Jan-26 14:00:03 - 	 Epoch 95...
25-Jan-26 14:03:15 - Epoch: [95][ 4999/50000]	Time  0.039 ( 0.038)	Data  0.001 ( 0.001)	Loss 0.0000e+00 (5.7833e-01)	Acc@1 100.00 ( 93.24)	Acc@5 100.00 ( 99.88)
25-Jan-26 14:06:26 - Epoch: [95][ 9999/50000]	Time  0.037 ( 0.038)	Data  0.001 ( 0.001)	Loss 0.0000e+00 (5.7716e-01)	Acc@1 100.00 ( 93.22)	Acc@5 100.00 ( 99.84)
25-Jan-26 14:09:37 - Epoch: [95][14999/50000]	Time  0.037 ( 0.038)	Data  0.001 ( 0.001)	Loss 9.2019e-03 (5.5538e-01)	Acc@1 100.00 ( 93.34)	Acc@5 100.00 ( 99.85)
25-Jan-26 14:12:48 - Epoch: [95][19999/50000]	Time  0.037 ( 0.038)	Data  0.001 ( 0.001)	Loss 0.0000e+00 (5.5119e-01)	Acc@1 100.00 ( 93.42)	Acc@5 100.00 ( 99.84)
25-Jan-26 14:15:59 - Epoch: [95][24999/50000]	Time  0.037 ( 0.038)	Data  0.001 ( 0.001)	Loss 1.9608e+01 (5.5616e-01)	Acc@1   0.00 ( 93.40)	Acc@5 100.00 ( 99.83)
25-Jan-26 14:19:09 - Epoch: [95][29999/50000]	Time  0.038 ( 0.038)	Data  0.002 ( 0.001)	Loss 0.0000e+00 (5.5257e-01)	Acc@1 100.00 ( 93.46)	Acc@5 100.00 ( 99.84)
25-Jan-26 14:22:20 - Epoch: [95][34999/50000]	Time  0.037 ( 0.038)	Data  0.001 ( 0.001)	Loss 0.0000e+00 (5.5269e-01)	Acc@1 100.00 ( 93.47)	Acc@5 100.00 ( 99.84)
25-Jan-26 14:25:31 - Epoch: [95][39999/50000]	Time  0.037 ( 0.038)	Data  0.001 ( 0.001)	Loss 1.1921e-07 (5.5082e-01)	Acc@1 100.00 ( 93.45)	Acc@5 100.00 ( 99.85)
25-Jan-26 14:28:42 - Epoch: [95][44999/50000]	Time  0.037 ( 0.038)	Data  0.001 ( 0.001)	Loss 3.4451e-05 (5.4481e-01)	Acc@1 100.00 ( 93.45)	Acc@5 100.00 ( 99.86)
25-Jan-26 14:31:53 - Epoch: [95][49999/50000]	Time  0.035 ( 0.038)	Data  0.001 ( 0.001)	Loss 0.0000e+00 (5.4323e-01)	Acc@1 100.00 ( 93.48)	Acc@5 100.00 ( 99.86)
25-Jan-26 14:31:53 -  @Training * Acc@1 93.480 Acc@5 99.858 Loss 0.543
25-Jan-26 14:31:53 - One training epoch latency: 1.91e+03s | Avg Power: 187.4W | Energy: 357769.3126J
25-Jan-26 14:32:03 -  @Testing * Acc@1 88.450 Acc@5 99.640 Loss 1.591
25-Jan-26 14:32:03 - Best acc at epoch 95: 88.79999542236328
25-Jan-26 14:32:03 - Last learning rate: [1.52587890625e-08]
25-Jan-26 14:32:03 - 	 Epoch 96...
25-Jan-26 14:35:14 - Epoch: [96][ 4999/50000]	Time  0.038 ( 0.038)	Data  0.001 ( 0.001)	Loss 0.0000e+00 (5.1338e-01)	Acc@1 100.00 ( 94.12)	Acc@5 100.00 ( 99.88)
25-Jan-26 14:38:25 - Epoch: [96][ 9999/50000]	Time  0.038 ( 0.038)	Data  0.001 ( 0.001)	Loss 4.7684e-07 (5.0415e-01)	Acc@1 100.00 ( 94.02)	Acc@5 100.00 ( 99.89)
25-Jan-26 14:41:37 - Epoch: [96][14999/50000]	Time  0.037 ( 0.038)	Data  0.001 ( 0.001)	Loss 0.0000e+00 (5.1917e-01)	Acc@1 100.00 ( 93.87)	Acc@5 100.00 ( 99.87)
25-Jan-26 14:44:48 - Epoch: [96][19999/50000]	Time  0.037 ( 0.038)	Data  0.001 ( 0.001)	Loss 0.0000e+00 (5.2222e-01)	Acc@1 100.00 ( 93.73)	Acc@5 100.00 ( 99.88)
25-Jan-26 14:47:59 - Epoch: [96][24999/50000]	Time  0.037 ( 0.038)	Data  0.001 ( 0.001)	Loss 0.0000e+00 (5.2189e-01)	Acc@1 100.00 ( 93.72)	Acc@5 100.00 ( 99.88)
25-Jan-26 14:51:10 - Epoch: [96][29999/50000]	Time  0.062 ( 0.038)	Data  0.001 ( 0.001)	Loss 0.0000e+00 (5.1988e-01)	Acc@1 100.00 ( 93.74)	Acc@5 100.00 ( 99.87)
25-Jan-26 14:54:21 - Epoch: [96][34999/50000]	Time  0.037 ( 0.038)	Data  0.001 ( 0.001)	Loss 0.0000e+00 (5.2102e-01)	Acc@1 100.00 ( 93.67)	Acc@5 100.00 ( 99.88)
25-Jan-26 14:57:32 - Epoch: [96][39999/50000]	Time  0.037 ( 0.038)	Data  0.001 ( 0.001)	Loss 1.0092e+01 (5.2089e-01)	Acc@1   0.00 ( 93.69)	Acc@5 100.00 ( 99.88)
25-Jan-26 15:00:43 - Epoch: [96][44999/50000]	Time  0.038 ( 0.038)	Data  0.001 ( 0.001)	Loss 0.0000e+00 (5.2711e-01)	Acc@1 100.00 ( 93.63)	Acc@5 100.00 ( 99.87)
25-Jan-26 15:03:54 - Epoch: [96][49999/50000]	Time  0.036 ( 0.038)	Data  0.001 ( 0.001)	Loss 0.0000e+00 (5.3008e-01)	Acc@1 100.00 ( 93.63)	Acc@5 100.00 ( 99.87)
25-Jan-26 15:03:54 -  @Training * Acc@1 93.628 Acc@5 99.872 Loss 0.530
25-Jan-26 15:03:55 - One training epoch latency: 1.911e+03s | Avg Power: 187.0W | Energy: 357437.1126J
25-Jan-26 15:04:05 -  @Testing * Acc@1 88.700 Acc@5 99.600 Loss 1.594
25-Jan-26 15:04:05 - Best acc at epoch 96: 88.79999542236328
25-Jan-26 15:04:05 - Last learning rate: [1.52587890625e-08]
25-Jan-26 15:04:05 - 	 Epoch 97...
25-Jan-26 15:07:16 - Epoch: [97][ 4999/50000]	Time  0.037 ( 0.038)	Data  0.001 ( 0.001)	Loss 0.0000e+00 (5.4161e-01)	Acc@1 100.00 ( 93.62)	Acc@5 100.00 ( 99.82)
25-Jan-26 15:10:27 - Epoch: [97][ 9999/50000]	Time  0.062 ( 0.038)	Data  0.001 ( 0.001)	Loss 1.0011e-02 (5.0264e-01)	Acc@1 100.00 ( 93.82)	Acc@5 100.00 ( 99.83)
25-Jan-26 15:13:38 - Epoch: [97][14999/50000]	Time  0.045 ( 0.038)	Data  0.001 ( 0.001)	Loss 0.0000e+00 (5.0119e-01)	Acc@1 100.00 ( 93.69)	Acc@5 100.00 ( 99.85)
25-Jan-26 15:16:49 - Epoch: [97][19999/50000]	Time  0.060 ( 0.038)	Data  0.001 ( 0.001)	Loss 0.0000e+00 (5.1898e-01)	Acc@1 100.00 ( 93.61)	Acc@5 100.00 ( 99.85)
25-Jan-26 15:20:00 - Epoch: [97][24999/50000]	Time  0.037 ( 0.038)	Data  0.002 ( 0.001)	Loss 0.0000e+00 (5.2880e-01)	Acc@1 100.00 ( 93.58)	Acc@5 100.00 ( 99.86)
25-Jan-26 15:23:11 - Epoch: [97][29999/50000]	Time  0.037 ( 0.038)	Data  0.001 ( 0.001)	Loss 1.5970e+00 (5.3160e-01)	Acc@1   0.00 ( 93.52)	Acc@5 100.00 ( 99.85)
25-Jan-26 15:26:22 - Epoch: [97][34999/50000]	Time  0.037 ( 0.038)	Data  0.001 ( 0.001)	Loss 0.0000e+00 (5.3298e-01)	Acc@1 100.00 ( 93.51)	Acc@5 100.00 ( 99.86)
25-Jan-26 15:29:33 - Epoch: [97][39999/50000]	Time  0.037 ( 0.038)	Data  0.001 ( 0.001)	Loss 2.4122e-01 (5.3058e-01)	Acc@1 100.00 ( 93.54)	Acc@5 100.00 ( 99.86)
25-Jan-26 15:32:44 - Epoch: [97][44999/50000]	Time  0.037 ( 0.038)	Data  0.001 ( 0.001)	Loss 0.0000e+00 (5.3986e-01)	Acc@1 100.00 ( 93.50)	Acc@5 100.00 ( 99.86)
25-Jan-26 15:35:55 - Epoch: [97][49999/50000]	Time  0.037 ( 0.038)	Data  0.001 ( 0.001)	Loss 0.0000e+00 (5.3751e-01)	Acc@1 100.00 ( 93.53)	Acc@5 100.00 ( 99.86)
25-Jan-26 15:35:55 -  @Training * Acc@1 93.530 Acc@5 99.860 Loss 0.538
25-Jan-26 15:35:55 - One training epoch latency: 1.91e+03s | Avg Power: 187.4W | Energy: 357917.4485J
25-Jan-26 15:36:05 -  @Testing * Acc@1 88.400 Acc@5 99.600 Loss 1.609
25-Jan-26 15:36:05 - Best acc at epoch 97: 88.79999542236328
25-Jan-26 15:36:05 - Last learning rate: [1.52587890625e-08]
25-Jan-26 15:36:05 - 	 Epoch 98...
25-Jan-26 15:39:16 - Epoch: [98][ 4999/50000]	Time  0.037 ( 0.038)	Data  0.001 ( 0.001)	Loss 0.0000e+00 (5.3537e-01)	Acc@1 100.00 ( 93.24)	Acc@5 100.00 ( 99.86)
25-Jan-26 15:42:27 - Epoch: [98][ 9999/50000]	Time  0.037 ( 0.038)	Data  0.001 ( 0.001)	Loss 0.0000e+00 (5.1774e-01)	Acc@1 100.00 ( 93.59)	Acc@5 100.00 ( 99.87)
25-Jan-26 15:45:38 - Epoch: [98][14999/50000]	Time  0.037 ( 0.038)	Data  0.001 ( 0.001)	Loss 0.0000e+00 (5.0016e-01)	Acc@1 100.00 ( 93.77)	Acc@5 100.00 ( 99.87)
25-Jan-26 15:48:48 - Epoch: [98][19999/50000]	Time  0.037 ( 0.038)	Data  0.001 ( 0.001)	Loss 1.3278e+01 (5.1119e-01)	Acc@1   0.00 ( 93.77)	Acc@5 100.00 ( 99.86)
25-Jan-26 15:51:59 - Epoch: [98][24999/50000]	Time  0.037 ( 0.038)	Data  0.001 ( 0.001)	Loss 0.0000e+00 (5.1382e-01)	Acc@1 100.00 ( 93.74)	Acc@5 100.00 ( 99.87)
25-Jan-26 15:55:10 - Epoch: [98][29999/50000]	Time  0.037 ( 0.038)	Data  0.001 ( 0.001)	Loss 0.0000e+00 (5.1552e-01)	Acc@1 100.00 ( 93.72)	Acc@5 100.00 ( 99.87)
25-Jan-26 15:58:21 - Epoch: [98][34999/50000]	Time  0.036 ( 0.038)	Data  0.001 ( 0.001)	Loss 0.0000e+00 (5.1327e-01)	Acc@1 100.00 ( 93.78)	Acc@5 100.00 ( 99.88)
25-Jan-26 16:01:32 - Epoch: [98][39999/50000]	Time  0.039 ( 0.038)	Data  0.002 ( 0.001)	Loss 0.0000e+00 (5.1365e-01)	Acc@1 100.00 ( 93.73)	Acc@5 100.00 ( 99.88)
25-Jan-26 16:04:43 - Epoch: [98][44999/50000]	Time  0.037 ( 0.038)	Data  0.001 ( 0.001)	Loss 0.0000e+00 (5.2011e-01)	Acc@1 100.00 ( 93.66)	Acc@5 100.00 ( 99.87)
25-Jan-26 16:07:53 - Epoch: [98][49999/50000]	Time  0.038 ( 0.038)	Data  0.001 ( 0.001)	Loss 0.0000e+00 (5.1413e-01)	Acc@1 100.00 ( 93.74)	Acc@5 100.00 ( 99.86)
25-Jan-26 16:07:54 -  @Training * Acc@1 93.738 Acc@5 99.858 Loss 0.514
25-Jan-26 16:07:54 - One training epoch latency: 1.908e+03s | Avg Power: 187.1W | Energy: 356994.9967J
25-Jan-26 16:08:04 -  @Testing * Acc@1 88.480 Acc@5 99.630 Loss 1.590
25-Jan-26 16:08:04 - Best acc at epoch 98: 88.79999542236328
25-Jan-26 16:08:04 - Last learning rate: [1.52587890625e-08]
25-Jan-26 16:08:04 - 	 Epoch 99...
25-Jan-26 16:11:15 - Epoch: [99][ 4999/50000]	Time  0.037 ( 0.038)	Data  0.001 ( 0.001)	Loss 0.0000e+00 (5.7550e-01)	Acc@1 100.00 ( 93.28)	Acc@5 100.00 ( 99.86)
25-Jan-26 16:14:28 - Epoch: [99][ 9999/50000]	Time  0.037 ( 0.038)	Data  0.001 ( 0.001)	Loss 0.0000e+00 (5.7605e-01)	Acc@1 100.00 ( 93.52)	Acc@5 100.00 ( 99.85)
25-Jan-26 16:17:39 - Epoch: [99][14999/50000]	Time  0.038 ( 0.038)	Data  0.001 ( 0.001)	Loss 0.0000e+00 (5.6207e-01)	Acc@1 100.00 ( 93.44)	Acc@5 100.00 ( 99.89)
25-Jan-26 16:20:50 - Epoch: [99][19999/50000]	Time  0.037 ( 0.038)	Data  0.001 ( 0.001)	Loss 0.0000e+00 (5.4455e-01)	Acc@1 100.00 ( 93.52)	Acc@5 100.00 ( 99.89)
25-Jan-26 16:24:02 - Epoch: [99][24999/50000]	Time  0.040 ( 0.038)	Data  0.003 ( 0.001)	Loss 4.8419e-03 (5.4118e-01)	Acc@1 100.00 ( 93.61)	Acc@5 100.00 ( 99.86)
25-Jan-26 16:27:13 - Epoch: [99][29999/50000]	Time  0.037 ( 0.038)	Data  0.001 ( 0.001)	Loss 0.0000e+00 (5.3990e-01)	Acc@1 100.00 ( 93.59)	Acc@5 100.00 ( 99.86)
25-Jan-26 16:30:24 - Epoch: [99][34999/50000]	Time  0.037 ( 0.038)	Data  0.001 ( 0.001)	Loss 5.4358e-05 (5.4061e-01)	Acc@1 100.00 ( 93.53)	Acc@5 100.00 ( 99.86)
25-Jan-26 16:33:35 - Epoch: [99][39999/50000]	Time  0.038 ( 0.038)	Data  0.001 ( 0.001)	Loss 0.0000e+00 (5.4638e-01)	Acc@1 100.00 ( 93.54)	Acc@5 100.00 ( 99.86)
25-Jan-26 16:36:46 - Epoch: [99][44999/50000]	Time  0.037 ( 0.038)	Data  0.001 ( 0.001)	Loss 0.0000e+00 (5.4624e-01)	Acc@1 100.00 ( 93.56)	Acc@5 100.00 ( 99.85)
25-Jan-26 16:39:57 - Epoch: [99][49999/50000]	Time  0.036 ( 0.038)	Data  0.001 ( 0.001)	Loss 0.0000e+00 (5.4579e-01)	Acc@1 100.00 ( 93.55)	Acc@5 100.00 ( 99.85)
25-Jan-26 16:39:57 -  @Training * Acc@1 93.554 Acc@5 99.848 Loss 0.546
25-Jan-26 16:39:57 - One training epoch latency: 1.913e+03s | Avg Power: 187.2W | Energy: 358128.5492J
25-Jan-26 16:40:07 -  @Testing * Acc@1 88.620 Acc@5 99.630 Loss 1.594
25-Jan-26 16:40:07 - Best acc at epoch 99: 88.79999542236328
25-Jan-26 16:40:07 - Last learning rate: [1.52587890625e-08]
25-Jan-26 16:40:07 - 	 Epoch 100...
25-Jan-26 16:43:19 - Epoch: [100][ 4999/50000]	Time  0.038 ( 0.038)	Data  0.001 ( 0.001)	Loss 0.0000e+00 (6.4920e-01)	Acc@1 100.00 ( 92.80)	Acc@5 100.00 ( 99.80)
25-Jan-26 16:46:29 - Epoch: [100][ 9999/50000]	Time  0.037 ( 0.038)	Data  0.001 ( 0.001)	Loss 4.7636e+00 (5.8935e-01)	Acc@1   0.00 ( 93.33)	Acc@5 100.00 ( 99.89)
25-Jan-26 16:49:40 - Epoch: [100][14999/50000]	Time  0.037 ( 0.038)	Data  0.001 ( 0.001)	Loss 4.7684e-07 (5.4821e-01)	Acc@1 100.00 ( 93.58)	Acc@5 100.00 ( 99.87)
25-Jan-26 16:52:52 - Epoch: [100][19999/50000]	Time  0.038 ( 0.038)	Data  0.002 ( 0.001)	Loss 4.2990e-04 (5.4723e-01)	Acc@1 100.00 ( 93.59)	Acc@5 100.00 ( 99.88)
25-Jan-26 16:56:03 - Epoch: [100][24999/50000]	Time  0.038 ( 0.038)	Data  0.001 ( 0.001)	Loss 2.3853e-03 (5.4368e-01)	Acc@1 100.00 ( 93.66)	Acc@5 100.00 ( 99.87)
25-Jan-26 16:59:13 - Epoch: [100][29999/50000]	Time  0.038 ( 0.038)	Data  0.001 ( 0.001)	Loss 0.0000e+00 (5.4054e-01)	Acc@1 100.00 ( 93.62)	Acc@5 100.00 ( 99.87)
25-Jan-26 17:02:24 - Epoch: [100][34999/50000]	Time  0.037 ( 0.038)	Data  0.001 ( 0.001)	Loss 1.0864e+00 (5.4272e-01)	Acc@1   0.00 ( 93.63)	Acc@5 100.00 ( 99.86)
25-Jan-26 17:05:35 - Epoch: [100][39999/50000]	Time  0.038 ( 0.038)	Data  0.001 ( 0.001)	Loss 0.0000e+00 (5.4770e-01)	Acc@1 100.00 ( 93.54)	Acc@5 100.00 ( 99.86)
25-Jan-26 17:08:46 - Epoch: [100][44999/50000]	Time  0.038 ( 0.038)	Data  0.001 ( 0.001)	Loss 6.6517e-05 (5.4687e-01)	Acc@1 100.00 ( 93.51)	Acc@5 100.00 ( 99.87)
25-Jan-26 17:11:57 - Epoch: [100][49999/50000]	Time  0.036 ( 0.038)	Data  0.001 ( 0.001)	Loss 0.0000e+00 (5.4570e-01)	Acc@1 100.00 ( 93.56)	Acc@5 100.00 ( 99.87)
25-Jan-26 17:11:57 -  @Training * Acc@1 93.558 Acc@5 99.868 Loss 0.546
25-Jan-26 17:11:57 - One training epoch latency: 1.91e+03s | Avg Power: 187.3W | Energy: 357706.8539J
25-Jan-26 17:12:08 -  @Testing * Acc@1 88.640 Acc@5 99.600 Loss 1.593
25-Jan-26 17:12:08 - Best acc at epoch 100: 88.79999542236328
25-Jan-26 17:12:08 - Last learning rate: [1.52587890625e-08]
15-Feb-26 11:46:10 - Namespace(arch='cifar_tessvgg_model', cpu=False, dataset='CIFAR10', save_path='./experiments/CIFAR10_VGG_Lonic_wn_int4_ternary_int8', data_path='/home/cts3td/Datasets', trials=1, epochs=100, optimizer='Adam', loss='CE', lr=7.8125e-06, lr_conv=7.8125e-06, batch_size=1, val_batch_size=64, label_encoding='class', activation='LinearSpike', seed=1, pretrained_model=None, training_mode='tess', delay_ls=6, scheduler=100, print_freq=5000, factors_stdp=[0.2, 0.5, 1.0, 1.0], pooling='MAX', weight_decay=0, lr_scheduler_type='ReduceLR', experiment_name='CIFAR10', wn=True, avoid_wn=False, low_precision_training=True, forward_intx=4)
15-Feb-26 11:46:10 - => Everything will be saved to ./experiments/CIFAR10_VGG_Lonic_wn_int4_ternary_int8
15-Feb-26 11:46:13 - CUDA GPU will be used for computations
15-Feb-26 11:46:15 - Training set length: 50000
15-Feb-26 11:46:15 - Test set length: 10000
15-Feb-26 11:46:15 - Activation used: None
15-Feb-26 11:46:15 - Total Parameters: 9222.9K
15-Feb-26 11:46:15 - === Model ===
15-Feb-26 11:46:15 - VGGConvModel(
  (conv_block1): LocalLearningSignalGenerationLayer(
    (block): ConvBlock(
      (pool): Identity()
      (conv): Conv2dSTDP(3, 64, kernel_size=(3, 3), stride=(1, 1), padding=(1, 1), bias=False, threshold=0.60, leak=0.50, reset=soft, grad_leak=False, grad_threshold=False, factors=tensor([0.2000, 0.5000, 1.0000, 1.0000], device='cuda:0'))
      (dropout): DropoutLIF(
        Dropout(p=0.0, inplace=False)
        (dropout): Dropout(p=0.0, inplace=False)
      )
    )
  )
  (conv_block2): LocalLearningSignalGenerationLayer(
    (block): ConvBlock(
      (pool): MaxPool2d(kernel_size=2, stride=2, padding=0, dilation=1, ceil_mode=False)
      (conv): Conv2dSTDP(64, 128, kernel_size=(3, 3), stride=(1, 1), padding=(1, 1), bias=False, threshold=0.60, leak=0.50, reset=soft, grad_leak=False, grad_threshold=False, factors=tensor([0.2000, 0.5000, 1.0000, 1.0000], device='cuda:0'))
      (dropout): DropoutLIF(
        Dropout(p=0.0, inplace=False)
        (dropout): Dropout(p=0.0, inplace=False)
      )
    )
  )
  (conv_block3): LocalLearningSignalGenerationLayer(
    (block): ConvBlock(
      (pool): Identity()
      (conv): Conv2dSTDP(128, 256, kernel_size=(3, 3), stride=(1, 1), padding=(1, 1), bias=False, threshold=0.60, leak=0.50, reset=soft, grad_leak=False, grad_threshold=False, factors=tensor([0.2000, 0.5000, 1.0000, 1.0000], device='cuda:0'))
      (dropout): DropoutLIF(
        Dropout(p=0.0, inplace=False)
        (dropout): Dropout(p=0.0, inplace=False)
      )
    )
  )
  (conv_block4): LocalLearningSignalGenerationLayer(
    (block): ConvBlock(
      (pool): MaxPool2d(kernel_size=2, stride=2, padding=0, dilation=1, ceil_mode=False)
      (conv): Conv2dSTDP(256, 256, kernel_size=(3, 3), stride=(1, 1), padding=(1, 1), bias=False, threshold=0.60, leak=0.50, reset=soft, grad_leak=False, grad_threshold=False, factors=tensor([0.2000, 0.5000, 1.0000, 1.0000], device='cuda:0'))
      (dropout): DropoutLIF(
        Dropout(p=0.0, inplace=False)
        (dropout): Dropout(p=0.0, inplace=False)
      )
    )
  )
  (conv_block5): LocalLearningSignalGenerationLayer(
    (block): ConvBlock(
      (pool): Identity()
      (conv): Conv2dSTDP(256, 512, kernel_size=(3, 3), stride=(1, 1), padding=(1, 1), bias=False, threshold=0.60, leak=0.50, reset=soft, grad_leak=False, grad_threshold=False, factors=tensor([0.2000, 0.5000, 1.0000, 1.0000], device='cuda:0'))
      (dropout): DropoutLIF(
        Dropout(p=0.0, inplace=False)
        (dropout): Dropout(p=0.0, inplace=False)
      )
    )
  )
  (conv_block6): LocalLearningSignalGenerationLayer(
    (block): ConvBlock(
      (pool): MaxPool2d(kernel_size=2, stride=2, padding=0, dilation=1, ceil_mode=False)
      (conv): Conv2dSTDP(512, 512, kernel_size=(3, 3), stride=(1, 1), padding=(1, 1), bias=False, threshold=0.60, leak=0.50, reset=soft, grad_leak=False, grad_threshold=False, factors=tensor([0.2000, 0.5000, 1.0000, 1.0000], device='cuda:0'))
      (dropout): DropoutLIF(
        Dropout(p=0.0, inplace=False)
        (dropout): Dropout(p=0.0, inplace=False)
      )
    )
  )
  (conv_block7): LocalLearningSignalGenerationLayer(
    (block): ConvBlock(
      (pool): Identity()
      (conv): Conv2dSTDP(512, 512, kernel_size=(3, 3), stride=(1, 1), padding=(1, 1), bias=False, threshold=0.60, leak=0.50, reset=soft, grad_leak=False, grad_threshold=False, factors=tensor([0.2000, 0.5000, 1.0000, 1.0000], device='cuda:0'))
      (dropout): DropoutLIF(
        Dropout(p=0.0, inplace=False)
        (dropout): Dropout(p=0.0, inplace=False)
      )
    )
  )
  (conv_block8): LocalLearningSignalGenerationLayer(
    (block): ConvBlock(
      (pool): AdaptiveAvgPool2d(output_size=1)
      (conv): Conv2dSTDP(512, 512, kernel_size=(3, 3), stride=(1, 1), padding=(1, 1), bias=False, threshold=0.60, leak=0.50, reset=soft, grad_leak=False, grad_threshold=False, factors=tensor([0.2000, 0.5000, 1.0000, 1.0000], device='cuda:0'))
      (dropout): DropoutLIF(
        Dropout(p=0.0, inplace=False)
        (dropout): Dropout(p=0.0, inplace=False)
      )
    )
  )
  (linear): Linear(in_features=512, out_features=10, bias=True)
)
15-Feb-26 11:46:16 - 
=== Starting model training with 100 epochs:

15-Feb-26 11:46:16 - 	 Epoch 1...
15-Feb-26 11:51:15 - Namespace(arch='cifar_tessvgg_model', cpu=False, dataset='CIFAR10', save_path='./experiments/CIFAR10_VGG_Lonic_wn_int4_ternary_int8', data_path='/home/cts3td/Datasets', trials=1, epochs=100, optimizer='Adam', loss='CE', lr=7.8125e-06, lr_conv=7.8125e-06, batch_size=1, val_batch_size=64, label_encoding='class', activation='LinearSpike', seed=1, pretrained_model=None, training_mode='tess', delay_ls=6, scheduler=100, print_freq=5000, factors_stdp=[0.2, 0.5, 1.0, 1.0], pooling='MAX', weight_decay=0, lr_scheduler_type='ReduceLR', experiment_name='CIFAR10', wn=True, avoid_wn=False, low_precision_training=True, forward_intx=4)
15-Feb-26 11:51:15 - => Everything will be saved to ./experiments/CIFAR10_VGG_Lonic_wn_int4_ternary_int8
15-Feb-26 11:51:16 - CUDA GPU will be used for computations
15-Feb-26 11:51:17 - Training set length: 50000
15-Feb-26 11:51:17 - Test set length: 10000
15-Feb-26 11:51:17 - Activation used: None
15-Feb-26 11:51:17 - Total Parameters: 9222.9K
15-Feb-26 11:51:17 - === Model ===
15-Feb-26 11:51:17 - VGGConvModel(
  (conv_block1): LocalLearningSignalGenerationLayer(
    (block): ConvBlock(
      (pool): Identity()
      (conv): Conv2dSTDP(3, 64, kernel_size=(3, 3), stride=(1, 1), padding=(1, 1), bias=False, threshold=0.60, leak=0.50, reset=soft, grad_leak=False, grad_threshold=False, factors=tensor([0.2000, 0.5000, 1.0000, 1.0000], device='cuda:0'))
      (dropout): DropoutLIF(
        Dropout(p=0.0, inplace=False)
        (dropout): Dropout(p=0.0, inplace=False)
      )
    )
  )
  (conv_block2): LocalLearningSignalGenerationLayer(
    (block): ConvBlock(
      (pool): MaxPool2d(kernel_size=2, stride=2, padding=0, dilation=1, ceil_mode=False)
      (conv): Conv2dSTDP(64, 128, kernel_size=(3, 3), stride=(1, 1), padding=(1, 1), bias=False, threshold=0.60, leak=0.50, reset=soft, grad_leak=False, grad_threshold=False, factors=tensor([0.2000, 0.5000, 1.0000, 1.0000], device='cuda:0'))
      (dropout): DropoutLIF(
        Dropout(p=0.0, inplace=False)
        (dropout): Dropout(p=0.0, inplace=False)
      )
    )
  )
  (conv_block3): LocalLearningSignalGenerationLayer(
    (block): ConvBlock(
      (pool): Identity()
      (conv): Conv2dSTDP(128, 256, kernel_size=(3, 3), stride=(1, 1), padding=(1, 1), bias=False, threshold=0.60, leak=0.50, reset=soft, grad_leak=False, grad_threshold=False, factors=tensor([0.2000, 0.5000, 1.0000, 1.0000], device='cuda:0'))
      (dropout): DropoutLIF(
        Dropout(p=0.0, inplace=False)
        (dropout): Dropout(p=0.0, inplace=False)
      )
    )
  )
  (conv_block4): LocalLearningSignalGenerationLayer(
    (block): ConvBlock(
      (pool): MaxPool2d(kernel_size=2, stride=2, padding=0, dilation=1, ceil_mode=False)
      (conv): Conv2dSTDP(256, 256, kernel_size=(3, 3), stride=(1, 1), padding=(1, 1), bias=False, threshold=0.60, leak=0.50, reset=soft, grad_leak=False, grad_threshold=False, factors=tensor([0.2000, 0.5000, 1.0000, 1.0000], device='cuda:0'))
      (dropout): DropoutLIF(
        Dropout(p=0.0, inplace=False)
        (dropout): Dropout(p=0.0, inplace=False)
      )
    )
  )
  (conv_block5): LocalLearningSignalGenerationLayer(
    (block): ConvBlock(
      (pool): Identity()
      (conv): Conv2dSTDP(256, 512, kernel_size=(3, 3), stride=(1, 1), padding=(1, 1), bias=False, threshold=0.60, leak=0.50, reset=soft, grad_leak=False, grad_threshold=False, factors=tensor([0.2000, 0.5000, 1.0000, 1.0000], device='cuda:0'))
      (dropout): DropoutLIF(
        Dropout(p=0.0, inplace=False)
        (dropout): Dropout(p=0.0, inplace=False)
      )
    )
  )
  (conv_block6): LocalLearningSignalGenerationLayer(
    (block): ConvBlock(
      (pool): MaxPool2d(kernel_size=2, stride=2, padding=0, dilation=1, ceil_mode=False)
      (conv): Conv2dSTDP(512, 512, kernel_size=(3, 3), stride=(1, 1), padding=(1, 1), bias=False, threshold=0.60, leak=0.50, reset=soft, grad_leak=False, grad_threshold=False, factors=tensor([0.2000, 0.5000, 1.0000, 1.0000], device='cuda:0'))
      (dropout): DropoutLIF(
        Dropout(p=0.0, inplace=False)
        (dropout): Dropout(p=0.0, inplace=False)
      )
    )
  )
  (conv_block7): LocalLearningSignalGenerationLayer(
    (block): ConvBlock(
      (pool): Identity()
      (conv): Conv2dSTDP(512, 512, kernel_size=(3, 3), stride=(1, 1), padding=(1, 1), bias=False, threshold=0.60, leak=0.50, reset=soft, grad_leak=False, grad_threshold=False, factors=tensor([0.2000, 0.5000, 1.0000, 1.0000], device='cuda:0'))
      (dropout): DropoutLIF(
        Dropout(p=0.0, inplace=False)
        (dropout): Dropout(p=0.0, inplace=False)
      )
    )
  )
  (conv_block8): LocalLearningSignalGenerationLayer(
    (block): ConvBlock(
      (pool): AdaptiveAvgPool2d(output_size=1)
      (conv): Conv2dSTDP(512, 512, kernel_size=(3, 3), stride=(1, 1), padding=(1, 1), bias=False, threshold=0.60, leak=0.50, reset=soft, grad_leak=False, grad_threshold=False, factors=tensor([0.2000, 0.5000, 1.0000, 1.0000], device='cuda:0'))
      (dropout): DropoutLIF(
        Dropout(p=0.0, inplace=False)
        (dropout): Dropout(p=0.0, inplace=False)
      )
    )
  )
  (linear): Linear(in_features=512, out_features=10, bias=True)
)
15-Feb-26 11:51:17 - 
=== Starting model training with 100 epochs:

15-Feb-26 11:51:17 - 	 Epoch 1...
15-Feb-26 11:58:22 - Namespace(arch='cifar_tessvgg_model', cpu=False, dataset='CIFAR10', save_path='./experiments/CIFAR10_VGG_Lonic_wn_int4_ternary_int8', data_path='/home/cts3td/Datasets', trials=1, epochs=100, optimizer='Adam', loss='CE', lr=7.8125e-06, lr_conv=7.8125e-06, batch_size=1, val_batch_size=64, label_encoding='class', activation='LinearSpike', seed=1, pretrained_model=None, training_mode='tess', delay_ls=6, scheduler=100, print_freq=5000, factors_stdp=[0.2, 0.5, 1.0, 1.0], pooling='MAX', weight_decay=0, lr_scheduler_type='ReduceLR', experiment_name='CIFAR10', wn=True, avoid_wn=False, low_precision_training=True, forward_intx=4)
15-Feb-26 11:58:22 - => Everything will be saved to ./experiments/CIFAR10_VGG_Lonic_wn_int4_ternary_int8
15-Feb-26 11:58:23 - CUDA GPU will be used for computations
15-Feb-26 11:58:24 - Training set length: 50000
15-Feb-26 11:58:24 - Test set length: 10000
15-Feb-26 11:58:24 - Activation used: None
15-Feb-26 11:58:24 - Total Parameters: 9222.9K
15-Feb-26 11:58:24 - === Model ===
15-Feb-26 11:58:24 - VGGConvModel(
  (conv_block1): LocalLearningSignalGenerationLayer(
    (block): ConvBlock(
      (pool): Identity()
      (conv): Conv2dSTDP(3, 64, kernel_size=(3, 3), stride=(1, 1), padding=(1, 1), bias=False, threshold=0.60, leak=0.50, reset=soft, grad_leak=False, grad_threshold=False, factors=tensor([0.2000, 0.5000, 1.0000, 1.0000], device='cuda:0'))
      (dropout): DropoutLIF(
        Dropout(p=0.0, inplace=False)
        (dropout): Dropout(p=0.0, inplace=False)
      )
    )
  )
  (conv_block2): LocalLearningSignalGenerationLayer(
    (block): ConvBlock(
      (pool): MaxPool2d(kernel_size=2, stride=2, padding=0, dilation=1, ceil_mode=False)
      (conv): Conv2dSTDP(64, 128, kernel_size=(3, 3), stride=(1, 1), padding=(1, 1), bias=False, threshold=0.60, leak=0.50, reset=soft, grad_leak=False, grad_threshold=False, factors=tensor([0.2000, 0.5000, 1.0000, 1.0000], device='cuda:0'))
      (dropout): DropoutLIF(
        Dropout(p=0.0, inplace=False)
        (dropout): Dropout(p=0.0, inplace=False)
      )
    )
  )
  (conv_block3): LocalLearningSignalGenerationLayer(
    (block): ConvBlock(
      (pool): Identity()
      (conv): Conv2dSTDP(128, 256, kernel_size=(3, 3), stride=(1, 1), padding=(1, 1), bias=False, threshold=0.60, leak=0.50, reset=soft, grad_leak=False, grad_threshold=False, factors=tensor([0.2000, 0.5000, 1.0000, 1.0000], device='cuda:0'))
      (dropout): DropoutLIF(
        Dropout(p=0.0, inplace=False)
        (dropout): Dropout(p=0.0, inplace=False)
      )
    )
  )
  (conv_block4): LocalLearningSignalGenerationLayer(
    (block): ConvBlock(
      (pool): MaxPool2d(kernel_size=2, stride=2, padding=0, dilation=1, ceil_mode=False)
      (conv): Conv2dSTDP(256, 256, kernel_size=(3, 3), stride=(1, 1), padding=(1, 1), bias=False, threshold=0.60, leak=0.50, reset=soft, grad_leak=False, grad_threshold=False, factors=tensor([0.2000, 0.5000, 1.0000, 1.0000], device='cuda:0'))
      (dropout): DropoutLIF(
        Dropout(p=0.0, inplace=False)
        (dropout): Dropout(p=0.0, inplace=False)
      )
    )
  )
  (conv_block5): LocalLearningSignalGenerationLayer(
    (block): ConvBlock(
      (pool): Identity()
      (conv): Conv2dSTDP(256, 512, kernel_size=(3, 3), stride=(1, 1), padding=(1, 1), bias=False, threshold=0.60, leak=0.50, reset=soft, grad_leak=False, grad_threshold=False, factors=tensor([0.2000, 0.5000, 1.0000, 1.0000], device='cuda:0'))
      (dropout): DropoutLIF(
        Dropout(p=0.0, inplace=False)
        (dropout): Dropout(p=0.0, inplace=False)
      )
    )
  )
  (conv_block6): LocalLearningSignalGenerationLayer(
    (block): ConvBlock(
      (pool): MaxPool2d(kernel_size=2, stride=2, padding=0, dilation=1, ceil_mode=False)
      (conv): Conv2dSTDP(512, 512, kernel_size=(3, 3), stride=(1, 1), padding=(1, 1), bias=False, threshold=0.60, leak=0.50, reset=soft, grad_leak=False, grad_threshold=False, factors=tensor([0.2000, 0.5000, 1.0000, 1.0000], device='cuda:0'))
      (dropout): DropoutLIF(
        Dropout(p=0.0, inplace=False)
        (dropout): Dropout(p=0.0, inplace=False)
      )
    )
  )
  (conv_block7): LocalLearningSignalGenerationLayer(
    (block): ConvBlock(
      (pool): Identity()
      (conv): Conv2dSTDP(512, 512, kernel_size=(3, 3), stride=(1, 1), padding=(1, 1), bias=False, threshold=0.60, leak=0.50, reset=soft, grad_leak=False, grad_threshold=False, factors=tensor([0.2000, 0.5000, 1.0000, 1.0000], device='cuda:0'))
      (dropout): DropoutLIF(
        Dropout(p=0.0, inplace=False)
        (dropout): Dropout(p=0.0, inplace=False)
      )
    )
  )
  (conv_block8): LocalLearningSignalGenerationLayer(
    (block): ConvBlock(
      (pool): AdaptiveAvgPool2d(output_size=1)
      (conv): Conv2dSTDP(512, 512, kernel_size=(3, 3), stride=(1, 1), padding=(1, 1), bias=False, threshold=0.60, leak=0.50, reset=soft, grad_leak=False, grad_threshold=False, factors=tensor([0.2000, 0.5000, 1.0000, 1.0000], device='cuda:0'))
      (dropout): DropoutLIF(
        Dropout(p=0.0, inplace=False)
        (dropout): Dropout(p=0.0, inplace=False)
      )
    )
  )
  (linear): Linear(in_features=512, out_features=10, bias=True)
)
15-Feb-26 11:58:25 - 
=== Starting model training with 100 epochs:

15-Feb-26 11:58:25 - 	 Epoch 1...
15-Feb-26 12:06:15 - Namespace(arch='cifar_tessvgg_model', cpu=False, dataset='CIFAR10', save_path='./experiments/CIFAR10_VGG_Lonic_wn_int4_ternary_int8', data_path='/home/cts3td/Datasets', trials=1, epochs=100, optimizer='Adam', loss='CE', lr=7.8125e-06, lr_conv=7.8125e-06, batch_size=1, val_batch_size=64, label_encoding='class', activation='LinearSpike', seed=1, pretrained_model=None, training_mode='tess', delay_ls=6, scheduler=100, print_freq=5000, factors_stdp=[0.2, 0.5, 1.0, 1.0], pooling='MAX', weight_decay=0, lr_scheduler_type='ReduceLR', experiment_name='CIFAR10', wn=True, avoid_wn=False, low_precision_training=True, forward_intx=4)
15-Feb-26 12:06:15 - => Everything will be saved to ./experiments/CIFAR10_VGG_Lonic_wn_int4_ternary_int8
15-Feb-26 12:06:16 - CUDA GPU will be used for computations
15-Feb-26 12:06:17 - Training set length: 50000
15-Feb-26 12:06:17 - Test set length: 10000
15-Feb-26 12:06:17 - Activation used: None
15-Feb-26 12:06:18 - Total Parameters: 9222.9K
15-Feb-26 12:06:18 - === Model ===
15-Feb-26 12:06:18 - VGGConvModel(
  (conv_block1): LocalLearningSignalGenerationLayer(
    (block): ConvBlock(
      (pool): Identity()
      (conv): Conv2dSTDP(3, 64, kernel_size=(3, 3), stride=(1, 1), padding=(1, 1), bias=False, threshold=0.60, leak=0.50, reset=soft, grad_leak=False, grad_threshold=False, factors=tensor([0.2000, 0.5000, 1.0000, 1.0000], device='cuda:0'))
      (dropout): DropoutLIF(
        Dropout(p=0.0, inplace=False)
        (dropout): Dropout(p=0.0, inplace=False)
      )
    )
  )
  (conv_block2): LocalLearningSignalGenerationLayer(
    (block): ConvBlock(
      (pool): MaxPool2d(kernel_size=2, stride=2, padding=0, dilation=1, ceil_mode=False)
      (conv): Conv2dSTDP(64, 128, kernel_size=(3, 3), stride=(1, 1), padding=(1, 1), bias=False, threshold=0.60, leak=0.50, reset=soft, grad_leak=False, grad_threshold=False, factors=tensor([0.2000, 0.5000, 1.0000, 1.0000], device='cuda:0'))
      (dropout): DropoutLIF(
        Dropout(p=0.0, inplace=False)
        (dropout): Dropout(p=0.0, inplace=False)
      )
    )
  )
  (conv_block3): LocalLearningSignalGenerationLayer(
    (block): ConvBlock(
      (pool): Identity()
      (conv): Conv2dSTDP(128, 256, kernel_size=(3, 3), stride=(1, 1), padding=(1, 1), bias=False, threshold=0.60, leak=0.50, reset=soft, grad_leak=False, grad_threshold=False, factors=tensor([0.2000, 0.5000, 1.0000, 1.0000], device='cuda:0'))
      (dropout): DropoutLIF(
        Dropout(p=0.0, inplace=False)
        (dropout): Dropout(p=0.0, inplace=False)
      )
    )
  )
  (conv_block4): LocalLearningSignalGenerationLayer(
    (block): ConvBlock(
      (pool): MaxPool2d(kernel_size=2, stride=2, padding=0, dilation=1, ceil_mode=False)
      (conv): Conv2dSTDP(256, 256, kernel_size=(3, 3), stride=(1, 1), padding=(1, 1), bias=False, threshold=0.60, leak=0.50, reset=soft, grad_leak=False, grad_threshold=False, factors=tensor([0.2000, 0.5000, 1.0000, 1.0000], device='cuda:0'))
      (dropout): DropoutLIF(
        Dropout(p=0.0, inplace=False)
        (dropout): Dropout(p=0.0, inplace=False)
      )
    )
  )
  (conv_block5): LocalLearningSignalGenerationLayer(
    (block): ConvBlock(
      (pool): Identity()
      (conv): Conv2dSTDP(256, 512, kernel_size=(3, 3), stride=(1, 1), padding=(1, 1), bias=False, threshold=0.60, leak=0.50, reset=soft, grad_leak=False, grad_threshold=False, factors=tensor([0.2000, 0.5000, 1.0000, 1.0000], device='cuda:0'))
      (dropout): DropoutLIF(
        Dropout(p=0.0, inplace=False)
        (dropout): Dropout(p=0.0, inplace=False)
      )
    )
  )
  (conv_block6): LocalLearningSignalGenerationLayer(
    (block): ConvBlock(
      (pool): MaxPool2d(kernel_size=2, stride=2, padding=0, dilation=1, ceil_mode=False)
      (conv): Conv2dSTDP(512, 512, kernel_size=(3, 3), stride=(1, 1), padding=(1, 1), bias=False, threshold=0.60, leak=0.50, reset=soft, grad_leak=False, grad_threshold=False, factors=tensor([0.2000, 0.5000, 1.0000, 1.0000], device='cuda:0'))
      (dropout): DropoutLIF(
        Dropout(p=0.0, inplace=False)
        (dropout): Dropout(p=0.0, inplace=False)
      )
    )
  )
  (conv_block7): LocalLearningSignalGenerationLayer(
    (block): ConvBlock(
      (pool): Identity()
      (conv): Conv2dSTDP(512, 512, kernel_size=(3, 3), stride=(1, 1), padding=(1, 1), bias=False, threshold=0.60, leak=0.50, reset=soft, grad_leak=False, grad_threshold=False, factors=tensor([0.2000, 0.5000, 1.0000, 1.0000], device='cuda:0'))
      (dropout): DropoutLIF(
        Dropout(p=0.0, inplace=False)
        (dropout): Dropout(p=0.0, inplace=False)
      )
    )
  )
  (conv_block8): LocalLearningSignalGenerationLayer(
    (block): ConvBlock(
      (pool): AdaptiveAvgPool2d(output_size=1)
      (conv): Conv2dSTDP(512, 512, kernel_size=(3, 3), stride=(1, 1), padding=(1, 1), bias=False, threshold=0.60, leak=0.50, reset=soft, grad_leak=False, grad_threshold=False, factors=tensor([0.2000, 0.5000, 1.0000, 1.0000], device='cuda:0'))
      (dropout): DropoutLIF(
        Dropout(p=0.0, inplace=False)
        (dropout): Dropout(p=0.0, inplace=False)
      )
    )
  )
  (linear): Linear(in_features=512, out_features=10, bias=True)
)
15-Feb-26 12:06:18 - 
=== Starting model training with 100 epochs:

15-Feb-26 12:06:18 - 	 Epoch 1...
15-Feb-26 12:21:09 - Epoch: [1][ 4999/50000]	Time  0.169 ( 0.178)	Data  0.001 ( 0.001)	Loss 2.2950e+00 (2.4463e+00)	Acc@1 100.00 ( 12.80)	Acc@5 100.00 ( 57.26)
15-Feb-26 12:35:34 - Epoch: [1][ 9999/50000]	Time  0.169 ( 0.176)	Data  0.001 ( 0.001)	Loss 2.2426e+00 (2.7523e+00)	Acc@1   0.00 ( 16.49)	Acc@5 100.00 ( 65.33)
15-Feb-26 12:50:00 - Epoch: [1][14999/50000]	Time  0.191 ( 0.175)	Data  0.001 ( 0.001)	Loss 2.4430e+00 (2.9774e+00)	Acc@1   0.00 ( 18.99)	Acc@5 100.00 ( 69.57)
15-Feb-26 13:04:28 - Epoch: [1][19999/50000]	Time  0.169 ( 0.174)	Data  0.001 ( 0.001)	Loss 9.6951e-02 (3.1065e+00)	Acc@1 100.00 ( 21.16)	Acc@5 100.00 ( 72.46)
15-Feb-26 13:18:53 - Epoch: [1][24999/50000]	Time  0.191 ( 0.174)	Data  0.001 ( 0.001)	Loss 1.3605e+01 (3.2024e+00)	Acc@1   0.00 ( 23.11)	Acc@5 100.00 ( 74.63)
15-Feb-26 13:33:18 - Epoch: [1][29999/50000]	Time  0.169 ( 0.174)	Data  0.001 ( 0.001)	Loss 5.1673e-01 (3.2840e+00)	Acc@1 100.00 ( 24.59)	Acc@5 100.00 ( 76.27)
15-Feb-26 13:47:45 - Epoch: [1][34999/50000]	Time  0.169 ( 0.174)	Data  0.001 ( 0.001)	Loss 9.9393e-01 (3.3389e+00)	Acc@1   0.00 ( 26.03)	Acc@5 100.00 ( 77.62)
15-Feb-26 14:02:36 - Epoch: [1][39999/50000]	Time  0.191 ( 0.174)	Data  0.001 ( 0.001)	Loss 9.4479e+00 (3.3748e+00)	Acc@1   0.00 ( 27.25)	Acc@5 100.00 ( 78.87)
15-Feb-26 14:17:51 - Epoch: [1][44999/50000]	Time  0.170 ( 0.175)	Data  0.001 ( 0.001)	Loss 6.0261e+00 (3.4097e+00)	Acc@1   0.00 ( 28.36)	Acc@5 100.00 ( 79.93)
15-Feb-26 14:32:17 - Epoch: [1][49999/50000]	Time  0.169 ( 0.175)	Data  0.001 ( 0.001)	Loss 1.3084e+01 (3.4415e+00)	Acc@1   0.00 ( 29.39)	Acc@5   0.00 ( 80.79)
15-Feb-26 14:32:17 -  @Training * Acc@1 29.392 Acc@5 80.788 Loss 3.441
15-Feb-26 14:32:17 - One training epoch latency: 8.759e+03s | Avg Power: 219.7W | Energy: 1924007.6779J
15-Feb-26 14:37:02 - Namespace(arch='cifar_tessvgg_model', cpu=False, dataset='CIFAR10', save_path='./experiments/CIFAR10_VGG_Lonic_wn_int4_ternary_int8', data_path='/home/cts3td/Datasets', trials=1, epochs=100, optimizer='Adam', loss='CE', lr=7.8125e-06, lr_conv=7.8125e-06, batch_size=1, val_batch_size=64, label_encoding='class', activation='LinearSpike', seed=1, pretrained_model=None, training_mode='tess', delay_ls=6, scheduler=100, print_freq=5000, factors_stdp=[0.2, 0.5, 1.0, 1.0], pooling='MAX', weight_decay=0, lr_scheduler_type='ReduceLR', experiment_name='CIFAR10', wn=True, avoid_wn=False, low_precision_training=True, forward_intx=4)
15-Feb-26 14:37:02 - => Everything will be saved to ./experiments/CIFAR10_VGG_Lonic_wn_int4_ternary_int8
15-Feb-26 14:37:06 - CUDA GPU will be used for computations
15-Feb-26 14:37:08 - Training set length: 50000
15-Feb-26 14:37:08 - Test set length: 10000
15-Feb-26 14:37:08 - Activation used: None
15-Feb-26 14:37:08 - Total Parameters: 9222.9K
15-Feb-26 14:37:08 - === Model ===
15-Feb-26 14:37:08 - VGGConvModel(
  (conv_block1): LocalLearningSignalGenerationLayer(
    (block): ConvBlock(
      (pool): Identity()
      (conv): Conv2dSTDP(3, 64, kernel_size=(3, 3), stride=(1, 1), padding=(1, 1), bias=False, threshold=0.60, leak=0.50, reset=soft, grad_leak=False, grad_threshold=False, factors=tensor([0.2000, 0.5000, 1.0000, 1.0000], device='cuda:0'))
      (dropout): DropoutLIF(
        Dropout(p=0.0, inplace=False)
        (dropout): Dropout(p=0.0, inplace=False)
      )
    )
  )
  (conv_block2): LocalLearningSignalGenerationLayer(
    (block): ConvBlock(
      (pool): MaxPool2d(kernel_size=2, stride=2, padding=0, dilation=1, ceil_mode=False)
      (conv): Conv2dSTDP(64, 128, kernel_size=(3, 3), stride=(1, 1), padding=(1, 1), bias=False, threshold=0.60, leak=0.50, reset=soft, grad_leak=False, grad_threshold=False, factors=tensor([0.2000, 0.5000, 1.0000, 1.0000], device='cuda:0'))
      (dropout): DropoutLIF(
        Dropout(p=0.0, inplace=False)
        (dropout): Dropout(p=0.0, inplace=False)
      )
    )
  )
  (conv_block3): LocalLearningSignalGenerationLayer(
    (block): ConvBlock(
      (pool): Identity()
      (conv): Conv2dSTDP(128, 256, kernel_size=(3, 3), stride=(1, 1), padding=(1, 1), bias=False, threshold=0.60, leak=0.50, reset=soft, grad_leak=False, grad_threshold=False, factors=tensor([0.2000, 0.5000, 1.0000, 1.0000], device='cuda:0'))
      (dropout): DropoutLIF(
        Dropout(p=0.0, inplace=False)
        (dropout): Dropout(p=0.0, inplace=False)
      )
    )
  )
  (conv_block4): LocalLearningSignalGenerationLayer(
    (block): ConvBlock(
      (pool): MaxPool2d(kernel_size=2, stride=2, padding=0, dilation=1, ceil_mode=False)
      (conv): Conv2dSTDP(256, 256, kernel_size=(3, 3), stride=(1, 1), padding=(1, 1), bias=False, threshold=0.60, leak=0.50, reset=soft, grad_leak=False, grad_threshold=False, factors=tensor([0.2000, 0.5000, 1.0000, 1.0000], device='cuda:0'))
      (dropout): DropoutLIF(
        Dropout(p=0.0, inplace=False)
        (dropout): Dropout(p=0.0, inplace=False)
      )
    )
  )
  (conv_block5): LocalLearningSignalGenerationLayer(
    (block): ConvBlock(
      (pool): Identity()
      (conv): Conv2dSTDP(256, 512, kernel_size=(3, 3), stride=(1, 1), padding=(1, 1), bias=False, threshold=0.60, leak=0.50, reset=soft, grad_leak=False, grad_threshold=False, factors=tensor([0.2000, 0.5000, 1.0000, 1.0000], device='cuda:0'))
      (dropout): DropoutLIF(
        Dropout(p=0.0, inplace=False)
        (dropout): Dropout(p=0.0, inplace=False)
      )
    )
  )
  (conv_block6): LocalLearningSignalGenerationLayer(
    (block): ConvBlock(
      (pool): MaxPool2d(kernel_size=2, stride=2, padding=0, dilation=1, ceil_mode=False)
      (conv): Conv2dSTDP(512, 512, kernel_size=(3, 3), stride=(1, 1), padding=(1, 1), bias=False, threshold=0.60, leak=0.50, reset=soft, grad_leak=False, grad_threshold=False, factors=tensor([0.2000, 0.5000, 1.0000, 1.0000], device='cuda:0'))
      (dropout): DropoutLIF(
        Dropout(p=0.0, inplace=False)
        (dropout): Dropout(p=0.0, inplace=False)
      )
    )
  )
  (conv_block7): LocalLearningSignalGenerationLayer(
    (block): ConvBlock(
      (pool): Identity()
      (conv): Conv2dSTDP(512, 512, kernel_size=(3, 3), stride=(1, 1), padding=(1, 1), bias=False, threshold=0.60, leak=0.50, reset=soft, grad_leak=False, grad_threshold=False, factors=tensor([0.2000, 0.5000, 1.0000, 1.0000], device='cuda:0'))
      (dropout): DropoutLIF(
        Dropout(p=0.0, inplace=False)
        (dropout): Dropout(p=0.0, inplace=False)
      )
    )
  )
  (conv_block8): LocalLearningSignalGenerationLayer(
    (block): ConvBlock(
      (pool): AdaptiveAvgPool2d(output_size=1)
      (conv): Conv2dSTDP(512, 512, kernel_size=(3, 3), stride=(1, 1), padding=(1, 1), bias=False, threshold=0.60, leak=0.50, reset=soft, grad_leak=False, grad_threshold=False, factors=tensor([0.2000, 0.5000, 1.0000, 1.0000], device='cuda:0'))
      (dropout): DropoutLIF(
        Dropout(p=0.0, inplace=False)
        (dropout): Dropout(p=0.0, inplace=False)
      )
    )
  )
  (linear): Linear(in_features=512, out_features=10, bias=True)
)
15-Feb-26 14:37:08 - 
=== Starting model training with 100 epochs:

15-Feb-26 14:37:08 - 	 Epoch 1...
15-Feb-26 15:54:33 - Namespace(arch='cifar_tessvgg_model', cpu=False, dataset='CIFAR10', save_path='./experiments/CIFAR10_VGG_Lonic_wn_int4_ternary_int8', data_path='/home/cts3td/Datasets', trials=1, epochs=100, optimizer='Adam', loss='CE', lr=7.8125e-06, lr_conv=7.8125e-06, batch_size=1, val_batch_size=64, label_encoding='class', activation='LinearSpike', seed=1, pretrained_model=None, training_mode='tess', delay_ls=6, scheduler=100, print_freq=5000, factors_stdp=[0.2, 0.5, 1.0, 1.0], pooling='MAX', weight_decay=0, lr_scheduler_type='ReduceLR', experiment_name='CIFAR10', wn=True, avoid_wn=False, low_precision_training=True, forward_intx=4)
15-Feb-26 15:54:33 - => Everything will be saved to ./experiments/CIFAR10_VGG_Lonic_wn_int4_ternary_int8
15-Feb-26 15:54:36 - CUDA GPU will be used for computations
15-Feb-26 15:54:37 - Training set length: 50000
15-Feb-26 15:54:37 - Test set length: 10000
15-Feb-26 15:54:37 - Activation used: None
15-Feb-26 15:54:37 - Total Parameters: 9222.9K
15-Feb-26 15:54:38 - === Model ===
15-Feb-26 15:54:38 - VGGConvModel(
  (conv_block1): LocalLearningSignalGenerationLayer(
    (block): ConvBlock(
      (pool): Identity()
      (conv): Conv2dSTDP(3, 64, kernel_size=(3, 3), stride=(1, 1), padding=(1, 1), bias=False, threshold=0.60, leak=0.50, reset=soft, grad_leak=False, grad_threshold=False, factors=tensor([0.2000, 0.5000, 1.0000, 1.0000], device='cuda:0'))
      (dropout): DropoutLIF(
        Dropout(p=0.0, inplace=False)
        (dropout): Dropout(p=0.0, inplace=False)
      )
    )
  )
  (conv_block2): LocalLearningSignalGenerationLayer(
    (block): ConvBlock(
      (pool): MaxPool2d(kernel_size=2, stride=2, padding=0, dilation=1, ceil_mode=False)
      (conv): Conv2dSTDP(64, 128, kernel_size=(3, 3), stride=(1, 1), padding=(1, 1), bias=False, threshold=0.60, leak=0.50, reset=soft, grad_leak=False, grad_threshold=False, factors=tensor([0.2000, 0.5000, 1.0000, 1.0000], device='cuda:0'))
      (dropout): DropoutLIF(
        Dropout(p=0.0, inplace=False)
        (dropout): Dropout(p=0.0, inplace=False)
      )
    )
  )
  (conv_block3): LocalLearningSignalGenerationLayer(
    (block): ConvBlock(
      (pool): Identity()
      (conv): Conv2dSTDP(128, 256, kernel_size=(3, 3), stride=(1, 1), padding=(1, 1), bias=False, threshold=0.60, leak=0.50, reset=soft, grad_leak=False, grad_threshold=False, factors=tensor([0.2000, 0.5000, 1.0000, 1.0000], device='cuda:0'))
      (dropout): DropoutLIF(
        Dropout(p=0.0, inplace=False)
        (dropout): Dropout(p=0.0, inplace=False)
      )
    )
  )
  (conv_block4): LocalLearningSignalGenerationLayer(
    (block): ConvBlock(
      (pool): MaxPool2d(kernel_size=2, stride=2, padding=0, dilation=1, ceil_mode=False)
      (conv): Conv2dSTDP(256, 256, kernel_size=(3, 3), stride=(1, 1), padding=(1, 1), bias=False, threshold=0.60, leak=0.50, reset=soft, grad_leak=False, grad_threshold=False, factors=tensor([0.2000, 0.5000, 1.0000, 1.0000], device='cuda:0'))
      (dropout): DropoutLIF(
        Dropout(p=0.0, inplace=False)
        (dropout): Dropout(p=0.0, inplace=False)
      )
    )
  )
  (conv_block5): LocalLearningSignalGenerationLayer(
    (block): ConvBlock(
      (pool): Identity()
      (conv): Conv2dSTDP(256, 512, kernel_size=(3, 3), stride=(1, 1), padding=(1, 1), bias=False, threshold=0.60, leak=0.50, reset=soft, grad_leak=False, grad_threshold=False, factors=tensor([0.2000, 0.5000, 1.0000, 1.0000], device='cuda:0'))
      (dropout): DropoutLIF(
        Dropout(p=0.0, inplace=False)
        (dropout): Dropout(p=0.0, inplace=False)
      )
    )
  )
  (conv_block6): LocalLearningSignalGenerationLayer(
    (block): ConvBlock(
      (pool): MaxPool2d(kernel_size=2, stride=2, padding=0, dilation=1, ceil_mode=False)
      (conv): Conv2dSTDP(512, 512, kernel_size=(3, 3), stride=(1, 1), padding=(1, 1), bias=False, threshold=0.60, leak=0.50, reset=soft, grad_leak=False, grad_threshold=False, factors=tensor([0.2000, 0.5000, 1.0000, 1.0000], device='cuda:0'))
      (dropout): DropoutLIF(
        Dropout(p=0.0, inplace=False)
        (dropout): Dropout(p=0.0, inplace=False)
      )
    )
  )
  (conv_block7): LocalLearningSignalGenerationLayer(
    (block): ConvBlock(
      (pool): Identity()
      (conv): Conv2dSTDP(512, 512, kernel_size=(3, 3), stride=(1, 1), padding=(1, 1), bias=False, threshold=0.60, leak=0.50, reset=soft, grad_leak=False, grad_threshold=False, factors=tensor([0.2000, 0.5000, 1.0000, 1.0000], device='cuda:0'))
      (dropout): DropoutLIF(
        Dropout(p=0.0, inplace=False)
        (dropout): Dropout(p=0.0, inplace=False)
      )
    )
  )
  (conv_block8): LocalLearningSignalGenerationLayer(
    (block): ConvBlock(
      (pool): AdaptiveAvgPool2d(output_size=1)
      (conv): Conv2dSTDP(512, 512, kernel_size=(3, 3), stride=(1, 1), padding=(1, 1), bias=False, threshold=0.60, leak=0.50, reset=soft, grad_leak=False, grad_threshold=False, factors=tensor([0.2000, 0.5000, 1.0000, 1.0000], device='cuda:0'))
      (dropout): DropoutLIF(
        Dropout(p=0.0, inplace=False)
        (dropout): Dropout(p=0.0, inplace=False)
      )
    )
  )
  (linear): Linear(in_features=512, out_features=10, bias=True)
)
15-Feb-26 15:54:38 - 
=== Starting model training with 100 epochs:

15-Feb-26 15:54:38 - 	 Epoch 1...
15-Feb-26 15:55:54 - Namespace(arch='cifar_tessvgg_model', cpu=False, dataset='CIFAR10', save_path='./experiments/CIFAR10_VGG_Lonic_wn_int4_ternary_int8', data_path='/home/cts3td/Datasets', trials=1, epochs=100, optimizer='Adam', loss='CE', lr=7.8125e-06, lr_conv=7.8125e-06, batch_size=1, val_batch_size=64, label_encoding='class', activation='LinearSpike', seed=1, pretrained_model=None, training_mode='tess', delay_ls=6, scheduler=100, print_freq=5000, factors_stdp=[0.2, 0.5, 1.0, 1.0], pooling='MAX', weight_decay=0, lr_scheduler_type='ReduceLR', experiment_name='CIFAR10', wn=True, avoid_wn=False, low_precision_training=True, forward_intx=4)
15-Feb-26 15:55:54 - => Everything will be saved to ./experiments/CIFAR10_VGG_Lonic_wn_int4_ternary_int8
15-Feb-26 15:55:55 - CUDA GPU will be used for computations
15-Feb-26 15:55:56 - Training set length: 50000
15-Feb-26 15:55:56 - Test set length: 10000
15-Feb-26 15:55:56 - Activation used: None
15-Feb-26 15:55:56 - Total Parameters: 9222.9K
15-Feb-26 15:55:56 - === Model ===
15-Feb-26 15:55:56 - VGGConvModel(
  (conv_block1): LocalLearningSignalGenerationLayer(
    (block): ConvBlock(
      (pool): Identity()
      (conv): Conv2dSTDP(3, 64, kernel_size=(3, 3), stride=(1, 1), padding=(1, 1), bias=False, threshold=0.60, leak=0.50, reset=soft, grad_leak=False, grad_threshold=False, factors=tensor([0.2000, 0.5000, 1.0000, 1.0000], device='cuda:0'))
      (dropout): DropoutLIF(
        Dropout(p=0.0, inplace=False)
        (dropout): Dropout(p=0.0, inplace=False)
      )
    )
  )
  (conv_block2): LocalLearningSignalGenerationLayer(
    (block): ConvBlock(
      (pool): MaxPool2d(kernel_size=2, stride=2, padding=0, dilation=1, ceil_mode=False)
      (conv): Conv2dSTDP(64, 128, kernel_size=(3, 3), stride=(1, 1), padding=(1, 1), bias=False, threshold=0.60, leak=0.50, reset=soft, grad_leak=False, grad_threshold=False, factors=tensor([0.2000, 0.5000, 1.0000, 1.0000], device='cuda:0'))
      (dropout): DropoutLIF(
        Dropout(p=0.0, inplace=False)
        (dropout): Dropout(p=0.0, inplace=False)
      )
    )
  )
  (conv_block3): LocalLearningSignalGenerationLayer(
    (block): ConvBlock(
      (pool): Identity()
      (conv): Conv2dSTDP(128, 256, kernel_size=(3, 3), stride=(1, 1), padding=(1, 1), bias=False, threshold=0.60, leak=0.50, reset=soft, grad_leak=False, grad_threshold=False, factors=tensor([0.2000, 0.5000, 1.0000, 1.0000], device='cuda:0'))
      (dropout): DropoutLIF(
        Dropout(p=0.0, inplace=False)
        (dropout): Dropout(p=0.0, inplace=False)
      )
    )
  )
  (conv_block4): LocalLearningSignalGenerationLayer(
    (block): ConvBlock(
      (pool): MaxPool2d(kernel_size=2, stride=2, padding=0, dilation=1, ceil_mode=False)
      (conv): Conv2dSTDP(256, 256, kernel_size=(3, 3), stride=(1, 1), padding=(1, 1), bias=False, threshold=0.60, leak=0.50, reset=soft, grad_leak=False, grad_threshold=False, factors=tensor([0.2000, 0.5000, 1.0000, 1.0000], device='cuda:0'))
      (dropout): DropoutLIF(
        Dropout(p=0.0, inplace=False)
        (dropout): Dropout(p=0.0, inplace=False)
      )
    )
  )
  (conv_block5): LocalLearningSignalGenerationLayer(
    (block): ConvBlock(
      (pool): Identity()
      (conv): Conv2dSTDP(256, 512, kernel_size=(3, 3), stride=(1, 1), padding=(1, 1), bias=False, threshold=0.60, leak=0.50, reset=soft, grad_leak=False, grad_threshold=False, factors=tensor([0.2000, 0.5000, 1.0000, 1.0000], device='cuda:0'))
      (dropout): DropoutLIF(
        Dropout(p=0.0, inplace=False)
        (dropout): Dropout(p=0.0, inplace=False)
      )
    )
  )
  (conv_block6): LocalLearningSignalGenerationLayer(
    (block): ConvBlock(
      (pool): MaxPool2d(kernel_size=2, stride=2, padding=0, dilation=1, ceil_mode=False)
      (conv): Conv2dSTDP(512, 512, kernel_size=(3, 3), stride=(1, 1), padding=(1, 1), bias=False, threshold=0.60, leak=0.50, reset=soft, grad_leak=False, grad_threshold=False, factors=tensor([0.2000, 0.5000, 1.0000, 1.0000], device='cuda:0'))
      (dropout): DropoutLIF(
        Dropout(p=0.0, inplace=False)
        (dropout): Dropout(p=0.0, inplace=False)
      )
    )
  )
  (conv_block7): LocalLearningSignalGenerationLayer(
    (block): ConvBlock(
      (pool): Identity()
      (conv): Conv2dSTDP(512, 512, kernel_size=(3, 3), stride=(1, 1), padding=(1, 1), bias=False, threshold=0.60, leak=0.50, reset=soft, grad_leak=False, grad_threshold=False, factors=tensor([0.2000, 0.5000, 1.0000, 1.0000], device='cuda:0'))
      (dropout): DropoutLIF(
        Dropout(p=0.0, inplace=False)
        (dropout): Dropout(p=0.0, inplace=False)
      )
    )
  )
  (conv_block8): LocalLearningSignalGenerationLayer(
    (block): ConvBlock(
      (pool): AdaptiveAvgPool2d(output_size=1)
      (conv): Conv2dSTDP(512, 512, kernel_size=(3, 3), stride=(1, 1), padding=(1, 1), bias=False, threshold=0.60, leak=0.50, reset=soft, grad_leak=False, grad_threshold=False, factors=tensor([0.2000, 0.5000, 1.0000, 1.0000], device='cuda:0'))
      (dropout): DropoutLIF(
        Dropout(p=0.0, inplace=False)
        (dropout): Dropout(p=0.0, inplace=False)
      )
    )
  )
  (linear): Linear(in_features=512, out_features=10, bias=True)
)
15-Feb-26 15:55:56 - 
=== Starting model training with 100 epochs:

15-Feb-26 15:55:56 - 	 Epoch 1...
15-Feb-26 17:01:43 - Namespace(arch='cifar_tessvgg_model', cpu=False, dataset='CIFAR10', save_path='./experiments/CIFAR10_VGG_Lonic_wn_int4_ternary_int8', data_path='/home/cts3td/Datasets', trials=1, epochs=100, optimizer='Adam', loss='CE', lr=7.8125e-06, lr_conv=7.8125e-06, batch_size=1, val_batch_size=64, label_encoding='class', activation='LinearSpike', seed=1, pretrained_model=None, training_mode='tess', delay_ls=6, scheduler=100, print_freq=5000, factors_stdp=[0.2, 0.5, 1.0, 1.0], pooling='MAX', weight_decay=0, lr_scheduler_type='ReduceLR', experiment_name='CIFAR10', wn=True, avoid_wn=False, low_precision_training=True, forward_intx=4)
15-Feb-26 17:01:43 - => Everything will be saved to ./experiments/CIFAR10_VGG_Lonic_wn_int4_ternary_int8
15-Feb-26 17:01:47 - CUDA GPU will be used for computations
15-Feb-26 17:01:48 - Training set length: 50000
15-Feb-26 17:01:48 - Test set length: 10000
15-Feb-26 17:01:48 - Activation used: None
15-Feb-26 17:01:48 - Total Parameters: 9222.9K
15-Feb-26 17:01:49 - === Model ===
15-Feb-26 17:01:49 - VGGConvModel(
  (conv_block1): LocalLearningSignalGenerationLayer(
    (block): ConvBlock(
      (pool): Identity()
      (conv): Conv2dSTDP(3, 64, kernel_size=(3, 3), stride=(1, 1), padding=(1, 1), bias=False, threshold=0.60, leak=0.50, reset=soft, grad_leak=False, grad_threshold=False, factors=tensor([0.2000, 0.5000, 1.0000, 1.0000], device='cuda:0'))
      (dropout): DropoutLIF(
        Dropout(p=0.0, inplace=False)
        (dropout): Dropout(p=0.0, inplace=False)
      )
    )
  )
  (conv_block2): LocalLearningSignalGenerationLayer(
    (block): ConvBlock(
      (pool): MaxPool2d(kernel_size=2, stride=2, padding=0, dilation=1, ceil_mode=False)
      (conv): Conv2dSTDP(64, 128, kernel_size=(3, 3), stride=(1, 1), padding=(1, 1), bias=False, threshold=0.60, leak=0.50, reset=soft, grad_leak=False, grad_threshold=False, factors=tensor([0.2000, 0.5000, 1.0000, 1.0000], device='cuda:0'))
      (dropout): DropoutLIF(
        Dropout(p=0.0, inplace=False)
        (dropout): Dropout(p=0.0, inplace=False)
      )
    )
  )
  (conv_block3): LocalLearningSignalGenerationLayer(
    (block): ConvBlock(
      (pool): Identity()
      (conv): Conv2dSTDP(128, 256, kernel_size=(3, 3), stride=(1, 1), padding=(1, 1), bias=False, threshold=0.60, leak=0.50, reset=soft, grad_leak=False, grad_threshold=False, factors=tensor([0.2000, 0.5000, 1.0000, 1.0000], device='cuda:0'))
      (dropout): DropoutLIF(
        Dropout(p=0.0, inplace=False)
        (dropout): Dropout(p=0.0, inplace=False)
      )
    )
  )
  (conv_block4): LocalLearningSignalGenerationLayer(
    (block): ConvBlock(
      (pool): MaxPool2d(kernel_size=2, stride=2, padding=0, dilation=1, ceil_mode=False)
      (conv): Conv2dSTDP(256, 256, kernel_size=(3, 3), stride=(1, 1), padding=(1, 1), bias=False, threshold=0.60, leak=0.50, reset=soft, grad_leak=False, grad_threshold=False, factors=tensor([0.2000, 0.5000, 1.0000, 1.0000], device='cuda:0'))
      (dropout): DropoutLIF(
        Dropout(p=0.0, inplace=False)
        (dropout): Dropout(p=0.0, inplace=False)
      )
    )
  )
  (conv_block5): LocalLearningSignalGenerationLayer(
    (block): ConvBlock(
      (pool): Identity()
      (conv): Conv2dSTDP(256, 512, kernel_size=(3, 3), stride=(1, 1), padding=(1, 1), bias=False, threshold=0.60, leak=0.50, reset=soft, grad_leak=False, grad_threshold=False, factors=tensor([0.2000, 0.5000, 1.0000, 1.0000], device='cuda:0'))
      (dropout): DropoutLIF(
        Dropout(p=0.0, inplace=False)
        (dropout): Dropout(p=0.0, inplace=False)
      )
    )
  )
  (conv_block6): LocalLearningSignalGenerationLayer(
    (block): ConvBlock(
      (pool): MaxPool2d(kernel_size=2, stride=2, padding=0, dilation=1, ceil_mode=False)
      (conv): Conv2dSTDP(512, 512, kernel_size=(3, 3), stride=(1, 1), padding=(1, 1), bias=False, threshold=0.60, leak=0.50, reset=soft, grad_leak=False, grad_threshold=False, factors=tensor([0.2000, 0.5000, 1.0000, 1.0000], device='cuda:0'))
      (dropout): DropoutLIF(
        Dropout(p=0.0, inplace=False)
        (dropout): Dropout(p=0.0, inplace=False)
      )
    )
  )
  (conv_block7): LocalLearningSignalGenerationLayer(
    (block): ConvBlock(
      (pool): Identity()
      (conv): Conv2dSTDP(512, 512, kernel_size=(3, 3), stride=(1, 1), padding=(1, 1), bias=False, threshold=0.60, leak=0.50, reset=soft, grad_leak=False, grad_threshold=False, factors=tensor([0.2000, 0.5000, 1.0000, 1.0000], device='cuda:0'))
      (dropout): DropoutLIF(
        Dropout(p=0.0, inplace=False)
        (dropout): Dropout(p=0.0, inplace=False)
      )
    )
  )
  (conv_block8): LocalLearningSignalGenerationLayer(
    (block): ConvBlock(
      (pool): AdaptiveAvgPool2d(output_size=1)
      (conv): Conv2dSTDP(512, 512, kernel_size=(3, 3), stride=(1, 1), padding=(1, 1), bias=False, threshold=0.60, leak=0.50, reset=soft, grad_leak=False, grad_threshold=False, factors=tensor([0.2000, 0.5000, 1.0000, 1.0000], device='cuda:0'))
      (dropout): DropoutLIF(
        Dropout(p=0.0, inplace=False)
        (dropout): Dropout(p=0.0, inplace=False)
      )
    )
  )
  (linear): Linear(in_features=512, out_features=10, bias=True)
)
15-Feb-26 17:01:49 - 
=== Starting model training with 100 epochs:

15-Feb-26 17:01:49 - 	 Epoch 1...
16-Feb-26 20:58:27 - Namespace(arch='cifar_tessvgg_model', cpu=False, dataset='CIFAR10', save_path='./experiments/CIFAR10_VGG_Lonic_wn_int4_ternary_int8', data_path='/home/cts3td/Datasets', trials=1, epochs=100, optimizer='Adam', loss='CE', lr=7.8125e-06, lr_conv=7.8125e-06, batch_size=1, val_batch_size=64, label_encoding='class', activation='LinearSpike', seed=1, pretrained_model=None, training_mode='tess', delay_ls=6, scheduler=100, print_freq=5000, factors_stdp=[0.2, 0.5, 1.0, 1.0], pooling='MAX', weight_decay=0, lr_scheduler_type='ReduceLR', experiment_name='CIFAR10', wn=True, avoid_wn=False, low_precision_training=True, forward_intx=4)
16-Feb-26 20:58:27 - => Everything will be saved to ./experiments/CIFAR10_VGG_Lonic_wn_int4_ternary_int8
16-Feb-26 20:58:36 - CUDA GPU will be used for computations
16-Feb-26 20:58:37 - Training set length: 50000
16-Feb-26 20:58:37 - Test set length: 10000
16-Feb-26 20:58:37 - Activation used: None
16-Feb-26 20:58:37 - Total Parameters: 9222.9K
16-Feb-26 20:58:37 - === Model ===
16-Feb-26 20:58:37 - VGGConvModel(
  (conv_block1): LocalLearningSignalGenerationLayer(
    (block): ConvBlock(
      (pool): Identity()
      (conv): Conv2dSTDP(3, 64, kernel_size=(3, 3), stride=(1, 1), padding=(1, 1), bias=False, threshold=0.60, leak=0.50, reset=soft, grad_leak=False, grad_threshold=False, factors=tensor([0.2000, 0.5000, 1.0000, 1.0000], device='cuda:0'))
      (dropout): DropoutLIF(
        Dropout(p=0.0, inplace=False)
        (dropout): Dropout(p=0.0, inplace=False)
      )
    )
  )
  (conv_block2): LocalLearningSignalGenerationLayer(
    (block): ConvBlock(
      (pool): MaxPool2d(kernel_size=2, stride=2, padding=0, dilation=1, ceil_mode=False)
      (conv): Conv2dSTDP(64, 128, kernel_size=(3, 3), stride=(1, 1), padding=(1, 1), bias=False, threshold=0.60, leak=0.50, reset=soft, grad_leak=False, grad_threshold=False, factors=tensor([0.2000, 0.5000, 1.0000, 1.0000], device='cuda:0'))
      (dropout): DropoutLIF(
        Dropout(p=0.0, inplace=False)
        (dropout): Dropout(p=0.0, inplace=False)
      )
    )
  )
  (conv_block3): LocalLearningSignalGenerationLayer(
    (block): ConvBlock(
      (pool): Identity()
      (conv): Conv2dSTDP(128, 256, kernel_size=(3, 3), stride=(1, 1), padding=(1, 1), bias=False, threshold=0.60, leak=0.50, reset=soft, grad_leak=False, grad_threshold=False, factors=tensor([0.2000, 0.5000, 1.0000, 1.0000], device='cuda:0'))
      (dropout): DropoutLIF(
        Dropout(p=0.0, inplace=False)
        (dropout): Dropout(p=0.0, inplace=False)
      )
    )
  )
  (conv_block4): LocalLearningSignalGenerationLayer(
    (block): ConvBlock(
      (pool): MaxPool2d(kernel_size=2, stride=2, padding=0, dilation=1, ceil_mode=False)
      (conv): Conv2dSTDP(256, 256, kernel_size=(3, 3), stride=(1, 1), padding=(1, 1), bias=False, threshold=0.60, leak=0.50, reset=soft, grad_leak=False, grad_threshold=False, factors=tensor([0.2000, 0.5000, 1.0000, 1.0000], device='cuda:0'))
      (dropout): DropoutLIF(
        Dropout(p=0.0, inplace=False)
        (dropout): Dropout(p=0.0, inplace=False)
      )
    )
  )
  (conv_block5): LocalLearningSignalGenerationLayer(
    (block): ConvBlock(
      (pool): Identity()
      (conv): Conv2dSTDP(256, 512, kernel_size=(3, 3), stride=(1, 1), padding=(1, 1), bias=False, threshold=0.60, leak=0.50, reset=soft, grad_leak=False, grad_threshold=False, factors=tensor([0.2000, 0.5000, 1.0000, 1.0000], device='cuda:0'))
      (dropout): DropoutLIF(
        Dropout(p=0.0, inplace=False)
        (dropout): Dropout(p=0.0, inplace=False)
      )
    )
  )
  (conv_block6): LocalLearningSignalGenerationLayer(
    (block): ConvBlock(
      (pool): MaxPool2d(kernel_size=2, stride=2, padding=0, dilation=1, ceil_mode=False)
      (conv): Conv2dSTDP(512, 512, kernel_size=(3, 3), stride=(1, 1), padding=(1, 1), bias=False, threshold=0.60, leak=0.50, reset=soft, grad_leak=False, grad_threshold=False, factors=tensor([0.2000, 0.5000, 1.0000, 1.0000], device='cuda:0'))
      (dropout): DropoutLIF(
        Dropout(p=0.0, inplace=False)
        (dropout): Dropout(p=0.0, inplace=False)
      )
    )
  )
  (conv_block7): LocalLearningSignalGenerationLayer(
    (block): ConvBlock(
      (pool): Identity()
      (conv): Conv2dSTDP(512, 512, kernel_size=(3, 3), stride=(1, 1), padding=(1, 1), bias=False, threshold=0.60, leak=0.50, reset=soft, grad_leak=False, grad_threshold=False, factors=tensor([0.2000, 0.5000, 1.0000, 1.0000], device='cuda:0'))
      (dropout): DropoutLIF(
        Dropout(p=0.0, inplace=False)
        (dropout): Dropout(p=0.0, inplace=False)
      )
    )
  )
  (conv_block8): LocalLearningSignalGenerationLayer(
    (block): ConvBlock(
      (pool): AdaptiveAvgPool2d(output_size=1)
      (conv): Conv2dSTDP(512, 512, kernel_size=(3, 3), stride=(1, 1), padding=(1, 1), bias=False, threshold=0.60, leak=0.50, reset=soft, grad_leak=False, grad_threshold=False, factors=tensor([0.2000, 0.5000, 1.0000, 1.0000], device='cuda:0'))
      (dropout): DropoutLIF(
        Dropout(p=0.0, inplace=False)
        (dropout): Dropout(p=0.0, inplace=False)
      )
    )
  )
  (linear): Linear(in_features=512, out_features=10, bias=True)
)
16-Feb-26 20:58:38 - 
=== Starting model training with 100 epochs:

16-Feb-26 20:58:38 - 	 Epoch 1...
17-Feb-26 08:06:27 - Namespace(arch='cifar_tessvgg_model', cpu=False, dataset='CIFAR10', save_path='./experiments/CIFAR10_VGG_Lonic_wn_int4_ternary_int8', data_path='/home/cts3td/Datasets', trials=1, epochs=100, optimizer='Adam', loss='CE', lr=7.8125e-06, lr_conv=7.8125e-06, batch_size=1, val_batch_size=64, label_encoding='class', activation='LinearSpike', seed=1, pretrained_model=None, training_mode='tess', delay_ls=6, scheduler=100, print_freq=5000, factors_stdp=[0.2, 0.5, 1.0, 1.0], pooling='MAX', weight_decay=0, lr_scheduler_type='ReduceLR', experiment_name='CIFAR10', wn=True, avoid_wn=False, low_precision_training=True, forward_intx=4)
17-Feb-26 08:06:27 - => Everything will be saved to ./experiments/CIFAR10_VGG_Lonic_wn_int4_ternary_int8
17-Feb-26 08:06:31 - CUDA GPU will be used for computations
17-Feb-26 08:06:33 - Training set length: 50000
17-Feb-26 08:06:33 - Test set length: 10000
17-Feb-26 08:06:33 - Activation used: None
17-Feb-26 08:06:33 - Total Parameters: 9222.9K
17-Feb-26 08:06:33 - === Model ===
17-Feb-26 08:06:33 - VGGConvModel(
  (conv_block1): LocalLearningSignalGenerationLayer(
    (block): ConvBlock(
      (pool): Identity()
      (conv): Conv2dSTDP(3, 64, kernel_size=(3, 3), stride=(1, 1), padding=(1, 1), bias=False, threshold=0.60, leak=0.50, reset=soft, grad_leak=False, grad_threshold=False, factors=tensor([0.2000, 0.5000, 1.0000, 1.0000], device='cuda:0'))
      (dropout): DropoutLIF(
        Dropout(p=0.0, inplace=False)
        (dropout): Dropout(p=0.0, inplace=False)
      )
    )
  )
  (conv_block2): LocalLearningSignalGenerationLayer(
    (block): ConvBlock(
      (pool): MaxPool2d(kernel_size=2, stride=2, padding=0, dilation=1, ceil_mode=False)
      (conv): Conv2dSTDP(64, 128, kernel_size=(3, 3), stride=(1, 1), padding=(1, 1), bias=False, threshold=0.60, leak=0.50, reset=soft, grad_leak=False, grad_threshold=False, factors=tensor([0.2000, 0.5000, 1.0000, 1.0000], device='cuda:0'))
      (dropout): DropoutLIF(
        Dropout(p=0.0, inplace=False)
        (dropout): Dropout(p=0.0, inplace=False)
      )
    )
  )
  (conv_block3): LocalLearningSignalGenerationLayer(
    (block): ConvBlock(
      (pool): Identity()
      (conv): Conv2dSTDP(128, 256, kernel_size=(3, 3), stride=(1, 1), padding=(1, 1), bias=False, threshold=0.60, leak=0.50, reset=soft, grad_leak=False, grad_threshold=False, factors=tensor([0.2000, 0.5000, 1.0000, 1.0000], device='cuda:0'))
      (dropout): DropoutLIF(
        Dropout(p=0.0, inplace=False)
        (dropout): Dropout(p=0.0, inplace=False)
      )
    )
  )
  (conv_block4): LocalLearningSignalGenerationLayer(
    (block): ConvBlock(
      (pool): MaxPool2d(kernel_size=2, stride=2, padding=0, dilation=1, ceil_mode=False)
      (conv): Conv2dSTDP(256, 256, kernel_size=(3, 3), stride=(1, 1), padding=(1, 1), bias=False, threshold=0.60, leak=0.50, reset=soft, grad_leak=False, grad_threshold=False, factors=tensor([0.2000, 0.5000, 1.0000, 1.0000], device='cuda:0'))
      (dropout): DropoutLIF(
        Dropout(p=0.0, inplace=False)
        (dropout): Dropout(p=0.0, inplace=False)
      )
    )
  )
  (conv_block5): LocalLearningSignalGenerationLayer(
    (block): ConvBlock(
      (pool): Identity()
      (conv): Conv2dSTDP(256, 512, kernel_size=(3, 3), stride=(1, 1), padding=(1, 1), bias=False, threshold=0.60, leak=0.50, reset=soft, grad_leak=False, grad_threshold=False, factors=tensor([0.2000, 0.5000, 1.0000, 1.0000], device='cuda:0'))
      (dropout): DropoutLIF(
        Dropout(p=0.0, inplace=False)
        (dropout): Dropout(p=0.0, inplace=False)
      )
    )
  )
  (conv_block6): LocalLearningSignalGenerationLayer(
    (block): ConvBlock(
      (pool): MaxPool2d(kernel_size=2, stride=2, padding=0, dilation=1, ceil_mode=False)
      (conv): Conv2dSTDP(512, 512, kernel_size=(3, 3), stride=(1, 1), padding=(1, 1), bias=False, threshold=0.60, leak=0.50, reset=soft, grad_leak=False, grad_threshold=False, factors=tensor([0.2000, 0.5000, 1.0000, 1.0000], device='cuda:0'))
      (dropout): DropoutLIF(
        Dropout(p=0.0, inplace=False)
        (dropout): Dropout(p=0.0, inplace=False)
      )
    )
  )
  (conv_block7): LocalLearningSignalGenerationLayer(
    (block): ConvBlock(
      (pool): Identity()
      (conv): Conv2dSTDP(512, 512, kernel_size=(3, 3), stride=(1, 1), padding=(1, 1), bias=False, threshold=0.60, leak=0.50, reset=soft, grad_leak=False, grad_threshold=False, factors=tensor([0.2000, 0.5000, 1.0000, 1.0000], device='cuda:0'))
      (dropout): DropoutLIF(
        Dropout(p=0.0, inplace=False)
        (dropout): Dropout(p=0.0, inplace=False)
      )
    )
  )
  (conv_block8): LocalLearningSignalGenerationLayer(
    (block): ConvBlock(
      (pool): AdaptiveAvgPool2d(output_size=1)
      (conv): Conv2dSTDP(512, 512, kernel_size=(3, 3), stride=(1, 1), padding=(1, 1), bias=False, threshold=0.60, leak=0.50, reset=soft, grad_leak=False, grad_threshold=False, factors=tensor([0.2000, 0.5000, 1.0000, 1.0000], device='cuda:0'))
      (dropout): DropoutLIF(
        Dropout(p=0.0, inplace=False)
        (dropout): Dropout(p=0.0, inplace=False)
      )
    )
  )
  (linear): Linear(in_features=512, out_features=10, bias=True)
)
17-Feb-26 08:06:34 - 
=== Starting model training with 100 epochs:

17-Feb-26 08:06:34 - 	 Epoch 1...
17-Feb-26 08:25:25 - Epoch: [1][ 4999/50000]	Time  0.190 ( 0.226)	Data  0.001 ( 0.001)	Loss 2.2950e+00 (2.4444e+00)	Acc@1 100.00 ( 12.32)	Acc@5 100.00 ( 57.08)
17-Feb-26 08:44:34 - Epoch: [1][ 9999/50000]	Time  0.212 ( 0.228)	Data  0.001 ( 0.001)	Loss 2.2731e+00 (2.7542e+00)	Acc@1   0.00 ( 16.06)	Acc@5 100.00 ( 65.17)
17-Feb-26 09:03:39 - Epoch: [1][14999/50000]	Time  0.191 ( 0.228)	Data  0.001 ( 0.001)	Loss 2.4234e+00 (2.9842e+00)	Acc@1   0.00 ( 18.55)	Acc@5 100.00 ( 69.50)
17-Feb-26 09:22:22 - Epoch: [1][19999/50000]	Time  0.284 ( 0.227)	Data  0.001 ( 0.001)	Loss 2.5331e-01 (3.1131e+00)	Acc@1 100.00 ( 20.72)	Acc@5 100.00 ( 72.36)
17-Feb-26 09:40:44 - Epoch: [1][24999/50000]	Time  0.259 ( 0.226)	Data  0.001 ( 0.001)	Loss 1.2904e+01 (3.2066e+00)	Acc@1   0.00 ( 22.68)	Acc@5   0.00 ( 74.52)
17-Feb-26 09:59:13 - Epoch: [1][29999/50000]	Time  0.254 ( 0.225)	Data  0.001 ( 0.001)	Loss 5.5875e-01 (3.2869e+00)	Acc@1 100.00 ( 24.27)	Acc@5 100.00 ( 76.22)
17-Feb-26 10:17:48 - Epoch: [1][34999/50000]	Time  0.210 ( 0.225)	Data  0.001 ( 0.001)	Loss 1.1175e+00 (3.3407e+00)	Acc@1   0.00 ( 25.71)	Acc@5 100.00 ( 77.60)
17-Feb-26 10:36:34 - Epoch: [1][39999/50000]	Time  0.214 ( 0.225)	Data  0.001 ( 0.001)	Loss 1.0877e+01 (3.3790e+00)	Acc@1   0.00 ( 26.98)	Acc@5 100.00 ( 78.88)
17-Feb-26 10:55:08 - Epoch: [1][44999/50000]	Time  0.226 ( 0.225)	Data  0.001 ( 0.001)	Loss 5.3473e+00 (3.4160e+00)	Acc@1   0.00 ( 28.18)	Acc@5 100.00 ( 79.92)
17-Feb-26 11:13:41 - Epoch: [1][49999/50000]	Time  0.184 ( 0.225)	Data  0.001 ( 0.001)	Loss 1.2164e+01 (3.4488e+00)	Acc@1   0.00 ( 29.24)	Acc@5   0.00 ( 80.78)
17-Feb-26 11:13:41 -  @Training * Acc@1 29.240 Acc@5 80.776 Loss 3.449
17-Feb-26 11:13:41 - One training epoch latency: 1.123e+04s | Avg Power: 189.3W | Energy: 2125098.6104J
