21-Jan-26 08:14:15 - Namespace(arch='dvscifar10_tessvgg_model', cpu=False, dataset='CIFAR10DVS', save_path='./experiments/CIFAR10DVS_VGG_Lonic_wn_int8_ternary_int8', data_path='../SLTT-main/data', trials=1, epochs=100, optimizer='Adam', loss='CE', lr=1.5625e-05, lr_conv=1.5625e-05, batch_size=1, val_batch_size=64, label_encoding='class', activation='LinearSpike', seed=10, pretrained_model=None, training_mode='tess', delay_ls=10, scheduler=100, print_freq=1000, factors_stdp=[0.2, 0.5, 0.0, 1.0], pooling='MAX', weight_decay=0, lr_scheduler_type='ReduceLR', experiment_name='DVSCIFAR10', wn=True, avoid_wn=False, low_precision_training=True, forward_intx=8)
21-Jan-26 08:14:15 - => Everything will be saved to ./experiments/CIFAR10DVS_VGG_Lonic_wn_int8_ternary_int8
21-Jan-26 08:14:16 - CUDA GPU will be used for computations
21-Jan-26 08:14:16 - Training set length: 9000
21-Jan-26 08:14:16 - Test set length: 1000
21-Jan-26 08:14:16 - Activation used: None
21-Jan-26 08:14:16 - Total Parameters: 9222.3K
21-Jan-26 08:14:16 - === Model ===
21-Jan-26 08:14:16 - VGGConvModel(
  (conv_block1): LocalLearningSignalGenerationLayer(
    (block): ConvBlock(
      (pool): Identity()
      (conv): Conv2dSTDP(2, 64, kernel_size=(3, 3), stride=(1, 1), padding=(1, 1), bias=False, threshold=0.60, leak=0.50, reset=soft, grad_leak=False, grad_threshold=False, factors=tensor([0.2000, 0.5000, 0.0000, 1.0000], device='cuda:0'))
      (dropout): DropoutLIF(
        Dropout(p=0.0, inplace=False)
        (dropout): Dropout(p=0.0, inplace=False)
      )
    )
  )
  (conv_block2): LocalLearningSignalGenerationLayer(
    (block): ConvBlock(
      (pool): MaxPool2d(kernel_size=2, stride=2, padding=0, dilation=1, ceil_mode=False)
      (conv): Conv2dSTDP(64, 128, kernel_size=(3, 3), stride=(1, 1), padding=(1, 1), bias=False, threshold=0.60, leak=0.50, reset=soft, grad_leak=False, grad_threshold=False, factors=tensor([0.2000, 0.5000, 0.0000, 1.0000], device='cuda:0'))
      (dropout): DropoutLIF(
        Dropout(p=0.0, inplace=False)
        (dropout): Dropout(p=0.0, inplace=False)
      )
    )
  )
  (conv_block3): LocalLearningSignalGenerationLayer(
    (block): ConvBlock(
      (pool): Identity()
      (conv): Conv2dSTDP(128, 256, kernel_size=(3, 3), stride=(1, 1), padding=(1, 1), bias=False, threshold=0.60, leak=0.50, reset=soft, grad_leak=False, grad_threshold=False, factors=tensor([0.2000, 0.5000, 0.0000, 1.0000], device='cuda:0'))
      (dropout): DropoutLIF(
        Dropout(p=0.0, inplace=False)
        (dropout): Dropout(p=0.0, inplace=False)
      )
    )
  )
  (conv_block4): LocalLearningSignalGenerationLayer(
    (block): ConvBlock(
      (pool): MaxPool2d(kernel_size=2, stride=2, padding=0, dilation=1, ceil_mode=False)
      (conv): Conv2dSTDP(256, 256, kernel_size=(3, 3), stride=(1, 1), padding=(1, 1), bias=False, threshold=0.60, leak=0.50, reset=soft, grad_leak=False, grad_threshold=False, factors=tensor([0.2000, 0.5000, 0.0000, 1.0000], device='cuda:0'))
      (dropout): DropoutLIF(
        Dropout(p=0.0, inplace=False)
        (dropout): Dropout(p=0.0, inplace=False)
      )
    )
  )
  (conv_block5): LocalLearningSignalGenerationLayer(
    (block): ConvBlock(
      (pool): Identity()
      (conv): Conv2dSTDP(256, 512, kernel_size=(3, 3), stride=(1, 1), padding=(1, 1), bias=False, threshold=0.60, leak=0.50, reset=soft, grad_leak=False, grad_threshold=False, factors=tensor([0.2000, 0.5000, 0.0000, 1.0000], device='cuda:0'))
      (dropout): DropoutLIF(
        Dropout(p=0.0, inplace=False)
        (dropout): Dropout(p=0.0, inplace=False)
      )
    )
  )
  (conv_block6): LocalLearningSignalGenerationLayer(
    (block): ConvBlock(
      (pool): MaxPool2d(kernel_size=2, stride=2, padding=0, dilation=1, ceil_mode=False)
      (conv): Conv2dSTDP(512, 512, kernel_size=(3, 3), stride=(1, 1), padding=(1, 1), bias=False, threshold=0.60, leak=0.50, reset=soft, grad_leak=False, grad_threshold=False, factors=tensor([0.2000, 0.5000, 0.0000, 1.0000], device='cuda:0'))
      (dropout): DropoutLIF(
        Dropout(p=0.0, inplace=False)
        (dropout): Dropout(p=0.0, inplace=False)
      )
    )
  )
  (conv_block7): LocalLearningSignalGenerationLayer(
    (block): ConvBlock(
      (pool): Identity()
      (conv): Conv2dSTDP(512, 512, kernel_size=(3, 3), stride=(1, 1), padding=(1, 1), bias=False, threshold=0.60, leak=0.50, reset=soft, grad_leak=False, grad_threshold=False, factors=tensor([0.2000, 0.5000, 0.0000, 1.0000], device='cuda:0'))
      (dropout): DropoutLIF(
        Dropout(p=0.0, inplace=False)
        (dropout): Dropout(p=0.0, inplace=False)
      )
    )
  )
  (conv_block8): LocalLearningSignalGenerationLayer(
    (block): ConvBlock(
      (pool): AdaptiveAvgPool2d(output_size=1)
      (conv): Conv2dSTDP(512, 512, kernel_size=(3, 3), stride=(1, 1), padding=(1, 1), bias=False, threshold=0.60, leak=0.50, reset=soft, grad_leak=False, grad_threshold=False, factors=tensor([0.2000, 0.5000, 0.0000, 1.0000], device='cuda:0'))
      (dropout): DropoutLIF(
        Dropout(p=0.0, inplace=False)
        (dropout): Dropout(p=0.0, inplace=False)
      )
    )
  )
  (linear): Linear(in_features=512, out_features=10, bias=True)
)
21-Jan-26 08:14:17 - 
=== Starting model training with 100 epochs:

21-Jan-26 08:14:17 - 	 Epoch 1...
21-Jan-26 08:15:36 - Epoch: [1][ 999/9000]	Time  0.077 ( 0.080)	Data  0.001 ( 0.002)	Loss 6.3401e-01 (3.3477e+00)	Acc@1 100.00 ( 14.80)	Acc@5 100.00 ( 62.50)
21-Jan-26 08:16:56 - Epoch: [1][1999/9000]	Time  0.067 ( 0.080)	Data  0.001 ( 0.002)	Loss 2.6590e+00 (4.2270e+00)	Acc@1   0.00 ( 19.55)	Acc@5 100.00 ( 70.15)
21-Jan-26 08:18:16 - Epoch: [1][2999/9000]	Time  0.073 ( 0.080)	Data  0.001 ( 0.002)	Loss 3.4326e-02 (4.6845e+00)	Acc@1 100.00 ( 22.30)	Acc@5 100.00 ( 73.60)
21-Jan-26 08:19:37 - Epoch: [1][3999/9000]	Time  0.068 ( 0.080)	Data  0.001 ( 0.002)	Loss 1.0523e+01 (4.9361e+00)	Acc@1   0.00 ( 24.80)	Acc@5   0.00 ( 76.20)
21-Jan-26 08:20:54 - Epoch: [1][4999/9000]	Time  0.075 ( 0.079)	Data  0.001 ( 0.002)	Loss 1.0679e+00 (5.0772e+00)	Acc@1   0.00 ( 26.82)	Acc@5 100.00 ( 78.22)
21-Jan-26 08:22:11 - Epoch: [1][5999/9000]	Time  0.080 ( 0.079)	Data  0.001 ( 0.002)	Loss 3.0249e+00 (5.1999e+00)	Acc@1   0.00 ( 28.17)	Acc@5 100.00 ( 79.65)
21-Jan-26 08:23:28 - Epoch: [1][6999/9000]	Time  0.080 ( 0.079)	Data  0.002 ( 0.002)	Loss 5.4914e+00 (5.3000e+00)	Acc@1   0.00 ( 29.23)	Acc@5 100.00 ( 80.40)
21-Jan-26 08:24:46 - Epoch: [1][7999/9000]	Time  0.081 ( 0.079)	Data  0.001 ( 0.002)	Loss 3.1660e+00 (5.3171e+00)	Acc@1   0.00 ( 30.55)	Acc@5 100.00 ( 81.40)
21-Jan-26 08:26:03 - Epoch: [1][8999/9000]	Time  0.064 ( 0.078)	Data  0.001 ( 0.002)	Loss 1.3214e+01 (5.4121e+00)	Acc@1   0.00 ( 31.30)	Acc@5 100.00 ( 82.02)
21-Jan-26 08:26:03 -  @Training * Acc@1 31.300 Acc@5 82.022 Loss 5.412
21-Jan-26 08:26:03 - One training epoch latency: 706.2s | Avg Power: 184.6W | Energy: 130403.0418J
21-Jan-26 08:26:13 -  @Testing * Acc@1 38.500 Acc@5 86.100 Loss 5.966
21-Jan-26 08:26:13 - Best acc at epoch 1: 38.5
21-Jan-26 08:26:13 - Last learning rate: [1.5625e-05]
21-Jan-26 08:26:13 - 	 Epoch 2...
21-Jan-26 08:27:31 - Epoch: [2][ 999/9000]	Time  0.100 ( 0.078)	Data  0.001 ( 0.002)	Loss 1.2039e+00 (5.5997e+00)	Acc@1   0.00 ( 41.00)	Acc@5 100.00 ( 87.20)
21-Jan-26 08:28:49 - Epoch: [2][1999/9000]	Time  0.068 ( 0.078)	Data  0.001 ( 0.002)	Loss 4.6740e+00 (5.6067e+00)	Acc@1   0.00 ( 42.65)	Acc@5 100.00 ( 87.50)
21-Jan-26 08:30:06 - Epoch: [2][2999/9000]	Time  0.075 ( 0.078)	Data  0.001 ( 0.001)	Loss 6.1207e-04 (5.6023e+00)	Acc@1 100.00 ( 42.67)	Acc@5 100.00 ( 88.23)
21-Jan-26 08:31:23 - Epoch: [2][3999/9000]	Time  0.080 ( 0.078)	Data  0.001 ( 0.001)	Loss 6.7047e-03 (5.5936e+00)	Acc@1 100.00 ( 43.68)	Acc@5 100.00 ( 88.73)
21-Jan-26 08:32:40 - Epoch: [2][4999/9000]	Time  0.116 ( 0.077)	Data  0.001 ( 0.001)	Loss 2.1873e+00 (5.5737e+00)	Acc@1   0.00 ( 44.08)	Acc@5 100.00 ( 89.06)
21-Jan-26 08:33:58 - Epoch: [2][5999/9000]	Time  0.104 ( 0.078)	Data  0.002 ( 0.001)	Loss 2.3112e+00 (5.6167e+00)	Acc@1   0.00 ( 44.23)	Acc@5 100.00 ( 89.28)
21-Jan-26 08:35:15 - Epoch: [2][6999/9000]	Time  0.091 ( 0.077)	Data  0.001 ( 0.001)	Loss 2.6772e+01 (5.6225e+00)	Acc@1   0.00 ( 44.24)	Acc@5   0.00 ( 89.29)
21-Jan-26 08:36:32 - Epoch: [2][7999/9000]	Time  0.070 ( 0.077)	Data  0.001 ( 0.001)	Loss 1.9255e-01 (5.6295e+00)	Acc@1 100.00 ( 44.40)	Acc@5 100.00 ( 89.59)
21-Jan-26 08:37:50 - Epoch: [2][8999/9000]	Time  0.072 ( 0.077)	Data  0.002 ( 0.001)	Loss 1.9736e+01 (5.5916e+00)	Acc@1   0.00 ( 44.98)	Acc@5 100.00 ( 89.69)
21-Jan-26 08:37:50 -  @Training * Acc@1 44.978 Acc@5 89.689 Loss 5.592
21-Jan-26 08:37:50 - One training epoch latency: 696.9s | Avg Power: 186.8W | Energy: 130169.8519J
21-Jan-26 08:38:00 -  @Testing * Acc@1 47.900 Acc@5 91.900 Loss 5.006
21-Jan-26 08:38:00 - Best acc at epoch 2: 47.900001525878906
21-Jan-26 08:38:00 - Last learning rate: [1.5625e-05]
21-Jan-26 08:38:00 - 	 Epoch 3...
21-Jan-26 08:39:19 - Epoch: [3][ 999/9000]	Time  0.072 ( 0.079)	Data  0.001 ( 0.002)	Loss 0.0000e+00 (5.4224e+00)	Acc@1 100.00 ( 48.50)	Acc@5 100.00 ( 90.60)
21-Jan-26 08:40:36 - Epoch: [3][1999/9000]	Time  0.082 ( 0.078)	Data  0.001 ( 0.001)	Loss 2.7173e+01 (5.4489e+00)	Acc@1   0.00 ( 47.10)	Acc@5 100.00 ( 90.55)
21-Jan-26 08:41:53 - Epoch: [3][2999/9000]	Time  0.079 ( 0.078)	Data  0.001 ( 0.001)	Loss 5.0573e+00 (5.3959e+00)	Acc@1   0.00 ( 47.83)	Acc@5 100.00 ( 90.93)
21-Jan-26 08:43:11 - Epoch: [3][3999/9000]	Time  0.074 ( 0.078)	Data  0.001 ( 0.001)	Loss 4.7684e-06 (5.3111e+00)	Acc@1 100.00 ( 48.38)	Acc@5 100.00 ( 91.53)
21-Jan-26 08:44:28 - Epoch: [3][4999/9000]	Time  0.074 ( 0.078)	Data  0.001 ( 0.001)	Loss 6.2179e+00 (5.2548e+00)	Acc@1   0.00 ( 48.82)	Acc@5 100.00 ( 91.76)
21-Jan-26 08:45:46 - Epoch: [3][5999/9000]	Time  0.079 ( 0.078)	Data  0.001 ( 0.001)	Loss 0.0000e+00 (5.3387e+00)	Acc@1 100.00 ( 48.98)	Acc@5 100.00 ( 91.78)
21-Jan-26 08:47:03 - Epoch: [3][6999/9000]	Time  0.076 ( 0.078)	Data  0.001 ( 0.001)	Loss 1.8833e-04 (5.3606e+00)	Acc@1 100.00 ( 49.19)	Acc@5 100.00 ( 91.86)
21-Jan-26 08:48:20 - Epoch: [3][7999/9000]	Time  0.106 ( 0.077)	Data  0.002 ( 0.001)	Loss 1.3916e-02 (5.3480e+00)	Acc@1 100.00 ( 49.23)	Acc@5 100.00 ( 91.86)
21-Jan-26 08:49:38 - Epoch: [3][8999/9000]	Time  0.066 ( 0.077)	Data  0.001 ( 0.001)	Loss 5.0064e+00 (5.3412e+00)	Acc@1   0.00 ( 49.68)	Acc@5 100.00 ( 91.87)
21-Jan-26 08:49:38 -  @Training * Acc@1 49.678 Acc@5 91.867 Loss 5.341
21-Jan-26 08:49:38 - One training epoch latency: 697.4s | Avg Power: 186.9W | Energy: 130348.0685J
21-Jan-26 08:49:48 -  @Testing * Acc@1 53.000 Acc@5 92.400 Loss 5.213
21-Jan-26 08:49:48 - Best acc at epoch 3: 53.000003814697266
21-Jan-26 08:49:48 - Last learning rate: [1.5625e-05]
21-Jan-26 08:49:48 - 	 Epoch 4...
21-Jan-26 08:51:05 - Epoch: [4][ 999/9000]	Time  0.075 ( 0.077)	Data  0.001 ( 0.002)	Loss 4.6583e-01 (4.6536e+00)	Acc@1 100.00 ( 53.30)	Acc@5 100.00 ( 95.40)
21-Jan-26 08:52:23 - Epoch: [4][1999/9000]	Time  0.069 ( 0.077)	Data  0.001 ( 0.001)	Loss 9.9062e-04 (4.8675e+00)	Acc@1 100.00 ( 53.90)	Acc@5 100.00 ( 94.60)
21-Jan-26 08:53:40 - Epoch: [4][2999/9000]	Time  0.078 ( 0.077)	Data  0.001 ( 0.001)	Loss 2.6664e+01 (5.0218e+00)	Acc@1   0.00 ( 53.30)	Acc@5   0.00 ( 93.80)
21-Jan-26 08:54:57 - Epoch: [4][3999/9000]	Time  0.082 ( 0.077)	Data  0.002 ( 0.001)	Loss 1.4485e+01 (5.0300e+00)	Acc@1   0.00 ( 53.45)	Acc@5 100.00 ( 93.78)
21-Jan-26 08:56:14 - Epoch: [4][4999/9000]	Time  0.068 ( 0.077)	Data  0.001 ( 0.001)	Loss 0.0000e+00 (4.9647e+00)	Acc@1 100.00 ( 53.92)	Acc@5 100.00 ( 93.66)
21-Jan-26 08:57:31 - Epoch: [4][5999/9000]	Time  0.074 ( 0.077)	Data  0.001 ( 0.001)	Loss 0.0000e+00 (4.9562e+00)	Acc@1 100.00 ( 54.18)	Acc@5 100.00 ( 93.70)
21-Jan-26 08:58:49 - Epoch: [4][6999/9000]	Time  0.084 ( 0.077)	Data  0.002 ( 0.001)	Loss 2.1673e+00 (5.0069e+00)	Acc@1   0.00 ( 54.27)	Acc@5 100.00 ( 93.71)
21-Jan-26 09:00:05 - Epoch: [4][7999/9000]	Time  0.077 ( 0.077)	Data  0.001 ( 0.001)	Loss 3.2324e-04 (5.0593e+00)	Acc@1 100.00 ( 54.03)	Acc@5 100.00 ( 93.64)
21-Jan-26 09:01:23 - Epoch: [4][8999/9000]	Time  0.066 ( 0.077)	Data  0.001 ( 0.001)	Loss 7.4153e-01 (5.0487e+00)	Acc@1   0.00 ( 54.16)	Acc@5 100.00 ( 93.70)
21-Jan-26 09:01:23 -  @Training * Acc@1 54.156 Acc@5 93.700 Loss 5.049
21-Jan-26 09:01:23 - One training epoch latency: 694.9s | Avg Power: 185.3W | Energy: 128747.8233J
21-Jan-26 09:01:33 -  @Testing * Acc@1 57.300 Acc@5 94.100 Loss 4.975
21-Jan-26 09:01:33 - Best acc at epoch 4: 57.30000305175781
21-Jan-26 09:01:33 - Last learning rate: [1.5625e-05]
21-Jan-26 09:01:33 - 	 Epoch 5...
21-Jan-26 09:02:51 - Epoch: [5][ 999/9000]	Time  0.072 ( 0.077)	Data  0.001 ( 0.002)	Loss 6.6124e-03 (4.9768e+00)	Acc@1 100.00 ( 54.80)	Acc@5 100.00 ( 94.50)
21-Jan-26 09:04:08 - Epoch: [5][1999/9000]	Time  0.082 ( 0.078)	Data  0.001 ( 0.001)	Loss 1.7073e+01 (4.6918e+00)	Acc@1   0.00 ( 55.95)	Acc@5   0.00 ( 95.10)
21-Jan-26 09:05:25 - Epoch: [5][2999/9000]	Time  0.112 ( 0.077)	Data  0.001 ( 0.001)	Loss 1.3765e+01 (4.5950e+00)	Acc@1   0.00 ( 57.03)	Acc@5   0.00 ( 94.87)
21-Jan-26 09:06:42 - Epoch: [5][3999/9000]	Time  0.080 ( 0.077)	Data  0.001 ( 0.001)	Loss 2.4512e+01 (4.5104e+00)	Acc@1   0.00 ( 57.60)	Acc@5   0.00 ( 95.13)
21-Jan-26 09:08:00 - Epoch: [5][4999/9000]	Time  0.070 ( 0.077)	Data  0.001 ( 0.001)	Loss 3.3525e+01 (4.5757e+00)	Acc@1   0.00 ( 57.76)	Acc@5   0.00 ( 95.12)
21-Jan-26 09:09:17 - Epoch: [5][5999/9000]	Time  0.093 ( 0.077)	Data  0.001 ( 0.001)	Loss 1.7361e+01 (4.5936e+00)	Acc@1   0.00 ( 58.00)	Acc@5 100.00 ( 95.23)
21-Jan-26 09:10:34 - Epoch: [5][6999/9000]	Time  0.077 ( 0.077)	Data  0.001 ( 0.001)	Loss 4.1766e+00 (4.6262e+00)	Acc@1   0.00 ( 57.96)	Acc@5 100.00 ( 95.10)
21-Jan-26 09:11:52 - Epoch: [5][7999/9000]	Time  0.079 ( 0.077)	Data  0.001 ( 0.001)	Loss 1.5183e-03 (4.6363e+00)	Acc@1 100.00 ( 57.93)	Acc@5 100.00 ( 95.19)
21-Jan-26 09:13:09 - Epoch: [5][8999/9000]	Time  0.075 ( 0.077)	Data  0.002 ( 0.001)	Loss 1.5954e+01 (4.6675e+00)	Acc@1   0.00 ( 58.04)	Acc@5 100.00 ( 95.11)
21-Jan-26 09:13:09 -  @Training * Acc@1 58.044 Acc@5 95.111 Loss 4.667
21-Jan-26 09:13:10 - One training epoch latency: 696.1s | Avg Power: 187.1W | Energy: 130210.7572J
21-Jan-26 09:13:20 -  @Testing * Acc@1 52.100 Acc@5 93.500 Loss 6.193
21-Jan-26 09:13:20 - Best acc at epoch 5: 57.30000305175781
21-Jan-26 09:13:20 - Last learning rate: [1.5625e-05]
21-Jan-26 09:13:20 - 	 Epoch 6...
21-Jan-26 09:14:37 - Epoch: [6][ 999/9000]	Time  0.076 ( 0.077)	Data  0.001 ( 0.002)	Loss 2.6226e-05 (4.7148e+00)	Acc@1 100.00 ( 58.30)	Acc@5 100.00 ( 95.10)
21-Jan-26 09:15:55 - Epoch: [6][1999/9000]	Time  0.110 ( 0.078)	Data  0.002 ( 0.002)	Loss 0.0000e+00 (4.3193e+00)	Acc@1 100.00 ( 59.75)	Acc@5 100.00 ( 96.20)
21-Jan-26 09:17:13 - Epoch: [6][2999/9000]	Time  0.068 ( 0.078)	Data  0.001 ( 0.002)	Loss 6.7949e-06 (4.3276e+00)	Acc@1 100.00 ( 60.47)	Acc@5 100.00 ( 96.13)
21-Jan-26 09:18:30 - Epoch: [6][3999/9000]	Time  0.072 ( 0.078)	Data  0.002 ( 0.001)	Loss 1.1921e-07 (4.3918e+00)	Acc@1 100.00 ( 60.15)	Acc@5 100.00 ( 96.10)
21-Jan-26 09:19:48 - Epoch: [6][4999/9000]	Time  0.074 ( 0.078)	Data  0.002 ( 0.001)	Loss 0.0000e+00 (4.3471e+00)	Acc@1 100.00 ( 60.52)	Acc@5 100.00 ( 95.94)
21-Jan-26 09:21:05 - Epoch: [6][5999/9000]	Time  0.069 ( 0.078)	Data  0.001 ( 0.001)	Loss 9.7738e+00 (4.3473e+00)	Acc@1   0.00 ( 60.75)	Acc@5 100.00 ( 95.98)
21-Jan-26 09:22:23 - Epoch: [6][6999/9000]	Time  0.069 ( 0.078)	Data  0.001 ( 0.001)	Loss 0.0000e+00 (4.3666e+00)	Acc@1 100.00 ( 60.83)	Acc@5 100.00 ( 96.06)
21-Jan-26 09:23:41 - Epoch: [6][7999/9000]	Time  0.075 ( 0.078)	Data  0.001 ( 0.001)	Loss 7.1526e-07 (4.3363e+00)	Acc@1 100.00 ( 61.06)	Acc@5 100.00 ( 96.00)
21-Jan-26 09:24:58 - Epoch: [6][8999/9000]	Time  0.071 ( 0.078)	Data  0.001 ( 0.001)	Loss 8.5249e-02 (4.3230e+00)	Acc@1 100.00 ( 61.36)	Acc@5 100.00 ( 96.02)
21-Jan-26 09:24:58 -  @Training * Acc@1 61.356 Acc@5 96.022 Loss 4.323
21-Jan-26 09:24:58 - One training epoch latency: 698.5s | Avg Power: 181.9W | Energy: 127074.7564J
21-Jan-26 09:25:09 -  @Testing * Acc@1 58.000 Acc@5 94.200 Loss 5.555
21-Jan-26 09:25:09 - Best acc at epoch 6: 58.000003814697266
21-Jan-26 09:25:09 - Last learning rate: [1.5625e-05]
21-Jan-26 09:25:09 - 	 Epoch 7...
21-Jan-26 09:26:26 - Epoch: [7][ 999/9000]	Time  0.069 ( 0.077)	Data  0.001 ( 0.002)	Loss 0.0000e+00 (3.8405e+00)	Acc@1 100.00 ( 63.00)	Acc@5 100.00 ( 96.80)
21-Jan-26 09:27:44 - Epoch: [7][1999/9000]	Time  0.079 ( 0.078)	Data  0.002 ( 0.002)	Loss 3.5763e-07 (3.9729e+00)	Acc@1 100.00 ( 63.40)	Acc@5 100.00 ( 96.85)
21-Jan-26 09:29:02 - Epoch: [7][2999/9000]	Time  0.075 ( 0.078)	Data  0.002 ( 0.001)	Loss 2.3842e-07 (3.9682e+00)	Acc@1 100.00 ( 63.47)	Acc@5 100.00 ( 97.03)
21-Jan-26 09:30:19 - Epoch: [7][3999/9000]	Time  0.078 ( 0.078)	Data  0.001 ( 0.001)	Loss 2.9132e+00 (3.9689e+00)	Acc@1   0.00 ( 63.25)	Acc@5 100.00 ( 97.00)
21-Jan-26 09:31:37 - Epoch: [7][4999/9000]	Time  0.074 ( 0.078)	Data  0.003 ( 0.001)	Loss 2.6365e+00 (3.9736e+00)	Acc@1   0.00 ( 63.62)	Acc@5 100.00 ( 96.86)
21-Jan-26 09:32:54 - Epoch: [7][5999/9000]	Time  0.102 ( 0.078)	Data  0.001 ( 0.001)	Loss 1.0246e+01 (4.0025e+00)	Acc@1   0.00 ( 63.65)	Acc@5 100.00 ( 96.95)
21-Jan-26 09:34:12 - Epoch: [7][6999/9000]	Time  0.074 ( 0.078)	Data  0.002 ( 0.001)	Loss 5.5047e+00 (4.0217e+00)	Acc@1   0.00 ( 63.80)	Acc@5 100.00 ( 96.86)
21-Jan-26 09:35:29 - Epoch: [7][7999/9000]	Time  0.071 ( 0.078)	Data  0.002 ( 0.001)	Loss 0.0000e+00 (4.0660e+00)	Acc@1 100.00 ( 63.70)	Acc@5 100.00 ( 96.66)
21-Jan-26 09:36:46 - Epoch: [7][8999/9000]	Time  0.068 ( 0.078)	Data  0.001 ( 0.001)	Loss 1.2636e-05 (4.0448e+00)	Acc@1 100.00 ( 64.00)	Acc@5 100.00 ( 96.78)
21-Jan-26 09:36:46 -  @Training * Acc@1 64.000 Acc@5 96.778 Loss 4.045
21-Jan-26 09:36:47 - One training epoch latency: 697.6s | Avg Power: 184.0W | Energy: 128398.1073J
21-Jan-26 09:36:57 -  @Testing * Acc@1 63.600 Acc@5 96.100 Loss 4.746
21-Jan-26 09:36:57 - Best acc at epoch 7: 63.60000228881836
21-Jan-26 09:36:57 - Last learning rate: [1.5625e-05]
21-Jan-26 09:36:57 - 	 Epoch 8...
21-Jan-26 09:38:15 - Epoch: [8][ 999/9000]	Time  0.068 ( 0.078)	Data  0.001 ( 0.002)	Loss 6.1989e-06 (3.4824e+00)	Acc@1 100.00 ( 67.00)	Acc@5 100.00 ( 97.40)
21-Jan-26 09:39:32 - Epoch: [8][1999/9000]	Time  0.079 ( 0.078)	Data  0.002 ( 0.002)	Loss 2.1537e-01 (3.6940e+00)	Acc@1 100.00 ( 67.30)	Acc@5 100.00 ( 96.70)
21-Jan-26 09:40:50 - Epoch: [8][2999/9000]	Time  0.081 ( 0.078)	Data  0.001 ( 0.002)	Loss 0.0000e+00 (3.7599e+00)	Acc@1 100.00 ( 66.77)	Acc@5 100.00 ( 96.87)
21-Jan-26 09:42:07 - Epoch: [8][3999/9000]	Time  0.074 ( 0.077)	Data  0.001 ( 0.001)	Loss 0.0000e+00 (3.7390e+00)	Acc@1 100.00 ( 66.70)	Acc@5 100.00 ( 97.18)
21-Jan-26 09:43:24 - Epoch: [8][4999/9000]	Time  0.081 ( 0.077)	Data  0.002 ( 0.001)	Loss 2.1472e+01 (3.7520e+00)	Acc@1   0.00 ( 66.60)	Acc@5 100.00 ( 97.12)
21-Jan-26 09:44:42 - Epoch: [8][5999/9000]	Time  0.067 ( 0.077)	Data  0.001 ( 0.001)	Loss 3.3850e+01 (3.7100e+00)	Acc@1   0.00 ( 66.93)	Acc@5 100.00 ( 97.23)
21-Jan-26 09:45:59 - Epoch: [8][6999/9000]	Time  0.080 ( 0.077)	Data  0.002 ( 0.001)	Loss 0.0000e+00 (3.6898e+00)	Acc@1 100.00 ( 67.11)	Acc@5 100.00 ( 97.33)
21-Jan-26 09:47:17 - Epoch: [8][7999/9000]	Time  0.075 ( 0.077)	Data  0.003 ( 0.001)	Loss 8.6542e-05 (3.7620e+00)	Acc@1 100.00 ( 67.04)	Acc@5 100.00 ( 97.25)
21-Jan-26 09:48:34 - Epoch: [8][8999/9000]	Time  0.061 ( 0.077)	Data  0.001 ( 0.001)	Loss 1.6943e+01 (3.7917e+00)	Acc@1   0.00 ( 66.93)	Acc@5 100.00 ( 97.24)
21-Jan-26 09:48:34 -  @Training * Acc@1 66.933 Acc@5 97.244 Loss 3.792
21-Jan-26 09:48:34 - One training epoch latency: 696.8s | Avg Power: 181.9W | Energy: 126724.8795J
21-Jan-26 09:48:44 -  @Testing * Acc@1 65.200 Acc@5 96.100 Loss 4.447
21-Jan-26 09:48:44 - Best acc at epoch 8: 65.20000457763672
21-Jan-26 09:48:44 - Last learning rate: [1.5625e-05]
21-Jan-26 09:48:44 - 	 Epoch 9...
21-Jan-26 09:50:02 - Epoch: [9][ 999/9000]	Time  0.068 ( 0.078)	Data  0.001 ( 0.002)	Loss 0.0000e+00 (3.1300e+00)	Acc@1 100.00 ( 71.00)	Acc@5 100.00 ( 97.80)
21-Jan-26 09:51:19 - Epoch: [9][1999/9000]	Time  0.076 ( 0.077)	Data  0.001 ( 0.002)	Loss 3.7449e-04 (3.2245e+00)	Acc@1 100.00 ( 71.05)	Acc@5 100.00 ( 97.95)
21-Jan-26 09:52:37 - Epoch: [9][2999/9000]	Time  0.076 ( 0.078)	Data  0.001 ( 0.001)	Loss 1.5080e+01 (3.2497e+00)	Acc@1   0.00 ( 70.83)	Acc@5 100.00 ( 97.93)
21-Jan-26 09:53:54 - Epoch: [9][3999/9000]	Time  0.069 ( 0.078)	Data  0.001 ( 0.001)	Loss 9.6559e-06 (3.3875e+00)	Acc@1 100.00 ( 70.33)	Acc@5 100.00 ( 97.85)
21-Jan-26 09:55:12 - Epoch: [9][4999/9000]	Time  0.081 ( 0.077)	Data  0.001 ( 0.001)	Loss 0.0000e+00 (3.4663e+00)	Acc@1 100.00 ( 69.54)	Acc@5 100.00 ( 97.72)
21-Jan-26 09:56:29 - Epoch: [9][5999/9000]	Time  0.078 ( 0.077)	Data  0.001 ( 0.001)	Loss 0.0000e+00 (3.4946e+00)	Acc@1 100.00 ( 69.20)	Acc@5 100.00 ( 97.80)
21-Jan-26 09:57:46 - Epoch: [9][6999/9000]	Time  0.086 ( 0.077)	Data  0.001 ( 0.001)	Loss 4.5626e+00 (3.4714e+00)	Acc@1   0.00 ( 69.36)	Acc@5 100.00 ( 97.84)
21-Jan-26 09:59:04 - Epoch: [9][7999/9000]	Time  0.078 ( 0.077)	Data  0.001 ( 0.001)	Loss 8.4067e-04 (3.5120e+00)	Acc@1 100.00 ( 69.15)	Acc@5 100.00 ( 97.71)
21-Jan-26 10:00:21 - Epoch: [9][8999/9000]	Time  0.068 ( 0.077)	Data  0.002 ( 0.001)	Loss 6.8857e+00 (3.4573e+00)	Acc@1   0.00 ( 69.52)	Acc@5 100.00 ( 97.70)
21-Jan-26 10:00:21 -  @Training * Acc@1 69.522 Acc@5 97.700 Loss 3.457
21-Jan-26 10:00:21 - One training epoch latency: 696.4s | Avg Power: 188.5W | Energy: 131278.0362J
21-Jan-26 10:00:31 -  @Testing * Acc@1 64.900 Acc@5 96.400 Loss 4.740
21-Jan-26 10:00:31 - Best acc at epoch 9: 65.20000457763672
21-Jan-26 10:00:31 - Last learning rate: [1.5625e-05]
21-Jan-26 10:00:31 - 	 Epoch 10...
21-Jan-26 10:01:50 - Epoch: [10][ 999/9000]	Time  0.087 ( 0.079)	Data  0.001 ( 0.002)	Loss 1.6533e+01 (3.3052e+00)	Acc@1   0.00 ( 73.50)	Acc@5 100.00 ( 98.10)
21-Jan-26 10:03:07 - Epoch: [10][1999/9000]	Time  0.080 ( 0.078)	Data  0.001 ( 0.002)	Loss 9.3309e+00 (3.2478e+00)	Acc@1   0.00 ( 72.10)	Acc@5 100.00 ( 98.05)
21-Jan-26 10:04:25 - Epoch: [10][2999/9000]	Time  0.101 ( 0.078)	Data  0.025 ( 0.002)	Loss 1.1633e+01 (3.2086e+00)	Acc@1   0.00 ( 71.87)	Acc@5 100.00 ( 98.00)
21-Jan-26 10:05:42 - Epoch: [10][3999/9000]	Time  0.067 ( 0.078)	Data  0.001 ( 0.002)	Loss 1.1500e+01 (3.2369e+00)	Acc@1   0.00 ( 72.20)	Acc@5 100.00 ( 97.90)
21-Jan-26 10:07:00 - Epoch: [10][4999/9000]	Time  0.099 ( 0.078)	Data  0.001 ( 0.002)	Loss 0.0000e+00 (3.2405e+00)	Acc@1 100.00 ( 72.28)	Acc@5 100.00 ( 97.92)
21-Jan-26 10:08:18 - Epoch: [10][5999/9000]	Time  0.071 ( 0.078)	Data  0.001 ( 0.002)	Loss 9.6946e-01 (3.2153e+00)	Acc@1   0.00 ( 72.20)	Acc@5 100.00 ( 98.00)
21-Jan-26 10:09:35 - Epoch: [10][6999/9000]	Time  0.075 ( 0.078)	Data  0.001 ( 0.001)	Loss 0.0000e+00 (3.2689e+00)	Acc@1 100.00 ( 71.73)	Acc@5 100.00 ( 98.06)
21-Jan-26 10:10:55 - Epoch: [10][7999/9000]	Time  0.075 ( 0.078)	Data  0.002 ( 0.002)	Loss 0.0000e+00 (3.2648e+00)	Acc@1 100.00 ( 71.75)	Acc@5 100.00 ( 97.96)
21-Jan-26 10:12:13 - Epoch: [10][8999/9000]	Time  0.062 ( 0.078)	Data  0.001 ( 0.002)	Loss 0.0000e+00 (3.3046e+00)	Acc@1 100.00 ( 71.56)	Acc@5 100.00 ( 97.94)
21-Jan-26 10:12:13 -  @Training * Acc@1 71.556 Acc@5 97.944 Loss 3.305
21-Jan-26 10:12:13 - One training epoch latency: 702.3s | Avg Power: 188.8W | Energy: 132600.0789J
21-Jan-26 10:12:24 -  @Testing * Acc@1 66.700 Acc@5 95.700 Loss 4.703
21-Jan-26 10:12:24 - Best acc at epoch 10: 66.70000457763672
21-Jan-26 10:12:24 - Last learning rate: [1.5625e-05]
21-Jan-26 10:12:24 - 	 Epoch 11...
21-Jan-26 10:13:43 - Epoch: [11][ 999/9000]	Time  0.079 ( 0.079)	Data  0.001 ( 0.002)	Loss 0.0000e+00 (2.7148e+00)	Acc@1 100.00 ( 73.70)	Acc@5 100.00 ( 98.00)
21-Jan-26 10:15:00 - Epoch: [11][1999/9000]	Time  0.077 ( 0.078)	Data  0.001 ( 0.002)	Loss 5.9132e+00 (2.8886e+00)	Acc@1   0.00 ( 74.15)	Acc@5 100.00 ( 97.95)
21-Jan-26 10:16:18 - Epoch: [11][2999/9000]	Time  0.080 ( 0.078)	Data  0.001 ( 0.002)	Loss 0.0000e+00 (2.9124e+00)	Acc@1 100.00 ( 74.63)	Acc@5 100.00 ( 98.00)
21-Jan-26 10:17:35 - Epoch: [11][3999/9000]	Time  0.068 ( 0.078)	Data  0.001 ( 0.001)	Loss 0.0000e+00 (2.9766e+00)	Acc@1 100.00 ( 74.10)	Acc@5 100.00 ( 98.05)
21-Jan-26 10:18:52 - Epoch: [11][4999/9000]	Time  0.074 ( 0.078)	Data  0.002 ( 0.001)	Loss 6.8641e-02 (3.0339e+00)	Acc@1 100.00 ( 74.08)	Acc@5 100.00 ( 98.18)
21-Jan-26 10:20:10 - Epoch: [11][5999/9000]	Time  0.079 ( 0.078)	Data  0.002 ( 0.001)	Loss 1.4453e-01 (2.9778e+00)	Acc@1 100.00 ( 74.20)	Acc@5 100.00 ( 98.28)
21-Jan-26 10:21:27 - Epoch: [11][6999/9000]	Time  0.071 ( 0.078)	Data  0.001 ( 0.001)	Loss 0.0000e+00 (2.9668e+00)	Acc@1 100.00 ( 74.11)	Acc@5 100.00 ( 98.31)
21-Jan-26 10:22:44 - Epoch: [11][7999/9000]	Time  0.072 ( 0.078)	Data  0.002 ( 0.001)	Loss 6.1325e+00 (3.0132e+00)	Acc@1   0.00 ( 74.21)	Acc@5 100.00 ( 98.33)
21-Jan-26 10:24:01 - Epoch: [11][8999/9000]	Time  0.063 ( 0.077)	Data  0.001 ( 0.001)	Loss 0.0000e+00 (3.0497e+00)	Acc@1 100.00 ( 73.97)	Acc@5 100.00 ( 98.31)
21-Jan-26 10:24:01 -  @Training * Acc@1 73.967 Acc@5 98.311 Loss 3.050
21-Jan-26 10:24:02 - One training epoch latency: 697.2s | Avg Power: 189.5W | Energy: 132105.5233J
21-Jan-26 10:24:12 -  @Testing * Acc@1 68.400 Acc@5 96.900 Loss 4.300
21-Jan-26 10:24:12 - Best acc at epoch 11: 68.4000015258789
21-Jan-26 10:24:12 - Last learning rate: [1.5625e-05]
21-Jan-26 10:24:12 - 	 Epoch 12...
21-Jan-26 10:25:30 - Epoch: [12][ 999/9000]	Time  0.078 ( 0.078)	Data  0.001 ( 0.002)	Loss 1.9161e-01 (2.3653e+00)	Acc@1 100.00 ( 77.40)	Acc@5 100.00 ( 98.90)
21-Jan-26 10:26:47 - Epoch: [12][1999/9000]	Time  0.088 ( 0.077)	Data  0.001 ( 0.002)	Loss 8.0313e-01 (2.5182e+00)	Acc@1   0.00 ( 77.05)	Acc@5 100.00 ( 98.75)
21-Jan-26 10:28:04 - Epoch: [12][2999/9000]	Time  0.085 ( 0.077)	Data  0.003 ( 0.001)	Loss 1.6886e-02 (2.5291e+00)	Acc@1 100.00 ( 77.10)	Acc@5 100.00 ( 98.70)
21-Jan-26 10:29:22 - Epoch: [12][3999/9000]	Time  0.070 ( 0.077)	Data  0.001 ( 0.001)	Loss 0.0000e+00 (2.6262e+00)	Acc@1 100.00 ( 76.78)	Acc@5 100.00 ( 98.50)
21-Jan-26 10:30:39 - Epoch: [12][4999/9000]	Time  0.073 ( 0.077)	Data  0.002 ( 0.001)	Loss 3.5763e-07 (2.6536e+00)	Acc@1 100.00 ( 76.86)	Acc@5 100.00 ( 98.50)
21-Jan-26 10:31:56 - Epoch: [12][5999/9000]	Time  0.080 ( 0.077)	Data  0.001 ( 0.001)	Loss 0.0000e+00 (2.6363e+00)	Acc@1 100.00 ( 76.98)	Acc@5 100.00 ( 98.58)
21-Jan-26 10:33:13 - Epoch: [12][6999/9000]	Time  0.079 ( 0.077)	Data  0.002 ( 0.001)	Loss 3.9379e-03 (2.7262e+00)	Acc@1 100.00 ( 76.71)	Acc@5 100.00 ( 98.60)
21-Jan-26 10:34:31 - Epoch: [12][7999/9000]	Time  0.075 ( 0.077)	Data  0.001 ( 0.001)	Loss 0.0000e+00 (2.7472e+00)	Acc@1 100.00 ( 76.59)	Acc@5 100.00 ( 98.54)
21-Jan-26 10:35:48 - Epoch: [12][8999/9000]	Time  0.066 ( 0.077)	Data  0.001 ( 0.001)	Loss 2.5579e+00 (2.7798e+00)	Acc@1   0.00 ( 76.62)	Acc@5 100.00 ( 98.48)
21-Jan-26 10:35:48 -  @Training * Acc@1 76.622 Acc@5 98.478 Loss 2.780
21-Jan-26 10:35:48 - One training epoch latency: 695.9s | Avg Power: 189.4W | Energy: 131827.6111J
21-Jan-26 10:35:58 -  @Testing * Acc@1 69.900 Acc@5 96.400 Loss 4.529
21-Jan-26 10:35:58 - Best acc at epoch 12: 69.9000015258789
21-Jan-26 10:35:58 - Last learning rate: [1.5625e-05]
21-Jan-26 10:35:58 - 	 Epoch 13...
21-Jan-26 10:37:16 - Epoch: [13][ 999/9000]	Time  0.079 ( 0.078)	Data  0.001 ( 0.002)	Loss 1.0440e+01 (2.5519e+00)	Acc@1   0.00 ( 79.20)	Acc@5 100.00 ( 99.00)
21-Jan-26 10:38:33 - Epoch: [13][1999/9000]	Time  0.073 ( 0.078)	Data  0.001 ( 0.002)	Loss 0.0000e+00 (2.4106e+00)	Acc@1 100.00 ( 79.40)	Acc@5 100.00 ( 99.10)
21-Jan-26 10:39:50 - Epoch: [13][2999/9000]	Time  0.086 ( 0.077)	Data  0.002 ( 0.002)	Loss 0.0000e+00 (2.5655e+00)	Acc@1 100.00 ( 78.30)	Acc@5 100.00 ( 99.00)
21-Jan-26 10:41:08 - Epoch: [13][3999/9000]	Time  0.076 ( 0.077)	Data  0.001 ( 0.001)	Loss 2.1944e-03 (2.5800e+00)	Acc@1 100.00 ( 77.85)	Acc@5 100.00 ( 98.95)
21-Jan-26 10:42:25 - Epoch: [13][4999/9000]	Time  0.073 ( 0.077)	Data  0.001 ( 0.001)	Loss 1.4424e-05 (2.5960e+00)	Acc@1 100.00 ( 77.48)	Acc@5 100.00 ( 99.06)
21-Jan-26 10:43:42 - Epoch: [13][5999/9000]	Time  0.070 ( 0.077)	Data  0.001 ( 0.001)	Loss 1.1921e-07 (2.5983e+00)	Acc@1 100.00 ( 77.55)	Acc@5 100.00 ( 98.93)
21-Jan-26 10:45:00 - Epoch: [13][6999/9000]	Time  0.091 ( 0.077)	Data  0.001 ( 0.001)	Loss 0.0000e+00 (2.6303e+00)	Acc@1 100.00 ( 77.31)	Acc@5 100.00 ( 98.93)
21-Jan-26 10:46:17 - Epoch: [13][7999/9000]	Time  0.074 ( 0.077)	Data  0.001 ( 0.001)	Loss 5.8412e-06 (2.6043e+00)	Acc@1 100.00 ( 77.38)	Acc@5 100.00 ( 98.98)
21-Jan-26 10:47:35 - Epoch: [13][8999/9000]	Time  0.067 ( 0.077)	Data  0.001 ( 0.001)	Loss 0.0000e+00 (2.5845e+00)	Acc@1 100.00 ( 77.43)	Acc@5 100.00 ( 98.93)
21-Jan-26 10:47:35 -  @Training * Acc@1 77.433 Acc@5 98.933 Loss 2.585
21-Jan-26 10:47:35 - One training epoch latency: 696.9s | Avg Power: 188.9W | Energy: 131667.2753J
21-Jan-26 10:47:45 -  @Testing * Acc@1 69.800 Acc@5 96.900 Loss 4.778
21-Jan-26 10:47:45 - Best acc at epoch 13: 69.9000015258789
21-Jan-26 10:47:45 - Last learning rate: [1.5625e-05]
21-Jan-26 10:47:45 - 	 Epoch 14...
21-Jan-26 10:49:03 - Epoch: [14][ 999/9000]	Time  0.073 ( 0.078)	Data  0.001 ( 0.002)	Loss 5.1442e+00 (2.2923e+00)	Acc@1   0.00 ( 80.70)	Acc@5 100.00 ( 99.50)
21-Jan-26 10:50:20 - Epoch: [14][1999/9000]	Time  0.075 ( 0.078)	Data  0.001 ( 0.002)	Loss 1.7386e-01 (2.1916e+00)	Acc@1 100.00 ( 80.55)	Acc@5 100.00 ( 99.35)
21-Jan-26 10:51:37 - Epoch: [14][2999/9000]	Time  0.101 ( 0.077)	Data  0.024 ( 0.001)	Loss 3.5763e-07 (2.1676e+00)	Acc@1 100.00 ( 80.53)	Acc@5 100.00 ( 99.40)
21-Jan-26 10:52:54 - Epoch: [14][3999/9000]	Time  0.078 ( 0.077)	Data  0.001 ( 0.001)	Loss 0.0000e+00 (2.2000e+00)	Acc@1 100.00 ( 80.08)	Acc@5 100.00 ( 99.50)
21-Jan-26 10:54:11 - Epoch: [14][4999/9000]	Time  0.081 ( 0.077)	Data  0.001 ( 0.001)	Loss 5.9605e-07 (2.2729e+00)	Acc@1 100.00 ( 79.58)	Acc@5 100.00 ( 99.38)
21-Jan-26 10:55:28 - Epoch: [14][5999/9000]	Time  0.077 ( 0.077)	Data  0.001 ( 0.001)	Loss 4.7684e-07 (2.3231e+00)	Acc@1 100.00 ( 79.52)	Acc@5 100.00 ( 99.30)
21-Jan-26 10:56:46 - Epoch: [14][6999/9000]	Time  0.076 ( 0.077)	Data  0.002 ( 0.001)	Loss 1.0841e+01 (2.3387e+00)	Acc@1   0.00 ( 79.26)	Acc@5 100.00 ( 99.21)
21-Jan-26 10:58:02 - Epoch: [14][7999/9000]	Time  0.073 ( 0.077)	Data  0.001 ( 0.001)	Loss 0.0000e+00 (2.3701e+00)	Acc@1 100.00 ( 79.14)	Acc@5 100.00 ( 99.21)
21-Jan-26 10:59:20 - Epoch: [14][8999/9000]	Time  0.061 ( 0.077)	Data  0.001 ( 0.001)	Loss 0.0000e+00 (2.3850e+00)	Acc@1 100.00 ( 78.96)	Acc@5 100.00 ( 99.19)
21-Jan-26 10:59:20 -  @Training * Acc@1 78.956 Acc@5 99.189 Loss 2.385
21-Jan-26 10:59:20 - One training epoch latency: 694.8s | Avg Power: 189.5W | Energy: 131652.2917J
21-Jan-26 10:59:30 -  @Testing * Acc@1 69.600 Acc@5 97.300 Loss 4.718
21-Jan-26 10:59:30 - Best acc at epoch 14: 69.9000015258789
21-Jan-26 10:59:30 - Last learning rate: [1.5625e-05]
21-Jan-26 10:59:30 - 	 Epoch 15...
21-Jan-26 11:00:48 - Epoch: [15][ 999/9000]	Time  0.079 ( 0.078)	Data  0.002 ( 0.002)	Loss 0.0000e+00 (1.8339e+00)	Acc@1 100.00 ( 81.80)	Acc@5 100.00 ( 99.60)
21-Jan-26 11:02:06 - Epoch: [15][1999/9000]	Time  0.076 ( 0.078)	Data  0.001 ( 0.002)	Loss 0.0000e+00 (1.8811e+00)	Acc@1 100.00 ( 81.15)	Acc@5 100.00 ( 99.55)
21-Jan-26 11:03:23 - Epoch: [15][2999/9000]	Time  0.076 ( 0.078)	Data  0.002 ( 0.002)	Loss 2.3052e-04 (1.9064e+00)	Acc@1 100.00 ( 81.27)	Acc@5 100.00 ( 99.47)
21-Jan-26 11:04:41 - Epoch: [15][3999/9000]	Time  0.077 ( 0.078)	Data  0.002 ( 0.001)	Loss 5.9605e-07 (1.9158e+00)	Acc@1 100.00 ( 81.28)	Acc@5 100.00 ( 99.50)
21-Jan-26 11:05:59 - Epoch: [15][4999/9000]	Time  0.067 ( 0.078)	Data  0.001 ( 0.001)	Loss 3.4689e-05 (2.0058e+00)	Acc@1 100.00 ( 81.02)	Acc@5 100.00 ( 99.42)
21-Jan-26 11:07:19 - Epoch: [15][5999/9000]	Time  0.078 ( 0.078)	Data  0.002 ( 0.001)	Loss 0.0000e+00 (2.0219e+00)	Acc@1 100.00 ( 81.10)	Acc@5 100.00 ( 99.40)
21-Jan-26 11:08:37 - Epoch: [15][6999/9000]	Time  0.102 ( 0.078)	Data  0.001 ( 0.001)	Loss 4.1723e-06 (2.0821e+00)	Acc@1 100.00 ( 80.84)	Acc@5 100.00 ( 99.34)
21-Jan-26 11:09:54 - Epoch: [15][7999/9000]	Time  0.072 ( 0.078)	Data  0.001 ( 0.001)	Loss 7.2798e-04 (2.1177e+00)	Acc@1 100.00 ( 80.61)	Acc@5 100.00 ( 99.28)
21-Jan-26 11:11:10 - Epoch: [15][8999/9000]	Time  0.063 ( 0.078)	Data  0.001 ( 0.001)	Loss 0.0000e+00 (2.1120e+00)	Acc@1 100.00 ( 80.66)	Acc@5 100.00 ( 99.29)
21-Jan-26 11:11:10 -  @Training * Acc@1 80.656 Acc@5 99.289 Loss 2.112
21-Jan-26 11:11:10 - One training epoch latency: 700.0s | Avg Power: 188.9W | Energy: 132210.6482J
21-Jan-26 11:11:20 -  @Testing * Acc@1 70.700 Acc@5 96.600 Loss 5.213
21-Jan-26 11:11:20 - Best acc at epoch 15: 70.70000457763672
21-Jan-26 11:11:21 - Last learning rate: [1.5625e-05]
21-Jan-26 11:11:21 - 	 Epoch 16...
21-Jan-26 11:12:38 - Epoch: [16][ 999/9000]	Time  0.085 ( 0.077)	Data  0.001 ( 0.002)	Loss 0.0000e+00 (1.8326e+00)	Acc@1 100.00 ( 83.60)	Acc@5 100.00 ( 99.20)
21-Jan-26 11:13:55 - Epoch: [16][1999/9000]	Time  0.079 ( 0.077)	Data  0.002 ( 0.001)	Loss 8.3205e-05 (1.7684e+00)	Acc@1 100.00 ( 83.55)	Acc@5 100.00 ( 99.35)
21-Jan-26 11:15:12 - Epoch: [16][2999/9000]	Time  0.067 ( 0.077)	Data  0.001 ( 0.001)	Loss 9.1906e-05 (1.8317e+00)	Acc@1 100.00 ( 83.70)	Acc@5 100.00 ( 99.37)
21-Jan-26 11:16:29 - Epoch: [16][3999/9000]	Time  0.078 ( 0.077)	Data  0.001 ( 0.001)	Loss 2.0853e-01 (1.9001e+00)	Acc@1 100.00 ( 82.95)	Acc@5 100.00 ( 99.35)
21-Jan-26 11:17:46 - Epoch: [16][4999/9000]	Time  0.082 ( 0.077)	Data  0.001 ( 0.001)	Loss 0.0000e+00 (1.9453e+00)	Acc@1 100.00 ( 82.54)	Acc@5 100.00 ( 99.36)
21-Jan-26 11:19:03 - Epoch: [16][5999/9000]	Time  0.094 ( 0.077)	Data  0.006 ( 0.001)	Loss 0.0000e+00 (1.9508e+00)	Acc@1 100.00 ( 82.37)	Acc@5 100.00 ( 99.37)
21-Jan-26 11:20:20 - Epoch: [16][6999/9000]	Time  0.078 ( 0.077)	Data  0.003 ( 0.001)	Loss 5.4836e-06 (1.9720e+00)	Acc@1 100.00 ( 82.27)	Acc@5 100.00 ( 99.36)
21-Jan-26 11:21:37 - Epoch: [16][7999/9000]	Time  0.068 ( 0.077)	Data  0.001 ( 0.001)	Loss 1.0900e+01 (1.9870e+00)	Acc@1   0.00 ( 82.14)	Acc@5 100.00 ( 99.36)
21-Jan-26 11:22:55 - Epoch: [16][8999/9000]	Time  0.064 ( 0.077)	Data  0.001 ( 0.001)	Loss 1.8013e-01 (1.9988e+00)	Acc@1 100.00 ( 82.18)	Acc@5 100.00 ( 99.32)
21-Jan-26 11:22:55 -  @Training * Acc@1 82.178 Acc@5 99.322 Loss 1.999
21-Jan-26 11:22:55 - One training epoch latency: 694.2s | Avg Power: 187.6W | Energy: 130197.3219J
21-Jan-26 11:23:05 -  @Testing * Acc@1 71.500 Acc@5 98.000 Loss 4.685
21-Jan-26 11:23:05 - Best acc at epoch 16: 71.5
21-Jan-26 11:23:05 - Last learning rate: [1.5625e-05]
21-Jan-26 11:23:05 - 	 Epoch 17...
21-Jan-26 11:24:23 - Epoch: [17][ 999/9000]	Time  0.071 ( 0.077)	Data  0.001 ( 0.002)	Loss 2.4199e-05 (1.4307e+00)	Acc@1 100.00 ( 86.70)	Acc@5 100.00 ( 99.80)
21-Jan-26 11:25:40 - Epoch: [17][1999/9000]	Time  0.075 ( 0.077)	Data  0.001 ( 0.001)	Loss 5.1974e-05 (1.5639e+00)	Acc@1 100.00 ( 85.65)	Acc@5 100.00 ( 99.70)
21-Jan-26 11:26:58 - Epoch: [17][2999/9000]	Time  0.081 ( 0.077)	Data  0.001 ( 0.001)	Loss 0.0000e+00 (1.6053e+00)	Acc@1 100.00 ( 85.07)	Acc@5 100.00 ( 99.60)
21-Jan-26 11:28:15 - Epoch: [17][3999/9000]	Time  0.077 ( 0.077)	Data  0.001 ( 0.001)	Loss 0.0000e+00 (1.5813e+00)	Acc@1 100.00 ( 85.10)	Acc@5 100.00 ( 99.50)
21-Jan-26 11:29:33 - Epoch: [17][4999/9000]	Time  0.076 ( 0.078)	Data  0.001 ( 0.001)	Loss 1.0831e+00 (1.6166e+00)	Acc@1   0.00 ( 84.92)	Acc@5 100.00 ( 99.46)
21-Jan-26 11:30:51 - Epoch: [17][5999/9000]	Time  0.079 ( 0.078)	Data  0.003 ( 0.001)	Loss 0.0000e+00 (1.6809e+00)	Acc@1 100.00 ( 84.47)	Acc@5 100.00 ( 99.47)
21-Jan-26 11:32:09 - Epoch: [17][6999/9000]	Time  0.071 ( 0.078)	Data  0.001 ( 0.001)	Loss 0.0000e+00 (1.7362e+00)	Acc@1 100.00 ( 84.24)	Acc@5 100.00 ( 99.50)
21-Jan-26 11:33:26 - Epoch: [17][7999/9000]	Time  0.071 ( 0.078)	Data  0.005 ( 0.001)	Loss 0.0000e+00 (1.7549e+00)	Acc@1 100.00 ( 84.14)	Acc@5 100.00 ( 99.49)
21-Jan-26 11:34:43 - Epoch: [17][8999/9000]	Time  0.067 ( 0.078)	Data  0.001 ( 0.001)	Loss 0.0000e+00 (1.7709e+00)	Acc@1 100.00 ( 83.98)	Acc@5 100.00 ( 99.51)
21-Jan-26 11:34:43 -  @Training * Acc@1 83.978 Acc@5 99.511 Loss 1.771
21-Jan-26 11:34:43 - One training epoch latency: 697.7s | Avg Power: 186.3W | Energy: 129946.1259J
21-Jan-26 11:34:54 -  @Testing * Acc@1 71.000 Acc@5 97.600 Loss 4.743
21-Jan-26 11:34:54 - Best acc at epoch 17: 71.5
21-Jan-26 11:34:54 - Last learning rate: [7.8125e-06]
21-Jan-26 11:34:54 - 	 Epoch 18...
21-Jan-26 11:36:11 - Epoch: [18][ 999/9000]	Time  0.067 ( 0.077)	Data  0.001 ( 0.002)	Loss 0.0000e+00 (8.6593e-01)	Acc@1 100.00 ( 90.30)	Acc@5 100.00 (100.00)
21-Jan-26 11:37:28 - Epoch: [18][1999/9000]	Time  0.075 ( 0.077)	Data  0.002 ( 0.001)	Loss 0.0000e+00 (9.8655e-01)	Acc@1 100.00 ( 89.30)	Acc@5 100.00 ( 99.90)
21-Jan-26 11:38:46 - Epoch: [18][2999/9000]	Time  0.077 ( 0.077)	Data  0.004 ( 0.001)	Loss 0.0000e+00 (9.3074e-01)	Acc@1 100.00 ( 89.37)	Acc@5 100.00 ( 99.90)
21-Jan-26 11:40:03 - Epoch: [18][3999/9000]	Time  0.069 ( 0.077)	Data  0.001 ( 0.001)	Loss 0.0000e+00 (9.8098e-01)	Acc@1 100.00 ( 89.13)	Acc@5 100.00 ( 99.93)
21-Jan-26 11:41:20 - Epoch: [18][4999/9000]	Time  0.103 ( 0.077)	Data  0.001 ( 0.001)	Loss 0.0000e+00 (9.6533e-01)	Acc@1 100.00 ( 89.20)	Acc@5 100.00 ( 99.94)
21-Jan-26 11:42:37 - Epoch: [18][5999/9000]	Time  0.069 ( 0.077)	Data  0.001 ( 0.001)	Loss 4.5179e-05 (9.7713e-01)	Acc@1 100.00 ( 89.12)	Acc@5 100.00 ( 99.92)
21-Jan-26 11:43:53 - Epoch: [18][6999/9000]	Time  0.069 ( 0.077)	Data  0.001 ( 0.001)	Loss 0.0000e+00 (1.0022e+00)	Acc@1 100.00 ( 89.04)	Acc@5 100.00 ( 99.89)
21-Jan-26 11:45:09 - Epoch: [18][7999/9000]	Time  0.067 ( 0.077)	Data  0.001 ( 0.001)	Loss 0.0000e+00 (1.0231e+00)	Acc@1 100.00 ( 89.04)	Acc@5 100.00 ( 99.86)
21-Jan-26 11:46:25 - Epoch: [18][8999/9000]	Time  0.064 ( 0.077)	Data  0.001 ( 0.001)	Loss 0.0000e+00 (1.0111e+00)	Acc@1 100.00 ( 89.14)	Acc@5 100.00 ( 99.86)
21-Jan-26 11:46:26 -  @Training * Acc@1 89.144 Acc@5 99.856 Loss 1.011
21-Jan-26 11:46:26 - One training epoch latency: 691.9s | Avg Power: 187.5W | Energy: 129746.0508J
21-Jan-26 11:46:36 -  @Testing * Acc@1 73.200 Acc@5 98.100 Loss 4.404
21-Jan-26 11:46:36 - Best acc at epoch 18: 73.20000457763672
21-Jan-26 11:46:36 - Last learning rate: [7.8125e-06]
21-Jan-26 11:46:36 - 	 Epoch 19...
21-Jan-26 11:47:53 - Epoch: [19][ 999/9000]	Time  0.080 ( 0.077)	Data  0.001 ( 0.001)	Loss 0.0000e+00 (7.3668e-01)	Acc@1 100.00 ( 91.70)	Acc@5 100.00 ( 99.80)
21-Jan-26 11:49:09 - Epoch: [19][1999/9000]	Time  0.068 ( 0.076)	Data  0.001 ( 0.001)	Loss 9.7133e-02 (7.3880e-01)	Acc@1 100.00 ( 91.70)	Acc@5 100.00 ( 99.85)
21-Jan-26 11:50:25 - Epoch: [19][2999/9000]	Time  0.070 ( 0.076)	Data  0.001 ( 0.001)	Loss 0.0000e+00 (7.0298e-01)	Acc@1 100.00 ( 91.67)	Acc@5 100.00 ( 99.87)
21-Jan-26 11:51:41 - Epoch: [19][3999/9000]	Time  0.068 ( 0.076)	Data  0.001 ( 0.001)	Loss 1.0729e-06 (7.8378e-01)	Acc@1 100.00 ( 90.75)	Acc@5 100.00 ( 99.88)
21-Jan-26 11:52:57 - Epoch: [19][4999/9000]	Time  0.078 ( 0.076)	Data  0.001 ( 0.001)	Loss 0.0000e+00 (8.5101e-01)	Acc@1 100.00 ( 90.28)	Acc@5 100.00 ( 99.86)
21-Jan-26 11:54:13 - Epoch: [19][5999/9000]	Time  0.078 ( 0.076)	Data  0.003 ( 0.001)	Loss 0.0000e+00 (8.4642e-01)	Acc@1 100.00 ( 90.47)	Acc@5 100.00 ( 99.87)
21-Jan-26 11:55:29 - Epoch: [19][6999/9000]	Time  0.067 ( 0.076)	Data  0.001 ( 0.001)	Loss 7.1526e-07 (8.5827e-01)	Acc@1 100.00 ( 90.30)	Acc@5 100.00 ( 99.84)
21-Jan-26 11:56:45 - Epoch: [19][7999/9000]	Time  0.075 ( 0.076)	Data  0.001 ( 0.001)	Loss 0.0000e+00 (8.6684e-01)	Acc@1 100.00 ( 90.28)	Acc@5 100.00 ( 99.84)
21-Jan-26 11:58:01 - Epoch: [19][8999/9000]	Time  0.064 ( 0.076)	Data  0.001 ( 0.001)	Loss 1.2040e-05 (8.6239e-01)	Acc@1 100.00 ( 90.34)	Acc@5 100.00 ( 99.86)
21-Jan-26 11:58:01 -  @Training * Acc@1 90.344 Acc@5 99.856 Loss 0.862
21-Jan-26 11:58:01 - One training epoch latency: 685.2s | Avg Power: 190.4W | Energy: 130475.1035J
21-Jan-26 11:58:12 -  @Testing * Acc@1 71.800 Acc@5 98.400 Loss 4.911
21-Jan-26 11:58:12 - Best acc at epoch 19: 73.20000457763672
21-Jan-26 11:58:12 - Last learning rate: [7.8125e-06]
21-Jan-26 11:58:12 - 	 Epoch 20...
21-Jan-26 11:59:28 - Epoch: [20][ 999/9000]	Time  0.070 ( 0.076)	Data  0.002 ( 0.002)	Loss 1.0729e-06 (7.2572e-01)	Acc@1 100.00 ( 92.60)	Acc@5 100.00 ( 99.90)
21-Jan-26 12:00:44 - Epoch: [20][1999/9000]	Time  0.073 ( 0.076)	Data  0.001 ( 0.002)	Loss 0.0000e+00 (6.5253e-01)	Acc@1 100.00 ( 92.35)	Acc@5 100.00 ( 99.95)
21-Jan-26 12:01:59 - Epoch: [20][2999/9000]	Time  0.072 ( 0.076)	Data  0.001 ( 0.001)	Loss 1.0825e+01 (6.5896e-01)	Acc@1   0.00 ( 92.43)	Acc@5 100.00 ( 99.87)
21-Jan-26 12:03:15 - Epoch: [20][3999/9000]	Time  0.080 ( 0.076)	Data  0.005 ( 0.001)	Loss 0.0000e+00 (7.0358e-01)	Acc@1 100.00 ( 92.30)	Acc@5 100.00 ( 99.90)
21-Jan-26 12:04:32 - Epoch: [20][4999/9000]	Time  0.070 ( 0.076)	Data  0.001 ( 0.001)	Loss 2.9855e-03 (7.0242e-01)	Acc@1 100.00 ( 92.42)	Acc@5 100.00 ( 99.92)
21-Jan-26 12:05:48 - Epoch: [20][5999/9000]	Time  0.072 ( 0.076)	Data  0.001 ( 0.001)	Loss 1.1921e-07 (6.8834e-01)	Acc@1 100.00 ( 92.32)	Acc@5 100.00 ( 99.92)
21-Jan-26 12:07:05 - Epoch: [20][6999/9000]	Time  0.076 ( 0.076)	Data  0.001 ( 0.001)	Loss 2.9107e+00 (7.0282e-01)	Acc@1   0.00 ( 92.17)	Acc@5 100.00 ( 99.91)
21-Jan-26 12:08:22 - Epoch: [20][7999/9000]	Time  0.077 ( 0.076)	Data  0.001 ( 0.001)	Loss 0.0000e+00 (7.2522e-01)	Acc@1 100.00 ( 91.85)	Acc@5 100.00 ( 99.90)
21-Jan-26 12:09:38 - Epoch: [20][8999/9000]	Time  0.064 ( 0.076)	Data  0.001 ( 0.001)	Loss 1.5272e-02 (7.2489e-01)	Acc@1 100.00 ( 91.90)	Acc@5 100.00 ( 99.90)
21-Jan-26 12:09:39 -  @Training * Acc@1 91.900 Acc@5 99.900 Loss 0.725
21-Jan-26 12:09:39 - One training epoch latency: 686.9s | Avg Power: 190.4W | Energy: 130793.7053J
21-Jan-26 12:09:49 -  @Testing * Acc@1 71.800 Acc@5 98.200 Loss 4.919
21-Jan-26 12:09:49 - Best acc at epoch 20: 73.20000457763672
21-Jan-26 12:09:49 - Last learning rate: [7.8125e-06]
21-Jan-26 12:09:49 - 	 Epoch 21...
21-Jan-26 12:11:06 - Epoch: [21][ 999/9000]	Time  0.069 ( 0.077)	Data  0.001 ( 0.002)	Loss 0.0000e+00 (4.6978e-01)	Acc@1 100.00 ( 93.40)	Acc@5 100.00 (100.00)
21-Jan-26 12:12:24 - Epoch: [21][1999/9000]	Time  0.075 ( 0.077)	Data  0.001 ( 0.001)	Loss 0.0000e+00 (5.0608e-01)	Acc@1 100.00 ( 93.20)	Acc@5 100.00 ( 99.95)
21-Jan-26 12:13:41 - Epoch: [21][2999/9000]	Time  0.075 ( 0.077)	Data  0.001 ( 0.001)	Loss 0.0000e+00 (5.3294e-01)	Acc@1 100.00 ( 93.10)	Acc@5 100.00 ( 99.93)
21-Jan-26 12:14:58 - Epoch: [21][3999/9000]	Time  0.073 ( 0.077)	Data  0.001 ( 0.001)	Loss 5.2452e-06 (5.2544e-01)	Acc@1 100.00 ( 93.08)	Acc@5 100.00 ( 99.95)
21-Jan-26 12:16:16 - Epoch: [21][4999/9000]	Time  0.079 ( 0.077)	Data  0.001 ( 0.001)	Loss 1.4305e-05 (5.7064e-01)	Acc@1 100.00 ( 92.72)	Acc@5 100.00 ( 99.96)
21-Jan-26 12:17:33 - Epoch: [21][5999/9000]	Time  0.067 ( 0.077)	Data  0.001 ( 0.001)	Loss 1.2040e-05 (5.7349e-01)	Acc@1 100.00 ( 92.68)	Acc@5 100.00 ( 99.95)
21-Jan-26 12:18:50 - Epoch: [21][6999/9000]	Time  0.086 ( 0.077)	Data  0.007 ( 0.001)	Loss 0.0000e+00 (5.8743e-01)	Acc@1 100.00 ( 92.54)	Acc@5 100.00 ( 99.91)
21-Jan-26 12:20:07 - Epoch: [21][7999/9000]	Time  0.081 ( 0.077)	Data  0.002 ( 0.001)	Loss 0.0000e+00 (6.1723e-01)	Acc@1 100.00 ( 92.44)	Acc@5 100.00 ( 99.91)
21-Jan-26 12:21:25 - Epoch: [21][8999/9000]	Time  0.065 ( 0.077)	Data  0.001 ( 0.001)	Loss 1.5939e+01 (6.2612e-01)	Acc@1   0.00 ( 92.40)	Acc@5 100.00 ( 99.91)
21-Jan-26 12:21:25 -  @Training * Acc@1 92.400 Acc@5 99.911 Loss 0.626
21-Jan-26 12:21:25 - One training epoch latency: 695.7s | Avg Power: 189.2W | Energy: 131602.3630J
21-Jan-26 12:21:35 -  @Testing * Acc@1 69.700 Acc@5 97.700 Loss 6.140
21-Jan-26 12:21:35 - Best acc at epoch 21: 73.20000457763672
21-Jan-26 12:21:35 - Last learning rate: [7.8125e-06]
21-Jan-26 12:21:35 - 	 Epoch 22...
21-Jan-26 12:22:53 - Epoch: [22][ 999/9000]	Time  0.079 ( 0.078)	Data  0.003 ( 0.002)	Loss 0.0000e+00 (6.1316e-01)	Acc@1 100.00 ( 92.30)	Acc@5 100.00 ( 99.90)
21-Jan-26 12:24:10 - Epoch: [22][1999/9000]	Time  0.072 ( 0.077)	Data  0.001 ( 0.001)	Loss 6.9943e+00 (4.6328e-01)	Acc@1   0.00 ( 93.85)	Acc@5 100.00 ( 99.90)
21-Jan-26 12:25:27 - Epoch: [22][2999/9000]	Time  0.073 ( 0.077)	Data  0.001 ( 0.001)	Loss 0.0000e+00 (5.0478e-01)	Acc@1 100.00 ( 93.80)	Acc@5 100.00 ( 99.93)
21-Jan-26 12:26:44 - Epoch: [22][3999/9000]	Time  0.110 ( 0.077)	Data  0.001 ( 0.001)	Loss 0.0000e+00 (5.4337e-01)	Acc@1 100.00 ( 93.80)	Acc@5 100.00 ( 99.93)
21-Jan-26 12:28:02 - Epoch: [22][4999/9000]	Time  0.082 ( 0.077)	Data  0.003 ( 0.001)	Loss 0.0000e+00 (5.5322e-01)	Acc@1 100.00 ( 93.70)	Acc@5 100.00 ( 99.92)
21-Jan-26 12:29:19 - Epoch: [22][5999/9000]	Time  0.076 ( 0.077)	Data  0.002 ( 0.001)	Loss 0.0000e+00 (5.6792e-01)	Acc@1 100.00 ( 93.60)	Acc@5 100.00 ( 99.92)
21-Jan-26 12:30:36 - Epoch: [22][6999/9000]	Time  0.073 ( 0.077)	Data  0.001 ( 0.001)	Loss 0.0000e+00 (5.6141e-01)	Acc@1 100.00 ( 93.70)	Acc@5 100.00 ( 99.90)
21-Jan-26 12:31:54 - Epoch: [22][7999/9000]	Time  0.083 ( 0.077)	Data  0.001 ( 0.001)	Loss 0.0000e+00 (5.7734e-01)	Acc@1 100.00 ( 93.70)	Acc@5 100.00 ( 99.90)
21-Jan-26 12:33:10 - Epoch: [22][8999/9000]	Time  0.065 ( 0.077)	Data  0.001 ( 0.001)	Loss 0.0000e+00 (5.8719e-01)	Acc@1 100.00 ( 93.51)	Acc@5 100.00 ( 99.91)
21-Jan-26 12:33:10 -  @Training * Acc@1 93.511 Acc@5 99.911 Loss 0.587
21-Jan-26 12:33:11 - One training epoch latency: 695.3s | Avg Power: 186.5W | Energy: 129677.6039J
21-Jan-26 12:33:21 -  @Testing * Acc@1 74.300 Acc@5 97.800 Loss 5.119
21-Jan-26 12:33:21 - Best acc at epoch 22: 74.30000305175781
21-Jan-26 12:33:21 - Last learning rate: [7.8125e-06]
21-Jan-26 12:33:21 - 	 Epoch 23...
21-Jan-26 12:34:39 - Epoch: [23][ 999/9000]	Time  0.086 ( 0.078)	Data  0.001 ( 0.002)	Loss 0.0000e+00 (3.4745e-01)	Acc@1 100.00 ( 94.70)	Acc@5 100.00 (100.00)
21-Jan-26 12:35:56 - Epoch: [23][1999/9000]	Time  0.074 ( 0.077)	Data  0.002 ( 0.001)	Loss 1.1921e-07 (3.3933e-01)	Acc@1 100.00 ( 94.65)	Acc@5 100.00 (100.00)
21-Jan-26 12:37:13 - Epoch: [23][2999/9000]	Time  0.075 ( 0.077)	Data  0.001 ( 0.001)	Loss 5.8649e-05 (3.9001e-01)	Acc@1 100.00 ( 94.83)	Acc@5 100.00 (100.00)
21-Jan-26 12:38:31 - Epoch: [23][3999/9000]	Time  0.068 ( 0.077)	Data  0.001 ( 0.001)	Loss 0.0000e+00 (4.1374e-01)	Acc@1 100.00 ( 94.63)	Acc@5 100.00 (100.00)
21-Jan-26 12:39:48 - Epoch: [23][4999/9000]	Time  0.073 ( 0.077)	Data  0.001 ( 0.001)	Loss 5.2792e+00 (4.4681e-01)	Acc@1   0.00 ( 94.52)	Acc@5 100.00 ( 99.98)
21-Jan-26 12:41:05 - Epoch: [23][5999/9000]	Time  0.073 ( 0.077)	Data  0.001 ( 0.001)	Loss 0.0000e+00 (4.5244e-01)	Acc@1 100.00 ( 94.43)	Acc@5 100.00 ( 99.97)
21-Jan-26 12:42:22 - Epoch: [23][6999/9000]	Time  0.071 ( 0.077)	Data  0.001 ( 0.001)	Loss 0.0000e+00 (4.5913e-01)	Acc@1 100.00 ( 94.37)	Acc@5 100.00 ( 99.96)
21-Jan-26 12:43:40 - Epoch: [23][7999/9000]	Time  0.075 ( 0.077)	Data  0.001 ( 0.001)	Loss 0.0000e+00 (4.7518e-01)	Acc@1 100.00 ( 94.21)	Acc@5 100.00 ( 99.96)
21-Jan-26 12:44:57 - Epoch: [23][8999/9000]	Time  0.061 ( 0.077)	Data  0.001 ( 0.001)	Loss 0.0000e+00 (4.9217e-01)	Acc@1 100.00 ( 94.11)	Acc@5 100.00 ( 99.97)
21-Jan-26 12:44:57 -  @Training * Acc@1 94.111 Acc@5 99.967 Loss 0.492
21-Jan-26 12:44:57 - One training epoch latency: 695.7s | Avg Power: 186.4W | Energy: 129656.6918J
21-Jan-26 12:45:07 -  @Testing * Acc@1 73.400 Acc@5 98.100 Loss 5.111
21-Jan-26 12:45:07 - Best acc at epoch 23: 74.30000305175781
21-Jan-26 12:45:07 - Last learning rate: [3.90625e-06]
21-Jan-26 12:45:07 - 	 Epoch 24...
21-Jan-26 12:46:25 - Epoch: [24][ 999/9000]	Time  0.072 ( 0.078)	Data  0.001 ( 0.002)	Loss 0.0000e+00 (2.8419e-01)	Acc@1 100.00 ( 96.90)	Acc@5 100.00 (100.00)
21-Jan-26 12:47:42 - Epoch: [24][1999/9000]	Time  0.086 ( 0.077)	Data  0.001 ( 0.002)	Loss 4.9446e-03 (2.7850e-01)	Acc@1 100.00 ( 96.75)	Acc@5 100.00 (100.00)
21-Jan-26 12:48:58 - Epoch: [24][2999/9000]	Time  0.072 ( 0.077)	Data  0.001 ( 0.001)	Loss 0.0000e+00 (2.5166e-01)	Acc@1 100.00 ( 96.67)	Acc@5 100.00 ( 99.97)
21-Jan-26 12:50:15 - Epoch: [24][3999/9000]	Time  0.077 ( 0.077)	Data  0.002 ( 0.001)	Loss 0.0000e+00 (2.4797e-01)	Acc@1 100.00 ( 96.63)	Acc@5 100.00 ( 99.98)
21-Jan-26 12:51:31 - Epoch: [24][4999/9000]	Time  0.079 ( 0.077)	Data  0.003 ( 0.001)	Loss 0.0000e+00 (2.4605e-01)	Acc@1 100.00 ( 96.68)	Acc@5 100.00 ( 99.98)
21-Jan-26 12:52:47 - Epoch: [24][5999/9000]	Time  0.078 ( 0.077)	Data  0.001 ( 0.001)	Loss 0.0000e+00 (2.3806e-01)	Acc@1 100.00 ( 96.77)	Acc@5 100.00 ( 99.98)
21-Jan-26 12:54:04 - Epoch: [24][6999/9000]	Time  0.079 ( 0.077)	Data  0.001 ( 0.001)	Loss 0.0000e+00 (2.5537e-01)	Acc@1 100.00 ( 96.56)	Acc@5 100.00 ( 99.99)
21-Jan-26 12:55:20 - Epoch: [24][7999/9000]	Time  0.078 ( 0.077)	Data  0.001 ( 0.001)	Loss 0.0000e+00 (2.5414e-01)	Acc@1 100.00 ( 96.50)	Acc@5 100.00 ( 99.99)
21-Jan-26 12:56:36 - Epoch: [24][8999/9000]	Time  0.071 ( 0.077)	Data  0.001 ( 0.001)	Loss 0.0000e+00 (2.5358e-01)	Acc@1 100.00 ( 96.59)	Acc@5 100.00 ( 99.99)
21-Jan-26 12:56:36 -  @Training * Acc@1 96.589 Acc@5 99.989 Loss 0.254
21-Jan-26 12:56:36 - One training epoch latency: 688.7s | Avg Power: 189.9W | Energy: 130759.4617J
21-Jan-26 12:56:46 -  @Testing * Acc@1 74.100 Acc@5 98.100 Loss 5.373
21-Jan-26 12:56:46 - Best acc at epoch 24: 74.30000305175781
21-Jan-26 12:56:46 - Last learning rate: [3.90625e-06]
21-Jan-26 12:56:46 - 	 Epoch 25...
21-Jan-26 12:58:03 - Epoch: [25][ 999/9000]	Time  0.069 ( 0.076)	Data  0.001 ( 0.002)	Loss 0.0000e+00 (2.0042e-01)	Acc@1 100.00 ( 96.60)	Acc@5 100.00 (100.00)
21-Jan-26 12:59:19 - Epoch: [25][1999/9000]	Time  0.071 ( 0.076)	Data  0.002 ( 0.001)	Loss 1.6012e+00 (1.6276e-01)	Acc@1   0.00 ( 97.30)	Acc@5 100.00 (100.00)
21-Jan-26 13:00:35 - Epoch: [25][2999/9000]	Time  0.091 ( 0.076)	Data  0.001 ( 0.001)	Loss 0.0000e+00 (1.7452e-01)	Acc@1 100.00 ( 97.27)	Acc@5 100.00 (100.00)
21-Jan-26 13:01:52 - Epoch: [25][3999/9000]	Time  0.085 ( 0.076)	Data  0.001 ( 0.001)	Loss 1.3610e-02 (1.8487e-01)	Acc@1 100.00 ( 97.18)	Acc@5 100.00 (100.00)
21-Jan-26 13:03:08 - Epoch: [25][4999/9000]	Time  0.072 ( 0.076)	Data  0.001 ( 0.001)	Loss 1.9570e-01 (1.9171e-01)	Acc@1 100.00 ( 97.16)	Acc@5 100.00 (100.00)
21-Jan-26 13:04:24 - Epoch: [25][5999/9000]	Time  0.069 ( 0.076)	Data  0.001 ( 0.001)	Loss 0.0000e+00 (1.9991e-01)	Acc@1 100.00 ( 97.07)	Acc@5 100.00 (100.00)
21-Jan-26 13:05:40 - Epoch: [25][6999/9000]	Time  0.074 ( 0.076)	Data  0.001 ( 0.001)	Loss 0.0000e+00 (1.9978e-01)	Acc@1 100.00 ( 97.13)	Acc@5 100.00 ( 99.99)
21-Jan-26 13:06:57 - Epoch: [25][7999/9000]	Time  0.068 ( 0.076)	Data  0.001 ( 0.001)	Loss 0.0000e+00 (2.0839e-01)	Acc@1 100.00 ( 97.03)	Acc@5 100.00 ( 99.99)
21-Jan-26 13:08:13 - Epoch: [25][8999/9000]	Time  0.061 ( 0.076)	Data  0.001 ( 0.001)	Loss 0.0000e+00 (2.0650e-01)	Acc@1 100.00 ( 97.08)	Acc@5 100.00 ( 99.99)
21-Jan-26 13:08:13 -  @Training * Acc@1 97.078 Acc@5 99.989 Loss 0.207
21-Jan-26 13:08:13 - One training epoch latency: 686.3s | Avg Power: 190.6W | Energy: 130838.2705J
21-Jan-26 13:08:23 -  @Testing * Acc@1 72.900 Acc@5 98.100 Loss 5.586
21-Jan-26 13:08:23 - Best acc at epoch 25: 74.30000305175781
21-Jan-26 13:08:23 - Last learning rate: [3.90625e-06]
21-Jan-26 13:08:23 - 	 Epoch 26...
21-Jan-26 13:09:40 - Epoch: [26][ 999/9000]	Time  0.072 ( 0.077)	Data  0.002 ( 0.002)	Loss 0.0000e+00 (1.1852e-01)	Acc@1 100.00 ( 97.90)	Acc@5 100.00 (100.00)
21-Jan-26 13:10:56 - Epoch: [26][1999/9000]	Time  0.075 ( 0.076)	Data  0.001 ( 0.002)	Loss 0.0000e+00 (1.8274e-01)	Acc@1 100.00 ( 97.45)	Acc@5 100.00 (100.00)
21-Jan-26 13:12:12 - Epoch: [26][2999/9000]	Time  0.082 ( 0.076)	Data  0.004 ( 0.001)	Loss 0.0000e+00 (2.1875e-01)	Acc@1 100.00 ( 97.03)	Acc@5 100.00 (100.00)
21-Jan-26 13:13:28 - Epoch: [26][3999/9000]	Time  0.067 ( 0.076)	Data  0.001 ( 0.001)	Loss 0.0000e+00 (1.9366e-01)	Acc@1 100.00 ( 97.30)	Acc@5 100.00 (100.00)
21-Jan-26 13:14:45 - Epoch: [26][4999/9000]	Time  0.080 ( 0.076)	Data  0.001 ( 0.001)	Loss 0.0000e+00 (1.8177e-01)	Acc@1 100.00 ( 97.32)	Acc@5 100.00 (100.00)
21-Jan-26 13:16:01 - Epoch: [26][5999/9000]	Time  0.078 ( 0.076)	Data  0.001 ( 0.001)	Loss 0.0000e+00 (1.7372e-01)	Acc@1 100.00 ( 97.37)	Acc@5 100.00 (100.00)
21-Jan-26 13:17:17 - Epoch: [26][6999/9000]	Time  0.070 ( 0.076)	Data  0.001 ( 0.001)	Loss 6.4013e-05 (1.7662e-01)	Acc@1 100.00 ( 97.34)	Acc@5 100.00 (100.00)
21-Jan-26 13:18:33 - Epoch: [26][7999/9000]	Time  0.071 ( 0.076)	Data  0.001 ( 0.001)	Loss 0.0000e+00 (1.7537e-01)	Acc@1 100.00 ( 97.40)	Acc@5 100.00 (100.00)
21-Jan-26 13:19:50 - Epoch: [26][8999/9000]	Time  0.061 ( 0.076)	Data  0.001 ( 0.001)	Loss 0.0000e+00 (1.7367e-01)	Acc@1 100.00 ( 97.43)	Acc@5 100.00 (100.00)
21-Jan-26 13:19:50 -  @Training * Acc@1 97.433 Acc@5 100.000 Loss 0.174
21-Jan-26 13:19:50 - One training epoch latency: 686.7s | Avg Power: 190.9W | Energy: 131102.6359J
21-Jan-26 13:20:00 -  @Testing * Acc@1 73.200 Acc@5 98.200 Loss 5.426
21-Jan-26 13:20:00 - Best acc at epoch 26: 74.30000305175781
21-Jan-26 13:20:00 - Last learning rate: [3.90625e-06]
21-Jan-26 13:20:00 - 	 Epoch 27...
21-Jan-26 13:21:17 - Epoch: [27][ 999/9000]	Time  0.069 ( 0.076)	Data  0.001 ( 0.002)	Loss 0.0000e+00 (1.7251e-01)	Acc@1 100.00 ( 97.60)	Acc@5 100.00 (100.00)
21-Jan-26 13:22:33 - Epoch: [27][1999/9000]	Time  0.078 ( 0.076)	Data  0.001 ( 0.001)	Loss 0.0000e+00 (1.6375e-01)	Acc@1 100.00 ( 97.60)	Acc@5 100.00 (100.00)
21-Jan-26 13:23:49 - Epoch: [27][2999/9000]	Time  0.075 ( 0.076)	Data  0.001 ( 0.001)	Loss 0.0000e+00 (1.4914e-01)	Acc@1 100.00 ( 97.93)	Acc@5 100.00 (100.00)
21-Jan-26 13:25:06 - Epoch: [27][3999/9000]	Time  0.079 ( 0.077)	Data  0.001 ( 0.001)	Loss 9.5367e-07 (1.3477e-01)	Acc@1 100.00 ( 98.00)	Acc@5 100.00 (100.00)
21-Jan-26 13:26:23 - Epoch: [27][4999/9000]	Time  0.122 ( 0.077)	Data  0.004 ( 0.001)	Loss 0.0000e+00 (1.5109e-01)	Acc@1 100.00 ( 98.04)	Acc@5 100.00 (100.00)
21-Jan-26 13:27:42 - Epoch: [27][5999/9000]	Time  0.080 ( 0.077)	Data  0.001 ( 0.001)	Loss 0.0000e+00 (1.5090e-01)	Acc@1 100.00 ( 98.00)	Acc@5 100.00 (100.00)
21-Jan-26 13:28:58 - Epoch: [27][6999/9000]	Time  0.078 ( 0.077)	Data  0.001 ( 0.001)	Loss 0.0000e+00 (1.6982e-01)	Acc@1 100.00 ( 97.81)	Acc@5 100.00 (100.00)
21-Jan-26 13:30:14 - Epoch: [27][7999/9000]	Time  0.112 ( 0.077)	Data  0.024 ( 0.001)	Loss 0.0000e+00 (1.6940e-01)	Acc@1 100.00 ( 97.83)	Acc@5 100.00 (100.00)
21-Jan-26 13:31:30 - Epoch: [27][8999/9000]	Time  0.060 ( 0.077)	Data  0.001 ( 0.001)	Loss 5.5788e-05 (1.7285e-01)	Acc@1 100.00 ( 97.76)	Acc@5 100.00 (100.00)
21-Jan-26 13:31:30 -  @Training * Acc@1 97.756 Acc@5 100.000 Loss 0.173
21-Jan-26 13:31:30 - One training epoch latency: 690.2s | Avg Power: 190.6W | Energy: 131576.1769J
21-Jan-26 13:31:40 -  @Testing * Acc@1 72.600 Acc@5 98.400 Loss 5.263
21-Jan-26 13:31:40 - Best acc at epoch 27: 74.30000305175781
21-Jan-26 13:31:41 - Last learning rate: [3.90625e-06]
21-Jan-26 13:31:41 - 	 Epoch 28...
21-Jan-26 13:32:57 - Epoch: [28][ 999/9000]	Time  0.075 ( 0.076)	Data  0.001 ( 0.002)	Loss 0.0000e+00 (1.3806e-01)	Acc@1 100.00 ( 98.00)	Acc@5 100.00 (100.00)
21-Jan-26 13:34:13 - Epoch: [28][1999/9000]	Time  0.071 ( 0.076)	Data  0.001 ( 0.001)	Loss 3.8303e+00 (1.2361e-01)	Acc@1   0.00 ( 98.20)	Acc@5 100.00 (100.00)
21-Jan-26 13:35:30 - Epoch: [28][2999/9000]	Time  0.067 ( 0.076)	Data  0.001 ( 0.001)	Loss 0.0000e+00 (1.3644e-01)	Acc@1 100.00 ( 98.17)	Acc@5 100.00 (100.00)
21-Jan-26 13:36:45 - Epoch: [28][3999/9000]	Time  0.072 ( 0.076)	Data  0.003 ( 0.001)	Loss 0.0000e+00 (1.5366e-01)	Acc@1 100.00 ( 98.03)	Acc@5 100.00 (100.00)
21-Jan-26 13:38:02 - Epoch: [28][4999/9000]	Time  0.077 ( 0.076)	Data  0.001 ( 0.001)	Loss 0.0000e+00 (1.5131e-01)	Acc@1 100.00 ( 97.92)	Acc@5 100.00 (100.00)
21-Jan-26 13:39:18 - Epoch: [28][5999/9000]	Time  0.074 ( 0.076)	Data  0.001 ( 0.001)	Loss 0.0000e+00 (1.4096e-01)	Acc@1 100.00 ( 97.92)	Acc@5 100.00 (100.00)
21-Jan-26 13:40:35 - Epoch: [28][6999/9000]	Time  0.076 ( 0.076)	Data  0.001 ( 0.001)	Loss 0.0000e+00 (1.4437e-01)	Acc@1 100.00 ( 97.86)	Acc@5 100.00 (100.00)
21-Jan-26 13:41:51 - Epoch: [28][7999/9000]	Time  0.086 ( 0.076)	Data  0.002 ( 0.001)	Loss 0.0000e+00 (1.3764e-01)	Acc@1 100.00 ( 97.90)	Acc@5 100.00 (100.00)
21-Jan-26 13:43:07 - Epoch: [28][8999/9000]	Time  0.064 ( 0.076)	Data  0.001 ( 0.001)	Loss 0.0000e+00 (1.3280e-01)	Acc@1 100.00 ( 97.97)	Acc@5 100.00 (100.00)
21-Jan-26 13:43:07 -  @Training * Acc@1 97.967 Acc@5 100.000 Loss 0.133
21-Jan-26 13:43:07 - One training epoch latency: 686.4s | Avg Power: 190.9W | Energy: 131031.8600J
21-Jan-26 13:43:17 -  @Testing * Acc@1 74.400 Acc@5 98.400 Loss 5.403
21-Jan-26 13:43:17 - Best acc at epoch 28: 74.4000015258789
21-Jan-26 13:43:17 - Last learning rate: [3.90625e-06]
21-Jan-26 13:43:17 - 	 Epoch 29...
21-Jan-26 13:44:34 - Epoch: [29][ 999/9000]	Time  0.070 ( 0.077)	Data  0.002 ( 0.001)	Loss 0.0000e+00 (1.0954e-01)	Acc@1 100.00 ( 97.80)	Acc@5 100.00 (100.00)
21-Jan-26 13:45:50 - Epoch: [29][1999/9000]	Time  0.079 ( 0.076)	Data  0.004 ( 0.001)	Loss 0.0000e+00 (8.3237e-02)	Acc@1 100.00 ( 98.35)	Acc@5 100.00 (100.00)
21-Jan-26 13:47:07 - Epoch: [29][2999/9000]	Time  0.073 ( 0.076)	Data  0.003 ( 0.001)	Loss 7.0333e-06 (9.6527e-02)	Acc@1 100.00 ( 98.33)	Acc@5 100.00 (100.00)
21-Jan-26 13:48:24 - Epoch: [29][3999/9000]	Time  0.067 ( 0.077)	Data  0.001 ( 0.001)	Loss 0.0000e+00 (1.1146e-01)	Acc@1 100.00 ( 98.33)	Acc@5 100.00 (100.00)
21-Jan-26 13:49:40 - Epoch: [29][4999/9000]	Time  0.075 ( 0.076)	Data  0.001 ( 0.001)	Loss 0.0000e+00 (1.0470e-01)	Acc@1 100.00 ( 98.38)	Acc@5 100.00 (100.00)
21-Jan-26 13:50:56 - Epoch: [29][5999/9000]	Time  0.074 ( 0.077)	Data  0.001 ( 0.001)	Loss 0.0000e+00 (1.0455e-01)	Acc@1 100.00 ( 98.38)	Acc@5 100.00 (100.00)
21-Jan-26 13:52:13 - Epoch: [29][6999/9000]	Time  0.077 ( 0.077)	Data  0.001 ( 0.001)	Loss 0.0000e+00 (1.1075e-01)	Acc@1 100.00 ( 98.33)	Acc@5 100.00 (100.00)
21-Jan-26 13:53:30 - Epoch: [29][7999/9000]	Time  0.077 ( 0.077)	Data  0.001 ( 0.001)	Loss 0.0000e+00 (1.1782e-01)	Acc@1 100.00 ( 98.23)	Acc@5 100.00 (100.00)
21-Jan-26 13:54:47 - Epoch: [29][8999/9000]	Time  0.058 ( 0.077)	Data  0.001 ( 0.001)	Loss 8.3446e-07 (1.2106e-01)	Acc@1 100.00 ( 98.19)	Acc@5 100.00 (100.00)
21-Jan-26 13:54:47 -  @Training * Acc@1 98.189 Acc@5 100.000 Loss 0.121
21-Jan-26 13:54:47 - One training epoch latency: 689.3s | Avg Power: 190.3W | Energy: 131192.2492J
21-Jan-26 13:54:57 -  @Testing * Acc@1 74.100 Acc@5 98.600 Loss 5.329
21-Jan-26 13:54:57 - Best acc at epoch 29: 74.4000015258789
21-Jan-26 13:54:57 - Last learning rate: [1.953125e-06]
21-Jan-26 13:54:57 - 	 Epoch 30...
21-Jan-26 13:56:14 - Epoch: [30][ 999/9000]	Time  0.073 ( 0.077)	Data  0.001 ( 0.002)	Loss 1.1468e+00 (6.6045e-02)	Acc@1   0.00 ( 99.00)	Acc@5 100.00 (100.00)
21-Jan-26 13:57:30 - Epoch: [30][1999/9000]	Time  0.075 ( 0.077)	Data  0.001 ( 0.001)	Loss 0.0000e+00 (5.2438e-02)	Acc@1 100.00 ( 98.95)	Acc@5 100.00 (100.00)
21-Jan-26 13:58:46 - Epoch: [30][2999/9000]	Time  0.094 ( 0.076)	Data  0.001 ( 0.001)	Loss 0.0000e+00 (6.1037e-02)	Acc@1 100.00 ( 98.93)	Acc@5 100.00 (100.00)
21-Jan-26 14:00:02 - Epoch: [30][3999/9000]	Time  0.069 ( 0.076)	Data  0.001 ( 0.001)	Loss 0.0000e+00 (6.8892e-02)	Acc@1 100.00 ( 98.78)	Acc@5 100.00 (100.00)
21-Jan-26 14:01:18 - Epoch: [30][4999/9000]	Time  0.077 ( 0.076)	Data  0.001 ( 0.001)	Loss 0.0000e+00 (6.0460e-02)	Acc@1 100.00 ( 98.90)	Acc@5 100.00 (100.00)
21-Jan-26 14:02:35 - Epoch: [30][5999/9000]	Time  0.070 ( 0.076)	Data  0.001 ( 0.001)	Loss 0.0000e+00 (7.2521e-02)	Acc@1 100.00 ( 98.82)	Acc@5 100.00 (100.00)
21-Jan-26 14:03:52 - Epoch: [30][6999/9000]	Time  0.080 ( 0.076)	Data  0.001 ( 0.001)	Loss 0.0000e+00 (6.9941e-02)	Acc@1 100.00 ( 98.81)	Acc@5 100.00 (100.00)
21-Jan-26 14:05:08 - Epoch: [30][7999/9000]	Time  0.081 ( 0.076)	Data  0.001 ( 0.001)	Loss 0.0000e+00 (6.7036e-02)	Acc@1 100.00 ( 98.89)	Acc@5 100.00 (100.00)
21-Jan-26 14:06:26 - Epoch: [30][8999/9000]	Time  0.064 ( 0.077)	Data  0.002 ( 0.001)	Loss 0.0000e+00 (6.5167e-02)	Acc@1 100.00 ( 98.91)	Acc@5 100.00 (100.00)
21-Jan-26 14:06:26 -  @Training * Acc@1 98.911 Acc@5 100.000 Loss 0.065
21-Jan-26 14:06:26 - One training epoch latency: 689.1s | Avg Power: 190.0W | Energy: 130953.4861J
21-Jan-26 14:06:36 -  @Testing * Acc@1 72.900 Acc@5 98.200 Loss 5.782
21-Jan-26 14:06:36 - Best acc at epoch 30: 74.4000015258789
21-Jan-26 14:06:36 - Last learning rate: [1.953125e-06]
21-Jan-26 14:06:36 - 	 Epoch 31...
21-Jan-26 14:07:53 - Epoch: [31][ 999/9000]	Time  0.073 ( 0.077)	Data  0.001 ( 0.002)	Loss 0.0000e+00 (3.3746e-02)	Acc@1 100.00 ( 99.50)	Acc@5 100.00 (100.00)
21-Jan-26 14:09:10 - Epoch: [31][1999/9000]	Time  0.072 ( 0.077)	Data  0.001 ( 0.001)	Loss 0.0000e+00 (4.8063e-02)	Acc@1 100.00 ( 99.05)	Acc@5 100.00 (100.00)
21-Jan-26 14:10:26 - Epoch: [31][2999/9000]	Time  0.068 ( 0.077)	Data  0.001 ( 0.001)	Loss 2.3842e-07 (5.7221e-02)	Acc@1 100.00 ( 98.97)	Acc@5 100.00 (100.00)
21-Jan-26 14:11:43 - Epoch: [31][3999/9000]	Time  0.074 ( 0.077)	Data  0.001 ( 0.001)	Loss 0.0000e+00 (5.5138e-02)	Acc@1 100.00 ( 99.05)	Acc@5 100.00 (100.00)
21-Jan-26 14:13:00 - Epoch: [31][4999/9000]	Time  0.081 ( 0.077)	Data  0.001 ( 0.001)	Loss 0.0000e+00 (6.0927e-02)	Acc@1 100.00 ( 98.98)	Acc@5 100.00 (100.00)
21-Jan-26 14:14:16 - Epoch: [31][5999/9000]	Time  0.075 ( 0.077)	Data  0.001 ( 0.001)	Loss 0.0000e+00 (5.9347e-02)	Acc@1 100.00 ( 99.00)	Acc@5 100.00 (100.00)
21-Jan-26 14:15:33 - Epoch: [31][6999/9000]	Time  0.082 ( 0.077)	Data  0.001 ( 0.001)	Loss 0.0000e+00 (5.3616e-02)	Acc@1 100.00 ( 99.07)	Acc@5 100.00 (100.00)
21-Jan-26 14:16:49 - Epoch: [31][7999/9000]	Time  0.068 ( 0.077)	Data  0.001 ( 0.001)	Loss 0.0000e+00 (5.4653e-02)	Acc@1 100.00 ( 99.08)	Acc@5 100.00 (100.00)
21-Jan-26 14:18:06 - Epoch: [31][8999/9000]	Time  0.067 ( 0.077)	Data  0.002 ( 0.001)	Loss 0.0000e+00 (5.3316e-02)	Acc@1 100.00 ( 99.09)	Acc@5 100.00 (100.00)
21-Jan-26 14:18:06 -  @Training * Acc@1 99.089 Acc@5 100.000 Loss 0.053
21-Jan-26 14:18:06 - One training epoch latency: 690.0s | Avg Power: 190.3W | Energy: 131297.7914J
21-Jan-26 14:18:17 -  @Testing * Acc@1 73.600 Acc@5 98.400 Loss 5.589
21-Jan-26 14:18:17 - Best acc at epoch 31: 74.4000015258789
21-Jan-26 14:18:17 - Last learning rate: [1.953125e-06]
21-Jan-26 14:18:17 - 	 Epoch 32...
21-Jan-26 14:19:35 - Epoch: [32][ 999/9000]	Time  0.066 ( 0.079)	Data  0.001 ( 0.002)	Loss 0.0000e+00 (4.6989e-02)	Acc@1 100.00 ( 99.50)	Acc@5 100.00 (100.00)
21-Jan-26 14:20:55 - Epoch: [32][1999/9000]	Time  0.072 ( 0.079)	Data  0.001 ( 0.002)	Loss 0.0000e+00 (4.4865e-02)	Acc@1 100.00 ( 99.30)	Acc@5 100.00 (100.00)
21-Jan-26 14:22:13 - Epoch: [32][2999/9000]	Time  0.078 ( 0.079)	Data  0.001 ( 0.002)	Loss 0.0000e+00 (4.2546e-02)	Acc@1 100.00 ( 99.40)	Acc@5 100.00 (100.00)
21-Jan-26 14:23:30 - Epoch: [32][3999/9000]	Time  0.067 ( 0.078)	Data  0.001 ( 0.002)	Loss 0.0000e+00 (4.0048e-02)	Acc@1 100.00 ( 99.38)	Acc@5 100.00 (100.00)
21-Jan-26 14:24:47 - Epoch: [32][4999/9000]	Time  0.081 ( 0.078)	Data  0.001 ( 0.002)	Loss 0.0000e+00 (5.1982e-02)	Acc@1 100.00 ( 99.24)	Acc@5 100.00 (100.00)
21-Jan-26 14:26:04 - Epoch: [32][5999/9000]	Time  0.076 ( 0.078)	Data  0.001 ( 0.001)	Loss 0.0000e+00 (4.9519e-02)	Acc@1 100.00 ( 99.25)	Acc@5 100.00 (100.00)
21-Jan-26 14:27:22 - Epoch: [32][6999/9000]	Time  0.077 ( 0.078)	Data  0.001 ( 0.001)	Loss 0.0000e+00 (4.8843e-02)	Acc@1 100.00 ( 99.23)	Acc@5 100.00 (100.00)
21-Jan-26 14:28:39 - Epoch: [32][7999/9000]	Time  0.073 ( 0.078)	Data  0.001 ( 0.001)	Loss 0.0000e+00 (4.8062e-02)	Acc@1 100.00 ( 99.21)	Acc@5 100.00 (100.00)
21-Jan-26 14:29:56 - Epoch: [32][8999/9000]	Time  0.064 ( 0.078)	Data  0.002 ( 0.001)	Loss 0.0000e+00 (5.3020e-02)	Acc@1 100.00 ( 99.18)	Acc@5 100.00 (100.00)
21-Jan-26 14:29:56 -  @Training * Acc@1 99.178 Acc@5 100.000 Loss 0.053
21-Jan-26 14:29:56 - One training epoch latency: 699.6s | Avg Power: 188.9W | Energy: 132154.8484J
21-Jan-26 14:30:07 -  @Testing * Acc@1 74.500 Acc@5 97.900 Loss 5.597
21-Jan-26 14:30:07 - Best acc at epoch 32: 74.5
21-Jan-26 14:30:07 - Last learning rate: [1.953125e-06]
21-Jan-26 14:30:07 - 	 Epoch 33...
21-Jan-26 14:31:25 - Epoch: [33][ 999/9000]	Time  0.077 ( 0.078)	Data  0.002 ( 0.002)	Loss 0.0000e+00 (4.2432e-02)	Acc@1 100.00 ( 99.50)	Acc@5 100.00 (100.00)
21-Jan-26 14:32:43 - Epoch: [33][1999/9000]	Time  0.081 ( 0.078)	Data  0.001 ( 0.002)	Loss 0.0000e+00 (3.5719e-02)	Acc@1 100.00 ( 99.40)	Acc@5 100.00 (100.00)
21-Jan-26 14:34:01 - Epoch: [33][2999/9000]	Time  0.083 ( 0.078)	Data  0.001 ( 0.002)	Loss 0.0000e+00 (3.2692e-02)	Acc@1 100.00 ( 99.30)	Acc@5 100.00 (100.00)
21-Jan-26 14:35:20 - Epoch: [33][3999/9000]	Time  0.075 ( 0.078)	Data  0.003 ( 0.002)	Loss 8.7620e+00 (4.3583e-02)	Acc@1   0.00 ( 99.13)	Acc@5 100.00 (100.00)
21-Jan-26 14:36:40 - Epoch: [33][4999/9000]	Time  0.070 ( 0.079)	Data  0.001 ( 0.002)	Loss 0.0000e+00 (3.8339e-02)	Acc@1 100.00 ( 99.26)	Acc@5 100.00 (100.00)
21-Jan-26 14:37:59 - Epoch: [33][5999/9000]	Time  0.070 ( 0.079)	Data  0.001 ( 0.002)	Loss 0.0000e+00 (3.7109e-02)	Acc@1 100.00 ( 99.27)	Acc@5 100.00 (100.00)
21-Jan-26 14:39:18 - Epoch: [33][6999/9000]	Time  0.084 ( 0.079)	Data  0.001 ( 0.002)	Loss 0.0000e+00 (3.4448e-02)	Acc@1 100.00 ( 99.31)	Acc@5 100.00 (100.00)
21-Jan-26 14:40:36 - Epoch: [33][7999/9000]	Time  0.078 ( 0.079)	Data  0.001 ( 0.002)	Loss 0.0000e+00 (3.7046e-02)	Acc@1 100.00 ( 99.30)	Acc@5 100.00 (100.00)
21-Jan-26 14:41:56 - Epoch: [33][8999/9000]	Time  0.062 ( 0.079)	Data  0.001 ( 0.002)	Loss 0.0000e+00 (3.5541e-02)	Acc@1 100.00 ( 99.32)	Acc@5 100.00 (100.00)
21-Jan-26 14:41:56 -  @Training * Acc@1 99.322 Acc@5 100.000 Loss 0.036
21-Jan-26 14:41:57 - One training epoch latency: 709.6s | Avg Power: 187.6W | Energy: 133091.3173J
21-Jan-26 14:42:07 -  @Testing * Acc@1 73.800 Acc@5 98.100 Loss 5.622
21-Jan-26 14:42:07 - Best acc at epoch 33: 74.5
21-Jan-26 14:42:07 - Last learning rate: [1.953125e-06]
21-Jan-26 14:42:07 - 	 Epoch 34...
21-Jan-26 14:43:26 - Epoch: [34][ 999/9000]	Time  0.078 ( 0.079)	Data  0.005 ( 0.002)	Loss 0.0000e+00 (3.1826e-02)	Acc@1 100.00 ( 99.30)	Acc@5 100.00 (100.00)
21-Jan-26 14:44:44 - Epoch: [34][1999/9000]	Time  0.072 ( 0.079)	Data  0.001 ( 0.002)	Loss 2.1038e-04 (3.5658e-02)	Acc@1 100.00 ( 99.20)	Acc@5 100.00 (100.00)
21-Jan-26 14:46:02 - Epoch: [34][2999/9000]	Time  0.076 ( 0.078)	Data  0.001 ( 0.002)	Loss 0.0000e+00 (3.5328e-02)	Acc@1 100.00 ( 99.13)	Acc@5 100.00 (100.00)
21-Jan-26 14:47:21 - Epoch: [34][3999/9000]	Time  0.077 ( 0.078)	Data  0.001 ( 0.002)	Loss 0.0000e+00 (3.9137e-02)	Acc@1 100.00 ( 99.15)	Acc@5 100.00 (100.00)
21-Jan-26 14:48:40 - Epoch: [34][4999/9000]	Time  0.078 ( 0.079)	Data  0.001 ( 0.002)	Loss 0.0000e+00 (3.6540e-02)	Acc@1 100.00 ( 99.18)	Acc@5 100.00 (100.00)
21-Jan-26 14:49:59 - Epoch: [34][5999/9000]	Time  0.084 ( 0.079)	Data  0.001 ( 0.002)	Loss 0.0000e+00 (4.5724e-02)	Acc@1 100.00 ( 99.15)	Acc@5 100.00 (100.00)
21-Jan-26 14:51:17 - Epoch: [34][6999/9000]	Time  0.076 ( 0.079)	Data  0.001 ( 0.002)	Loss 0.0000e+00 (4.2726e-02)	Acc@1 100.00 ( 99.20)	Acc@5 100.00 (100.00)
21-Jan-26 14:52:35 - Epoch: [34][7999/9000]	Time  0.077 ( 0.079)	Data  0.002 ( 0.002)	Loss 0.0000e+00 (4.1495e-02)	Acc@1 100.00 ( 99.20)	Acc@5 100.00 (100.00)
21-Jan-26 14:53:54 - Epoch: [34][8999/9000]	Time  0.076 ( 0.079)	Data  0.003 ( 0.002)	Loss 0.0000e+00 (4.2695e-02)	Acc@1 100.00 ( 99.22)	Acc@5 100.00 (100.00)
21-Jan-26 14:53:54 -  @Training * Acc@1 99.222 Acc@5 100.000 Loss 0.043
21-Jan-26 14:53:54 - One training epoch latency: 706.8s | Avg Power: 185.4W | Energy: 131050.8068J
21-Jan-26 14:54:04 -  @Testing * Acc@1 74.000 Acc@5 98.300 Loss 5.640
21-Jan-26 14:54:04 - Best acc at epoch 34: 74.5
21-Jan-26 14:54:04 - Last learning rate: [1.953125e-06]
21-Jan-26 14:54:04 - 	 Epoch 35...
21-Jan-26 14:55:22 - Epoch: [35][ 999/9000]	Time  0.084 ( 0.078)	Data  0.002 ( 0.002)	Loss 0.0000e+00 (9.2705e-03)	Acc@1 100.00 ( 99.60)	Acc@5 100.00 (100.00)
21-Jan-26 14:56:41 - Epoch: [35][1999/9000]	Time  0.074 ( 0.078)	Data  0.002 ( 0.001)	Loss 0.0000e+00 (2.1767e-02)	Acc@1 100.00 ( 99.40)	Acc@5 100.00 (100.00)
21-Jan-26 14:57:59 - Epoch: [35][2999/9000]	Time  0.072 ( 0.078)	Data  0.001 ( 0.001)	Loss 0.0000e+00 (3.0021e-02)	Acc@1 100.00 ( 99.37)	Acc@5 100.00 (100.00)
21-Jan-26 14:59:17 - Epoch: [35][3999/9000]	Time  0.102 ( 0.078)	Data  0.003 ( 0.001)	Loss 0.0000e+00 (3.0021e-02)	Acc@1 100.00 ( 99.45)	Acc@5 100.00 (100.00)
21-Jan-26 15:00:35 - Epoch: [35][4999/9000]	Time  0.066 ( 0.078)	Data  0.001 ( 0.001)	Loss 0.0000e+00 (2.6440e-02)	Acc@1 100.00 ( 99.50)	Acc@5 100.00 (100.00)
21-Jan-26 15:01:53 - Epoch: [35][5999/9000]	Time  0.086 ( 0.078)	Data  0.001 ( 0.001)	Loss 0.0000e+00 (2.7396e-02)	Acc@1 100.00 ( 99.45)	Acc@5 100.00 (100.00)
21-Jan-26 15:03:11 - Epoch: [35][6999/9000]	Time  0.078 ( 0.078)	Data  0.003 ( 0.001)	Loss 9.4905e-04 (2.6518e-02)	Acc@1 100.00 ( 99.44)	Acc@5 100.00 (100.00)
21-Jan-26 15:04:29 - Epoch: [35][7999/9000]	Time  0.078 ( 0.078)	Data  0.002 ( 0.001)	Loss 0.0000e+00 (3.0218e-02)	Acc@1 100.00 ( 99.46)	Acc@5 100.00 (100.00)
21-Jan-26 15:05:47 - Epoch: [35][8999/9000]	Time  0.069 ( 0.078)	Data  0.001 ( 0.001)	Loss 0.0000e+00 (3.1329e-02)	Acc@1 100.00 ( 99.43)	Acc@5 100.00 (100.00)
21-Jan-26 15:05:47 -  @Training * Acc@1 99.433 Acc@5 100.000 Loss 0.031
21-Jan-26 15:05:47 - One training epoch latency: 702.3s | Avg Power: 184.1W | Energy: 129315.3436J
21-Jan-26 15:05:57 -  @Testing * Acc@1 72.900 Acc@5 98.500 Loss 5.565
21-Jan-26 15:05:57 - Best acc at epoch 35: 74.5
21-Jan-26 15:05:57 - Last learning rate: [9.765625e-07]
21-Jan-26 15:05:57 - 	 Epoch 36...
21-Jan-26 15:07:17 - Epoch: [36][ 999/9000]	Time  0.074 ( 0.080)	Data  0.001 ( 0.002)	Loss 0.0000e+00 (4.6082e-02)	Acc@1 100.00 ( 99.50)	Acc@5 100.00 (100.00)
21-Jan-26 15:08:36 - Epoch: [36][1999/9000]	Time  0.071 ( 0.080)	Data  0.001 ( 0.002)	Loss 0.0000e+00 (2.6558e-02)	Acc@1 100.00 ( 99.65)	Acc@5 100.00 (100.00)
21-Jan-26 15:09:54 - Epoch: [36][2999/9000]	Time  0.080 ( 0.079)	Data  0.003 ( 0.002)	Loss 0.0000e+00 (2.3051e-02)	Acc@1 100.00 ( 99.67)	Acc@5 100.00 (100.00)
21-Jan-26 15:11:13 - Epoch: [36][3999/9000]	Time  0.120 ( 0.079)	Data  0.001 ( 0.002)	Loss 0.0000e+00 (2.5848e-02)	Acc@1 100.00 ( 99.60)	Acc@5 100.00 (100.00)
21-Jan-26 15:12:32 - Epoch: [36][4999/9000]	Time  0.077 ( 0.079)	Data  0.001 ( 0.002)	Loss 0.0000e+00 (2.0928e-02)	Acc@1 100.00 ( 99.66)	Acc@5 100.00 (100.00)
21-Jan-26 15:13:51 - Epoch: [36][5999/9000]	Time  0.074 ( 0.079)	Data  0.002 ( 0.002)	Loss 0.0000e+00 (1.9154e-02)	Acc@1 100.00 ( 99.70)	Acc@5 100.00 (100.00)
21-Jan-26 15:15:09 - Epoch: [36][6999/9000]	Time  0.066 ( 0.079)	Data  0.001 ( 0.001)	Loss 0.0000e+00 (2.5182e-02)	Acc@1 100.00 ( 99.66)	Acc@5 100.00 (100.00)
21-Jan-26 15:16:27 - Epoch: [36][7999/9000]	Time  0.074 ( 0.079)	Data  0.001 ( 0.001)	Loss 0.0000e+00 (2.7159e-02)	Acc@1 100.00 ( 99.64)	Acc@5 100.00 (100.00)
21-Jan-26 15:17:44 - Epoch: [36][8999/9000]	Time  0.066 ( 0.079)	Data  0.002 ( 0.001)	Loss 0.0000e+00 (2.6864e-02)	Acc@1 100.00 ( 99.63)	Acc@5 100.00 (100.00)
21-Jan-26 15:17:44 -  @Training * Acc@1 99.633 Acc@5 100.000 Loss 0.027
21-Jan-26 15:17:44 - One training epoch latency: 706.9s | Avg Power: 184.8W | Energy: 130639.3122J
21-Jan-26 15:17:54 -  @Testing * Acc@1 74.500 Acc@5 98.600 Loss 5.511
21-Jan-26 15:17:54 - Best acc at epoch 36: 74.5
21-Jan-26 15:17:54 - Last learning rate: [9.765625e-07]
21-Jan-26 15:17:54 - 	 Epoch 37...
21-Jan-26 15:19:11 - Epoch: [37][ 999/9000]	Time  0.073 ( 0.077)	Data  0.004 ( 0.002)	Loss 0.0000e+00 (1.1630e-02)	Acc@1 100.00 ( 99.80)	Acc@5 100.00 (100.00)
21-Jan-26 15:20:28 - Epoch: [37][1999/9000]	Time  0.082 ( 0.077)	Data  0.005 ( 0.001)	Loss 0.0000e+00 (1.6701e-02)	Acc@1 100.00 ( 99.75)	Acc@5 100.00 (100.00)
21-Jan-26 15:21:45 - Epoch: [37][2999/9000]	Time  0.075 ( 0.077)	Data  0.001 ( 0.001)	Loss 0.0000e+00 (1.4551e-02)	Acc@1 100.00 ( 99.73)	Acc@5 100.00 (100.00)
21-Jan-26 15:23:01 - Epoch: [37][3999/9000]	Time  0.074 ( 0.077)	Data  0.002 ( 0.001)	Loss 0.0000e+00 (2.2006e-02)	Acc@1 100.00 ( 99.63)	Acc@5 100.00 (100.00)
21-Jan-26 15:24:17 - Epoch: [37][4999/9000]	Time  0.090 ( 0.077)	Data  0.001 ( 0.001)	Loss 0.0000e+00 (2.0939e-02)	Acc@1 100.00 ( 99.60)	Acc@5 100.00 (100.00)
21-Jan-26 15:25:33 - Epoch: [37][5999/9000]	Time  0.072 ( 0.076)	Data  0.001 ( 0.001)	Loss 0.0000e+00 (2.2654e-02)	Acc@1 100.00 ( 99.62)	Acc@5 100.00 (100.00)
21-Jan-26 15:26:49 - Epoch: [37][6999/9000]	Time  0.073 ( 0.076)	Data  0.001 ( 0.001)	Loss 0.0000e+00 (2.1679e-02)	Acc@1 100.00 ( 99.63)	Acc@5 100.00 (100.00)
21-Jan-26 15:28:06 - Epoch: [37][7999/9000]	Time  0.074 ( 0.076)	Data  0.001 ( 0.001)	Loss 0.0000e+00 (2.1118e-02)	Acc@1 100.00 ( 99.60)	Acc@5 100.00 (100.00)
21-Jan-26 15:29:15 - Epoch: [37][8999/9000]	Time  0.058 ( 0.076)	Data  0.001 ( 0.001)	Loss 0.0000e+00 (2.2606e-02)	Acc@1 100.00 ( 99.59)	Acc@5 100.00 (100.00)
21-Jan-26 15:29:15 -  @Training * Acc@1 99.589 Acc@5 100.000 Loss 0.023
21-Jan-26 15:29:15 - One training epoch latency: 680.8s | Avg Power: 191.5W | Energy: 130401.8973J
21-Jan-26 15:29:25 -  @Testing * Acc@1 73.500 Acc@5 98.600 Loss 5.644
21-Jan-26 15:29:25 - Best acc at epoch 37: 74.5
21-Jan-26 15:29:25 - Last learning rate: [9.765625e-07]
21-Jan-26 15:29:25 - 	 Epoch 38...
21-Jan-26 15:30:34 - Epoch: [38][ 999/9000]	Time  0.068 ( 0.069)	Data  0.001 ( 0.001)	Loss 0.0000e+00 (2.4419e-02)	Acc@1 100.00 ( 99.40)	Acc@5 100.00 (100.00)
21-Jan-26 15:31:43 - Epoch: [38][1999/9000]	Time  0.066 ( 0.069)	Data  0.001 ( 0.001)	Loss 0.0000e+00 (3.0236e-02)	Acc@1 100.00 ( 99.55)	Acc@5 100.00 (100.00)
21-Jan-26 15:32:52 - Epoch: [38][2999/9000]	Time  0.067 ( 0.069)	Data  0.001 ( 0.001)	Loss 0.0000e+00 (2.5452e-02)	Acc@1 100.00 ( 99.60)	Acc@5 100.00 (100.00)
21-Jan-26 15:34:02 - Epoch: [38][3999/9000]	Time  0.075 ( 0.069)	Data  0.001 ( 0.001)	Loss 0.0000e+00 (1.9496e-02)	Acc@1 100.00 ( 99.68)	Acc@5 100.00 (100.00)
21-Jan-26 15:35:18 - Epoch: [38][4999/9000]	Time  0.073 ( 0.071)	Data  0.001 ( 0.001)	Loss 0.0000e+00 (2.1044e-02)	Acc@1 100.00 ( 99.66)	Acc@5 100.00 (100.00)
21-Jan-26 15:36:34 - Epoch: [38][5999/9000]	Time  0.076 ( 0.072)	Data  0.001 ( 0.001)	Loss 0.0000e+00 (1.8567e-02)	Acc@1 100.00 ( 99.70)	Acc@5 100.00 (100.00)
21-Jan-26 15:37:51 - Epoch: [38][6999/9000]	Time  0.076 ( 0.072)	Data  0.002 ( 0.001)	Loss 0.0000e+00 (1.7500e-02)	Acc@1 100.00 ( 99.70)	Acc@5 100.00 (100.00)
21-Jan-26 15:39:08 - Epoch: [38][7999/9000]	Time  0.066 ( 0.073)	Data  0.001 ( 0.001)	Loss 0.0000e+00 (2.0980e-02)	Acc@1 100.00 ( 99.69)	Acc@5 100.00 (100.00)
21-Jan-26 15:40:25 - Epoch: [38][8999/9000]	Time  0.065 ( 0.073)	Data  0.001 ( 0.001)	Loss 0.0000e+00 (1.9652e-02)	Acc@1 100.00 ( 99.70)	Acc@5 100.00 (100.00)
21-Jan-26 15:40:25 -  @Training * Acc@1 99.700 Acc@5 100.000 Loss 0.020
21-Jan-26 15:40:25 - One training epoch latency: 660.8s | Avg Power: 192.5W | Energy: 127213.6158J
21-Jan-26 15:40:36 -  @Testing * Acc@1 73.500 Acc@5 98.800 Loss 5.747
21-Jan-26 15:40:36 - Best acc at epoch 38: 74.5
21-Jan-26 15:40:36 - Last learning rate: [9.765625e-07]
21-Jan-26 15:40:36 - 	 Epoch 39...
21-Jan-26 15:41:53 - Epoch: [39][ 999/9000]	Time  0.069 ( 0.078)	Data  0.001 ( 0.002)	Loss 0.0000e+00 (8.0210e-03)	Acc@1 100.00 ( 99.70)	Acc@5 100.00 (100.00)
21-Jan-26 15:43:10 - Epoch: [39][1999/9000]	Time  0.069 ( 0.077)	Data  0.001 ( 0.001)	Loss 0.0000e+00 (8.9720e-03)	Acc@1 100.00 ( 99.65)	Acc@5 100.00 (100.00)
21-Jan-26 15:44:25 - Epoch: [39][2999/9000]	Time  0.075 ( 0.076)	Data  0.001 ( 0.001)	Loss 0.0000e+00 (1.2484e-02)	Acc@1 100.00 ( 99.73)	Acc@5 100.00 (100.00)
21-Jan-26 15:45:40 - Epoch: [39][3999/9000]	Time  0.067 ( 0.076)	Data  0.001 ( 0.001)	Loss 0.0000e+00 (1.2468e-02)	Acc@1 100.00 ( 99.70)	Acc@5 100.00 (100.00)
21-Jan-26 15:46:55 - Epoch: [39][4999/9000]	Time  0.075 ( 0.076)	Data  0.001 ( 0.001)	Loss 0.0000e+00 (1.3541e-02)	Acc@1 100.00 ( 99.66)	Acc@5 100.00 (100.00)
21-Jan-26 15:48:13 - Epoch: [39][5999/9000]	Time  0.078 ( 0.076)	Data  0.001 ( 0.001)	Loss 0.0000e+00 (1.1316e-02)	Acc@1 100.00 ( 99.72)	Acc@5 100.00 (100.00)
21-Jan-26 15:49:30 - Epoch: [39][6999/9000]	Time  0.073 ( 0.076)	Data  0.001 ( 0.001)	Loss 0.0000e+00 (1.1980e-02)	Acc@1 100.00 ( 99.70)	Acc@5 100.00 (100.00)
21-Jan-26 15:50:47 - Epoch: [39][7999/9000]	Time  0.069 ( 0.076)	Data  0.001 ( 0.001)	Loss 0.0000e+00 (1.6260e-02)	Acc@1 100.00 ( 99.66)	Acc@5 100.00 (100.00)
21-Jan-26 15:52:04 - Epoch: [39][8999/9000]	Time  0.058 ( 0.076)	Data  0.001 ( 0.001)	Loss 0.0000e+00 (1.9106e-02)	Acc@1 100.00 ( 99.63)	Acc@5 100.00 (100.00)
21-Jan-26 15:52:04 -  @Training * Acc@1 99.633 Acc@5 100.000 Loss 0.019
21-Jan-26 15:52:04 - One training epoch latency: 688.3s | Avg Power: 189.7W | Energy: 130568.7742J
21-Jan-26 15:52:15 -  @Testing * Acc@1 74.000 Acc@5 98.500 Loss 5.555
21-Jan-26 15:52:15 - Best acc at epoch 39: 74.5
21-Jan-26 15:52:15 - Last learning rate: [9.765625e-07]
21-Jan-26 15:52:15 - 	 Epoch 40...
21-Jan-26 15:53:32 - Epoch: [40][ 999/9000]	Time  0.073 ( 0.078)	Data  0.001 ( 0.002)	Loss 0.0000e+00 (9.1063e-03)	Acc@1 100.00 ( 99.80)	Acc@5 100.00 (100.00)
21-Jan-26 15:54:49 - Epoch: [40][1999/9000]	Time  0.069 ( 0.077)	Data  0.001 ( 0.001)	Loss 0.0000e+00 (1.3292e-02)	Acc@1 100.00 ( 99.80)	Acc@5 100.00 (100.00)
21-Jan-26 15:56:07 - Epoch: [40][2999/9000]	Time  0.080 ( 0.077)	Data  0.001 ( 0.001)	Loss 0.0000e+00 (2.4348e-02)	Acc@1 100.00 ( 99.67)	Acc@5 100.00 (100.00)
21-Jan-26 15:57:24 - Epoch: [40][3999/9000]	Time  0.073 ( 0.077)	Data  0.001 ( 0.001)	Loss 0.0000e+00 (2.4907e-02)	Acc@1 100.00 ( 99.65)	Acc@5 100.00 (100.00)
21-Jan-26 15:58:41 - Epoch: [40][4999/9000]	Time  0.076 ( 0.077)	Data  0.001 ( 0.001)	Loss 0.0000e+00 (2.0345e-02)	Acc@1 100.00 ( 99.70)	Acc@5 100.00 (100.00)
21-Jan-26 15:59:58 - Epoch: [40][5999/9000]	Time  0.071 ( 0.077)	Data  0.002 ( 0.001)	Loss 0.0000e+00 (1.9508e-02)	Acc@1 100.00 ( 99.70)	Acc@5 100.00 (100.00)
21-Jan-26 16:01:15 - Epoch: [40][6999/9000]	Time  0.077 ( 0.077)	Data  0.001 ( 0.001)	Loss 0.0000e+00 (2.0380e-02)	Acc@1 100.00 ( 99.69)	Acc@5 100.00 (100.00)
21-Jan-26 16:02:32 - Epoch: [40][7999/9000]	Time  0.078 ( 0.077)	Data  0.001 ( 0.001)	Loss 2.2650e-06 (1.8352e-02)	Acc@1 100.00 ( 99.70)	Acc@5 100.00 (100.00)
21-Jan-26 16:03:50 - Epoch: [40][8999/9000]	Time  0.071 ( 0.077)	Data  0.003 ( 0.001)	Loss 0.0000e+00 (1.8983e-02)	Acc@1 100.00 ( 99.68)	Acc@5 100.00 (100.00)
21-Jan-26 16:03:50 -  @Training * Acc@1 99.678 Acc@5 100.000 Loss 0.019
21-Jan-26 16:03:50 - One training epoch latency: 695.3s | Avg Power: 188.7W | Energy: 131229.9425J
21-Jan-26 16:04:00 -  @Testing * Acc@1 74.000 Acc@5 98.500 Loss 5.567
21-Jan-26 16:04:00 - Best acc at epoch 40: 74.5
21-Jan-26 16:04:00 - Last learning rate: [9.765625e-07]
21-Jan-26 16:04:00 - 	 Epoch 41...
21-Jan-26 16:05:18 - Epoch: [41][ 999/9000]	Time  0.085 ( 0.078)	Data  0.001 ( 0.002)	Loss 0.0000e+00 (6.8225e-03)	Acc@1 100.00 ( 99.80)	Acc@5 100.00 (100.00)
21-Jan-26 16:06:35 - Epoch: [41][1999/9000]	Time  0.072 ( 0.077)	Data  0.001 ( 0.001)	Loss 0.0000e+00 (1.7560e-02)	Acc@1 100.00 ( 99.80)	Acc@5 100.00 (100.00)
21-Jan-26 16:07:52 - Epoch: [41][2999/9000]	Time  0.078 ( 0.077)	Data  0.001 ( 0.001)	Loss 0.0000e+00 (1.3987e-02)	Acc@1 100.00 ( 99.77)	Acc@5 100.00 (100.00)
21-Jan-26 16:09:10 - Epoch: [41][3999/9000]	Time  0.108 ( 0.078)	Data  0.002 ( 0.001)	Loss 0.0000e+00 (1.4384e-02)	Acc@1 100.00 ( 99.70)	Acc@5 100.00 (100.00)
21-Jan-26 16:10:27 - Epoch: [41][4999/9000]	Time  0.082 ( 0.077)	Data  0.001 ( 0.001)	Loss 0.0000e+00 (1.9453e-02)	Acc@1 100.00 ( 99.68)	Acc@5 100.00 (100.00)
21-Jan-26 16:11:45 - Epoch: [41][5999/9000]	Time  0.070 ( 0.078)	Data  0.001 ( 0.001)	Loss 0.0000e+00 (1.9253e-02)	Acc@1 100.00 ( 99.67)	Acc@5 100.00 (100.00)
21-Jan-26 16:13:03 - Epoch: [41][6999/9000]	Time  0.068 ( 0.078)	Data  0.001 ( 0.001)	Loss 0.0000e+00 (1.6592e-02)	Acc@1 100.00 ( 99.71)	Acc@5 100.00 (100.00)
21-Jan-26 16:14:20 - Epoch: [41][7999/9000]	Time  0.077 ( 0.077)	Data  0.001 ( 0.001)	Loss 0.0000e+00 (1.4754e-02)	Acc@1 100.00 ( 99.74)	Acc@5 100.00 (100.00)
21-Jan-26 16:15:38 - Epoch: [41][8999/9000]	Time  0.071 ( 0.078)	Data  0.003 ( 0.001)	Loss 0.0000e+00 (1.8705e-02)	Acc@1 100.00 ( 99.72)	Acc@5 100.00 (100.00)
21-Jan-26 16:15:39 -  @Training * Acc@1 99.722 Acc@5 100.000 Loss 0.019
21-Jan-26 16:15:39 - One training epoch latency: 698.6s | Avg Power: 185.8W | Energy: 129780.3910J
21-Jan-26 16:15:49 -  @Testing * Acc@1 74.900 Acc@5 98.300 Loss 5.566
21-Jan-26 16:15:49 - Best acc at epoch 41: 74.9000015258789
21-Jan-26 16:15:49 - Last learning rate: [4.8828125e-07]
21-Jan-26 16:15:49 - 	 Epoch 42...
21-Jan-26 16:17:06 - Epoch: [42][ 999/9000]	Time  0.077 ( 0.078)	Data  0.001 ( 0.002)	Loss 0.0000e+00 (1.0201e-02)	Acc@1 100.00 ( 99.70)	Acc@5 100.00 (100.00)
21-Jan-26 16:18:24 - Epoch: [42][1999/9000]	Time  0.073 ( 0.078)	Data  0.001 ( 0.002)	Loss 0.0000e+00 (6.7464e-03)	Acc@1 100.00 ( 99.80)	Acc@5 100.00 (100.00)
21-Jan-26 16:19:41 - Epoch: [42][2999/9000]	Time  0.074 ( 0.077)	Data  0.001 ( 0.001)	Loss 0.0000e+00 (6.8972e-03)	Acc@1 100.00 ( 99.80)	Acc@5 100.00 (100.00)
21-Jan-26 16:20:58 - Epoch: [42][3999/9000]	Time  0.074 ( 0.077)	Data  0.001 ( 0.001)	Loss 0.0000e+00 (1.2133e-02)	Acc@1 100.00 ( 99.75)	Acc@5 100.00 (100.00)
21-Jan-26 16:22:16 - Epoch: [42][4999/9000]	Time  0.071 ( 0.077)	Data  0.001 ( 0.001)	Loss 0.0000e+00 (1.1530e-02)	Acc@1 100.00 ( 99.74)	Acc@5 100.00 (100.00)
21-Jan-26 16:23:33 - Epoch: [42][5999/9000]	Time  0.073 ( 0.077)	Data  0.001 ( 0.001)	Loss 0.0000e+00 (1.1077e-02)	Acc@1 100.00 ( 99.75)	Acc@5 100.00 (100.00)
21-Jan-26 16:24:51 - Epoch: [42][6999/9000]	Time  0.073 ( 0.077)	Data  0.001 ( 0.001)	Loss 0.0000e+00 (1.1428e-02)	Acc@1 100.00 ( 99.71)	Acc@5 100.00 (100.00)
21-Jan-26 16:26:08 - Epoch: [42][7999/9000]	Time  0.075 ( 0.077)	Data  0.001 ( 0.001)	Loss 0.0000e+00 (1.0754e-02)	Acc@1 100.00 ( 99.74)	Acc@5 100.00 (100.00)
21-Jan-26 16:27:25 - Epoch: [42][8999/9000]	Time  0.067 ( 0.077)	Data  0.003 ( 0.001)	Loss 0.0000e+00 (1.3444e-02)	Acc@1 100.00 ( 99.73)	Acc@5 100.00 (100.00)
21-Jan-26 16:27:25 -  @Training * Acc@1 99.733 Acc@5 100.000 Loss 0.013
21-Jan-26 16:27:25 - One training epoch latency: 696.3s | Avg Power: 188.3W | Energy: 131107.9407J
21-Jan-26 16:27:35 -  @Testing * Acc@1 74.800 Acc@5 98.600 Loss 5.611
21-Jan-26 16:27:35 - Best acc at epoch 42: 74.9000015258789
21-Jan-26 16:27:35 - Last learning rate: [4.8828125e-07]
21-Jan-26 16:27:35 - 	 Epoch 43...
21-Jan-26 16:28:53 - Epoch: [43][ 999/9000]	Time  0.075 ( 0.078)	Data  0.002 ( 0.002)	Loss 0.0000e+00 (2.6795e-02)	Acc@1 100.00 ( 99.80)	Acc@5 100.00 (100.00)
21-Jan-26 16:30:10 - Epoch: [43][1999/9000]	Time  0.082 ( 0.077)	Data  0.001 ( 0.001)	Loss 0.0000e+00 (1.6893e-02)	Acc@1 100.00 ( 99.70)	Acc@5 100.00 (100.00)
21-Jan-26 16:31:27 - Epoch: [43][2999/9000]	Time  0.077 ( 0.077)	Data  0.003 ( 0.001)	Loss 0.0000e+00 (1.2177e-02)	Acc@1 100.00 ( 99.73)	Acc@5 100.00 (100.00)
21-Jan-26 16:32:45 - Epoch: [43][3999/9000]	Time  0.071 ( 0.077)	Data  0.001 ( 0.001)	Loss 0.0000e+00 (9.1422e-03)	Acc@1 100.00 ( 99.80)	Acc@5 100.00 (100.00)
21-Jan-26 16:34:02 - Epoch: [43][4999/9000]	Time  0.081 ( 0.077)	Data  0.001 ( 0.001)	Loss 0.0000e+00 (1.0702e-02)	Acc@1 100.00 ( 99.80)	Acc@5 100.00 (100.00)
21-Jan-26 16:35:19 - Epoch: [43][5999/9000]	Time  0.123 ( 0.077)	Data  0.001 ( 0.001)	Loss 0.0000e+00 (8.9615e-03)	Acc@1 100.00 ( 99.83)	Acc@5 100.00 (100.00)
21-Jan-26 16:36:36 - Epoch: [43][6999/9000]	Time  0.072 ( 0.077)	Data  0.002 ( 0.001)	Loss 0.0000e+00 (8.1372e-03)	Acc@1 100.00 ( 99.84)	Acc@5 100.00 (100.00)
21-Jan-26 16:37:53 - Epoch: [43][7999/9000]	Time  0.075 ( 0.077)	Data  0.001 ( 0.001)	Loss 0.0000e+00 (9.4860e-03)	Acc@1 100.00 ( 99.83)	Acc@5 100.00 (100.00)
21-Jan-26 16:39:11 - Epoch: [43][8999/9000]	Time  0.063 ( 0.077)	Data  0.001 ( 0.001)	Loss 0.0000e+00 (1.1664e-02)	Acc@1 100.00 ( 99.80)	Acc@5 100.00 (100.00)
21-Jan-26 16:39:11 -  @Training * Acc@1 99.800 Acc@5 100.000 Loss 0.012
21-Jan-26 16:39:11 - One training epoch latency: 695.2s | Avg Power: 189.7W | Energy: 131886.7311J
21-Jan-26 16:39:21 -  @Testing * Acc@1 74.600 Acc@5 98.600 Loss 5.643
21-Jan-26 16:39:21 - Best acc at epoch 43: 74.9000015258789
21-Jan-26 16:39:21 - Last learning rate: [4.8828125e-07]
21-Jan-26 16:39:21 - 	 Epoch 44...
21-Jan-26 16:40:39 - Epoch: [44][ 999/9000]	Time  0.072 ( 0.077)	Data  0.001 ( 0.002)	Loss 0.0000e+00 (4.8511e-03)	Acc@1 100.00 ( 99.70)	Acc@5 100.00 (100.00)
21-Jan-26 16:41:57 - Epoch: [44][1999/9000]	Time  0.075 ( 0.078)	Data  0.001 ( 0.001)	Loss 0.0000e+00 (6.1186e-03)	Acc@1 100.00 ( 99.75)	Acc@5 100.00 (100.00)
21-Jan-26 16:43:14 - Epoch: [44][2999/9000]	Time  0.069 ( 0.078)	Data  0.001 ( 0.001)	Loss 0.0000e+00 (7.6601e-03)	Acc@1 100.00 ( 99.73)	Acc@5 100.00 (100.00)
21-Jan-26 16:44:32 - Epoch: [44][3999/9000]	Time  0.071 ( 0.078)	Data  0.001 ( 0.001)	Loss 0.0000e+00 (6.5393e-03)	Acc@1 100.00 ( 99.75)	Acc@5 100.00 (100.00)
21-Jan-26 16:45:50 - Epoch: [44][4999/9000]	Time  0.076 ( 0.078)	Data  0.001 ( 0.001)	Loss 0.0000e+00 (6.4539e-03)	Acc@1 100.00 ( 99.74)	Acc@5 100.00 (100.00)
21-Jan-26 16:47:08 - Epoch: [44][5999/9000]	Time  0.084 ( 0.078)	Data  0.003 ( 0.001)	Loss 0.0000e+00 (5.5741e-03)	Acc@1 100.00 ( 99.77)	Acc@5 100.00 (100.00)
21-Jan-26 16:48:25 - Epoch: [44][6999/9000]	Time  0.076 ( 0.078)	Data  0.001 ( 0.001)	Loss 0.0000e+00 (6.1456e-03)	Acc@1 100.00 ( 99.76)	Acc@5 100.00 (100.00)
21-Jan-26 16:49:43 - Epoch: [44][7999/9000]	Time  0.079 ( 0.078)	Data  0.001 ( 0.001)	Loss 0.0000e+00 (6.5317e-03)	Acc@1 100.00 ( 99.75)	Acc@5 100.00 (100.00)
21-Jan-26 16:51:01 - Epoch: [44][8999/9000]	Time  0.071 ( 0.078)	Data  0.001 ( 0.001)	Loss 0.0000e+00 (6.5927e-03)	Acc@1 100.00 ( 99.77)	Acc@5 100.00 (100.00)
21-Jan-26 16:51:01 -  @Training * Acc@1 99.767 Acc@5 100.000 Loss 0.007
21-Jan-26 16:51:01 - One training epoch latency: 699.1s | Avg Power: 189.2W | Energy: 132262.0028J
21-Jan-26 16:51:11 -  @Testing * Acc@1 74.100 Acc@5 98.200 Loss 5.695
21-Jan-26 16:51:11 - Best acc at epoch 44: 74.9000015258789
21-Jan-26 16:51:11 - Last learning rate: [4.8828125e-07]
21-Jan-26 16:51:11 - 	 Epoch 45...
21-Jan-26 16:52:29 - Epoch: [45][ 999/9000]	Time  0.073 ( 0.078)	Data  0.001 ( 0.002)	Loss 0.0000e+00 (4.2038e-03)	Acc@1 100.00 ( 99.80)	Acc@5 100.00 (100.00)
21-Jan-26 16:53:48 - Epoch: [45][1999/9000]	Time  0.073 ( 0.078)	Data  0.001 ( 0.002)	Loss 0.0000e+00 (6.5484e-03)	Acc@1 100.00 ( 99.85)	Acc@5 100.00 (100.00)
21-Jan-26 16:55:06 - Epoch: [45][2999/9000]	Time  0.075 ( 0.078)	Data  0.002 ( 0.002)	Loss 1.5497e-06 (5.1407e-03)	Acc@1 100.00 ( 99.87)	Acc@5 100.00 (100.00)
21-Jan-26 16:56:23 - Epoch: [45][3999/9000]	Time  0.072 ( 0.078)	Data  0.001 ( 0.001)	Loss 0.0000e+00 (5.5638e-03)	Acc@1 100.00 ( 99.88)	Acc@5 100.00 (100.00)
21-Jan-26 16:57:41 - Epoch: [45][4999/9000]	Time  0.078 ( 0.078)	Data  0.002 ( 0.001)	Loss 0.0000e+00 (6.4080e-03)	Acc@1 100.00 ( 99.84)	Acc@5 100.00 (100.00)
21-Jan-26 16:58:58 - Epoch: [45][5999/9000]	Time  0.070 ( 0.078)	Data  0.001 ( 0.001)	Loss 0.0000e+00 (7.2621e-03)	Acc@1 100.00 ( 99.85)	Acc@5 100.00 (100.00)
21-Jan-26 17:00:16 - Epoch: [45][6999/9000]	Time  0.070 ( 0.078)	Data  0.001 ( 0.001)	Loss 0.0000e+00 (1.0674e-02)	Acc@1 100.00 ( 99.81)	Acc@5 100.00 (100.00)
21-Jan-26 17:01:33 - Epoch: [45][7999/9000]	Time  0.069 ( 0.078)	Data  0.001 ( 0.001)	Loss 0.0000e+00 (1.0765e-02)	Acc@1 100.00 ( 99.80)	Acc@5 100.00 (100.00)
21-Jan-26 17:02:50 - Epoch: [45][8999/9000]	Time  0.068 ( 0.078)	Data  0.001 ( 0.001)	Loss 0.0000e+00 (1.2820e-02)	Acc@1 100.00 ( 99.74)	Acc@5 100.00 (100.00)
21-Jan-26 17:02:50 -  @Training * Acc@1 99.744 Acc@5 100.000 Loss 0.013
21-Jan-26 17:02:50 - One training epoch latency: 699.3s | Avg Power: 188.9W | Energy: 132066.1734J
21-Jan-26 17:03:01 -  @Testing * Acc@1 75.100 Acc@5 98.200 Loss 5.617
21-Jan-26 17:03:01 - Best acc at epoch 45: 75.10000610351562
21-Jan-26 17:03:01 - Last learning rate: [4.8828125e-07]
21-Jan-26 17:03:01 - 	 Epoch 46...
21-Jan-26 17:04:19 - Epoch: [46][ 999/9000]	Time  0.067 ( 0.078)	Data  0.001 ( 0.002)	Loss 0.0000e+00 (7.4265e-03)	Acc@1 100.00 ( 99.80)	Acc@5 100.00 (100.00)
21-Jan-26 17:05:36 - Epoch: [46][1999/9000]	Time  0.069 ( 0.078)	Data  0.001 ( 0.002)	Loss 0.0000e+00 (1.1455e-02)	Acc@1 100.00 ( 99.80)	Acc@5 100.00 (100.00)
21-Jan-26 17:06:54 - Epoch: [46][2999/9000]	Time  0.070 ( 0.078)	Data  0.002 ( 0.002)	Loss 0.0000e+00 (7.8558e-03)	Acc@1 100.00 ( 99.87)	Acc@5 100.00 (100.00)
21-Jan-26 17:08:11 - Epoch: [46][3999/9000]	Time  0.100 ( 0.077)	Data  0.001 ( 0.001)	Loss 0.0000e+00 (8.5563e-03)	Acc@1 100.00 ( 99.85)	Acc@5 100.00 (100.00)
21-Jan-26 17:09:29 - Epoch: [46][4999/9000]	Time  0.078 ( 0.077)	Data  0.003 ( 0.001)	Loss 0.0000e+00 (1.1701e-02)	Acc@1 100.00 ( 99.80)	Acc@5 100.00 (100.00)
21-Jan-26 17:10:45 - Epoch: [46][5999/9000]	Time  0.066 ( 0.077)	Data  0.001 ( 0.001)	Loss 0.0000e+00 (1.6277e-02)	Acc@1 100.00 ( 99.73)	Acc@5 100.00 (100.00)
21-Jan-26 17:12:03 - Epoch: [46][6999/9000]	Time  0.083 ( 0.077)	Data  0.001 ( 0.001)	Loss 0.0000e+00 (1.8762e-02)	Acc@1 100.00 ( 99.71)	Acc@5 100.00 (100.00)
21-Jan-26 17:13:20 - Epoch: [46][7999/9000]	Time  0.111 ( 0.077)	Data  0.007 ( 0.001)	Loss 0.0000e+00 (1.6476e-02)	Acc@1 100.00 ( 99.75)	Acc@5 100.00 (100.00)
21-Jan-26 17:14:37 - Epoch: [46][8999/9000]	Time  0.091 ( 0.077)	Data  0.002 ( 0.001)	Loss 0.0000e+00 (1.7185e-02)	Acc@1 100.00 ( 99.73)	Acc@5 100.00 (100.00)
21-Jan-26 17:14:37 -  @Training * Acc@1 99.733 Acc@5 100.000 Loss 0.017
21-Jan-26 17:14:37 - One training epoch latency: 696.1s | Avg Power: 189.3W | Energy: 131767.3483J
21-Jan-26 17:14:48 -  @Testing * Acc@1 73.800 Acc@5 98.700 Loss 5.830
21-Jan-26 17:14:48 - Best acc at epoch 46: 75.10000610351562
21-Jan-26 17:14:48 - Last learning rate: [4.8828125e-07]
21-Jan-26 17:14:48 - 	 Epoch 47...
21-Jan-26 17:16:05 - Epoch: [47][ 999/9000]	Time  0.083 ( 0.078)	Data  0.001 ( 0.002)	Loss 0.0000e+00 (2.8223e-02)	Acc@1 100.00 ( 99.50)	Acc@5 100.00 (100.00)
21-Jan-26 17:17:23 - Epoch: [47][1999/9000]	Time  0.075 ( 0.078)	Data  0.001 ( 0.001)	Loss 0.0000e+00 (3.2151e-02)	Acc@1 100.00 ( 99.45)	Acc@5 100.00 (100.00)
21-Jan-26 17:18:40 - Epoch: [47][2999/9000]	Time  0.086 ( 0.078)	Data  0.002 ( 0.001)	Loss 0.0000e+00 (2.8477e-02)	Acc@1 100.00 ( 99.53)	Acc@5 100.00 (100.00)
21-Jan-26 17:19:57 - Epoch: [47][3999/9000]	Time  0.079 ( 0.077)	Data  0.002 ( 0.001)	Loss 0.0000e+00 (2.1608e-02)	Acc@1 100.00 ( 99.63)	Acc@5 100.00 (100.00)
21-Jan-26 17:21:14 - Epoch: [47][4999/9000]	Time  0.070 ( 0.077)	Data  0.001 ( 0.001)	Loss 0.0000e+00 (1.9511e-02)	Acc@1 100.00 ( 99.66)	Acc@5 100.00 (100.00)
21-Jan-26 17:22:32 - Epoch: [47][5999/9000]	Time  0.069 ( 0.077)	Data  0.001 ( 0.001)	Loss 0.0000e+00 (2.0515e-02)	Acc@1 100.00 ( 99.70)	Acc@5 100.00 (100.00)
21-Jan-26 17:23:49 - Epoch: [47][6999/9000]	Time  0.075 ( 0.077)	Data  0.001 ( 0.001)	Loss 1.5482e-03 (1.8106e-02)	Acc@1 100.00 ( 99.71)	Acc@5 100.00 (100.00)
21-Jan-26 17:25:06 - Epoch: [47][7999/9000]	Time  0.078 ( 0.077)	Data  0.001 ( 0.001)	Loss 0.0000e+00 (1.8355e-02)	Acc@1 100.00 ( 99.74)	Acc@5 100.00 (100.00)
21-Jan-26 17:26:23 - Epoch: [47][8999/9000]	Time  0.077 ( 0.077)	Data  0.002 ( 0.001)	Loss 0.0000e+00 (1.6572e-02)	Acc@1 100.00 ( 99.76)	Acc@5 100.00 (100.00)
21-Jan-26 17:26:23 -  @Training * Acc@1 99.756 Acc@5 100.000 Loss 0.017
21-Jan-26 17:26:23 - One training epoch latency: 695.8s | Avg Power: 189.5W | Energy: 131870.1850J
21-Jan-26 17:26:34 -  @Testing * Acc@1 74.800 Acc@5 98.300 Loss 5.745
21-Jan-26 17:26:34 - Best acc at epoch 47: 75.10000610351562
21-Jan-26 17:26:34 - Last learning rate: [2.44140625e-07]
21-Jan-26 17:26:34 - 	 Epoch 48...
21-Jan-26 17:27:52 - Epoch: [48][ 999/9000]	Time  0.077 ( 0.078)	Data  0.001 ( 0.002)	Loss 0.0000e+00 (1.9068e-03)	Acc@1 100.00 ( 99.90)	Acc@5 100.00 (100.00)
21-Jan-26 17:29:09 - Epoch: [48][1999/9000]	Time  0.071 ( 0.078)	Data  0.001 ( 0.001)	Loss 0.0000e+00 (4.9788e-03)	Acc@1 100.00 ( 99.75)	Acc@5 100.00 (100.00)
21-Jan-26 17:30:26 - Epoch: [48][2999/9000]	Time  0.072 ( 0.078)	Data  0.001 ( 0.001)	Loss 0.0000e+00 (3.5071e-03)	Acc@1 100.00 ( 99.83)	Acc@5 100.00 (100.00)
21-Jan-26 17:31:44 - Epoch: [48][3999/9000]	Time  0.067 ( 0.078)	Data  0.001 ( 0.001)	Loss 0.0000e+00 (9.7866e-03)	Acc@1 100.00 ( 99.78)	Acc@5 100.00 (100.00)
21-Jan-26 17:33:01 - Epoch: [48][4999/9000]	Time  0.074 ( 0.077)	Data  0.001 ( 0.001)	Loss 0.0000e+00 (8.8430e-03)	Acc@1 100.00 ( 99.80)	Acc@5 100.00 (100.00)
21-Jan-26 17:34:18 - Epoch: [48][5999/9000]	Time  0.072 ( 0.077)	Data  0.001 ( 0.001)	Loss 0.0000e+00 (7.3717e-03)	Acc@1 100.00 ( 99.83)	Acc@5 100.00 (100.00)
21-Jan-26 17:35:35 - Epoch: [48][6999/9000]	Time  0.081 ( 0.077)	Data  0.001 ( 0.001)	Loss 0.0000e+00 (8.3567e-03)	Acc@1 100.00 ( 99.81)	Acc@5 100.00 (100.00)
21-Jan-26 17:36:53 - Epoch: [48][7999/9000]	Time  0.075 ( 0.077)	Data  0.001 ( 0.001)	Loss 0.0000e+00 (9.3552e-03)	Acc@1 100.00 ( 99.83)	Acc@5 100.00 (100.00)
21-Jan-26 17:38:09 - Epoch: [48][8999/9000]	Time  0.057 ( 0.077)	Data  0.001 ( 0.001)	Loss 0.0000e+00 (9.5929e-03)	Acc@1 100.00 ( 99.80)	Acc@5 100.00 (100.00)
21-Jan-26 17:38:10 -  @Training * Acc@1 99.800 Acc@5 100.000 Loss 0.010
21-Jan-26 17:38:10 - One training epoch latency: 695.9s | Avg Power: 189.6W | Energy: 131950.6339J
21-Jan-26 17:38:20 -  @Testing * Acc@1 74.800 Acc@5 98.600 Loss 5.635
21-Jan-26 17:38:20 - Best acc at epoch 48: 75.10000610351562
21-Jan-26 17:38:20 - Last learning rate: [2.44140625e-07]
21-Jan-26 17:38:20 - 	 Epoch 49...
21-Jan-26 17:39:38 - Epoch: [49][ 999/9000]	Time  0.079 ( 0.078)	Data  0.001 ( 0.002)	Loss 0.0000e+00 (6.1957e-03)	Acc@1 100.00 ( 99.80)	Acc@5 100.00 (100.00)
21-Jan-26 17:40:55 - Epoch: [49][1999/9000]	Time  0.066 ( 0.078)	Data  0.001 ( 0.002)	Loss 0.0000e+00 (1.1867e-02)	Acc@1 100.00 ( 99.85)	Acc@5 100.00 (100.00)
21-Jan-26 17:42:13 - Epoch: [49][2999/9000]	Time  0.077 ( 0.077)	Data  0.001 ( 0.001)	Loss 0.0000e+00 (1.0530e-02)	Acc@1 100.00 ( 99.87)	Acc@5 100.00 (100.00)
21-Jan-26 17:43:30 - Epoch: [49][3999/9000]	Time  0.075 ( 0.077)	Data  0.001 ( 0.001)	Loss 0.0000e+00 (1.0698e-02)	Acc@1 100.00 ( 99.85)	Acc@5 100.00 (100.00)
21-Jan-26 17:44:47 - Epoch: [49][4999/9000]	Time  0.074 ( 0.077)	Data  0.001 ( 0.001)	Loss 6.3763e-03 (9.4839e-03)	Acc@1 100.00 ( 99.82)	Acc@5 100.00 (100.00)
21-Jan-26 17:46:04 - Epoch: [49][5999/9000]	Time  0.080 ( 0.077)	Data  0.001 ( 0.001)	Loss 0.0000e+00 (8.3207e-03)	Acc@1 100.00 ( 99.83)	Acc@5 100.00 (100.00)
21-Jan-26 17:47:21 - Epoch: [49][6999/9000]	Time  0.066 ( 0.077)	Data  0.001 ( 0.001)	Loss 0.0000e+00 (8.6077e-03)	Acc@1 100.00 ( 99.84)	Acc@5 100.00 (100.00)
21-Jan-26 17:48:39 - Epoch: [49][7999/9000]	Time  0.072 ( 0.077)	Data  0.002 ( 0.001)	Loss 0.0000e+00 (1.0375e-02)	Acc@1 100.00 ( 99.83)	Acc@5 100.00 (100.00)
21-Jan-26 17:49:56 - Epoch: [49][8999/9000]	Time  0.065 ( 0.077)	Data  0.001 ( 0.001)	Loss 0.0000e+00 (9.7597e-03)	Acc@1 100.00 ( 99.83)	Acc@5 100.00 (100.00)
21-Jan-26 17:49:57 -  @Training * Acc@1 99.833 Acc@5 100.000 Loss 0.010
21-Jan-26 17:49:57 - One training epoch latency: 696.3s | Avg Power: 189.6W | Energy: 132030.1475J
21-Jan-26 17:50:06 -  @Testing * Acc@1 74.200 Acc@5 98.600 Loss 5.638
21-Jan-26 17:50:06 - Best acc at epoch 49: 75.10000610351562
21-Jan-26 17:50:06 - Last learning rate: [2.44140625e-07]
21-Jan-26 17:50:06 - 	 Epoch 50...
21-Jan-26 17:51:24 - Epoch: [50][ 999/9000]	Time  0.078 ( 0.078)	Data  0.001 ( 0.002)	Loss 0.0000e+00 (1.8253e-03)	Acc@1 100.00 ( 99.90)	Acc@5 100.00 (100.00)
21-Jan-26 17:52:42 - Epoch: [50][1999/9000]	Time  0.073 ( 0.078)	Data  0.001 ( 0.002)	Loss 0.0000e+00 (5.5660e-03)	Acc@1 100.00 ( 99.80)	Acc@5 100.00 (100.00)
21-Jan-26 17:53:59 - Epoch: [50][2999/9000]	Time  0.073 ( 0.077)	Data  0.001 ( 0.001)	Loss 0.0000e+00 (7.3765e-03)	Acc@1 100.00 ( 99.77)	Acc@5 100.00 (100.00)
21-Jan-26 17:55:16 - Epoch: [50][3999/9000]	Time  0.078 ( 0.077)	Data  0.001 ( 0.001)	Loss 0.0000e+00 (8.2698e-03)	Acc@1 100.00 ( 99.80)	Acc@5 100.00 (100.00)
21-Jan-26 17:56:33 - Epoch: [50][4999/9000]	Time  0.075 ( 0.077)	Data  0.002 ( 0.001)	Loss 0.0000e+00 (9.6587e-03)	Acc@1 100.00 ( 99.82)	Acc@5 100.00 (100.00)
21-Jan-26 17:57:51 - Epoch: [50][5999/9000]	Time  0.070 ( 0.077)	Data  0.001 ( 0.001)	Loss 0.0000e+00 (8.0805e-03)	Acc@1 100.00 ( 99.85)	Acc@5 100.00 (100.00)
21-Jan-26 17:59:08 - Epoch: [50][6999/9000]	Time  0.082 ( 0.077)	Data  0.002 ( 0.001)	Loss 0.0000e+00 (7.4968e-03)	Acc@1 100.00 ( 99.86)	Acc@5 100.00 (100.00)
21-Jan-26 18:00:25 - Epoch: [50][7999/9000]	Time  0.079 ( 0.077)	Data  0.001 ( 0.001)	Loss 0.0000e+00 (7.6755e-03)	Acc@1 100.00 ( 99.85)	Acc@5 100.00 (100.00)
21-Jan-26 18:01:43 - Epoch: [50][8999/9000]	Time  0.063 ( 0.077)	Data  0.001 ( 0.001)	Loss 0.0000e+00 (6.9602e-03)	Acc@1 100.00 ( 99.86)	Acc@5 100.00 (100.00)
21-Jan-26 18:01:43 -  @Training * Acc@1 99.856 Acc@5 100.000 Loss 0.007
21-Jan-26 18:01:43 - One training epoch latency: 696.8s | Avg Power: 189.3W | Energy: 131877.5601J
21-Jan-26 18:01:54 -  @Testing * Acc@1 74.300 Acc@5 98.600 Loss 5.782
21-Jan-26 18:01:54 - Best acc at epoch 50: 75.10000610351562
21-Jan-26 18:01:54 - Last learning rate: [2.44140625e-07]
21-Jan-26 18:01:54 - 	 Epoch 51...
21-Jan-26 18:03:11 - Epoch: [51][ 999/9000]	Time  0.084 ( 0.077)	Data  0.002 ( 0.002)	Loss 0.0000e+00 (1.0722e-03)	Acc@1 100.00 (100.00)	Acc@5 100.00 (100.00)
21-Jan-26 18:04:28 - Epoch: [51][1999/9000]	Time  0.081 ( 0.077)	Data  0.001 ( 0.001)	Loss 0.0000e+00 (7.6684e-03)	Acc@1 100.00 ( 99.80)	Acc@5 100.00 (100.00)
21-Jan-26 18:05:45 - Epoch: [51][2999/9000]	Time  0.073 ( 0.077)	Data  0.002 ( 0.001)	Loss 0.0000e+00 (7.3994e-03)	Acc@1 100.00 ( 99.80)	Acc@5 100.00 (100.00)
21-Jan-26 18:07:03 - Epoch: [51][3999/9000]	Time  0.072 ( 0.077)	Data  0.001 ( 0.001)	Loss 2.3842e-07 (7.5499e-03)	Acc@1 100.00 ( 99.80)	Acc@5 100.00 (100.00)
21-Jan-26 18:08:20 - Epoch: [51][4999/9000]	Time  0.068 ( 0.077)	Data  0.001 ( 0.001)	Loss 0.0000e+00 (6.9145e-03)	Acc@1 100.00 ( 99.82)	Acc@5 100.00 (100.00)
21-Jan-26 18:09:37 - Epoch: [51][5999/9000]	Time  0.074 ( 0.077)	Data  0.001 ( 0.001)	Loss 0.0000e+00 (7.2143e-03)	Acc@1 100.00 ( 99.83)	Acc@5 100.00 (100.00)
21-Jan-26 18:10:55 - Epoch: [51][6999/9000]	Time  0.073 ( 0.077)	Data  0.001 ( 0.001)	Loss 0.0000e+00 (7.7535e-03)	Acc@1 100.00 ( 99.81)	Acc@5 100.00 (100.00)
21-Jan-26 18:12:12 - Epoch: [51][7999/9000]	Time  0.079 ( 0.077)	Data  0.001 ( 0.001)	Loss 0.0000e+00 (8.0459e-03)	Acc@1 100.00 ( 99.81)	Acc@5 100.00 (100.00)
21-Jan-26 18:13:30 - Epoch: [51][8999/9000]	Time  0.069 ( 0.077)	Data  0.003 ( 0.001)	Loss 0.0000e+00 (8.0401e-03)	Acc@1 100.00 ( 99.80)	Acc@5 100.00 (100.00)
21-Jan-26 18:13:30 -  @Training * Acc@1 99.800 Acc@5 100.000 Loss 0.008
21-Jan-26 18:13:30 - One training epoch latency: 696.5s | Avg Power: 189.2W | Energy: 131803.8916J
21-Jan-26 18:13:41 -  @Testing * Acc@1 74.600 Acc@5 98.900 Loss 5.696
21-Jan-26 18:13:41 - Best acc at epoch 51: 75.10000610351562
21-Jan-26 18:13:41 - Last learning rate: [2.44140625e-07]
21-Jan-26 18:13:41 - 	 Epoch 52...
21-Jan-26 18:14:59 - Epoch: [52][ 999/9000]	Time  0.068 ( 0.078)	Data  0.001 ( 0.002)	Loss 0.0000e+00 (6.9170e-03)	Acc@1 100.00 ( 99.90)	Acc@5 100.00 (100.00)
21-Jan-26 18:16:15 - Epoch: [52][1999/9000]	Time  0.079 ( 0.077)	Data  0.001 ( 0.001)	Loss 0.0000e+00 (1.1510e-02)	Acc@1 100.00 ( 99.85)	Acc@5 100.00 (100.00)
21-Jan-26 18:17:31 - Epoch: [52][2999/9000]	Time  0.078 ( 0.077)	Data  0.001 ( 0.001)	Loss 0.0000e+00 (1.0466e-02)	Acc@1 100.00 ( 99.80)	Acc@5 100.00 (100.00)
21-Jan-26 18:18:48 - Epoch: [52][3999/9000]	Time  0.071 ( 0.077)	Data  0.001 ( 0.001)	Loss 0.0000e+00 (8.2724e-03)	Acc@1 100.00 ( 99.83)	Acc@5 100.00 (100.00)
21-Jan-26 18:20:04 - Epoch: [52][4999/9000]	Time  0.075 ( 0.077)	Data  0.001 ( 0.001)	Loss 0.0000e+00 (9.1225e-03)	Acc@1 100.00 ( 99.80)	Acc@5 100.00 (100.00)
21-Jan-26 18:21:21 - Epoch: [52][5999/9000]	Time  0.075 ( 0.077)	Data  0.001 ( 0.001)	Loss 0.0000e+00 (8.5305e-03)	Acc@1 100.00 ( 99.80)	Acc@5 100.00 (100.00)
21-Jan-26 18:22:37 - Epoch: [52][6999/9000]	Time  0.099 ( 0.077)	Data  0.001 ( 0.001)	Loss 0.0000e+00 (8.0451e-03)	Acc@1 100.00 ( 99.80)	Acc@5 100.00 (100.00)
21-Jan-26 18:23:53 - Epoch: [52][7999/9000]	Time  0.066 ( 0.077)	Data  0.001 ( 0.001)	Loss 0.0000e+00 (7.6314e-03)	Acc@1 100.00 ( 99.79)	Acc@5 100.00 (100.00)
21-Jan-26 18:25:10 - Epoch: [52][8999/9000]	Time  0.066 ( 0.077)	Data  0.001 ( 0.001)	Loss 0.0000e+00 (7.0412e-03)	Acc@1 100.00 ( 99.80)	Acc@5 100.00 (100.00)
21-Jan-26 18:25:10 -  @Training * Acc@1 99.800 Acc@5 100.000 Loss 0.007
21-Jan-26 18:25:10 - One training epoch latency: 688.8s | Avg Power: 190.3W | Energy: 131104.9691J
21-Jan-26 18:25:20 -  @Testing * Acc@1 74.500 Acc@5 98.700 Loss 5.763
21-Jan-26 18:25:20 - Best acc at epoch 52: 75.10000610351562
21-Jan-26 18:25:20 - Last learning rate: [2.44140625e-07]
21-Jan-26 18:25:20 - 	 Epoch 53...
21-Jan-26 18:26:37 - Epoch: [53][ 999/9000]	Time  0.073 ( 0.077)	Data  0.001 ( 0.002)	Loss 0.0000e+00 (2.9912e-03)	Acc@1 100.00 ( 99.90)	Acc@5 100.00 (100.00)
21-Jan-26 18:27:53 - Epoch: [53][1999/9000]	Time  0.080 ( 0.076)	Data  0.001 ( 0.001)	Loss 0.0000e+00 (1.6516e-03)	Acc@1 100.00 ( 99.95)	Acc@5 100.00 (100.00)
21-Jan-26 18:29:10 - Epoch: [53][2999/9000]	Time  0.075 ( 0.077)	Data  0.001 ( 0.001)	Loss 0.0000e+00 (1.2676e-03)	Acc@1 100.00 ( 99.97)	Acc@5 100.00 (100.00)
21-Jan-26 18:30:25 - Epoch: [53][3999/9000]	Time  0.079 ( 0.076)	Data  0.001 ( 0.001)	Loss 0.0000e+00 (3.3614e-03)	Acc@1 100.00 ( 99.93)	Acc@5 100.00 (100.00)
21-Jan-26 18:31:42 - Epoch: [53][4999/9000]	Time  0.071 ( 0.076)	Data  0.001 ( 0.001)	Loss 0.0000e+00 (4.0731e-03)	Acc@1 100.00 ( 99.90)	Acc@5 100.00 (100.00)
21-Jan-26 18:32:58 - Epoch: [53][5999/9000]	Time  0.078 ( 0.076)	Data  0.001 ( 0.001)	Loss 0.0000e+00 (3.5249e-03)	Acc@1 100.00 ( 99.90)	Acc@5 100.00 (100.00)
21-Jan-26 18:34:14 - Epoch: [53][6999/9000]	Time  0.074 ( 0.076)	Data  0.001 ( 0.001)	Loss 0.0000e+00 (4.5899e-03)	Acc@1 100.00 ( 99.89)	Acc@5 100.00 (100.00)
21-Jan-26 18:35:30 - Epoch: [53][7999/9000]	Time  0.067 ( 0.076)	Data  0.001 ( 0.001)	Loss 0.0000e+00 (4.8745e-03)	Acc@1 100.00 ( 99.89)	Acc@5 100.00 (100.00)
21-Jan-26 18:36:46 - Epoch: [53][8999/9000]	Time  0.058 ( 0.076)	Data  0.001 ( 0.001)	Loss 0.0000e+00 (5.0802e-03)	Acc@1 100.00 ( 99.88)	Acc@5 100.00 (100.00)
21-Jan-26 18:36:47 -  @Training * Acc@1 99.878 Acc@5 100.000 Loss 0.005
21-Jan-26 18:36:47 - One training epoch latency: 686.5s | Avg Power: 190.9W | Energy: 131033.5454J
21-Jan-26 18:36:57 -  @Testing * Acc@1 74.600 Acc@5 98.500 Loss 5.766
21-Jan-26 18:36:57 - Best acc at epoch 53: 75.10000610351562
21-Jan-26 18:36:57 - Last learning rate: [1.220703125e-07]
21-Jan-26 18:36:57 - 	 Epoch 54...
21-Jan-26 18:38:14 - Epoch: [54][ 999/9000]	Time  0.076 ( 0.077)	Data  0.002 ( 0.002)	Loss 0.0000e+00 (1.6628e-02)	Acc@1 100.00 ( 99.60)	Acc@5 100.00 (100.00)
21-Jan-26 18:39:30 - Epoch: [54][1999/9000]	Time  0.066 ( 0.077)	Data  0.001 ( 0.001)	Loss 0.0000e+00 (1.0037e-02)	Acc@1 100.00 ( 99.75)	Acc@5 100.00 (100.00)
21-Jan-26 18:40:47 - Epoch: [54][2999/9000]	Time  0.080 ( 0.077)	Data  0.002 ( 0.001)	Loss 0.0000e+00 (1.2171e-02)	Acc@1 100.00 ( 99.77)	Acc@5 100.00 (100.00)
21-Jan-26 18:42:05 - Epoch: [54][3999/9000]	Time  0.071 ( 0.077)	Data  0.001 ( 0.001)	Loss 0.0000e+00 (1.1688e-02)	Acc@1 100.00 ( 99.80)	Acc@5 100.00 (100.00)
21-Jan-26 18:43:22 - Epoch: [54][4999/9000]	Time  0.070 ( 0.077)	Data  0.001 ( 0.001)	Loss 0.0000e+00 (9.3639e-03)	Acc@1 100.00 ( 99.84)	Acc@5 100.00 (100.00)
21-Jan-26 18:44:39 - Epoch: [54][5999/9000]	Time  0.074 ( 0.077)	Data  0.001 ( 0.001)	Loss 0.0000e+00 (8.3422e-03)	Acc@1 100.00 ( 99.85)	Acc@5 100.00 (100.00)
21-Jan-26 18:45:56 - Epoch: [54][6999/9000]	Time  0.071 ( 0.077)	Data  0.001 ( 0.001)	Loss 0.0000e+00 (1.1378e-02)	Acc@1 100.00 ( 99.83)	Acc@5 100.00 (100.00)
21-Jan-26 18:47:13 - Epoch: [54][7999/9000]	Time  0.070 ( 0.077)	Data  0.001 ( 0.001)	Loss 0.0000e+00 (9.9567e-03)	Acc@1 100.00 ( 99.85)	Acc@5 100.00 (100.00)
21-Jan-26 18:48:30 - Epoch: [54][8999/9000]	Time  0.070 ( 0.077)	Data  0.001 ( 0.001)	Loss 0.0000e+00 (9.5988e-03)	Acc@1 100.00 ( 99.86)	Acc@5 100.00 (100.00)
21-Jan-26 18:48:30 -  @Training * Acc@1 99.856 Acc@5 100.000 Loss 0.010
21-Jan-26 18:48:31 - One training epoch latency: 693.3s | Avg Power: 189.8W | Energy: 131598.6013J
21-Jan-26 18:48:41 -  @Testing * Acc@1 74.100 Acc@5 98.700 Loss 5.756
21-Jan-26 18:48:41 - Best acc at epoch 54: 75.10000610351562
21-Jan-26 18:48:41 - Last learning rate: [1.220703125e-07]
21-Jan-26 18:48:41 - 	 Epoch 55...
21-Jan-26 18:49:59 - Epoch: [55][ 999/9000]	Time  0.077 ( 0.078)	Data  0.002 ( 0.002)	Loss 0.0000e+00 (5.0208e-03)	Acc@1 100.00 ( 99.80)	Acc@5 100.00 (100.00)
21-Jan-26 18:51:17 - Epoch: [55][1999/9000]	Time  0.073 ( 0.078)	Data  0.001 ( 0.002)	Loss 0.0000e+00 (2.5719e-03)	Acc@1 100.00 ( 99.90)	Acc@5 100.00 (100.00)
21-Jan-26 18:52:34 - Epoch: [55][2999/9000]	Time  0.073 ( 0.078)	Data  0.001 ( 0.001)	Loss 0.0000e+00 (4.2435e-03)	Acc@1 100.00 ( 99.83)	Acc@5 100.00 (100.00)
21-Jan-26 18:53:51 - Epoch: [55][3999/9000]	Time  0.074 ( 0.078)	Data  0.002 ( 0.001)	Loss 0.0000e+00 (3.9264e-03)	Acc@1 100.00 ( 99.85)	Acc@5 100.00 (100.00)
21-Jan-26 18:55:08 - Epoch: [55][4999/9000]	Time  0.084 ( 0.078)	Data  0.001 ( 0.001)	Loss 0.0000e+00 (3.4527e-03)	Acc@1 100.00 ( 99.86)	Acc@5 100.00 (100.00)
21-Jan-26 18:56:26 - Epoch: [55][5999/9000]	Time  0.108 ( 0.078)	Data  0.001 ( 0.001)	Loss 0.0000e+00 (5.9328e-03)	Acc@1 100.00 ( 99.82)	Acc@5 100.00 (100.00)
21-Jan-26 18:57:44 - Epoch: [55][6999/9000]	Time  0.084 ( 0.078)	Data  0.002 ( 0.001)	Loss 0.0000e+00 (6.0076e-03)	Acc@1 100.00 ( 99.83)	Acc@5 100.00 (100.00)
21-Jan-26 18:59:01 - Epoch: [55][7999/9000]	Time  0.074 ( 0.077)	Data  0.002 ( 0.001)	Loss 0.0000e+00 (5.6401e-03)	Acc@1 100.00 ( 99.84)	Acc@5 100.00 (100.00)
21-Jan-26 19:00:18 - Epoch: [55][8999/9000]	Time  0.059 ( 0.077)	Data  0.001 ( 0.001)	Loss 0.0000e+00 (5.8619e-03)	Acc@1 100.00 ( 99.84)	Acc@5 100.00 (100.00)
21-Jan-26 19:00:18 -  @Training * Acc@1 99.844 Acc@5 100.000 Loss 0.006
21-Jan-26 19:00:18 - One training epoch latency: 697.3s | Avg Power: 189.1W | Energy: 131822.9603J
21-Jan-26 19:00:29 -  @Testing * Acc@1 74.700 Acc@5 98.700 Loss 5.687
21-Jan-26 19:00:29 - Best acc at epoch 55: 75.10000610351562
21-Jan-26 19:00:29 - Last learning rate: [1.220703125e-07]
21-Jan-26 19:00:29 - 	 Epoch 56...
21-Jan-26 19:01:47 - Epoch: [56][ 999/9000]	Time  0.079 ( 0.078)	Data  0.001 ( 0.002)	Loss 0.0000e+00 (2.4898e-04)	Acc@1 100.00 (100.00)	Acc@5 100.00 (100.00)
21-Jan-26 19:03:04 - Epoch: [56][1999/9000]	Time  0.076 ( 0.078)	Data  0.001 ( 0.001)	Loss 0.0000e+00 (8.9418e-03)	Acc@1 100.00 ( 99.80)	Acc@5 100.00 (100.00)
21-Jan-26 19:04:21 - Epoch: [56][2999/9000]	Time  0.080 ( 0.077)	Data  0.001 ( 0.001)	Loss 0.0000e+00 (6.2093e-03)	Acc@1 100.00 ( 99.83)	Acc@5 100.00 (100.00)
21-Jan-26 19:05:38 - Epoch: [56][3999/9000]	Time  0.081 ( 0.077)	Data  0.001 ( 0.001)	Loss 0.0000e+00 (7.8874e-03)	Acc@1 100.00 ( 99.83)	Acc@5 100.00 (100.00)
21-Jan-26 19:06:56 - Epoch: [56][4999/9000]	Time  0.067 ( 0.077)	Data  0.001 ( 0.001)	Loss 0.0000e+00 (1.3461e-02)	Acc@1 100.00 ( 99.82)	Acc@5 100.00 (100.00)
21-Jan-26 19:08:13 - Epoch: [56][5999/9000]	Time  0.077 ( 0.077)	Data  0.001 ( 0.001)	Loss 3.2908e-04 (1.1296e-02)	Acc@1 100.00 ( 99.85)	Acc@5 100.00 (100.00)
21-Jan-26 19:09:31 - Epoch: [56][6999/9000]	Time  0.076 ( 0.077)	Data  0.001 ( 0.001)	Loss 2.1100e-05 (1.0285e-02)	Acc@1 100.00 ( 99.86)	Acc@5 100.00 (100.00)
21-Jan-26 19:10:48 - Epoch: [56][7999/9000]	Time  0.088 ( 0.077)	Data  0.001 ( 0.001)	Loss 0.0000e+00 (9.8750e-03)	Acc@1 100.00 ( 99.85)	Acc@5 100.00 (100.00)
21-Jan-26 19:12:05 - Epoch: [56][8999/9000]	Time  0.069 ( 0.077)	Data  0.001 ( 0.001)	Loss 1.2517e-05 (8.8652e-03)	Acc@1 100.00 ( 99.86)	Acc@5 100.00 (100.00)
21-Jan-26 19:12:06 -  @Training * Acc@1 99.856 Acc@5 100.000 Loss 0.009
21-Jan-26 19:12:06 - One training epoch latency: 696.9s | Avg Power: 189.1W | Energy: 131817.2838J
21-Jan-26 19:12:16 -  @Testing * Acc@1 73.500 Acc@5 98.900 Loss 5.712
21-Jan-26 19:12:16 - Best acc at epoch 56: 75.10000610351562
21-Jan-26 19:12:16 - Last learning rate: [1.220703125e-07]
21-Jan-26 19:12:16 - 	 Epoch 57...
21-Jan-26 19:13:33 - Epoch: [57][ 999/9000]	Time  0.075 ( 0.077)	Data  0.001 ( 0.001)	Loss 0.0000e+00 (4.8210e-04)	Acc@1 100.00 (100.00)	Acc@5 100.00 (100.00)
21-Jan-26 19:14:51 - Epoch: [57][1999/9000]	Time  0.072 ( 0.077)	Data  0.001 ( 0.001)	Loss 0.0000e+00 (7.0092e-04)	Acc@1 100.00 (100.00)	Acc@5 100.00 (100.00)
21-Jan-26 19:16:07 - Epoch: [57][2999/9000]	Time  0.069 ( 0.077)	Data  0.001 ( 0.001)	Loss 0.0000e+00 (3.6298e-03)	Acc@1 100.00 ( 99.93)	Acc@5 100.00 (100.00)
21-Jan-26 19:17:25 - Epoch: [57][3999/9000]	Time  0.069 ( 0.077)	Data  0.001 ( 0.001)	Loss 0.0000e+00 (2.7258e-03)	Acc@1 100.00 ( 99.95)	Acc@5 100.00 (100.00)
21-Jan-26 19:18:42 - Epoch: [57][4999/9000]	Time  0.079 ( 0.077)	Data  0.002 ( 0.001)	Loss 0.0000e+00 (2.4509e-03)	Acc@1 100.00 ( 99.94)	Acc@5 100.00 (100.00)
21-Jan-26 19:19:59 - Epoch: [57][5999/9000]	Time  0.077 ( 0.077)	Data  0.002 ( 0.001)	Loss 0.0000e+00 (2.6306e-03)	Acc@1 100.00 ( 99.92)	Acc@5 100.00 (100.00)
21-Jan-26 19:21:17 - Epoch: [57][6999/9000]	Time  0.075 ( 0.077)	Data  0.001 ( 0.001)	Loss 0.0000e+00 (2.2564e-03)	Acc@1 100.00 ( 99.93)	Acc@5 100.00 (100.00)
21-Jan-26 19:22:34 - Epoch: [57][7999/9000]	Time  0.069 ( 0.077)	Data  0.001 ( 0.001)	Loss 0.0000e+00 (3.2405e-03)	Acc@1 100.00 ( 99.91)	Acc@5 100.00 (100.00)
21-Jan-26 19:23:51 - Epoch: [57][8999/9000]	Time  0.065 ( 0.077)	Data  0.003 ( 0.001)	Loss 0.0000e+00 (4.7358e-03)	Acc@1 100.00 ( 99.90)	Acc@5 100.00 (100.00)
21-Jan-26 19:23:51 -  @Training * Acc@1 99.900 Acc@5 100.000 Loss 0.005
21-Jan-26 19:23:51 - One training epoch latency: 695.3s | Avg Power: 188.5W | Energy: 131071.3240J
21-Jan-26 19:24:02 -  @Testing * Acc@1 74.200 Acc@5 98.500 Loss 5.719
21-Jan-26 19:24:02 - Best acc at epoch 57: 75.10000610351562
21-Jan-26 19:24:02 - Last learning rate: [1.220703125e-07]
21-Jan-26 19:24:02 - 	 Epoch 58...
21-Jan-26 19:25:18 - Epoch: [58][ 999/9000]	Time  0.106 ( 0.076)	Data  0.001 ( 0.002)	Loss 0.0000e+00 (2.9317e-02)	Acc@1 100.00 ( 99.70)	Acc@5 100.00 (100.00)
21-Jan-26 19:26:35 - Epoch: [58][1999/9000]	Time  0.073 ( 0.076)	Data  0.001 ( 0.001)	Loss 0.0000e+00 (1.6387e-02)	Acc@1 100.00 ( 99.75)	Acc@5 100.00 (100.00)
21-Jan-26 19:27:51 - Epoch: [58][2999/9000]	Time  0.071 ( 0.076)	Data  0.001 ( 0.001)	Loss 0.0000e+00 (1.6667e-02)	Acc@1 100.00 ( 99.67)	Acc@5 100.00 (100.00)
21-Jan-26 19:29:07 - Epoch: [58][3999/9000]	Time  0.071 ( 0.076)	Data  0.002 ( 0.001)	Loss 0.0000e+00 (1.4066e-02)	Acc@1 100.00 ( 99.68)	Acc@5 100.00 (100.00)
21-Jan-26 19:30:23 - Epoch: [58][4999/9000]	Time  0.083 ( 0.076)	Data  0.002 ( 0.001)	Loss 0.0000e+00 (1.1454e-02)	Acc@1 100.00 ( 99.72)	Acc@5 100.00 (100.00)
21-Jan-26 19:31:40 - Epoch: [58][5999/9000]	Time  0.067 ( 0.076)	Data  0.001 ( 0.001)	Loss 0.0000e+00 (9.9666e-03)	Acc@1 100.00 ( 99.75)	Acc@5 100.00 (100.00)
21-Jan-26 19:32:56 - Epoch: [58][6999/9000]	Time  0.073 ( 0.076)	Data  0.001 ( 0.001)	Loss 0.0000e+00 (1.0510e-02)	Acc@1 100.00 ( 99.74)	Acc@5 100.00 (100.00)
21-Jan-26 19:34:12 - Epoch: [58][7999/9000]	Time  0.071 ( 0.076)	Data  0.001 ( 0.001)	Loss 0.0000e+00 (1.0085e-02)	Acc@1 100.00 ( 99.76)	Acc@5 100.00 (100.00)
21-Jan-26 19:35:28 - Epoch: [58][8999/9000]	Time  0.067 ( 0.076)	Data  0.002 ( 0.001)	Loss 0.0000e+00 (1.0111e-02)	Acc@1 100.00 ( 99.74)	Acc@5 100.00 (100.00)
21-Jan-26 19:35:28 -  @Training * Acc@1 99.744 Acc@5 100.000 Loss 0.010
21-Jan-26 19:35:28 - One training epoch latency: 685.8s | Avg Power: 190.4W | Energy: 130579.0112J
21-Jan-26 19:35:38 -  @Testing * Acc@1 74.100 Acc@5 98.600 Loss 5.751
21-Jan-26 19:35:38 - Best acc at epoch 58: 75.10000610351562
21-Jan-26 19:35:38 - Last learning rate: [1.220703125e-07]
21-Jan-26 19:35:38 - 	 Epoch 59...
21-Jan-26 19:36:55 - Epoch: [59][ 999/9000]	Time  0.100 ( 0.077)	Data  0.001 ( 0.002)	Loss 0.0000e+00 (1.0624e-02)	Acc@1 100.00 ( 99.80)	Acc@5 100.00 (100.00)
21-Jan-26 19:38:11 - Epoch: [59][1999/9000]	Time  0.104 ( 0.076)	Data  0.003 ( 0.001)	Loss 0.0000e+00 (5.8575e-03)	Acc@1 100.00 ( 99.85)	Acc@5 100.00 (100.00)
21-Jan-26 19:39:28 - Epoch: [59][2999/9000]	Time  0.072 ( 0.076)	Data  0.001 ( 0.001)	Loss 0.0000e+00 (1.2790e-02)	Acc@1 100.00 ( 99.77)	Acc@5 100.00 (100.00)
21-Jan-26 19:40:44 - Epoch: [59][3999/9000]	Time  0.078 ( 0.076)	Data  0.001 ( 0.001)	Loss 0.0000e+00 (9.8277e-03)	Acc@1 100.00 ( 99.80)	Acc@5 100.00 (100.00)
21-Jan-26 19:42:00 - Epoch: [59][4999/9000]	Time  0.071 ( 0.076)	Data  0.001 ( 0.001)	Loss 0.0000e+00 (8.8856e-03)	Acc@1 100.00 ( 99.80)	Acc@5 100.00 (100.00)
21-Jan-26 19:43:16 - Epoch: [59][5999/9000]	Time  0.098 ( 0.076)	Data  0.001 ( 0.001)	Loss 0.0000e+00 (8.0810e-03)	Acc@1 100.00 ( 99.80)	Acc@5 100.00 (100.00)
21-Jan-26 19:44:33 - Epoch: [59][6999/9000]	Time  0.067 ( 0.076)	Data  0.001 ( 0.001)	Loss 0.0000e+00 (8.4592e-03)	Acc@1 100.00 ( 99.80)	Acc@5 100.00 (100.00)
21-Jan-26 19:45:48 - Epoch: [59][7999/9000]	Time  0.073 ( 0.076)	Data  0.001 ( 0.001)	Loss 0.0000e+00 (8.8396e-03)	Acc@1 100.00 ( 99.79)	Acc@5 100.00 (100.00)
21-Jan-26 19:47:05 - Epoch: [59][8999/9000]	Time  0.072 ( 0.076)	Data  0.001 ( 0.001)	Loss 0.0000e+00 (8.0141e-03)	Acc@1 100.00 ( 99.80)	Acc@5 100.00 (100.00)
21-Jan-26 19:47:05 -  @Training * Acc@1 99.800 Acc@5 100.000 Loss 0.008
21-Jan-26 19:47:05 - One training epoch latency: 686.6s | Avg Power: 190.7W | Energy: 130954.3770J
21-Jan-26 19:47:15 -  @Testing * Acc@1 74.200 Acc@5 98.800 Loss 5.782
21-Jan-26 19:47:15 - Best acc at epoch 59: 75.10000610351562
21-Jan-26 19:47:15 - Last learning rate: [6.103515625e-08]
21-Jan-26 19:47:15 - 	 Epoch 60...
21-Jan-26 19:48:31 - Epoch: [60][ 999/9000]	Time  0.076 ( 0.076)	Data  0.001 ( 0.001)	Loss 0.0000e+00 (4.6968e-04)	Acc@1 100.00 (100.00)	Acc@5 100.00 (100.00)
21-Jan-26 19:49:48 - Epoch: [60][1999/9000]	Time  0.074 ( 0.076)	Data  0.001 ( 0.001)	Loss 0.0000e+00 (8.1833e-03)	Acc@1 100.00 ( 99.85)	Acc@5 100.00 (100.00)
21-Jan-26 19:51:04 - Epoch: [60][2999/9000]	Time  0.066 ( 0.076)	Data  0.001 ( 0.001)	Loss 0.0000e+00 (1.6341e-02)	Acc@1 100.00 ( 99.77)	Acc@5 100.00 (100.00)
21-Jan-26 19:52:20 - Epoch: [60][3999/9000]	Time  0.103 ( 0.076)	Data  0.001 ( 0.001)	Loss 0.0000e+00 (1.2779e-02)	Acc@1 100.00 ( 99.80)	Acc@5 100.00 (100.00)
21-Jan-26 19:53:36 - Epoch: [60][4999/9000]	Time  0.068 ( 0.076)	Data  0.001 ( 0.001)	Loss 0.0000e+00 (1.0318e-02)	Acc@1 100.00 ( 99.84)	Acc@5 100.00 (100.00)
21-Jan-26 19:54:52 - Epoch: [60][5999/9000]	Time  0.074 ( 0.076)	Data  0.001 ( 0.001)	Loss 0.0000e+00 (8.6374e-03)	Acc@1 100.00 ( 99.87)	Acc@5 100.00 (100.00)
21-Jan-26 19:56:09 - Epoch: [60][6999/9000]	Time  0.078 ( 0.076)	Data  0.001 ( 0.001)	Loss 0.0000e+00 (8.0738e-03)	Acc@1 100.00 ( 99.86)	Acc@5 100.00 (100.00)
21-Jan-26 19:57:26 - Epoch: [60][7999/9000]	Time  0.068 ( 0.076)	Data  0.001 ( 0.001)	Loss 0.0000e+00 (7.1187e-03)	Acc@1 100.00 ( 99.88)	Acc@5 100.00 (100.00)
21-Jan-26 19:58:42 - Epoch: [60][8999/9000]	Time  0.068 ( 0.076)	Data  0.002 ( 0.001)	Loss 0.0000e+00 (6.8017e-03)	Acc@1 100.00 ( 99.88)	Acc@5 100.00 (100.00)
21-Jan-26 19:58:42 -  @Training * Acc@1 99.878 Acc@5 100.000 Loss 0.007
21-Jan-26 19:58:42 - One training epoch latency: 686.9s | Avg Power: 190.6W | Energy: 130920.4981J
21-Jan-26 19:58:52 -  @Testing * Acc@1 74.600 Acc@5 98.700 Loss 5.690
21-Jan-26 19:58:52 - Best acc at epoch 60: 75.10000610351562
21-Jan-26 19:58:52 - Last learning rate: [6.103515625e-08]
21-Jan-26 19:58:52 - 	 Epoch 61...
21-Jan-26 20:00:09 - Epoch: [61][ 999/9000]	Time  0.070 ( 0.076)	Data  0.001 ( 0.001)	Loss 0.0000e+00 (1.7028e-03)	Acc@1 100.00 ( 99.90)	Acc@5 100.00 (100.00)
21-Jan-26 20:01:24 - Epoch: [61][1999/9000]	Time  0.069 ( 0.076)	Data  0.001 ( 0.001)	Loss 0.0000e+00 (4.1168e-03)	Acc@1 100.00 ( 99.80)	Acc@5 100.00 (100.00)
21-Jan-26 20:02:41 - Epoch: [61][2999/9000]	Time  0.076 ( 0.076)	Data  0.001 ( 0.001)	Loss 0.0000e+00 (1.0752e-02)	Acc@1 100.00 ( 99.77)	Acc@5 100.00 (100.00)
21-Jan-26 20:03:56 - Epoch: [61][3999/9000]	Time  0.067 ( 0.076)	Data  0.001 ( 0.001)	Loss 2.3842e-07 (8.9326e-03)	Acc@1 100.00 ( 99.78)	Acc@5 100.00 (100.00)
21-Jan-26 20:05:12 - Epoch: [61][4999/9000]	Time  0.084 ( 0.076)	Data  0.001 ( 0.001)	Loss 0.0000e+00 (8.3970e-03)	Acc@1 100.00 ( 99.80)	Acc@5 100.00 (100.00)
21-Jan-26 20:06:28 - Epoch: [61][5999/9000]	Time  0.077 ( 0.076)	Data  0.001 ( 0.001)	Loss 0.0000e+00 (8.0844e-03)	Acc@1 100.00 ( 99.80)	Acc@5 100.00 (100.00)
21-Jan-26 20:07:44 - Epoch: [61][6999/9000]	Time  0.075 ( 0.076)	Data  0.001 ( 0.001)	Loss 0.0000e+00 (9.2523e-03)	Acc@1 100.00 ( 99.79)	Acc@5 100.00 (100.00)
21-Jan-26 20:09:00 - Epoch: [61][7999/9000]	Time  0.096 ( 0.076)	Data  0.002 ( 0.001)	Loss 0.0000e+00 (8.1744e-03)	Acc@1 100.00 ( 99.81)	Acc@5 100.00 (100.00)
21-Jan-26 20:10:16 - Epoch: [61][8999/9000]	Time  0.069 ( 0.076)	Data  0.001 ( 0.001)	Loss 0.0000e+00 (7.4829e-03)	Acc@1 100.00 ( 99.82)	Acc@5 100.00 (100.00)
21-Jan-26 20:10:16 -  @Training * Acc@1 99.822 Acc@5 100.000 Loss 0.007
21-Jan-26 20:10:16 - One training epoch latency: 683.8s | Avg Power: 191.0W | Energy: 130577.5186J
21-Jan-26 20:10:26 -  @Testing * Acc@1 74.600 Acc@5 98.800 Loss 5.694
21-Jan-26 20:10:26 - Best acc at epoch 61: 75.10000610351562
21-Jan-26 20:10:26 - Last learning rate: [6.103515625e-08]
21-Jan-26 20:10:26 - 	 Epoch 62...
21-Jan-26 20:11:43 - Epoch: [62][ 999/9000]	Time  0.077 ( 0.077)	Data  0.005 ( 0.002)	Loss 0.0000e+00 (6.8090e-05)	Acc@1 100.00 (100.00)	Acc@5 100.00 (100.00)
21-Jan-26 20:12:59 - Epoch: [62][1999/9000]	Time  0.075 ( 0.077)	Data  0.001 ( 0.002)	Loss 0.0000e+00 (1.6351e-03)	Acc@1 100.00 ( 99.95)	Acc@5 100.00 (100.00)
21-Jan-26 20:14:15 - Epoch: [62][2999/9000]	Time  0.073 ( 0.076)	Data  0.001 ( 0.001)	Loss 0.0000e+00 (2.4203e-03)	Acc@1 100.00 ( 99.90)	Acc@5 100.00 (100.00)
21-Jan-26 20:15:31 - Epoch: [62][3999/9000]	Time  0.075 ( 0.076)	Data  0.001 ( 0.001)	Loss 2.1458e-06 (1.8241e-03)	Acc@1 100.00 ( 99.93)	Acc@5 100.00 (100.00)
21-Jan-26 20:16:48 - Epoch: [62][4999/9000]	Time  0.067 ( 0.076)	Data  0.001 ( 0.001)	Loss 0.0000e+00 (2.6462e-03)	Acc@1 100.00 ( 99.92)	Acc@5 100.00 (100.00)
21-Jan-26 20:18:04 - Epoch: [62][5999/9000]	Time  0.070 ( 0.076)	Data  0.001 ( 0.001)	Loss 0.0000e+00 (4.4409e-03)	Acc@1 100.00 ( 99.88)	Acc@5 100.00 (100.00)
21-Jan-26 20:19:20 - Epoch: [62][6999/9000]	Time  0.098 ( 0.076)	Data  0.001 ( 0.001)	Loss 0.0000e+00 (4.8685e-03)	Acc@1 100.00 ( 99.89)	Acc@5 100.00 (100.00)
21-Jan-26 20:20:36 - Epoch: [62][7999/9000]	Time  0.071 ( 0.076)	Data  0.001 ( 0.001)	Loss 0.0000e+00 (5.0006e-03)	Acc@1 100.00 ( 99.88)	Acc@5 100.00 (100.00)
21-Jan-26 20:21:52 - Epoch: [62][8999/9000]	Time  0.059 ( 0.076)	Data  0.001 ( 0.001)	Loss 0.0000e+00 (4.8530e-03)	Acc@1 100.00 ( 99.87)	Acc@5 100.00 (100.00)
21-Jan-26 20:21:52 -  @Training * Acc@1 99.867 Acc@5 100.000 Loss 0.005
21-Jan-26 20:21:52 - One training epoch latency: 686.2s | Avg Power: 190.6W | Energy: 130790.1920J
21-Jan-26 20:22:02 -  @Testing * Acc@1 73.700 Acc@5 98.700 Loss 5.726
21-Jan-26 20:22:02 - Best acc at epoch 62: 75.10000610351562
21-Jan-26 20:22:03 - Last learning rate: [6.103515625e-08]
21-Jan-26 20:22:03 - 	 Epoch 63...
21-Jan-26 20:23:19 - Epoch: [63][ 999/9000]	Time  0.075 ( 0.076)	Data  0.001 ( 0.001)	Loss 0.0000e+00 (1.2780e-02)	Acc@1 100.00 ( 99.80)	Acc@5 100.00 (100.00)
21-Jan-26 20:24:36 - Epoch: [63][1999/9000]	Time  0.074 ( 0.076)	Data  0.001 ( 0.001)	Loss 0.0000e+00 (1.3010e-02)	Acc@1 100.00 ( 99.70)	Acc@5 100.00 (100.00)
21-Jan-26 20:25:52 - Epoch: [63][2999/9000]	Time  0.071 ( 0.076)	Data  0.002 ( 0.001)	Loss 0.0000e+00 (1.6564e-02)	Acc@1 100.00 ( 99.60)	Acc@5 100.00 (100.00)
21-Jan-26 20:27:08 - Epoch: [63][3999/9000]	Time  0.079 ( 0.076)	Data  0.001 ( 0.001)	Loss 0.0000e+00 (1.2476e-02)	Acc@1 100.00 ( 99.70)	Acc@5 100.00 (100.00)
21-Jan-26 20:28:25 - Epoch: [63][4999/9000]	Time  0.069 ( 0.076)	Data  0.001 ( 0.001)	Loss 0.0000e+00 (1.0016e-02)	Acc@1 100.00 ( 99.76)	Acc@5 100.00 (100.00)
21-Jan-26 20:29:41 - Epoch: [63][5999/9000]	Time  0.069 ( 0.076)	Data  0.001 ( 0.001)	Loss 0.0000e+00 (8.3556e-03)	Acc@1 100.00 ( 99.80)	Acc@5 100.00 (100.00)
21-Jan-26 20:30:57 - Epoch: [63][6999/9000]	Time  0.077 ( 0.076)	Data  0.001 ( 0.001)	Loss 0.0000e+00 (7.3046e-03)	Acc@1 100.00 ( 99.81)	Acc@5 100.00 (100.00)
21-Jan-26 20:32:14 - Epoch: [63][7999/9000]	Time  0.083 ( 0.076)	Data  0.001 ( 0.001)	Loss 0.0000e+00 (8.0112e-03)	Acc@1 100.00 ( 99.81)	Acc@5 100.00 (100.00)
21-Jan-26 20:33:30 - Epoch: [63][8999/9000]	Time  0.063 ( 0.076)	Data  0.001 ( 0.001)	Loss 0.0000e+00 (8.3500e-03)	Acc@1 100.00 ( 99.81)	Acc@5 100.00 (100.00)
21-Jan-26 20:33:30 -  @Training * Acc@1 99.811 Acc@5 100.000 Loss 0.008
21-Jan-26 20:33:30 - One training epoch latency: 687.3s | Avg Power: 190.2W | Energy: 130734.8801J
21-Jan-26 20:33:40 -  @Testing * Acc@1 74.300 Acc@5 98.700 Loss 5.693
21-Jan-26 20:33:40 - Best acc at epoch 63: 75.10000610351562
21-Jan-26 20:33:40 - Last learning rate: [6.103515625e-08]
21-Jan-26 20:33:40 - 	 Epoch 64...
21-Jan-26 20:34:57 - Epoch: [64][ 999/9000]	Time  0.073 ( 0.077)	Data  0.001 ( 0.001)	Loss 0.0000e+00 (3.4113e-03)	Acc@1 100.00 ( 99.90)	Acc@5 100.00 (100.00)
21-Jan-26 20:36:12 - Epoch: [64][1999/9000]	Time  0.068 ( 0.076)	Data  0.001 ( 0.001)	Loss 0.0000e+00 (3.4695e-03)	Acc@1 100.00 ( 99.85)	Acc@5 100.00 (100.00)
21-Jan-26 20:37:29 - Epoch: [64][2999/9000]	Time  0.074 ( 0.076)	Data  0.001 ( 0.001)	Loss 0.0000e+00 (8.8174e-03)	Acc@1 100.00 ( 99.87)	Acc@5 100.00 (100.00)
21-Jan-26 20:38:45 - Epoch: [64][3999/9000]	Time  0.078 ( 0.076)	Data  0.001 ( 0.001)	Loss 0.0000e+00 (1.1087e-02)	Acc@1 100.00 ( 99.85)	Acc@5 100.00 (100.00)
21-Jan-26 20:40:01 - Epoch: [64][4999/9000]	Time  0.085 ( 0.076)	Data  0.001 ( 0.001)	Loss 0.0000e+00 (1.0942e-02)	Acc@1 100.00 ( 99.84)	Acc@5 100.00 (100.00)
21-Jan-26 20:41:17 - Epoch: [64][5999/9000]	Time  0.078 ( 0.076)	Data  0.006 ( 0.001)	Loss 0.0000e+00 (1.1416e-02)	Acc@1 100.00 ( 99.82)	Acc@5 100.00 (100.00)
21-Jan-26 20:42:33 - Epoch: [64][6999/9000]	Time  0.066 ( 0.076)	Data  0.001 ( 0.001)	Loss 0.0000e+00 (9.8081e-03)	Acc@1 100.00 ( 99.84)	Acc@5 100.00 (100.00)
21-Jan-26 20:43:49 - Epoch: [64][7999/9000]	Time  0.075 ( 0.076)	Data  0.001 ( 0.001)	Loss 0.0000e+00 (9.3047e-03)	Acc@1 100.00 ( 99.84)	Acc@5 100.00 (100.00)
21-Jan-26 20:45:05 - Epoch: [64][8999/9000]	Time  0.060 ( 0.076)	Data  0.001 ( 0.001)	Loss 0.0000e+00 (8.2920e-03)	Acc@1 100.00 ( 99.86)	Acc@5 100.00 (100.00)
21-Jan-26 20:45:05 -  @Training * Acc@1 99.856 Acc@5 100.000 Loss 0.008
21-Jan-26 20:45:05 - One training epoch latency: 684.9s | Avg Power: 190.8W | Energy: 130697.4560J
21-Jan-26 20:45:15 -  @Testing * Acc@1 74.000 Acc@5 98.600 Loss 5.776
21-Jan-26 20:45:15 - Best acc at epoch 64: 75.10000610351562
21-Jan-26 20:45:15 - Last learning rate: [6.103515625e-08]
21-Jan-26 20:45:15 - 	 Epoch 65...
21-Jan-26 20:46:32 - Epoch: [65][ 999/9000]	Time  0.074 ( 0.077)	Data  0.001 ( 0.002)	Loss 0.0000e+00 (1.2751e-02)	Acc@1 100.00 ( 99.70)	Acc@5 100.00 (100.00)
21-Jan-26 20:47:48 - Epoch: [65][1999/9000]	Time  0.069 ( 0.076)	Data  0.001 ( 0.001)	Loss 0.0000e+00 (6.5803e-03)	Acc@1 100.00 ( 99.85)	Acc@5 100.00 (100.00)
21-Jan-26 20:49:04 - Epoch: [65][2999/9000]	Time  0.075 ( 0.076)	Data  0.001 ( 0.001)	Loss 0.0000e+00 (1.1039e-02)	Acc@1 100.00 ( 99.77)	Acc@5 100.00 (100.00)
21-Jan-26 20:50:21 - Epoch: [65][3999/9000]	Time  0.073 ( 0.076)	Data  0.001 ( 0.001)	Loss 0.0000e+00 (1.3191e-02)	Acc@1 100.00 ( 99.78)	Acc@5 100.00 (100.00)
21-Jan-26 20:51:37 - Epoch: [65][4999/9000]	Time  0.069 ( 0.076)	Data  0.001 ( 0.001)	Loss 0.0000e+00 (1.0994e-02)	Acc@1 100.00 ( 99.80)	Acc@5 100.00 (100.00)
21-Jan-26 20:52:53 - Epoch: [65][5999/9000]	Time  0.069 ( 0.076)	Data  0.001 ( 0.001)	Loss 1.1921e-07 (1.2068e-02)	Acc@1 100.00 ( 99.80)	Acc@5 100.00 (100.00)
21-Jan-26 20:54:09 - Epoch: [65][6999/9000]	Time  0.069 ( 0.076)	Data  0.001 ( 0.001)	Loss 0.0000e+00 (1.0841e-02)	Acc@1 100.00 ( 99.81)	Acc@5 100.00 (100.00)
21-Jan-26 20:55:25 - Epoch: [65][7999/9000]	Time  0.067 ( 0.076)	Data  0.001 ( 0.001)	Loss 0.0000e+00 (1.0197e-02)	Acc@1 100.00 ( 99.83)	Acc@5 100.00 (100.00)
21-Jan-26 20:56:42 - Epoch: [65][8999/9000]	Time  0.065 ( 0.076)	Data  0.002 ( 0.001)	Loss 0.0000e+00 (1.0046e-02)	Acc@1 100.00 ( 99.83)	Acc@5 100.00 (100.00)
21-Jan-26 20:56:42 -  @Training * Acc@1 99.833 Acc@5 100.000 Loss 0.010
21-Jan-26 20:56:42 - One training epoch latency: 686.6s | Avg Power: 190.9W | Energy: 131068.9755J
21-Jan-26 20:56:52 -  @Testing * Acc@1 73.900 Acc@5 98.600 Loss 5.776
21-Jan-26 20:56:52 - Best acc at epoch 65: 75.10000610351562
21-Jan-26 20:56:52 - Last learning rate: [3.0517578125e-08]
21-Jan-26 20:56:52 - 	 Epoch 66...
21-Jan-26 20:58:08 - Epoch: [66][ 999/9000]	Time  0.066 ( 0.076)	Data  0.001 ( 0.001)	Loss 0.0000e+00 (1.2663e-02)	Acc@1 100.00 ( 99.80)	Acc@5 100.00 (100.00)
21-Jan-26 20:59:24 - Epoch: [66][1999/9000]	Time  0.073 ( 0.076)	Data  0.002 ( 0.001)	Loss 1.6689e-06 (1.1364e-02)	Acc@1 100.00 ( 99.85)	Acc@5 100.00 (100.00)
21-Jan-26 21:00:40 - Epoch: [66][2999/9000]	Time  0.074 ( 0.076)	Data  0.001 ( 0.001)	Loss 0.0000e+00 (9.2042e-03)	Acc@1 100.00 ( 99.87)	Acc@5 100.00 (100.00)
21-Jan-26 21:01:56 - Epoch: [66][3999/9000]	Time  0.068 ( 0.076)	Data  0.001 ( 0.001)	Loss 0.0000e+00 (9.0739e-03)	Acc@1 100.00 ( 99.83)	Acc@5 100.00 (100.00)
21-Jan-26 21:03:12 - Epoch: [66][4999/9000]	Time  0.108 ( 0.076)	Data  0.001 ( 0.001)	Loss 0.0000e+00 (7.8179e-03)	Acc@1 100.00 ( 99.84)	Acc@5 100.00 (100.00)
21-Jan-26 21:04:28 - Epoch: [66][5999/9000]	Time  0.098 ( 0.076)	Data  0.001 ( 0.001)	Loss 0.0000e+00 (6.6171e-03)	Acc@1 100.00 ( 99.87)	Acc@5 100.00 (100.00)
21-Jan-26 21:05:44 - Epoch: [66][6999/9000]	Time  0.073 ( 0.076)	Data  0.001 ( 0.001)	Loss 0.0000e+00 (6.3654e-03)	Acc@1 100.00 ( 99.86)	Acc@5 100.00 (100.00)
21-Jan-26 21:07:00 - Epoch: [66][7999/9000]	Time  0.100 ( 0.076)	Data  0.001 ( 0.001)	Loss 0.0000e+00 (5.6818e-03)	Acc@1 100.00 ( 99.86)	Acc@5 100.00 (100.00)
21-Jan-26 21:08:16 - Epoch: [66][8999/9000]	Time  0.068 ( 0.076)	Data  0.001 ( 0.001)	Loss 0.0000e+00 (5.5231e-03)	Acc@1 100.00 ( 99.87)	Acc@5 100.00 (100.00)
21-Jan-26 21:08:16 -  @Training * Acc@1 99.867 Acc@5 100.000 Loss 0.006
21-Jan-26 21:08:16 - One training epoch latency: 684.0s | Avg Power: 191.0W | Energy: 130630.7226J
21-Jan-26 21:08:26 -  @Testing * Acc@1 74.400 Acc@5 98.600 Loss 5.798
21-Jan-26 21:08:26 - Best acc at epoch 66: 75.10000610351562
21-Jan-26 21:08:26 - Last learning rate: [3.0517578125e-08]
21-Jan-26 21:08:26 - 	 Epoch 67...
21-Jan-26 21:09:43 - Epoch: [67][ 999/9000]	Time  0.100 ( 0.077)	Data  0.002 ( 0.001)	Loss 2.9555e+00 (1.2904e-02)	Acc@1   0.00 ( 99.70)	Acc@5 100.00 (100.00)
21-Jan-26 21:11:00 - Epoch: [67][1999/9000]	Time  0.075 ( 0.077)	Data  0.001 ( 0.001)	Loss 0.0000e+00 (6.4594e-03)	Acc@1 100.00 ( 99.85)	Acc@5 100.00 (100.00)
21-Jan-26 21:12:16 - Epoch: [67][2999/9000]	Time  0.081 ( 0.076)	Data  0.001 ( 0.001)	Loss 0.0000e+00 (8.5793e-03)	Acc@1 100.00 ( 99.80)	Acc@5 100.00 (100.00)
21-Jan-26 21:13:32 - Epoch: [67][3999/9000]	Time  0.077 ( 0.076)	Data  0.001 ( 0.001)	Loss 0.0000e+00 (8.6825e-03)	Acc@1 100.00 ( 99.80)	Acc@5 100.00 (100.00)
21-Jan-26 21:14:48 - Epoch: [67][4999/9000]	Time  0.069 ( 0.076)	Data  0.001 ( 0.001)	Loss 0.0000e+00 (9.8333e-03)	Acc@1 100.00 ( 99.82)	Acc@5 100.00 (100.00)
21-Jan-26 21:16:05 - Epoch: [67][5999/9000]	Time  0.077 ( 0.076)	Data  0.001 ( 0.001)	Loss 0.0000e+00 (8.2143e-03)	Acc@1 100.00 ( 99.85)	Acc@5 100.00 (100.00)
21-Jan-26 21:17:21 - Epoch: [67][6999/9000]	Time  0.097 ( 0.076)	Data  0.001 ( 0.001)	Loss 0.0000e+00 (7.4675e-03)	Acc@1 100.00 ( 99.86)	Acc@5 100.00 (100.00)
21-Jan-26 21:18:37 - Epoch: [67][7999/9000]	Time  0.077 ( 0.076)	Data  0.002 ( 0.001)	Loss 0.0000e+00 (6.5972e-03)	Acc@1 100.00 ( 99.88)	Acc@5 100.00 (100.00)
21-Jan-26 21:19:54 - Epoch: [67][8999/9000]	Time  0.068 ( 0.076)	Data  0.001 ( 0.001)	Loss 0.0000e+00 (7.3069e-03)	Acc@1 100.00 ( 99.87)	Acc@5 100.00 (100.00)
21-Jan-26 21:19:54 -  @Training * Acc@1 99.867 Acc@5 100.000 Loss 0.007
21-Jan-26 21:19:54 - One training epoch latency: 687.8s | Avg Power: 190.4W | Energy: 130978.9833J
21-Jan-26 21:20:04 -  @Testing * Acc@1 74.300 Acc@5 98.800 Loss 5.710
21-Jan-26 21:20:04 - Best acc at epoch 67: 75.10000610351562
21-Jan-26 21:20:04 - Last learning rate: [3.0517578125e-08]
21-Jan-26 21:20:04 - 	 Epoch 68...
21-Jan-26 21:21:21 - Epoch: [68][ 999/9000]	Time  0.091 ( 0.077)	Data  0.003 ( 0.002)	Loss 0.0000e+00 (2.5105e-03)	Acc@1 100.00 ( 99.80)	Acc@5 100.00 (100.00)
21-Jan-26 21:22:39 - Epoch: [68][1999/9000]	Time  0.069 ( 0.077)	Data  0.001 ( 0.002)	Loss 0.0000e+00 (1.0299e-02)	Acc@1 100.00 ( 99.80)	Acc@5 100.00 (100.00)
21-Jan-26 21:23:55 - Epoch: [68][2999/9000]	Time  0.067 ( 0.077)	Data  0.001 ( 0.002)	Loss 0.0000e+00 (6.9277e-03)	Acc@1 100.00 ( 99.87)	Acc@5 100.00 (100.00)
21-Jan-26 21:25:11 - Epoch: [68][3999/9000]	Time  0.076 ( 0.077)	Data  0.001 ( 0.001)	Loss 0.0000e+00 (5.2831e-03)	Acc@1 100.00 ( 99.90)	Acc@5 100.00 (100.00)
21-Jan-26 21:26:28 - Epoch: [68][4999/9000]	Time  0.075 ( 0.077)	Data  0.001 ( 0.001)	Loss 0.0000e+00 (5.7993e-03)	Acc@1 100.00 ( 99.88)	Acc@5 100.00 (100.00)
21-Jan-26 21:27:44 - Epoch: [68][5999/9000]	Time  0.076 ( 0.077)	Data  0.001 ( 0.001)	Loss 0.0000e+00 (6.0444e-03)	Acc@1 100.00 ( 99.87)	Acc@5 100.00 (100.00)
21-Jan-26 21:29:00 - Epoch: [68][6999/9000]	Time  0.071 ( 0.077)	Data  0.001 ( 0.001)	Loss 0.0000e+00 (1.0117e-02)	Acc@1 100.00 ( 99.86)	Acc@5 100.00 (100.00)
21-Jan-26 21:30:17 - Epoch: [68][7999/9000]	Time  0.070 ( 0.077)	Data  0.001 ( 0.001)	Loss 0.0000e+00 (8.8535e-03)	Acc@1 100.00 ( 99.88)	Acc@5 100.00 (100.00)
21-Jan-26 21:31:32 - Epoch: [68][8999/9000]	Time  0.064 ( 0.076)	Data  0.001 ( 0.001)	Loss 0.0000e+00 (9.4046e-03)	Acc@1 100.00 ( 99.87)	Acc@5 100.00 (100.00)
21-Jan-26 21:31:33 -  @Training * Acc@1 99.867 Acc@5 100.000 Loss 0.009
21-Jan-26 21:31:33 - One training epoch latency: 688.1s | Avg Power: 190.7W | Energy: 131242.5440J
21-Jan-26 21:31:43 -  @Testing * Acc@1 74.900 Acc@5 98.500 Loss 5.718
21-Jan-26 21:31:43 - Best acc at epoch 68: 75.10000610351562
21-Jan-26 21:31:43 - Last learning rate: [3.0517578125e-08]
21-Jan-26 21:31:43 - 	 Epoch 69...
21-Jan-26 21:33:00 - Epoch: [69][ 999/9000]	Time  0.068 ( 0.077)	Data  0.001 ( 0.001)	Loss 0.0000e+00 (4.3731e-03)	Acc@1 100.00 ( 99.90)	Acc@5 100.00 (100.00)
21-Jan-26 21:34:16 - Epoch: [69][1999/9000]	Time  0.077 ( 0.076)	Data  0.002 ( 0.001)	Loss 0.0000e+00 (8.2930e-03)	Acc@1 100.00 ( 99.90)	Acc@5 100.00 (100.00)
21-Jan-26 21:35:32 - Epoch: [69][2999/9000]	Time  0.075 ( 0.076)	Data  0.001 ( 0.001)	Loss 0.0000e+00 (5.6585e-03)	Acc@1 100.00 ( 99.93)	Acc@5 100.00 (100.00)
21-Jan-26 21:36:49 - Epoch: [69][3999/9000]	Time  0.067 ( 0.076)	Data  0.001 ( 0.001)	Loss 0.0000e+00 (1.2048e-02)	Acc@1 100.00 ( 99.88)	Acc@5 100.00 (100.00)
21-Jan-26 21:38:05 - Epoch: [69][4999/9000]	Time  0.090 ( 0.076)	Data  0.001 ( 0.001)	Loss 0.0000e+00 (9.6726e-03)	Acc@1 100.00 ( 99.90)	Acc@5 100.00 (100.00)
21-Jan-26 21:39:21 - Epoch: [69][5999/9000]	Time  0.076 ( 0.076)	Data  0.001 ( 0.001)	Loss 0.0000e+00 (8.0620e-03)	Acc@1 100.00 ( 99.92)	Acc@5 100.00 (100.00)
21-Jan-26 21:40:37 - Epoch: [69][6999/9000]	Time  0.074 ( 0.076)	Data  0.001 ( 0.001)	Loss 2.3842e-07 (7.3375e-03)	Acc@1 100.00 ( 99.91)	Acc@5 100.00 (100.00)
21-Jan-26 21:41:54 - Epoch: [69][7999/9000]	Time  0.068 ( 0.076)	Data  0.001 ( 0.001)	Loss 0.0000e+00 (6.7602e-03)	Acc@1 100.00 ( 99.91)	Acc@5 100.00 (100.00)
21-Jan-26 21:43:10 - Epoch: [69][8999/9000]	Time  0.071 ( 0.076)	Data  0.001 ( 0.001)	Loss 0.0000e+00 (6.5197e-03)	Acc@1 100.00 ( 99.90)	Acc@5 100.00 (100.00)
21-Jan-26 21:43:10 -  @Training * Acc@1 99.900 Acc@5 100.000 Loss 0.007
21-Jan-26 21:43:11 - One training epoch latency: 687.4s | Avg Power: 190.6W | Energy: 131012.8187J
21-Jan-26 21:43:20 -  @Testing * Acc@1 74.400 Acc@5 98.500 Loss 5.854
21-Jan-26 21:43:20 - Best acc at epoch 69: 75.10000610351562
21-Jan-26 21:43:20 - Last learning rate: [3.0517578125e-08]
21-Jan-26 21:43:21 - 	 Epoch 70...
21-Jan-26 21:44:37 - Epoch: [70][ 999/9000]	Time  0.090 ( 0.077)	Data  0.008 ( 0.002)	Loss 0.0000e+00 (1.7155e-03)	Acc@1 100.00 ( 99.90)	Acc@5 100.00 (100.00)
21-Jan-26 21:45:53 - Epoch: [70][1999/9000]	Time  0.079 ( 0.076)	Data  0.001 ( 0.001)	Loss 0.0000e+00 (7.2662e-03)	Acc@1 100.00 ( 99.85)	Acc@5 100.00 (100.00)
21-Jan-26 21:47:09 - Epoch: [70][2999/9000]	Time  0.074 ( 0.076)	Data  0.001 ( 0.001)	Loss 8.3446e-07 (5.2929e-03)	Acc@1 100.00 ( 99.87)	Acc@5 100.00 (100.00)
21-Jan-26 21:48:26 - Epoch: [70][3999/9000]	Time  0.071 ( 0.076)	Data  0.001 ( 0.001)	Loss 0.0000e+00 (4.0211e-03)	Acc@1 100.00 ( 99.90)	Acc@5 100.00 (100.00)
21-Jan-26 21:49:42 - Epoch: [70][4999/9000]	Time  0.090 ( 0.076)	Data  0.001 ( 0.001)	Loss 0.0000e+00 (3.9773e-03)	Acc@1 100.00 ( 99.88)	Acc@5 100.00 (100.00)
21-Jan-26 21:50:58 - Epoch: [70][5999/9000]	Time  0.102 ( 0.076)	Data  0.001 ( 0.001)	Loss 0.0000e+00 (3.3196e-03)	Acc@1 100.00 ( 99.90)	Acc@5 100.00 (100.00)
21-Jan-26 21:52:14 - Epoch: [70][6999/9000]	Time  0.070 ( 0.076)	Data  0.001 ( 0.001)	Loss 0.0000e+00 (3.7072e-03)	Acc@1 100.00 ( 99.87)	Acc@5 100.00 (100.00)
21-Jan-26 21:53:30 - Epoch: [70][7999/9000]	Time  0.080 ( 0.076)	Data  0.001 ( 0.001)	Loss 0.0000e+00 (4.2605e-03)	Acc@1 100.00 ( 99.88)	Acc@5 100.00 (100.00)
21-Jan-26 21:54:47 - Epoch: [70][8999/9000]	Time  0.067 ( 0.076)	Data  0.001 ( 0.001)	Loss 0.0000e+00 (6.9385e-03)	Acc@1 100.00 ( 99.86)	Acc@5 100.00 (100.00)
21-Jan-26 21:54:47 -  @Training * Acc@1 99.856 Acc@5 100.000 Loss 0.007
21-Jan-26 21:54:47 - One training epoch latency: 686.3s | Avg Power: 190.8W | Energy: 130932.2486J
21-Jan-26 21:54:57 -  @Testing * Acc@1 74.700 Acc@5 98.500 Loss 5.673
21-Jan-26 21:54:57 - Best acc at epoch 70: 75.10000610351562
21-Jan-26 21:54:57 - Last learning rate: [3.0517578125e-08]
21-Jan-26 21:54:57 - 	 Epoch 71...
21-Jan-26 21:56:14 - Epoch: [71][ 999/9000]	Time  0.078 ( 0.076)	Data  0.001 ( 0.001)	Loss 0.0000e+00 (1.4894e-02)	Acc@1 100.00 ( 99.90)	Acc@5 100.00 (100.00)
21-Jan-26 21:57:30 - Epoch: [71][1999/9000]	Time  0.076 ( 0.077)	Data  0.001 ( 0.001)	Loss 0.0000e+00 (1.0722e-02)	Acc@1 100.00 ( 99.85)	Acc@5 100.00 (100.00)
21-Jan-26 21:58:47 - Epoch: [71][2999/9000]	Time  0.077 ( 0.077)	Data  0.001 ( 0.001)	Loss 0.0000e+00 (7.4679e-03)	Acc@1 100.00 ( 99.87)	Acc@5 100.00 (100.00)
21-Jan-26 22:00:03 - Epoch: [71][3999/9000]	Time  0.076 ( 0.076)	Data  0.001 ( 0.001)	Loss 0.0000e+00 (8.1523e-03)	Acc@1 100.00 ( 99.88)	Acc@5 100.00 (100.00)
21-Jan-26 22:01:20 - Epoch: [71][4999/9000]	Time  0.077 ( 0.076)	Data  0.001 ( 0.001)	Loss 0.0000e+00 (6.5268e-03)	Acc@1 100.00 ( 99.90)	Acc@5 100.00 (100.00)
21-Jan-26 22:02:36 - Epoch: [71][5999/9000]	Time  0.068 ( 0.076)	Data  0.001 ( 0.001)	Loss 0.0000e+00 (7.0806e-03)	Acc@1 100.00 ( 99.90)	Acc@5 100.00 (100.00)
21-Jan-26 22:03:53 - Epoch: [71][6999/9000]	Time  0.079 ( 0.076)	Data  0.001 ( 0.001)	Loss 0.0000e+00 (6.5313e-03)	Acc@1 100.00 ( 99.89)	Acc@5 100.00 (100.00)
21-Jan-26 22:05:09 - Epoch: [71][7999/9000]	Time  0.111 ( 0.076)	Data  0.002 ( 0.001)	Loss 0.0000e+00 (6.0947e-03)	Acc@1 100.00 ( 99.88)	Acc@5 100.00 (100.00)
21-Jan-26 22:06:25 - Epoch: [71][8999/9000]	Time  0.065 ( 0.076)	Data  0.001 ( 0.001)	Loss 0.0000e+00 (6.5819e-03)	Acc@1 100.00 ( 99.86)	Acc@5 100.00 (100.00)
21-Jan-26 22:06:25 -  @Training * Acc@1 99.856 Acc@5 100.000 Loss 0.007
21-Jan-26 22:06:25 - One training epoch latency: 687.9s | Avg Power: 190.9W | Energy: 131306.2500J
21-Jan-26 22:06:36 -  @Testing * Acc@1 74.400 Acc@5 98.600 Loss 5.750
21-Jan-26 22:06:36 - Best acc at epoch 71: 75.10000610351562
21-Jan-26 22:06:36 - Last learning rate: [1.52587890625e-08]
21-Jan-26 22:06:36 - 	 Epoch 72...
21-Jan-26 22:07:53 - Epoch: [72][ 999/9000]	Time  0.072 ( 0.077)	Data  0.001 ( 0.002)	Loss 0.0000e+00 (6.9792e-03)	Acc@1 100.00 ( 99.80)	Acc@5 100.00 (100.00)
21-Jan-26 22:09:08 - Epoch: [72][1999/9000]	Time  0.078 ( 0.076)	Data  0.001 ( 0.001)	Loss 0.0000e+00 (3.5104e-03)	Acc@1 100.00 ( 99.90)	Acc@5 100.00 (100.00)
21-Jan-26 22:10:25 - Epoch: [72][2999/9000]	Time  0.074 ( 0.076)	Data  0.001 ( 0.001)	Loss 0.0000e+00 (2.3405e-03)	Acc@1 100.00 ( 99.93)	Acc@5 100.00 (100.00)
21-Jan-26 22:11:41 - Epoch: [72][3999/9000]	Time  0.073 ( 0.076)	Data  0.003 ( 0.001)	Loss 0.0000e+00 (2.9974e-03)	Acc@1 100.00 ( 99.90)	Acc@5 100.00 (100.00)
21-Jan-26 22:12:57 - Epoch: [72][4999/9000]	Time  0.070 ( 0.076)	Data  0.001 ( 0.001)	Loss 0.0000e+00 (2.7515e-03)	Acc@1 100.00 ( 99.90)	Acc@5 100.00 (100.00)
21-Jan-26 22:14:13 - Epoch: [72][5999/9000]	Time  0.080 ( 0.076)	Data  0.003 ( 0.001)	Loss 0.0000e+00 (2.2988e-03)	Acc@1 100.00 ( 99.92)	Acc@5 100.00 (100.00)
21-Jan-26 22:15:30 - Epoch: [72][6999/9000]	Time  0.068 ( 0.076)	Data  0.001 ( 0.001)	Loss 0.0000e+00 (3.2342e-03)	Acc@1 100.00 ( 99.91)	Acc@5 100.00 (100.00)
21-Jan-26 22:16:46 - Epoch: [72][7999/9000]	Time  0.072 ( 0.076)	Data  0.001 ( 0.001)	Loss 0.0000e+00 (4.2284e-03)	Acc@1 100.00 ( 99.90)	Acc@5 100.00 (100.00)
21-Jan-26 22:18:02 - Epoch: [72][8999/9000]	Time  0.065 ( 0.076)	Data  0.003 ( 0.001)	Loss 0.0000e+00 (5.2171e-03)	Acc@1 100.00 ( 99.89)	Acc@5 100.00 (100.00)
21-Jan-26 22:18:02 -  @Training * Acc@1 99.889 Acc@5 100.000 Loss 0.005
21-Jan-26 22:18:02 - One training epoch latency: 686.7s | Avg Power: 191.0W | Energy: 131157.3448J
21-Jan-26 22:18:13 -  @Testing * Acc@1 75.200 Acc@5 98.600 Loss 5.700
21-Jan-26 22:18:13 - Best acc at epoch 72: 75.20000457763672
21-Jan-26 22:18:13 - Last learning rate: [1.52587890625e-08]
21-Jan-26 22:18:13 - 	 Epoch 73...
21-Jan-26 22:19:29 - Epoch: [73][ 999/9000]	Time  0.078 ( 0.077)	Data  0.001 ( 0.002)	Loss 0.0000e+00 (2.8493e-03)	Acc@1 100.00 ( 99.90)	Acc@5 100.00 (100.00)
21-Jan-26 22:20:46 - Epoch: [73][1999/9000]	Time  0.070 ( 0.077)	Data  0.001 ( 0.001)	Loss 0.0000e+00 (2.0399e-02)	Acc@1 100.00 ( 99.75)	Acc@5 100.00 (100.00)
21-Jan-26 22:22:02 - Epoch: [73][2999/9000]	Time  0.110 ( 0.076)	Data  0.001 ( 0.001)	Loss 0.0000e+00 (1.3761e-02)	Acc@1 100.00 ( 99.83)	Acc@5 100.00 (100.00)
21-Jan-26 22:23:19 - Epoch: [73][3999/9000]	Time  0.070 ( 0.076)	Data  0.001 ( 0.001)	Loss 0.0000e+00 (1.5902e-02)	Acc@1 100.00 ( 99.85)	Acc@5 100.00 (100.00)
21-Jan-26 22:24:35 - Epoch: [73][4999/9000]	Time  0.076 ( 0.077)	Data  0.001 ( 0.001)	Loss 0.0000e+00 (1.5932e-02)	Acc@1 100.00 ( 99.84)	Acc@5 100.00 (100.00)
21-Jan-26 22:25:52 - Epoch: [73][5999/9000]	Time  0.073 ( 0.076)	Data  0.001 ( 0.001)	Loss 0.0000e+00 (1.4719e-02)	Acc@1 100.00 ( 99.82)	Acc@5 100.00 (100.00)
21-Jan-26 22:27:08 - Epoch: [73][6999/9000]	Time  0.074 ( 0.076)	Data  0.001 ( 0.001)	Loss 0.0000e+00 (1.3009e-02)	Acc@1 100.00 ( 99.83)	Acc@5 100.00 (100.00)
21-Jan-26 22:28:25 - Epoch: [73][7999/9000]	Time  0.067 ( 0.076)	Data  0.001 ( 0.001)	Loss 0.0000e+00 (1.3136e-02)	Acc@1 100.00 ( 99.83)	Acc@5 100.00 (100.00)
21-Jan-26 22:29:41 - Epoch: [73][8999/9000]	Time  0.060 ( 0.076)	Data  0.001 ( 0.001)	Loss 0.0000e+00 (1.2137e-02)	Acc@1 100.00 ( 99.82)	Acc@5 100.00 (100.00)
21-Jan-26 22:29:41 -  @Training * Acc@1 99.822 Acc@5 100.000 Loss 0.012
21-Jan-26 22:29:41 - One training epoch latency: 688.2s | Avg Power: 190.8W | Energy: 131340.7805J
21-Jan-26 22:29:51 -  @Testing * Acc@1 74.000 Acc@5 98.600 Loss 5.839
21-Jan-26 22:29:51 - Best acc at epoch 73: 75.20000457763672
21-Jan-26 22:29:51 - Last learning rate: [1.52587890625e-08]
21-Jan-26 22:29:51 - 	 Epoch 74...
21-Jan-26 22:31:08 - Epoch: [74][ 999/9000]	Time  0.108 ( 0.077)	Data  0.001 ( 0.002)	Loss 0.0000e+00 (1.5779e-03)	Acc@1 100.00 ( 99.90)	Acc@5 100.00 (100.00)
21-Jan-26 22:32:24 - Epoch: [74][1999/9000]	Time  0.076 ( 0.076)	Data  0.001 ( 0.001)	Loss 0.0000e+00 (7.9511e-04)	Acc@1 100.00 ( 99.95)	Acc@5 100.00 (100.00)
21-Jan-26 22:33:40 - Epoch: [74][2999/9000]	Time  0.080 ( 0.076)	Data  0.004 ( 0.001)	Loss 0.0000e+00 (2.6692e-03)	Acc@1 100.00 ( 99.90)	Acc@5 100.00 (100.00)
21-Jan-26 22:34:56 - Epoch: [74][3999/9000]	Time  0.076 ( 0.076)	Data  0.001 ( 0.001)	Loss 0.0000e+00 (8.6788e-03)	Acc@1 100.00 ( 99.85)	Acc@5 100.00 (100.00)
21-Jan-26 22:36:12 - Epoch: [74][4999/9000]	Time  0.071 ( 0.076)	Data  0.001 ( 0.001)	Loss 0.0000e+00 (8.7993e-03)	Acc@1 100.00 ( 99.82)	Acc@5 100.00 (100.00)
21-Jan-26 22:37:29 - Epoch: [74][5999/9000]	Time  0.074 ( 0.076)	Data  0.001 ( 0.001)	Loss 0.0000e+00 (8.8577e-03)	Acc@1 100.00 ( 99.82)	Acc@5 100.00 (100.00)
21-Jan-26 22:38:45 - Epoch: [74][6999/9000]	Time  0.110 ( 0.076)	Data  0.001 ( 0.001)	Loss 0.0000e+00 (7.6003e-03)	Acc@1 100.00 ( 99.84)	Acc@5 100.00 (100.00)
21-Jan-26 22:40:02 - Epoch: [74][7999/9000]	Time  0.070 ( 0.076)	Data  0.001 ( 0.001)	Loss 0.0000e+00 (7.1041e-03)	Acc@1 100.00 ( 99.84)	Acc@5 100.00 (100.00)
21-Jan-26 22:41:18 - Epoch: [74][8999/9000]	Time  0.059 ( 0.076)	Data  0.001 ( 0.001)	Loss 0.0000e+00 (7.9911e-03)	Acc@1 100.00 ( 99.84)	Acc@5 100.00 (100.00)
21-Jan-26 22:41:18 -  @Training * Acc@1 99.844 Acc@5 100.000 Loss 0.008
21-Jan-26 22:41:18 - One training epoch latency: 686.4s | Avg Power: 190.6W | Energy: 130808.3009J
21-Jan-26 22:41:28 -  @Testing * Acc@1 74.100 Acc@5 98.800 Loss 5.739
21-Jan-26 22:41:28 - Best acc at epoch 74: 75.20000457763672
21-Jan-26 22:41:28 - Last learning rate: [1.52587890625e-08]
21-Jan-26 22:41:28 - 	 Epoch 75...
21-Jan-26 22:42:45 - Epoch: [75][ 999/9000]	Time  0.079 ( 0.077)	Data  0.001 ( 0.001)	Loss 0.0000e+00 (2.6662e-03)	Acc@1 100.00 ( 99.90)	Acc@5 100.00 (100.00)
21-Jan-26 22:44:02 - Epoch: [75][1999/9000]	Time  0.077 ( 0.077)	Data  0.001 ( 0.001)	Loss 0.0000e+00 (1.4490e-03)	Acc@1 100.00 ( 99.95)	Acc@5 100.00 (100.00)
21-Jan-26 22:45:17 - Epoch: [75][2999/9000]	Time  0.084 ( 0.076)	Data  0.001 ( 0.001)	Loss 0.0000e+00 (7.8328e-03)	Acc@1 100.00 ( 99.90)	Acc@5 100.00 (100.00)
21-Jan-26 22:46:34 - Epoch: [75][3999/9000]	Time  0.070 ( 0.077)	Data  0.001 ( 0.001)	Loss 0.0000e+00 (9.5215e-03)	Acc@1 100.00 ( 99.83)	Acc@5 100.00 (100.00)
21-Jan-26 22:47:50 - Epoch: [75][4999/9000]	Time  0.075 ( 0.076)	Data  0.001 ( 0.001)	Loss 0.0000e+00 (7.6924e-03)	Acc@1 100.00 ( 99.86)	Acc@5 100.00 (100.00)
21-Jan-26 22:49:07 - Epoch: [75][5999/9000]	Time  0.077 ( 0.076)	Data  0.001 ( 0.001)	Loss 0.0000e+00 (7.8667e-03)	Acc@1 100.00 ( 99.85)	Acc@5 100.00 (100.00)
21-Jan-26 22:50:23 - Epoch: [75][6999/9000]	Time  0.076 ( 0.076)	Data  0.002 ( 0.001)	Loss 0.0000e+00 (7.4139e-03)	Acc@1 100.00 ( 99.84)	Acc@5 100.00 (100.00)
21-Jan-26 22:51:39 - Epoch: [75][7999/9000]	Time  0.077 ( 0.076)	Data  0.001 ( 0.001)	Loss 2.8610e-06 (6.9982e-03)	Acc@1 100.00 ( 99.85)	Acc@5 100.00 (100.00)
21-Jan-26 22:53:01 - Epoch: [75][8999/9000]	Time  0.062 ( 0.077)	Data  0.001 ( 0.001)	Loss 0.0000e+00 (8.1266e-03)	Acc@1 100.00 ( 99.84)	Acc@5 100.00 (100.00)
21-Jan-26 22:53:01 -  @Training * Acc@1 99.844 Acc@5 100.000 Loss 0.008
21-Jan-26 22:53:01 - One training epoch latency: 692.5s | Avg Power: 189.8W | Energy: 131452.7057J
21-Jan-26 22:53:11 -  @Testing * Acc@1 74.400 Acc@5 98.900 Loss 5.713
21-Jan-26 22:53:11 - Best acc at epoch 75: 75.20000457763672
21-Jan-26 22:53:11 - Last learning rate: [1.52587890625e-08]
21-Jan-26 22:53:11 - 	 Epoch 76...
21-Jan-26 22:54:29 - Epoch: [76][ 999/9000]	Time  0.089 ( 0.077)	Data  0.001 ( 0.002)	Loss 0.0000e+00 (1.7835e-04)	Acc@1 100.00 (100.00)	Acc@5 100.00 (100.00)
21-Jan-26 22:55:47 - Epoch: [76][1999/9000]	Time  0.080 ( 0.078)	Data  0.002 ( 0.001)	Loss 0.0000e+00 (4.9377e-03)	Acc@1 100.00 ( 99.95)	Acc@5 100.00 (100.00)
21-Jan-26 22:57:05 - Epoch: [76][2999/9000]	Time  0.103 ( 0.078)	Data  0.002 ( 0.001)	Loss 0.0000e+00 (3.3538e-03)	Acc@1 100.00 ( 99.97)	Acc@5 100.00 (100.00)
21-Jan-26 22:58:23 - Epoch: [76][3999/9000]	Time  0.079 ( 0.078)	Data  0.001 ( 0.001)	Loss 0.0000e+00 (4.0488e-03)	Acc@1 100.00 ( 99.93)	Acc@5 100.00 (100.00)
21-Jan-26 22:59:41 - Epoch: [76][4999/9000]	Time  0.073 ( 0.078)	Data  0.001 ( 0.001)	Loss 0.0000e+00 (3.3126e-03)	Acc@1 100.00 ( 99.94)	Acc@5 100.00 (100.00)
21-Jan-26 23:00:59 - Epoch: [76][5999/9000]	Time  0.072 ( 0.078)	Data  0.001 ( 0.001)	Loss 0.0000e+00 (5.7340e-03)	Acc@1 100.00 ( 99.90)	Acc@5 100.00 (100.00)
21-Jan-26 23:02:17 - Epoch: [76][6999/9000]	Time  0.069 ( 0.078)	Data  0.001 ( 0.001)	Loss 0.0000e+00 (4.9186e-03)	Acc@1 100.00 ( 99.91)	Acc@5 100.00 (100.00)
21-Jan-26 23:03:36 - Epoch: [76][7999/9000]	Time  0.076 ( 0.078)	Data  0.001 ( 0.001)	Loss 0.0000e+00 (5.2998e-03)	Acc@1 100.00 ( 99.91)	Acc@5 100.00 (100.00)
21-Jan-26 23:04:53 - Epoch: [76][8999/9000]	Time  0.072 ( 0.078)	Data  0.003 ( 0.001)	Loss 0.0000e+00 (4.9181e-03)	Acc@1 100.00 ( 99.91)	Acc@5 100.00 (100.00)
21-Jan-26 23:04:54 -  @Training * Acc@1 99.911 Acc@5 100.000 Loss 0.005
21-Jan-26 23:04:54 - One training epoch latency: 702.1s | Avg Power: 188.5W | Energy: 132364.6724J
21-Jan-26 23:05:04 -  @Testing * Acc@1 74.000 Acc@5 98.800 Loss 5.785
21-Jan-26 23:05:04 - Best acc at epoch 76: 75.20000457763672
21-Jan-26 23:05:04 - Last learning rate: [1.52587890625e-08]
21-Jan-26 23:05:04 - 	 Epoch 77...
21-Jan-26 23:06:23 - Epoch: [77][ 999/9000]	Time  0.074 ( 0.079)	Data  0.001 ( 0.002)	Loss 0.0000e+00 (7.8564e-03)	Acc@1 100.00 ( 99.80)	Acc@5 100.00 (100.00)
21-Jan-26 23:07:43 - Epoch: [77][1999/9000]	Time  0.074 ( 0.080)	Data  0.001 ( 0.002)	Loss 0.0000e+00 (6.6749e-03)	Acc@1 100.00 ( 99.85)	Acc@5 100.00 (100.00)
21-Jan-26 23:09:02 - Epoch: [77][2999/9000]	Time  0.085 ( 0.079)	Data  0.001 ( 0.001)	Loss 0.0000e+00 (4.8231e-03)	Acc@1 100.00 ( 99.87)	Acc@5 100.00 (100.00)
21-Jan-26 23:10:20 - Epoch: [77][3999/9000]	Time  0.076 ( 0.079)	Data  0.001 ( 0.001)	Loss 0.0000e+00 (3.6190e-03)	Acc@1 100.00 ( 99.90)	Acc@5 100.00 (100.00)
21-Jan-26 23:11:39 - Epoch: [77][4999/9000]	Time  0.067 ( 0.079)	Data  0.001 ( 0.001)	Loss 0.0000e+00 (4.0770e-03)	Acc@1 100.00 ( 99.90)	Acc@5 100.00 (100.00)
21-Jan-26 23:12:58 - Epoch: [77][5999/9000]	Time  0.079 ( 0.079)	Data  0.001 ( 0.001)	Loss 0.0000e+00 (6.7898e-03)	Acc@1 100.00 ( 99.88)	Acc@5 100.00 (100.00)
21-Jan-26 23:14:17 - Epoch: [77][6999/9000]	Time  0.082 ( 0.079)	Data  0.001 ( 0.001)	Loss 0.0000e+00 (6.8799e-03)	Acc@1 100.00 ( 99.87)	Acc@5 100.00 (100.00)
21-Jan-26 23:15:36 - Epoch: [77][7999/9000]	Time  0.084 ( 0.079)	Data  0.002 ( 0.001)	Loss 0.0000e+00 (8.6049e-03)	Acc@1 100.00 ( 99.88)	Acc@5 100.00 (100.00)
21-Jan-26 23:16:54 - Epoch: [77][8999/9000]	Time  0.073 ( 0.079)	Data  0.001 ( 0.001)	Loss 0.0000e+00 (7.9389e-03)	Acc@1 100.00 ( 99.88)	Acc@5 100.00 (100.00)
21-Jan-26 23:16:54 -  @Training * Acc@1 99.878 Acc@5 100.000 Loss 0.008
21-Jan-26 23:16:54 - One training epoch latency: 710.4s | Avg Power: 188.2W | Energy: 133700.7508J
21-Jan-26 23:17:05 -  @Testing * Acc@1 74.100 Acc@5 98.700 Loss 5.804
21-Jan-26 23:17:05 - Best acc at epoch 77: 75.20000457763672
21-Jan-26 23:17:05 - Last learning rate: [1.52587890625e-08]
21-Jan-26 23:17:05 - 	 Epoch 78...
21-Jan-26 23:18:23 - Epoch: [78][ 999/9000]	Time  0.074 ( 0.078)	Data  0.001 ( 0.002)	Loss 0.0000e+00 (4.5172e-04)	Acc@1 100.00 (100.00)	Acc@5 100.00 (100.00)
21-Jan-26 23:19:41 - Epoch: [78][1999/9000]	Time  0.074 ( 0.078)	Data  0.001 ( 0.002)	Loss 0.0000e+00 (2.3082e-04)	Acc@1 100.00 (100.00)	Acc@5 100.00 (100.00)
21-Jan-26 23:20:59 - Epoch: [78][2999/9000]	Time  0.072 ( 0.078)	Data  0.003 ( 0.002)	Loss 0.0000e+00 (1.6620e-04)	Acc@1 100.00 (100.00)	Acc@5 100.00 (100.00)
21-Jan-26 23:22:17 - Epoch: [78][3999/9000]	Time  0.087 ( 0.078)	Data  0.001 ( 0.002)	Loss 0.0000e+00 (3.2165e-04)	Acc@1 100.00 ( 99.98)	Acc@5 100.00 (100.00)
21-Jan-26 23:23:35 - Epoch: [78][4999/9000]	Time  0.079 ( 0.078)	Data  0.001 ( 0.001)	Loss 0.0000e+00 (4.5256e-03)	Acc@1 100.00 ( 99.96)	Acc@5 100.00 (100.00)
21-Jan-26 23:24:53 - Epoch: [78][5999/9000]	Time  0.082 ( 0.078)	Data  0.003 ( 0.001)	Loss 0.0000e+00 (4.2357e-03)	Acc@1 100.00 ( 99.95)	Acc@5 100.00 (100.00)
21-Jan-26 23:26:11 - Epoch: [78][6999/9000]	Time  0.071 ( 0.078)	Data  0.001 ( 0.001)	Loss 0.0000e+00 (5.0718e-03)	Acc@1 100.00 ( 99.93)	Acc@5 100.00 (100.00)
21-Jan-26 23:27:29 - Epoch: [78][7999/9000]	Time  0.077 ( 0.078)	Data  0.002 ( 0.001)	Loss 0.0000e+00 (4.7971e-03)	Acc@1 100.00 ( 99.93)	Acc@5 100.00 (100.00)
21-Jan-26 23:28:48 - Epoch: [78][8999/9000]	Time  0.066 ( 0.078)	Data  0.001 ( 0.001)	Loss 0.0000e+00 (4.2974e-03)	Acc@1 100.00 ( 99.93)	Acc@5 100.00 (100.00)
21-Jan-26 23:28:48 -  @Training * Acc@1 99.933 Acc@5 100.000 Loss 0.004
21-Jan-26 23:28:48 - One training epoch latency: 703.1s | Avg Power: 189.0W | Energy: 132906.1238J
21-Jan-26 23:28:58 -  @Testing * Acc@1 74.200 Acc@5 98.400 Loss 5.838
21-Jan-26 23:28:58 - Best acc at epoch 78: 75.20000457763672
21-Jan-26 23:28:58 - Last learning rate: [1.52587890625e-08]
21-Jan-26 23:28:58 - 	 Epoch 79...
21-Jan-26 23:30:16 - Epoch: [79][ 999/9000]	Time  0.077 ( 0.078)	Data  0.001 ( 0.002)	Loss 0.0000e+00 (1.7965e-02)	Acc@1 100.00 ( 99.90)	Acc@5 100.00 (100.00)
21-Jan-26 23:31:35 - Epoch: [79][1999/9000]	Time  0.073 ( 0.078)	Data  0.001 ( 0.002)	Loss 0.0000e+00 (9.0226e-03)	Acc@1 100.00 ( 99.95)	Acc@5 100.00 (100.00)
21-Jan-26 23:32:53 - Epoch: [79][2999/9000]	Time  0.076 ( 0.078)	Data  0.002 ( 0.001)	Loss 0.0000e+00 (6.7806e-03)	Acc@1 100.00 ( 99.93)	Acc@5 100.00 (100.00)
21-Jan-26 23:34:11 - Epoch: [79][3999/9000]	Time  0.073 ( 0.078)	Data  0.001 ( 0.001)	Loss 0.0000e+00 (1.3832e-02)	Acc@1 100.00 ( 99.88)	Acc@5 100.00 (100.00)
21-Jan-26 23:35:29 - Epoch: [79][4999/9000]	Time  0.078 ( 0.078)	Data  0.001 ( 0.001)	Loss 0.0000e+00 (1.1731e-02)	Acc@1 100.00 ( 99.86)	Acc@5 100.00 (100.00)
21-Jan-26 23:36:46 - Epoch: [79][5999/9000]	Time  0.080 ( 0.078)	Data  0.001 ( 0.001)	Loss 0.0000e+00 (9.7883e-03)	Acc@1 100.00 ( 99.88)	Acc@5 100.00 (100.00)
21-Jan-26 23:38:04 - Epoch: [79][6999/9000]	Time  0.066 ( 0.078)	Data  0.001 ( 0.001)	Loss 0.0000e+00 (8.8343e-03)	Acc@1 100.00 ( 99.89)	Acc@5 100.00 (100.00)
21-Jan-26 23:39:21 - Epoch: [79][7999/9000]	Time  0.084 ( 0.078)	Data  0.002 ( 0.001)	Loss 0.0000e+00 (7.9066e-03)	Acc@1 100.00 ( 99.89)	Acc@5 100.00 (100.00)
21-Jan-26 23:40:38 - Epoch: [79][8999/9000]	Time  0.068 ( 0.078)	Data  0.002 ( 0.001)	Loss 0.0000e+00 (7.4391e-03)	Acc@1 100.00 ( 99.89)	Acc@5 100.00 (100.00)
21-Jan-26 23:40:39 -  @Training * Acc@1 99.889 Acc@5 100.000 Loss 0.007
21-Jan-26 23:40:39 - One training epoch latency: 700.4s | Avg Power: 189.0W | Energy: 132384.8241J
21-Jan-26 23:40:49 -  @Testing * Acc@1 74.000 Acc@5 98.700 Loss 5.747
21-Jan-26 23:40:49 - Best acc at epoch 79: 75.20000457763672
21-Jan-26 23:40:49 - Last learning rate: [1.52587890625e-08]
21-Jan-26 23:40:49 - 	 Epoch 80...
21-Jan-26 23:42:06 - Epoch: [80][ 999/9000]	Time  0.069 ( 0.077)	Data  0.001 ( 0.002)	Loss 0.0000e+00 (3.6255e-03)	Acc@1 100.00 ( 99.90)	Acc@5 100.00 (100.00)
21-Jan-26 23:43:24 - Epoch: [80][1999/9000]	Time  0.076 ( 0.078)	Data  0.001 ( 0.002)	Loss 0.0000e+00 (6.5213e-03)	Acc@1 100.00 ( 99.90)	Acc@5 100.00 (100.00)
21-Jan-26 23:44:42 - Epoch: [80][2999/9000]	Time  0.072 ( 0.078)	Data  0.001 ( 0.001)	Loss 0.0000e+00 (8.0662e-03)	Acc@1 100.00 ( 99.90)	Acc@5 100.00 (100.00)
21-Jan-26 23:45:58 - Epoch: [80][3999/9000]	Time  0.083 ( 0.077)	Data  0.001 ( 0.001)	Loss 0.0000e+00 (8.1797e-03)	Acc@1 100.00 ( 99.88)	Acc@5 100.00 (100.00)
21-Jan-26 23:47:15 - Epoch: [80][4999/9000]	Time  0.066 ( 0.077)	Data  0.001 ( 0.001)	Loss 0.0000e+00 (6.6422e-03)	Acc@1 100.00 ( 99.90)	Acc@5 100.00 (100.00)
21-Jan-26 23:48:32 - Epoch: [80][5999/9000]	Time  0.076 ( 0.077)	Data  0.001 ( 0.001)	Loss 0.0000e+00 (5.6312e-03)	Acc@1 100.00 ( 99.92)	Acc@5 100.00 (100.00)
21-Jan-26 23:49:49 - Epoch: [80][6999/9000]	Time  0.075 ( 0.077)	Data  0.003 ( 0.001)	Loss 0.0000e+00 (4.9672e-03)	Acc@1 100.00 ( 99.91)	Acc@5 100.00 (100.00)
21-Jan-26 23:51:06 - Epoch: [80][7999/9000]	Time  0.078 ( 0.077)	Data  0.002 ( 0.001)	Loss 0.0000e+00 (5.1466e-03)	Acc@1 100.00 ( 99.90)	Acc@5 100.00 (100.00)
21-Jan-26 23:52:24 - Epoch: [80][8999/9000]	Time  0.077 ( 0.077)	Data  0.003 ( 0.001)	Loss 0.0000e+00 (5.4591e-03)	Acc@1 100.00 ( 99.89)	Acc@5 100.00 (100.00)
21-Jan-26 23:52:24 -  @Training * Acc@1 99.889 Acc@5 100.000 Loss 0.005
21-Jan-26 23:52:24 - One training epoch latency: 695.1s | Avg Power: 189.6W | Energy: 131765.5219J
21-Jan-26 23:52:34 -  @Testing * Acc@1 74.000 Acc@5 98.800 Loss 5.754
21-Jan-26 23:52:34 - Best acc at epoch 80: 75.20000457763672
21-Jan-26 23:52:34 - Last learning rate: [1.52587890625e-08]
21-Jan-26 23:52:34 - 	 Epoch 81...
21-Jan-26 23:53:52 - Epoch: [81][ 999/9000]	Time  0.099 ( 0.078)	Data  0.002 ( 0.002)	Loss 0.0000e+00 (2.2926e-05)	Acc@1 100.00 (100.00)	Acc@5 100.00 (100.00)
21-Jan-26 23:55:10 - Epoch: [81][1999/9000]	Time  0.077 ( 0.078)	Data  0.001 ( 0.002)	Loss 0.0000e+00 (5.4351e-03)	Acc@1 100.00 ( 99.85)	Acc@5 100.00 (100.00)
21-Jan-26 23:56:27 - Epoch: [81][2999/9000]	Time  0.068 ( 0.077)	Data  0.001 ( 0.002)	Loss 0.0000e+00 (4.0828e-03)	Acc@1 100.00 ( 99.87)	Acc@5 100.00 (100.00)
21-Jan-26 23:57:44 - Epoch: [81][3999/9000]	Time  0.072 ( 0.077)	Data  0.001 ( 0.001)	Loss 0.0000e+00 (3.0642e-03)	Acc@1 100.00 ( 99.90)	Acc@5 100.00 (100.00)
21-Jan-26 23:59:02 - Epoch: [81][4999/9000]	Time  0.074 ( 0.077)	Data  0.001 ( 0.001)	Loss 0.0000e+00 (4.2687e-03)	Acc@1 100.00 ( 99.88)	Acc@5 100.00 (100.00)
22-Jan-26 00:00:19 - Epoch: [81][5999/9000]	Time  0.080 ( 0.077)	Data  0.002 ( 0.001)	Loss 0.0000e+00 (5.4624e-03)	Acc@1 100.00 ( 99.87)	Acc@5 100.00 (100.00)
22-Jan-26 00:01:37 - Epoch: [81][6999/9000]	Time  0.072 ( 0.077)	Data  0.001 ( 0.001)	Loss 0.0000e+00 (6.6457e-03)	Acc@1 100.00 ( 99.87)	Acc@5 100.00 (100.00)
22-Jan-26 00:02:54 - Epoch: [81][7999/9000]	Time  0.067 ( 0.077)	Data  0.001 ( 0.001)	Loss 0.0000e+00 (5.8232e-03)	Acc@1 100.00 ( 99.89)	Acc@5 100.00 (100.00)
22-Jan-26 00:04:12 - Epoch: [81][8999/9000]	Time  0.067 ( 0.077)	Data  0.002 ( 0.001)	Loss 0.0000e+00 (5.9152e-03)	Acc@1 100.00 ( 99.88)	Acc@5 100.00 (100.00)
22-Jan-26 00:04:12 -  @Training * Acc@1 99.878 Acc@5 100.000 Loss 0.006
22-Jan-26 00:04:12 - One training epoch latency: 697.4s | Avg Power: 189.2W | Energy: 131922.6467J
22-Jan-26 00:04:22 -  @Testing * Acc@1 74.300 Acc@5 98.800 Loss 5.815
22-Jan-26 00:04:22 - Best acc at epoch 81: 75.20000457763672
22-Jan-26 00:04:22 - Last learning rate: [1.52587890625e-08]
22-Jan-26 00:04:22 - 	 Epoch 82...
22-Jan-26 00:05:40 - Epoch: [82][ 999/9000]	Time  0.080 ( 0.077)	Data  0.001 ( 0.002)	Loss 0.0000e+00 (1.6007e-03)	Acc@1 100.00 ( 99.90)	Acc@5 100.00 (100.00)
22-Jan-26 00:06:58 - Epoch: [82][1999/9000]	Time  0.072 ( 0.078)	Data  0.001 ( 0.002)	Loss 0.0000e+00 (3.1861e-03)	Acc@1 100.00 ( 99.85)	Acc@5 100.00 (100.00)
22-Jan-26 00:08:15 - Epoch: [82][2999/9000]	Time  0.075 ( 0.078)	Data  0.001 ( 0.001)	Loss 0.0000e+00 (2.3835e-03)	Acc@1 100.00 ( 99.90)	Acc@5 100.00 (100.00)
22-Jan-26 00:09:32 - Epoch: [82][3999/9000]	Time  0.075 ( 0.078)	Data  0.001 ( 0.001)	Loss 0.0000e+00 (5.6902e-03)	Acc@1 100.00 ( 99.88)	Acc@5 100.00 (100.00)
22-Jan-26 00:10:50 - Epoch: [82][4999/9000]	Time  0.108 ( 0.078)	Data  0.001 ( 0.001)	Loss 0.0000e+00 (6.0974e-03)	Acc@1 100.00 ( 99.86)	Acc@5 100.00 (100.00)
22-Jan-26 00:12:07 - Epoch: [82][5999/9000]	Time  0.076 ( 0.077)	Data  0.001 ( 0.001)	Loss 3.5763e-07 (7.4617e-03)	Acc@1 100.00 ( 99.87)	Acc@5 100.00 (100.00)
22-Jan-26 00:13:25 - Epoch: [82][6999/9000]	Time  0.083 ( 0.077)	Data  0.001 ( 0.001)	Loss 0.0000e+00 (9.1393e-03)	Acc@1 100.00 ( 99.86)	Acc@5 100.00 (100.00)
22-Jan-26 00:14:42 - Epoch: [82][7999/9000]	Time  0.082 ( 0.077)	Data  0.003 ( 0.001)	Loss 0.0000e+00 (8.0075e-03)	Acc@1 100.00 ( 99.88)	Acc@5 100.00 (100.00)
22-Jan-26 00:15:59 - Epoch: [82][8999/9000]	Time  0.061 ( 0.077)	Data  0.001 ( 0.001)	Loss 0.0000e+00 (8.4711e-03)	Acc@1 100.00 ( 99.87)	Acc@5 100.00 (100.00)
22-Jan-26 00:15:59 -  @Training * Acc@1 99.867 Acc@5 100.000 Loss 0.008
22-Jan-26 00:15:59 - One training epoch latency: 697.0s | Avg Power: 189.8W | Energy: 132271.5570J
22-Jan-26 00:16:10 -  @Testing * Acc@1 73.600 Acc@5 98.500 Loss 5.768
22-Jan-26 00:16:10 - Best acc at epoch 82: 75.20000457763672
22-Jan-26 00:16:10 - Last learning rate: [1.52587890625e-08]
22-Jan-26 00:16:10 - 	 Epoch 83...
22-Jan-26 00:17:27 - Epoch: [83][ 999/9000]	Time  0.076 ( 0.078)	Data  0.002 ( 0.002)	Loss 0.0000e+00 (1.7211e-02)	Acc@1 100.00 ( 99.80)	Acc@5 100.00 (100.00)
22-Jan-26 00:18:45 - Epoch: [83][1999/9000]	Time  0.072 ( 0.077)	Data  0.001 ( 0.002)	Loss 0.0000e+00 (9.3113e-03)	Acc@1 100.00 ( 99.85)	Acc@5 100.00 (100.00)
22-Jan-26 00:20:02 - Epoch: [83][2999/9000]	Time  0.073 ( 0.078)	Data  0.001 ( 0.001)	Loss 0.0000e+00 (6.9883e-03)	Acc@1 100.00 ( 99.87)	Acc@5 100.00 (100.00)
22-Jan-26 00:21:19 - Epoch: [83][3999/9000]	Time  0.069 ( 0.077)	Data  0.001 ( 0.001)	Loss 0.0000e+00 (8.2451e-03)	Acc@1 100.00 ( 99.85)	Acc@5 100.00 (100.00)
22-Jan-26 00:22:37 - Epoch: [83][4999/9000]	Time  0.078 ( 0.077)	Data  0.003 ( 0.001)	Loss 0.0000e+00 (6.6613e-03)	Acc@1 100.00 ( 99.88)	Acc@5 100.00 (100.00)
22-Jan-26 00:23:54 - Epoch: [83][5999/9000]	Time  0.067 ( 0.077)	Data  0.001 ( 0.001)	Loss 0.0000e+00 (5.7098e-03)	Acc@1 100.00 ( 99.88)	Acc@5 100.00 (100.00)
22-Jan-26 00:25:10 - Epoch: [83][6999/9000]	Time  0.110 ( 0.077)	Data  0.002 ( 0.001)	Loss 0.0000e+00 (4.9148e-03)	Acc@1 100.00 ( 99.90)	Acc@5 100.00 (100.00)
22-Jan-26 00:26:27 - Epoch: [83][7999/9000]	Time  0.075 ( 0.077)	Data  0.001 ( 0.001)	Loss 0.0000e+00 (4.3038e-03)	Acc@1 100.00 ( 99.91)	Acc@5 100.00 (100.00)
22-Jan-26 00:27:43 - Epoch: [83][8999/9000]	Time  0.061 ( 0.077)	Data  0.001 ( 0.001)	Loss 0.0000e+00 (4.2904e-03)	Acc@1 100.00 ( 99.91)	Acc@5 100.00 (100.00)
22-Jan-26 00:27:43 -  @Training * Acc@1 99.911 Acc@5 100.000 Loss 0.004
22-Jan-26 00:27:43 - One training epoch latency: 693.2s | Avg Power: 189.9W | Energy: 131666.6353J
22-Jan-26 00:27:54 -  @Testing * Acc@1 73.700 Acc@5 98.500 Loss 5.881
22-Jan-26 00:27:54 - Best acc at epoch 83: 75.20000457763672
22-Jan-26 00:27:54 - Last learning rate: [1.52587890625e-08]
22-Jan-26 00:27:54 - 	 Epoch 84...
22-Jan-26 00:29:11 - Epoch: [84][ 999/9000]	Time  0.068 ( 0.077)	Data  0.001 ( 0.002)	Loss 0.0000e+00 (1.1250e-03)	Acc@1 100.00 ( 99.90)	Acc@5 100.00 (100.00)
22-Jan-26 00:30:27 - Epoch: [84][1999/9000]	Time  0.071 ( 0.077)	Data  0.001 ( 0.002)	Loss 0.0000e+00 (4.4834e-03)	Acc@1 100.00 ( 99.90)	Acc@5 100.00 (100.00)
22-Jan-26 00:31:43 - Epoch: [84][2999/9000]	Time  0.078 ( 0.077)	Data  0.001 ( 0.001)	Loss 0.0000e+00 (5.0046e-03)	Acc@1 100.00 ( 99.87)	Acc@5 100.00 (100.00)
22-Jan-26 00:33:00 - Epoch: [84][3999/9000]	Time  0.092 ( 0.077)	Data  0.001 ( 0.001)	Loss 0.0000e+00 (5.6000e-03)	Acc@1 100.00 ( 99.83)	Acc@5 100.00 (100.00)
22-Jan-26 00:34:16 - Epoch: [84][4999/9000]	Time  0.071 ( 0.077)	Data  0.001 ( 0.001)	Loss 0.0000e+00 (6.6589e-03)	Acc@1 100.00 ( 99.82)	Acc@5 100.00 (100.00)
22-Jan-26 00:35:33 - Epoch: [84][5999/9000]	Time  0.076 ( 0.077)	Data  0.001 ( 0.001)	Loss 0.0000e+00 (6.0897e-03)	Acc@1 100.00 ( 99.83)	Acc@5 100.00 (100.00)
22-Jan-26 00:36:49 - Epoch: [84][6999/9000]	Time  0.066 ( 0.076)	Data  0.001 ( 0.001)	Loss 0.0000e+00 (7.1179e-03)	Acc@1 100.00 ( 99.84)	Acc@5 100.00 (100.00)
22-Jan-26 00:38:06 - Epoch: [84][7999/9000]	Time  0.077 ( 0.076)	Data  0.002 ( 0.001)	Loss 0.0000e+00 (6.2486e-03)	Acc@1 100.00 ( 99.86)	Acc@5 100.00 (100.00)
22-Jan-26 00:39:22 - Epoch: [84][8999/9000]	Time  0.067 ( 0.077)	Data  0.001 ( 0.001)	Loss 0.0000e+00 (7.6440e-03)	Acc@1 100.00 ( 99.86)	Acc@5 100.00 (100.00)
22-Jan-26 00:39:22 -  @Training * Acc@1 99.856 Acc@5 100.000 Loss 0.008
22-Jan-26 00:39:22 - One training epoch latency: 688.7s | Avg Power: 190.6W | Energy: 131233.2752J
22-Jan-26 00:39:33 -  @Testing * Acc@1 73.300 Acc@5 98.800 Loss 5.827
22-Jan-26 00:39:33 - Best acc at epoch 84: 75.20000457763672
22-Jan-26 00:39:33 - Last learning rate: [1.52587890625e-08]
22-Jan-26 00:39:33 - 	 Epoch 85...
22-Jan-26 00:40:49 - Epoch: [85][ 999/9000]	Time  0.121 ( 0.076)	Data  0.001 ( 0.002)	Loss 0.0000e+00 (1.6949e-05)	Acc@1 100.00 (100.00)	Acc@5 100.00 (100.00)
22-Jan-26 00:42:06 - Epoch: [85][1999/9000]	Time  0.070 ( 0.077)	Data  0.001 ( 0.001)	Loss 0.0000e+00 (2.4774e-04)	Acc@1 100.00 (100.00)	Acc@5 100.00 (100.00)
22-Jan-26 00:43:22 - Epoch: [85][2999/9000]	Time  0.078 ( 0.077)	Data  0.001 ( 0.001)	Loss 0.0000e+00 (8.1533e-03)	Acc@1 100.00 ( 99.90)	Acc@5 100.00 (100.00)
22-Jan-26 00:44:39 - Epoch: [85][3999/9000]	Time  0.072 ( 0.077)	Data  0.001 ( 0.001)	Loss 0.0000e+00 (6.1491e-03)	Acc@1 100.00 ( 99.93)	Acc@5 100.00 (100.00)
22-Jan-26 00:45:56 - Epoch: [85][4999/9000]	Time  0.078 ( 0.077)	Data  0.001 ( 0.001)	Loss 0.0000e+00 (5.4961e-03)	Acc@1 100.00 ( 99.90)	Acc@5 100.00 (100.00)
22-Jan-26 00:47:12 - Epoch: [85][5999/9000]	Time  0.079 ( 0.077)	Data  0.002 ( 0.001)	Loss 0.0000e+00 (1.0558e-02)	Acc@1 100.00 ( 99.87)	Acc@5 100.00 (100.00)
22-Jan-26 00:48:29 - Epoch: [85][6999/9000]	Time  0.074 ( 0.077)	Data  0.001 ( 0.001)	Loss 0.0000e+00 (1.0265e-02)	Acc@1 100.00 ( 99.84)	Acc@5 100.00 (100.00)
22-Jan-26 00:49:45 - Epoch: [85][7999/9000]	Time  0.067 ( 0.077)	Data  0.001 ( 0.001)	Loss 0.0000e+00 (9.0869e-03)	Acc@1 100.00 ( 99.85)	Acc@5 100.00 (100.00)
22-Jan-26 00:51:01 - Epoch: [85][8999/9000]	Time  0.062 ( 0.077)	Data  0.001 ( 0.001)	Loss 0.0000e+00 (1.0835e-02)	Acc@1 100.00 ( 99.83)	Acc@5 100.00 (100.00)
22-Jan-26 00:51:01 -  @Training * Acc@1 99.833 Acc@5 100.000 Loss 0.011
22-Jan-26 00:51:02 - One training epoch latency: 688.9s | Avg Power: 190.7W | Energy: 131374.4485J
22-Jan-26 00:51:12 -  @Testing * Acc@1 74.500 Acc@5 98.600 Loss 5.774
22-Jan-26 00:51:12 - Best acc at epoch 85: 75.20000457763672
22-Jan-26 00:51:12 - Last learning rate: [1.52587890625e-08]
22-Jan-26 00:51:12 - 	 Epoch 86...
22-Jan-26 00:52:28 - Epoch: [86][ 999/9000]	Time  0.067 ( 0.076)	Data  0.001 ( 0.001)	Loss 0.0000e+00 (3.9572e-03)	Acc@1 100.00 ( 99.70)	Acc@5 100.00 (100.00)
22-Jan-26 00:53:45 - Epoch: [86][1999/9000]	Time  0.076 ( 0.077)	Data  0.001 ( 0.001)	Loss 0.0000e+00 (1.1458e-02)	Acc@1 100.00 ( 99.65)	Acc@5 100.00 (100.00)
22-Jan-26 00:55:02 - Epoch: [86][2999/9000]	Time  0.068 ( 0.077)	Data  0.001 ( 0.001)	Loss 0.0000e+00 (8.7134e-03)	Acc@1 100.00 ( 99.70)	Acc@5 100.00 (100.00)
22-Jan-26 00:56:18 - Epoch: [86][3999/9000]	Time  0.075 ( 0.076)	Data  0.001 ( 0.001)	Loss 0.0000e+00 (7.0031e-03)	Acc@1 100.00 ( 99.73)	Acc@5 100.00 (100.00)
22-Jan-26 00:57:34 - Epoch: [86][4999/9000]	Time  0.074 ( 0.077)	Data  0.001 ( 0.001)	Loss 0.0000e+00 (5.6248e-03)	Acc@1 100.00 ( 99.78)	Acc@5 100.00 (100.00)
22-Jan-26 00:58:51 - Epoch: [86][5999/9000]	Time  0.066 ( 0.077)	Data  0.001 ( 0.001)	Loss 0.0000e+00 (6.3229e-03)	Acc@1 100.00 ( 99.80)	Acc@5 100.00 (100.00)
22-Jan-26 01:00:07 - Epoch: [86][6999/9000]	Time  0.075 ( 0.076)	Data  0.002 ( 0.001)	Loss 0.0000e+00 (6.2247e-03)	Acc@1 100.00 ( 99.80)	Acc@5 100.00 (100.00)
22-Jan-26 01:01:24 - Epoch: [86][7999/9000]	Time  0.078 ( 0.076)	Data  0.001 ( 0.001)	Loss 0.0000e+00 (5.9052e-03)	Acc@1 100.00 ( 99.81)	Acc@5 100.00 (100.00)
22-Jan-26 01:02:40 - Epoch: [86][8999/9000]	Time  0.060 ( 0.076)	Data  0.001 ( 0.001)	Loss 0.0000e+00 (5.2525e-03)	Acc@1 100.00 ( 99.83)	Acc@5 100.00 (100.00)
22-Jan-26 01:02:40 -  @Training * Acc@1 99.833 Acc@5 100.000 Loss 0.005
22-Jan-26 01:02:40 - One training epoch latency: 688.0s | Avg Power: 190.6W | Energy: 131144.8734J
22-Jan-26 01:02:50 -  @Testing * Acc@1 74.700 Acc@5 98.700 Loss 5.721
22-Jan-26 01:02:50 - Best acc at epoch 86: 75.20000457763672
22-Jan-26 01:02:50 - Last learning rate: [1.52587890625e-08]
22-Jan-26 01:02:51 - 	 Epoch 87...
22-Jan-26 01:04:07 - Epoch: [87][ 999/9000]	Time  0.070 ( 0.077)	Data  0.001 ( 0.002)	Loss 0.0000e+00 (7.1063e-03)	Acc@1 100.00 ( 99.70)	Acc@5 100.00 (100.00)
22-Jan-26 01:05:24 - Epoch: [87][1999/9000]	Time  0.070 ( 0.077)	Data  0.001 ( 0.001)	Loss 0.0000e+00 (3.7166e-03)	Acc@1 100.00 ( 99.85)	Acc@5 100.00 (100.00)
22-Jan-26 01:06:40 - Epoch: [87][2999/9000]	Time  0.070 ( 0.077)	Data  0.001 ( 0.001)	Loss 0.0000e+00 (2.7293e-03)	Acc@1 100.00 ( 99.90)	Acc@5 100.00 (100.00)
22-Jan-26 01:07:57 - Epoch: [87][3999/9000]	Time  0.075 ( 0.077)	Data  0.002 ( 0.001)	Loss 0.0000e+00 (2.2110e-03)	Acc@1 100.00 ( 99.93)	Acc@5 100.00 (100.00)
22-Jan-26 01:09:14 - Epoch: [87][4999/9000]	Time  0.078 ( 0.077)	Data  0.001 ( 0.001)	Loss 0.0000e+00 (2.6244e-03)	Acc@1 100.00 ( 99.92)	Acc@5 100.00 (100.00)
22-Jan-26 01:10:30 - Epoch: [87][5999/9000]	Time  0.100 ( 0.077)	Data  0.001 ( 0.001)	Loss 0.0000e+00 (2.1899e-03)	Acc@1 100.00 ( 99.93)	Acc@5 100.00 (100.00)
22-Jan-26 01:11:46 - Epoch: [87][6999/9000]	Time  0.068 ( 0.077)	Data  0.001 ( 0.001)	Loss 0.0000e+00 (3.1456e-03)	Acc@1 100.00 ( 99.91)	Acc@5 100.00 (100.00)
22-Jan-26 01:13:03 - Epoch: [87][7999/9000]	Time  0.068 ( 0.077)	Data  0.001 ( 0.001)	Loss 0.0000e+00 (5.5321e-03)	Acc@1 100.00 ( 99.90)	Acc@5 100.00 (100.00)
22-Jan-26 01:14:20 - Epoch: [87][8999/9000]	Time  0.061 ( 0.077)	Data  0.001 ( 0.001)	Loss 0.0000e+00 (4.9717e-03)	Acc@1 100.00 ( 99.91)	Acc@5 100.00 (100.00)
22-Jan-26 01:14:20 -  @Training * Acc@1 99.911 Acc@5 100.000 Loss 0.005
22-Jan-26 01:14:20 - One training epoch latency: 689.2s | Avg Power: 190.5W | Energy: 131298.2437J
22-Jan-26 01:14:30 -  @Testing * Acc@1 73.800 Acc@5 98.700 Loss 5.769
22-Jan-26 01:14:30 - Best acc at epoch 87: 75.20000457763672
22-Jan-26 01:14:30 - Last learning rate: [1.52587890625e-08]
22-Jan-26 01:14:30 - 	 Epoch 88...
22-Jan-26 01:15:46 - Epoch: [88][ 999/9000]	Time  0.077 ( 0.076)	Data  0.002 ( 0.002)	Loss 0.0000e+00 (1.3017e-02)	Acc@1 100.00 ( 99.70)	Acc@5 100.00 (100.00)
22-Jan-26 01:17:03 - Epoch: [88][1999/9000]	Time  0.071 ( 0.076)	Data  0.001 ( 0.001)	Loss 0.0000e+00 (8.4748e-03)	Acc@1 100.00 ( 99.75)	Acc@5 100.00 (100.00)
22-Jan-26 01:18:19 - Epoch: [88][2999/9000]	Time  0.072 ( 0.076)	Data  0.001 ( 0.001)	Loss 0.0000e+00 (5.6515e-03)	Acc@1 100.00 ( 99.83)	Acc@5 100.00 (100.00)
22-Jan-26 01:19:35 - Epoch: [88][3999/9000]	Time  0.073 ( 0.076)	Data  0.001 ( 0.001)	Loss 0.0000e+00 (4.4859e-03)	Acc@1 100.00 ( 99.85)	Acc@5 100.00 (100.00)
22-Jan-26 01:20:52 - Epoch: [88][4999/9000]	Time  0.076 ( 0.076)	Data  0.002 ( 0.001)	Loss 0.0000e+00 (3.6005e-03)	Acc@1 100.00 ( 99.88)	Acc@5 100.00 (100.00)
22-Jan-26 01:22:08 - Epoch: [88][5999/9000]	Time  0.072 ( 0.076)	Data  0.001 ( 0.001)	Loss 0.0000e+00 (4.1546e-03)	Acc@1 100.00 ( 99.87)	Acc@5 100.00 (100.00)
22-Jan-26 01:23:24 - Epoch: [88][6999/9000]	Time  0.074 ( 0.076)	Data  0.001 ( 0.001)	Loss 0.0000e+00 (4.0433e-03)	Acc@1 100.00 ( 99.87)	Acc@5 100.00 (100.00)
22-Jan-26 01:24:40 - Epoch: [88][7999/9000]	Time  0.069 ( 0.076)	Data  0.001 ( 0.001)	Loss 0.0000e+00 (3.5412e-03)	Acc@1 100.00 ( 99.89)	Acc@5 100.00 (100.00)
22-Jan-26 01:25:57 - Epoch: [88][8999/9000]	Time  0.066 ( 0.076)	Data  0.002 ( 0.001)	Loss 0.0000e+00 (4.4421e-03)	Acc@1 100.00 ( 99.88)	Acc@5 100.00 (100.00)
22-Jan-26 01:25:57 -  @Training * Acc@1 99.878 Acc@5 100.000 Loss 0.004
22-Jan-26 01:25:57 - One training epoch latency: 686.8s | Avg Power: 190.9W | Energy: 131106.3321J
22-Jan-26 01:26:07 -  @Testing * Acc@1 74.200 Acc@5 98.700 Loss 5.921
22-Jan-26 01:26:07 - Best acc at epoch 88: 75.20000457763672
22-Jan-26 01:26:07 - Last learning rate: [1.52587890625e-08]
22-Jan-26 01:26:07 - 	 Epoch 89...
22-Jan-26 01:27:24 - Epoch: [89][ 999/9000]	Time  0.067 ( 0.077)	Data  0.001 ( 0.001)	Loss 0.0000e+00 (4.1809e-06)	Acc@1 100.00 (100.00)	Acc@5 100.00 (100.00)
22-Jan-26 01:28:40 - Epoch: [89][1999/9000]	Time  0.099 ( 0.076)	Data  0.002 ( 0.001)	Loss 0.0000e+00 (8.4569e-04)	Acc@1 100.00 ( 99.95)	Acc@5 100.00 (100.00)
22-Jan-26 01:29:57 - Epoch: [89][2999/9000]	Time  0.072 ( 0.076)	Data  0.001 ( 0.001)	Loss 0.0000e+00 (2.2222e-03)	Acc@1 100.00 ( 99.90)	Acc@5 100.00 (100.00)
22-Jan-26 01:31:12 - Epoch: [89][3999/9000]	Time  0.073 ( 0.076)	Data  0.001 ( 0.001)	Loss 0.0000e+00 (2.5391e-03)	Acc@1 100.00 ( 99.90)	Acc@5 100.00 (100.00)
22-Jan-26 01:32:29 - Epoch: [89][4999/9000]	Time  0.071 ( 0.076)	Data  0.002 ( 0.001)	Loss 0.0000e+00 (3.9171e-03)	Acc@1 100.00 ( 99.90)	Acc@5 100.00 (100.00)
22-Jan-26 01:33:45 - Epoch: [89][5999/9000]	Time  0.074 ( 0.076)	Data  0.001 ( 0.001)	Loss 0.0000e+00 (9.2025e-03)	Acc@1 100.00 ( 99.87)	Acc@5 100.00 (100.00)
22-Jan-26 01:35:01 - Epoch: [89][6999/9000]	Time  0.071 ( 0.076)	Data  0.001 ( 0.001)	Loss 0.0000e+00 (8.5249e-03)	Acc@1 100.00 ( 99.86)	Acc@5 100.00 (100.00)
22-Jan-26 01:36:18 - Epoch: [89][7999/9000]	Time  0.071 ( 0.076)	Data  0.001 ( 0.001)	Loss 0.0000e+00 (7.9773e-03)	Acc@1 100.00 ( 99.85)	Acc@5 100.00 (100.00)
22-Jan-26 01:37:34 - Epoch: [89][8999/9000]	Time  0.059 ( 0.076)	Data  0.001 ( 0.001)	Loss 0.0000e+00 (7.5694e-03)	Acc@1 100.00 ( 99.84)	Acc@5 100.00 (100.00)
22-Jan-26 01:37:34 -  @Training * Acc@1 99.844 Acc@5 100.000 Loss 0.008
22-Jan-26 01:37:34 - One training epoch latency: 686.5s | Avg Power: 190.9W | Energy: 131018.6420J
22-Jan-26 01:37:44 -  @Testing * Acc@1 74.200 Acc@5 98.700 Loss 5.849
22-Jan-26 01:37:44 - Best acc at epoch 89: 75.20000457763672
22-Jan-26 01:37:44 - Last learning rate: [1.52587890625e-08]
22-Jan-26 01:37:44 - 	 Epoch 90...
22-Jan-26 01:39:02 - Epoch: [90][ 999/9000]	Time  0.080 ( 0.078)	Data  0.005 ( 0.002)	Loss 0.0000e+00 (2.2854e-03)	Acc@1 100.00 ( 99.90)	Acc@5 100.00 (100.00)
22-Jan-26 01:40:19 - Epoch: [90][1999/9000]	Time  0.068 ( 0.078)	Data  0.001 ( 0.002)	Loss 0.0000e+00 (1.5769e-03)	Acc@1 100.00 ( 99.95)	Acc@5 100.00 (100.00)
22-Jan-26 01:41:37 - Epoch: [90][2999/9000]	Time  0.076 ( 0.078)	Data  0.001 ( 0.001)	Loss 0.0000e+00 (1.0541e-03)	Acc@1 100.00 ( 99.97)	Acc@5 100.00 (100.00)
22-Jan-26 01:42:55 - Epoch: [90][3999/9000]	Time  0.073 ( 0.078)	Data  0.001 ( 0.001)	Loss 0.0000e+00 (6.6787e-03)	Acc@1 100.00 ( 99.85)	Acc@5 100.00 (100.00)
22-Jan-26 01:44:12 - Epoch: [90][4999/9000]	Time  0.077 ( 0.078)	Data  0.003 ( 0.001)	Loss 1.1921e-07 (5.3773e-03)	Acc@1 100.00 ( 99.88)	Acc@5 100.00 (100.00)
22-Jan-26 01:45:29 - Epoch: [90][5999/9000]	Time  0.078 ( 0.077)	Data  0.001 ( 0.001)	Loss 0.0000e+00 (5.0749e-03)	Acc@1 100.00 ( 99.87)	Acc@5 100.00 (100.00)
22-Jan-26 01:46:46 - Epoch: [90][6999/9000]	Time  0.071 ( 0.077)	Data  0.002 ( 0.001)	Loss 0.0000e+00 (4.7628e-03)	Acc@1 100.00 ( 99.87)	Acc@5 100.00 (100.00)
22-Jan-26 01:48:04 - Epoch: [90][7999/9000]	Time  0.078 ( 0.077)	Data  0.001 ( 0.001)	Loss 0.0000e+00 (8.0189e-03)	Acc@1 100.00 ( 99.86)	Acc@5 100.00 (100.00)
22-Jan-26 01:49:21 - Epoch: [90][8999/9000]	Time  0.064 ( 0.077)	Data  0.001 ( 0.001)	Loss 0.0000e+00 (7.1323e-03)	Acc@1 100.00 ( 99.88)	Acc@5 100.00 (100.00)
22-Jan-26 01:49:22 -  @Training * Acc@1 99.878 Acc@5 100.000 Loss 0.007
22-Jan-26 01:49:22 - One training epoch latency: 697.3s | Avg Power: 189.8W | Energy: 132360.3150J
22-Jan-26 01:49:32 -  @Testing * Acc@1 73.400 Acc@5 98.700 Loss 5.876
22-Jan-26 01:49:32 - Best acc at epoch 90: 75.20000457763672
22-Jan-26 01:49:32 - Last learning rate: [1.52587890625e-08]
22-Jan-26 01:49:32 - 	 Epoch 91...
22-Jan-26 01:50:49 - Epoch: [91][ 999/9000]	Time  0.072 ( 0.078)	Data  0.001 ( 0.002)	Loss 0.0000e+00 (9.8092e-03)	Acc@1 100.00 ( 99.80)	Acc@5 100.00 (100.00)
22-Jan-26 01:52:07 - Epoch: [91][1999/9000]	Time  0.069 ( 0.078)	Data  0.001 ( 0.002)	Loss 0.0000e+00 (1.1598e-02)	Acc@1 100.00 ( 99.80)	Acc@5 100.00 (100.00)
22-Jan-26 01:53:24 - Epoch: [91][2999/9000]	Time  0.073 ( 0.077)	Data  0.002 ( 0.001)	Loss 0.0000e+00 (9.5158e-03)	Acc@1 100.00 ( 99.80)	Acc@5 100.00 (100.00)
22-Jan-26 01:54:42 - Epoch: [91][3999/9000]	Time  0.076 ( 0.077)	Data  0.001 ( 0.001)	Loss 0.0000e+00 (7.2792e-03)	Acc@1 100.00 ( 99.85)	Acc@5 100.00 (100.00)
22-Jan-26 01:55:58 - Epoch: [91][4999/9000]	Time  0.075 ( 0.077)	Data  0.002 ( 0.001)	Loss 0.0000e+00 (7.3518e-03)	Acc@1 100.00 ( 99.86)	Acc@5 100.00 (100.00)
22-Jan-26 01:57:15 - Epoch: [91][5999/9000]	Time  0.075 ( 0.077)	Data  0.002 ( 0.001)	Loss 0.0000e+00 (7.1369e-03)	Acc@1 100.00 ( 99.87)	Acc@5 100.00 (100.00)
22-Jan-26 01:58:32 - Epoch: [91][6999/9000]	Time  0.076 ( 0.077)	Data  0.001 ( 0.001)	Loss 0.0000e+00 (6.1229e-03)	Acc@1 100.00 ( 99.89)	Acc@5 100.00 (100.00)
22-Jan-26 01:59:48 - Epoch: [91][7999/9000]	Time  0.076 ( 0.077)	Data  0.001 ( 0.001)	Loss 0.0000e+00 (8.8833e-03)	Acc@1 100.00 ( 99.88)	Acc@5 100.00 (100.00)
22-Jan-26 02:01:04 - Epoch: [91][8999/9000]	Time  0.066 ( 0.077)	Data  0.002 ( 0.001)	Loss 0.0000e+00 (8.8201e-03)	Acc@1 100.00 ( 99.86)	Acc@5 100.00 (100.00)
22-Jan-26 02:01:04 -  @Training * Acc@1 99.856 Acc@5 100.000 Loss 0.009
22-Jan-26 02:01:04 - One training epoch latency: 692.3s | Avg Power: 190.0W | Energy: 131540.0141J
22-Jan-26 02:01:15 -  @Testing * Acc@1 74.000 Acc@5 98.700 Loss 5.800
22-Jan-26 02:01:15 - Best acc at epoch 91: 75.20000457763672
22-Jan-26 02:01:15 - Last learning rate: [1.52587890625e-08]
22-Jan-26 02:01:15 - 	 Epoch 92...
22-Jan-26 02:02:31 - Epoch: [92][ 999/9000]	Time  0.072 ( 0.076)	Data  0.001 ( 0.002)	Loss 0.0000e+00 (5.2285e-03)	Acc@1 100.00 ( 99.70)	Acc@5 100.00 (100.00)
22-Jan-26 02:03:48 - Epoch: [92][1999/9000]	Time  0.069 ( 0.077)	Data  0.001 ( 0.001)	Loss 0.0000e+00 (2.6416e-03)	Acc@1 100.00 ( 99.85)	Acc@5 100.00 (100.00)
22-Jan-26 02:05:05 - Epoch: [92][2999/9000]	Time  0.078 ( 0.077)	Data  0.001 ( 0.001)	Loss 0.0000e+00 (1.9286e-03)	Acc@1 100.00 ( 99.90)	Acc@5 100.00 (100.00)
22-Jan-26 02:06:22 - Epoch: [92][3999/9000]	Time  0.075 ( 0.077)	Data  0.002 ( 0.001)	Loss 0.0000e+00 (1.4641e-03)	Acc@1 100.00 ( 99.93)	Acc@5 100.00 (100.00)
22-Jan-26 02:07:40 - Epoch: [92][4999/9000]	Time  0.070 ( 0.077)	Data  0.001 ( 0.001)	Loss 0.0000e+00 (3.5833e-03)	Acc@1 100.00 ( 99.88)	Acc@5 100.00 (100.00)
22-Jan-26 02:08:57 - Epoch: [92][5999/9000]	Time  0.076 ( 0.077)	Data  0.001 ( 0.001)	Loss 0.0000e+00 (3.1630e-03)	Acc@1 100.00 ( 99.88)	Acc@5 100.00 (100.00)
22-Jan-26 02:10:14 - Epoch: [92][6999/9000]	Time  0.077 ( 0.077)	Data  0.001 ( 0.001)	Loss 0.0000e+00 (3.0295e-03)	Acc@1 100.00 ( 99.87)	Acc@5 100.00 (100.00)
22-Jan-26 02:11:31 - Epoch: [92][7999/9000]	Time  0.081 ( 0.077)	Data  0.002 ( 0.001)	Loss 0.0000e+00 (2.7698e-03)	Acc@1 100.00 ( 99.89)	Acc@5 100.00 (100.00)
22-Jan-26 02:12:48 - Epoch: [92][8999/9000]	Time  0.068 ( 0.077)	Data  0.001 ( 0.001)	Loss 0.0000e+00 (4.2870e-03)	Acc@1 100.00 ( 99.88)	Acc@5 100.00 (100.00)
22-Jan-26 02:12:48 -  @Training * Acc@1 99.878 Acc@5 100.000 Loss 0.004
22-Jan-26 02:12:48 - One training epoch latency: 693.5s | Avg Power: 189.7W | Energy: 131568.4673J
22-Jan-26 02:12:58 -  @Testing * Acc@1 74.400 Acc@5 98.800 Loss 5.781
22-Jan-26 02:12:58 - Best acc at epoch 92: 75.20000457763672
22-Jan-26 02:12:58 - Last learning rate: [1.52587890625e-08]
22-Jan-26 02:12:58 - 	 Epoch 93...
22-Jan-26 02:14:16 - Epoch: [93][ 999/9000]	Time  0.081 ( 0.077)	Data  0.001 ( 0.002)	Loss 0.0000e+00 (3.0122e-03)	Acc@1 100.00 ( 99.90)	Acc@5 100.00 (100.00)
22-Jan-26 02:15:34 - Epoch: [93][1999/9000]	Time  0.074 ( 0.078)	Data  0.001 ( 0.001)	Loss 0.0000e+00 (1.5764e-03)	Acc@1 100.00 ( 99.95)	Acc@5 100.00 (100.00)
22-Jan-26 02:16:51 - Epoch: [93][2999/9000]	Time  0.067 ( 0.078)	Data  0.001 ( 0.001)	Loss 0.0000e+00 (3.3520e-03)	Acc@1 100.00 ( 99.87)	Acc@5 100.00 (100.00)
22-Jan-26 02:18:09 - Epoch: [93][3999/9000]	Time  0.076 ( 0.078)	Data  0.001 ( 0.001)	Loss 0.0000e+00 (2.8864e-03)	Acc@1 100.00 ( 99.88)	Acc@5 100.00 (100.00)
22-Jan-26 02:19:26 - Epoch: [93][4999/9000]	Time  0.073 ( 0.078)	Data  0.001 ( 0.001)	Loss 0.0000e+00 (2.6579e-03)	Acc@1 100.00 ( 99.88)	Acc@5 100.00 (100.00)
22-Jan-26 02:20:43 - Epoch: [93][5999/9000]	Time  0.077 ( 0.077)	Data  0.001 ( 0.001)	Loss 0.0000e+00 (3.6631e-03)	Acc@1 100.00 ( 99.87)	Acc@5 100.00 (100.00)
22-Jan-26 02:22:01 - Epoch: [93][6999/9000]	Time  0.079 ( 0.077)	Data  0.001 ( 0.001)	Loss 0.0000e+00 (6.0270e-03)	Acc@1 100.00 ( 99.86)	Acc@5 100.00 (100.00)
22-Jan-26 02:23:18 - Epoch: [93][7999/9000]	Time  0.077 ( 0.077)	Data  0.001 ( 0.001)	Loss 0.0000e+00 (6.9604e-03)	Acc@1 100.00 ( 99.85)	Acc@5 100.00 (100.00)
22-Jan-26 02:24:36 - Epoch: [93][8999/9000]	Time  0.065 ( 0.077)	Data  0.001 ( 0.001)	Loss 0.0000e+00 (6.1875e-03)	Acc@1 100.00 ( 99.87)	Acc@5 100.00 (100.00)
22-Jan-26 02:24:36 -  @Training * Acc@1 99.867 Acc@5 100.000 Loss 0.006
22-Jan-26 02:24:36 - One training epoch latency: 697.3s | Avg Power: 189.6W | Energy: 132236.7077J
22-Jan-26 02:24:46 -  @Testing * Acc@1 74.400 Acc@5 98.700 Loss 5.872
22-Jan-26 02:24:46 - Best acc at epoch 93: 75.20000457763672
22-Jan-26 02:24:46 - Last learning rate: [1.52587890625e-08]
22-Jan-26 02:24:46 - 	 Epoch 94...
22-Jan-26 02:26:03 - Epoch: [94][ 999/9000]	Time  0.068 ( 0.077)	Data  0.001 ( 0.002)	Loss 0.0000e+00 (2.2434e-03)	Acc@1 100.00 ( 99.90)	Acc@5 100.00 (100.00)
22-Jan-26 02:27:21 - Epoch: [94][1999/9000]	Time  0.075 ( 0.077)	Data  0.001 ( 0.001)	Loss 0.0000e+00 (1.0130e-02)	Acc@1 100.00 ( 99.75)	Acc@5 100.00 (100.00)
22-Jan-26 02:28:39 - Epoch: [94][2999/9000]	Time  0.086 ( 0.078)	Data  0.001 ( 0.001)	Loss 0.0000e+00 (1.0847e-02)	Acc@1 100.00 ( 99.73)	Acc@5 100.00 (100.00)
22-Jan-26 02:29:56 - Epoch: [94][3999/9000]	Time  0.071 ( 0.078)	Data  0.001 ( 0.001)	Loss 0.0000e+00 (8.4898e-03)	Acc@1 100.00 ( 99.78)	Acc@5 100.00 (100.00)
22-Jan-26 02:31:14 - Epoch: [94][4999/9000]	Time  0.074 ( 0.078)	Data  0.001 ( 0.001)	Loss 0.0000e+00 (6.8025e-03)	Acc@1 100.00 ( 99.82)	Acc@5 100.00 (100.00)
22-Jan-26 02:32:31 - Epoch: [94][5999/9000]	Time  0.081 ( 0.077)	Data  0.001 ( 0.001)	Loss 0.0000e+00 (1.0495e-02)	Acc@1 100.00 ( 99.82)	Acc@5 100.00 (100.00)
22-Jan-26 02:33:48 - Epoch: [94][6999/9000]	Time  0.074 ( 0.077)	Data  0.001 ( 0.001)	Loss 0.0000e+00 (1.0657e-02)	Acc@1 100.00 ( 99.81)	Acc@5 100.00 (100.00)
22-Jan-26 02:35:04 - Epoch: [94][7999/9000]	Time  0.078 ( 0.077)	Data  0.001 ( 0.001)	Loss 0.0000e+00 (9.4375e-03)	Acc@1 100.00 ( 99.84)	Acc@5 100.00 (100.00)
22-Jan-26 02:36:21 - Epoch: [94][8999/9000]	Time  0.061 ( 0.077)	Data  0.001 ( 0.001)	Loss 0.0000e+00 (1.0263e-02)	Acc@1 100.00 ( 99.83)	Acc@5 100.00 (100.00)
22-Jan-26 02:36:21 -  @Training * Acc@1 99.833 Acc@5 100.000 Loss 0.010
22-Jan-26 02:36:21 - One training epoch latency: 694.4s | Avg Power: 190.1W | Energy: 132001.8330J
22-Jan-26 02:36:31 -  @Testing * Acc@1 73.900 Acc@5 98.600 Loss 5.861
22-Jan-26 02:36:31 - Best acc at epoch 94: 75.20000457763672
22-Jan-26 02:36:31 - Last learning rate: [1.52587890625e-08]
22-Jan-26 02:36:31 - 	 Epoch 95...
22-Jan-26 02:37:48 - Epoch: [95][ 999/9000]	Time  0.074 ( 0.077)	Data  0.001 ( 0.002)	Loss 0.0000e+00 (1.4783e-02)	Acc@1 100.00 ( 99.80)	Acc@5 100.00 (100.00)
22-Jan-26 02:39:04 - Epoch: [95][1999/9000]	Time  0.074 ( 0.077)	Data  0.001 ( 0.001)	Loss 0.0000e+00 (1.0391e-02)	Acc@1 100.00 ( 99.80)	Acc@5 100.00 (100.00)
22-Jan-26 02:40:21 - Epoch: [95][2999/9000]	Time  0.085 ( 0.077)	Data  0.005 ( 0.001)	Loss 0.0000e+00 (7.6626e-03)	Acc@1 100.00 ( 99.80)	Acc@5 100.00 (100.00)
22-Jan-26 02:41:37 - Epoch: [95][3999/9000]	Time  0.067 ( 0.077)	Data  0.001 ( 0.001)	Loss 0.0000e+00 (8.9571e-03)	Acc@1 100.00 ( 99.78)	Acc@5 100.00 (100.00)
22-Jan-26 02:42:54 - Epoch: [95][4999/9000]	Time  0.080 ( 0.077)	Data  0.001 ( 0.001)	Loss 0.0000e+00 (7.8186e-03)	Acc@1 100.00 ( 99.78)	Acc@5 100.00 (100.00)
22-Jan-26 02:44:11 - Epoch: [95][5999/9000]	Time  0.075 ( 0.077)	Data  0.003 ( 0.001)	Loss 0.0000e+00 (6.5223e-03)	Acc@1 100.00 ( 99.82)	Acc@5 100.00 (100.00)
22-Jan-26 02:45:26 - Epoch: [95][6999/9000]	Time  0.073 ( 0.076)	Data  0.002 ( 0.001)	Loss 3.5763e-07 (5.8272e-03)	Acc@1 100.00 ( 99.83)	Acc@5 100.00 (100.00)
22-Jan-26 02:46:43 - Epoch: [95][7999/9000]	Time  0.102 ( 0.077)	Data  0.005 ( 0.001)	Loss 0.0000e+00 (5.2401e-03)	Acc@1 100.00 ( 99.84)	Acc@5 100.00 (100.00)
22-Jan-26 02:48:00 - Epoch: [95][8999/9000]	Time  0.060 ( 0.077)	Data  0.001 ( 0.001)	Loss 0.0000e+00 (4.6731e-03)	Acc@1 100.00 ( 99.86)	Acc@5 100.00 (100.00)
22-Jan-26 02:48:00 -  @Training * Acc@1 99.856 Acc@5 100.000 Loss 0.005
22-Jan-26 02:48:00 - One training epoch latency: 688.7s | Avg Power: 190.6W | Energy: 131267.0973J
22-Jan-26 02:48:10 -  @Testing * Acc@1 74.200 Acc@5 98.500 Loss 5.807
22-Jan-26 02:48:10 - Best acc at epoch 95: 75.20000457763672
22-Jan-26 02:48:10 - Last learning rate: [1.52587890625e-08]
22-Jan-26 02:48:10 - 	 Epoch 96...
22-Jan-26 02:49:27 - Epoch: [96][ 999/9000]	Time  0.077 ( 0.077)	Data  0.001 ( 0.002)	Loss 0.0000e+00 (6.9665e-03)	Acc@1 100.00 ( 99.70)	Acc@5 100.00 (100.00)
22-Jan-26 02:50:43 - Epoch: [96][1999/9000]	Time  0.079 ( 0.077)	Data  0.003 ( 0.001)	Loss 0.0000e+00 (3.5471e-03)	Acc@1 100.00 ( 99.85)	Acc@5 100.00 (100.00)
22-Jan-26 02:52:00 - Epoch: [96][2999/9000]	Time  0.078 ( 0.077)	Data  0.001 ( 0.001)	Loss 0.0000e+00 (4.6315e-03)	Acc@1 100.00 ( 99.83)	Acc@5 100.00 (100.00)
22-Jan-26 02:53:17 - Epoch: [96][3999/9000]	Time  0.076 ( 0.077)	Data  0.003 ( 0.001)	Loss 0.0000e+00 (4.8589e-03)	Acc@1 100.00 ( 99.83)	Acc@5 100.00 (100.00)
22-Jan-26 02:54:33 - Epoch: [96][4999/9000]	Time  0.078 ( 0.077)	Data  0.005 ( 0.001)	Loss 0.0000e+00 (7.3964e-03)	Acc@1 100.00 ( 99.84)	Acc@5 100.00 (100.00)
22-Jan-26 02:55:50 - Epoch: [96][5999/9000]	Time  0.078 ( 0.077)	Data  0.001 ( 0.001)	Loss 0.0000e+00 (6.6446e-03)	Acc@1 100.00 ( 99.85)	Acc@5 100.00 (100.00)
22-Jan-26 02:57:06 - Epoch: [96][6999/9000]	Time  0.073 ( 0.077)	Data  0.001 ( 0.001)	Loss 0.0000e+00 (5.7608e-03)	Acc@1 100.00 ( 99.87)	Acc@5 100.00 (100.00)
22-Jan-26 02:58:23 - Epoch: [96][7999/9000]	Time  0.072 ( 0.077)	Data  0.001 ( 0.001)	Loss 0.0000e+00 (5.2210e-03)	Acc@1 100.00 ( 99.88)	Acc@5 100.00 (100.00)
22-Jan-26 02:59:41 - Epoch: [96][8999/9000]	Time  0.070 ( 0.077)	Data  0.002 ( 0.001)	Loss 0.0000e+00 (7.4221e-03)	Acc@1 100.00 ( 99.87)	Acc@5 100.00 (100.00)
22-Jan-26 02:59:41 -  @Training * Acc@1 99.867 Acc@5 100.000 Loss 0.007
22-Jan-26 02:59:41 - One training epoch latency: 691.5s | Avg Power: 190.4W | Energy: 131671.6576J
22-Jan-26 02:59:52 -  @Testing * Acc@1 74.100 Acc@5 98.800 Loss 5.786
22-Jan-26 02:59:52 - Best acc at epoch 96: 75.20000457763672
22-Jan-26 02:59:52 - Last learning rate: [1.52587890625e-08]
22-Jan-26 02:59:52 - 	 Epoch 97...
22-Jan-26 03:01:09 - Epoch: [97][ 999/9000]	Time  0.108 ( 0.077)	Data  0.001 ( 0.002)	Loss 0.0000e+00 (2.4806e-03)	Acc@1 100.00 ( 99.90)	Acc@5 100.00 (100.00)
22-Jan-26 03:02:27 - Epoch: [97][1999/9000]	Time  0.070 ( 0.077)	Data  0.001 ( 0.001)	Loss 0.0000e+00 (1.4580e-03)	Acc@1 100.00 ( 99.95)	Acc@5 100.00 (100.00)
22-Jan-26 03:03:44 - Epoch: [97][2999/9000]	Time  0.070 ( 0.077)	Data  0.001 ( 0.001)	Loss 0.0000e+00 (3.6604e-03)	Acc@1 100.00 ( 99.93)	Acc@5 100.00 (100.00)
22-Jan-26 03:05:01 - Epoch: [97][3999/9000]	Time  0.071 ( 0.077)	Data  0.001 ( 0.001)	Loss 0.0000e+00 (4.2420e-03)	Acc@1 100.00 ( 99.93)	Acc@5 100.00 (100.00)
22-Jan-26 03:06:19 - Epoch: [97][4999/9000]	Time  0.068 ( 0.077)	Data  0.001 ( 0.001)	Loss 0.0000e+00 (3.6674e-03)	Acc@1 100.00 ( 99.92)	Acc@5 100.00 (100.00)
22-Jan-26 03:07:36 - Epoch: [97][5999/9000]	Time  0.070 ( 0.077)	Data  0.001 ( 0.001)	Loss 0.0000e+00 (3.1771e-03)	Acc@1 100.00 ( 99.93)	Acc@5 100.00 (100.00)
22-Jan-26 03:08:53 - Epoch: [97][6999/9000]	Time  0.073 ( 0.077)	Data  0.002 ( 0.001)	Loss 0.0000e+00 (3.3392e-03)	Acc@1 100.00 ( 99.91)	Acc@5 100.00 (100.00)
22-Jan-26 03:10:10 - Epoch: [97][7999/9000]	Time  0.081 ( 0.077)	Data  0.001 ( 0.001)	Loss 0.0000e+00 (2.9223e-03)	Acc@1 100.00 ( 99.93)	Acc@5 100.00 (100.00)
22-Jan-26 03:11:28 - Epoch: [97][8999/9000]	Time  0.062 ( 0.077)	Data  0.001 ( 0.001)	Loss 0.0000e+00 (2.8973e-03)	Acc@1 100.00 ( 99.92)	Acc@5 100.00 (100.00)
22-Jan-26 03:11:28 -  @Training * Acc@1 99.922 Acc@5 100.000 Loss 0.003
22-Jan-26 03:11:28 - One training epoch latency: 696.3s | Avg Power: 189.7W | Energy: 132065.5022J
22-Jan-26 03:11:38 -  @Testing * Acc@1 74.200 Acc@5 98.600 Loss 5.816
22-Jan-26 03:11:38 - Best acc at epoch 97: 75.20000457763672
22-Jan-26 03:11:38 - Last learning rate: [1.52587890625e-08]
22-Jan-26 03:11:38 - 	 Epoch 98...
22-Jan-26 03:12:55 - Epoch: [98][ 999/9000]	Time  0.075 ( 0.077)	Data  0.001 ( 0.002)	Loss 0.0000e+00 (1.6765e-03)	Acc@1 100.00 ( 99.90)	Acc@5 100.00 (100.00)
22-Jan-26 03:14:13 - Epoch: [98][1999/9000]	Time  0.094 ( 0.077)	Data  0.001 ( 0.001)	Loss 0.0000e+00 (1.3888e-02)	Acc@1 100.00 ( 99.80)	Acc@5 100.00 (100.00)
22-Jan-26 03:15:30 - Epoch: [98][2999/9000]	Time  0.080 ( 0.077)	Data  0.001 ( 0.001)	Loss 0.0000e+00 (1.1277e-02)	Acc@1 100.00 ( 99.83)	Acc@5 100.00 (100.00)
22-Jan-26 03:16:47 - Epoch: [98][3999/9000]	Time  0.070 ( 0.077)	Data  0.001 ( 0.001)	Loss 0.0000e+00 (9.3839e-03)	Acc@1 100.00 ( 99.80)	Acc@5 100.00 (100.00)
22-Jan-26 03:18:05 - Epoch: [98][4999/9000]	Time  0.074 ( 0.077)	Data  0.001 ( 0.001)	Loss 0.0000e+00 (8.6789e-03)	Acc@1 100.00 ( 99.80)	Acc@5 100.00 (100.00)
22-Jan-26 03:19:21 - Epoch: [98][5999/9000]	Time  0.073 ( 0.077)	Data  0.001 ( 0.001)	Loss 0.0000e+00 (8.3364e-03)	Acc@1 100.00 ( 99.80)	Acc@5 100.00 (100.00)
22-Jan-26 03:20:39 - Epoch: [98][6999/9000]	Time  0.072 ( 0.077)	Data  0.001 ( 0.001)	Loss 0.0000e+00 (8.3957e-03)	Acc@1 100.00 ( 99.80)	Acc@5 100.00 (100.00)
22-Jan-26 03:21:56 - Epoch: [98][7999/9000]	Time  0.076 ( 0.077)	Data  0.002 ( 0.001)	Loss 0.0000e+00 (7.4480e-03)	Acc@1 100.00 ( 99.81)	Acc@5 100.00 (100.00)
22-Jan-26 03:23:13 - Epoch: [98][8999/9000]	Time  0.073 ( 0.077)	Data  0.001 ( 0.001)	Loss 0.0000e+00 (6.6316e-03)	Acc@1 100.00 ( 99.83)	Acc@5 100.00 (100.00)
22-Jan-26 03:23:13 -  @Training * Acc@1 99.833 Acc@5 100.000 Loss 0.007
22-Jan-26 03:23:13 - One training epoch latency: 694.8s | Avg Power: 189.8W | Energy: 131835.8930J
22-Jan-26 03:23:24 -  @Testing * Acc@1 74.000 Acc@5 98.700 Loss 5.879
22-Jan-26 03:23:24 - Best acc at epoch 98: 75.20000457763672
22-Jan-26 03:23:24 - Last learning rate: [1.52587890625e-08]
22-Jan-26 03:23:24 - 	 Epoch 99...
22-Jan-26 03:24:41 - Epoch: [99][ 999/9000]	Time  0.073 ( 0.078)	Data  0.001 ( 0.002)	Loss 0.0000e+00 (6.6810e-03)	Acc@1 100.00 ( 99.80)	Acc@5 100.00 (100.00)
22-Jan-26 03:25:59 - Epoch: [99][1999/9000]	Time  0.072 ( 0.078)	Data  0.001 ( 0.001)	Loss 0.0000e+00 (8.2650e-03)	Acc@1 100.00 ( 99.85)	Acc@5 100.00 (100.00)
22-Jan-26 03:27:17 - Epoch: [99][2999/9000]	Time  0.074 ( 0.078)	Data  0.001 ( 0.001)	Loss 0.0000e+00 (7.3121e-03)	Acc@1 100.00 ( 99.87)	Acc@5 100.00 (100.00)
22-Jan-26 03:28:34 - Epoch: [99][3999/9000]	Time  0.072 ( 0.078)	Data  0.002 ( 0.001)	Loss 0.0000e+00 (1.1001e-02)	Acc@1 100.00 ( 99.88)	Acc@5 100.00 (100.00)
22-Jan-26 03:29:52 - Epoch: [99][4999/9000]	Time  0.079 ( 0.078)	Data  0.001 ( 0.001)	Loss 0.0000e+00 (1.1664e-02)	Acc@1 100.00 ( 99.86)	Acc@5 100.00 (100.00)
22-Jan-26 03:31:09 - Epoch: [99][5999/9000]	Time  0.067 ( 0.078)	Data  0.001 ( 0.001)	Loss 0.0000e+00 (1.1969e-02)	Acc@1 100.00 ( 99.85)	Acc@5 100.00 (100.00)
22-Jan-26 03:32:27 - Epoch: [99][6999/9000]	Time  0.074 ( 0.078)	Data  0.003 ( 0.001)	Loss 0.0000e+00 (1.2448e-02)	Acc@1 100.00 ( 99.83)	Acc@5 100.00 (100.00)
22-Jan-26 03:33:44 - Epoch: [99][7999/9000]	Time  0.070 ( 0.078)	Data  0.001 ( 0.001)	Loss 0.0000e+00 (1.0973e-02)	Acc@1 100.00 ( 99.85)	Acc@5 100.00 (100.00)
22-Jan-26 03:35:02 - Epoch: [99][8999/9000]	Time  0.064 ( 0.078)	Data  0.001 ( 0.001)	Loss 0.0000e+00 (1.0037e-02)	Acc@1 100.00 ( 99.86)	Acc@5 100.00 (100.00)
22-Jan-26 03:35:02 -  @Training * Acc@1 99.856 Acc@5 100.000 Loss 0.010
22-Jan-26 03:35:02 - One training epoch latency: 698.1s | Avg Power: 189.8W | Energy: 132492.9846J
22-Jan-26 03:35:12 -  @Testing * Acc@1 74.000 Acc@5 98.600 Loss 5.813
22-Jan-26 03:35:12 - Best acc at epoch 99: 75.20000457763672
22-Jan-26 03:35:12 - Last learning rate: [1.52587890625e-08]
22-Jan-26 03:35:12 - 	 Epoch 100...
22-Jan-26 03:36:30 - Epoch: [100][ 999/9000]	Time  0.076 ( 0.078)	Data  0.001 ( 0.002)	Loss 0.0000e+00 (3.4839e-03)	Acc@1 100.00 ( 99.80)	Acc@5 100.00 (100.00)
22-Jan-26 03:37:47 - Epoch: [100][1999/9000]	Time  0.074 ( 0.077)	Data  0.001 ( 0.001)	Loss 0.0000e+00 (2.7516e-03)	Acc@1 100.00 ( 99.85)	Acc@5 100.00 (100.00)
22-Jan-26 03:39:04 - Epoch: [100][2999/9000]	Time  0.071 ( 0.077)	Data  0.002 ( 0.001)	Loss 0.0000e+00 (3.7575e-03)	Acc@1 100.00 ( 99.87)	Acc@5 100.00 (100.00)
22-Jan-26 03:40:20 - Epoch: [100][3999/9000]	Time  0.069 ( 0.077)	Data  0.001 ( 0.001)	Loss 0.0000e+00 (3.3512e-03)	Acc@1 100.00 ( 99.88)	Acc@5 100.00 (100.00)
22-Jan-26 03:41:36 - Epoch: [100][4999/9000]	Time  0.101 ( 0.077)	Data  0.001 ( 0.001)	Loss 0.0000e+00 (3.1760e-03)	Acc@1 100.00 ( 99.88)	Acc@5 100.00 (100.00)
22-Jan-26 03:42:52 - Epoch: [100][5999/9000]	Time  0.070 ( 0.077)	Data  0.001 ( 0.001)	Loss 0.0000e+00 (4.7004e-03)	Acc@1 100.00 ( 99.87)	Acc@5 100.00 (100.00)
22-Jan-26 03:44:09 - Epoch: [100][6999/9000]	Time  0.071 ( 0.077)	Data  0.001 ( 0.001)	Loss 0.0000e+00 (6.5941e-03)	Acc@1 100.00 ( 99.86)	Acc@5 100.00 (100.00)
22-Jan-26 03:45:26 - Epoch: [100][7999/9000]	Time  0.071 ( 0.077)	Data  0.001 ( 0.001)	Loss 0.0000e+00 (6.4457e-03)	Acc@1 100.00 ( 99.86)	Acc@5 100.00 (100.00)
22-Jan-26 03:46:43 - Epoch: [100][8999/9000]	Time  0.059 ( 0.077)	Data  0.001 ( 0.001)	Loss 2.3842e-07 (6.4001e-03)	Acc@1 100.00 ( 99.87)	Acc@5 100.00 (100.00)
22-Jan-26 03:46:43 -  @Training * Acc@1 99.867 Acc@5 100.000 Loss 0.006
22-Jan-26 03:46:43 - One training epoch latency: 690.8s | Avg Power: 190.4W | Energy: 131525.4992J
22-Jan-26 03:46:53 -  @Testing * Acc@1 74.700 Acc@5 98.600 Loss 5.788
22-Jan-26 03:46:53 - Best acc at epoch 100: 75.20000457763672
22-Jan-26 03:46:53 - Last learning rate: [1.52587890625e-08]
20-Feb-26 09:02:10 - Namespace(arch='dvscifar10_tessvgg_model', cpu=False, dataset='CIFAR10DVS', save_path='./experiments/CIFAR10DVS_VGG_Lonic_wn_int8_ternary_int8', data_path='../SLTT-main/data', trials=1, epochs=100, optimizer='Adam', loss='CE', lr=1.5625e-05, lr_conv=1.5625e-05, batch_size=1, val_batch_size=64, label_encoding='class', activation='LinearSpike', seed=10, pretrained_model=None, training_mode='tess', delay_ls=10, scheduler=100, print_freq=1000, factors_stdp=[0.2, 0.5, 0.0, 1.0], pooling='MAX', weight_decay=0, lr_scheduler_type='ReduceLR', experiment_name='DVSCIFAR10', wn=True, avoid_wn=False, low_precision_training=True, forward_intx=8)
20-Feb-26 09:02:10 - => Everything will be saved to ./experiments/CIFAR10DVS_VGG_Lonic_wn_int8_ternary_int8
20-Feb-26 09:02:14 - CUDA GPU will be used for computations
20-Feb-26 09:02:14 - Training set length: 9000
20-Feb-26 09:02:14 - Test set length: 1000
20-Feb-26 09:02:14 - Activation used: None
20-Feb-26 09:02:15 - Total Parameters: 9222.3K
20-Feb-26 09:02:15 - === Model ===
20-Feb-26 09:02:15 - VGGConvModel(
  (conv_block1): LocalLearningSignalGenerationLayer(
    (block): ConvBlock(
      (pool): Identity()
      (conv): Conv2dSTDP(2, 64, kernel_size=(3, 3), stride=(1, 1), padding=(1, 1), bias=False, threshold=0.60, leak=0.50, reset=soft, grad_leak=False, grad_threshold=False, factors=tensor([0.2000, 0.5000, 0.0000, 1.0000], device='cuda:0'))
      (dropout): DropoutLIF(
        Dropout(p=0.0, inplace=False)
        (dropout): Dropout(p=0.0, inplace=False)
      )
    )
  )
  (conv_block2): LocalLearningSignalGenerationLayer(
    (block): ConvBlock(
      (pool): MaxPool2d(kernel_size=2, stride=2, padding=0, dilation=1, ceil_mode=False)
      (conv): Conv2dSTDP(64, 128, kernel_size=(3, 3), stride=(1, 1), padding=(1, 1), bias=False, threshold=0.60, leak=0.50, reset=soft, grad_leak=False, grad_threshold=False, factors=tensor([0.2000, 0.5000, 0.0000, 1.0000], device='cuda:0'))
      (dropout): DropoutLIF(
        Dropout(p=0.0, inplace=False)
        (dropout): Dropout(p=0.0, inplace=False)
      )
    )
  )
  (conv_block3): LocalLearningSignalGenerationLayer(
    (block): ConvBlock(
      (pool): Identity()
      (conv): Conv2dSTDP(128, 256, kernel_size=(3, 3), stride=(1, 1), padding=(1, 1), bias=False, threshold=0.60, leak=0.50, reset=soft, grad_leak=False, grad_threshold=False, factors=tensor([0.2000, 0.5000, 0.0000, 1.0000], device='cuda:0'))
      (dropout): DropoutLIF(
        Dropout(p=0.0, inplace=False)
        (dropout): Dropout(p=0.0, inplace=False)
      )
    )
  )
  (conv_block4): LocalLearningSignalGenerationLayer(
    (block): ConvBlock(
      (pool): MaxPool2d(kernel_size=2, stride=2, padding=0, dilation=1, ceil_mode=False)
      (conv): Conv2dSTDP(256, 256, kernel_size=(3, 3), stride=(1, 1), padding=(1, 1), bias=False, threshold=0.60, leak=0.50, reset=soft, grad_leak=False, grad_threshold=False, factors=tensor([0.2000, 0.5000, 0.0000, 1.0000], device='cuda:0'))
      (dropout): DropoutLIF(
        Dropout(p=0.0, inplace=False)
        (dropout): Dropout(p=0.0, inplace=False)
      )
    )
  )
  (conv_block5): LocalLearningSignalGenerationLayer(
    (block): ConvBlock(
      (pool): Identity()
      (conv): Conv2dSTDP(256, 512, kernel_size=(3, 3), stride=(1, 1), padding=(1, 1), bias=False, threshold=0.60, leak=0.50, reset=soft, grad_leak=False, grad_threshold=False, factors=tensor([0.2000, 0.5000, 0.0000, 1.0000], device='cuda:0'))
      (dropout): DropoutLIF(
        Dropout(p=0.0, inplace=False)
        (dropout): Dropout(p=0.0, inplace=False)
      )
    )
  )
  (conv_block6): LocalLearningSignalGenerationLayer(
    (block): ConvBlock(
      (pool): MaxPool2d(kernel_size=2, stride=2, padding=0, dilation=1, ceil_mode=False)
      (conv): Conv2dSTDP(512, 512, kernel_size=(3, 3), stride=(1, 1), padding=(1, 1), bias=False, threshold=0.60, leak=0.50, reset=soft, grad_leak=False, grad_threshold=False, factors=tensor([0.2000, 0.5000, 0.0000, 1.0000], device='cuda:0'))
      (dropout): DropoutLIF(
        Dropout(p=0.0, inplace=False)
        (dropout): Dropout(p=0.0, inplace=False)
      )
    )
  )
  (conv_block7): LocalLearningSignalGenerationLayer(
    (block): ConvBlock(
      (pool): Identity()
      (conv): Conv2dSTDP(512, 512, kernel_size=(3, 3), stride=(1, 1), padding=(1, 1), bias=False, threshold=0.60, leak=0.50, reset=soft, grad_leak=False, grad_threshold=False, factors=tensor([0.2000, 0.5000, 0.0000, 1.0000], device='cuda:0'))
      (dropout): DropoutLIF(
        Dropout(p=0.0, inplace=False)
        (dropout): Dropout(p=0.0, inplace=False)
      )
    )
  )
  (conv_block8): LocalLearningSignalGenerationLayer(
    (block): ConvBlock(
      (pool): AdaptiveAvgPool2d(output_size=1)
      (conv): Conv2dSTDP(512, 512, kernel_size=(3, 3), stride=(1, 1), padding=(1, 1), bias=False, threshold=0.60, leak=0.50, reset=soft, grad_leak=False, grad_threshold=False, factors=tensor([0.2000, 0.5000, 0.0000, 1.0000], device='cuda:0'))
      (dropout): DropoutLIF(
        Dropout(p=0.0, inplace=False)
        (dropout): Dropout(p=0.0, inplace=False)
      )
    )
  )
  (linear): Linear(in_features=512, out_features=10, bias=True)
)
20-Feb-26 09:02:16 - 
=== Starting model training with 100 epochs:

20-Feb-26 09:02:16 - 	 Epoch 1...
20-Feb-26 09:08:16 - Epoch: [1][ 999/9000]	Time  0.345 ( 0.360)	Data  0.001 ( 0.001)	Loss 5.9203e-01 (3.2963e+00)	Acc@1 100.00 ( 14.20)	Acc@5 100.00 ( 62.00)
20-Feb-26 09:14:16 - Epoch: [1][1999/9000]	Time  0.393 ( 0.360)	Data  0.001 ( 0.001)	Loss 1.8309e+00 (4.1875e+00)	Acc@1   0.00 ( 19.20)	Acc@5 100.00 ( 70.05)
20-Feb-26 09:20:15 - Epoch: [1][2999/9000]	Time  0.373 ( 0.360)	Data  0.001 ( 0.001)	Loss 1.9633e-02 (4.6601e+00)	Acc@1 100.00 ( 22.10)	Acc@5 100.00 ( 73.37)
20-Feb-26 09:26:12 - Epoch: [1][3999/9000]	Time  0.339 ( 0.359)	Data  0.001 ( 0.001)	Loss 9.9588e+00 (4.9225e+00)	Acc@1   0.00 ( 24.93)	Acc@5   0.00 ( 75.85)
20-Feb-26 09:32:26 - Epoch: [1][4999/9000]	Time  0.352 ( 0.362)	Data  0.001 ( 0.001)	Loss 4.7598e-01 (5.0692e+00)	Acc@1 100.00 ( 27.12)	Acc@5 100.00 ( 77.82)
20-Feb-26 09:38:26 - Epoch: [1][5999/9000]	Time  0.346 ( 0.362)	Data  0.001 ( 0.001)	Loss 2.7990e+00 (5.1919e+00)	Acc@1   0.00 ( 28.53)	Acc@5 100.00 ( 79.28)
20-Feb-26 09:44:24 - Epoch: [1][6999/9000]	Time  0.346 ( 0.361)	Data  0.001 ( 0.001)	Loss 6.5892e+00 (5.2947e+00)	Acc@1   0.00 ( 29.61)	Acc@5 100.00 ( 80.07)
20-Feb-26 09:50:36 - Epoch: [1][7999/9000]	Time  0.380 ( 0.362)	Data  0.001 ( 0.001)	Loss 3.4394e+00 (5.3118e+00)	Acc@1   0.00 ( 30.90)	Acc@5 100.00 ( 81.18)
20-Feb-26 09:56:57 - Epoch: [1][8999/9000]	Time  0.336 ( 0.365)	Data  0.001 ( 0.001)	Loss 1.3687e+01 (5.4079e+00)	Acc@1   0.00 ( 31.62)	Acc@5 100.00 ( 81.79)
20-Feb-26 09:56:57 -  @Training * Acc@1 31.622 Acc@5 81.789 Loss 5.408
20-Feb-26 09:56:58 - One training epoch latency: 3.281e+03s | Avg Power: 220.4W | Energy: 723229.7043J
