15-Mar-26 11:52:33 - Namespace(arch='dvs_tessvgg_model', cpu=False, dataset='DVSGesture', save_path='./experiments/DVSGesture_Lonic_wn_int4_ternary_int8_t10', data_path='/home/cts3td/Datasets', trials=1, epochs=100, optimizer='Adam', loss='CE', lr=6.25e-05, lr_conv=6.25e-05, batch_size=1, val_batch_size=16, label_encoding='class', activation='LinearSpike', seed=1, pretrained_model=None, training_mode='tess', delay_ls=10, scheduler=100, print_freq=100, factors_stdp=[0.2, 0.5, 0.0, 1.0], pooling='MAX', weight_decay=0, lr_scheduler_type='ReduceLR', experiment_name='DVSGesture', wn=True, avoid_wn=False, low_precision_training=True, forward_intx=4)
15-Mar-26 11:52:33 - => Everything will be saved to ./experiments/DVSGesture_Lonic_wn_int4_ternary_int8_t10
15-Mar-26 11:52:37 - CUDA GPU will be used for computations
15-Mar-26 11:52:37 - Training set length: 1176
15-Mar-26 11:52:37 - Test set length: 288
15-Mar-26 11:52:37 - Activation used: None
15-Mar-26 11:52:37 - Total Parameters: 9222.8K
15-Mar-26 11:52:37 - === Model ===
15-Mar-26 11:52:37 - VGGConvModel(
  (conv_block1): LocalLearningSignalGenerationLayer(
    (block): ConvBlock(
      (pool): Identity()
      (conv): Conv2dSTDP(2, 64, kernel_size=(3, 3), stride=(1, 1), padding=(1, 1), bias=False, threshold=0.60, leak=0.50, reset=soft, grad_leak=False, grad_threshold=False, factors=tensor([0.2000, 0.5000, 0.0000, 1.0000], device='cuda:0'))
      (dropout): DropoutLIF(
        Dropout(p=0.0, inplace=False)
        (dropout): Dropout(p=0.0, inplace=False)
      )
    )
  )
  (conv_block2): LocalLearningSignalGenerationLayer(
    (block): ConvBlock(
      (pool): MaxPool2d(kernel_size=2, stride=2, padding=0, dilation=1, ceil_mode=False)
      (conv): Conv2dSTDP(64, 128, kernel_size=(3, 3), stride=(1, 1), padding=(1, 1), bias=False, threshold=0.60, leak=0.50, reset=soft, grad_leak=False, grad_threshold=False, factors=tensor([0.2000, 0.5000, 0.0000, 1.0000], device='cuda:0'))
      (dropout): DropoutLIF(
        Dropout(p=0.0, inplace=False)
        (dropout): Dropout(p=0.0, inplace=False)
      )
    )
  )
  (conv_block3): LocalLearningSignalGenerationLayer(
    (block): ConvBlock(
      (pool): Identity()
      (conv): Conv2dSTDP(128, 256, kernel_size=(3, 3), stride=(1, 1), padding=(1, 1), bias=False, threshold=0.60, leak=0.50, reset=soft, grad_leak=False, grad_threshold=False, factors=tensor([0.2000, 0.5000, 0.0000, 1.0000], device='cuda:0'))
      (dropout): DropoutLIF(
        Dropout(p=0.0, inplace=False)
        (dropout): Dropout(p=0.0, inplace=False)
      )
    )
  )
  (conv_block4): LocalLearningSignalGenerationLayer(
    (block): ConvBlock(
      (pool): MaxPool2d(kernel_size=2, stride=2, padding=0, dilation=1, ceil_mode=False)
      (conv): Conv2dSTDP(256, 256, kernel_size=(3, 3), stride=(1, 1), padding=(1, 1), bias=False, threshold=0.60, leak=0.50, reset=soft, grad_leak=False, grad_threshold=False, factors=tensor([0.2000, 0.5000, 0.0000, 1.0000], device='cuda:0'))
      (dropout): DropoutLIF(
        Dropout(p=0.0, inplace=False)
        (dropout): Dropout(p=0.0, inplace=False)
      )
    )
  )
  (conv_block5): LocalLearningSignalGenerationLayer(
    (block): ConvBlock(
      (pool): Identity()
      (conv): Conv2dSTDP(256, 512, kernel_size=(3, 3), stride=(1, 1), padding=(1, 1), bias=False, threshold=0.60, leak=0.50, reset=soft, grad_leak=False, grad_threshold=False, factors=tensor([0.2000, 0.5000, 0.0000, 1.0000], device='cuda:0'))
      (dropout): DropoutLIF(
        Dropout(p=0.0, inplace=False)
        (dropout): Dropout(p=0.0, inplace=False)
      )
    )
  )
  (conv_block6): LocalLearningSignalGenerationLayer(
    (block): ConvBlock(
      (pool): MaxPool2d(kernel_size=2, stride=2, padding=0, dilation=1, ceil_mode=False)
      (conv): Conv2dSTDP(512, 512, kernel_size=(3, 3), stride=(1, 1), padding=(1, 1), bias=False, threshold=0.60, leak=0.50, reset=soft, grad_leak=False, grad_threshold=False, factors=tensor([0.2000, 0.5000, 0.0000, 1.0000], device='cuda:0'))
      (dropout): DropoutLIF(
        Dropout(p=0.0, inplace=False)
        (dropout): Dropout(p=0.0, inplace=False)
      )
    )
  )
  (conv_block7): LocalLearningSignalGenerationLayer(
    (block): ConvBlock(
      (pool): Identity()
      (conv): Conv2dSTDP(512, 512, kernel_size=(3, 3), stride=(1, 1), padding=(1, 1), bias=False, threshold=0.60, leak=0.50, reset=soft, grad_leak=False, grad_threshold=False, factors=tensor([0.2000, 0.5000, 0.0000, 1.0000], device='cuda:0'))
      (dropout): DropoutLIF(
        Dropout(p=0.0, inplace=False)
        (dropout): Dropout(p=0.0, inplace=False)
      )
    )
  )
  (conv_block8): LocalLearningSignalGenerationLayer(
    (block): ConvBlock(
      (pool): AdaptiveAvgPool2d(output_size=1)
      (conv): Conv2dSTDP(512, 512, kernel_size=(3, 3), stride=(1, 1), padding=(1, 1), bias=False, threshold=0.60, leak=0.50, reset=soft, grad_leak=False, grad_threshold=False, factors=tensor([0.2000, 0.5000, 0.0000, 1.0000], device='cuda:0'))
      (dropout): DropoutLIF(
        Dropout(p=0.0, inplace=False)
        (dropout): Dropout(p=0.0, inplace=False)
      )
    )
  )
  (linear): Linear(in_features=512, out_features=11, bias=True)
)
15-Mar-26 11:52:38 - 
=== Starting model training with 100 epochs:

15-Mar-26 11:52:38 - 	 Epoch 1...
15-Mar-26 11:58:50 - Epoch: [1][  99/1176]	Time  3.636 ( 3.723)	Data  0.000 ( 0.003)	Loss 8.3841e+00 (4.5682e+00)	Acc@1   0.00 ( 12.00)	Acc@5 100.00 ( 62.00)
15-Mar-26 12:04:58 - Epoch: [1][ 199/1176]	Time  3.681 ( 3.702)	Data  0.000 ( 0.001)	Loss 8.3002e+00 (5.0784e+00)	Acc@1   0.00 ( 18.00)	Acc@5   0.00 ( 61.00)
15-Mar-26 12:11:07 - Epoch: [1][ 299/1176]	Time  3.671 ( 3.697)	Data  0.000 ( 0.001)	Loss 3.2118e+00 (5.3219e+00)	Acc@1   0.00 ( 19.00)	Acc@5 100.00 ( 67.00)
15-Mar-26 12:17:17 - Epoch: [1][ 399/1176]	Time  3.742 ( 3.697)	Data  0.000 ( 0.001)	Loss 2.0480e+01 (5.2884e+00)	Acc@1   0.00 ( 22.25)	Acc@5   0.00 ( 72.00)
15-Mar-26 12:23:27 - Epoch: [1][ 499/1176]	Time  3.677 ( 3.698)	Data  0.000 ( 0.001)	Loss 1.6711e+01 (5.1129e+00)	Acc@1   0.00 ( 25.80)	Acc@5   0.00 ( 75.40)
15-Mar-26 12:29:36 - Epoch: [1][ 599/1176]	Time  3.697 ( 3.697)	Data  0.000 ( 0.001)	Loss 6.6141e-01 (4.9542e+00)	Acc@1 100.00 ( 28.50)	Acc@5 100.00 ( 78.00)
15-Mar-26 12:35:46 - Epoch: [1][ 699/1176]	Time  3.691 ( 3.697)	Data  0.000 ( 0.000)	Loss 1.1291e+00 (4.7126e+00)	Acc@1   0.00 ( 29.43)	Acc@5 100.00 ( 80.29)
15-Mar-26 12:41:55 - Epoch: [1][ 799/1176]	Time  3.693 ( 3.697)	Data  0.000 ( 0.000)	Loss 8.2369e+00 (4.5649e+00)	Acc@1   0.00 ( 31.62)	Acc@5 100.00 ( 82.00)
15-Mar-26 12:48:05 - Epoch: [1][ 899/1176]	Time  3.681 ( 3.696)	Data  0.000 ( 0.000)	Loss 1.6822e-01 (4.4869e+00)	Acc@1 100.00 ( 33.44)	Acc@5 100.00 ( 83.44)
15-Mar-26 12:54:16 - Epoch: [1][ 999/1176]	Time  3.705 ( 3.698)	Data  0.000 ( 0.000)	Loss 8.0762e-02 (4.3483e+00)	Acc@1 100.00 ( 34.30)	Acc@5 100.00 ( 84.80)
15-Mar-26 13:00:26 - Epoch: [1][1099/1176]	Time  3.729 ( 3.698)	Data  0.000 ( 0.000)	Loss 8.7833e+00 (4.2304e+00)	Acc@1   0.00 ( 35.64)	Acc@5 100.00 ( 86.09)
15-Mar-26 13:05:07 -  @Training * Acc@1 36.310 Acc@5 86.650 Loss 4.233
15-Mar-26 13:05:07 - One training epoch latency: 4.349e+03s | Avg Power: 222.0W | Energy: 965649.1500J
15-Mar-26 14:42:24 - Namespace(arch='dvs_tessvgg_model', cpu=False, dataset='DVSGesture', save_path='./experiments/DVSGesture_Lonic_wn_int4_ternary_int8_t10', data_path='/home/cts3td/Datasets', trials=1, epochs=100, optimizer='Adam', loss='CE', lr=6.25e-05, lr_conv=6.25e-05, batch_size=1, val_batch_size=16, label_encoding='class', activation='LinearSpike', seed=1, pretrained_model=None, training_mode='tess', delay_ls=10, scheduler=100, print_freq=100, factors_stdp=[0.2, 0.5, 0.0, 1.0], pooling='MAX', weight_decay=0, lr_scheduler_type='ReduceLR', experiment_name='DVSGesture', wn=True, avoid_wn=False, low_precision_training=True, forward_intx=4)
15-Mar-26 14:42:24 - => Everything will be saved to ./experiments/DVSGesture_Lonic_wn_int4_ternary_int8_t10
15-Mar-26 14:42:28 - CUDA GPU will be used for computations
15-Mar-26 14:42:28 - Training set length: 1176
15-Mar-26 14:42:28 - Test set length: 288
15-Mar-26 14:42:28 - Activation used: None
15-Mar-26 14:42:29 - Total Parameters: 9222.8K
15-Mar-26 14:42:29 - === Model ===
15-Mar-26 14:42:29 - VGGConvModel(
  (conv_block1): LocalLearningSignalGenerationLayer(
    (block): ConvBlock(
      (pool): Identity()
      (conv): Conv2dSTDP(2, 64, kernel_size=(3, 3), stride=(1, 1), padding=(1, 1), bias=False, threshold=0.60, leak=0.50, reset=soft, grad_leak=False, grad_threshold=False, factors=tensor([0.2000, 0.5000, 0.0000, 1.0000], device='cuda:0'))
      (dropout): DropoutLIF(
        Dropout(p=0.0, inplace=False)
        (dropout): Dropout(p=0.0, inplace=False)
      )
    )
  )
  (conv_block2): LocalLearningSignalGenerationLayer(
    (block): ConvBlock(
      (pool): MaxPool2d(kernel_size=2, stride=2, padding=0, dilation=1, ceil_mode=False)
      (conv): Conv2dSTDP(64, 128, kernel_size=(3, 3), stride=(1, 1), padding=(1, 1), bias=False, threshold=0.60, leak=0.50, reset=soft, grad_leak=False, grad_threshold=False, factors=tensor([0.2000, 0.5000, 0.0000, 1.0000], device='cuda:0'))
      (dropout): DropoutLIF(
        Dropout(p=0.0, inplace=False)
        (dropout): Dropout(p=0.0, inplace=False)
      )
    )
  )
  (conv_block3): LocalLearningSignalGenerationLayer(
    (block): ConvBlock(
      (pool): Identity()
      (conv): Conv2dSTDP(128, 256, kernel_size=(3, 3), stride=(1, 1), padding=(1, 1), bias=False, threshold=0.60, leak=0.50, reset=soft, grad_leak=False, grad_threshold=False, factors=tensor([0.2000, 0.5000, 0.0000, 1.0000], device='cuda:0'))
      (dropout): DropoutLIF(
        Dropout(p=0.0, inplace=False)
        (dropout): Dropout(p=0.0, inplace=False)
      )
    )
  )
  (conv_block4): LocalLearningSignalGenerationLayer(
    (block): ConvBlock(
      (pool): MaxPool2d(kernel_size=2, stride=2, padding=0, dilation=1, ceil_mode=False)
      (conv): Conv2dSTDP(256, 256, kernel_size=(3, 3), stride=(1, 1), padding=(1, 1), bias=False, threshold=0.60, leak=0.50, reset=soft, grad_leak=False, grad_threshold=False, factors=tensor([0.2000, 0.5000, 0.0000, 1.0000], device='cuda:0'))
      (dropout): DropoutLIF(
        Dropout(p=0.0, inplace=False)
        (dropout): Dropout(p=0.0, inplace=False)
      )
    )
  )
  (conv_block5): LocalLearningSignalGenerationLayer(
    (block): ConvBlock(
      (pool): Identity()
      (conv): Conv2dSTDP(256, 512, kernel_size=(3, 3), stride=(1, 1), padding=(1, 1), bias=False, threshold=0.60, leak=0.50, reset=soft, grad_leak=False, grad_threshold=False, factors=tensor([0.2000, 0.5000, 0.0000, 1.0000], device='cuda:0'))
      (dropout): DropoutLIF(
        Dropout(p=0.0, inplace=False)
        (dropout): Dropout(p=0.0, inplace=False)
      )
    )
  )
  (conv_block6): LocalLearningSignalGenerationLayer(
    (block): ConvBlock(
      (pool): MaxPool2d(kernel_size=2, stride=2, padding=0, dilation=1, ceil_mode=False)
      (conv): Conv2dSTDP(512, 512, kernel_size=(3, 3), stride=(1, 1), padding=(1, 1), bias=False, threshold=0.60, leak=0.50, reset=soft, grad_leak=False, grad_threshold=False, factors=tensor([0.2000, 0.5000, 0.0000, 1.0000], device='cuda:0'))
      (dropout): DropoutLIF(
        Dropout(p=0.0, inplace=False)
        (dropout): Dropout(p=0.0, inplace=False)
      )
    )
  )
  (conv_block7): LocalLearningSignalGenerationLayer(
    (block): ConvBlock(
      (pool): Identity()
      (conv): Conv2dSTDP(512, 512, kernel_size=(3, 3), stride=(1, 1), padding=(1, 1), bias=False, threshold=0.60, leak=0.50, reset=soft, grad_leak=False, grad_threshold=False, factors=tensor([0.2000, 0.5000, 0.0000, 1.0000], device='cuda:0'))
      (dropout): DropoutLIF(
        Dropout(p=0.0, inplace=False)
        (dropout): Dropout(p=0.0, inplace=False)
      )
    )
  )
  (conv_block8): LocalLearningSignalGenerationLayer(
    (block): ConvBlock(
      (pool): AdaptiveAvgPool2d(output_size=1)
      (conv): Conv2dSTDP(512, 512, kernel_size=(3, 3), stride=(1, 1), padding=(1, 1), bias=False, threshold=0.60, leak=0.50, reset=soft, grad_leak=False, grad_threshold=False, factors=tensor([0.2000, 0.5000, 0.0000, 1.0000], device='cuda:0'))
      (dropout): DropoutLIF(
        Dropout(p=0.0, inplace=False)
        (dropout): Dropout(p=0.0, inplace=False)
      )
    )
  )
  (linear): Linear(in_features=512, out_features=11, bias=True)
)
15-Mar-26 14:42:29 - 
=== Starting model training with 100 epochs:

15-Mar-26 14:42:29 - 	 Epoch 1...
15-Mar-26 14:42:41 - Epoch: [1][  99/1176]	Time  0.088 ( 0.120)	Data  0.000 ( 0.002)	Loss 8.3841e+00 (4.5682e+00)	Acc@1   0.00 ( 12.00)	Acc@5 100.00 ( 62.00)
15-Mar-26 14:42:50 - Epoch: [1][ 199/1176]	Time  0.088 ( 0.105)	Data  0.000 ( 0.001)	Loss 8.3002e+00 (5.0784e+00)	Acc@1   0.00 ( 18.00)	Acc@5   0.00 ( 61.00)
15-Mar-26 14:42:59 - Epoch: [1][ 299/1176]	Time  0.087 ( 0.100)	Data  0.000 ( 0.001)	Loss 3.2118e+00 (5.3219e+00)	Acc@1   0.00 ( 19.00)	Acc@5 100.00 ( 67.00)
15-Mar-26 14:43:08 - Epoch: [1][ 399/1176]	Time  0.088 ( 0.097)	Data  0.000 ( 0.001)	Loss 2.0480e+01 (5.2884e+00)	Acc@1   0.00 ( 22.25)	Acc@5   0.00 ( 72.00)
15-Mar-26 14:43:17 - Epoch: [1][ 499/1176]	Time  0.088 ( 0.096)	Data  0.000 ( 0.001)	Loss 1.6711e+01 (5.1129e+00)	Acc@1   0.00 ( 25.80)	Acc@5   0.00 ( 75.40)
15-Mar-26 14:43:26 - Epoch: [1][ 599/1176]	Time  0.088 ( 0.094)	Data  0.001 ( 0.001)	Loss 6.6141e-01 (4.9542e+00)	Acc@1 100.00 ( 28.50)	Acc@5 100.00 ( 78.00)
15-Mar-26 14:43:35 - Epoch: [1][ 699/1176]	Time  0.088 ( 0.094)	Data  0.000 ( 0.001)	Loss 1.1291e+00 (4.7126e+00)	Acc@1   0.00 ( 29.43)	Acc@5 100.00 ( 80.29)
15-Mar-26 14:43:44 - Epoch: [1][ 799/1176]	Time  0.087 ( 0.093)	Data  0.000 ( 0.001)	Loss 8.2369e+00 (4.5649e+00)	Acc@1   0.00 ( 31.62)	Acc@5 100.00 ( 82.00)
15-Mar-26 14:43:53 - Epoch: [1][ 899/1176]	Time  0.088 ( 0.093)	Data  0.000 ( 0.001)	Loss 1.6822e-01 (4.4869e+00)	Acc@1 100.00 ( 33.44)	Acc@5 100.00 ( 83.44)
15-Mar-26 14:44:02 - Epoch: [1][ 999/1176]	Time  0.087 ( 0.093)	Data  0.000 ( 0.000)	Loss 8.0762e-02 (4.3483e+00)	Acc@1 100.00 ( 34.30)	Acc@5 100.00 ( 84.80)
15-Mar-26 14:44:11 - Epoch: [1][1099/1176]	Time  0.088 ( 0.092)	Data  0.001 ( 0.000)	Loss 8.7833e+00 (4.2304e+00)	Acc@1   0.00 ( 35.64)	Acc@5 100.00 ( 86.09)
15-Mar-26 14:44:18 -  @Training * Acc@1 36.310 Acc@5 86.650 Loss 4.233
15-Mar-26 14:44:18 - One training epoch latency: 108.6s | Avg Power: 224.2W | Energy: 24341.4628J
15-Mar-26 14:44:26 -  @Testing * Acc@1 47.222 Acc@5 91.667 Loss 3.446
15-Mar-26 14:44:26 - Best acc at epoch 1: 47.22222137451172
15-Mar-26 14:44:26 - Last learning rate: [6.25e-05]
15-Mar-26 14:44:26 - 	 Epoch 2...
15-Mar-26 14:44:35 - Epoch: [2][  99/1176]	Time  0.095 ( 0.093)	Data  0.000 ( 0.002)	Loss 5.2264e+00 (3.0400e+00)	Acc@1   0.00 ( 57.00)	Acc@5 100.00 ( 96.00)
15-Mar-26 14:44:44 - Epoch: [2][ 199/1176]	Time  0.090 ( 0.092)	Data  0.000 ( 0.001)	Loss 2.5101e-03 (2.7500e+00)	Acc@1 100.00 ( 56.50)	Acc@5 100.00 ( 97.50)
15-Mar-26 14:44:53 - Epoch: [2][ 299/1176]	Time  0.090 ( 0.092)	Data  0.000 ( 0.001)	Loss 4.4107e-06 (2.9285e+00)	Acc@1 100.00 ( 53.67)	Acc@5 100.00 ( 97.00)
15-Mar-26 14:45:03 - Epoch: [2][ 399/1176]	Time  0.092 ( 0.092)	Data  0.001 ( 0.001)	Loss 3.7088e+00 (2.6672e+00)	Acc@1   0.00 ( 55.50)	Acc@5 100.00 ( 97.50)
15-Mar-26 14:45:12 - Epoch: [2][ 499/1176]	Time  0.093 ( 0.091)	Data  0.000 ( 0.001)	Loss 5.5934e+00 (2.6539e+00)	Acc@1   0.00 ( 57.40)	Acc@5 100.00 ( 97.80)
15-Mar-26 14:45:21 - Epoch: [2][ 599/1176]	Time  0.092 ( 0.091)	Data  0.000 ( 0.000)	Loss 2.4362e-01 (2.6888e+00)	Acc@1 100.00 ( 56.33)	Acc@5 100.00 ( 98.17)
15-Mar-26 14:45:30 - Epoch: [2][ 699/1176]	Time  0.091 ( 0.091)	Data  0.000 ( 0.000)	Loss 7.6566e-02 (2.8064e+00)	Acc@1 100.00 ( 56.57)	Acc@5 100.00 ( 98.14)
15-Mar-26 14:45:39 - Epoch: [2][ 799/1176]	Time  0.091 ( 0.091)	Data  0.000 ( 0.000)	Loss 1.1921e-07 (2.8684e+00)	Acc@1 100.00 ( 57.00)	Acc@5 100.00 ( 97.88)
15-Mar-26 14:45:48 - Epoch: [2][ 899/1176]	Time  0.088 ( 0.091)	Data  0.000 ( 0.000)	Loss 2.7961e-02 (2.9456e+00)	Acc@1 100.00 ( 57.00)	Acc@5 100.00 ( 97.56)
15-Mar-26 14:45:57 - Epoch: [2][ 999/1176]	Time  0.093 ( 0.091)	Data  0.000 ( 0.000)	Loss 4.2366e+00 (2.8967e+00)	Acc@1   0.00 ( 57.20)	Acc@5 100.00 ( 97.80)
15-Mar-26 14:46:06 - Epoch: [2][1099/1176]	Time  0.088 ( 0.091)	Data  0.000 ( 0.000)	Loss 4.2481e+00 (2.8964e+00)	Acc@1   0.00 ( 57.73)	Acc@5 100.00 ( 97.82)
15-Mar-26 14:46:13 -  @Training * Acc@1 57.568 Acc@5 97.704 Loss 2.927
15-Mar-26 14:46:13 - One training epoch latency: 107.3s | Avg Power: 231.0W | Energy: 24784.2502J
15-Mar-26 14:46:20 -  @Testing * Acc@1 59.028 Acc@5 98.264 Loss 2.772
15-Mar-26 14:46:20 - Best acc at epoch 2: 59.02777862548828
15-Mar-26 14:46:20 - Last learning rate: [6.25e-05]
15-Mar-26 14:46:20 - 	 Epoch 3...
15-Mar-26 14:46:30 - Epoch: [3][  99/1176]	Time  0.093 ( 0.094)	Data  0.000 ( 0.002)	Loss 5.5813e+00 (3.0811e+00)	Acc@1   0.00 ( 61.00)	Acc@5 100.00 ( 96.00)
15-Mar-26 14:46:39 - Epoch: [3][ 199/1176]	Time  0.089 ( 0.093)	Data  0.000 ( 0.001)	Loss 3.6725e-03 (2.6156e+00)	Acc@1 100.00 ( 65.00)	Acc@5 100.00 ( 97.00)
15-Mar-26 14:46:48 - Epoch: [3][ 299/1176]	Time  0.098 ( 0.093)	Data  0.000 ( 0.001)	Loss 7.1909e-02 (2.5463e+00)	Acc@1 100.00 ( 64.67)	Acc@5 100.00 ( 96.67)
15-Mar-26 14:46:57 - Epoch: [3][ 399/1176]	Time  0.092 ( 0.092)	Data  0.000 ( 0.001)	Loss 4.1172e-01 (2.3268e+00)	Acc@1 100.00 ( 65.50)	Acc@5 100.00 ( 97.50)
15-Mar-26 14:47:06 - Epoch: [3][ 499/1176]	Time  0.092 ( 0.092)	Data  0.000 ( 0.000)	Loss 1.6679e+01 (2.2558e+00)	Acc@1   0.00 ( 66.00)	Acc@5 100.00 ( 98.00)
15-Mar-26 14:47:16 - Epoch: [3][ 599/1176]	Time  0.093 ( 0.092)	Data  0.001 ( 0.000)	Loss 0.0000e+00 (2.1787e+00)	Acc@1 100.00 ( 66.83)	Acc@5 100.00 ( 98.17)
15-Mar-26 14:47:25 - Epoch: [3][ 699/1176]	Time  0.091 ( 0.092)	Data  0.000 ( 0.000)	Loss 0.0000e+00 (2.1565e+00)	Acc@1 100.00 ( 67.14)	Acc@5 100.00 ( 98.43)
15-Mar-26 14:47:34 - Epoch: [3][ 799/1176]	Time  0.091 ( 0.092)	Data  0.000 ( 0.000)	Loss 6.1035e-02 (2.2573e+00)	Acc@1 100.00 ( 66.25)	Acc@5 100.00 ( 98.50)
15-Mar-26 14:47:43 - Epoch: [3][ 899/1176]	Time  0.091 ( 0.092)	Data  0.000 ( 0.000)	Loss 3.8528e-02 (2.2599e+00)	Acc@1 100.00 ( 66.56)	Acc@5 100.00 ( 98.56)
15-Mar-26 14:47:52 - Epoch: [3][ 999/1176]	Time  0.091 ( 0.092)	Data  0.000 ( 0.000)	Loss 7.5950e-02 (2.2050e+00)	Acc@1 100.00 ( 66.50)	Acc@5 100.00 ( 98.50)
15-Mar-26 14:48:01 - Epoch: [3][1099/1176]	Time  0.091 ( 0.092)	Data  0.000 ( 0.000)	Loss 3.5763e-07 (2.2740e+00)	Acc@1 100.00 ( 66.36)	Acc@5 100.00 ( 98.36)
15-Mar-26 14:48:08 -  @Training * Acc@1 66.667 Acc@5 98.469 Loss 2.254
15-Mar-26 14:48:08 - One training epoch latency: 108.0s | Avg Power: 230.1W | Energy: 24860.8815J
15-Mar-26 14:48:15 -  @Testing * Acc@1 69.792 Acc@5 98.958 Loss 2.264
15-Mar-26 14:48:15 - Best acc at epoch 3: 69.79166412353516
15-Mar-26 14:48:16 - Last learning rate: [6.25e-05]
15-Mar-26 14:48:16 - 	 Epoch 4...
15-Mar-26 14:48:25 - Epoch: [4][  99/1176]	Time  0.092 ( 0.094)	Data  0.000 ( 0.002)	Loss 3.2650e+00 (1.9081e+00)	Acc@1   0.00 ( 70.00)	Acc@5 100.00 (100.00)
15-Mar-26 14:48:34 - Epoch: [4][ 199/1176]	Time  0.092 ( 0.093)	Data  0.000 ( 0.001)	Loss 0.0000e+00 (1.9449e+00)	Acc@1 100.00 ( 71.00)	Acc@5 100.00 ( 99.50)
15-Mar-26 14:48:43 - Epoch: [4][ 299/1176]	Time  0.095 ( 0.092)	Data  0.000 ( 0.001)	Loss 1.9602e+01 (1.9371e+00)	Acc@1   0.00 ( 69.67)	Acc@5 100.00 ( 99.00)
15-Mar-26 14:48:52 - Epoch: [4][ 399/1176]	Time  0.091 ( 0.092)	Data  0.000 ( 0.001)	Loss 0.0000e+00 (1.9659e+00)	Acc@1 100.00 ( 71.00)	Acc@5 100.00 ( 98.75)
15-Mar-26 14:49:01 - Epoch: [4][ 499/1176]	Time  0.091 ( 0.092)	Data  0.000 ( 0.000)	Loss 4.7178e+00 (1.9712e+00)	Acc@1   0.00 ( 71.80)	Acc@5 100.00 ( 98.80)
15-Mar-26 14:49:11 - Epoch: [4][ 599/1176]	Time  0.091 ( 0.092)	Data  0.000 ( 0.000)	Loss 6.0797e-06 (1.9698e+00)	Acc@1 100.00 ( 72.33)	Acc@5 100.00 ( 98.67)
15-Mar-26 14:49:20 - Epoch: [4][ 699/1176]	Time  0.091 ( 0.092)	Data  0.001 ( 0.000)	Loss 1.6094e-01 (1.8817e+00)	Acc@1 100.00 ( 72.14)	Acc@5 100.00 ( 98.71)
15-Mar-26 14:49:29 - Epoch: [4][ 799/1176]	Time  0.091 ( 0.092)	Data  0.000 ( 0.000)	Loss 8.1894e+00 (1.9678e+00)	Acc@1   0.00 ( 72.25)	Acc@5 100.00 ( 98.75)
15-Mar-26 14:49:38 - Epoch: [4][ 899/1176]	Time  0.092 ( 0.092)	Data  0.000 ( 0.000)	Loss 6.6845e-01 (2.0131e+00)	Acc@1 100.00 ( 71.89)	Acc@5 100.00 ( 98.67)
15-Mar-26 14:49:47 - Epoch: [4][ 999/1176]	Time  0.091 ( 0.092)	Data  0.001 ( 0.000)	Loss 1.7292e-03 (1.9910e+00)	Acc@1 100.00 ( 71.60)	Acc@5 100.00 ( 98.80)
15-Mar-26 14:49:56 - Epoch: [4][1099/1176]	Time  0.091 ( 0.092)	Data  0.000 ( 0.000)	Loss 1.3770e-01 (2.0089e+00)	Acc@1 100.00 ( 71.09)	Acc@5 100.00 ( 98.82)
15-Mar-26 14:50:03 -  @Training * Acc@1 71.599 Acc@5 98.895 Loss 1.956
15-Mar-26 14:50:03 - One training epoch latency: 107.8s | Avg Power: 230.1W | Energy: 24805.4227J
15-Mar-26 14:50:10 -  @Testing * Acc@1 71.875 Acc@5 99.306 Loss 2.261
15-Mar-26 14:50:10 - Best acc at epoch 4: 71.875
15-Mar-26 14:50:10 - Last learning rate: [6.25e-05]
15-Mar-26 14:50:10 - 	 Epoch 5...
15-Mar-26 14:50:20 - Epoch: [5][  99/1176]	Time  0.089 ( 0.094)	Data  0.001 ( 0.002)	Loss 7.2534e+00 (1.8427e+00)	Acc@1   0.00 ( 66.00)	Acc@5 100.00 (100.00)
15-Mar-26 14:50:29 - Epoch: [5][ 199/1176]	Time  0.091 ( 0.093)	Data  0.000 ( 0.001)	Loss 6.4323e+00 (1.5983e+00)	Acc@1   0.00 ( 72.00)	Acc@5 100.00 (100.00)
15-Mar-26 14:50:38 - Epoch: [5][ 299/1176]	Time  0.095 ( 0.092)	Data  0.000 ( 0.001)	Loss 3.3062e+00 (1.6892e+00)	Acc@1   0.00 ( 74.33)	Acc@5 100.00 (100.00)
15-Mar-26 14:50:47 - Epoch: [5][ 399/1176]	Time  0.091 ( 0.092)	Data  0.000 ( 0.001)	Loss 6.2227e+00 (1.5931e+00)	Acc@1   0.00 ( 73.25)	Acc@5 100.00 (100.00)
15-Mar-26 14:50:56 - Epoch: [5][ 499/1176]	Time  0.091 ( 0.092)	Data  0.000 ( 0.000)	Loss 3.1072e-03 (1.5778e+00)	Acc@1 100.00 ( 73.80)	Acc@5 100.00 (100.00)
15-Mar-26 14:51:06 - Epoch: [5][ 599/1176]	Time  0.090 ( 0.092)	Data  0.000 ( 0.000)	Loss 0.0000e+00 (1.5822e+00)	Acc@1 100.00 ( 73.33)	Acc@5 100.00 (100.00)
15-Mar-26 14:51:15 - Epoch: [5][ 699/1176]	Time  0.092 ( 0.092)	Data  0.000 ( 0.000)	Loss 0.0000e+00 (1.5240e+00)	Acc@1 100.00 ( 74.14)	Acc@5 100.00 ( 99.86)
15-Mar-26 14:51:24 - Epoch: [5][ 799/1176]	Time  0.089 ( 0.092)	Data  0.000 ( 0.000)	Loss 9.5981e-02 (1.5572e+00)	Acc@1 100.00 ( 75.00)	Acc@5 100.00 ( 99.75)
15-Mar-26 14:51:33 - Epoch: [5][ 899/1176]	Time  0.091 ( 0.092)	Data  0.000 ( 0.000)	Loss 2.8708e-01 (1.5241e+00)	Acc@1 100.00 ( 75.11)	Acc@5 100.00 ( 99.78)
15-Mar-26 14:51:42 - Epoch: [5][ 999/1176]	Time  0.109 ( 0.092)	Data  0.000 ( 0.000)	Loss 0.0000e+00 (1.5362e+00)	Acc@1 100.00 ( 75.40)	Acc@5 100.00 ( 99.70)
15-Mar-26 14:51:51 - Epoch: [5][1099/1176]	Time  0.092 ( 0.092)	Data  0.000 ( 0.000)	Loss 4.5158e+00 (1.6264e+00)	Acc@1   0.00 ( 74.64)	Acc@5 100.00 ( 99.64)
15-Mar-26 14:51:58 -  @Training * Acc@1 74.405 Acc@5 99.660 Loss 1.647
15-Mar-26 14:51:59 - One training epoch latency: 108.0s | Avg Power: 230.7W | Energy: 24908.3799J
15-Mar-26 14:52:06 -  @Testing * Acc@1 59.028 Acc@5 99.306 Loss 4.516
15-Mar-26 14:52:06 - Best acc at epoch 5: 71.875
15-Mar-26 14:52:06 - Last learning rate: [6.25e-05]
15-Mar-26 14:52:06 - 	 Epoch 6...
15-Mar-26 14:52:15 - Epoch: [6][  99/1176]	Time  0.092 ( 0.093)	Data  0.000 ( 0.001)	Loss 2.4004e-03 (1.5591e+00)	Acc@1 100.00 ( 73.00)	Acc@5 100.00 (100.00)
15-Mar-26 14:52:24 - Epoch: [6][ 199/1176]	Time  0.091 ( 0.093)	Data  0.000 ( 0.001)	Loss 8.9532e-02 (1.8796e+00)	Acc@1 100.00 ( 74.50)	Acc@5 100.00 ( 99.50)
15-Mar-26 14:52:33 - Epoch: [6][ 299/1176]	Time  0.091 ( 0.092)	Data  0.000 ( 0.001)	Loss 7.9201e+00 (1.7387e+00)	Acc@1   0.00 ( 76.33)	Acc@5 100.00 ( 99.33)
15-Mar-26 14:52:42 - Epoch: [6][ 399/1176]	Time  0.090 ( 0.092)	Data  0.000 ( 0.000)	Loss 2.3842e-07 (1.5094e+00)	Acc@1 100.00 ( 77.75)	Acc@5 100.00 ( 99.50)
15-Mar-26 14:52:51 - Epoch: [6][ 499/1176]	Time  0.088 ( 0.092)	Data  0.000 ( 0.000)	Loss 2.4773e-03 (1.5357e+00)	Acc@1 100.00 ( 76.60)	Acc@5 100.00 ( 99.40)
15-Mar-26 14:53:01 - Epoch: [6][ 599/1176]	Time  0.091 ( 0.092)	Data  0.000 ( 0.000)	Loss 1.0743e-03 (1.5557e+00)	Acc@1 100.00 ( 77.17)	Acc@5 100.00 ( 99.50)
15-Mar-26 14:53:10 - Epoch: [6][ 699/1176]	Time  0.091 ( 0.092)	Data  0.000 ( 0.000)	Loss 0.0000e+00 (1.5004e+00)	Acc@1 100.00 ( 77.43)	Acc@5 100.00 ( 99.43)
15-Mar-26 14:53:19 - Epoch: [6][ 799/1176]	Time  0.091 ( 0.092)	Data  0.001 ( 0.000)	Loss 4.3139e-02 (1.5057e+00)	Acc@1 100.00 ( 77.62)	Acc@5 100.00 ( 99.50)
15-Mar-26 14:53:28 - Epoch: [6][ 899/1176]	Time  0.091 ( 0.091)	Data  0.000 ( 0.000)	Loss 4.3367e+00 (1.4489e+00)	Acc@1   0.00 ( 78.00)	Acc@5 100.00 ( 99.56)
15-Mar-26 14:53:37 - Epoch: [6][ 999/1176]	Time  0.088 ( 0.091)	Data  0.000 ( 0.000)	Loss 0.0000e+00 (1.4235e+00)	Acc@1 100.00 ( 78.00)	Acc@5 100.00 ( 99.60)
15-Mar-26 14:53:46 - Epoch: [6][1099/1176]	Time  0.091 ( 0.091)	Data  0.000 ( 0.000)	Loss 2.3842e-07 (1.5046e+00)	Acc@1 100.00 ( 77.45)	Acc@5 100.00 ( 99.64)
15-Mar-26 14:53:53 -  @Training * Acc@1 77.806 Acc@5 99.660 Loss 1.473
15-Mar-26 14:53:53 - One training epoch latency: 107.5s | Avg Power: 230.8W | Energy: 24816.1545J
15-Mar-26 14:54:00 -  @Testing * Acc@1 72.569 Acc@5 100.000 Loss 2.764
15-Mar-26 14:54:00 - Best acc at epoch 6: 72.56944274902344
15-Mar-26 14:54:00 - Last learning rate: [6.25e-05]
15-Mar-26 14:54:00 - 	 Epoch 7...
15-Mar-26 14:54:10 - Epoch: [7][  99/1176]	Time  0.092 ( 0.094)	Data  0.000 ( 0.002)	Loss 3.4212e-05 (1.2348e+00)	Acc@1 100.00 ( 78.00)	Acc@5 100.00 (100.00)
15-Mar-26 14:54:19 - Epoch: [7][ 199/1176]	Time  0.092 ( 0.093)	Data  0.000 ( 0.001)	Loss 0.0000e+00 (1.3230e+00)	Acc@1 100.00 ( 77.50)	Acc@5 100.00 (100.00)
15-Mar-26 14:54:28 - Epoch: [7][ 299/1176]	Time  0.091 ( 0.092)	Data  0.001 ( 0.001)	Loss 0.0000e+00 (1.2483e+00)	Acc@1 100.00 ( 76.00)	Acc@5 100.00 (100.00)
15-Mar-26 14:54:37 - Epoch: [7][ 399/1176]	Time  0.092 ( 0.092)	Data  0.000 ( 0.001)	Loss 3.2344e-03 (1.2741e+00)	Acc@1 100.00 ( 77.50)	Acc@5 100.00 ( 99.75)
15-Mar-26 14:54:46 - Epoch: [7][ 499/1176]	Time  0.096 ( 0.092)	Data  0.000 ( 0.001)	Loss 0.0000e+00 (1.3157e+00)	Acc@1 100.00 ( 77.20)	Acc@5 100.00 ( 99.80)
15-Mar-26 14:54:55 - Epoch: [7][ 599/1176]	Time  0.093 ( 0.092)	Data  0.000 ( 0.000)	Loss 7.2189e-02 (1.2684e+00)	Acc@1 100.00 ( 78.17)	Acc@5 100.00 ( 99.83)
15-Mar-26 14:55:04 - Epoch: [7][ 699/1176]	Time  0.090 ( 0.091)	Data  0.000 ( 0.000)	Loss 5.9605e-07 (1.2851e+00)	Acc@1 100.00 ( 78.71)	Acc@5 100.00 ( 99.86)
15-Mar-26 14:55:13 - Epoch: [7][ 799/1176]	Time  0.088 ( 0.091)	Data  0.000 ( 0.000)	Loss 6.7909e-02 (1.2563e+00)	Acc@1 100.00 ( 79.25)	Acc@5 100.00 ( 99.88)
15-Mar-26 14:55:23 - Epoch: [7][ 899/1176]	Time  0.087 ( 0.091)	Data  0.000 ( 0.000)	Loss 3.2736e+00 (1.2673e+00)	Acc@1   0.00 ( 79.00)	Acc@5 100.00 ( 99.89)
15-Mar-26 14:55:32 - Epoch: [7][ 999/1176]	Time  0.092 ( 0.091)	Data  0.000 ( 0.000)	Loss 1.0211e-03 (1.1841e+00)	Acc@1 100.00 ( 79.60)	Acc@5 100.00 ( 99.90)
15-Mar-26 14:55:41 - Epoch: [7][1099/1176]	Time  0.090 ( 0.091)	Data  0.000 ( 0.000)	Loss 0.0000e+00 (1.2113e+00)	Acc@1 100.00 ( 79.27)	Acc@5 100.00 ( 99.91)
15-Mar-26 14:55:48 -  @Training * Acc@1 79.507 Acc@5 99.915 Loss 1.206
15-Mar-26 14:55:48 - One training epoch latency: 107.5s | Avg Power: 230.0W | Energy: 24717.4373J
15-Mar-26 14:55:55 -  @Testing * Acc@1 72.569 Acc@5 99.306 Loss 2.165
15-Mar-26 14:55:55 - Best acc at epoch 7: 72.56944274902344
15-Mar-26 14:55:55 - Last learning rate: [6.25e-05]
15-Mar-26 14:55:55 - 	 Epoch 8...
15-Mar-26 14:56:04 - Epoch: [8][  99/1176]	Time  0.090 ( 0.094)	Data  0.000 ( 0.002)	Loss 7.2322e-04 (1.1005e+00)	Acc@1 100.00 ( 72.00)	Acc@5 100.00 (100.00)
15-Mar-26 14:56:13 - Epoch: [8][ 199/1176]	Time  0.089 ( 0.092)	Data  0.000 ( 0.001)	Loss 9.1618e+00 (1.1319e+00)	Acc@1   0.00 ( 76.00)	Acc@5 100.00 (100.00)
15-Mar-26 14:56:22 - Epoch: [8][ 299/1176]	Time  0.091 ( 0.092)	Data  0.000 ( 0.001)	Loss 1.1613e+00 (1.2058e+00)	Acc@1   0.00 ( 75.00)	Acc@5 100.00 ( 99.67)
15-Mar-26 14:56:32 - Epoch: [8][ 399/1176]	Time  0.088 ( 0.092)	Data  0.000 ( 0.001)	Loss 2.8868e+00 (1.1808e+00)	Acc@1   0.00 ( 75.50)	Acc@5 100.00 ( 99.75)
15-Mar-26 14:56:41 - Epoch: [8][ 499/1176]	Time  0.091 ( 0.092)	Data  0.000 ( 0.001)	Loss 0.0000e+00 (1.1456e+00)	Acc@1 100.00 ( 77.60)	Acc@5 100.00 ( 99.80)
15-Mar-26 14:56:50 - Epoch: [8][ 599/1176]	Time  0.091 ( 0.092)	Data  0.000 ( 0.000)	Loss 0.0000e+00 (1.0423e+00)	Acc@1 100.00 ( 79.17)	Acc@5 100.00 ( 99.83)
15-Mar-26 14:56:59 - Epoch: [8][ 699/1176]	Time  0.091 ( 0.092)	Data  0.000 ( 0.000)	Loss 0.0000e+00 (1.0252e+00)	Acc@1 100.00 ( 79.71)	Acc@5 100.00 ( 99.86)
15-Mar-26 14:57:08 - Epoch: [8][ 799/1176]	Time  0.090 ( 0.092)	Data  0.000 ( 0.000)	Loss 2.3848e-02 (1.0367e+00)	Acc@1 100.00 ( 80.12)	Acc@5 100.00 ( 99.88)
15-Mar-26 14:57:17 - Epoch: [8][ 899/1176]	Time  0.094 ( 0.092)	Data  0.000 ( 0.000)	Loss 0.0000e+00 (1.0235e+00)	Acc@1 100.00 ( 80.44)	Acc@5 100.00 ( 99.89)
15-Mar-26 14:57:26 - Epoch: [8][ 999/1176]	Time  0.090 ( 0.092)	Data  0.000 ( 0.000)	Loss 1.5933e-03 (1.1165e+00)	Acc@1 100.00 ( 79.20)	Acc@5 100.00 ( 99.90)
15-Mar-26 14:57:36 - Epoch: [8][1099/1176]	Time  0.088 ( 0.092)	Data  0.000 ( 0.000)	Loss 4.0558e-02 (1.0914e+00)	Acc@1 100.00 ( 79.36)	Acc@5 100.00 ( 99.91)
15-Mar-26 14:57:43 -  @Training * Acc@1 79.677 Acc@5 99.915 Loss 1.081
15-Mar-26 14:57:43 - One training epoch latency: 107.7s | Avg Power: 231.1W | Energy: 24879.5312J
15-Mar-26 14:57:50 -  @Testing * Acc@1 81.597 Acc@5 99.306 Loss 1.660
15-Mar-26 14:57:50 - Best acc at epoch 8: 81.59722137451172
15-Mar-26 14:57:50 - Last learning rate: [6.25e-05]
15-Mar-26 14:57:50 - 	 Epoch 9...
15-Mar-26 14:57:59 - Epoch: [9][  99/1176]	Time  0.096 ( 0.094)	Data  0.000 ( 0.002)	Loss 1.3413e+01 (4.7837e-01)	Acc@1   0.00 ( 89.00)	Acc@5 100.00 (100.00)
15-Mar-26 14:58:08 - Epoch: [9][ 199/1176]	Time  0.091 ( 0.093)	Data  0.000 ( 0.001)	Loss 0.0000e+00 (5.1771e-01)	Acc@1 100.00 ( 91.00)	Acc@5 100.00 (100.00)
15-Mar-26 14:58:18 - Epoch: [9][ 299/1176]	Time  0.090 ( 0.092)	Data  0.000 ( 0.001)	Loss 2.0416e+00 (5.9963e-01)	Acc@1   0.00 ( 88.33)	Acc@5 100.00 (100.00)
15-Mar-26 14:58:27 - Epoch: [9][ 399/1176]	Time  0.089 ( 0.092)	Data  0.001 ( 0.001)	Loss 8.3674e-04 (6.1650e-01)	Acc@1 100.00 ( 88.50)	Acc@5 100.00 ( 99.75)
15-Mar-26 14:58:36 - Epoch: [9][ 499/1176]	Time  0.091 ( 0.092)	Data  0.000 ( 0.000)	Loss 0.0000e+00 (8.2381e-01)	Acc@1 100.00 ( 87.00)	Acc@5 100.00 ( 99.60)
15-Mar-26 14:58:45 - Epoch: [9][ 599/1176]	Time  0.089 ( 0.092)	Data  0.000 ( 0.000)	Loss 1.4182e-02 (8.3277e-01)	Acc@1 100.00 ( 86.50)	Acc@5 100.00 ( 99.67)
15-Mar-26 14:58:54 - Epoch: [9][ 699/1176]	Time  0.091 ( 0.092)	Data  0.000 ( 0.000)	Loss 5.3317e-02 (8.7580e-01)	Acc@1 100.00 ( 86.14)	Acc@5 100.00 ( 99.71)
15-Mar-26 14:59:03 - Epoch: [9][ 799/1176]	Time  0.089 ( 0.092)	Data  0.000 ( 0.000)	Loss 0.0000e+00 (9.5681e-01)	Acc@1 100.00 ( 86.00)	Acc@5 100.00 ( 99.75)
15-Mar-26 14:59:12 - Epoch: [9][ 899/1176]	Time  0.091 ( 0.092)	Data  0.001 ( 0.000)	Loss 1.2952e-03 (1.0368e+00)	Acc@1 100.00 ( 85.11)	Acc@5 100.00 ( 99.78)
15-Mar-26 14:59:22 - Epoch: [9][ 999/1176]	Time  0.088 ( 0.092)	Data  0.001 ( 0.000)	Loss 0.0000e+00 (1.0240e+00)	Acc@1 100.00 ( 85.20)	Acc@5 100.00 ( 99.80)
15-Mar-26 14:59:31 - Epoch: [9][1099/1176]	Time  0.093 ( 0.092)	Data  0.000 ( 0.000)	Loss 0.0000e+00 (1.0182e+00)	Acc@1 100.00 ( 85.00)	Acc@5 100.00 ( 99.82)
15-Mar-26 14:59:38 -  @Training * Acc@1 84.779 Acc@5 99.830 Loss 1.012
15-Mar-26 14:59:38 - One training epoch latency: 108.0s | Avg Power: 230.5W | Energy: 24890.5448J
15-Mar-26 14:59:45 -  @Testing * Acc@1 81.250 Acc@5 99.306 Loss 1.492
15-Mar-26 14:59:45 - Best acc at epoch 9: 81.59722137451172
15-Mar-26 14:59:45 - Last learning rate: [6.25e-05]
15-Mar-26 14:59:45 - 	 Epoch 10...
15-Mar-26 14:59:54 - Epoch: [10][  99/1176]	Time  0.091 ( 0.094)	Data  0.000 ( 0.002)	Loss 2.8263e+00 (9.3881e-01)	Acc@1   0.00 ( 87.00)	Acc@5 100.00 (100.00)
15-Mar-26 15:00:04 - Epoch: [10][ 199/1176]	Time  0.091 ( 0.093)	Data  0.000 ( 0.001)	Loss 0.0000e+00 (6.6401e-01)	Acc@1 100.00 ( 90.00)	Acc@5 100.00 (100.00)
15-Mar-26 15:00:13 - Epoch: [10][ 299/1176]	Time  0.092 ( 0.092)	Data  0.000 ( 0.001)	Loss 5.5093e-02 (6.9485e-01)	Acc@1 100.00 ( 88.67)	Acc@5 100.00 (100.00)
15-Mar-26 15:00:22 - Epoch: [10][ 399/1176]	Time  0.090 ( 0.092)	Data  0.001 ( 0.001)	Loss 1.2354e-03 (6.3931e-01)	Acc@1 100.00 ( 88.25)	Acc@5 100.00 (100.00)
15-Mar-26 15:00:31 - Epoch: [10][ 499/1176]	Time  0.091 ( 0.092)	Data  0.000 ( 0.000)	Loss 0.0000e+00 (6.3282e-01)	Acc@1 100.00 ( 88.20)	Acc@5 100.00 (100.00)
15-Mar-26 15:00:40 - Epoch: [10][ 599/1176]	Time  0.091 ( 0.092)	Data  0.000 ( 0.000)	Loss 1.1921e-07 (7.1576e-01)	Acc@1 100.00 ( 88.17)	Acc@5 100.00 (100.00)
15-Mar-26 15:00:49 - Epoch: [10][ 699/1176]	Time  0.099 ( 0.092)	Data  0.000 ( 0.000)	Loss 0.0000e+00 (7.8693e-01)	Acc@1 100.00 ( 87.86)	Acc@5 100.00 (100.00)
15-Mar-26 15:00:58 - Epoch: [10][ 799/1176]	Time  0.090 ( 0.092)	Data  0.000 ( 0.000)	Loss 0.0000e+00 (7.8296e-01)	Acc@1 100.00 ( 87.38)	Acc@5 100.00 (100.00)
15-Mar-26 15:01:07 - Epoch: [10][ 899/1176]	Time  0.090 ( 0.092)	Data  0.000 ( 0.000)	Loss 0.0000e+00 (7.7249e-01)	Acc@1 100.00 ( 87.11)	Acc@5 100.00 (100.00)
15-Mar-26 15:01:17 - Epoch: [10][ 999/1176]	Time  0.090 ( 0.092)	Data  0.000 ( 0.000)	Loss 6.5556e-04 (8.0079e-01)	Acc@1 100.00 ( 86.80)	Acc@5 100.00 (100.00)
15-Mar-26 15:01:26 - Epoch: [10][1099/1176]	Time  0.091 ( 0.092)	Data  0.000 ( 0.000)	Loss 4.2023e+00 (7.9810e-01)	Acc@1   0.00 ( 86.73)	Acc@5 100.00 (100.00)
15-Mar-26 15:01:33 -  @Training * Acc@1 86.224 Acc@5 100.000 Loss 0.825
15-Mar-26 15:01:33 - One training epoch latency: 107.8s | Avg Power: 229.8W | Energy: 24767.4253J
15-Mar-26 15:01:40 -  @Testing * Acc@1 80.208 Acc@5 99.306 Loss 1.646
15-Mar-26 15:01:40 - Best acc at epoch 10: 81.59722137451172
15-Mar-26 15:01:40 - Last learning rate: [6.25e-05]
15-Mar-26 15:01:40 - 	 Epoch 11...
15-Mar-26 15:01:49 - Epoch: [11][  99/1176]	Time  0.099 ( 0.093)	Data  0.001 ( 0.002)	Loss 1.9908e-05 (6.7558e-01)	Acc@1 100.00 ( 85.00)	Acc@5 100.00 (100.00)
15-Mar-26 15:01:58 - Epoch: [11][ 199/1176]	Time  0.088 ( 0.093)	Data  0.000 ( 0.001)	Loss 7.1526e-07 (6.5893e-01)	Acc@1 100.00 ( 84.50)	Acc@5 100.00 (100.00)
15-Mar-26 15:02:08 - Epoch: [11][ 299/1176]	Time  0.088 ( 0.092)	Data  0.000 ( 0.001)	Loss 6.8066e-05 (7.5279e-01)	Acc@1 100.00 ( 83.67)	Acc@5 100.00 (100.00)
15-Mar-26 15:02:17 - Epoch: [11][ 399/1176]	Time  0.091 ( 0.092)	Data  0.000 ( 0.001)	Loss 1.9584e-04 (7.8335e-01)	Acc@1 100.00 ( 83.00)	Acc@5 100.00 (100.00)
15-Mar-26 15:02:26 - Epoch: [11][ 499/1176]	Time  0.091 ( 0.092)	Data  0.000 ( 0.000)	Loss 0.0000e+00 (7.4453e-01)	Acc@1 100.00 ( 84.80)	Acc@5 100.00 (100.00)
15-Mar-26 15:02:35 - Epoch: [11][ 599/1176]	Time  0.091 ( 0.092)	Data  0.000 ( 0.000)	Loss 0.0000e+00 (6.9411e-01)	Acc@1 100.00 ( 86.17)	Acc@5 100.00 (100.00)
15-Mar-26 15:02:44 - Epoch: [11][ 699/1176]	Time  0.090 ( 0.092)	Data  0.000 ( 0.000)	Loss 1.7040e+00 (7.5229e-01)	Acc@1   0.00 ( 86.00)	Acc@5 100.00 (100.00)
15-Mar-26 15:02:53 - Epoch: [11][ 799/1176]	Time  0.115 ( 0.092)	Data  0.000 ( 0.000)	Loss 0.0000e+00 (7.5910e-01)	Acc@1 100.00 ( 86.12)	Acc@5 100.00 (100.00)
15-Mar-26 15:03:02 - Epoch: [11][ 899/1176]	Time  0.092 ( 0.092)	Data  0.000 ( 0.000)	Loss 1.6074e-01 (7.5947e-01)	Acc@1 100.00 ( 86.00)	Acc@5 100.00 (100.00)
15-Mar-26 15:03:11 - Epoch: [11][ 999/1176]	Time  0.090 ( 0.092)	Data  0.000 ( 0.000)	Loss 0.0000e+00 (7.8697e-01)	Acc@1 100.00 ( 86.10)	Acc@5 100.00 (100.00)
15-Mar-26 15:03:21 - Epoch: [11][1099/1176]	Time  0.088 ( 0.092)	Data  0.000 ( 0.000)	Loss 0.0000e+00 (7.8908e-01)	Acc@1 100.00 ( 86.18)	Acc@5 100.00 (100.00)
15-Mar-26 15:03:28 -  @Training * Acc@1 86.224 Acc@5 100.000 Loss 0.784
15-Mar-26 15:03:28 - One training epoch latency: 107.8s | Avg Power: 231.2W | Energy: 24924.5670J
15-Mar-26 15:03:35 -  @Testing * Acc@1 82.639 Acc@5 100.000 Loss 1.397
15-Mar-26 15:03:35 - Best acc at epoch 11: 82.6388931274414
15-Mar-26 15:03:35 - Last learning rate: [6.25e-05]
15-Mar-26 15:03:35 - 	 Epoch 12...
15-Mar-26 15:03:44 - Epoch: [12][  99/1176]	Time  0.090 ( 0.093)	Data  0.000 ( 0.002)	Loss 4.7684e-06 (4.9239e-01)	Acc@1 100.00 ( 90.00)	Acc@5 100.00 (100.00)
15-Mar-26 15:03:53 - Epoch: [12][ 199/1176]	Time  0.090 ( 0.093)	Data  0.000 ( 0.001)	Loss 0.0000e+00 (5.2163e-01)	Acc@1 100.00 ( 91.00)	Acc@5 100.00 (100.00)
15-Mar-26 15:04:03 - Epoch: [12][ 299/1176]	Time  0.091 ( 0.092)	Data  0.001 ( 0.001)	Loss 2.3842e-07 (6.5584e-01)	Acc@1 100.00 ( 89.33)	Acc@5 100.00 (100.00)
15-Mar-26 15:04:12 - Epoch: [12][ 399/1176]	Time  0.092 ( 0.092)	Data  0.000 ( 0.001)	Loss 0.0000e+00 (6.8411e-01)	Acc@1 100.00 ( 88.25)	Acc@5 100.00 (100.00)
15-Mar-26 15:04:21 - Epoch: [12][ 499/1176]	Time  0.089 ( 0.092)	Data  0.000 ( 0.001)	Loss 0.0000e+00 (7.6977e-01)	Acc@1 100.00 ( 86.60)	Acc@5 100.00 (100.00)
15-Mar-26 15:04:30 - Epoch: [12][ 599/1176]	Time  0.092 ( 0.092)	Data  0.000 ( 0.000)	Loss 0.0000e+00 (8.1091e-01)	Acc@1 100.00 ( 86.17)	Acc@5 100.00 (100.00)
15-Mar-26 15:04:39 - Epoch: [12][ 699/1176]	Time  0.110 ( 0.092)	Data  0.000 ( 0.000)	Loss 0.0000e+00 (7.6065e-01)	Acc@1 100.00 ( 86.86)	Acc@5 100.00 (100.00)
15-Mar-26 15:04:48 - Epoch: [12][ 799/1176]	Time  0.088 ( 0.092)	Data  0.000 ( 0.000)	Loss 0.0000e+00 (7.2146e-01)	Acc@1 100.00 ( 87.50)	Acc@5 100.00 (100.00)
15-Mar-26 15:04:57 - Epoch: [12][ 899/1176]	Time  0.090 ( 0.092)	Data  0.000 ( 0.000)	Loss 0.0000e+00 (7.1821e-01)	Acc@1 100.00 ( 87.67)	Acc@5 100.00 (100.00)
15-Mar-26 15:05:07 - Epoch: [12][ 999/1176]	Time  0.092 ( 0.092)	Data  0.001 ( 0.000)	Loss 0.0000e+00 (7.4925e-01)	Acc@1 100.00 ( 87.90)	Acc@5 100.00 (100.00)
15-Mar-26 15:05:16 - Epoch: [12][1099/1176]	Time  0.092 ( 0.092)	Data  0.000 ( 0.000)	Loss 0.0000e+00 (7.5018e-01)	Acc@1 100.00 ( 87.73)	Acc@5 100.00 (100.00)
15-Mar-26 15:05:23 -  @Training * Acc@1 87.925 Acc@5 100.000 Loss 0.722
15-Mar-26 15:05:23 - One training epoch latency: 107.9s | Avg Power: 230.6W | Energy: 24876.6356J
15-Mar-26 15:05:30 -  @Testing * Acc@1 85.764 Acc@5 99.306 Loss 1.323
15-Mar-26 15:05:30 - Best acc at epoch 12: 85.7638931274414
15-Mar-26 15:05:30 - Last learning rate: [6.25e-05]
15-Mar-26 15:05:30 - 	 Epoch 13...
15-Mar-26 15:05:39 - Epoch: [13][  99/1176]	Time  0.090 ( 0.094)	Data  0.000 ( 0.002)	Loss 0.0000e+00 (4.9723e-01)	Acc@1 100.00 ( 90.00)	Acc@5 100.00 (100.00)
15-Mar-26 15:05:49 - Epoch: [13][ 199/1176]	Time  0.092 ( 0.093)	Data  0.000 ( 0.001)	Loss 1.2959e-01 (5.3642e-01)	Acc@1 100.00 ( 89.00)	Acc@5 100.00 (100.00)
15-Mar-26 15:05:58 - Epoch: [13][ 299/1176]	Time  0.090 ( 0.093)	Data  0.000 ( 0.001)	Loss 0.0000e+00 (5.1057e-01)	Acc@1 100.00 ( 89.00)	Acc@5 100.00 (100.00)
15-Mar-26 15:06:07 - Epoch: [13][ 399/1176]	Time  0.091 ( 0.092)	Data  0.000 ( 0.001)	Loss 0.0000e+00 (5.1359e-01)	Acc@1 100.00 ( 89.25)	Acc@5 100.00 (100.00)
15-Mar-26 15:06:16 - Epoch: [13][ 499/1176]	Time  0.091 ( 0.092)	Data  0.000 ( 0.001)	Loss 0.0000e+00 (4.9883e-01)	Acc@1 100.00 ( 89.80)	Acc@5 100.00 (100.00)
15-Mar-26 15:06:25 - Epoch: [13][ 599/1176]	Time  0.090 ( 0.092)	Data  0.000 ( 0.001)	Loss 7.6529e-05 (5.8966e-01)	Acc@1 100.00 ( 89.33)	Acc@5 100.00 (100.00)
15-Mar-26 15:06:34 - Epoch: [13][ 699/1176]	Time  0.091 ( 0.092)	Data  0.000 ( 0.000)	Loss 0.0000e+00 (6.1687e-01)	Acc@1 100.00 ( 89.14)	Acc@5 100.00 (100.00)
15-Mar-26 15:06:44 - Epoch: [13][ 799/1176]	Time  0.091 ( 0.092)	Data  0.000 ( 0.000)	Loss 0.0000e+00 (6.0543e-01)	Acc@1 100.00 ( 89.12)	Acc@5 100.00 (100.00)
15-Mar-26 15:06:53 - Epoch: [13][ 899/1176]	Time  0.092 ( 0.092)	Data  0.000 ( 0.000)	Loss 3.7996e+00 (6.3827e-01)	Acc@1   0.00 ( 89.00)	Acc@5 100.00 (100.00)
15-Mar-26 15:07:02 - Epoch: [13][ 999/1176]	Time  0.089 ( 0.092)	Data  0.000 ( 0.000)	Loss 5.6028e-06 (7.3479e-01)	Acc@1 100.00 ( 88.70)	Acc@5 100.00 (100.00)
15-Mar-26 15:07:11 - Epoch: [13][1099/1176]	Time  0.091 ( 0.092)	Data  0.000 ( 0.000)	Loss 0.0000e+00 (7.5312e-01)	Acc@1 100.00 ( 88.73)	Acc@5 100.00 (100.00)
15-Mar-26 15:07:18 -  @Training * Acc@1 88.861 Acc@5 100.000 Loss 0.728
15-Mar-26 15:07:18 - One training epoch latency: 108.1s | Avg Power: 229.8W | Energy: 24845.6167J
15-Mar-26 15:07:25 -  @Testing * Acc@1 83.333 Acc@5 99.653 Loss 1.623
15-Mar-26 15:07:25 - Best acc at epoch 13: 85.7638931274414
15-Mar-26 15:07:25 - Last learning rate: [6.25e-05]
15-Mar-26 15:07:25 - 	 Epoch 14...
15-Mar-26 15:07:35 - Epoch: [14][  99/1176]	Time  0.089 ( 0.093)	Data  0.000 ( 0.002)	Loss 0.0000e+00 (6.3907e-01)	Acc@1 100.00 ( 88.00)	Acc@5 100.00 (100.00)
15-Mar-26 15:07:44 - Epoch: [14][ 199/1176]	Time  0.091 ( 0.093)	Data  0.000 ( 0.001)	Loss 0.0000e+00 (7.0336e-01)	Acc@1 100.00 ( 87.00)	Acc@5 100.00 (100.00)
15-Mar-26 15:07:53 - Epoch: [14][ 299/1176]	Time  0.102 ( 0.092)	Data  0.000 ( 0.001)	Loss 1.1921e-06 (6.7752e-01)	Acc@1 100.00 ( 88.00)	Acc@5 100.00 (100.00)
15-Mar-26 15:08:02 - Epoch: [14][ 399/1176]	Time  0.115 ( 0.092)	Data  0.005 ( 0.001)	Loss 0.0000e+00 (6.8459e-01)	Acc@1 100.00 ( 88.00)	Acc@5 100.00 (100.00)
15-Mar-26 15:08:11 - Epoch: [14][ 499/1176]	Time  0.090 ( 0.092)	Data  0.000 ( 0.001)	Loss 1.0330e-03 (6.6750e-01)	Acc@1 100.00 ( 88.60)	Acc@5 100.00 (100.00)
15-Mar-26 15:08:20 - Epoch: [14][ 599/1176]	Time  0.091 ( 0.092)	Data  0.000 ( 0.000)	Loss 0.0000e+00 (6.1864e-01)	Acc@1 100.00 ( 88.67)	Acc@5 100.00 (100.00)
15-Mar-26 15:08:30 - Epoch: [14][ 699/1176]	Time  0.090 ( 0.092)	Data  0.000 ( 0.000)	Loss 0.0000e+00 (6.5770e-01)	Acc@1 100.00 ( 88.57)	Acc@5 100.00 (100.00)
15-Mar-26 15:08:39 - Epoch: [14][ 799/1176]	Time  0.090 ( 0.092)	Data  0.000 ( 0.000)	Loss 1.8380e-04 (6.1754e-01)	Acc@1 100.00 ( 89.25)	Acc@5 100.00 (100.00)
15-Mar-26 15:08:48 - Epoch: [14][ 899/1176]	Time  0.092 ( 0.092)	Data  0.001 ( 0.000)	Loss 0.0000e+00 (6.4445e-01)	Acc@1 100.00 ( 89.33)	Acc@5 100.00 (100.00)
15-Mar-26 15:08:57 - Epoch: [14][ 999/1176]	Time  0.091 ( 0.092)	Data  0.000 ( 0.000)	Loss 9.8943e-06 (6.4584e-01)	Acc@1 100.00 ( 89.20)	Acc@5 100.00 (100.00)
15-Mar-26 15:09:06 - Epoch: [14][1099/1176]	Time  0.097 ( 0.092)	Data  0.000 ( 0.000)	Loss 0.0000e+00 (6.1917e-01)	Acc@1 100.00 ( 89.27)	Acc@5 100.00 (100.00)
15-Mar-26 15:09:13 -  @Training * Acc@1 89.541 Acc@5 100.000 Loss 0.601
15-Mar-26 15:09:13 - One training epoch latency: 107.7s | Avg Power: 230.7W | Energy: 24851.5277J
15-Mar-26 15:09:20 -  @Testing * Acc@1 77.778 Acc@5 98.958 Loss 2.522
15-Mar-26 15:09:20 - Best acc at epoch 14: 85.7638931274414
15-Mar-26 15:09:20 - Last learning rate: [6.25e-05]
15-Mar-26 15:09:20 - 	 Epoch 15...
15-Mar-26 15:09:30 - Epoch: [15][  99/1176]	Time  0.091 ( 0.094)	Data  0.000 ( 0.002)	Loss 0.0000e+00 (4.8880e-01)	Acc@1 100.00 ( 90.00)	Acc@5 100.00 (100.00)
15-Mar-26 15:09:39 - Epoch: [15][ 199/1176]	Time  0.089 ( 0.093)	Data  0.000 ( 0.001)	Loss 0.0000e+00 (5.2995e-01)	Acc@1 100.00 ( 90.00)	Acc@5 100.00 (100.00)
15-Mar-26 15:09:48 - Epoch: [15][ 299/1176]	Time  0.091 ( 0.092)	Data  0.000 ( 0.001)	Loss 0.0000e+00 (5.2622e-01)	Acc@1 100.00 ( 91.00)	Acc@5 100.00 (100.00)
15-Mar-26 15:09:57 - Epoch: [15][ 399/1176]	Time  0.093 ( 0.092)	Data  0.000 ( 0.001)	Loss 0.0000e+00 (5.9019e-01)	Acc@1 100.00 ( 90.75)	Acc@5 100.00 (100.00)
15-Mar-26 15:10:06 - Epoch: [15][ 499/1176]	Time  0.091 ( 0.092)	Data  0.000 ( 0.001)	Loss 0.0000e+00 (5.8863e-01)	Acc@1 100.00 ( 90.80)	Acc@5 100.00 (100.00)
15-Mar-26 15:10:16 - Epoch: [15][ 599/1176]	Time  0.091 ( 0.092)	Data  0.000 ( 0.000)	Loss 1.1086e-05 (5.4814e-01)	Acc@1 100.00 ( 90.83)	Acc@5 100.00 (100.00)
15-Mar-26 15:10:25 - Epoch: [15][ 699/1176]	Time  0.092 ( 0.092)	Data  0.001 ( 0.000)	Loss 1.1094e+01 (5.4582e-01)	Acc@1   0.00 ( 90.86)	Acc@5 100.00 (100.00)
15-Mar-26 15:10:34 - Epoch: [15][ 799/1176]	Time  0.090 ( 0.092)	Data  0.001 ( 0.000)	Loss 0.0000e+00 (5.5074e-01)	Acc@1 100.00 ( 90.12)	Acc@5 100.00 (100.00)
15-Mar-26 15:10:43 - Epoch: [15][ 899/1176]	Time  0.089 ( 0.092)	Data  0.000 ( 0.000)	Loss 1.1563e-05 (5.5768e-01)	Acc@1 100.00 ( 90.67)	Acc@5 100.00 (100.00)
15-Mar-26 15:10:52 - Epoch: [15][ 999/1176]	Time  0.092 ( 0.092)	Data  0.000 ( 0.000)	Loss 4.5973e-03 (5.7219e-01)	Acc@1 100.00 ( 90.60)	Acc@5 100.00 (100.00)
15-Mar-26 15:11:01 - Epoch: [15][1099/1176]	Time  0.099 ( 0.092)	Data  0.000 ( 0.000)	Loss 2.3842e-07 (6.5015e-01)	Acc@1 100.00 ( 90.00)	Acc@5 100.00 (100.00)
15-Mar-26 15:11:08 -  @Training * Acc@1 90.136 Acc@5 100.000 Loss 0.639
15-Mar-26 15:11:08 - One training epoch latency: 107.8s | Avg Power: 230.4W | Energy: 24839.0843J
15-Mar-26 15:11:15 -  @Testing * Acc@1 78.125 Acc@5 99.306 Loss 2.788
15-Mar-26 15:11:15 - Best acc at epoch 15: 85.7638931274414
15-Mar-26 15:11:15 - Last learning rate: [6.25e-05]
15-Mar-26 15:11:15 - 	 Epoch 16...
15-Mar-26 15:11:25 - Epoch: [16][  99/1176]	Time  0.091 ( 0.094)	Data  0.000 ( 0.002)	Loss 0.0000e+00 (5.6098e-01)	Acc@1 100.00 ( 90.00)	Acc@5 100.00 (100.00)
15-Mar-26 15:11:34 - Epoch: [16][ 199/1176]	Time  0.091 ( 0.093)	Data  0.000 ( 0.001)	Loss 0.0000e+00 (4.1784e-01)	Acc@1 100.00 ( 92.00)	Acc@5 100.00 (100.00)
15-Mar-26 15:11:43 - Epoch: [16][ 299/1176]	Time  0.088 ( 0.092)	Data  0.000 ( 0.001)	Loss 0.0000e+00 (4.5403e-01)	Acc@1 100.00 ( 92.33)	Acc@5 100.00 (100.00)
15-Mar-26 15:11:52 - Epoch: [16][ 399/1176]	Time  0.089 ( 0.092)	Data  0.001 ( 0.001)	Loss 0.0000e+00 (3.6845e-01)	Acc@1 100.00 ( 93.25)	Acc@5 100.00 (100.00)
15-Mar-26 15:12:01 - Epoch: [16][ 499/1176]	Time  0.090 ( 0.092)	Data  0.000 ( 0.000)	Loss 0.0000e+00 (3.7953e-01)	Acc@1 100.00 ( 93.40)	Acc@5 100.00 (100.00)
15-Mar-26 15:12:10 - Epoch: [16][ 599/1176]	Time  0.090 ( 0.092)	Data  0.000 ( 0.000)	Loss 0.0000e+00 (4.1464e-01)	Acc@1 100.00 ( 92.50)	Acc@5 100.00 (100.00)
15-Mar-26 15:12:19 - Epoch: [16][ 699/1176]	Time  0.091 ( 0.092)	Data  0.000 ( 0.000)	Loss 0.0000e+00 (4.1099e-01)	Acc@1 100.00 ( 92.14)	Acc@5 100.00 (100.00)
15-Mar-26 15:12:29 - Epoch: [16][ 799/1176]	Time  0.089 ( 0.092)	Data  0.000 ( 0.000)	Loss 0.0000e+00 (4.3174e-01)	Acc@1 100.00 ( 92.25)	Acc@5 100.00 (100.00)
15-Mar-26 15:12:38 - Epoch: [16][ 899/1176]	Time  0.087 ( 0.092)	Data  0.000 ( 0.000)	Loss 0.0000e+00 (4.3255e-01)	Acc@1 100.00 ( 92.11)	Acc@5 100.00 (100.00)
15-Mar-26 15:12:47 - Epoch: [16][ 999/1176]	Time  0.091 ( 0.092)	Data  0.000 ( 0.000)	Loss 0.0000e+00 (4.7070e-01)	Acc@1 100.00 ( 91.90)	Acc@5 100.00 (100.00)
15-Mar-26 15:12:56 - Epoch: [16][1099/1176]	Time  0.090 ( 0.091)	Data  0.000 ( 0.000)	Loss 4.9742e+00 (4.6600e-01)	Acc@1   0.00 ( 91.91)	Acc@5 100.00 (100.00)
15-Mar-26 15:13:03 -  @Training * Acc@1 91.752 Acc@5 100.000 Loss 0.472
15-Mar-26 15:13:03 - One training epoch latency: 107.7s | Avg Power: 231.3W | Energy: 24904.6104J
15-Mar-26 15:13:10 -  @Testing * Acc@1 88.889 Acc@5 99.306 Loss 0.942
15-Mar-26 15:13:10 - Best acc at epoch 16: 88.8888931274414
15-Mar-26 15:13:10 - Last learning rate: [6.25e-05]
15-Mar-26 15:13:10 - 	 Epoch 17...
15-Mar-26 15:13:20 - Epoch: [17][  99/1176]	Time  0.091 ( 0.094)	Data  0.000 ( 0.002)	Loss 0.0000e+00 (2.3839e-01)	Acc@1 100.00 ( 95.00)	Acc@5 100.00 (100.00)
15-Mar-26 15:13:29 - Epoch: [17][ 199/1176]	Time  0.093 ( 0.093)	Data  0.000 ( 0.001)	Loss 2.6756e+00 (3.2566e-01)	Acc@1   0.00 ( 93.00)	Acc@5 100.00 (100.00)
15-Mar-26 15:13:38 - Epoch: [17][ 299/1176]	Time  0.091 ( 0.093)	Data  0.000 ( 0.001)	Loss 3.5899e-04 (2.7775e-01)	Acc@1 100.00 ( 93.67)	Acc@5 100.00 (100.00)
15-Mar-26 15:13:47 - Epoch: [17][ 399/1176]	Time  0.097 ( 0.092)	Data  0.000 ( 0.001)	Loss 0.0000e+00 (2.4332e-01)	Acc@1 100.00 ( 94.25)	Acc@5 100.00 (100.00)
15-Mar-26 15:13:56 - Epoch: [17][ 499/1176]	Time  0.091 ( 0.092)	Data  0.000 ( 0.001)	Loss 0.0000e+00 (3.2982e-01)	Acc@1 100.00 ( 94.20)	Acc@5 100.00 (100.00)
15-Mar-26 15:14:06 - Epoch: [17][ 599/1176]	Time  0.090 ( 0.092)	Data  0.000 ( 0.000)	Loss 0.0000e+00 (3.9721e-01)	Acc@1 100.00 ( 93.83)	Acc@5 100.00 (100.00)
15-Mar-26 15:14:15 - Epoch: [17][ 699/1176]	Time  0.090 ( 0.092)	Data  0.000 ( 0.000)	Loss 1.3535e+01 (3.9365e-01)	Acc@1   0.00 ( 93.29)	Acc@5 100.00 (100.00)
15-Mar-26 15:14:24 - Epoch: [17][ 799/1176]	Time  0.091 ( 0.092)	Data  0.000 ( 0.000)	Loss 0.0000e+00 (4.4959e-01)	Acc@1 100.00 ( 92.88)	Acc@5 100.00 (100.00)
15-Mar-26 15:14:33 - Epoch: [17][ 899/1176]	Time  0.088 ( 0.092)	Data  0.001 ( 0.000)	Loss 0.0000e+00 (4.2726e-01)	Acc@1 100.00 ( 93.11)	Acc@5 100.00 (100.00)
15-Mar-26 15:14:42 - Epoch: [17][ 999/1176]	Time  0.094 ( 0.092)	Data  0.000 ( 0.000)	Loss 2.2207e-02 (4.2601e-01)	Acc@1 100.00 ( 93.00)	Acc@5 100.00 (100.00)
15-Mar-26 15:14:51 - Epoch: [17][1099/1176]	Time  0.091 ( 0.092)	Data  0.000 ( 0.000)	Loss 4.6492e-06 (4.5821e-01)	Acc@1 100.00 ( 92.64)	Acc@5 100.00 (100.00)
15-Mar-26 15:14:58 -  @Training * Acc@1 92.517 Acc@5 100.000 Loss 0.457
15-Mar-26 15:14:58 - One training epoch latency: 108.0s | Avg Power: 230.6W | Energy: 24910.2234J
15-Mar-26 15:15:05 -  @Testing * Acc@1 85.417 Acc@5 98.958 Loss 1.454
15-Mar-26 15:15:05 - Best acc at epoch 17: 88.8888931274414
15-Mar-26 15:15:05 - Last learning rate: [6.25e-05]
15-Mar-26 15:15:05 - 	 Epoch 18...
15-Mar-26 15:15:15 - Epoch: [18][  99/1176]	Time  0.092 ( 0.093)	Data  0.000 ( 0.002)	Loss 0.0000e+00 (3.9372e-01)	Acc@1 100.00 ( 92.00)	Acc@5 100.00 (100.00)
15-Mar-26 15:15:24 - Epoch: [18][ 199/1176]	Time  0.092 ( 0.092)	Data  0.000 ( 0.001)	Loss 1.8713e-03 (2.7877e-01)	Acc@1 100.00 ( 93.50)	Acc@5 100.00 (100.00)
15-Mar-26 15:15:33 - Epoch: [18][ 299/1176]	Time  0.091 ( 0.092)	Data  0.000 ( 0.001)	Loss 0.0000e+00 (2.5590e-01)	Acc@1 100.00 ( 94.33)	Acc@5 100.00 (100.00)
15-Mar-26 15:15:42 - Epoch: [18][ 399/1176]	Time  0.091 ( 0.092)	Data  0.000 ( 0.001)	Loss 0.0000e+00 (2.3747e-01)	Acc@1 100.00 ( 94.75)	Acc@5 100.00 (100.00)
15-Mar-26 15:15:51 - Epoch: [18][ 499/1176]	Time  0.096 ( 0.092)	Data  0.000 ( 0.001)	Loss 0.0000e+00 (2.7789e-01)	Acc@1 100.00 ( 94.00)	Acc@5 100.00 (100.00)
15-Mar-26 15:16:00 - Epoch: [18][ 599/1176]	Time  0.090 ( 0.092)	Data  0.000 ( 0.000)	Loss 0.0000e+00 (3.3528e-01)	Acc@1 100.00 ( 93.50)	Acc@5 100.00 (100.00)
15-Mar-26 15:16:10 - Epoch: [18][ 699/1176]	Time  0.092 ( 0.092)	Data  0.000 ( 0.000)	Loss 0.0000e+00 (3.9347e-01)	Acc@1 100.00 ( 92.86)	Acc@5 100.00 (100.00)
15-Mar-26 15:16:19 - Epoch: [18][ 799/1176]	Time  0.092 ( 0.092)	Data  0.000 ( 0.000)	Loss 0.0000e+00 (3.5789e-01)	Acc@1 100.00 ( 93.50)	Acc@5 100.00 (100.00)
15-Mar-26 15:16:28 - Epoch: [18][ 899/1176]	Time  0.088 ( 0.092)	Data  0.000 ( 0.000)	Loss 0.0000e+00 (4.0266e-01)	Acc@1 100.00 ( 93.00)	Acc@5 100.00 (100.00)
15-Mar-26 15:16:37 - Epoch: [18][ 999/1176]	Time  0.089 ( 0.092)	Data  0.000 ( 0.000)	Loss 7.1526e-07 (5.0314e-01)	Acc@1 100.00 ( 92.30)	Acc@5 100.00 (100.00)
15-Mar-26 15:16:46 - Epoch: [18][1099/1176]	Time  0.096 ( 0.092)	Data  0.000 ( 0.000)	Loss 4.9489e-02 (4.8486e-01)	Acc@1 100.00 ( 92.36)	Acc@5 100.00 (100.00)
15-Mar-26 15:16:53 -  @Training * Acc@1 92.517 Acc@5 100.000 Loss 0.459
15-Mar-26 15:16:53 - One training epoch latency: 108.0s | Avg Power: 230.1W | Energy: 24840.2836J
15-Mar-26 15:17:00 -  @Testing * Acc@1 89.931 Acc@5 99.653 Loss 1.173
15-Mar-26 15:17:00 - Best acc at epoch 18: 89.93055725097656
15-Mar-26 15:17:00 - Last learning rate: [6.25e-05]
15-Mar-26 15:17:01 - 	 Epoch 19...
15-Mar-26 15:17:10 - Epoch: [19][  99/1176]	Time  0.092 ( 0.094)	Data  0.001 ( 0.002)	Loss 0.0000e+00 (2.8858e-01)	Acc@1 100.00 ( 94.00)	Acc@5 100.00 (100.00)
15-Mar-26 15:17:19 - Epoch: [19][ 199/1176]	Time  0.091 ( 0.093)	Data  0.000 ( 0.001)	Loss 0.0000e+00 (2.1991e-01)	Acc@1 100.00 ( 94.00)	Acc@5 100.00 (100.00)
15-Mar-26 15:17:28 - Epoch: [19][ 299/1176]	Time  0.089 ( 0.093)	Data  0.000 ( 0.001)	Loss 0.0000e+00 (3.0863e-01)	Acc@1 100.00 ( 92.67)	Acc@5 100.00 (100.00)
15-Mar-26 15:17:37 - Epoch: [19][ 399/1176]	Time  0.091 ( 0.092)	Data  0.000 ( 0.001)	Loss 0.0000e+00 (3.0118e-01)	Acc@1 100.00 ( 93.50)	Acc@5 100.00 (100.00)
15-Mar-26 15:17:47 - Epoch: [19][ 499/1176]	Time  0.090 ( 0.092)	Data  0.000 ( 0.001)	Loss 0.0000e+00 (3.2270e-01)	Acc@1 100.00 ( 94.20)	Acc@5 100.00 (100.00)
15-Mar-26 15:17:56 - Epoch: [19][ 599/1176]	Time  0.092 ( 0.092)	Data  0.000 ( 0.000)	Loss 0.0000e+00 (3.1884e-01)	Acc@1 100.00 ( 94.17)	Acc@5 100.00 (100.00)
15-Mar-26 15:18:05 - Epoch: [19][ 699/1176]	Time  0.089 ( 0.092)	Data  0.000 ( 0.000)	Loss 0.0000e+00 (3.5334e-01)	Acc@1 100.00 ( 94.29)	Acc@5 100.00 (100.00)
15-Mar-26 15:18:14 - Epoch: [19][ 799/1176]	Time  0.091 ( 0.092)	Data  0.000 ( 0.000)	Loss 8.6442e-03 (3.3192e-01)	Acc@1 100.00 ( 94.25)	Acc@5 100.00 (100.00)
15-Mar-26 15:18:23 - Epoch: [19][ 899/1176]	Time  0.106 ( 0.092)	Data  0.000 ( 0.000)	Loss 5.3535e+00 (3.6398e-01)	Acc@1   0.00 ( 94.00)	Acc@5 100.00 (100.00)
15-Mar-26 15:18:32 - Epoch: [19][ 999/1176]	Time  0.090 ( 0.092)	Data  0.000 ( 0.000)	Loss 0.0000e+00 (3.7690e-01)	Acc@1 100.00 ( 93.80)	Acc@5 100.00 (100.00)
15-Mar-26 15:18:42 - Epoch: [19][1099/1176]	Time  0.090 ( 0.092)	Data  0.000 ( 0.000)	Loss 0.0000e+00 (3.9162e-01)	Acc@1 100.00 ( 93.64)	Acc@5 100.00 (100.00)
15-Mar-26 15:18:49 -  @Training * Acc@1 93.622 Acc@5 100.000 Loss 0.400
15-Mar-26 15:18:49 - One training epoch latency: 108.0s | Avg Power: 231.3W | Energy: 24993.2373J
15-Mar-26 15:18:56 -  @Testing * Acc@1 86.111 Acc@5 99.306 Loss 1.921
15-Mar-26 15:18:56 - Best acc at epoch 19: 89.93055725097656
15-Mar-26 15:18:56 - Last learning rate: [6.25e-05]
15-Mar-26 15:18:56 - 	 Epoch 20...
15-Mar-26 15:19:05 - Epoch: [20][  99/1176]	Time  0.093 ( 0.093)	Data  0.000 ( 0.002)	Loss 4.1476e-01 (6.1818e-02)	Acc@1 100.00 ( 99.00)	Acc@5 100.00 (100.00)
15-Mar-26 15:19:14 - Epoch: [20][ 199/1176]	Time  0.089 ( 0.092)	Data  0.000 ( 0.001)	Loss 0.0000e+00 (2.0162e-01)	Acc@1 100.00 ( 97.00)	Acc@5 100.00 (100.00)
15-Mar-26 15:19:23 - Epoch: [20][ 299/1176]	Time  0.092 ( 0.092)	Data  0.000 ( 0.001)	Loss 0.0000e+00 (2.7937e-01)	Acc@1 100.00 ( 96.00)	Acc@5 100.00 (100.00)
15-Mar-26 15:19:32 - Epoch: [20][ 399/1176]	Time  0.090 ( 0.092)	Data  0.000 ( 0.001)	Loss 0.0000e+00 (2.3908e-01)	Acc@1 100.00 ( 95.75)	Acc@5 100.00 (100.00)
15-Mar-26 15:19:42 - Epoch: [20][ 499/1176]	Time  0.091 ( 0.092)	Data  0.000 ( 0.001)	Loss 0.0000e+00 (2.6495e-01)	Acc@1 100.00 ( 95.40)	Acc@5 100.00 (100.00)
15-Mar-26 15:19:51 - Epoch: [20][ 599/1176]	Time  0.090 ( 0.092)	Data  0.000 ( 0.000)	Loss 0.0000e+00 (3.3072e-01)	Acc@1 100.00 ( 95.00)	Acc@5 100.00 (100.00)
15-Mar-26 15:20:00 - Epoch: [20][ 699/1176]	Time  0.092 ( 0.092)	Data  0.000 ( 0.000)	Loss 0.0000e+00 (3.1977e-01)	Acc@1 100.00 ( 95.00)	Acc@5 100.00 (100.00)
15-Mar-26 15:20:09 - Epoch: [20][ 799/1176]	Time  0.091 ( 0.092)	Data  0.000 ( 0.000)	Loss 1.9741e+01 (3.7541e-01)	Acc@1   0.00 ( 94.25)	Acc@5 100.00 (100.00)
15-Mar-26 15:20:18 - Epoch: [20][ 899/1176]	Time  0.100 ( 0.092)	Data  0.000 ( 0.000)	Loss 0.0000e+00 (3.6155e-01)	Acc@1 100.00 ( 94.22)	Acc@5 100.00 (100.00)
15-Mar-26 15:20:27 - Epoch: [20][ 999/1176]	Time  0.091 ( 0.092)	Data  0.000 ( 0.000)	Loss 1.1597e-02 (3.7952e-01)	Acc@1 100.00 ( 94.20)	Acc@5 100.00 (100.00)
15-Mar-26 15:20:37 - Epoch: [20][1099/1176]	Time  0.092 ( 0.092)	Data  0.002 ( 0.000)	Loss 0.0000e+00 (3.6239e-01)	Acc@1 100.00 ( 94.45)	Acc@5 100.00 (100.00)
15-Mar-26 15:20:44 -  @Training * Acc@1 94.643 Acc@5 100.000 Loss 0.356
15-Mar-26 15:20:44 - One training epoch latency: 107.9s | Avg Power: 230.8W | Energy: 24915.8000J
15-Mar-26 15:20:51 -  @Testing * Acc@1 86.806 Acc@5 99.306 Loss 1.828
15-Mar-26 15:20:51 - Best acc at epoch 20: 89.93055725097656
15-Mar-26 15:20:51 - Last learning rate: [6.25e-05]
15-Mar-26 15:20:51 - 	 Epoch 21...
15-Mar-26 15:21:00 - Epoch: [21][  99/1176]	Time  0.091 ( 0.094)	Data  0.000 ( 0.002)	Loss 0.0000e+00 (4.8078e-02)	Acc@1 100.00 ( 99.00)	Acc@5 100.00 (100.00)
15-Mar-26 15:21:09 - Epoch: [21][ 199/1176]	Time  0.112 ( 0.093)	Data  0.000 ( 0.001)	Loss 0.0000e+00 (2.2622e-01)	Acc@1 100.00 ( 97.00)	Acc@5 100.00 (100.00)
15-Mar-26 15:21:18 - Epoch: [21][ 299/1176]	Time  0.091 ( 0.093)	Data  0.000 ( 0.001)	Loss 0.0000e+00 (1.9764e-01)	Acc@1 100.00 ( 97.00)	Acc@5 100.00 (100.00)
15-Mar-26 15:21:28 - Epoch: [21][ 399/1176]	Time  0.091 ( 0.092)	Data  0.000 ( 0.001)	Loss 0.0000e+00 (1.6254e-01)	Acc@1 100.00 ( 97.50)	Acc@5 100.00 (100.00)
15-Mar-26 15:21:37 - Epoch: [21][ 499/1176]	Time  0.091 ( 0.092)	Data  0.000 ( 0.001)	Loss 0.0000e+00 (1.7638e-01)	Acc@1 100.00 ( 97.60)	Acc@5 100.00 (100.00)
15-Mar-26 15:21:46 - Epoch: [21][ 599/1176]	Time  0.093 ( 0.092)	Data  0.001 ( 0.000)	Loss 0.0000e+00 (1.9438e-01)	Acc@1 100.00 ( 97.50)	Acc@5 100.00 (100.00)
15-Mar-26 15:21:55 - Epoch: [21][ 699/1176]	Time  0.092 ( 0.092)	Data  0.000 ( 0.000)	Loss 0.0000e+00 (2.6361e-01)	Acc@1 100.00 ( 97.14)	Acc@5 100.00 (100.00)
15-Mar-26 15:22:04 - Epoch: [21][ 799/1176]	Time  0.090 ( 0.092)	Data  0.000 ( 0.000)	Loss 1.6093e-03 (2.6519e-01)	Acc@1 100.00 ( 96.88)	Acc@5 100.00 (100.00)
15-Mar-26 15:22:13 - Epoch: [21][ 899/1176]	Time  0.091 ( 0.092)	Data  0.000 ( 0.000)	Loss 0.0000e+00 (2.6328e-01)	Acc@1 100.00 ( 96.78)	Acc@5 100.00 (100.00)
15-Mar-26 15:22:23 - Epoch: [21][ 999/1176]	Time  0.091 ( 0.092)	Data  0.000 ( 0.000)	Loss 0.0000e+00 (2.5229e-01)	Acc@1 100.00 ( 96.80)	Acc@5 100.00 (100.00)
15-Mar-26 15:22:32 - Epoch: [21][1099/1176]	Time  0.092 ( 0.092)	Data  0.001 ( 0.000)	Loss 2.3842e-07 (2.6454e-01)	Acc@1 100.00 ( 96.73)	Acc@5 100.00 (100.00)
15-Mar-26 15:22:39 -  @Training * Acc@1 96.854 Acc@5 100.000 Loss 0.252
15-Mar-26 15:22:39 - One training epoch latency: 108.0s | Avg Power: 229.9W | Energy: 24839.5675J
15-Mar-26 15:22:46 -  @Testing * Acc@1 88.542 Acc@5 98.958 Loss 1.639
15-Mar-26 15:22:46 - Best acc at epoch 21: 89.93055725097656
15-Mar-26 15:22:46 - Last learning rate: [6.25e-05]
15-Mar-26 15:22:46 - 	 Epoch 22...
15-Mar-26 15:22:55 - Epoch: [22][  99/1176]	Time  0.091 ( 0.093)	Data  0.000 ( 0.002)	Loss 0.0000e+00 (1.3036e-01)	Acc@1 100.00 ( 98.00)	Acc@5 100.00 (100.00)
15-Mar-26 15:23:04 - Epoch: [22][ 199/1176]	Time  0.091 ( 0.093)	Data  0.000 ( 0.001)	Loss 0.0000e+00 (2.6582e-01)	Acc@1 100.00 ( 96.50)	Acc@5 100.00 (100.00)
15-Mar-26 15:23:13 - Epoch: [22][ 299/1176]	Time  0.089 ( 0.092)	Data  0.000 ( 0.001)	Loss 0.0000e+00 (2.0266e-01)	Acc@1 100.00 ( 96.33)	Acc@5 100.00 (100.00)
15-Mar-26 15:23:23 - Epoch: [22][ 399/1176]	Time  0.093 ( 0.092)	Data  0.000 ( 0.001)	Loss 0.0000e+00 (1.7811e-01)	Acc@1 100.00 ( 96.75)	Acc@5 100.00 (100.00)
15-Mar-26 15:23:32 - Epoch: [22][ 499/1176]	Time  0.091 ( 0.092)	Data  0.000 ( 0.000)	Loss 0.0000e+00 (1.7180e-01)	Acc@1 100.00 ( 96.60)	Acc@5 100.00 (100.00)
15-Mar-26 15:23:41 - Epoch: [22][ 599/1176]	Time  0.091 ( 0.092)	Data  0.000 ( 0.000)	Loss 0.0000e+00 (1.4992e-01)	Acc@1 100.00 ( 96.83)	Acc@5 100.00 (100.00)
15-Mar-26 15:23:50 - Epoch: [22][ 699/1176]	Time  0.089 ( 0.092)	Data  0.000 ( 0.000)	Loss 0.0000e+00 (1.5391e-01)	Acc@1 100.00 ( 96.71)	Acc@5 100.00 (100.00)
15-Mar-26 15:23:59 - Epoch: [22][ 799/1176]	Time  0.090 ( 0.092)	Data  0.000 ( 0.000)	Loss 0.0000e+00 (2.0991e-01)	Acc@1 100.00 ( 95.75)	Acc@5 100.00 (100.00)
15-Mar-26 15:24:08 - Epoch: [22][ 899/1176]	Time  0.092 ( 0.092)	Data  0.000 ( 0.000)	Loss 0.0000e+00 (2.3466e-01)	Acc@1 100.00 ( 95.67)	Acc@5 100.00 (100.00)
15-Mar-26 15:24:18 - Epoch: [22][ 999/1176]	Time  0.092 ( 0.092)	Data  0.000 ( 0.000)	Loss 0.0000e+00 (3.0361e-01)	Acc@1 100.00 ( 94.90)	Acc@5 100.00 (100.00)
15-Mar-26 15:24:27 - Epoch: [22][1099/1176]	Time  0.091 ( 0.092)	Data  0.000 ( 0.000)	Loss 4.6149e+00 (3.0422e-01)	Acc@1   0.00 ( 95.00)	Acc@5 100.00 (100.00)
15-Mar-26 15:24:34 -  @Training * Acc@1 94.983 Acc@5 100.000 Loss 0.297
15-Mar-26 15:24:34 - One training epoch latency: 108.0s | Avg Power: 231.7W | Energy: 25032.1121J
15-Mar-26 15:24:41 -  @Testing * Acc@1 91.667 Acc@5 99.653 Loss 1.098
15-Mar-26 15:24:41 - Best acc at epoch 22: 91.66666412353516
15-Mar-26 15:24:41 - Last learning rate: [3.125e-05]
15-Mar-26 15:24:41 - 	 Epoch 23...
15-Mar-26 15:24:50 - Epoch: [23][  99/1176]	Time  0.091 ( 0.094)	Data  0.000 ( 0.002)	Loss 1.1207e-02 (5.7126e-03)	Acc@1 100.00 (100.00)	Acc@5 100.00 (100.00)
15-Mar-26 15:25:00 - Epoch: [23][ 199/1176]	Time  0.092 ( 0.093)	Data  0.000 ( 0.001)	Loss 0.0000e+00 (3.7078e-02)	Acc@1 100.00 ( 99.50)	Acc@5 100.00 (100.00)
15-Mar-26 15:25:09 - Epoch: [23][ 299/1176]	Time  0.090 ( 0.093)	Data  0.000 ( 0.001)	Loss 0.0000e+00 (5.5821e-02)	Acc@1 100.00 ( 99.33)	Acc@5 100.00 (100.00)
15-Mar-26 15:25:18 - Epoch: [23][ 399/1176]	Time  0.093 ( 0.093)	Data  0.000 ( 0.001)	Loss 0.0000e+00 (4.2220e-02)	Acc@1 100.00 ( 99.50)	Acc@5 100.00 (100.00)
15-Mar-26 15:25:27 - Epoch: [23][ 499/1176]	Time  0.090 ( 0.092)	Data  0.001 ( 0.001)	Loss 0.0000e+00 (5.7985e-02)	Acc@1 100.00 ( 99.20)	Acc@5 100.00 (100.00)
15-Mar-26 15:25:36 - Epoch: [23][ 599/1176]	Time  0.113 ( 0.092)	Data  0.000 ( 0.001)	Loss 1.1921e-07 (6.2204e-02)	Acc@1 100.00 ( 99.00)	Acc@5 100.00 (100.00)
15-Mar-26 15:25:45 - Epoch: [23][ 699/1176]	Time  0.091 ( 0.092)	Data  0.001 ( 0.000)	Loss 0.0000e+00 (5.6915e-02)	Acc@1 100.00 ( 98.86)	Acc@5 100.00 (100.00)
15-Mar-26 15:25:55 - Epoch: [23][ 799/1176]	Time  0.089 ( 0.092)	Data  0.000 ( 0.000)	Loss 0.0000e+00 (4.9807e-02)	Acc@1 100.00 ( 99.00)	Acc@5 100.00 (100.00)
15-Mar-26 15:26:04 - Epoch: [23][ 899/1176]	Time  0.091 ( 0.092)	Data  0.000 ( 0.000)	Loss 0.0000e+00 (4.4471e-02)	Acc@1 100.00 ( 99.11)	Acc@5 100.00 (100.00)
15-Mar-26 15:26:13 - Epoch: [23][ 999/1176]	Time  0.089 ( 0.092)	Data  0.001 ( 0.000)	Loss 0.0000e+00 (5.7119e-02)	Acc@1 100.00 ( 99.10)	Acc@5 100.00 (100.00)
15-Mar-26 15:26:22 - Epoch: [23][1099/1176]	Time  0.092 ( 0.092)	Data  0.000 ( 0.000)	Loss 0.0000e+00 (5.2955e-02)	Acc@1 100.00 ( 99.18)	Acc@5 100.00 (100.00)
15-Mar-26 15:26:29 -  @Training * Acc@1 99.235 Acc@5 100.000 Loss 0.050
15-Mar-26 15:26:29 - One training epoch latency: 108.2s | Avg Power: 230.8W | Energy: 24980.4805J
15-Mar-26 15:26:36 -  @Testing * Acc@1 92.014 Acc@5 99.653 Loss 1.416
15-Mar-26 15:26:36 - Best acc at epoch 23: 92.0138931274414
15-Mar-26 15:26:36 - Last learning rate: [3.125e-05]
15-Mar-26 15:26:36 - 	 Epoch 24...
15-Mar-26 15:26:46 - Epoch: [24][  99/1176]	Time  0.091 ( 0.093)	Data  0.000 ( 0.002)	Loss 0.0000e+00 (3.2835e-04)	Acc@1 100.00 (100.00)	Acc@5 100.00 (100.00)
15-Mar-26 15:26:55 - Epoch: [24][ 199/1176]	Time  0.091 ( 0.093)	Data  0.000 ( 0.001)	Loss 0.0000e+00 (2.2025e-03)	Acc@1 100.00 (100.00)	Acc@5 100.00 (100.00)
15-Mar-26 15:27:04 - Epoch: [24][ 299/1176]	Time  0.092 ( 0.092)	Data  0.000 ( 0.001)	Loss 0.0000e+00 (1.3020e-02)	Acc@1 100.00 ( 99.67)	Acc@5 100.00 (100.00)
15-Mar-26 15:27:13 - Epoch: [24][ 399/1176]	Time  0.090 ( 0.092)	Data  0.000 ( 0.001)	Loss 0.0000e+00 (1.0064e-02)	Acc@1 100.00 ( 99.75)	Acc@5 100.00 (100.00)
15-Mar-26 15:27:22 - Epoch: [24][ 499/1176]	Time  0.090 ( 0.092)	Data  0.000 ( 0.001)	Loss 0.0000e+00 (4.1815e-02)	Acc@1 100.00 ( 99.00)	Acc@5 100.00 (100.00)
15-Mar-26 15:27:32 - Epoch: [24][ 599/1176]	Time  0.091 ( 0.092)	Data  0.000 ( 0.000)	Loss 0.0000e+00 (4.4132e-02)	Acc@1 100.00 ( 98.83)	Acc@5 100.00 (100.00)
15-Mar-26 15:27:41 - Epoch: [24][ 699/1176]	Time  0.092 ( 0.092)	Data  0.000 ( 0.000)	Loss 0.0000e+00 (4.4914e-02)	Acc@1 100.00 ( 98.71)	Acc@5 100.00 (100.00)
15-Mar-26 15:27:50 - Epoch: [24][ 799/1176]	Time  0.091 ( 0.092)	Data  0.000 ( 0.000)	Loss 0.0000e+00 (5.9591e-02)	Acc@1 100.00 ( 98.75)	Acc@5 100.00 (100.00)
15-Mar-26 15:27:59 - Epoch: [24][ 899/1176]	Time  0.091 ( 0.092)	Data  0.000 ( 0.000)	Loss 0.0000e+00 (5.6819e-02)	Acc@1 100.00 ( 98.78)	Acc@5 100.00 (100.00)
15-Mar-26 15:28:08 - Epoch: [24][ 999/1176]	Time  0.090 ( 0.092)	Data  0.001 ( 0.000)	Loss 0.0000e+00 (7.5850e-02)	Acc@1 100.00 ( 98.70)	Acc@5 100.00 (100.00)
15-Mar-26 15:28:17 - Epoch: [24][1099/1176]	Time  0.096 ( 0.092)	Data  0.000 ( 0.000)	Loss 0.0000e+00 (7.0386e-02)	Acc@1 100.00 ( 98.73)	Acc@5 100.00 (100.00)
15-Mar-26 15:28:24 -  @Training * Acc@1 98.810 Acc@5 100.000 Loss 0.066
15-Mar-26 15:28:24 - One training epoch latency: 107.8s | Avg Power: 230.5W | Energy: 24855.3747J
15-Mar-26 15:28:31 -  @Testing * Acc@1 92.708 Acc@5 99.306 Loss 1.102
15-Mar-26 15:28:31 - Best acc at epoch 24: 92.70833587646484
15-Mar-26 15:28:31 - Last learning rate: [3.125e-05]
15-Mar-26 15:28:31 - 	 Epoch 25...
15-Mar-26 15:28:41 - Epoch: [25][  99/1176]	Time  0.092 ( 0.093)	Data  0.001 ( 0.002)	Loss 0.0000e+00 (1.3609e-05)	Acc@1 100.00 (100.00)	Acc@5 100.00 (100.00)
15-Mar-26 15:28:50 - Epoch: [25][ 199/1176]	Time  0.087 ( 0.092)	Data  0.000 ( 0.001)	Loss 1.3113e-06 (1.8146e-02)	Acc@1 100.00 ( 99.50)	Acc@5 100.00 (100.00)
15-Mar-26 15:28:59 - Epoch: [25][ 299/1176]	Time  0.090 ( 0.092)	Data  0.000 ( 0.001)	Loss 0.0000e+00 (1.8554e-02)	Acc@1 100.00 ( 99.00)	Acc@5 100.00 (100.00)
15-Mar-26 15:29:08 - Epoch: [25][ 399/1176]	Time  0.115 ( 0.092)	Data  0.000 ( 0.001)	Loss 0.0000e+00 (7.6716e-02)	Acc@1 100.00 ( 98.75)	Acc@5 100.00 (100.00)
15-Mar-26 15:29:17 - Epoch: [25][ 499/1176]	Time  0.090 ( 0.092)	Data  0.000 ( 0.001)	Loss 0.0000e+00 (6.1474e-02)	Acc@1 100.00 ( 99.00)	Acc@5 100.00 (100.00)
15-Mar-26 15:29:26 - Epoch: [25][ 599/1176]	Time  0.092 ( 0.092)	Data  0.000 ( 0.001)	Loss 0.0000e+00 (5.1351e-02)	Acc@1 100.00 ( 99.17)	Acc@5 100.00 (100.00)
15-Mar-26 15:29:36 - Epoch: [25][ 699/1176]	Time  0.088 ( 0.092)	Data  0.000 ( 0.000)	Loss 5.9605e-07 (4.4222e-02)	Acc@1 100.00 ( 99.29)	Acc@5 100.00 (100.00)
15-Mar-26 15:29:45 - Epoch: [25][ 799/1176]	Time  0.093 ( 0.092)	Data  0.000 ( 0.000)	Loss 0.0000e+00 (4.4783e-02)	Acc@1 100.00 ( 99.25)	Acc@5 100.00 (100.00)
15-Mar-26 15:29:54 - Epoch: [25][ 899/1176]	Time  0.091 ( 0.092)	Data  0.000 ( 0.000)	Loss 0.0000e+00 (5.5318e-02)	Acc@1 100.00 ( 99.11)	Acc@5 100.00 (100.00)
15-Mar-26 15:30:03 - Epoch: [25][ 999/1176]	Time  0.093 ( 0.092)	Data  0.000 ( 0.000)	Loss 0.0000e+00 (5.4637e-02)	Acc@1 100.00 ( 99.10)	Acc@5 100.00 (100.00)
15-Mar-26 15:30:12 - Epoch: [25][1099/1176]	Time  0.101 ( 0.092)	Data  0.000 ( 0.000)	Loss 0.0000e+00 (5.1772e-02)	Acc@1 100.00 ( 99.09)	Acc@5 100.00 (100.00)
15-Mar-26 15:30:19 -  @Training * Acc@1 99.065 Acc@5 100.000 Loss 0.055
15-Mar-26 15:30:19 - One training epoch latency: 107.8s | Avg Power: 231.8W | Energy: 24998.6986J
15-Mar-26 15:30:26 -  @Testing * Acc@1 91.667 Acc@5 99.653 Loss 1.066
15-Mar-26 15:30:26 - Best acc at epoch 25: 92.70833587646484
15-Mar-26 15:30:26 - Last learning rate: [3.125e-05]
15-Mar-26 15:30:26 - 	 Epoch 26...
15-Mar-26 15:30:36 - Epoch: [26][  99/1176]	Time  0.091 ( 0.093)	Data  0.000 ( 0.002)	Loss 0.0000e+00 (1.9684e-03)	Acc@1 100.00 (100.00)	Acc@5 100.00 (100.00)
15-Mar-26 15:30:45 - Epoch: [26][ 199/1176]	Time  0.092 ( 0.092)	Data  0.000 ( 0.001)	Loss 0.0000e+00 (6.5968e-02)	Acc@1 100.00 ( 99.50)	Acc@5 100.00 (100.00)
15-Mar-26 15:30:54 - Epoch: [26][ 299/1176]	Time  0.091 ( 0.092)	Data  0.000 ( 0.001)	Loss 0.0000e+00 (6.5236e-02)	Acc@1 100.00 ( 99.00)	Acc@5 100.00 (100.00)
15-Mar-26 15:31:03 - Epoch: [26][ 399/1176]	Time  0.094 ( 0.092)	Data  0.001 ( 0.001)	Loss 0.0000e+00 (6.4155e-02)	Acc@1 100.00 ( 98.75)	Acc@5 100.00 (100.00)
15-Mar-26 15:31:12 - Epoch: [26][ 499/1176]	Time  0.091 ( 0.092)	Data  0.000 ( 0.001)	Loss 0.0000e+00 (5.1348e-02)	Acc@1 100.00 ( 99.00)	Acc@5 100.00 (100.00)
15-Mar-26 15:31:21 - Epoch: [26][ 599/1176]	Time  0.091 ( 0.092)	Data  0.000 ( 0.000)	Loss 0.0000e+00 (4.4427e-02)	Acc@1 100.00 ( 99.00)	Acc@5 100.00 (100.00)
15-Mar-26 15:31:31 - Epoch: [26][ 699/1176]	Time  0.093 ( 0.092)	Data  0.001 ( 0.000)	Loss 0.0000e+00 (4.6564e-02)	Acc@1 100.00 ( 99.00)	Acc@5 100.00 (100.00)
15-Mar-26 15:31:40 - Epoch: [26][ 799/1176]	Time  0.091 ( 0.092)	Data  0.000 ( 0.000)	Loss 0.0000e+00 (6.0196e-02)	Acc@1 100.00 ( 98.88)	Acc@5 100.00 (100.00)
15-Mar-26 15:31:49 - Epoch: [26][ 899/1176]	Time  0.091 ( 0.092)	Data  0.000 ( 0.000)	Loss 1.1921e-07 (5.3722e-02)	Acc@1 100.00 ( 99.00)	Acc@5 100.00 (100.00)
15-Mar-26 15:31:58 - Epoch: [26][ 999/1176]	Time  0.091 ( 0.092)	Data  0.000 ( 0.000)	Loss 3.2446e-02 (4.8382e-02)	Acc@1 100.00 ( 99.10)	Acc@5 100.00 (100.00)
15-Mar-26 15:32:07 - Epoch: [26][1099/1176]	Time  0.099 ( 0.092)	Data  0.000 ( 0.000)	Loss 0.0000e+00 (7.3576e-02)	Acc@1 100.00 ( 98.91)	Acc@5 100.00 (100.00)
15-Mar-26 15:32:14 -  @Training * Acc@1 98.980 Acc@5 100.000 Loss 0.069
15-Mar-26 15:32:14 - One training epoch latency: 107.8s | Avg Power: 230.9W | Energy: 24891.9133J
15-Mar-26 15:32:21 -  @Testing * Acc@1 93.403 Acc@5 99.653 Loss 1.043
15-Mar-26 15:32:21 - Best acc at epoch 26: 93.40277862548828
15-Mar-26 15:32:21 - Last learning rate: [3.125e-05]
15-Mar-26 15:32:21 - 	 Epoch 27...
15-Mar-26 15:32:31 - Epoch: [27][  99/1176]	Time  0.092 ( 0.094)	Data  0.001 ( 0.002)	Loss 0.0000e+00 (4.2972e-05)	Acc@1 100.00 (100.00)	Acc@5 100.00 (100.00)
15-Mar-26 15:32:40 - Epoch: [27][ 199/1176]	Time  0.091 ( 0.093)	Data  0.001 ( 0.001)	Loss 1.2898e-04 (2.3713e-05)	Acc@1 100.00 (100.00)	Acc@5 100.00 (100.00)
15-Mar-26 15:32:49 - Epoch: [27][ 299/1176]	Time  0.091 ( 0.092)	Data  0.000 ( 0.001)	Loss 0.0000e+00 (4.6407e-02)	Acc@1 100.00 ( 99.00)	Acc@5 100.00 (100.00)
15-Mar-26 15:32:58 - Epoch: [27][ 399/1176]	Time  0.093 ( 0.092)	Data  0.000 ( 0.001)	Loss 0.0000e+00 (3.4861e-02)	Acc@1 100.00 ( 99.25)	Acc@5 100.00 (100.00)
15-Mar-26 15:33:07 - Epoch: [27][ 499/1176]	Time  0.088 ( 0.092)	Data  0.000 ( 0.001)	Loss 0.0000e+00 (2.8352e-02)	Acc@1 100.00 ( 99.40)	Acc@5 100.00 (100.00)
15-Mar-26 15:33:17 - Epoch: [27][ 599/1176]	Time  0.090 ( 0.092)	Data  0.000 ( 0.001)	Loss 0.0000e+00 (2.3628e-02)	Acc@1 100.00 ( 99.50)	Acc@5 100.00 (100.00)
15-Mar-26 15:33:26 - Epoch: [27][ 699/1176]	Time  0.092 ( 0.092)	Data  0.000 ( 0.000)	Loss 0.0000e+00 (2.1119e-02)	Acc@1 100.00 ( 99.57)	Acc@5 100.00 (100.00)
15-Mar-26 15:33:35 - Epoch: [27][ 799/1176]	Time  0.091 ( 0.092)	Data  0.000 ( 0.000)	Loss 0.0000e+00 (1.8479e-02)	Acc@1 100.00 ( 99.62)	Acc@5 100.00 (100.00)
15-Mar-26 15:33:44 - Epoch: [27][ 899/1176]	Time  0.092 ( 0.092)	Data  0.000 ( 0.000)	Loss 0.0000e+00 (3.1821e-02)	Acc@1 100.00 ( 99.44)	Acc@5 100.00 (100.00)
15-Mar-26 15:33:53 - Epoch: [27][ 999/1176]	Time  0.102 ( 0.092)	Data  0.000 ( 0.000)	Loss 0.0000e+00 (2.8648e-02)	Acc@1 100.00 ( 99.50)	Acc@5 100.00 (100.00)
15-Mar-26 15:34:02 - Epoch: [27][1099/1176]	Time  0.090 ( 0.092)	Data  0.000 ( 0.000)	Loss 0.0000e+00 (3.6518e-02)	Acc@1 100.00 ( 99.45)	Acc@5 100.00 (100.00)
15-Mar-26 15:34:09 -  @Training * Acc@1 99.490 Acc@5 100.000 Loss 0.034
15-Mar-26 15:34:09 - One training epoch latency: 107.9s | Avg Power: 231.4W | Energy: 24961.3710J
15-Mar-26 15:34:16 -  @Testing * Acc@1 92.708 Acc@5 99.306 Loss 1.199
15-Mar-26 15:34:16 - Best acc at epoch 27: 93.40277862548828
15-Mar-26 15:34:16 - Last learning rate: [3.125e-05]
15-Mar-26 15:34:16 - 	 Epoch 28...
15-Mar-26 15:34:26 - Epoch: [28][  99/1176]	Time  0.091 ( 0.094)	Data  0.000 ( 0.002)	Loss 1.7881e-06 (4.2367e-04)	Acc@1 100.00 (100.00)	Acc@5 100.00 (100.00)
15-Mar-26 15:34:35 - Epoch: [28][ 199/1176]	Time  0.091 ( 0.093)	Data  0.000 ( 0.001)	Loss 0.0000e+00 (6.6342e-02)	Acc@1 100.00 ( 99.50)	Acc@5 100.00 (100.00)
15-Mar-26 15:34:44 - Epoch: [28][ 299/1176]	Time  0.092 ( 0.093)	Data  0.000 ( 0.001)	Loss 0.0000e+00 (4.4241e-02)	Acc@1 100.00 ( 99.67)	Acc@5 100.00 (100.00)
15-Mar-26 15:34:53 - Epoch: [28][ 399/1176]	Time  0.091 ( 0.092)	Data  0.000 ( 0.001)	Loss 0.0000e+00 (3.5978e-02)	Acc@1 100.00 ( 99.50)	Acc@5 100.00 (100.00)
15-Mar-26 15:35:02 - Epoch: [28][ 499/1176]	Time  0.090 ( 0.092)	Data  0.000 ( 0.001)	Loss 0.0000e+00 (2.8783e-02)	Acc@1 100.00 ( 99.60)	Acc@5 100.00 (100.00)
15-Mar-26 15:35:12 - Epoch: [28][ 599/1176]	Time  0.092 ( 0.092)	Data  0.000 ( 0.000)	Loss 0.0000e+00 (3.6304e-02)	Acc@1 100.00 ( 99.33)	Acc@5 100.00 (100.00)
15-Mar-26 15:35:21 - Epoch: [28][ 699/1176]	Time  0.088 ( 0.092)	Data  0.000 ( 0.000)	Loss 0.0000e+00 (3.1120e-02)	Acc@1 100.00 ( 99.43)	Acc@5 100.00 (100.00)
15-Mar-26 15:35:30 - Epoch: [28][ 799/1176]	Time  0.092 ( 0.092)	Data  0.000 ( 0.000)	Loss 0.0000e+00 (2.7382e-02)	Acc@1 100.00 ( 99.50)	Acc@5 100.00 (100.00)
15-Mar-26 15:35:39 - Epoch: [28][ 899/1176]	Time  0.089 ( 0.092)	Data  0.001 ( 0.000)	Loss 0.0000e+00 (2.4340e-02)	Acc@1 100.00 ( 99.56)	Acc@5 100.00 (100.00)
15-Mar-26 15:35:48 - Epoch: [28][ 999/1176]	Time  0.102 ( 0.092)	Data  0.000 ( 0.000)	Loss 0.0000e+00 (2.1922e-02)	Acc@1 100.00 ( 99.60)	Acc@5 100.00 (100.00)
15-Mar-26 15:35:57 - Epoch: [28][1099/1176]	Time  0.091 ( 0.092)	Data  0.000 ( 0.000)	Loss 0.0000e+00 (4.2737e-02)	Acc@1 100.00 ( 99.55)	Acc@5 100.00 (100.00)
15-Mar-26 15:36:04 -  @Training * Acc@1 99.405 Acc@5 100.000 Loss 0.050
15-Mar-26 15:36:04 - One training epoch latency: 108.0s | Avg Power: 231.5W | Energy: 25007.0518J
15-Mar-26 15:36:11 -  @Testing * Acc@1 93.750 Acc@5 100.000 Loss 1.117
15-Mar-26 15:36:11 - Best acc at epoch 28: 93.75
15-Mar-26 15:36:11 - Last learning rate: [1.5625e-05]
15-Mar-26 15:36:11 - 	 Epoch 29...
15-Mar-26 15:36:21 - Epoch: [29][  99/1176]	Time  0.091 ( 0.093)	Data  0.000 ( 0.002)	Loss 0.0000e+00 (2.6985e-06)	Acc@1 100.00 (100.00)	Acc@5 100.00 (100.00)
15-Mar-26 15:36:30 - Epoch: [29][ 199/1176]	Time  0.091 ( 0.092)	Data  0.000 ( 0.001)	Loss 0.0000e+00 (1.3505e-06)	Acc@1 100.00 (100.00)	Acc@5 100.00 (100.00)
15-Mar-26 15:36:39 - Epoch: [29][ 299/1176]	Time  0.089 ( 0.092)	Data  0.000 ( 0.001)	Loss 0.0000e+00 (2.8204e-06)	Acc@1 100.00 (100.00)	Acc@5 100.00 (100.00)
15-Mar-26 15:36:48 - Epoch: [29][ 399/1176]	Time  0.091 ( 0.092)	Data  0.000 ( 0.001)	Loss 0.0000e+00 (2.1153e-06)	Acc@1 100.00 (100.00)	Acc@5 100.00 (100.00)
15-Mar-26 15:36:57 - Epoch: [29][ 499/1176]	Time  0.090 ( 0.092)	Data  0.000 ( 0.001)	Loss 0.0000e+00 (8.3863e-03)	Acc@1 100.00 ( 99.80)	Acc@5 100.00 (100.00)
15-Mar-26 15:37:07 - Epoch: [29][ 599/1176]	Time  0.090 ( 0.092)	Data  0.000 ( 0.000)	Loss 0.0000e+00 (6.9886e-03)	Acc@1 100.00 ( 99.83)	Acc@5 100.00 (100.00)
15-Mar-26 15:37:16 - Epoch: [29][ 699/1176]	Time  0.091 ( 0.092)	Data  0.000 ( 0.000)	Loss 0.0000e+00 (5.9902e-03)	Acc@1 100.00 ( 99.86)	Acc@5 100.00 (100.00)
15-Mar-26 15:37:25 - Epoch: [29][ 799/1176]	Time  0.091 ( 0.092)	Data  0.000 ( 0.000)	Loss 0.0000e+00 (8.9033e-03)	Acc@1 100.00 ( 99.75)	Acc@5 100.00 (100.00)
15-Mar-26 15:37:34 - Epoch: [29][ 899/1176]	Time  0.089 ( 0.092)	Data  0.000 ( 0.000)	Loss 0.0000e+00 (7.9140e-03)	Acc@1 100.00 ( 99.78)	Acc@5 100.00 (100.00)
15-Mar-26 15:37:43 - Epoch: [29][ 999/1176]	Time  0.091 ( 0.092)	Data  0.000 ( 0.000)	Loss 0.0000e+00 (7.1227e-03)	Acc@1 100.00 ( 99.80)	Acc@5 100.00 (100.00)
15-Mar-26 15:37:52 - Epoch: [29][1099/1176]	Time  0.091 ( 0.092)	Data  0.001 ( 0.000)	Loss 0.0000e+00 (6.4752e-03)	Acc@1 100.00 ( 99.82)	Acc@5 100.00 (100.00)
15-Mar-26 15:37:59 -  @Training * Acc@1 99.830 Acc@5 100.000 Loss 0.006
15-Mar-26 15:37:59 - One training epoch latency: 108.0s | Avg Power: 230.2W | Energy: 24871.0310J
15-Mar-26 15:38:06 -  @Testing * Acc@1 93.056 Acc@5 100.000 Loss 1.202
15-Mar-26 15:38:06 - Best acc at epoch 29: 93.75
15-Mar-26 15:38:06 - Last learning rate: [1.5625e-05]
15-Mar-26 15:38:06 - 	 Epoch 30...
15-Mar-26 15:38:16 - Epoch: [30][  99/1176]	Time  0.090 ( 0.093)	Data  0.000 ( 0.002)	Loss 0.0000e+00 (1.1921e-09)	Acc@1 100.00 (100.00)	Acc@5 100.00 (100.00)
15-Mar-26 15:38:25 - Epoch: [30][ 199/1176]	Time  0.088 ( 0.093)	Data  0.000 ( 0.001)	Loss 0.0000e+00 (5.9605e-10)	Acc@1 100.00 (100.00)	Acc@5 100.00 (100.00)
15-Mar-26 15:38:34 - Epoch: [30][ 299/1176]	Time  0.095 ( 0.092)	Data  0.000 ( 0.001)	Loss 0.0000e+00 (4.3710e-09)	Acc@1 100.00 (100.00)	Acc@5 100.00 (100.00)
15-Mar-26 15:38:43 - Epoch: [30][ 399/1176]	Time  0.091 ( 0.092)	Data  0.000 ( 0.001)	Loss 0.0000e+00 (1.8951e-02)	Acc@1 100.00 ( 99.75)	Acc@5 100.00 (100.00)
15-Mar-26 15:38:53 - Epoch: [30][ 499/1176]	Time  0.091 ( 0.092)	Data  0.000 ( 0.001)	Loss 0.0000e+00 (1.5161e-02)	Acc@1 100.00 ( 99.80)	Acc@5 100.00 (100.00)
15-Mar-26 15:39:02 - Epoch: [30][ 599/1176]	Time  0.091 ( 0.092)	Data  0.000 ( 0.000)	Loss 0.0000e+00 (1.2634e-02)	Acc@1 100.00 ( 99.83)	Acc@5 100.00 (100.00)
15-Mar-26 15:39:11 - Epoch: [30][ 699/1176]	Time  0.091 ( 0.092)	Data  0.000 ( 0.000)	Loss 0.0000e+00 (1.0829e-02)	Acc@1 100.00 ( 99.86)	Acc@5 100.00 (100.00)
15-Mar-26 15:39:20 - Epoch: [30][ 799/1176]	Time  0.090 ( 0.092)	Data  0.000 ( 0.000)	Loss 0.0000e+00 (9.4761e-03)	Acc@1 100.00 ( 99.88)	Acc@5 100.00 (100.00)
15-Mar-26 15:39:29 - Epoch: [30][ 899/1176]	Time  0.097 ( 0.092)	Data  0.000 ( 0.000)	Loss 0.0000e+00 (8.4232e-03)	Acc@1 100.00 ( 99.89)	Acc@5 100.00 (100.00)
15-Mar-26 15:39:38 - Epoch: [30][ 999/1176]	Time  0.091 ( 0.092)	Data  0.000 ( 0.000)	Loss 0.0000e+00 (7.5810e-03)	Acc@1 100.00 ( 99.90)	Acc@5 100.00 (100.00)
15-Mar-26 15:39:47 - Epoch: [30][1099/1176]	Time  0.090 ( 0.092)	Data  0.000 ( 0.000)	Loss 0.0000e+00 (6.8918e-03)	Acc@1 100.00 ( 99.91)	Acc@5 100.00 (100.00)
15-Mar-26 15:39:54 -  @Training * Acc@1 99.830 Acc@5 100.000 Loss 0.007
15-Mar-26 15:39:54 - One training epoch latency: 107.9s | Avg Power: 231.6W | Energy: 24994.8488J
15-Mar-26 15:40:01 -  @Testing * Acc@1 92.361 Acc@5 99.306 Loss 1.253
15-Mar-26 15:40:01 - Best acc at epoch 30: 93.75
15-Mar-26 15:40:01 - Last learning rate: [1.5625e-05]
15-Mar-26 15:40:01 - 	 Epoch 31...
15-Mar-26 15:40:11 - Epoch: [31][  99/1176]	Time  0.091 ( 0.093)	Data  0.000 ( 0.002)	Loss 0.0000e+00 (4.1595e-06)	Acc@1 100.00 (100.00)	Acc@5 100.00 (100.00)
15-Mar-26 15:40:20 - Epoch: [31][ 199/1176]	Time  0.091 ( 0.093)	Data  0.000 ( 0.001)	Loss 0.0000e+00 (7.4973e-06)	Acc@1 100.00 (100.00)	Acc@5 100.00 (100.00)
15-Mar-26 15:40:29 - Epoch: [31][ 299/1176]	Time  0.097 ( 0.092)	Data  0.000 ( 0.001)	Loss 0.0000e+00 (4.9990e-06)	Acc@1 100.00 (100.00)	Acc@5 100.00 (100.00)
15-Mar-26 15:40:38 - Epoch: [31][ 399/1176]	Time  0.091 ( 0.092)	Data  0.000 ( 0.001)	Loss 0.0000e+00 (3.7492e-06)	Acc@1 100.00 (100.00)	Acc@5 100.00 (100.00)
15-Mar-26 15:40:47 - Epoch: [31][ 499/1176]	Time  0.090 ( 0.092)	Data  0.000 ( 0.001)	Loss 0.0000e+00 (3.0006e-06)	Acc@1 100.00 (100.00)	Acc@5 100.00 (100.00)
15-Mar-26 15:40:57 - Epoch: [31][ 599/1176]	Time  0.089 ( 0.092)	Data  0.000 ( 0.000)	Loss 0.0000e+00 (2.5015e-06)	Acc@1 100.00 (100.00)	Acc@5 100.00 (100.00)
15-Mar-26 15:41:06 - Epoch: [31][ 699/1176]	Time  0.088 ( 0.092)	Data  0.001 ( 0.000)	Loss 0.0000e+00 (2.1482e-06)	Acc@1 100.00 (100.00)	Acc@5 100.00 (100.00)
15-Mar-26 15:41:15 - Epoch: [31][ 799/1176]	Time  0.091 ( 0.092)	Data  0.000 ( 0.000)	Loss 0.0000e+00 (1.9163e-06)	Acc@1 100.00 (100.00)	Acc@5 100.00 (100.00)
15-Mar-26 15:41:24 - Epoch: [31][ 899/1176]	Time  0.088 ( 0.092)	Data  0.000 ( 0.000)	Loss 0.0000e+00 (1.7034e-06)	Acc@1 100.00 (100.00)	Acc@5 100.00 (100.00)
15-Mar-26 15:41:33 - Epoch: [31][ 999/1176]	Time  0.092 ( 0.092)	Data  0.001 ( 0.000)	Loss 0.0000e+00 (9.2482e-05)	Acc@1 100.00 (100.00)	Acc@5 100.00 (100.00)
15-Mar-26 15:41:42 - Epoch: [31][1099/1176]	Time  0.100 ( 0.092)	Data  0.000 ( 0.000)	Loss 0.0000e+00 (4.3724e-04)	Acc@1 100.00 (100.00)	Acc@5 100.00 (100.00)
15-Mar-26 15:41:49 -  @Training * Acc@1 100.000 Acc@5 100.000 Loss 0.000
15-Mar-26 15:41:49 - One training epoch latency: 107.7s | Avg Power: 231.7W | Energy: 24953.8427J
15-Mar-26 15:41:56 -  @Testing * Acc@1 94.792 Acc@5 99.653 Loss 1.144
15-Mar-26 15:41:56 - Best acc at epoch 31: 94.79166412353516
15-Mar-26 15:41:56 - Last learning rate: [1.5625e-05]
15-Mar-26 15:41:56 - 	 Epoch 32...
15-Mar-26 15:42:06 - Epoch: [32][  99/1176]	Time  0.092 ( 0.093)	Data  0.001 ( 0.002)	Loss 0.0000e+00 (3.5763e-09)	Acc@1 100.00 (100.00)	Acc@5 100.00 (100.00)
15-Mar-26 15:42:15 - Epoch: [32][ 199/1176]	Time  0.092 ( 0.093)	Data  0.000 ( 0.001)	Loss 0.0000e+00 (1.7881e-09)	Acc@1 100.00 (100.00)	Acc@5 100.00 (100.00)
15-Mar-26 15:42:24 - Epoch: [32][ 299/1176]	Time  0.092 ( 0.092)	Data  0.000 ( 0.001)	Loss 0.0000e+00 (1.5895e-09)	Acc@1 100.00 (100.00)	Acc@5 100.00 (100.00)
15-Mar-26 15:42:33 - Epoch: [32][ 399/1176]	Time  0.090 ( 0.092)	Data  0.000 ( 0.001)	Loss 0.0000e+00 (1.7881e-09)	Acc@1 100.00 (100.00)	Acc@5 100.00 (100.00)
15-Mar-26 15:42:42 - Epoch: [32][ 499/1176]	Time  0.092 ( 0.092)	Data  0.000 ( 0.001)	Loss 0.0000e+00 (1.5328e-05)	Acc@1 100.00 (100.00)	Acc@5 100.00 (100.00)
15-Mar-26 15:42:52 - Epoch: [32][ 599/1176]	Time  0.092 ( 0.092)	Data  0.000 ( 0.000)	Loss 0.0000e+00 (1.7815e-05)	Acc@1 100.00 (100.00)	Acc@5 100.00 (100.00)
15-Mar-26 15:43:01 - Epoch: [32][ 699/1176]	Time  0.092 ( 0.092)	Data  0.000 ( 0.000)	Loss 0.0000e+00 (1.5270e-05)	Acc@1 100.00 (100.00)	Acc@5 100.00 (100.00)
15-Mar-26 15:43:10 - Epoch: [32][ 799/1176]	Time  0.092 ( 0.092)	Data  0.001 ( 0.000)	Loss 0.0000e+00 (1.3361e-05)	Acc@1 100.00 (100.00)	Acc@5 100.00 (100.00)
15-Mar-26 15:43:19 - Epoch: [32][ 899/1176]	Time  0.091 ( 0.092)	Data  0.001 ( 0.000)	Loss 0.0000e+00 (1.1877e-05)	Acc@1 100.00 (100.00)	Acc@5 100.00 (100.00)
15-Mar-26 15:43:28 - Epoch: [32][ 999/1176]	Time  0.091 ( 0.092)	Data  0.000 ( 0.000)	Loss 0.0000e+00 (1.0689e-05)	Acc@1 100.00 (100.00)	Acc@5 100.00 (100.00)
15-Mar-26 15:43:37 - Epoch: [32][1099/1176]	Time  0.090 ( 0.092)	Data  0.000 ( 0.000)	Loss 0.0000e+00 (9.7171e-06)	Acc@1 100.00 (100.00)	Acc@5 100.00 (100.00)
15-Mar-26 15:43:44 -  @Training * Acc@1 100.000 Acc@5 100.000 Loss 0.000
15-Mar-26 15:43:45 - One training epoch latency: 108.1s | Avg Power: 230.4W | Energy: 24892.7096J
15-Mar-26 15:43:51 -  @Testing * Acc@1 93.056 Acc@5 99.306 Loss 1.481
15-Mar-26 15:43:51 - Best acc at epoch 32: 94.79166412353516
15-Mar-26 15:43:51 - Last learning rate: [1.5625e-05]
15-Mar-26 15:43:51 - 	 Epoch 33...
15-Mar-26 15:44:01 - Epoch: [33][  99/1176]	Time  0.090 ( 0.094)	Data  0.001 ( 0.002)	Loss 0.0000e+00 (0.0000e+00)	Acc@1 100.00 (100.00)	Acc@5 100.00 (100.00)
15-Mar-26 15:44:10 - Epoch: [33][ 199/1176]	Time  0.090 ( 0.093)	Data  0.000 ( 0.001)	Loss 0.0000e+00 (0.0000e+00)	Acc@1 100.00 (100.00)	Acc@5 100.00 (100.00)
15-Mar-26 15:44:19 - Epoch: [33][ 299/1176]	Time  0.108 ( 0.092)	Data  0.000 ( 0.001)	Loss 0.0000e+00 (0.0000e+00)	Acc@1 100.00 (100.00)	Acc@5 100.00 (100.00)
15-Mar-26 15:44:28 - Epoch: [33][ 399/1176]	Time  0.091 ( 0.092)	Data  0.000 ( 0.001)	Loss 0.0000e+00 (2.4020e-07)	Acc@1 100.00 (100.00)	Acc@5 100.00 (100.00)
15-Mar-26 15:44:38 - Epoch: [33][ 499/1176]	Time  0.090 ( 0.092)	Data  0.001 ( 0.001)	Loss 0.0000e+00 (6.6860e-05)	Acc@1 100.00 (100.00)	Acc@5 100.00 (100.00)
15-Mar-26 15:44:47 - Epoch: [33][ 599/1176]	Time  0.088 ( 0.092)	Data  0.000 ( 0.000)	Loss 0.0000e+00 (5.5716e-05)	Acc@1 100.00 (100.00)	Acc@5 100.00 (100.00)
15-Mar-26 15:44:56 - Epoch: [33][ 699/1176]	Time  0.091 ( 0.092)	Data  0.001 ( 0.000)	Loss 0.0000e+00 (4.7757e-05)	Acc@1 100.00 (100.00)	Acc@5 100.00 (100.00)
15-Mar-26 15:45:05 - Epoch: [33][ 799/1176]	Time  0.090 ( 0.092)	Data  0.001 ( 0.000)	Loss 0.0000e+00 (9.8619e-03)	Acc@1 100.00 ( 99.88)	Acc@5 100.00 (100.00)
15-Mar-26 15:45:14 - Epoch: [33][ 899/1176]	Time  0.099 ( 0.092)	Data  0.000 ( 0.000)	Loss 0.0000e+00 (1.4705e-02)	Acc@1 100.00 ( 99.78)	Acc@5 100.00 (100.00)
15-Mar-26 15:45:23 - Epoch: [33][ 999/1176]	Time  0.089 ( 0.092)	Data  0.000 ( 0.000)	Loss 0.0000e+00 (1.3237e-02)	Acc@1 100.00 ( 99.80)	Acc@5 100.00 (100.00)
15-Mar-26 15:45:32 - Epoch: [33][1099/1176]	Time  0.092 ( 0.092)	Data  0.000 ( 0.000)	Loss 0.0000e+00 (1.2033e-02)	Acc@1 100.00 ( 99.82)	Acc@5 100.00 (100.00)
15-Mar-26 15:45:39 -  @Training * Acc@1 99.830 Acc@5 100.000 Loss 0.011
15-Mar-26 15:45:40 - One training epoch latency: 108.0s | Avg Power: 231.8W | Energy: 25030.0919J
15-Mar-26 15:45:46 -  @Testing * Acc@1 94.097 Acc@5 99.306 Loss 1.172
15-Mar-26 15:45:46 - Best acc at epoch 33: 94.79166412353516
15-Mar-26 15:45:46 - Last learning rate: [1.5625e-05]
15-Mar-26 15:45:46 - 	 Epoch 34...
15-Mar-26 15:45:56 - Epoch: [34][  99/1176]	Time  0.089 ( 0.094)	Data  0.000 ( 0.002)	Loss 0.0000e+00 (1.1921e-09)	Acc@1 100.00 (100.00)	Acc@5 100.00 (100.00)
15-Mar-26 15:46:05 - Epoch: [34][ 199/1176]	Time  0.091 ( 0.093)	Data  0.000 ( 0.001)	Loss 0.0000e+00 (5.9605e-10)	Acc@1 100.00 (100.00)	Acc@5 100.00 (100.00)
15-Mar-26 15:46:14 - Epoch: [34][ 299/1176]	Time  0.094 ( 0.092)	Data  0.000 ( 0.001)	Loss 0.0000e+00 (3.9736e-10)	Acc@1 100.00 (100.00)	Acc@5 100.00 (100.00)
15-Mar-26 15:46:23 - Epoch: [34][ 399/1176]	Time  0.093 ( 0.092)	Data  0.000 ( 0.001)	Loss 0.0000e+00 (2.9802e-10)	Acc@1 100.00 (100.00)	Acc@5 100.00 (100.00)
15-Mar-26 15:46:33 - Epoch: [34][ 499/1176]	Time  0.091 ( 0.092)	Data  0.000 ( 0.000)	Loss 0.0000e+00 (1.1921e-09)	Acc@1 100.00 (100.00)	Acc@5 100.00 (100.00)
15-Mar-26 15:46:42 - Epoch: [34][ 599/1176]	Time  0.092 ( 0.092)	Data  0.000 ( 0.000)	Loss 0.0000e+00 (9.9341e-10)	Acc@1 100.00 (100.00)	Acc@5 100.00 (100.00)
15-Mar-26 15:46:51 - Epoch: [34][ 699/1176]	Time  0.091 ( 0.092)	Data  0.001 ( 0.000)	Loss 0.0000e+00 (8.5149e-10)	Acc@1 100.00 (100.00)	Acc@5 100.00 (100.00)
15-Mar-26 15:47:00 - Epoch: [34][ 799/1176]	Time  0.092 ( 0.092)	Data  0.000 ( 0.000)	Loss 0.0000e+00 (7.4506e-10)	Acc@1 100.00 (100.00)	Acc@5 100.00 (100.00)
15-Mar-26 15:47:09 - Epoch: [34][ 899/1176]	Time  0.091 ( 0.092)	Data  0.001 ( 0.000)	Loss 0.0000e+00 (6.6227e-10)	Acc@1 100.00 (100.00)	Acc@5 100.00 (100.00)
15-Mar-26 15:47:18 - Epoch: [34][ 999/1176]	Time  0.113 ( 0.092)	Data  0.001 ( 0.000)	Loss 0.0000e+00 (5.9605e-10)	Acc@1 100.00 (100.00)	Acc@5 100.00 (100.00)
15-Mar-26 15:47:27 - Epoch: [34][1099/1176]	Time  0.092 ( 0.092)	Data  0.000 ( 0.000)	Loss 0.0000e+00 (6.5023e-10)	Acc@1 100.00 (100.00)	Acc@5 100.00 (100.00)
15-Mar-26 15:47:34 -  @Training * Acc@1 100.000 Acc@5 100.000 Loss 0.000
15-Mar-26 15:47:35 - One training epoch latency: 108.0s | Avg Power: 231.0W | Energy: 24940.4149J
15-Mar-26 15:47:42 -  @Testing * Acc@1 94.097 Acc@5 99.306 Loss 1.298
15-Mar-26 15:47:42 - Best acc at epoch 34: 94.79166412353516
15-Mar-26 15:47:42 - Last learning rate: [7.8125e-06]
15-Mar-26 15:47:42 - 	 Epoch 35...
15-Mar-26 15:47:51 - Epoch: [35][  99/1176]	Time  0.092 ( 0.093)	Data  0.001 ( 0.002)	Loss 0.0000e+00 (0.0000e+00)	Acc@1 100.00 (100.00)	Acc@5 100.00 (100.00)
15-Mar-26 15:48:00 - Epoch: [35][ 199/1176]	Time  0.091 ( 0.093)	Data  0.000 ( 0.001)	Loss 0.0000e+00 (0.0000e+00)	Acc@1 100.00 (100.00)	Acc@5 100.00 (100.00)
15-Mar-26 15:48:09 - Epoch: [35][ 299/1176]	Time  0.091 ( 0.092)	Data  0.000 ( 0.001)	Loss 0.0000e+00 (0.0000e+00)	Acc@1 100.00 (100.00)	Acc@5 100.00 (100.00)
15-Mar-26 15:48:19 - Epoch: [35][ 399/1176]	Time  0.091 ( 0.092)	Data  0.000 ( 0.001)	Loss 0.0000e+00 (0.0000e+00)	Acc@1 100.00 (100.00)	Acc@5 100.00 (100.00)
15-Mar-26 15:48:28 - Epoch: [35][ 499/1176]	Time  0.091 ( 0.092)	Data  0.000 ( 0.000)	Loss 0.0000e+00 (0.0000e+00)	Acc@1 100.00 (100.00)	Acc@5 100.00 (100.00)
15-Mar-26 15:48:37 - Epoch: [35][ 599/1176]	Time  0.092 ( 0.092)	Data  0.000 ( 0.000)	Loss 0.0000e+00 (0.0000e+00)	Acc@1 100.00 (100.00)	Acc@5 100.00 (100.00)
15-Mar-26 15:48:46 - Epoch: [35][ 699/1176]	Time  0.109 ( 0.092)	Data  0.000 ( 0.000)	Loss 0.0000e+00 (0.0000e+00)	Acc@1 100.00 (100.00)	Acc@5 100.00 (100.00)
15-Mar-26 15:48:55 - Epoch: [35][ 799/1176]	Time  0.089 ( 0.092)	Data  0.000 ( 0.000)	Loss 0.0000e+00 (0.0000e+00)	Acc@1 100.00 (100.00)	Acc@5 100.00 (100.00)
15-Mar-26 15:49:05 - Epoch: [35][ 899/1176]	Time  0.092 ( 0.092)	Data  0.000 ( 0.000)	Loss 0.0000e+00 (0.0000e+00)	Acc@1 100.00 (100.00)	Acc@5 100.00 (100.00)
15-Mar-26 15:49:14 - Epoch: [35][ 999/1176]	Time  0.090 ( 0.092)	Data  0.000 ( 0.000)	Loss 0.0000e+00 (0.0000e+00)	Acc@1 100.00 (100.00)	Acc@5 100.00 (100.00)
15-Mar-26 15:49:23 - Epoch: [35][1099/1176]	Time  0.088 ( 0.092)	Data  0.000 ( 0.000)	Loss 0.0000e+00 (0.0000e+00)	Acc@1 100.00 (100.00)	Acc@5 100.00 (100.00)
15-Mar-26 15:49:30 -  @Training * Acc@1 100.000 Acc@5 100.000 Loss 0.000
15-Mar-26 15:49:30 - One training epoch latency: 108.1s | Avg Power: 230.3W | Energy: 24885.2397J
15-Mar-26 15:49:37 -  @Testing * Acc@1 94.792 Acc@5 99.653 Loss 1.172
15-Mar-26 15:49:37 - Best acc at epoch 35: 94.79166412353516
15-Mar-26 15:49:37 - Last learning rate: [7.8125e-06]
15-Mar-26 15:49:37 - 	 Epoch 36...
15-Mar-26 15:49:46 - Epoch: [36][  99/1176]	Time  0.091 ( 0.094)	Data  0.000 ( 0.002)	Loss 0.0000e+00 (0.0000e+00)	Acc@1 100.00 (100.00)	Acc@5 100.00 (100.00)
15-Mar-26 15:49:56 - Epoch: [36][ 199/1176]	Time  0.091 ( 0.093)	Data  0.000 ( 0.001)	Loss 0.0000e+00 (0.0000e+00)	Acc@1 100.00 (100.00)	Acc@5 100.00 (100.00)
15-Mar-26 15:50:05 - Epoch: [36][ 299/1176]	Time  0.091 ( 0.093)	Data  0.000 ( 0.001)	Loss 0.0000e+00 (0.0000e+00)	Acc@1 100.00 (100.00)	Acc@5 100.00 (100.00)
15-Mar-26 15:50:14 - Epoch: [36][ 399/1176]	Time  0.092 ( 0.092)	Data  0.000 ( 0.001)	Loss 0.0000e+00 (0.0000e+00)	Acc@1 100.00 (100.00)	Acc@5 100.00 (100.00)
15-Mar-26 15:50:23 - Epoch: [36][ 499/1176]	Time  0.121 ( 0.092)	Data  0.000 ( 0.001)	Loss 0.0000e+00 (0.0000e+00)	Acc@1 100.00 (100.00)	Acc@5 100.00 (100.00)
15-Mar-26 15:50:32 - Epoch: [36][ 599/1176]	Time  0.091 ( 0.092)	Data  0.000 ( 0.000)	Loss 0.0000e+00 (0.0000e+00)	Acc@1 100.00 (100.00)	Acc@5 100.00 (100.00)
15-Mar-26 15:50:41 - Epoch: [36][ 699/1176]	Time  0.092 ( 0.092)	Data  0.000 ( 0.000)	Loss 0.0000e+00 (0.0000e+00)	Acc@1 100.00 (100.00)	Acc@5 100.00 (100.00)
15-Mar-26 15:50:51 - Epoch: [36][ 799/1176]	Time  0.093 ( 0.092)	Data  0.001 ( 0.000)	Loss 0.0000e+00 (0.0000e+00)	Acc@1 100.00 (100.00)	Acc@5 100.00 (100.00)
15-Mar-26 15:51:00 - Epoch: [36][ 899/1176]	Time  0.090 ( 0.092)	Data  0.000 ( 0.000)	Loss 0.0000e+00 (0.0000e+00)	Acc@1 100.00 (100.00)	Acc@5 100.00 (100.00)
15-Mar-26 15:51:09 - Epoch: [36][ 999/1176]	Time  0.091 ( 0.092)	Data  0.000 ( 0.000)	Loss 0.0000e+00 (0.0000e+00)	Acc@1 100.00 (100.00)	Acc@5 100.00 (100.00)
15-Mar-26 15:51:18 - Epoch: [36][1099/1176]	Time  0.096 ( 0.092)	Data  0.000 ( 0.000)	Loss 0.0000e+00 (0.0000e+00)	Acc@1 100.00 (100.00)	Acc@5 100.00 (100.00)
15-Mar-26 15:51:25 -  @Training * Acc@1 100.000 Acc@5 100.000 Loss 0.000
15-Mar-26 15:51:25 - One training epoch latency: 108.4s | Avg Power: 231.6W | Energy: 25099.7597J
15-Mar-26 15:51:32 -  @Testing * Acc@1 93.403 Acc@5 99.306 Loss 1.307
15-Mar-26 15:51:32 - Best acc at epoch 36: 94.79166412353516
15-Mar-26 15:51:32 - Last learning rate: [7.8125e-06]
15-Mar-26 15:51:33 - 	 Epoch 37...
15-Mar-26 15:51:42 - Epoch: [37][  99/1176]	Time  0.092 ( 0.093)	Data  0.000 ( 0.002)	Loss 0.0000e+00 (0.0000e+00)	Acc@1 100.00 (100.00)	Acc@5 100.00 (100.00)
15-Mar-26 15:51:51 - Epoch: [37][ 199/1176]	Time  0.092 ( 0.092)	Data  0.000 ( 0.001)	Loss 0.0000e+00 (0.0000e+00)	Acc@1 100.00 (100.00)	Acc@5 100.00 (100.00)
15-Mar-26 15:52:00 - Epoch: [37][ 299/1176]	Time  0.109 ( 0.092)	Data  0.000 ( 0.001)	Loss 0.0000e+00 (0.0000e+00)	Acc@1 100.00 (100.00)	Acc@5 100.00 (100.00)
15-Mar-26 15:52:09 - Epoch: [37][ 399/1176]	Time  0.091 ( 0.092)	Data  0.000 ( 0.001)	Loss 0.0000e+00 (0.0000e+00)	Acc@1 100.00 (100.00)	Acc@5 100.00 (100.00)
15-Mar-26 15:52:19 - Epoch: [37][ 499/1176]	Time  0.088 ( 0.092)	Data  0.000 ( 0.001)	Loss 0.0000e+00 (0.0000e+00)	Acc@1 100.00 (100.00)	Acc@5 100.00 (100.00)
15-Mar-26 15:52:28 - Epoch: [37][ 599/1176]	Time  0.091 ( 0.092)	Data  0.000 ( 0.000)	Loss 0.0000e+00 (0.0000e+00)	Acc@1 100.00 (100.00)	Acc@5 100.00 (100.00)
15-Mar-26 15:52:37 - Epoch: [37][ 699/1176]	Time  0.091 ( 0.092)	Data  0.000 ( 0.000)	Loss 0.0000e+00 (0.0000e+00)	Acc@1 100.00 (100.00)	Acc@5 100.00 (100.00)
15-Mar-26 15:52:46 - Epoch: [37][ 799/1176]	Time  0.091 ( 0.092)	Data  0.000 ( 0.000)	Loss 0.0000e+00 (0.0000e+00)	Acc@1 100.00 (100.00)	Acc@5 100.00 (100.00)
15-Mar-26 15:52:55 - Epoch: [37][ 899/1176]	Time  0.113 ( 0.092)	Data  0.000 ( 0.000)	Loss 0.0000e+00 (0.0000e+00)	Acc@1 100.00 (100.00)	Acc@5 100.00 (100.00)
15-Mar-26 15:53:04 - Epoch: [37][ 999/1176]	Time  0.092 ( 0.092)	Data  0.000 ( 0.000)	Loss 0.0000e+00 (0.0000e+00)	Acc@1 100.00 (100.00)	Acc@5 100.00 (100.00)
15-Mar-26 15:53:13 - Epoch: [37][1099/1176]	Time  0.092 ( 0.092)	Data  0.000 ( 0.000)	Loss 0.0000e+00 (0.0000e+00)	Acc@1 100.00 (100.00)	Acc@5 100.00 (100.00)
15-Mar-26 15:53:20 -  @Training * Acc@1 100.000 Acc@5 100.000 Loss 0.000
15-Mar-26 15:53:21 - One training epoch latency: 108.0s | Avg Power: 231.4W | Energy: 24983.6138J
15-Mar-26 15:53:28 -  @Testing * Acc@1 94.444 Acc@5 99.653 Loss 1.286
15-Mar-26 15:53:28 - Best acc at epoch 37: 94.79166412353516
15-Mar-26 15:53:28 - Last learning rate: [7.8125e-06]
15-Mar-26 15:53:28 - 	 Epoch 38...
15-Mar-26 15:53:37 - Epoch: [38][  99/1176]	Time  0.091 ( 0.093)	Data  0.001 ( 0.002)	Loss 0.0000e+00 (0.0000e+00)	Acc@1 100.00 (100.00)	Acc@5 100.00 (100.00)
15-Mar-26 15:53:46 - Epoch: [38][ 199/1176]	Time  0.092 ( 0.093)	Data  0.000 ( 0.001)	Loss 0.0000e+00 (0.0000e+00)	Acc@1 100.00 (100.00)	Acc@5 100.00 (100.00)
15-Mar-26 15:53:55 - Epoch: [38][ 299/1176]	Time  0.089 ( 0.093)	Data  0.000 ( 0.001)	Loss 0.0000e+00 (0.0000e+00)	Acc@1 100.00 (100.00)	Acc@5 100.00 (100.00)
15-Mar-26 15:54:05 - Epoch: [38][ 399/1176]	Time  0.090 ( 0.092)	Data  0.000 ( 0.001)	Loss 0.0000e+00 (0.0000e+00)	Acc@1 100.00 (100.00)	Acc@5 100.00 (100.00)
15-Mar-26 15:54:14 - Epoch: [38][ 499/1176]	Time  0.091 ( 0.092)	Data  0.000 ( 0.001)	Loss 0.0000e+00 (0.0000e+00)	Acc@1 100.00 (100.00)	Acc@5 100.00 (100.00)
15-Mar-26 15:54:23 - Epoch: [38][ 599/1176]	Time  0.092 ( 0.092)	Data  0.001 ( 0.001)	Loss 0.0000e+00 (0.0000e+00)	Acc@1 100.00 (100.00)	Acc@5 100.00 (100.00)
15-Mar-26 15:54:32 - Epoch: [38][ 699/1176]	Time  0.091 ( 0.092)	Data  0.000 ( 0.000)	Loss 0.0000e+00 (0.0000e+00)	Acc@1 100.00 (100.00)	Acc@5 100.00 (100.00)
15-Mar-26 15:54:41 - Epoch: [38][ 799/1176]	Time  0.091 ( 0.092)	Data  0.000 ( 0.000)	Loss 0.0000e+00 (0.0000e+00)	Acc@1 100.00 (100.00)	Acc@5 100.00 (100.00)
15-Mar-26 15:54:50 - Epoch: [38][ 899/1176]	Time  0.088 ( 0.092)	Data  0.000 ( 0.000)	Loss 0.0000e+00 (0.0000e+00)	Acc@1 100.00 (100.00)	Acc@5 100.00 (100.00)
15-Mar-26 15:54:59 - Epoch: [38][ 999/1176]	Time  0.091 ( 0.092)	Data  0.000 ( 0.000)	Loss 0.0000e+00 (0.0000e+00)	Acc@1 100.00 (100.00)	Acc@5 100.00 (100.00)
15-Mar-26 15:55:08 - Epoch: [38][1099/1176]	Time  0.089 ( 0.092)	Data  0.001 ( 0.000)	Loss 0.0000e+00 (0.0000e+00)	Acc@1 100.00 (100.00)	Acc@5 100.00 (100.00)
15-Mar-26 15:55:15 -  @Training * Acc@1 100.000 Acc@5 100.000 Loss 0.000
15-Mar-26 15:55:16 - One training epoch latency: 107.9s | Avg Power: 231.2W | Energy: 24946.0007J
15-Mar-26 15:55:23 -  @Testing * Acc@1 94.097 Acc@5 99.653 Loss 1.285
15-Mar-26 15:55:23 - Best acc at epoch 38: 94.79166412353516
15-Mar-26 15:55:23 - Last learning rate: [7.8125e-06]
15-Mar-26 15:55:23 - 	 Epoch 39...
15-Mar-26 15:55:32 - Epoch: [39][  99/1176]	Time  0.088 ( 0.093)	Data  0.000 ( 0.002)	Loss 0.0000e+00 (0.0000e+00)	Acc@1 100.00 (100.00)	Acc@5 100.00 (100.00)
15-Mar-26 15:55:41 - Epoch: [39][ 199/1176]	Time  0.090 ( 0.091)	Data  0.001 ( 0.001)	Loss 0.0000e+00 (0.0000e+00)	Acc@1 100.00 (100.00)	Acc@5 100.00 (100.00)
15-Mar-26 15:55:50 - Epoch: [39][ 299/1176]	Time  0.088 ( 0.091)	Data  0.000 ( 0.001)	Loss 0.0000e+00 (0.0000e+00)	Acc@1 100.00 (100.00)	Acc@5 100.00 (100.00)
15-Mar-26 15:55:59 - Epoch: [39][ 399/1176]	Time  0.088 ( 0.091)	Data  0.000 ( 0.001)	Loss 0.0000e+00 (0.0000e+00)	Acc@1 100.00 (100.00)	Acc@5 100.00 (100.00)
15-Mar-26 15:56:08 - Epoch: [39][ 499/1176]	Time  0.088 ( 0.091)	Data  0.000 ( 0.001)	Loss 0.0000e+00 (0.0000e+00)	Acc@1 100.00 (100.00)	Acc@5 100.00 (100.00)
15-Mar-26 15:56:17 - Epoch: [39][ 599/1176]	Time  0.088 ( 0.091)	Data  0.001 ( 0.001)	Loss 0.0000e+00 (0.0000e+00)	Acc@1 100.00 (100.00)	Acc@5 100.00 (100.00)
15-Mar-26 15:56:26 - Epoch: [39][ 699/1176]	Time  0.089 ( 0.091)	Data  0.001 ( 0.001)	Loss 0.0000e+00 (0.0000e+00)	Acc@1 100.00 (100.00)	Acc@5 100.00 (100.00)
15-Mar-26 15:56:35 - Epoch: [39][ 799/1176]	Time  0.088 ( 0.091)	Data  0.000 ( 0.001)	Loss 0.0000e+00 (0.0000e+00)	Acc@1 100.00 (100.00)	Acc@5 100.00 (100.00)
15-Mar-26 15:56:44 - Epoch: [39][ 899/1176]	Time  0.088 ( 0.091)	Data  0.000 ( 0.000)	Loss 0.0000e+00 (0.0000e+00)	Acc@1 100.00 (100.00)	Acc@5 100.00 (100.00)
15-Mar-26 15:56:53 - Epoch: [39][ 999/1176]	Time  0.108 ( 0.091)	Data  0.001 ( 0.000)	Loss 0.0000e+00 (0.0000e+00)	Acc@1 100.00 (100.00)	Acc@5 100.00 (100.00)
15-Mar-26 15:57:02 - Epoch: [39][1099/1176]	Time  0.088 ( 0.090)	Data  0.000 ( 0.000)	Loss 0.0000e+00 (0.0000e+00)	Acc@1 100.00 (100.00)	Acc@5 100.00 (100.00)
15-Mar-26 15:57:09 -  @Training * Acc@1 100.000 Acc@5 100.000 Loss 0.000
15-Mar-26 15:57:09 - One training epoch latency: 106.5s | Avg Power: 234.2W | Energy: 24939.3334J
15-Mar-26 15:57:16 -  @Testing * Acc@1 94.792 Acc@5 99.653 Loss 1.308
15-Mar-26 15:57:16 - Best acc at epoch 39: 94.79166412353516
15-Mar-26 15:57:16 - Last learning rate: [7.8125e-06]
15-Mar-26 15:57:16 - 	 Epoch 40...
15-Mar-26 15:57:26 - Epoch: [40][  99/1176]	Time  0.090 ( 0.093)	Data  0.000 ( 0.001)	Loss 0.0000e+00 (0.0000e+00)	Acc@1 100.00 (100.00)	Acc@5 100.00 (100.00)
15-Mar-26 15:57:35 - Epoch: [40][ 199/1176]	Time  0.091 ( 0.092)	Data  0.000 ( 0.001)	Loss 0.0000e+00 (0.0000e+00)	Acc@1 100.00 (100.00)	Acc@5 100.00 (100.00)
15-Mar-26 15:57:44 - Epoch: [40][ 299/1176]	Time  0.090 ( 0.092)	Data  0.000 ( 0.001)	Loss 0.0000e+00 (0.0000e+00)	Acc@1 100.00 (100.00)	Acc@5 100.00 (100.00)
15-Mar-26 15:57:53 - Epoch: [40][ 399/1176]	Time  0.093 ( 0.091)	Data  0.000 ( 0.000)	Loss 0.0000e+00 (0.0000e+00)	Acc@1 100.00 (100.00)	Acc@5 100.00 (100.00)
15-Mar-26 15:58:02 - Epoch: [40][ 499/1176]	Time  0.092 ( 0.092)	Data  0.000 ( 0.000)	Loss 0.0000e+00 (0.0000e+00)	Acc@1 100.00 (100.00)	Acc@5 100.00 (100.00)
15-Mar-26 15:58:11 - Epoch: [40][ 599/1176]	Time  0.090 ( 0.091)	Data  0.000 ( 0.000)	Loss 0.0000e+00 (0.0000e+00)	Acc@1 100.00 (100.00)	Acc@5 100.00 (100.00)
15-Mar-26 15:58:20 - Epoch: [40][ 699/1176]	Time  0.112 ( 0.091)	Data  0.005 ( 0.000)	Loss 0.0000e+00 (0.0000e+00)	Acc@1 100.00 (100.00)	Acc@5 100.00 (100.00)
15-Mar-26 15:58:29 - Epoch: [40][ 799/1176]	Time  0.091 ( 0.091)	Data  0.000 ( 0.000)	Loss 0.0000e+00 (0.0000e+00)	Acc@1 100.00 (100.00)	Acc@5 100.00 (100.00)
15-Mar-26 15:58:38 - Epoch: [40][ 899/1176]	Time  0.089 ( 0.091)	Data  0.001 ( 0.000)	Loss 0.0000e+00 (0.0000e+00)	Acc@1 100.00 (100.00)	Acc@5 100.00 (100.00)
15-Mar-26 15:58:48 - Epoch: [40][ 999/1176]	Time  0.090 ( 0.091)	Data  0.000 ( 0.000)	Loss 0.0000e+00 (0.0000e+00)	Acc@1 100.00 (100.00)	Acc@5 100.00 (100.00)
15-Mar-26 15:58:57 - Epoch: [40][1099/1176]	Time  0.088 ( 0.091)	Data  0.000 ( 0.000)	Loss 0.0000e+00 (0.0000e+00)	Acc@1 100.00 (100.00)	Acc@5 100.00 (100.00)
15-Mar-26 15:59:04 -  @Training * Acc@1 100.000 Acc@5 100.000 Loss 0.000
15-Mar-26 15:59:04 - One training epoch latency: 107.3s | Avg Power: 230.1W | Energy: 24680.9628J
15-Mar-26 15:59:11 -  @Testing * Acc@1 93.403 Acc@5 99.306 Loss 1.321
15-Mar-26 15:59:11 - Best acc at epoch 40: 94.79166412353516
15-Mar-26 15:59:11 - Last learning rate: [3.90625e-06]
15-Mar-26 15:59:11 - 	 Epoch 41...
15-Mar-26 15:59:20 - Epoch: [41][  99/1176]	Time  0.093 ( 0.094)	Data  0.001 ( 0.002)	Loss 0.0000e+00 (0.0000e+00)	Acc@1 100.00 (100.00)	Acc@5 100.00 (100.00)
15-Mar-26 15:59:29 - Epoch: [41][ 199/1176]	Time  0.088 ( 0.093)	Data  0.000 ( 0.001)	Loss 0.0000e+00 (0.0000e+00)	Acc@1 100.00 (100.00)	Acc@5 100.00 (100.00)
15-Mar-26 15:59:38 - Epoch: [41][ 299/1176]	Time  0.092 ( 0.092)	Data  0.000 ( 0.001)	Loss 0.0000e+00 (0.0000e+00)	Acc@1 100.00 (100.00)	Acc@5 100.00 (100.00)
15-Mar-26 15:59:48 - Epoch: [41][ 399/1176]	Time  0.091 ( 0.092)	Data  0.000 ( 0.001)	Loss 0.0000e+00 (0.0000e+00)	Acc@1 100.00 (100.00)	Acc@5 100.00 (100.00)
15-Mar-26 15:59:57 - Epoch: [41][ 499/1176]	Time  0.089 ( 0.092)	Data  0.000 ( 0.001)	Loss 0.0000e+00 (0.0000e+00)	Acc@1 100.00 (100.00)	Acc@5 100.00 (100.00)
15-Mar-26 16:00:06 - Epoch: [41][ 599/1176]	Time  0.088 ( 0.092)	Data  0.000 ( 0.001)	Loss 0.0000e+00 (0.0000e+00)	Acc@1 100.00 (100.00)	Acc@5 100.00 (100.00)
15-Mar-26 16:00:15 - Epoch: [41][ 699/1176]	Time  0.092 ( 0.092)	Data  0.000 ( 0.000)	Loss 0.0000e+00 (0.0000e+00)	Acc@1 100.00 (100.00)	Acc@5 100.00 (100.00)
15-Mar-26 16:00:24 - Epoch: [41][ 799/1176]	Time  0.090 ( 0.092)	Data  0.000 ( 0.000)	Loss 0.0000e+00 (0.0000e+00)	Acc@1 100.00 (100.00)	Acc@5 100.00 (100.00)
15-Mar-26 16:00:33 - Epoch: [41][ 899/1176]	Time  0.091 ( 0.091)	Data  0.000 ( 0.000)	Loss 0.0000e+00 (0.0000e+00)	Acc@1 100.00 (100.00)	Acc@5 100.00 (100.00)
15-Mar-26 16:00:42 - Epoch: [41][ 999/1176]	Time  0.091 ( 0.091)	Data  0.000 ( 0.000)	Loss 0.0000e+00 (0.0000e+00)	Acc@1 100.00 (100.00)	Acc@5 100.00 (100.00)
15-Mar-26 16:00:51 - Epoch: [41][1099/1176]	Time  0.088 ( 0.091)	Data  0.000 ( 0.000)	Loss 0.0000e+00 (0.0000e+00)	Acc@1 100.00 (100.00)	Acc@5 100.00 (100.00)
15-Mar-26 16:00:58 -  @Training * Acc@1 100.000 Acc@5 100.000 Loss 0.000
15-Mar-26 16:00:58 - One training epoch latency: 107.5s | Avg Power: 232.1W | Energy: 24952.4094J
15-Mar-26 16:01:05 -  @Testing * Acc@1 94.444 Acc@5 99.306 Loss 1.316
15-Mar-26 16:01:05 - Best acc at epoch 41: 94.79166412353516
15-Mar-26 16:01:05 - Last learning rate: [3.90625e-06]
15-Mar-26 16:01:05 - 	 Epoch 42...
15-Mar-26 16:01:15 - Epoch: [42][  99/1176]	Time  0.090 ( 0.093)	Data  0.001 ( 0.002)	Loss 0.0000e+00 (0.0000e+00)	Acc@1 100.00 (100.00)	Acc@5 100.00 (100.00)
15-Mar-26 16:01:24 - Epoch: [42][ 199/1176]	Time  0.089 ( 0.092)	Data  0.000 ( 0.001)	Loss 0.0000e+00 (0.0000e+00)	Acc@1 100.00 (100.00)	Acc@5 100.00 (100.00)
15-Mar-26 16:01:33 - Epoch: [42][ 299/1176]	Time  0.089 ( 0.092)	Data  0.000 ( 0.001)	Loss 0.0000e+00 (0.0000e+00)	Acc@1 100.00 (100.00)	Acc@5 100.00 (100.00)
15-Mar-26 16:01:42 - Epoch: [42][ 399/1176]	Time  0.095 ( 0.092)	Data  0.000 ( 0.001)	Loss 0.0000e+00 (0.0000e+00)	Acc@1 100.00 (100.00)	Acc@5 100.00 (100.00)
15-Mar-26 16:01:51 - Epoch: [42][ 499/1176]	Time  0.088 ( 0.092)	Data  0.000 ( 0.001)	Loss 0.0000e+00 (0.0000e+00)	Acc@1 100.00 (100.00)	Acc@5 100.00 (100.00)
15-Mar-26 16:02:00 - Epoch: [42][ 599/1176]	Time  0.088 ( 0.092)	Data  0.000 ( 0.000)	Loss 0.0000e+00 (0.0000e+00)	Acc@1 100.00 (100.00)	Acc@5 100.00 (100.00)
15-Mar-26 16:02:09 - Epoch: [42][ 699/1176]	Time  0.088 ( 0.092)	Data  0.001 ( 0.000)	Loss 0.0000e+00 (0.0000e+00)	Acc@1 100.00 (100.00)	Acc@5 100.00 (100.00)
15-Mar-26 16:02:19 - Epoch: [42][ 799/1176]	Time  0.091 ( 0.091)	Data  0.000 ( 0.000)	Loss 0.0000e+00 (0.0000e+00)	Acc@1 100.00 (100.00)	Acc@5 100.00 (100.00)
15-Mar-26 16:02:28 - Epoch: [42][ 899/1176]	Time  0.090 ( 0.091)	Data  0.001 ( 0.000)	Loss 0.0000e+00 (0.0000e+00)	Acc@1 100.00 (100.00)	Acc@5 100.00 (100.00)
15-Mar-26 16:02:37 - Epoch: [42][ 999/1176]	Time  0.091 ( 0.091)	Data  0.000 ( 0.000)	Loss 0.0000e+00 (0.0000e+00)	Acc@1 100.00 (100.00)	Acc@5 100.00 (100.00)
15-Mar-26 16:02:46 - Epoch: [42][1099/1176]	Time  0.091 ( 0.091)	Data  0.001 ( 0.000)	Loss 0.0000e+00 (0.0000e+00)	Acc@1 100.00 (100.00)	Acc@5 100.00 (100.00)
15-Mar-26 16:02:53 -  @Training * Acc@1 100.000 Acc@5 100.000 Loss 0.000
15-Mar-26 16:02:53 - One training epoch latency: 107.7s | Avg Power: 231.9W | Energy: 24971.5445J
15-Mar-26 16:03:00 -  @Testing * Acc@1 95.139 Acc@5 99.653 Loss 1.329
15-Mar-26 16:03:00 - Best acc at epoch 42: 95.1388931274414
15-Mar-26 16:03:00 - Last learning rate: [3.90625e-06]
15-Mar-26 16:03:00 - 	 Epoch 43...
15-Mar-26 16:03:10 - Epoch: [43][  99/1176]	Time  0.092 ( 0.093)	Data  0.000 ( 0.001)	Loss 0.0000e+00 (0.0000e+00)	Acc@1 100.00 (100.00)	Acc@5 100.00 (100.00)
15-Mar-26 16:03:19 - Epoch: [43][ 199/1176]	Time  0.090 ( 0.092)	Data  0.001 ( 0.001)	Loss 0.0000e+00 (0.0000e+00)	Acc@1 100.00 (100.00)	Acc@5 100.00 (100.00)
15-Mar-26 16:03:28 - Epoch: [43][ 299/1176]	Time  0.090 ( 0.092)	Data  0.000 ( 0.001)	Loss 0.0000e+00 (0.0000e+00)	Acc@1 100.00 (100.00)	Acc@5 100.00 (100.00)
15-Mar-26 16:03:37 - Epoch: [43][ 399/1176]	Time  0.088 ( 0.092)	Data  0.000 ( 0.001)	Loss 0.0000e+00 (0.0000e+00)	Acc@1 100.00 (100.00)	Acc@5 100.00 (100.00)
15-Mar-26 16:03:46 - Epoch: [43][ 499/1176]	Time  0.110 ( 0.092)	Data  0.000 ( 0.000)	Loss 0.0000e+00 (0.0000e+00)	Acc@1 100.00 (100.00)	Acc@5 100.00 (100.00)
15-Mar-26 16:03:55 - Epoch: [43][ 599/1176]	Time  0.088 ( 0.092)	Data  0.000 ( 0.000)	Loss 0.0000e+00 (0.0000e+00)	Acc@1 100.00 (100.00)	Acc@5 100.00 (100.00)
15-Mar-26 16:04:04 - Epoch: [43][ 699/1176]	Time  0.088 ( 0.091)	Data  0.000 ( 0.000)	Loss 0.0000e+00 (0.0000e+00)	Acc@1 100.00 (100.00)	Acc@5 100.00 (100.00)
15-Mar-26 16:04:14 - Epoch: [43][ 799/1176]	Time  0.092 ( 0.091)	Data  0.000 ( 0.000)	Loss 0.0000e+00 (0.0000e+00)	Acc@1 100.00 (100.00)	Acc@5 100.00 (100.00)
15-Mar-26 16:04:23 - Epoch: [43][ 899/1176]	Time  0.088 ( 0.091)	Data  0.000 ( 0.000)	Loss 0.0000e+00 (0.0000e+00)	Acc@1 100.00 (100.00)	Acc@5 100.00 (100.00)
15-Mar-26 16:04:32 - Epoch: [43][ 999/1176]	Time  0.088 ( 0.091)	Data  0.000 ( 0.000)	Loss 0.0000e+00 (0.0000e+00)	Acc@1 100.00 (100.00)	Acc@5 100.00 (100.00)
15-Mar-26 16:04:41 - Epoch: [43][1099/1176]	Time  0.092 ( 0.091)	Data  0.000 ( 0.000)	Loss 0.0000e+00 (0.0000e+00)	Acc@1 100.00 (100.00)	Acc@5 100.00 (100.00)
15-Mar-26 16:04:48 -  @Training * Acc@1 100.000 Acc@5 100.000 Loss 0.000
15-Mar-26 16:04:48 - One training epoch latency: 107.4s | Avg Power: 230.6W | Energy: 24761.0910J
15-Mar-26 16:04:55 -  @Testing * Acc@1 94.444 Acc@5 99.653 Loss 1.271
15-Mar-26 16:04:55 - Best acc at epoch 43: 95.1388931274414
15-Mar-26 16:04:55 - Last learning rate: [3.90625e-06]
15-Mar-26 16:04:55 - 	 Epoch 44...
15-Mar-26 16:05:04 - Epoch: [44][  99/1176]	Time  0.088 ( 0.094)	Data  0.000 ( 0.002)	Loss 0.0000e+00 (0.0000e+00)	Acc@1 100.00 (100.00)	Acc@5 100.00 (100.00)
15-Mar-26 16:05:13 - Epoch: [44][ 199/1176]	Time  0.089 ( 0.092)	Data  0.000 ( 0.001)	Loss 0.0000e+00 (0.0000e+00)	Acc@1 100.00 (100.00)	Acc@5 100.00 (100.00)
15-Mar-26 16:05:23 - Epoch: [44][ 299/1176]	Time  0.089 ( 0.092)	Data  0.000 ( 0.001)	Loss 0.0000e+00 (0.0000e+00)	Acc@1 100.00 (100.00)	Acc@5 100.00 (100.00)
15-Mar-26 16:05:32 - Epoch: [44][ 399/1176]	Time  0.091 ( 0.092)	Data  0.000 ( 0.001)	Loss 0.0000e+00 (0.0000e+00)	Acc@1 100.00 (100.00)	Acc@5 100.00 (100.00)
15-Mar-26 16:05:41 - Epoch: [44][ 499/1176]	Time  0.090 ( 0.092)	Data  0.000 ( 0.001)	Loss 0.0000e+00 (0.0000e+00)	Acc@1 100.00 (100.00)	Acc@5 100.00 (100.00)
15-Mar-26 16:05:50 - Epoch: [44][ 599/1176]	Time  0.092 ( 0.092)	Data  0.000 ( 0.001)	Loss 0.0000e+00 (0.0000e+00)	Acc@1 100.00 (100.00)	Acc@5 100.00 (100.00)
15-Mar-26 16:05:59 - Epoch: [44][ 699/1176]	Time  0.090 ( 0.092)	Data  0.000 ( 0.000)	Loss 0.0000e+00 (0.0000e+00)	Acc@1 100.00 (100.00)	Acc@5 100.00 (100.00)
15-Mar-26 16:06:08 - Epoch: [44][ 799/1176]	Time  0.090 ( 0.091)	Data  0.000 ( 0.000)	Loss 0.0000e+00 (0.0000e+00)	Acc@1 100.00 (100.00)	Acc@5 100.00 (100.00)
15-Mar-26 16:06:17 - Epoch: [44][ 899/1176]	Time  0.116 ( 0.091)	Data  0.005 ( 0.000)	Loss 0.0000e+00 (0.0000e+00)	Acc@1 100.00 (100.00)	Acc@5 100.00 (100.00)
15-Mar-26 16:06:26 - Epoch: [44][ 999/1176]	Time  0.090 ( 0.091)	Data  0.000 ( 0.000)	Loss 0.0000e+00 (0.0000e+00)	Acc@1 100.00 (100.00)	Acc@5 100.00 (100.00)
15-Mar-26 16:06:35 - Epoch: [44][1099/1176]	Time  0.089 ( 0.091)	Data  0.001 ( 0.000)	Loss 0.0000e+00 (0.0000e+00)	Acc@1 100.00 (100.00)	Acc@5 100.00 (100.00)
15-Mar-26 16:06:42 -  @Training * Acc@1 100.000 Acc@5 100.000 Loss 0.000
15-Mar-26 16:06:42 - One training epoch latency: 107.5s | Avg Power: 233.0W | Energy: 25048.5865J
15-Mar-26 16:06:50 -  @Testing * Acc@1 95.139 Acc@5 99.653 Loss 1.154
15-Mar-26 16:06:50 - Best acc at epoch 44: 95.1388931274414
15-Mar-26 16:06:50 - Last learning rate: [3.90625e-06]
15-Mar-26 16:06:50 - 	 Epoch 45...
15-Mar-26 16:06:59 - Epoch: [45][  99/1176]	Time  0.091 ( 0.094)	Data  0.000 ( 0.002)	Loss 0.0000e+00 (0.0000e+00)	Acc@1 100.00 (100.00)	Acc@5 100.00 (100.00)
15-Mar-26 16:07:08 - Epoch: [45][ 199/1176]	Time  0.099 ( 0.093)	Data  0.000 ( 0.001)	Loss 0.0000e+00 (0.0000e+00)	Acc@1 100.00 (100.00)	Acc@5 100.00 (100.00)
15-Mar-26 16:07:17 - Epoch: [45][ 299/1176]	Time  0.093 ( 0.093)	Data  0.000 ( 0.001)	Loss 0.0000e+00 (0.0000e+00)	Acc@1 100.00 (100.00)	Acc@5 100.00 (100.00)
15-Mar-26 16:07:26 - Epoch: [45][ 399/1176]	Time  0.092 ( 0.092)	Data  0.000 ( 0.001)	Loss 0.0000e+00 (0.0000e+00)	Acc@1 100.00 (100.00)	Acc@5 100.00 (100.00)
15-Mar-26 16:07:36 - Epoch: [45][ 499/1176]	Time  0.093 ( 0.092)	Data  0.000 ( 0.000)	Loss 0.0000e+00 (0.0000e+00)	Acc@1 100.00 (100.00)	Acc@5 100.00 (100.00)
15-Mar-26 16:07:45 - Epoch: [45][ 599/1176]	Time  0.089 ( 0.092)	Data  0.000 ( 0.000)	Loss 0.0000e+00 (0.0000e+00)	Acc@1 100.00 (100.00)	Acc@5 100.00 (100.00)
15-Mar-26 16:07:54 - Epoch: [45][ 699/1176]	Time  0.092 ( 0.092)	Data  0.000 ( 0.000)	Loss 0.0000e+00 (0.0000e+00)	Acc@1 100.00 (100.00)	Acc@5 100.00 (100.00)
15-Mar-26 16:08:03 - Epoch: [45][ 799/1176]	Time  0.089 ( 0.092)	Data  0.000 ( 0.000)	Loss 0.0000e+00 (0.0000e+00)	Acc@1 100.00 (100.00)	Acc@5 100.00 (100.00)
15-Mar-26 16:08:12 - Epoch: [45][ 899/1176]	Time  0.094 ( 0.092)	Data  0.000 ( 0.000)	Loss 0.0000e+00 (0.0000e+00)	Acc@1 100.00 (100.00)	Acc@5 100.00 (100.00)
15-Mar-26 16:08:21 - Epoch: [45][ 999/1176]	Time  0.092 ( 0.092)	Data  0.000 ( 0.000)	Loss 0.0000e+00 (0.0000e+00)	Acc@1 100.00 (100.00)	Acc@5 100.00 (100.00)
15-Mar-26 16:08:30 - Epoch: [45][1099/1176]	Time  0.092 ( 0.092)	Data  0.000 ( 0.000)	Loss 0.0000e+00 (0.0000e+00)	Acc@1 100.00 (100.00)	Acc@5 100.00 (100.00)
15-Mar-26 16:08:37 -  @Training * Acc@1 100.000 Acc@5 100.000 Loss 0.000
15-Mar-26 16:08:38 - One training epoch latency: 107.9s | Avg Power: 231.5W | Energy: 24982.0040J
15-Mar-26 16:08:45 -  @Testing * Acc@1 95.486 Acc@5 99.653 Loss 1.091
15-Mar-26 16:08:45 - Best acc at epoch 45: 95.48611450195312
15-Mar-26 16:08:45 - Last learning rate: [3.90625e-06]
15-Mar-26 16:08:45 - 	 Epoch 46...
15-Mar-26 16:08:54 - Epoch: [46][  99/1176]	Time  0.088 ( 0.094)	Data  0.000 ( 0.002)	Loss 0.0000e+00 (0.0000e+00)	Acc@1 100.00 (100.00)	Acc@5 100.00 (100.00)
15-Mar-26 16:09:03 - Epoch: [46][ 199/1176]	Time  0.091 ( 0.093)	Data  0.000 ( 0.001)	Loss 0.0000e+00 (0.0000e+00)	Acc@1 100.00 (100.00)	Acc@5 100.00 (100.00)
15-Mar-26 16:09:12 - Epoch: [46][ 299/1176]	Time  0.088 ( 0.092)	Data  0.000 ( 0.001)	Loss 0.0000e+00 (0.0000e+00)	Acc@1 100.00 (100.00)	Acc@5 100.00 (100.00)
15-Mar-26 16:09:21 - Epoch: [46][ 399/1176]	Time  0.089 ( 0.092)	Data  0.001 ( 0.001)	Loss 0.0000e+00 (0.0000e+00)	Acc@1 100.00 (100.00)	Acc@5 100.00 (100.00)
15-Mar-26 16:09:31 - Epoch: [46][ 499/1176]	Time  0.091 ( 0.092)	Data  0.000 ( 0.001)	Loss 0.0000e+00 (0.0000e+00)	Acc@1 100.00 (100.00)	Acc@5 100.00 (100.00)
15-Mar-26 16:09:40 - Epoch: [46][ 599/1176]	Time  0.092 ( 0.092)	Data  0.000 ( 0.000)	Loss 0.0000e+00 (0.0000e+00)	Acc@1 100.00 (100.00)	Acc@5 100.00 (100.00)
15-Mar-26 16:09:49 - Epoch: [46][ 699/1176]	Time  0.089 ( 0.092)	Data  0.000 ( 0.000)	Loss 0.0000e+00 (0.0000e+00)	Acc@1 100.00 (100.00)	Acc@5 100.00 (100.00)
15-Mar-26 16:09:58 - Epoch: [46][ 799/1176]	Time  0.088 ( 0.091)	Data  0.000 ( 0.000)	Loss 0.0000e+00 (0.0000e+00)	Acc@1 100.00 (100.00)	Acc@5 100.00 (100.00)
15-Mar-26 16:10:07 - Epoch: [46][ 899/1176]	Time  0.090 ( 0.091)	Data  0.000 ( 0.000)	Loss 0.0000e+00 (0.0000e+00)	Acc@1 100.00 (100.00)	Acc@5 100.00 (100.00)
15-Mar-26 16:10:16 - Epoch: [46][ 999/1176]	Time  0.091 ( 0.091)	Data  0.000 ( 0.000)	Loss 0.0000e+00 (0.0000e+00)	Acc@1 100.00 (100.00)	Acc@5 100.00 (100.00)
15-Mar-26 16:10:25 - Epoch: [46][1099/1176]	Time  0.097 ( 0.091)	Data  0.000 ( 0.000)	Loss 0.0000e+00 (0.0000e+00)	Acc@1 100.00 (100.00)	Acc@5 100.00 (100.00)
15-Mar-26 16:10:32 -  @Training * Acc@1 100.000 Acc@5 100.000 Loss 0.000
15-Mar-26 16:10:32 - One training epoch latency: 107.5s | Avg Power: 230.5W | Energy: 24770.5677J
15-Mar-26 16:10:39 -  @Testing * Acc@1 95.139 Acc@5 99.653 Loss 1.332
15-Mar-26 16:10:39 - Best acc at epoch 46: 95.48611450195312
15-Mar-26 16:10:39 - Last learning rate: [1.953125e-06]
15-Mar-26 16:10:39 - 	 Epoch 47...
15-Mar-26 16:10:49 - Epoch: [47][  99/1176]	Time  0.091 ( 0.093)	Data  0.000 ( 0.002)	Loss 0.0000e+00 (0.0000e+00)	Acc@1 100.00 (100.00)	Acc@5 100.00 (100.00)
15-Mar-26 16:10:58 - Epoch: [47][ 199/1176]	Time  0.092 ( 0.093)	Data  0.001 ( 0.001)	Loss 0.0000e+00 (0.0000e+00)	Acc@1 100.00 (100.00)	Acc@5 100.00 (100.00)
15-Mar-26 16:11:07 - Epoch: [47][ 299/1176]	Time  0.091 ( 0.092)	Data  0.000 ( 0.001)	Loss 0.0000e+00 (0.0000e+00)	Acc@1 100.00 (100.00)	Acc@5 100.00 (100.00)
15-Mar-26 16:11:16 - Epoch: [47][ 399/1176]	Time  0.093 ( 0.092)	Data  0.000 ( 0.001)	Loss 0.0000e+00 (0.0000e+00)	Acc@1 100.00 (100.00)	Acc@5 100.00 (100.00)
15-Mar-26 16:11:25 - Epoch: [47][ 499/1176]	Time  0.090 ( 0.092)	Data  0.000 ( 0.001)	Loss 0.0000e+00 (0.0000e+00)	Acc@1 100.00 (100.00)	Acc@5 100.00 (100.00)
15-Mar-26 16:11:35 - Epoch: [47][ 599/1176]	Time  0.091 ( 0.092)	Data  0.000 ( 0.000)	Loss 0.0000e+00 (0.0000e+00)	Acc@1 100.00 (100.00)	Acc@5 100.00 (100.00)
15-Mar-26 16:11:44 - Epoch: [47][ 699/1176]	Time  0.089 ( 0.092)	Data  0.000 ( 0.000)	Loss 0.0000e+00 (0.0000e+00)	Acc@1 100.00 (100.00)	Acc@5 100.00 (100.00)
15-Mar-26 16:11:53 - Epoch: [47][ 799/1176]	Time  0.088 ( 0.092)	Data  0.000 ( 0.000)	Loss 0.0000e+00 (0.0000e+00)	Acc@1 100.00 (100.00)	Acc@5 100.00 (100.00)
15-Mar-26 16:12:02 - Epoch: [47][ 899/1176]	Time  0.087 ( 0.092)	Data  0.000 ( 0.000)	Loss 0.0000e+00 (0.0000e+00)	Acc@1 100.00 (100.00)	Acc@5 100.00 (100.00)
15-Mar-26 16:12:11 - Epoch: [47][ 999/1176]	Time  0.089 ( 0.091)	Data  0.000 ( 0.000)	Loss 0.0000e+00 (0.0000e+00)	Acc@1 100.00 (100.00)	Acc@5 100.00 (100.00)
15-Mar-26 16:12:20 - Epoch: [47][1099/1176]	Time  0.089 ( 0.091)	Data  0.000 ( 0.000)	Loss 0.0000e+00 (0.0000e+00)	Acc@1 100.00 (100.00)	Acc@5 100.00 (100.00)
15-Mar-26 16:12:27 -  @Training * Acc@1 100.000 Acc@5 100.000 Loss 0.000
15-Mar-26 16:12:27 - One training epoch latency: 107.5s | Avg Power: 233.3W | Energy: 25065.3640J
15-Mar-26 16:12:34 -  @Testing * Acc@1 95.139 Acc@5 99.653 Loss 1.257
15-Mar-26 16:12:34 - Best acc at epoch 47: 95.48611450195312
15-Mar-26 16:12:34 - Last learning rate: [1.953125e-06]
15-Mar-26 16:12:34 - 	 Epoch 48...
15-Mar-26 16:12:43 - Epoch: [48][  99/1176]	Time  0.090 ( 0.093)	Data  0.000 ( 0.001)	Loss 0.0000e+00 (0.0000e+00)	Acc@1 100.00 (100.00)	Acc@5 100.00 (100.00)
15-Mar-26 16:12:52 - Epoch: [48][ 199/1176]	Time  0.091 ( 0.092)	Data  0.000 ( 0.001)	Loss 0.0000e+00 (0.0000e+00)	Acc@1 100.00 (100.00)	Acc@5 100.00 (100.00)
15-Mar-26 16:13:01 - Epoch: [48][ 299/1176]	Time  0.092 ( 0.092)	Data  0.000 ( 0.001)	Loss 0.0000e+00 (0.0000e+00)	Acc@1 100.00 (100.00)	Acc@5 100.00 (100.00)
15-Mar-26 16:13:11 - Epoch: [48][ 399/1176]	Time  0.090 ( 0.092)	Data  0.000 ( 0.001)	Loss 0.0000e+00 (0.0000e+00)	Acc@1 100.00 (100.00)	Acc@5 100.00 (100.00)
15-Mar-26 16:13:20 - Epoch: [48][ 499/1176]	Time  0.091 ( 0.091)	Data  0.000 ( 0.000)	Loss 0.0000e+00 (0.0000e+00)	Acc@1 100.00 (100.00)	Acc@5 100.00 (100.00)
15-Mar-26 16:13:29 - Epoch: [48][ 599/1176]	Time  0.089 ( 0.091)	Data  0.000 ( 0.000)	Loss 0.0000e+00 (0.0000e+00)	Acc@1 100.00 (100.00)	Acc@5 100.00 (100.00)
15-Mar-26 16:13:38 - Epoch: [48][ 699/1176]	Time  0.089 ( 0.091)	Data  0.000 ( 0.000)	Loss 0.0000e+00 (0.0000e+00)	Acc@1 100.00 (100.00)	Acc@5 100.00 (100.00)
15-Mar-26 16:13:47 - Epoch: [48][ 799/1176]	Time  0.091 ( 0.091)	Data  0.000 ( 0.000)	Loss 0.0000e+00 (0.0000e+00)	Acc@1 100.00 (100.00)	Acc@5 100.00 (100.00)
15-Mar-26 16:13:56 - Epoch: [48][ 899/1176]	Time  0.088 ( 0.091)	Data  0.000 ( 0.000)	Loss 0.0000e+00 (0.0000e+00)	Acc@1 100.00 (100.00)	Acc@5 100.00 (100.00)
15-Mar-26 16:14:05 - Epoch: [48][ 999/1176]	Time  0.113 ( 0.091)	Data  0.000 ( 0.000)	Loss 0.0000e+00 (0.0000e+00)	Acc@1 100.00 (100.00)	Acc@5 100.00 (100.00)
15-Mar-26 16:14:14 - Epoch: [48][1099/1176]	Time  0.089 ( 0.091)	Data  0.000 ( 0.000)	Loss 0.0000e+00 (0.0000e+00)	Acc@1 100.00 (100.00)	Acc@5 100.00 (100.00)
15-Mar-26 16:14:21 -  @Training * Acc@1 100.000 Acc@5 100.000 Loss 0.000
15-Mar-26 16:14:21 - One training epoch latency: 107.3s | Avg Power: 231.7W | Energy: 24852.3732J
15-Mar-26 16:14:28 -  @Testing * Acc@1 95.486 Acc@5 99.306 Loss 1.311
15-Mar-26 16:14:28 - Best acc at epoch 48: 95.48611450195312
15-Mar-26 16:14:29 - Last learning rate: [1.953125e-06]
15-Mar-26 16:14:29 - 	 Epoch 49...
15-Mar-26 16:14:38 - Epoch: [49][  99/1176]	Time  0.089 ( 0.092)	Data  0.000 ( 0.002)	Loss 0.0000e+00 (0.0000e+00)	Acc@1 100.00 (100.00)	Acc@5 100.00 (100.00)
15-Mar-26 16:14:47 - Epoch: [49][ 199/1176]	Time  0.089 ( 0.091)	Data  0.000 ( 0.001)	Loss 0.0000e+00 (0.0000e+00)	Acc@1 100.00 (100.00)	Acc@5 100.00 (100.00)
15-Mar-26 16:14:56 - Epoch: [49][ 299/1176]	Time  0.088 ( 0.091)	Data  0.000 ( 0.001)	Loss 0.0000e+00 (0.0000e+00)	Acc@1 100.00 (100.00)	Acc@5 100.00 (100.00)
15-Mar-26 16:15:05 - Epoch: [49][ 399/1176]	Time  0.090 ( 0.091)	Data  0.000 ( 0.001)	Loss 0.0000e+00 (0.0000e+00)	Acc@1 100.00 (100.00)	Acc@5 100.00 (100.00)
15-Mar-26 16:15:14 - Epoch: [49][ 499/1176]	Time  0.092 ( 0.091)	Data  0.001 ( 0.001)	Loss 0.0000e+00 (0.0000e+00)	Acc@1 100.00 (100.00)	Acc@5 100.00 (100.00)
15-Mar-26 16:15:23 - Epoch: [49][ 599/1176]	Time  0.091 ( 0.091)	Data  0.000 ( 0.001)	Loss 0.0000e+00 (0.0000e+00)	Acc@1 100.00 (100.00)	Acc@5 100.00 (100.00)
15-Mar-26 16:15:32 - Epoch: [49][ 699/1176]	Time  0.092 ( 0.091)	Data  0.000 ( 0.001)	Loss 0.0000e+00 (0.0000e+00)	Acc@1 100.00 (100.00)	Acc@5 100.00 (100.00)
15-Mar-26 16:15:41 - Epoch: [49][ 799/1176]	Time  0.110 ( 0.091)	Data  0.000 ( 0.001)	Loss 0.0000e+00 (0.0000e+00)	Acc@1 100.00 (100.00)	Acc@5 100.00 (100.00)
15-Mar-26 16:15:50 - Epoch: [49][ 899/1176]	Time  0.090 ( 0.091)	Data  0.000 ( 0.000)	Loss 0.0000e+00 (0.0000e+00)	Acc@1 100.00 (100.00)	Acc@5 100.00 (100.00)
15-Mar-26 16:15:59 - Epoch: [49][ 999/1176]	Time  0.090 ( 0.091)	Data  0.000 ( 0.000)	Loss 0.0000e+00 (0.0000e+00)	Acc@1 100.00 (100.00)	Acc@5 100.00 (100.00)
15-Mar-26 16:16:08 - Epoch: [49][1099/1176]	Time  0.090 ( 0.091)	Data  0.000 ( 0.000)	Loss 0.0000e+00 (0.0000e+00)	Acc@1 100.00 (100.00)	Acc@5 100.00 (100.00)
15-Mar-26 16:16:15 -  @Training * Acc@1 100.000 Acc@5 100.000 Loss 0.000
15-Mar-26 16:16:16 - One training epoch latency: 107.0s | Avg Power: 231.6W | Energy: 24778.4120J
15-Mar-26 16:16:23 -  @Testing * Acc@1 95.139 Acc@5 99.653 Loss 1.290
15-Mar-26 16:16:23 - Best acc at epoch 49: 95.48611450195312
15-Mar-26 16:16:23 - Last learning rate: [1.953125e-06]
15-Mar-26 16:16:23 - 	 Epoch 50...
15-Mar-26 16:16:32 - Epoch: [50][  99/1176]	Time  0.091 ( 0.094)	Data  0.001 ( 0.002)	Loss 0.0000e+00 (0.0000e+00)	Acc@1 100.00 (100.00)	Acc@5 100.00 (100.00)
15-Mar-26 16:16:41 - Epoch: [50][ 199/1176]	Time  0.095 ( 0.093)	Data  0.000 ( 0.001)	Loss 0.0000e+00 (0.0000e+00)	Acc@1 100.00 (100.00)	Acc@5 100.00 (100.00)
15-Mar-26 16:16:50 - Epoch: [50][ 299/1176]	Time  0.091 ( 0.093)	Data  0.000 ( 0.001)	Loss 0.0000e+00 (0.0000e+00)	Acc@1 100.00 (100.00)	Acc@5 100.00 (100.00)
15-Mar-26 16:17:00 - Epoch: [50][ 399/1176]	Time  0.091 ( 0.092)	Data  0.000 ( 0.001)	Loss 0.0000e+00 (0.0000e+00)	Acc@1 100.00 (100.00)	Acc@5 100.00 (100.00)
15-Mar-26 16:17:09 - Epoch: [50][ 499/1176]	Time  0.092 ( 0.092)	Data  0.000 ( 0.001)	Loss 0.0000e+00 (0.0000e+00)	Acc@1 100.00 (100.00)	Acc@5 100.00 (100.00)
15-Mar-26 16:17:18 - Epoch: [50][ 599/1176]	Time  0.090 ( 0.092)	Data  0.000 ( 0.000)	Loss 0.0000e+00 (0.0000e+00)	Acc@1 100.00 (100.00)	Acc@5 100.00 (100.00)
15-Mar-26 16:17:27 - Epoch: [50][ 699/1176]	Time  0.089 ( 0.092)	Data  0.000 ( 0.000)	Loss 0.0000e+00 (0.0000e+00)	Acc@1 100.00 (100.00)	Acc@5 100.00 (100.00)
15-Mar-26 16:17:36 - Epoch: [50][ 799/1176]	Time  0.100 ( 0.092)	Data  0.000 ( 0.000)	Loss 0.0000e+00 (0.0000e+00)	Acc@1 100.00 (100.00)	Acc@5 100.00 (100.00)
15-Mar-26 16:17:45 - Epoch: [50][ 899/1176]	Time  0.088 ( 0.092)	Data  0.000 ( 0.000)	Loss 0.0000e+00 (0.0000e+00)	Acc@1 100.00 (100.00)	Acc@5 100.00 (100.00)
15-Mar-26 16:17:54 - Epoch: [50][ 999/1176]	Time  0.091 ( 0.092)	Data  0.000 ( 0.000)	Loss 0.0000e+00 (0.0000e+00)	Acc@1 100.00 (100.00)	Acc@5 100.00 (100.00)
15-Mar-26 16:18:04 - Epoch: [50][1099/1176]	Time  0.091 ( 0.092)	Data  0.000 ( 0.000)	Loss 0.0000e+00 (0.0000e+00)	Acc@1 100.00 (100.00)	Acc@5 100.00 (100.00)
15-Mar-26 16:18:10 -  @Training * Acc@1 100.000 Acc@5 100.000 Loss 0.000
15-Mar-26 16:18:11 - One training epoch latency: 107.8s | Avg Power: 232.2W | Energy: 25037.5824J
15-Mar-26 16:18:18 -  @Testing * Acc@1 95.139 Acc@5 99.653 Loss 1.285
15-Mar-26 16:18:18 - Best acc at epoch 50: 95.48611450195312
15-Mar-26 16:18:18 - Last learning rate: [1.953125e-06]
15-Mar-26 16:18:18 - 	 Epoch 51...
15-Mar-26 16:18:27 - Epoch: [51][  99/1176]	Time  0.089 ( 0.093)	Data  0.000 ( 0.002)	Loss 0.0000e+00 (0.0000e+00)	Acc@1 100.00 (100.00)	Acc@5 100.00 (100.00)
15-Mar-26 16:18:36 - Epoch: [51][ 199/1176]	Time  0.091 ( 0.092)	Data  0.000 ( 0.001)	Loss 0.0000e+00 (0.0000e+00)	Acc@1 100.00 (100.00)	Acc@5 100.00 (100.00)
15-Mar-26 16:18:45 - Epoch: [51][ 299/1176]	Time  0.090 ( 0.092)	Data  0.000 ( 0.001)	Loss 0.0000e+00 (0.0000e+00)	Acc@1 100.00 (100.00)	Acc@5 100.00 (100.00)
15-Mar-26 16:18:54 - Epoch: [51][ 399/1176]	Time  0.090 ( 0.092)	Data  0.000 ( 0.001)	Loss 0.0000e+00 (0.0000e+00)	Acc@1 100.00 (100.00)	Acc@5 100.00 (100.00)
15-Mar-26 16:19:04 - Epoch: [51][ 499/1176]	Time  0.091 ( 0.092)	Data  0.000 ( 0.001)	Loss 0.0000e+00 (0.0000e+00)	Acc@1 100.00 (100.00)	Acc@5 100.00 (100.00)
15-Mar-26 16:19:13 - Epoch: [51][ 599/1176]	Time  0.092 ( 0.092)	Data  0.000 ( 0.000)	Loss 0.0000e+00 (0.0000e+00)	Acc@1 100.00 (100.00)	Acc@5 100.00 (100.00)
15-Mar-26 16:19:22 - Epoch: [51][ 699/1176]	Time  0.090 ( 0.092)	Data  0.000 ( 0.000)	Loss 0.0000e+00 (0.0000e+00)	Acc@1 100.00 (100.00)	Acc@5 100.00 (100.00)
15-Mar-26 16:19:31 - Epoch: [51][ 799/1176]	Time  0.091 ( 0.092)	Data  0.000 ( 0.000)	Loss 0.0000e+00 (0.0000e+00)	Acc@1 100.00 (100.00)	Acc@5 100.00 (100.00)
15-Mar-26 16:19:40 - Epoch: [51][ 899/1176]	Time  0.089 ( 0.092)	Data  0.000 ( 0.000)	Loss 0.0000e+00 (0.0000e+00)	Acc@1 100.00 (100.00)	Acc@5 100.00 (100.00)
15-Mar-26 16:19:49 - Epoch: [51][ 999/1176]	Time  0.089 ( 0.091)	Data  0.000 ( 0.000)	Loss 0.0000e+00 (0.0000e+00)	Acc@1 100.00 (100.00)	Acc@5 100.00 (100.00)
15-Mar-26 16:19:58 - Epoch: [51][1099/1176]	Time  0.089 ( 0.091)	Data  0.000 ( 0.000)	Loss 0.0000e+00 (0.0000e+00)	Acc@1 100.00 (100.00)	Acc@5 100.00 (100.00)
15-Mar-26 16:20:05 -  @Training * Acc@1 100.000 Acc@5 100.000 Loss 0.000
15-Mar-26 16:20:05 - One training epoch latency: 107.5s | Avg Power: 231.2W | Energy: 24838.4272J
15-Mar-26 16:20:12 -  @Testing * Acc@1 95.139 Acc@5 99.653 Loss 1.207
15-Mar-26 16:20:12 - Best acc at epoch 51: 95.48611450195312
15-Mar-26 16:20:12 - Last learning rate: [1.953125e-06]
15-Mar-26 16:20:12 - 	 Epoch 52...
15-Mar-26 16:20:22 - Epoch: [52][  99/1176]	Time  0.088 ( 0.093)	Data  0.000 ( 0.002)	Loss 0.0000e+00 (0.0000e+00)	Acc@1 100.00 (100.00)	Acc@5 100.00 (100.00)
15-Mar-26 16:20:31 - Epoch: [52][ 199/1176]	Time  0.089 ( 0.092)	Data  0.000 ( 0.001)	Loss 0.0000e+00 (0.0000e+00)	Acc@1 100.00 (100.00)	Acc@5 100.00 (100.00)
15-Mar-26 16:20:40 - Epoch: [52][ 299/1176]	Time  0.093 ( 0.092)	Data  0.000 ( 0.001)	Loss 0.0000e+00 (0.0000e+00)	Acc@1 100.00 (100.00)	Acc@5 100.00 (100.00)
15-Mar-26 16:20:49 - Epoch: [52][ 399/1176]	Time  0.091 ( 0.091)	Data  0.000 ( 0.001)	Loss 0.0000e+00 (0.0000e+00)	Acc@1 100.00 (100.00)	Acc@5 100.00 (100.00)
15-Mar-26 16:20:58 - Epoch: [52][ 499/1176]	Time  0.091 ( 0.091)	Data  0.000 ( 0.001)	Loss 0.0000e+00 (0.0000e+00)	Acc@1 100.00 (100.00)	Acc@5 100.00 (100.00)
15-Mar-26 16:21:07 - Epoch: [52][ 599/1176]	Time  0.095 ( 0.091)	Data  0.000 ( 0.001)	Loss 0.0000e+00 (0.0000e+00)	Acc@1 100.00 (100.00)	Acc@5 100.00 (100.00)
15-Mar-26 16:21:16 - Epoch: [52][ 699/1176]	Time  0.111 ( 0.091)	Data  0.000 ( 0.000)	Loss 0.0000e+00 (0.0000e+00)	Acc@1 100.00 (100.00)	Acc@5 100.00 (100.00)
15-Mar-26 16:21:25 - Epoch: [52][ 799/1176]	Time  0.088 ( 0.091)	Data  0.000 ( 0.000)	Loss 0.0000e+00 (0.0000e+00)	Acc@1 100.00 (100.00)	Acc@5 100.00 (100.00)
15-Mar-26 16:21:34 - Epoch: [52][ 899/1176]	Time  0.090 ( 0.091)	Data  0.000 ( 0.000)	Loss 0.0000e+00 (0.0000e+00)	Acc@1 100.00 (100.00)	Acc@5 100.00 (100.00)
15-Mar-26 16:21:44 - Epoch: [52][ 999/1176]	Time  0.090 ( 0.091)	Data  0.000 ( 0.000)	Loss 0.0000e+00 (0.0000e+00)	Acc@1 100.00 (100.00)	Acc@5 100.00 (100.00)
15-Mar-26 16:21:53 - Epoch: [52][1099/1176]	Time  0.088 ( 0.091)	Data  0.000 ( 0.000)	Loss 0.0000e+00 (0.0000e+00)	Acc@1 100.00 (100.00)	Acc@5 100.00 (100.00)
15-Mar-26 16:22:00 -  @Training * Acc@1 100.000 Acc@5 100.000 Loss 0.000
15-Mar-26 16:22:00 - One training epoch latency: 107.3s | Avg Power: 232.4W | Energy: 24927.4799J
15-Mar-26 16:22:07 -  @Testing * Acc@1 95.139 Acc@5 99.306 Loss 1.244
15-Mar-26 16:22:07 - Best acc at epoch 52: 95.48611450195312
15-Mar-26 16:22:07 - Last learning rate: [9.765625e-07]
15-Mar-26 16:22:07 - 	 Epoch 53...
15-Mar-26 16:22:16 - Epoch: [53][  99/1176]	Time  0.088 ( 0.093)	Data  0.000 ( 0.002)	Loss 0.0000e+00 (0.0000e+00)	Acc@1 100.00 (100.00)	Acc@5 100.00 (100.00)
15-Mar-26 16:22:25 - Epoch: [53][ 199/1176]	Time  0.119 ( 0.092)	Data  0.005 ( 0.001)	Loss 0.0000e+00 (0.0000e+00)	Acc@1 100.00 (100.00)	Acc@5 100.00 (100.00)
15-Mar-26 16:22:34 - Epoch: [53][ 299/1176]	Time  0.091 ( 0.092)	Data  0.000 ( 0.001)	Loss 0.0000e+00 (0.0000e+00)	Acc@1 100.00 (100.00)	Acc@5 100.00 (100.00)
15-Mar-26 16:22:44 - Epoch: [53][ 399/1176]	Time  0.090 ( 0.092)	Data  0.000 ( 0.001)	Loss 0.0000e+00 (0.0000e+00)	Acc@1 100.00 (100.00)	Acc@5 100.00 (100.00)
15-Mar-26 16:22:53 - Epoch: [53][ 499/1176]	Time  0.087 ( 0.092)	Data  0.000 ( 0.001)	Loss 0.0000e+00 (0.0000e+00)	Acc@1 100.00 (100.00)	Acc@5 100.00 (100.00)
15-Mar-26 16:23:02 - Epoch: [53][ 599/1176]	Time  0.089 ( 0.092)	Data  0.000 ( 0.000)	Loss 0.0000e+00 (0.0000e+00)	Acc@1 100.00 (100.00)	Acc@5 100.00 (100.00)
15-Mar-26 16:23:11 - Epoch: [53][ 699/1176]	Time  0.088 ( 0.091)	Data  0.001 ( 0.000)	Loss 0.0000e+00 (0.0000e+00)	Acc@1 100.00 (100.00)	Acc@5 100.00 (100.00)
15-Mar-26 16:23:20 - Epoch: [53][ 799/1176]	Time  0.089 ( 0.091)	Data  0.000 ( 0.000)	Loss 0.0000e+00 (0.0000e+00)	Acc@1 100.00 (100.00)	Acc@5 100.00 (100.00)
15-Mar-26 16:23:29 - Epoch: [53][ 899/1176]	Time  0.090 ( 0.091)	Data  0.000 ( 0.000)	Loss 0.0000e+00 (0.0000e+00)	Acc@1 100.00 (100.00)	Acc@5 100.00 (100.00)
15-Mar-26 16:23:38 - Epoch: [53][ 999/1176]	Time  0.092 ( 0.091)	Data  0.000 ( 0.000)	Loss 0.0000e+00 (0.0000e+00)	Acc@1 100.00 (100.00)	Acc@5 100.00 (100.00)
15-Mar-26 16:23:47 - Epoch: [53][1099/1176]	Time  0.097 ( 0.091)	Data  0.000 ( 0.000)	Loss 0.0000e+00 (0.0000e+00)	Acc@1 100.00 (100.00)	Acc@5 100.00 (100.00)
15-Mar-26 16:23:54 -  @Training * Acc@1 100.000 Acc@5 100.000 Loss 0.000
15-Mar-26 16:23:54 - One training epoch latency: 107.4s | Avg Power: 232.1W | Energy: 24917.8081J
15-Mar-26 16:24:01 -  @Testing * Acc@1 94.444 Acc@5 99.653 Loss 1.275
15-Mar-26 16:24:01 - Best acc at epoch 53: 95.48611450195312
15-Mar-26 16:24:01 - Last learning rate: [9.765625e-07]
15-Mar-26 16:24:01 - 	 Epoch 54...
15-Mar-26 16:24:11 - Epoch: [54][  99/1176]	Time  0.092 ( 0.094)	Data  0.000 ( 0.002)	Loss 0.0000e+00 (0.0000e+00)	Acc@1 100.00 (100.00)	Acc@5 100.00 (100.00)
15-Mar-26 16:24:20 - Epoch: [54][ 199/1176]	Time  0.088 ( 0.093)	Data  0.000 ( 0.001)	Loss 0.0000e+00 (0.0000e+00)	Acc@1 100.00 (100.00)	Acc@5 100.00 (100.00)
15-Mar-26 16:24:29 - Epoch: [54][ 299/1176]	Time  0.092 ( 0.093)	Data  0.000 ( 0.001)	Loss 0.0000e+00 (0.0000e+00)	Acc@1 100.00 (100.00)	Acc@5 100.00 (100.00)
15-Mar-26 16:24:38 - Epoch: [54][ 399/1176]	Time  0.104 ( 0.092)	Data  0.000 ( 0.001)	Loss 0.0000e+00 (0.0000e+00)	Acc@1 100.00 (100.00)	Acc@5 100.00 (100.00)
15-Mar-26 16:24:47 - Epoch: [54][ 499/1176]	Time  0.090 ( 0.092)	Data  0.000 ( 0.001)	Loss 0.0000e+00 (0.0000e+00)	Acc@1 100.00 (100.00)	Acc@5 100.00 (100.00)
15-Mar-26 16:24:57 - Epoch: [54][ 599/1176]	Time  0.092 ( 0.092)	Data  0.000 ( 0.000)	Loss 0.0000e+00 (0.0000e+00)	Acc@1 100.00 (100.00)	Acc@5 100.00 (100.00)
15-Mar-26 16:25:06 - Epoch: [54][ 699/1176]	Time  0.094 ( 0.092)	Data  0.000 ( 0.000)	Loss 0.0000e+00 (0.0000e+00)	Acc@1 100.00 (100.00)	Acc@5 100.00 (100.00)
15-Mar-26 16:25:15 - Epoch: [54][ 799/1176]	Time  0.088 ( 0.092)	Data  0.000 ( 0.000)	Loss 0.0000e+00 (0.0000e+00)	Acc@1 100.00 (100.00)	Acc@5 100.00 (100.00)
15-Mar-26 16:25:24 - Epoch: [54][ 899/1176]	Time  0.089 ( 0.092)	Data  0.000 ( 0.000)	Loss 0.0000e+00 (0.0000e+00)	Acc@1 100.00 (100.00)	Acc@5 100.00 (100.00)
15-Mar-26 16:25:33 - Epoch: [54][ 999/1176]	Time  0.090 ( 0.092)	Data  0.000 ( 0.000)	Loss 0.0000e+00 (0.0000e+00)	Acc@1 100.00 (100.00)	Acc@5 100.00 (100.00)
15-Mar-26 16:25:42 - Epoch: [54][1099/1176]	Time  0.089 ( 0.092)	Data  0.000 ( 0.000)	Loss 0.0000e+00 (0.0000e+00)	Acc@1 100.00 (100.00)	Acc@5 100.00 (100.00)
15-Mar-26 16:25:49 -  @Training * Acc@1 100.000 Acc@5 100.000 Loss 0.000
15-Mar-26 16:25:49 - One training epoch latency: 107.7s | Avg Power: 231.5W | Energy: 24940.8192J
15-Mar-26 16:25:56 -  @Testing * Acc@1 94.792 Acc@5 99.306 Loss 1.258
15-Mar-26 16:25:56 - Best acc at epoch 54: 95.48611450195312
15-Mar-26 16:25:56 - Last learning rate: [9.765625e-07]
15-Mar-26 16:25:56 - 	 Epoch 55...
15-Mar-26 16:26:06 - Epoch: [55][  99/1176]	Time  0.091 ( 0.093)	Data  0.000 ( 0.002)	Loss 0.0000e+00 (0.0000e+00)	Acc@1 100.00 (100.00)	Acc@5 100.00 (100.00)
15-Mar-26 16:26:15 - Epoch: [55][ 199/1176]	Time  0.088 ( 0.092)	Data  0.001 ( 0.001)	Loss 0.0000e+00 (0.0000e+00)	Acc@1 100.00 (100.00)	Acc@5 100.00 (100.00)
15-Mar-26 16:26:24 - Epoch: [55][ 299/1176]	Time  0.087 ( 0.092)	Data  0.000 ( 0.001)	Loss 0.0000e+00 (0.0000e+00)	Acc@1 100.00 (100.00)	Acc@5 100.00 (100.00)
15-Mar-26 16:26:33 - Epoch: [55][ 399/1176]	Time  0.088 ( 0.092)	Data  0.000 ( 0.001)	Loss 0.0000e+00 (0.0000e+00)	Acc@1 100.00 (100.00)	Acc@5 100.00 (100.00)
15-Mar-26 16:26:42 - Epoch: [55][ 499/1176]	Time  0.102 ( 0.092)	Data  0.000 ( 0.001)	Loss 0.0000e+00 (0.0000e+00)	Acc@1 100.00 (100.00)	Acc@5 100.00 (100.00)
15-Mar-26 16:26:51 - Epoch: [55][ 599/1176]	Time  0.090 ( 0.092)	Data  0.000 ( 0.000)	Loss 0.0000e+00 (0.0000e+00)	Acc@1 100.00 (100.00)	Acc@5 100.00 (100.00)
15-Mar-26 16:27:01 - Epoch: [55][ 699/1176]	Time  0.092 ( 0.092)	Data  0.000 ( 0.000)	Loss 0.0000e+00 (0.0000e+00)	Acc@1 100.00 (100.00)	Acc@5 100.00 (100.00)
15-Mar-26 16:27:10 - Epoch: [55][ 799/1176]	Time  0.088 ( 0.092)	Data  0.001 ( 0.000)	Loss 0.0000e+00 (0.0000e+00)	Acc@1 100.00 (100.00)	Acc@5 100.00 (100.00)
15-Mar-26 16:27:19 - Epoch: [55][ 899/1176]	Time  0.091 ( 0.092)	Data  0.000 ( 0.000)	Loss 0.0000e+00 (0.0000e+00)	Acc@1 100.00 (100.00)	Acc@5 100.00 (100.00)
15-Mar-26 16:27:28 - Epoch: [55][ 999/1176]	Time  0.089 ( 0.092)	Data  0.000 ( 0.000)	Loss 0.0000e+00 (0.0000e+00)	Acc@1 100.00 (100.00)	Acc@5 100.00 (100.00)
15-Mar-26 16:27:37 - Epoch: [55][1099/1176]	Time  0.091 ( 0.092)	Data  0.000 ( 0.000)	Loss 0.0000e+00 (0.0000e+00)	Acc@1 100.00 (100.00)	Acc@5 100.00 (100.00)
15-Mar-26 16:27:44 -  @Training * Acc@1 100.000 Acc@5 100.000 Loss 0.000
15-Mar-26 16:27:44 - One training epoch latency: 107.7s | Avg Power: 232.1W | Energy: 24991.5907J
15-Mar-26 16:27:51 -  @Testing * Acc@1 94.792 Acc@5 99.306 Loss 1.297
15-Mar-26 16:27:51 - Best acc at epoch 55: 95.48611450195312
15-Mar-26 16:27:51 - Last learning rate: [9.765625e-07]
15-Mar-26 16:27:51 - 	 Epoch 56...
15-Mar-26 16:28:00 - Epoch: [56][  99/1176]	Time  0.090 ( 0.094)	Data  0.000 ( 0.002)	Loss 0.0000e+00 (0.0000e+00)	Acc@1 100.00 (100.00)	Acc@5 100.00 (100.00)
15-Mar-26 16:28:10 - Epoch: [56][ 199/1176]	Time  0.091 ( 0.093)	Data  0.000 ( 0.001)	Loss 0.0000e+00 (0.0000e+00)	Acc@1 100.00 (100.00)	Acc@5 100.00 (100.00)
15-Mar-26 16:28:19 - Epoch: [56][ 299/1176]	Time  0.088 ( 0.093)	Data  0.000 ( 0.001)	Loss 0.0000e+00 (0.0000e+00)	Acc@1 100.00 (100.00)	Acc@5 100.00 (100.00)
15-Mar-26 16:28:28 - Epoch: [56][ 399/1176]	Time  0.088 ( 0.092)	Data  0.000 ( 0.001)	Loss 0.0000e+00 (0.0000e+00)	Acc@1 100.00 (100.00)	Acc@5 100.00 (100.00)
15-Mar-26 16:28:37 - Epoch: [56][ 499/1176]	Time  0.091 ( 0.092)	Data  0.001 ( 0.001)	Loss 0.0000e+00 (0.0000e+00)	Acc@1 100.00 (100.00)	Acc@5 100.00 (100.00)
15-Mar-26 16:28:46 - Epoch: [56][ 599/1176]	Time  0.089 ( 0.092)	Data  0.000 ( 0.000)	Loss 0.0000e+00 (0.0000e+00)	Acc@1 100.00 (100.00)	Acc@5 100.00 (100.00)
15-Mar-26 16:28:55 - Epoch: [56][ 699/1176]	Time  0.090 ( 0.092)	Data  0.000 ( 0.000)	Loss 0.0000e+00 (0.0000e+00)	Acc@1 100.00 (100.00)	Acc@5 100.00 (100.00)
15-Mar-26 16:29:04 - Epoch: [56][ 799/1176]	Time  0.089 ( 0.092)	Data  0.000 ( 0.000)	Loss 0.0000e+00 (0.0000e+00)	Acc@1 100.00 (100.00)	Acc@5 100.00 (100.00)
15-Mar-26 16:29:14 - Epoch: [56][ 899/1176]	Time  0.088 ( 0.092)	Data  0.001 ( 0.000)	Loss 0.0000e+00 (0.0000e+00)	Acc@1 100.00 (100.00)	Acc@5 100.00 (100.00)
15-Mar-26 16:29:23 - Epoch: [56][ 999/1176]	Time  0.093 ( 0.092)	Data  0.000 ( 0.000)	Loss 0.0000e+00 (0.0000e+00)	Acc@1 100.00 (100.00)	Acc@5 100.00 (100.00)
15-Mar-26 16:29:32 - Epoch: [56][1099/1176]	Time  0.090 ( 0.092)	Data  0.000 ( 0.000)	Loss 0.0000e+00 (0.0000e+00)	Acc@1 100.00 (100.00)	Acc@5 100.00 (100.00)
15-Mar-26 16:29:39 -  @Training * Acc@1 100.000 Acc@5 100.000 Loss 0.000
15-Mar-26 16:29:39 - One training epoch latency: 107.8s | Avg Power: 231.7W | Energy: 24978.8856J
15-Mar-26 16:29:46 -  @Testing * Acc@1 95.139 Acc@5 99.653 Loss 1.260
15-Mar-26 16:29:46 - Best acc at epoch 56: 95.48611450195312
15-Mar-26 16:29:46 - Last learning rate: [9.765625e-07]
15-Mar-26 16:29:46 - 	 Epoch 57...
15-Mar-26 16:29:55 - Epoch: [57][  99/1176]	Time  0.091 ( 0.094)	Data  0.000 ( 0.002)	Loss 0.0000e+00 (0.0000e+00)	Acc@1 100.00 (100.00)	Acc@5 100.00 (100.00)
15-Mar-26 16:30:05 - Epoch: [57][ 199/1176]	Time  0.093 ( 0.093)	Data  0.001 ( 0.001)	Loss 0.0000e+00 (0.0000e+00)	Acc@1 100.00 (100.00)	Acc@5 100.00 (100.00)
15-Mar-26 16:30:14 - Epoch: [57][ 299/1176]	Time  0.090 ( 0.093)	Data  0.000 ( 0.001)	Loss 0.0000e+00 (0.0000e+00)	Acc@1 100.00 (100.00)	Acc@5 100.00 (100.00)
15-Mar-26 16:30:23 - Epoch: [57][ 399/1176]	Time  0.104 ( 0.093)	Data  0.000 ( 0.001)	Loss 0.0000e+00 (0.0000e+00)	Acc@1 100.00 (100.00)	Acc@5 100.00 (100.00)
15-Mar-26 16:30:32 - Epoch: [57][ 499/1176]	Time  0.091 ( 0.093)	Data  0.000 ( 0.001)	Loss 0.0000e+00 (0.0000e+00)	Acc@1 100.00 (100.00)	Acc@5 100.00 (100.00)
15-Mar-26 16:30:42 - Epoch: [57][ 599/1176]	Time  0.092 ( 0.092)	Data  0.000 ( 0.001)	Loss 0.0000e+00 (0.0000e+00)	Acc@1 100.00 (100.00)	Acc@5 100.00 (100.00)
15-Mar-26 16:30:51 - Epoch: [57][ 699/1176]	Time  0.088 ( 0.092)	Data  0.001 ( 0.001)	Loss 0.0000e+00 (0.0000e+00)	Acc@1 100.00 (100.00)	Acc@5 100.00 (100.00)
15-Mar-26 16:31:00 - Epoch: [57][ 799/1176]	Time  0.088 ( 0.092)	Data  0.000 ( 0.000)	Loss 0.0000e+00 (0.0000e+00)	Acc@1 100.00 (100.00)	Acc@5 100.00 (100.00)
15-Mar-26 16:31:09 - Epoch: [57][ 899/1176]	Time  0.089 ( 0.092)	Data  0.000 ( 0.001)	Loss 0.0000e+00 (0.0000e+00)	Acc@1 100.00 (100.00)	Acc@5 100.00 (100.00)
15-Mar-26 16:31:18 - Epoch: [57][ 999/1176]	Time  0.090 ( 0.092)	Data  0.000 ( 0.000)	Loss 0.0000e+00 (0.0000e+00)	Acc@1 100.00 (100.00)	Acc@5 100.00 (100.00)
15-Mar-26 16:31:27 - Epoch: [57][1099/1176]	Time  0.088 ( 0.092)	Data  0.000 ( 0.000)	Loss 0.0000e+00 (0.0000e+00)	Acc@1 100.00 (100.00)	Acc@5 100.00 (100.00)
15-Mar-26 16:31:34 -  @Training * Acc@1 100.000 Acc@5 100.000 Loss 0.000
15-Mar-26 16:31:34 - One training epoch latency: 107.9s | Avg Power: 229.4W | Energy: 24750.0320J
15-Mar-26 16:31:41 -  @Testing * Acc@1 95.139 Acc@5 99.306 Loss 1.323
15-Mar-26 16:31:41 - Best acc at epoch 57: 95.48611450195312
15-Mar-26 16:31:41 - Last learning rate: [9.765625e-07]
15-Mar-26 16:31:41 - 	 Epoch 58...
15-Mar-26 16:31:50 - Epoch: [58][  99/1176]	Time  0.092 ( 0.094)	Data  0.000 ( 0.002)	Loss 0.0000e+00 (0.0000e+00)	Acc@1 100.00 (100.00)	Acc@5 100.00 (100.00)
15-Mar-26 16:32:00 - Epoch: [58][ 199/1176]	Time  0.092 ( 0.093)	Data  0.000 ( 0.001)	Loss 0.0000e+00 (0.0000e+00)	Acc@1 100.00 (100.00)	Acc@5 100.00 (100.00)
15-Mar-26 16:32:09 - Epoch: [58][ 299/1176]	Time  0.090 ( 0.093)	Data  0.000 ( 0.001)	Loss 0.0000e+00 (0.0000e+00)	Acc@1 100.00 (100.00)	Acc@5 100.00 (100.00)
15-Mar-26 16:32:18 - Epoch: [58][ 399/1176]	Time  0.089 ( 0.093)	Data  0.000 ( 0.001)	Loss 0.0000e+00 (0.0000e+00)	Acc@1 100.00 (100.00)	Acc@5 100.00 (100.00)
15-Mar-26 16:32:27 - Epoch: [58][ 499/1176]	Time  0.104 ( 0.093)	Data  0.000 ( 0.001)	Loss 0.0000e+00 (0.0000e+00)	Acc@1 100.00 (100.00)	Acc@5 100.00 (100.00)
15-Mar-26 16:32:36 - Epoch: [58][ 599/1176]	Time  0.091 ( 0.092)	Data  0.000 ( 0.001)	Loss 0.0000e+00 (0.0000e+00)	Acc@1 100.00 (100.00)	Acc@5 100.00 (100.00)
15-Mar-26 16:32:45 - Epoch: [58][ 699/1176]	Time  0.089 ( 0.092)	Data  0.000 ( 0.000)	Loss 0.0000e+00 (0.0000e+00)	Acc@1 100.00 (100.00)	Acc@5 100.00 (100.00)
15-Mar-26 16:32:55 - Epoch: [58][ 799/1176]	Time  0.093 ( 0.092)	Data  0.000 ( 0.000)	Loss 0.0000e+00 (0.0000e+00)	Acc@1 100.00 (100.00)	Acc@5 100.00 (100.00)
15-Mar-26 16:33:04 - Epoch: [58][ 899/1176]	Time  0.090 ( 0.092)	Data  0.000 ( 0.000)	Loss 0.0000e+00 (0.0000e+00)	Acc@1 100.00 (100.00)	Acc@5 100.00 (100.00)
15-Mar-26 16:33:13 - Epoch: [58][ 999/1176]	Time  0.093 ( 0.092)	Data  0.001 ( 0.000)	Loss 0.0000e+00 (0.0000e+00)	Acc@1 100.00 (100.00)	Acc@5 100.00 (100.00)
15-Mar-26 16:33:22 - Epoch: [58][1099/1176]	Time  0.091 ( 0.092)	Data  0.000 ( 0.000)	Loss 0.0000e+00 (0.0000e+00)	Acc@1 100.00 (100.00)	Acc@5 100.00 (100.00)
15-Mar-26 16:33:29 -  @Training * Acc@1 100.000 Acc@5 100.000 Loss 0.000
15-Mar-26 16:33:29 - One training epoch latency: 108.0s | Avg Power: 232.0W | Energy: 25049.9333J
15-Mar-26 16:33:36 -  @Testing * Acc@1 94.792 Acc@5 99.653 Loss 1.347
15-Mar-26 16:33:36 - Best acc at epoch 58: 95.48611450195312
15-Mar-26 16:33:36 - Last learning rate: [4.8828125e-07]
15-Mar-26 16:33:36 - 	 Epoch 59...
15-Mar-26 16:33:46 - Epoch: [59][  99/1176]	Time  0.091 ( 0.093)	Data  0.001 ( 0.002)	Loss 0.0000e+00 (0.0000e+00)	Acc@1 100.00 (100.00)	Acc@5 100.00 (100.00)
15-Mar-26 16:33:55 - Epoch: [59][ 199/1176]	Time  0.090 ( 0.093)	Data  0.000 ( 0.001)	Loss 0.0000e+00 (0.0000e+00)	Acc@1 100.00 (100.00)	Acc@5 100.00 (100.00)
15-Mar-26 16:34:04 - Epoch: [59][ 299/1176]	Time  0.092 ( 0.092)	Data  0.000 ( 0.001)	Loss 0.0000e+00 (0.0000e+00)	Acc@1 100.00 (100.00)	Acc@5 100.00 (100.00)
15-Mar-26 16:34:13 - Epoch: [59][ 399/1176]	Time  0.098 ( 0.092)	Data  0.000 ( 0.001)	Loss 0.0000e+00 (0.0000e+00)	Acc@1 100.00 (100.00)	Acc@5 100.00 (100.00)
15-Mar-26 16:34:22 - Epoch: [59][ 499/1176]	Time  0.092 ( 0.092)	Data  0.000 ( 0.001)	Loss 0.0000e+00 (0.0000e+00)	Acc@1 100.00 (100.00)	Acc@5 100.00 (100.00)
15-Mar-26 16:34:32 - Epoch: [59][ 599/1176]	Time  0.089 ( 0.092)	Data  0.000 ( 0.000)	Loss 0.0000e+00 (0.0000e+00)	Acc@1 100.00 (100.00)	Acc@5 100.00 (100.00)
15-Mar-26 16:34:41 - Epoch: [59][ 699/1176]	Time  0.089 ( 0.092)	Data  0.000 ( 0.000)	Loss 0.0000e+00 (0.0000e+00)	Acc@1 100.00 (100.00)	Acc@5 100.00 (100.00)
15-Mar-26 16:34:50 - Epoch: [59][ 799/1176]	Time  0.091 ( 0.092)	Data  0.000 ( 0.000)	Loss 0.0000e+00 (0.0000e+00)	Acc@1 100.00 (100.00)	Acc@5 100.00 (100.00)
15-Mar-26 16:34:59 - Epoch: [59][ 899/1176]	Time  0.088 ( 0.092)	Data  0.000 ( 0.000)	Loss 0.0000e+00 (0.0000e+00)	Acc@1 100.00 (100.00)	Acc@5 100.00 (100.00)
15-Mar-26 16:35:08 - Epoch: [59][ 999/1176]	Time  0.091 ( 0.092)	Data  0.000 ( 0.000)	Loss 0.0000e+00 (0.0000e+00)	Acc@1 100.00 (100.00)	Acc@5 100.00 (100.00)
15-Mar-26 16:35:17 - Epoch: [59][1099/1176]	Time  0.091 ( 0.092)	Data  0.000 ( 0.000)	Loss 0.0000e+00 (0.0000e+00)	Acc@1 100.00 (100.00)	Acc@5 100.00 (100.00)
15-Mar-26 16:35:24 -  @Training * Acc@1 100.000 Acc@5 100.000 Loss 0.000
15-Mar-26 16:35:24 - One training epoch latency: 107.8s | Avg Power: 231.3W | Energy: 24937.7364J
15-Mar-26 16:35:31 -  @Testing * Acc@1 94.792 Acc@5 99.306 Loss 1.260
15-Mar-26 16:35:31 - Best acc at epoch 59: 95.48611450195312
15-Mar-26 16:35:31 - Last learning rate: [4.8828125e-07]
15-Mar-26 16:35:31 - 	 Epoch 60...
15-Mar-26 16:35:41 - Epoch: [60][  99/1176]	Time  0.090 ( 0.093)	Data  0.000 ( 0.002)	Loss 0.0000e+00 (0.0000e+00)	Acc@1 100.00 (100.00)	Acc@5 100.00 (100.00)
15-Mar-26 16:35:50 - Epoch: [60][ 199/1176]	Time  0.092 ( 0.092)	Data  0.000 ( 0.001)	Loss 0.0000e+00 (0.0000e+00)	Acc@1 100.00 (100.00)	Acc@5 100.00 (100.00)
15-Mar-26 16:35:59 - Epoch: [60][ 299/1176]	Time  0.091 ( 0.092)	Data  0.000 ( 0.001)	Loss 0.0000e+00 (0.0000e+00)	Acc@1 100.00 (100.00)	Acc@5 100.00 (100.00)
15-Mar-26 16:36:08 - Epoch: [60][ 399/1176]	Time  0.101 ( 0.092)	Data  0.000 ( 0.001)	Loss 0.0000e+00 (0.0000e+00)	Acc@1 100.00 (100.00)	Acc@5 100.00 (100.00)
15-Mar-26 16:36:17 - Epoch: [60][ 499/1176]	Time  0.090 ( 0.092)	Data  0.000 ( 0.000)	Loss 0.0000e+00 (0.0000e+00)	Acc@1 100.00 (100.00)	Acc@5 100.00 (100.00)
15-Mar-26 16:36:27 - Epoch: [60][ 599/1176]	Time  0.090 ( 0.092)	Data  0.000 ( 0.000)	Loss 0.0000e+00 (0.0000e+00)	Acc@1 100.00 (100.00)	Acc@5 100.00 (100.00)
15-Mar-26 16:36:36 - Epoch: [60][ 699/1176]	Time  0.090 ( 0.092)	Data  0.000 ( 0.000)	Loss 0.0000e+00 (0.0000e+00)	Acc@1 100.00 (100.00)	Acc@5 100.00 (100.00)
15-Mar-26 16:36:45 - Epoch: [60][ 799/1176]	Time  0.091 ( 0.092)	Data  0.000 ( 0.000)	Loss 0.0000e+00 (0.0000e+00)	Acc@1 100.00 (100.00)	Acc@5 100.00 (100.00)
15-Mar-26 16:36:54 - Epoch: [60][ 899/1176]	Time  0.090 ( 0.092)	Data  0.000 ( 0.000)	Loss 0.0000e+00 (0.0000e+00)	Acc@1 100.00 (100.00)	Acc@5 100.00 (100.00)
15-Mar-26 16:37:03 - Epoch: [60][ 999/1176]	Time  0.090 ( 0.092)	Data  0.000 ( 0.000)	Loss 0.0000e+00 (0.0000e+00)	Acc@1 100.00 (100.00)	Acc@5 100.00 (100.00)
15-Mar-26 16:37:12 - Epoch: [60][1099/1176]	Time  0.091 ( 0.092)	Data  0.001 ( 0.000)	Loss 0.0000e+00 (0.0000e+00)	Acc@1 100.00 (100.00)	Acc@5 100.00 (100.00)
15-Mar-26 16:37:19 -  @Training * Acc@1 100.000 Acc@5 100.000 Loss 0.000
15-Mar-26 16:37:19 - One training epoch latency: 107.7s | Avg Power: 230.9W | Energy: 24878.6713J
15-Mar-26 16:37:26 -  @Testing * Acc@1 95.139 Acc@5 99.306 Loss 1.283
15-Mar-26 16:37:26 - Best acc at epoch 60: 95.48611450195312
15-Mar-26 16:37:26 - Last learning rate: [4.8828125e-07]
15-Mar-26 16:37:26 - 	 Epoch 61...
15-Mar-26 16:37:36 - Epoch: [61][  99/1176]	Time  0.088 ( 0.094)	Data  0.000 ( 0.002)	Loss 0.0000e+00 (0.0000e+00)	Acc@1 100.00 (100.00)	Acc@5 100.00 (100.00)
15-Mar-26 16:37:45 - Epoch: [61][ 199/1176]	Time  0.092 ( 0.093)	Data  0.001 ( 0.001)	Loss 0.0000e+00 (0.0000e+00)	Acc@1 100.00 (100.00)	Acc@5 100.00 (100.00)
15-Mar-26 16:37:54 - Epoch: [61][ 299/1176]	Time  0.091 ( 0.093)	Data  0.000 ( 0.001)	Loss 0.0000e+00 (0.0000e+00)	Acc@1 100.00 (100.00)	Acc@5 100.00 (100.00)
15-Mar-26 16:38:03 - Epoch: [61][ 399/1176]	Time  0.091 ( 0.092)	Data  0.000 ( 0.001)	Loss 0.0000e+00 (0.0000e+00)	Acc@1 100.00 (100.00)	Acc@5 100.00 (100.00)
15-Mar-26 16:38:12 - Epoch: [61][ 499/1176]	Time  0.094 ( 0.092)	Data  0.000 ( 0.001)	Loss 0.0000e+00 (0.0000e+00)	Acc@1 100.00 (100.00)	Acc@5 100.00 (100.00)
15-Mar-26 16:38:21 - Epoch: [61][ 599/1176]	Time  0.093 ( 0.092)	Data  0.000 ( 0.000)	Loss 0.0000e+00 (0.0000e+00)	Acc@1 100.00 (100.00)	Acc@5 100.00 (100.00)
15-Mar-26 16:38:31 - Epoch: [61][ 699/1176]	Time  0.092 ( 0.092)	Data  0.000 ( 0.000)	Loss 0.0000e+00 (0.0000e+00)	Acc@1 100.00 (100.00)	Acc@5 100.00 (100.00)
15-Mar-26 16:38:40 - Epoch: [61][ 799/1176]	Time  0.091 ( 0.092)	Data  0.000 ( 0.000)	Loss 0.0000e+00 (0.0000e+00)	Acc@1 100.00 (100.00)	Acc@5 100.00 (100.00)
15-Mar-26 16:38:49 - Epoch: [61][ 899/1176]	Time  0.089 ( 0.092)	Data  0.000 ( 0.000)	Loss 0.0000e+00 (0.0000e+00)	Acc@1 100.00 (100.00)	Acc@5 100.00 (100.00)
15-Mar-26 16:38:58 - Epoch: [61][ 999/1176]	Time  0.094 ( 0.092)	Data  0.000 ( 0.000)	Loss 0.0000e+00 (0.0000e+00)	Acc@1 100.00 (100.00)	Acc@5 100.00 (100.00)
15-Mar-26 16:39:07 - Epoch: [61][1099/1176]	Time  0.090 ( 0.092)	Data  0.000 ( 0.000)	Loss 0.0000e+00 (0.0000e+00)	Acc@1 100.00 (100.00)	Acc@5 100.00 (100.00)
15-Mar-26 16:39:14 -  @Training * Acc@1 100.000 Acc@5 100.000 Loss 0.000
15-Mar-26 16:39:15 - One training epoch latency: 108.3s | Avg Power: 231.5W | Energy: 25085.8090J
15-Mar-26 16:39:22 -  @Testing * Acc@1 95.139 Acc@5 99.306 Loss 1.246
15-Mar-26 16:39:22 - Best acc at epoch 61: 95.48611450195312
15-Mar-26 16:39:22 - Last learning rate: [4.8828125e-07]
15-Mar-26 16:39:22 - 	 Epoch 62...
15-Mar-26 16:39:31 - Epoch: [62][  99/1176]	Time  0.091 ( 0.094)	Data  0.000 ( 0.002)	Loss 0.0000e+00 (0.0000e+00)	Acc@1 100.00 (100.00)	Acc@5 100.00 (100.00)
15-Mar-26 16:39:40 - Epoch: [62][ 199/1176]	Time  0.091 ( 0.093)	Data  0.000 ( 0.001)	Loss 0.0000e+00 (0.0000e+00)	Acc@1 100.00 (100.00)	Acc@5 100.00 (100.00)
15-Mar-26 16:39:49 - Epoch: [62][ 299/1176]	Time  0.088 ( 0.092)	Data  0.000 ( 0.001)	Loss 0.0000e+00 (0.0000e+00)	Acc@1 100.00 (100.00)	Acc@5 100.00 (100.00)
15-Mar-26 16:39:59 - Epoch: [62][ 399/1176]	Time  0.090 ( 0.092)	Data  0.001 ( 0.001)	Loss 0.0000e+00 (0.0000e+00)	Acc@1 100.00 (100.00)	Acc@5 100.00 (100.00)
15-Mar-26 16:40:08 - Epoch: [62][ 499/1176]	Time  0.092 ( 0.092)	Data  0.000 ( 0.001)	Loss 0.0000e+00 (0.0000e+00)	Acc@1 100.00 (100.00)	Acc@5 100.00 (100.00)
15-Mar-26 16:40:17 - Epoch: [62][ 599/1176]	Time  0.091 ( 0.092)	Data  0.000 ( 0.000)	Loss 0.0000e+00 (0.0000e+00)	Acc@1 100.00 (100.00)	Acc@5 100.00 (100.00)
15-Mar-26 16:40:26 - Epoch: [62][ 699/1176]	Time  0.088 ( 0.092)	Data  0.000 ( 0.000)	Loss 0.0000e+00 (0.0000e+00)	Acc@1 100.00 (100.00)	Acc@5 100.00 (100.00)
15-Mar-26 16:40:35 - Epoch: [62][ 799/1176]	Time  0.107 ( 0.092)	Data  0.000 ( 0.000)	Loss 0.0000e+00 (0.0000e+00)	Acc@1 100.00 (100.00)	Acc@5 100.00 (100.00)
15-Mar-26 16:40:44 - Epoch: [62][ 899/1176]	Time  0.090 ( 0.092)	Data  0.000 ( 0.000)	Loss 0.0000e+00 (0.0000e+00)	Acc@1 100.00 (100.00)	Acc@5 100.00 (100.00)
15-Mar-26 16:40:53 - Epoch: [62][ 999/1176]	Time  0.091 ( 0.092)	Data  0.000 ( 0.000)	Loss 0.0000e+00 (0.0000e+00)	Acc@1 100.00 (100.00)	Acc@5 100.00 (100.00)
15-Mar-26 16:41:03 - Epoch: [62][1099/1176]	Time  0.088 ( 0.092)	Data  0.001 ( 0.000)	Loss 0.0000e+00 (0.0000e+00)	Acc@1 100.00 (100.00)	Acc@5 100.00 (100.00)
15-Mar-26 16:41:10 -  @Training * Acc@1 100.000 Acc@5 100.000 Loss 0.000
15-Mar-26 16:41:10 - One training epoch latency: 107.9s | Avg Power: 231.7W | Energy: 24995.1887J
15-Mar-26 16:41:17 -  @Testing * Acc@1 95.139 Acc@5 99.653 Loss 1.289
15-Mar-26 16:41:17 - Best acc at epoch 62: 95.48611450195312
15-Mar-26 16:41:17 - Last learning rate: [4.8828125e-07]
15-Mar-26 16:41:17 - 	 Epoch 63...
15-Mar-26 16:41:26 - Epoch: [63][  99/1176]	Time  0.091 ( 0.094)	Data  0.000 ( 0.002)	Loss 0.0000e+00 (0.0000e+00)	Acc@1 100.00 (100.00)	Acc@5 100.00 (100.00)
15-Mar-26 16:41:35 - Epoch: [63][ 199/1176]	Time  0.089 ( 0.093)	Data  0.000 ( 0.001)	Loss 0.0000e+00 (0.0000e+00)	Acc@1 100.00 (100.00)	Acc@5 100.00 (100.00)
15-Mar-26 16:41:44 - Epoch: [63][ 299/1176]	Time  0.091 ( 0.093)	Data  0.000 ( 0.001)	Loss 0.0000e+00 (0.0000e+00)	Acc@1 100.00 (100.00)	Acc@5 100.00 (100.00)
15-Mar-26 16:41:54 - Epoch: [63][ 399/1176]	Time  0.090 ( 0.092)	Data  0.001 ( 0.001)	Loss 0.0000e+00 (0.0000e+00)	Acc@1 100.00 (100.00)	Acc@5 100.00 (100.00)
15-Mar-26 16:42:03 - Epoch: [63][ 499/1176]	Time  0.091 ( 0.092)	Data  0.000 ( 0.001)	Loss 0.0000e+00 (0.0000e+00)	Acc@1 100.00 (100.00)	Acc@5 100.00 (100.00)
15-Mar-26 16:42:12 - Epoch: [63][ 599/1176]	Time  0.095 ( 0.092)	Data  0.000 ( 0.001)	Loss 0.0000e+00 (0.0000e+00)	Acc@1 100.00 (100.00)	Acc@5 100.00 (100.00)
15-Mar-26 16:42:21 - Epoch: [63][ 699/1176]	Time  0.098 ( 0.092)	Data  0.000 ( 0.000)	Loss 0.0000e+00 (0.0000e+00)	Acc@1 100.00 (100.00)	Acc@5 100.00 (100.00)
15-Mar-26 16:42:30 - Epoch: [63][ 799/1176]	Time  0.091 ( 0.092)	Data  0.000 ( 0.000)	Loss 0.0000e+00 (0.0000e+00)	Acc@1 100.00 (100.00)	Acc@5 100.00 (100.00)
15-Mar-26 16:42:40 - Epoch: [63][ 899/1176]	Time  0.092 ( 0.092)	Data  0.000 ( 0.000)	Loss 0.0000e+00 (0.0000e+00)	Acc@1 100.00 (100.00)	Acc@5 100.00 (100.00)
15-Mar-26 16:42:49 - Epoch: [63][ 999/1176]	Time  0.091 ( 0.092)	Data  0.000 ( 0.000)	Loss 0.0000e+00 (0.0000e+00)	Acc@1 100.00 (100.00)	Acc@5 100.00 (100.00)
15-Mar-26 16:42:58 - Epoch: [63][1099/1176]	Time  0.092 ( 0.092)	Data  0.000 ( 0.000)	Loss 0.0000e+00 (0.0000e+00)	Acc@1 100.00 (100.00)	Acc@5 100.00 (100.00)
15-Mar-26 16:43:05 -  @Training * Acc@1 100.000 Acc@5 100.000 Loss 0.000
15-Mar-26 16:43:05 - One training epoch latency: 108.2s | Avg Power: 230.5W | Energy: 24944.5861J
15-Mar-26 16:43:12 -  @Testing * Acc@1 95.486 Acc@5 99.653 Loss 1.215
15-Mar-26 16:43:12 - Best acc at epoch 63: 95.48611450195312
15-Mar-26 16:43:12 - Last learning rate: [4.8828125e-07]
15-Mar-26 16:43:12 - 	 Epoch 64...
15-Mar-26 16:43:21 - Epoch: [64][  99/1176]	Time  0.089 ( 0.092)	Data  0.000 ( 0.002)	Loss 0.0000e+00 (0.0000e+00)	Acc@1 100.00 (100.00)	Acc@5 100.00 (100.00)
15-Mar-26 16:43:30 - Epoch: [64][ 199/1176]	Time  0.092 ( 0.092)	Data  0.000 ( 0.001)	Loss 0.0000e+00 (0.0000e+00)	Acc@1 100.00 (100.00)	Acc@5 100.00 (100.00)
15-Mar-26 16:43:40 - Epoch: [64][ 299/1176]	Time  0.088 ( 0.091)	Data  0.000 ( 0.001)	Loss 0.0000e+00 (0.0000e+00)	Acc@1 100.00 (100.00)	Acc@5 100.00 (100.00)
15-Mar-26 16:43:49 - Epoch: [64][ 399/1176]	Time  0.088 ( 0.091)	Data  0.000 ( 0.001)	Loss 0.0000e+00 (0.0000e+00)	Acc@1 100.00 (100.00)	Acc@5 100.00 (100.00)
15-Mar-26 16:43:58 - Epoch: [64][ 499/1176]	Time  0.088 ( 0.091)	Data  0.000 ( 0.001)	Loss 0.0000e+00 (0.0000e+00)	Acc@1 100.00 (100.00)	Acc@5 100.00 (100.00)
15-Mar-26 16:44:07 - Epoch: [64][ 599/1176]	Time  0.090 ( 0.091)	Data  0.001 ( 0.001)	Loss 0.0000e+00 (0.0000e+00)	Acc@1 100.00 (100.00)	Acc@5 100.00 (100.00)
15-Mar-26 16:44:16 - Epoch: [64][ 699/1176]	Time  0.088 ( 0.091)	Data  0.000 ( 0.001)	Loss 0.0000e+00 (0.0000e+00)	Acc@1 100.00 (100.00)	Acc@5 100.00 (100.00)
15-Mar-26 16:44:25 - Epoch: [64][ 799/1176]	Time  0.088 ( 0.091)	Data  0.000 ( 0.000)	Loss 0.0000e+00 (0.0000e+00)	Acc@1 100.00 (100.00)	Acc@5 100.00 (100.00)
15-Mar-26 16:44:34 - Epoch: [64][ 899/1176]	Time  0.089 ( 0.091)	Data  0.000 ( 0.000)	Loss 0.0000e+00 (0.0000e+00)	Acc@1 100.00 (100.00)	Acc@5 100.00 (100.00)
15-Mar-26 16:44:43 - Epoch: [64][ 999/1176]	Time  0.111 ( 0.091)	Data  0.004 ( 0.000)	Loss 0.0000e+00 (0.0000e+00)	Acc@1 100.00 (100.00)	Acc@5 100.00 (100.00)
15-Mar-26 16:44:52 - Epoch: [64][1099/1176]	Time  0.088 ( 0.091)	Data  0.000 ( 0.000)	Loss 0.0000e+00 (0.0000e+00)	Acc@1 100.00 (100.00)	Acc@5 100.00 (100.00)
15-Mar-26 16:44:59 -  @Training * Acc@1 100.000 Acc@5 100.000 Loss 0.000
15-Mar-26 16:45:00 - One training epoch latency: 107.1s | Avg Power: 234.1W | Energy: 25088.4559J
15-Mar-26 16:45:07 -  @Testing * Acc@1 95.486 Acc@5 99.653 Loss 1.257
15-Mar-26 16:45:07 - Best acc at epoch 64: 95.48611450195312
15-Mar-26 16:45:07 - Last learning rate: [2.44140625e-07]
15-Mar-26 16:45:07 - 	 Epoch 65...
15-Mar-26 16:45:16 - Epoch: [65][  99/1176]	Time  0.090 ( 0.093)	Data  0.000 ( 0.002)	Loss 0.0000e+00 (0.0000e+00)	Acc@1 100.00 (100.00)	Acc@5 100.00 (100.00)
15-Mar-26 16:45:25 - Epoch: [65][ 199/1176]	Time  0.088 ( 0.092)	Data  0.000 ( 0.001)	Loss 0.0000e+00 (0.0000e+00)	Acc@1 100.00 (100.00)	Acc@5 100.00 (100.00)
15-Mar-26 16:45:34 - Epoch: [65][ 299/1176]	Time  0.088 ( 0.092)	Data  0.000 ( 0.001)	Loss 0.0000e+00 (0.0000e+00)	Acc@1 100.00 (100.00)	Acc@5 100.00 (100.00)
15-Mar-26 16:45:43 - Epoch: [65][ 399/1176]	Time  0.090 ( 0.091)	Data  0.000 ( 0.001)	Loss 0.0000e+00 (0.0000e+00)	Acc@1 100.00 (100.00)	Acc@5 100.00 (100.00)
15-Mar-26 16:45:52 - Epoch: [65][ 499/1176]	Time  0.111 ( 0.091)	Data  0.001 ( 0.001)	Loss 0.0000e+00 (0.0000e+00)	Acc@1 100.00 (100.00)	Acc@5 100.00 (100.00)
15-Mar-26 16:46:01 - Epoch: [65][ 599/1176]	Time  0.088 ( 0.091)	Data  0.000 ( 0.001)	Loss 0.0000e+00 (0.0000e+00)	Acc@1 100.00 (100.00)	Acc@5 100.00 (100.00)
15-Mar-26 16:46:10 - Epoch: [65][ 699/1176]	Time  0.091 ( 0.091)	Data  0.000 ( 0.001)	Loss 0.0000e+00 (0.0000e+00)	Acc@1 100.00 (100.00)	Acc@5 100.00 (100.00)
15-Mar-26 16:46:19 - Epoch: [65][ 799/1176]	Time  0.089 ( 0.091)	Data  0.000 ( 0.001)	Loss 0.0000e+00 (0.0000e+00)	Acc@1 100.00 (100.00)	Acc@5 100.00 (100.00)
15-Mar-26 16:46:29 - Epoch: [65][ 899/1176]	Time  0.088 ( 0.091)	Data  0.000 ( 0.001)	Loss 0.0000e+00 (0.0000e+00)	Acc@1 100.00 (100.00)	Acc@5 100.00 (100.00)
15-Mar-26 16:46:38 - Epoch: [65][ 999/1176]	Time  0.088 ( 0.091)	Data  0.000 ( 0.000)	Loss 0.0000e+00 (0.0000e+00)	Acc@1 100.00 (100.00)	Acc@5 100.00 (100.00)
15-Mar-26 16:46:47 - Epoch: [65][1099/1176]	Time  0.089 ( 0.091)	Data  0.000 ( 0.000)	Loss 0.0000e+00 (0.0000e+00)	Acc@1 100.00 (100.00)	Acc@5 100.00 (100.00)
15-Mar-26 16:46:54 -  @Training * Acc@1 100.000 Acc@5 100.000 Loss 0.000
15-Mar-26 16:46:54 - One training epoch latency: 107.1s | Avg Power: 231.8W | Energy: 24833.2889J
15-Mar-26 16:47:01 -  @Testing * Acc@1 95.486 Acc@5 99.653 Loss 1.254
15-Mar-26 16:47:01 - Best acc at epoch 65: 95.48611450195312
15-Mar-26 16:47:01 - Last learning rate: [2.44140625e-07]
15-Mar-26 16:47:01 - 	 Epoch 66...
15-Mar-26 16:47:10 - Epoch: [66][  99/1176]	Time  0.091 ( 0.094)	Data  0.000 ( 0.002)	Loss 0.0000e+00 (0.0000e+00)	Acc@1 100.00 (100.00)	Acc@5 100.00 (100.00)
15-Mar-26 16:47:19 - Epoch: [66][ 199/1176]	Time  0.091 ( 0.093)	Data  0.001 ( 0.001)	Loss 0.0000e+00 (0.0000e+00)	Acc@1 100.00 (100.00)	Acc@5 100.00 (100.00)
15-Mar-26 16:47:29 - Epoch: [66][ 299/1176]	Time  0.091 ( 0.093)	Data  0.000 ( 0.001)	Loss 0.0000e+00 (0.0000e+00)	Acc@1 100.00 (100.00)	Acc@5 100.00 (100.00)
15-Mar-26 16:47:38 - Epoch: [66][ 399/1176]	Time  0.092 ( 0.092)	Data  0.000 ( 0.001)	Loss 0.0000e+00 (0.0000e+00)	Acc@1 100.00 (100.00)	Acc@5 100.00 (100.00)
15-Mar-26 16:47:47 - Epoch: [66][ 499/1176]	Time  0.089 ( 0.092)	Data  0.001 ( 0.001)	Loss 0.0000e+00 (0.0000e+00)	Acc@1 100.00 (100.00)	Acc@5 100.00 (100.00)
15-Mar-26 16:47:56 - Epoch: [66][ 599/1176]	Time  0.093 ( 0.092)	Data  0.000 ( 0.000)	Loss 0.0000e+00 (0.0000e+00)	Acc@1 100.00 (100.00)	Acc@5 100.00 (100.00)
15-Mar-26 16:48:05 - Epoch: [66][ 699/1176]	Time  0.092 ( 0.092)	Data  0.000 ( 0.000)	Loss 0.0000e+00 (0.0000e+00)	Acc@1 100.00 (100.00)	Acc@5 100.00 (100.00)
15-Mar-26 16:48:14 - Epoch: [66][ 799/1176]	Time  0.088 ( 0.092)	Data  0.000 ( 0.000)	Loss 0.0000e+00 (0.0000e+00)	Acc@1 100.00 (100.00)	Acc@5 100.00 (100.00)
15-Mar-26 16:48:23 - Epoch: [66][ 899/1176]	Time  0.092 ( 0.092)	Data  0.001 ( 0.000)	Loss 0.0000e+00 (0.0000e+00)	Acc@1 100.00 (100.00)	Acc@5 100.00 (100.00)
15-Mar-26 16:48:33 - Epoch: [66][ 999/1176]	Time  0.088 ( 0.092)	Data  0.001 ( 0.000)	Loss 0.0000e+00 (0.0000e+00)	Acc@1 100.00 (100.00)	Acc@5 100.00 (100.00)
15-Mar-26 16:48:42 - Epoch: [66][1099/1176]	Time  0.092 ( 0.092)	Data  0.000 ( 0.000)	Loss 0.0000e+00 (0.0000e+00)	Acc@1 100.00 (100.00)	Acc@5 100.00 (100.00)
15-Mar-26 16:48:49 -  @Training * Acc@1 100.000 Acc@5 100.000 Loss 0.000
15-Mar-26 16:48:49 - One training epoch latency: 108.0s | Avg Power: 230.8W | Energy: 24920.1634J
15-Mar-26 16:48:56 -  @Testing * Acc@1 95.139 Acc@5 99.653 Loss 1.258
15-Mar-26 16:48:56 - Best acc at epoch 66: 95.48611450195312
15-Mar-26 16:48:56 - Last learning rate: [2.44140625e-07]
15-Mar-26 16:48:56 - 	 Epoch 67...
15-Mar-26 16:49:05 - Epoch: [67][  99/1176]	Time  0.100 ( 0.093)	Data  0.000 ( 0.002)	Loss 0.0000e+00 (0.0000e+00)	Acc@1 100.00 (100.00)	Acc@5 100.00 (100.00)
15-Mar-26 16:49:14 - Epoch: [67][ 199/1176]	Time  0.091 ( 0.093)	Data  0.000 ( 0.001)	Loss 0.0000e+00 (0.0000e+00)	Acc@1 100.00 (100.00)	Acc@5 100.00 (100.00)
15-Mar-26 16:49:24 - Epoch: [67][ 299/1176]	Time  0.091 ( 0.093)	Data  0.000 ( 0.001)	Loss 0.0000e+00 (0.0000e+00)	Acc@1 100.00 (100.00)	Acc@5 100.00 (100.00)
15-Mar-26 16:49:33 - Epoch: [67][ 399/1176]	Time  0.091 ( 0.092)	Data  0.001 ( 0.001)	Loss 0.0000e+00 (0.0000e+00)	Acc@1 100.00 (100.00)	Acc@5 100.00 (100.00)
15-Mar-26 16:49:42 - Epoch: [67][ 499/1176]	Time  0.091 ( 0.092)	Data  0.000 ( 0.001)	Loss 0.0000e+00 (0.0000e+00)	Acc@1 100.00 (100.00)	Acc@5 100.00 (100.00)
15-Mar-26 16:49:51 - Epoch: [67][ 599/1176]	Time  0.093 ( 0.092)	Data  0.000 ( 0.000)	Loss 0.0000e+00 (0.0000e+00)	Acc@1 100.00 (100.00)	Acc@5 100.00 (100.00)
15-Mar-26 16:50:00 - Epoch: [67][ 699/1176]	Time  0.094 ( 0.092)	Data  0.000 ( 0.000)	Loss 0.0000e+00 (0.0000e+00)	Acc@1 100.00 (100.00)	Acc@5 100.00 (100.00)
15-Mar-26 16:50:09 - Epoch: [67][ 799/1176]	Time  0.090 ( 0.092)	Data  0.000 ( 0.000)	Loss 0.0000e+00 (0.0000e+00)	Acc@1 100.00 (100.00)	Acc@5 100.00 (100.00)
15-Mar-26 16:50:19 - Epoch: [67][ 899/1176]	Time  0.090 ( 0.092)	Data  0.000 ( 0.000)	Loss 0.0000e+00 (0.0000e+00)	Acc@1 100.00 (100.00)	Acc@5 100.00 (100.00)
15-Mar-26 16:50:28 - Epoch: [67][ 999/1176]	Time  0.092 ( 0.092)	Data  0.000 ( 0.000)	Loss 0.0000e+00 (0.0000e+00)	Acc@1 100.00 (100.00)	Acc@5 100.00 (100.00)
15-Mar-26 16:50:37 - Epoch: [67][1099/1176]	Time  0.091 ( 0.092)	Data  0.000 ( 0.000)	Loss 0.0000e+00 (0.0000e+00)	Acc@1 100.00 (100.00)	Acc@5 100.00 (100.00)
15-Mar-26 16:50:44 -  @Training * Acc@1 100.000 Acc@5 100.000 Loss 0.000
15-Mar-26 16:50:44 - One training epoch latency: 108.0s | Avg Power: 231.8W | Energy: 25042.2150J
15-Mar-26 16:50:51 -  @Testing * Acc@1 95.139 Acc@5 99.306 Loss 1.271
15-Mar-26 16:50:51 - Best acc at epoch 67: 95.48611450195312
15-Mar-26 16:50:51 - Last learning rate: [2.44140625e-07]
15-Mar-26 16:50:51 - 	 Epoch 68...
15-Mar-26 16:51:00 - Epoch: [68][  99/1176]	Time  0.091 ( 0.094)	Data  0.000 ( 0.002)	Loss 0.0000e+00 (0.0000e+00)	Acc@1 100.00 (100.00)	Acc@5 100.00 (100.00)
15-Mar-26 16:51:10 - Epoch: [68][ 199/1176]	Time  0.091 ( 0.093)	Data  0.000 ( 0.001)	Loss 0.0000e+00 (0.0000e+00)	Acc@1 100.00 (100.00)	Acc@5 100.00 (100.00)
15-Mar-26 16:51:19 - Epoch: [68][ 299/1176]	Time  0.092 ( 0.093)	Data  0.000 ( 0.001)	Loss 0.0000e+00 (0.0000e+00)	Acc@1 100.00 (100.00)	Acc@5 100.00 (100.00)
15-Mar-26 16:51:28 - Epoch: [68][ 399/1176]	Time  0.091 ( 0.092)	Data  0.000 ( 0.001)	Loss 0.0000e+00 (0.0000e+00)	Acc@1 100.00 (100.00)	Acc@5 100.00 (100.00)
15-Mar-26 16:51:37 - Epoch: [68][ 499/1176]	Time  0.092 ( 0.092)	Data  0.000 ( 0.001)	Loss 0.0000e+00 (0.0000e+00)	Acc@1 100.00 (100.00)	Acc@5 100.00 (100.00)
15-Mar-26 16:51:46 - Epoch: [68][ 599/1176]	Time  0.093 ( 0.092)	Data  0.000 ( 0.000)	Loss 0.0000e+00 (0.0000e+00)	Acc@1 100.00 (100.00)	Acc@5 100.00 (100.00)
15-Mar-26 16:51:55 - Epoch: [68][ 699/1176]	Time  0.088 ( 0.092)	Data  0.000 ( 0.000)	Loss 0.0000e+00 (0.0000e+00)	Acc@1 100.00 (100.00)	Acc@5 100.00 (100.00)
15-Mar-26 16:52:05 - Epoch: [68][ 799/1176]	Time  0.090 ( 0.092)	Data  0.000 ( 0.000)	Loss 0.0000e+00 (0.0000e+00)	Acc@1 100.00 (100.00)	Acc@5 100.00 (100.00)
15-Mar-26 16:52:14 - Epoch: [68][ 899/1176]	Time  0.089 ( 0.092)	Data  0.001 ( 0.000)	Loss 0.0000e+00 (0.0000e+00)	Acc@1 100.00 (100.00)	Acc@5 100.00 (100.00)
15-Mar-26 16:52:23 - Epoch: [68][ 999/1176]	Time  0.092 ( 0.092)	Data  0.000 ( 0.000)	Loss 0.0000e+00 (0.0000e+00)	Acc@1 100.00 (100.00)	Acc@5 100.00 (100.00)
15-Mar-26 16:52:32 - Epoch: [68][1099/1176]	Time  0.091 ( 0.092)	Data  0.000 ( 0.000)	Loss 0.0000e+00 (0.0000e+00)	Acc@1 100.00 (100.00)	Acc@5 100.00 (100.00)
15-Mar-26 16:52:39 -  @Training * Acc@1 100.000 Acc@5 100.000 Loss 0.000
15-Mar-26 16:52:39 - One training epoch latency: 108.0s | Avg Power: 230.4W | Energy: 24881.6368J
15-Mar-26 16:52:46 -  @Testing * Acc@1 95.486 Acc@5 99.653 Loss 1.260
15-Mar-26 16:52:46 - Best acc at epoch 68: 95.48611450195312
15-Mar-26 16:52:46 - Last learning rate: [2.44140625e-07]
15-Mar-26 16:52:46 - 	 Epoch 69...
15-Mar-26 16:52:55 - Epoch: [69][  99/1176]	Time  0.091 ( 0.093)	Data  0.000 ( 0.001)	Loss 0.0000e+00 (0.0000e+00)	Acc@1 100.00 (100.00)	Acc@5 100.00 (100.00)
15-Mar-26 16:53:05 - Epoch: [69][ 199/1176]	Time  0.088 ( 0.092)	Data  0.000 ( 0.001)	Loss 0.0000e+00 (0.0000e+00)	Acc@1 100.00 (100.00)	Acc@5 100.00 (100.00)
15-Mar-26 16:53:14 - Epoch: [69][ 299/1176]	Time  0.092 ( 0.092)	Data  0.000 ( 0.001)	Loss 0.0000e+00 (0.0000e+00)	Acc@1 100.00 (100.00)	Acc@5 100.00 (100.00)
15-Mar-26 16:53:23 - Epoch: [69][ 399/1176]	Time  0.091 ( 0.091)	Data  0.000 ( 0.001)	Loss 0.0000e+00 (0.0000e+00)	Acc@1 100.00 (100.00)	Acc@5 100.00 (100.00)
15-Mar-26 16:53:32 - Epoch: [69][ 499/1176]	Time  0.088 ( 0.091)	Data  0.000 ( 0.001)	Loss 0.0000e+00 (0.0000e+00)	Acc@1 100.00 (100.00)	Acc@5 100.00 (100.00)
15-Mar-26 16:53:41 - Epoch: [69][ 599/1176]	Time  0.091 ( 0.091)	Data  0.000 ( 0.000)	Loss 0.0000e+00 (0.0000e+00)	Acc@1 100.00 (100.00)	Acc@5 100.00 (100.00)
15-Mar-26 16:53:50 - Epoch: [69][ 699/1176]	Time  0.089 ( 0.091)	Data  0.000 ( 0.000)	Loss 0.0000e+00 (0.0000e+00)	Acc@1 100.00 (100.00)	Acc@5 100.00 (100.00)
15-Mar-26 16:53:59 - Epoch: [69][ 799/1176]	Time  0.090 ( 0.091)	Data  0.000 ( 0.000)	Loss 0.0000e+00 (0.0000e+00)	Acc@1 100.00 (100.00)	Acc@5 100.00 (100.00)
15-Mar-26 16:54:08 - Epoch: [69][ 899/1176]	Time  0.088 ( 0.091)	Data  0.000 ( 0.000)	Loss 0.0000e+00 (0.0000e+00)	Acc@1 100.00 (100.00)	Acc@5 100.00 (100.00)
15-Mar-26 16:54:17 - Epoch: [69][ 999/1176]	Time  0.111 ( 0.091)	Data  0.005 ( 0.000)	Loss 0.0000e+00 (0.0000e+00)	Acc@1 100.00 (100.00)	Acc@5 100.00 (100.00)
15-Mar-26 16:54:26 - Epoch: [69][1099/1176]	Time  0.091 ( 0.091)	Data  0.000 ( 0.000)	Loss 0.0000e+00 (0.0000e+00)	Acc@1 100.00 (100.00)	Acc@5 100.00 (100.00)
15-Mar-26 16:54:33 -  @Training * Acc@1 100.000 Acc@5 100.000 Loss 0.000
15-Mar-26 16:54:33 - One training epoch latency: 107.2s | Avg Power: 232.9W | Energy: 24960.1912J
15-Mar-26 16:54:41 -  @Testing * Acc@1 94.792 Acc@5 99.653 Loss 1.242
15-Mar-26 16:54:41 - Best acc at epoch 69: 95.48611450195312
15-Mar-26 16:54:41 - Last learning rate: [2.44140625e-07]
15-Mar-26 16:54:41 - 	 Epoch 70...
15-Mar-26 16:54:50 - Epoch: [70][  99/1176]	Time  0.091 ( 0.094)	Data  0.000 ( 0.002)	Loss 0.0000e+00 (0.0000e+00)	Acc@1 100.00 (100.00)	Acc@5 100.00 (100.00)
15-Mar-26 16:54:59 - Epoch: [70][ 199/1176]	Time  0.092 ( 0.093)	Data  0.000 ( 0.001)	Loss 0.0000e+00 (0.0000e+00)	Acc@1 100.00 (100.00)	Acc@5 100.00 (100.00)
15-Mar-26 16:55:08 - Epoch: [70][ 299/1176]	Time  0.088 ( 0.093)	Data  0.001 ( 0.001)	Loss 0.0000e+00 (0.0000e+00)	Acc@1 100.00 (100.00)	Acc@5 100.00 (100.00)
15-Mar-26 16:55:17 - Epoch: [70][ 399/1176]	Time  0.089 ( 0.092)	Data  0.000 ( 0.001)	Loss 0.0000e+00 (0.0000e+00)	Acc@1 100.00 (100.00)	Acc@5 100.00 (100.00)
15-Mar-26 16:55:26 - Epoch: [70][ 499/1176]	Time  0.088 ( 0.092)	Data  0.000 ( 0.001)	Loss 0.0000e+00 (0.0000e+00)	Acc@1 100.00 (100.00)	Acc@5 100.00 (100.00)
15-Mar-26 16:55:35 - Epoch: [70][ 599/1176]	Time  0.089 ( 0.092)	Data  0.000 ( 0.001)	Loss 0.0000e+00 (0.0000e+00)	Acc@1 100.00 (100.00)	Acc@5 100.00 (100.00)
15-Mar-26 16:55:45 - Epoch: [70][ 699/1176]	Time  0.091 ( 0.091)	Data  0.000 ( 0.001)	Loss 0.0000e+00 (0.0000e+00)	Acc@1 100.00 (100.00)	Acc@5 100.00 (100.00)
15-Mar-26 16:55:54 - Epoch: [70][ 799/1176]	Time  0.088 ( 0.091)	Data  0.000 ( 0.000)	Loss 0.0000e+00 (0.0000e+00)	Acc@1 100.00 (100.00)	Acc@5 100.00 (100.00)
15-Mar-26 16:56:03 - Epoch: [70][ 899/1176]	Time  0.088 ( 0.091)	Data  0.000 ( 0.000)	Loss 0.0000e+00 (0.0000e+00)	Acc@1 100.00 (100.00)	Acc@5 100.00 (100.00)
15-Mar-26 16:56:12 - Epoch: [70][ 999/1176]	Time  0.089 ( 0.091)	Data  0.001 ( 0.000)	Loss 0.0000e+00 (0.0000e+00)	Acc@1 100.00 (100.00)	Acc@5 100.00 (100.00)
15-Mar-26 16:56:21 - Epoch: [70][1099/1176]	Time  0.088 ( 0.091)	Data  0.000 ( 0.000)	Loss 0.0000e+00 (0.0000e+00)	Acc@1 100.00 (100.00)	Acc@5 100.00 (100.00)
15-Mar-26 16:56:28 -  @Training * Acc@1 100.000 Acc@5 100.000 Loss 0.000
15-Mar-26 16:56:28 - One training epoch latency: 107.2s | Avg Power: 233.2W | Energy: 25009.1700J
15-Mar-26 16:56:35 -  @Testing * Acc@1 95.486 Acc@5 99.653 Loss 1.257
15-Mar-26 16:56:35 - Best acc at epoch 70: 95.48611450195312
15-Mar-26 16:56:35 - Last learning rate: [1.220703125e-07]
15-Mar-26 16:56:35 - 	 Epoch 71...
15-Mar-26 16:56:44 - Epoch: [71][  99/1176]	Time  0.091 ( 0.093)	Data  0.000 ( 0.002)	Loss 0.0000e+00 (0.0000e+00)	Acc@1 100.00 (100.00)	Acc@5 100.00 (100.00)
15-Mar-26 16:56:53 - Epoch: [71][ 199/1176]	Time  0.092 ( 0.092)	Data  0.001 ( 0.001)	Loss 0.0000e+00 (0.0000e+00)	Acc@1 100.00 (100.00)	Acc@5 100.00 (100.00)
15-Mar-26 16:57:03 - Epoch: [71][ 299/1176]	Time  0.092 ( 0.092)	Data  0.000 ( 0.001)	Loss 0.0000e+00 (0.0000e+00)	Acc@1 100.00 (100.00)	Acc@5 100.00 (100.00)
15-Mar-26 16:57:12 - Epoch: [71][ 399/1176]	Time  0.090 ( 0.092)	Data  0.000 ( 0.001)	Loss 0.0000e+00 (0.0000e+00)	Acc@1 100.00 (100.00)	Acc@5 100.00 (100.00)
15-Mar-26 16:57:21 - Epoch: [71][ 499/1176]	Time  0.092 ( 0.092)	Data  0.000 ( 0.001)	Loss 0.0000e+00 (0.0000e+00)	Acc@1 100.00 (100.00)	Acc@5 100.00 (100.00)
15-Mar-26 16:57:30 - Epoch: [71][ 599/1176]	Time  0.099 ( 0.092)	Data  0.000 ( 0.001)	Loss 0.0000e+00 (0.0000e+00)	Acc@1 100.00 (100.00)	Acc@5 100.00 (100.00)
15-Mar-26 16:57:39 - Epoch: [71][ 699/1176]	Time  0.090 ( 0.092)	Data  0.000 ( 0.000)	Loss 0.0000e+00 (0.0000e+00)	Acc@1 100.00 (100.00)	Acc@5 100.00 (100.00)
15-Mar-26 16:57:48 - Epoch: [71][ 799/1176]	Time  0.088 ( 0.092)	Data  0.000 ( 0.000)	Loss 0.0000e+00 (0.0000e+00)	Acc@1 100.00 (100.00)	Acc@5 100.00 (100.00)
15-Mar-26 16:57:58 - Epoch: [71][ 899/1176]	Time  0.091 ( 0.092)	Data  0.000 ( 0.000)	Loss 0.0000e+00 (0.0000e+00)	Acc@1 100.00 (100.00)	Acc@5 100.00 (100.00)
15-Mar-26 16:58:07 - Epoch: [71][ 999/1176]	Time  0.087 ( 0.092)	Data  0.000 ( 0.000)	Loss 0.0000e+00 (0.0000e+00)	Acc@1 100.00 (100.00)	Acc@5 100.00 (100.00)
15-Mar-26 16:58:16 - Epoch: [71][1099/1176]	Time  0.091 ( 0.092)	Data  0.000 ( 0.000)	Loss 0.0000e+00 (0.0000e+00)	Acc@1 100.00 (100.00)	Acc@5 100.00 (100.00)
15-Mar-26 16:58:23 -  @Training * Acc@1 100.000 Acc@5 100.000 Loss 0.000
15-Mar-26 16:58:23 - One training epoch latency: 107.9s | Avg Power: 230.4W | Energy: 24863.5144J
15-Mar-26 16:58:30 -  @Testing * Acc@1 95.486 Acc@5 99.653 Loss 1.270
15-Mar-26 16:58:30 - Best acc at epoch 71: 95.48611450195312
15-Mar-26 16:58:30 - Last learning rate: [1.220703125e-07]
15-Mar-26 16:58:30 - 	 Epoch 72...
15-Mar-26 16:58:39 - Epoch: [72][  99/1176]	Time  0.091 ( 0.093)	Data  0.000 ( 0.002)	Loss 0.0000e+00 (0.0000e+00)	Acc@1 100.00 (100.00)	Acc@5 100.00 (100.00)
15-Mar-26 16:58:49 - Epoch: [72][ 199/1176]	Time  0.092 ( 0.093)	Data  0.001 ( 0.001)	Loss 0.0000e+00 (0.0000e+00)	Acc@1 100.00 (100.00)	Acc@5 100.00 (100.00)
15-Mar-26 16:58:58 - Epoch: [72][ 299/1176]	Time  0.088 ( 0.092)	Data  0.000 ( 0.001)	Loss 0.0000e+00 (0.0000e+00)	Acc@1 100.00 (100.00)	Acc@5 100.00 (100.00)
15-Mar-26 16:59:07 - Epoch: [72][ 399/1176]	Time  0.089 ( 0.092)	Data  0.000 ( 0.001)	Loss 0.0000e+00 (0.0000e+00)	Acc@1 100.00 (100.00)	Acc@5 100.00 (100.00)
15-Mar-26 16:59:16 - Epoch: [72][ 499/1176]	Time  0.092 ( 0.092)	Data  0.000 ( 0.001)	Loss 0.0000e+00 (0.0000e+00)	Acc@1 100.00 (100.00)	Acc@5 100.00 (100.00)
15-Mar-26 16:59:25 - Epoch: [72][ 599/1176]	Time  0.090 ( 0.092)	Data  0.000 ( 0.000)	Loss 0.0000e+00 (0.0000e+00)	Acc@1 100.00 (100.00)	Acc@5 100.00 (100.00)
15-Mar-26 16:59:34 - Epoch: [72][ 699/1176]	Time  0.088 ( 0.092)	Data  0.000 ( 0.000)	Loss 0.0000e+00 (0.0000e+00)	Acc@1 100.00 (100.00)	Acc@5 100.00 (100.00)
15-Mar-26 16:59:43 - Epoch: [72][ 799/1176]	Time  0.088 ( 0.092)	Data  0.000 ( 0.000)	Loss 0.0000e+00 (0.0000e+00)	Acc@1 100.00 (100.00)	Acc@5 100.00 (100.00)
15-Mar-26 16:59:53 - Epoch: [72][ 899/1176]	Time  0.088 ( 0.092)	Data  0.000 ( 0.000)	Loss 0.0000e+00 (0.0000e+00)	Acc@1 100.00 (100.00)	Acc@5 100.00 (100.00)
15-Mar-26 17:00:02 - Epoch: [72][ 999/1176]	Time  0.090 ( 0.092)	Data  0.001 ( 0.000)	Loss 0.0000e+00 (0.0000e+00)	Acc@1 100.00 (100.00)	Acc@5 100.00 (100.00)
15-Mar-26 17:00:11 - Epoch: [72][1099/1176]	Time  0.088 ( 0.092)	Data  0.000 ( 0.000)	Loss 0.0000e+00 (0.0000e+00)	Acc@1 100.00 (100.00)	Acc@5 100.00 (100.00)
15-Mar-26 17:00:18 -  @Training * Acc@1 100.000 Acc@5 100.000 Loss 0.000
15-Mar-26 17:00:18 - One training epoch latency: 107.7s | Avg Power: 232.8W | Energy: 25075.4764J
15-Mar-26 17:00:25 -  @Testing * Acc@1 95.486 Acc@5 99.653 Loss 1.265
15-Mar-26 17:00:25 - Best acc at epoch 72: 95.48611450195312
15-Mar-26 17:00:25 - Last learning rate: [1.220703125e-07]
15-Mar-26 17:00:25 - 	 Epoch 73...
15-Mar-26 17:00:34 - Epoch: [73][  99/1176]	Time  0.091 ( 0.092)	Data  0.000 ( 0.002)	Loss 0.0000e+00 (0.0000e+00)	Acc@1 100.00 (100.00)	Acc@5 100.00 (100.00)
15-Mar-26 17:00:43 - Epoch: [73][ 199/1176]	Time  0.093 ( 0.091)	Data  0.000 ( 0.001)	Loss 0.0000e+00 (0.0000e+00)	Acc@1 100.00 (100.00)	Acc@5 100.00 (100.00)
15-Mar-26 17:00:53 - Epoch: [73][ 299/1176]	Time  0.088 ( 0.091)	Data  0.000 ( 0.001)	Loss 0.0000e+00 (0.0000e+00)	Acc@1 100.00 (100.00)	Acc@5 100.00 (100.00)
15-Mar-26 17:01:02 - Epoch: [73][ 399/1176]	Time  0.089 ( 0.091)	Data  0.001 ( 0.001)	Loss 0.0000e+00 (0.0000e+00)	Acc@1 100.00 (100.00)	Acc@5 100.00 (100.00)
15-Mar-26 17:01:11 - Epoch: [73][ 499/1176]	Time  0.089 ( 0.091)	Data  0.000 ( 0.001)	Loss 0.0000e+00 (0.0000e+00)	Acc@1 100.00 (100.00)	Acc@5 100.00 (100.00)
15-Mar-26 17:01:20 - Epoch: [73][ 599/1176]	Time  0.092 ( 0.091)	Data  0.000 ( 0.001)	Loss 0.0000e+00 (0.0000e+00)	Acc@1 100.00 (100.00)	Acc@5 100.00 (100.00)
15-Mar-26 17:01:29 - Epoch: [73][ 699/1176]	Time  0.089 ( 0.091)	Data  0.000 ( 0.001)	Loss 0.0000e+00 (0.0000e+00)	Acc@1 100.00 (100.00)	Acc@5 100.00 (100.00)
15-Mar-26 17:01:38 - Epoch: [73][ 799/1176]	Time  0.088 ( 0.091)	Data  0.001 ( 0.001)	Loss 0.0000e+00 (0.0000e+00)	Acc@1 100.00 (100.00)	Acc@5 100.00 (100.00)
15-Mar-26 17:01:47 - Epoch: [73][ 899/1176]	Time  0.113 ( 0.091)	Data  0.001 ( 0.001)	Loss 0.0000e+00 (0.0000e+00)	Acc@1 100.00 (100.00)	Acc@5 100.00 (100.00)
15-Mar-26 17:01:56 - Epoch: [73][ 999/1176]	Time  0.088 ( 0.091)	Data  0.000 ( 0.001)	Loss 0.0000e+00 (0.0000e+00)	Acc@1 100.00 (100.00)	Acc@5 100.00 (100.00)
15-Mar-26 17:02:05 - Epoch: [73][1099/1176]	Time  0.088 ( 0.091)	Data  0.000 ( 0.000)	Loss 0.0000e+00 (0.0000e+00)	Acc@1 100.00 (100.00)	Acc@5 100.00 (100.00)
15-Mar-26 17:02:12 -  @Training * Acc@1 100.000 Acc@5 100.000 Loss 0.000
15-Mar-26 17:02:12 - One training epoch latency: 107.2s | Avg Power: 233.1W | Energy: 24988.7686J
15-Mar-26 17:02:19 -  @Testing * Acc@1 95.486 Acc@5 99.653 Loss 1.296
15-Mar-26 17:02:19 - Best acc at epoch 73: 95.48611450195312
15-Mar-26 17:02:20 - Last learning rate: [1.220703125e-07]
15-Mar-26 17:02:20 - 	 Epoch 74...
15-Mar-26 17:02:29 - Epoch: [74][  99/1176]	Time  0.090 ( 0.094)	Data  0.000 ( 0.002)	Loss 0.0000e+00 (0.0000e+00)	Acc@1 100.00 (100.00)	Acc@5 100.00 (100.00)
15-Mar-26 17:02:38 - Epoch: [74][ 199/1176]	Time  0.088 ( 0.093)	Data  0.000 ( 0.001)	Loss 0.0000e+00 (0.0000e+00)	Acc@1 100.00 (100.00)	Acc@5 100.00 (100.00)
15-Mar-26 17:02:47 - Epoch: [74][ 299/1176]	Time  0.089 ( 0.092)	Data  0.000 ( 0.001)	Loss 0.0000e+00 (0.0000e+00)	Acc@1 100.00 (100.00)	Acc@5 100.00 (100.00)
15-Mar-26 17:02:56 - Epoch: [74][ 399/1176]	Time  0.088 ( 0.092)	Data  0.000 ( 0.001)	Loss 0.0000e+00 (0.0000e+00)	Acc@1 100.00 (100.00)	Acc@5 100.00 (100.00)
15-Mar-26 17:03:06 - Epoch: [74][ 499/1176]	Time  0.091 ( 0.092)	Data  0.000 ( 0.001)	Loss 0.0000e+00 (0.0000e+00)	Acc@1 100.00 (100.00)	Acc@5 100.00 (100.00)
15-Mar-26 17:03:15 - Epoch: [74][ 599/1176]	Time  0.091 ( 0.092)	Data  0.000 ( 0.000)	Loss 0.0000e+00 (0.0000e+00)	Acc@1 100.00 (100.00)	Acc@5 100.00 (100.00)
15-Mar-26 17:03:24 - Epoch: [74][ 699/1176]	Time  0.088 ( 0.092)	Data  0.001 ( 0.000)	Loss 0.0000e+00 (0.0000e+00)	Acc@1 100.00 (100.00)	Acc@5 100.00 (100.00)
15-Mar-26 17:03:33 - Epoch: [74][ 799/1176]	Time  0.092 ( 0.092)	Data  0.000 ( 0.000)	Loss 0.0000e+00 (0.0000e+00)	Acc@1 100.00 (100.00)	Acc@5 100.00 (100.00)
15-Mar-26 17:03:42 - Epoch: [74][ 899/1176]	Time  0.088 ( 0.092)	Data  0.000 ( 0.000)	Loss 0.0000e+00 (0.0000e+00)	Acc@1 100.00 (100.00)	Acc@5 100.00 (100.00)
15-Mar-26 17:03:51 - Epoch: [74][ 999/1176]	Time  0.088 ( 0.091)	Data  0.000 ( 0.000)	Loss 0.0000e+00 (0.0000e+00)	Acc@1 100.00 (100.00)	Acc@5 100.00 (100.00)
15-Mar-26 17:04:00 - Epoch: [74][1099/1176]	Time  0.112 ( 0.091)	Data  0.000 ( 0.000)	Loss 0.0000e+00 (0.0000e+00)	Acc@1 100.00 (100.00)	Acc@5 100.00 (100.00)
15-Mar-26 17:04:07 -  @Training * Acc@1 100.000 Acc@5 100.000 Loss 0.000
15-Mar-26 17:04:07 - One training epoch latency: 107.6s | Avg Power: 231.5W | Energy: 24905.0603J
15-Mar-26 17:04:14 -  @Testing * Acc@1 95.486 Acc@5 99.653 Loss 1.290
15-Mar-26 17:04:14 - Best acc at epoch 74: 95.48611450195312
15-Mar-26 17:04:14 - Last learning rate: [1.220703125e-07]
15-Mar-26 17:04:14 - 	 Epoch 75...
15-Mar-26 17:04:24 - Epoch: [75][  99/1176]	Time  0.091 ( 0.093)	Data  0.000 ( 0.002)	Loss 0.0000e+00 (0.0000e+00)	Acc@1 100.00 (100.00)	Acc@5 100.00 (100.00)
15-Mar-26 17:04:33 - Epoch: [75][ 199/1176]	Time  0.091 ( 0.092)	Data  0.000 ( 0.001)	Loss 0.0000e+00 (0.0000e+00)	Acc@1 100.00 (100.00)	Acc@5 100.00 (100.00)
15-Mar-26 17:04:42 - Epoch: [75][ 299/1176]	Time  0.092 ( 0.092)	Data  0.001 ( 0.001)	Loss 0.0000e+00 (0.0000e+00)	Acc@1 100.00 (100.00)	Acc@5 100.00 (100.00)
15-Mar-26 17:04:51 - Epoch: [75][ 399/1176]	Time  0.092 ( 0.092)	Data  0.000 ( 0.001)	Loss 0.0000e+00 (0.0000e+00)	Acc@1 100.00 (100.00)	Acc@5 100.00 (100.00)
15-Mar-26 17:05:00 - Epoch: [75][ 499/1176]	Time  0.088 ( 0.092)	Data  0.000 ( 0.000)	Loss 0.0000e+00 (0.0000e+00)	Acc@1 100.00 (100.00)	Acc@5 100.00 (100.00)
15-Mar-26 17:05:09 - Epoch: [75][ 599/1176]	Time  0.091 ( 0.092)	Data  0.000 ( 0.000)	Loss 0.0000e+00 (0.0000e+00)	Acc@1 100.00 (100.00)	Acc@5 100.00 (100.00)
15-Mar-26 17:05:19 - Epoch: [75][ 699/1176]	Time  0.091 ( 0.092)	Data  0.000 ( 0.000)	Loss 0.0000e+00 (0.0000e+00)	Acc@1 100.00 (100.00)	Acc@5 100.00 (100.00)
15-Mar-26 17:05:28 - Epoch: [75][ 799/1176]	Time  0.092 ( 0.092)	Data  0.001 ( 0.000)	Loss 0.0000e+00 (0.0000e+00)	Acc@1 100.00 (100.00)	Acc@5 100.00 (100.00)
15-Mar-26 17:05:37 - Epoch: [75][ 899/1176]	Time  0.092 ( 0.092)	Data  0.000 ( 0.000)	Loss 0.0000e+00 (0.0000e+00)	Acc@1 100.00 (100.00)	Acc@5 100.00 (100.00)
15-Mar-26 17:05:46 - Epoch: [75][ 999/1176]	Time  0.092 ( 0.092)	Data  0.000 ( 0.000)	Loss 0.0000e+00 (0.0000e+00)	Acc@1 100.00 (100.00)	Acc@5 100.00 (100.00)
15-Mar-26 17:05:55 - Epoch: [75][1099/1176]	Time  0.098 ( 0.092)	Data  0.000 ( 0.000)	Loss 0.0000e+00 (0.0000e+00)	Acc@1 100.00 (100.00)	Acc@5 100.00 (100.00)
15-Mar-26 17:06:02 -  @Training * Acc@1 100.000 Acc@5 100.000 Loss 0.000
15-Mar-26 17:06:02 - One training epoch latency: 107.9s | Avg Power: 232.0W | Energy: 25026.0734J
15-Mar-26 17:06:09 -  @Testing * Acc@1 95.486 Acc@5 99.653 Loss 1.257
15-Mar-26 17:06:09 - Best acc at epoch 75: 95.48611450195312
15-Mar-26 17:06:09 - Last learning rate: [1.220703125e-07]
15-Mar-26 17:06:09 - 	 Epoch 76...
15-Mar-26 17:06:19 - Epoch: [76][  99/1176]	Time  0.092 ( 0.093)	Data  0.000 ( 0.002)	Loss 0.0000e+00 (0.0000e+00)	Acc@1 100.00 (100.00)	Acc@5 100.00 (100.00)
15-Mar-26 17:06:28 - Epoch: [76][ 199/1176]	Time  0.093 ( 0.093)	Data  0.000 ( 0.001)	Loss 0.0000e+00 (0.0000e+00)	Acc@1 100.00 (100.00)	Acc@5 100.00 (100.00)
15-Mar-26 17:06:37 - Epoch: [76][ 299/1176]	Time  0.091 ( 0.092)	Data  0.000 ( 0.001)	Loss 0.0000e+00 (0.0000e+00)	Acc@1 100.00 (100.00)	Acc@5 100.00 (100.00)
15-Mar-26 17:06:46 - Epoch: [76][ 399/1176]	Time  0.091 ( 0.092)	Data  0.000 ( 0.001)	Loss 0.0000e+00 (0.0000e+00)	Acc@1 100.00 (100.00)	Acc@5 100.00 (100.00)
15-Mar-26 17:06:55 - Epoch: [76][ 499/1176]	Time  0.091 ( 0.092)	Data  0.000 ( 0.001)	Loss 0.0000e+00 (0.0000e+00)	Acc@1 100.00 (100.00)	Acc@5 100.00 (100.00)
15-Mar-26 17:07:04 - Epoch: [76][ 599/1176]	Time  0.089 ( 0.092)	Data  0.000 ( 0.000)	Loss 0.0000e+00 (0.0000e+00)	Acc@1 100.00 (100.00)	Acc@5 100.00 (100.00)
15-Mar-26 17:07:14 - Epoch: [76][ 699/1176]	Time  0.092 ( 0.092)	Data  0.000 ( 0.000)	Loss 0.0000e+00 (0.0000e+00)	Acc@1 100.00 (100.00)	Acc@5 100.00 (100.00)
15-Mar-26 17:07:23 - Epoch: [76][ 799/1176]	Time  0.091 ( 0.092)	Data  0.000 ( 0.000)	Loss 0.0000e+00 (0.0000e+00)	Acc@1 100.00 (100.00)	Acc@5 100.00 (100.00)
15-Mar-26 17:07:32 - Epoch: [76][ 899/1176]	Time  0.089 ( 0.092)	Data  0.000 ( 0.000)	Loss 0.0000e+00 (0.0000e+00)	Acc@1 100.00 (100.00)	Acc@5 100.00 (100.00)
15-Mar-26 17:07:41 - Epoch: [76][ 999/1176]	Time  0.089 ( 0.092)	Data  0.000 ( 0.000)	Loss 0.0000e+00 (0.0000e+00)	Acc@1 100.00 (100.00)	Acc@5 100.00 (100.00)
15-Mar-26 17:07:50 - Epoch: [76][1099/1176]	Time  0.089 ( 0.092)	Data  0.000 ( 0.000)	Loss 0.0000e+00 (0.0000e+00)	Acc@1 100.00 (100.00)	Acc@5 100.00 (100.00)
15-Mar-26 17:07:57 -  @Training * Acc@1 100.000 Acc@5 100.000 Loss 0.000
15-Mar-26 17:07:57 - One training epoch latency: 107.8s | Avg Power: 231.4W | Energy: 24947.5002J
15-Mar-26 17:08:04 -  @Testing * Acc@1 95.486 Acc@5 99.306 Loss 1.282
15-Mar-26 17:08:04 - Best acc at epoch 76: 95.48611450195312
15-Mar-26 17:08:04 - Last learning rate: [6.103515625e-08]
15-Mar-26 17:08:04 - 	 Epoch 77...
15-Mar-26 17:08:13 - Epoch: [77][  99/1176]	Time  0.090 ( 0.094)	Data  0.000 ( 0.002)	Loss 0.0000e+00 (0.0000e+00)	Acc@1 100.00 (100.00)	Acc@5 100.00 (100.00)
15-Mar-26 17:08:23 - Epoch: [77][ 199/1176]	Time  0.092 ( 0.093)	Data  0.000 ( 0.001)	Loss 0.0000e+00 (0.0000e+00)	Acc@1 100.00 (100.00)	Acc@5 100.00 (100.00)
15-Mar-26 17:08:32 - Epoch: [77][ 299/1176]	Time  0.094 ( 0.092)	Data  0.000 ( 0.001)	Loss 0.0000e+00 (0.0000e+00)	Acc@1 100.00 (100.00)	Acc@5 100.00 (100.00)
15-Mar-26 17:08:41 - Epoch: [77][ 399/1176]	Time  0.091 ( 0.092)	Data  0.000 ( 0.001)	Loss 0.0000e+00 (0.0000e+00)	Acc@1 100.00 (100.00)	Acc@5 100.00 (100.00)
15-Mar-26 17:08:50 - Epoch: [77][ 499/1176]	Time  0.096 ( 0.092)	Data  0.000 ( 0.001)	Loss 0.0000e+00 (0.0000e+00)	Acc@1 100.00 (100.00)	Acc@5 100.00 (100.00)
15-Mar-26 17:08:59 - Epoch: [77][ 599/1176]	Time  0.091 ( 0.092)	Data  0.000 ( 0.001)	Loss 0.0000e+00 (0.0000e+00)	Acc@1 100.00 (100.00)	Acc@5 100.00 (100.00)
15-Mar-26 17:09:09 - Epoch: [77][ 699/1176]	Time  0.087 ( 0.092)	Data  0.000 ( 0.000)	Loss 0.0000e+00 (0.0000e+00)	Acc@1 100.00 (100.00)	Acc@5 100.00 (100.00)
15-Mar-26 17:09:18 - Epoch: [77][ 799/1176]	Time  0.090 ( 0.092)	Data  0.001 ( 0.000)	Loss 0.0000e+00 (0.0000e+00)	Acc@1 100.00 (100.00)	Acc@5 100.00 (100.00)
15-Mar-26 17:09:27 - Epoch: [77][ 899/1176]	Time  0.091 ( 0.092)	Data  0.000 ( 0.000)	Loss 0.0000e+00 (0.0000e+00)	Acc@1 100.00 (100.00)	Acc@5 100.00 (100.00)
15-Mar-26 17:09:36 - Epoch: [77][ 999/1176]	Time  0.089 ( 0.092)	Data  0.000 ( 0.000)	Loss 0.0000e+00 (0.0000e+00)	Acc@1 100.00 (100.00)	Acc@5 100.00 (100.00)
15-Mar-26 17:09:45 - Epoch: [77][1099/1176]	Time  0.091 ( 0.092)	Data  0.001 ( 0.000)	Loss 0.0000e+00 (0.0000e+00)	Acc@1 100.00 (100.00)	Acc@5 100.00 (100.00)
15-Mar-26 17:09:52 -  @Training * Acc@1 100.000 Acc@5 100.000 Loss 0.000
15-Mar-26 17:09:52 - One training epoch latency: 107.8s | Avg Power: 231.5W | Energy: 24969.6818J
15-Mar-26 17:09:59 -  @Testing * Acc@1 95.486 Acc@5 99.653 Loss 1.257
15-Mar-26 17:09:59 - Best acc at epoch 77: 95.48611450195312
15-Mar-26 17:09:59 - Last learning rate: [6.103515625e-08]
15-Mar-26 17:09:59 - 	 Epoch 78...
15-Mar-26 17:10:08 - Epoch: [78][  99/1176]	Time  0.091 ( 0.094)	Data  0.000 ( 0.002)	Loss 0.0000e+00 (0.0000e+00)	Acc@1 100.00 (100.00)	Acc@5 100.00 (100.00)
15-Mar-26 17:10:18 - Epoch: [78][ 199/1176]	Time  0.090 ( 0.093)	Data  0.000 ( 0.001)	Loss 0.0000e+00 (0.0000e+00)	Acc@1 100.00 (100.00)	Acc@5 100.00 (100.00)
15-Mar-26 17:10:27 - Epoch: [78][ 299/1176]	Time  0.092 ( 0.093)	Data  0.000 ( 0.001)	Loss 0.0000e+00 (0.0000e+00)	Acc@1 100.00 (100.00)	Acc@5 100.00 (100.00)
15-Mar-26 17:10:36 - Epoch: [78][ 399/1176]	Time  0.091 ( 0.092)	Data  0.000 ( 0.001)	Loss 0.0000e+00 (0.0000e+00)	Acc@1 100.00 (100.00)	Acc@5 100.00 (100.00)
15-Mar-26 17:10:45 - Epoch: [78][ 499/1176]	Time  0.115 ( 0.092)	Data  0.000 ( 0.001)	Loss 0.0000e+00 (0.0000e+00)	Acc@1 100.00 (100.00)	Acc@5 100.00 (100.00)
15-Mar-26 17:10:54 - Epoch: [78][ 599/1176]	Time  0.089 ( 0.092)	Data  0.000 ( 0.001)	Loss 0.0000e+00 (0.0000e+00)	Acc@1 100.00 (100.00)	Acc@5 100.00 (100.00)
15-Mar-26 17:11:04 - Epoch: [78][ 699/1176]	Time  0.091 ( 0.092)	Data  0.000 ( 0.000)	Loss 0.0000e+00 (0.0000e+00)	Acc@1 100.00 (100.00)	Acc@5 100.00 (100.00)
15-Mar-26 17:11:13 - Epoch: [78][ 799/1176]	Time  0.092 ( 0.092)	Data  0.000 ( 0.000)	Loss 0.0000e+00 (0.0000e+00)	Acc@1 100.00 (100.00)	Acc@5 100.00 (100.00)
15-Mar-26 17:11:22 - Epoch: [78][ 899/1176]	Time  0.091 ( 0.092)	Data  0.000 ( 0.000)	Loss 0.0000e+00 (0.0000e+00)	Acc@1 100.00 (100.00)	Acc@5 100.00 (100.00)
15-Mar-26 17:11:31 - Epoch: [78][ 999/1176]	Time  0.089 ( 0.092)	Data  0.000 ( 0.000)	Loss 0.0000e+00 (0.0000e+00)	Acc@1 100.00 (100.00)	Acc@5 100.00 (100.00)
15-Mar-26 17:11:40 - Epoch: [78][1099/1176]	Time  0.089 ( 0.092)	Data  0.000 ( 0.000)	Loss 0.0000e+00 (0.0000e+00)	Acc@1 100.00 (100.00)	Acc@5 100.00 (100.00)
15-Mar-26 17:11:47 -  @Training * Acc@1 100.000 Acc@5 100.000 Loss 0.000
15-Mar-26 17:11:47 - One training epoch latency: 107.8s | Avg Power: 232.4W | Energy: 25050.9352J
15-Mar-26 17:11:54 -  @Testing * Acc@1 95.486 Acc@5 99.653 Loss 1.244
15-Mar-26 17:11:54 - Best acc at epoch 78: 95.48611450195312
15-Mar-26 17:11:54 - Last learning rate: [6.103515625e-08]
15-Mar-26 17:11:54 - 	 Epoch 79...
15-Mar-26 17:12:03 - Epoch: [79][  99/1176]	Time  0.091 ( 0.093)	Data  0.001 ( 0.002)	Loss 0.0000e+00 (0.0000e+00)	Acc@1 100.00 (100.00)	Acc@5 100.00 (100.00)
15-Mar-26 17:12:12 - Epoch: [79][ 199/1176]	Time  0.091 ( 0.092)	Data  0.000 ( 0.001)	Loss 0.0000e+00 (0.0000e+00)	Acc@1 100.00 (100.00)	Acc@5 100.00 (100.00)
15-Mar-26 17:12:22 - Epoch: [79][ 299/1176]	Time  0.091 ( 0.092)	Data  0.000 ( 0.001)	Loss 0.0000e+00 (0.0000e+00)	Acc@1 100.00 (100.00)	Acc@5 100.00 (100.00)
15-Mar-26 17:12:31 - Epoch: [79][ 399/1176]	Time  0.089 ( 0.092)	Data  0.000 ( 0.001)	Loss 0.0000e+00 (0.0000e+00)	Acc@1 100.00 (100.00)	Acc@5 100.00 (100.00)
15-Mar-26 17:12:40 - Epoch: [79][ 499/1176]	Time  0.089 ( 0.092)	Data  0.000 ( 0.001)	Loss 0.0000e+00 (0.0000e+00)	Acc@1 100.00 (100.00)	Acc@5 100.00 (100.00)
15-Mar-26 17:12:49 - Epoch: [79][ 599/1176]	Time  0.090 ( 0.092)	Data  0.000 ( 0.000)	Loss 0.0000e+00 (0.0000e+00)	Acc@1 100.00 (100.00)	Acc@5 100.00 (100.00)
15-Mar-26 17:12:58 - Epoch: [79][ 699/1176]	Time  0.092 ( 0.092)	Data  0.000 ( 0.000)	Loss 0.0000e+00 (0.0000e+00)	Acc@1 100.00 (100.00)	Acc@5 100.00 (100.00)
15-Mar-26 17:13:07 - Epoch: [79][ 799/1176]	Time  0.088 ( 0.092)	Data  0.000 ( 0.000)	Loss 0.0000e+00 (0.0000e+00)	Acc@1 100.00 (100.00)	Acc@5 100.00 (100.00)
15-Mar-26 17:13:16 - Epoch: [79][ 899/1176]	Time  0.088 ( 0.092)	Data  0.000 ( 0.000)	Loss 0.0000e+00 (0.0000e+00)	Acc@1 100.00 (100.00)	Acc@5 100.00 (100.00)
15-Mar-26 17:13:25 - Epoch: [79][ 999/1176]	Time  0.091 ( 0.092)	Data  0.000 ( 0.000)	Loss 0.0000e+00 (0.0000e+00)	Acc@1 100.00 (100.00)	Acc@5 100.00 (100.00)
15-Mar-26 17:13:35 - Epoch: [79][1099/1176]	Time  0.091 ( 0.092)	Data  0.000 ( 0.000)	Loss 0.0000e+00 (0.0000e+00)	Acc@1 100.00 (100.00)	Acc@5 100.00 (100.00)
15-Mar-26 17:13:42 -  @Training * Acc@1 100.000 Acc@5 100.000 Loss 0.000
15-Mar-26 17:13:42 - One training epoch latency: 107.6s | Avg Power: 231.5W | Energy: 24918.2294J
15-Mar-26 17:13:49 -  @Testing * Acc@1 95.486 Acc@5 99.306 Loss 1.253
15-Mar-26 17:13:49 - Best acc at epoch 79: 95.48611450195312
15-Mar-26 17:13:49 - Last learning rate: [6.103515625e-08]
15-Mar-26 17:13:49 - 	 Epoch 80...
15-Mar-26 17:13:58 - Epoch: [80][  99/1176]	Time  0.092 ( 0.094)	Data  0.001 ( 0.002)	Loss 0.0000e+00 (0.0000e+00)	Acc@1 100.00 (100.00)	Acc@5 100.00 (100.00)
15-Mar-26 17:14:07 - Epoch: [80][ 199/1176]	Time  0.108 ( 0.093)	Data  0.000 ( 0.001)	Loss 0.0000e+00 (0.0000e+00)	Acc@1 100.00 (100.00)	Acc@5 100.00 (100.00)
15-Mar-26 17:14:16 - Epoch: [80][ 299/1176]	Time  0.091 ( 0.092)	Data  0.001 ( 0.001)	Loss 0.0000e+00 (0.0000e+00)	Acc@1 100.00 (100.00)	Acc@5 100.00 (100.00)
15-Mar-26 17:14:26 - Epoch: [80][ 399/1176]	Time  0.090 ( 0.092)	Data  0.000 ( 0.001)	Loss 0.0000e+00 (0.0000e+00)	Acc@1 100.00 (100.00)	Acc@5 100.00 (100.00)
15-Mar-26 17:14:35 - Epoch: [80][ 499/1176]	Time  0.091 ( 0.092)	Data  0.000 ( 0.001)	Loss 0.0000e+00 (0.0000e+00)	Acc@1 100.00 (100.00)	Acc@5 100.00 (100.00)
15-Mar-26 17:14:44 - Epoch: [80][ 599/1176]	Time  0.093 ( 0.092)	Data  0.000 ( 0.001)	Loss 0.0000e+00 (0.0000e+00)	Acc@1 100.00 (100.00)	Acc@5 100.00 (100.00)
15-Mar-26 17:14:53 - Epoch: [80][ 699/1176]	Time  0.093 ( 0.092)	Data  0.000 ( 0.000)	Loss 0.0000e+00 (0.0000e+00)	Acc@1 100.00 (100.00)	Acc@5 100.00 (100.00)
15-Mar-26 17:15:02 - Epoch: [80][ 799/1176]	Time  0.102 ( 0.092)	Data  0.000 ( 0.000)	Loss 0.0000e+00 (0.0000e+00)	Acc@1 100.00 (100.00)	Acc@5 100.00 (100.00)
15-Mar-26 17:15:11 - Epoch: [80][ 899/1176]	Time  0.088 ( 0.092)	Data  0.001 ( 0.000)	Loss 0.0000e+00 (0.0000e+00)	Acc@1 100.00 (100.00)	Acc@5 100.00 (100.00)
15-Mar-26 17:15:20 - Epoch: [80][ 999/1176]	Time  0.091 ( 0.092)	Data  0.000 ( 0.000)	Loss 0.0000e+00 (0.0000e+00)	Acc@1 100.00 (100.00)	Acc@5 100.00 (100.00)
15-Mar-26 17:15:30 - Epoch: [80][1099/1176]	Time  0.089 ( 0.092)	Data  0.000 ( 0.000)	Loss 0.0000e+00 (0.0000e+00)	Acc@1 100.00 (100.00)	Acc@5 100.00 (100.00)
15-Mar-26 17:15:37 -  @Training * Acc@1 100.000 Acc@5 100.000 Loss 0.000
15-Mar-26 17:15:37 - One training epoch latency: 107.9s | Avg Power: 230.9W | Energy: 24920.4174J
15-Mar-26 17:15:44 -  @Testing * Acc@1 94.792 Acc@5 99.653 Loss 1.253
15-Mar-26 17:15:44 - Best acc at epoch 80: 95.48611450195312
15-Mar-26 17:15:44 - Last learning rate: [6.103515625e-08]
15-Mar-26 17:15:44 - 	 Epoch 81...
15-Mar-26 17:15:53 - Epoch: [81][  99/1176]	Time  0.108 ( 0.093)	Data  0.001 ( 0.002)	Loss 0.0000e+00 (0.0000e+00)	Acc@1 100.00 (100.00)	Acc@5 100.00 (100.00)
15-Mar-26 17:16:02 - Epoch: [81][ 199/1176]	Time  0.093 ( 0.092)	Data  0.001 ( 0.001)	Loss 0.0000e+00 (0.0000e+00)	Acc@1 100.00 (100.00)	Acc@5 100.00 (100.00)
15-Mar-26 17:16:11 - Epoch: [81][ 299/1176]	Time  0.092 ( 0.092)	Data  0.000 ( 0.001)	Loss 0.0000e+00 (0.0000e+00)	Acc@1 100.00 (100.00)	Acc@5 100.00 (100.00)
15-Mar-26 17:16:21 - Epoch: [81][ 399/1176]	Time  0.091 ( 0.092)	Data  0.000 ( 0.001)	Loss 0.0000e+00 (0.0000e+00)	Acc@1 100.00 (100.00)	Acc@5 100.00 (100.00)
15-Mar-26 17:16:30 - Epoch: [81][ 499/1176]	Time  0.091 ( 0.092)	Data  0.000 ( 0.001)	Loss 0.0000e+00 (0.0000e+00)	Acc@1 100.00 (100.00)	Acc@5 100.00 (100.00)
15-Mar-26 17:16:39 - Epoch: [81][ 599/1176]	Time  0.092 ( 0.092)	Data  0.000 ( 0.000)	Loss 0.0000e+00 (0.0000e+00)	Acc@1 100.00 (100.00)	Acc@5 100.00 (100.00)
15-Mar-26 17:16:48 - Epoch: [81][ 699/1176]	Time  0.092 ( 0.092)	Data  0.000 ( 0.000)	Loss 0.0000e+00 (0.0000e+00)	Acc@1 100.00 (100.00)	Acc@5 100.00 (100.00)
15-Mar-26 17:16:57 - Epoch: [81][ 799/1176]	Time  0.105 ( 0.092)	Data  0.000 ( 0.000)	Loss 0.0000e+00 (0.0000e+00)	Acc@1 100.00 (100.00)	Acc@5 100.00 (100.00)
15-Mar-26 17:17:06 - Epoch: [81][ 899/1176]	Time  0.091 ( 0.092)	Data  0.000 ( 0.000)	Loss 0.0000e+00 (0.0000e+00)	Acc@1 100.00 (100.00)	Acc@5 100.00 (100.00)
15-Mar-26 17:17:15 - Epoch: [81][ 999/1176]	Time  0.087 ( 0.092)	Data  0.000 ( 0.000)	Loss 0.0000e+00 (0.0000e+00)	Acc@1 100.00 (100.00)	Acc@5 100.00 (100.00)
15-Mar-26 17:17:24 - Epoch: [81][1099/1176]	Time  0.092 ( 0.092)	Data  0.000 ( 0.000)	Loss 0.0000e+00 (0.0000e+00)	Acc@1 100.00 (100.00)	Acc@5 100.00 (100.00)
15-Mar-26 17:17:31 -  @Training * Acc@1 100.000 Acc@5 100.000 Loss 0.000
15-Mar-26 17:17:32 - One training epoch latency: 107.7s | Avg Power: 232.5W | Energy: 25026.7663J
15-Mar-26 17:17:39 -  @Testing * Acc@1 95.486 Acc@5 99.306 Loss 1.249
15-Mar-26 17:17:39 - Best acc at epoch 81: 95.48611450195312
15-Mar-26 17:17:39 - Last learning rate: [6.103515625e-08]
15-Mar-26 17:17:39 - 	 Epoch 82...
15-Mar-26 17:17:48 - Epoch: [82][  99/1176]	Time  0.088 ( 0.093)	Data  0.000 ( 0.002)	Loss 0.0000e+00 (0.0000e+00)	Acc@1 100.00 (100.00)	Acc@5 100.00 (100.00)
15-Mar-26 17:17:57 - Epoch: [82][ 199/1176]	Time  0.091 ( 0.092)	Data  0.000 ( 0.001)	Loss 0.0000e+00 (0.0000e+00)	Acc@1 100.00 (100.00)	Acc@5 100.00 (100.00)
15-Mar-26 17:18:06 - Epoch: [82][ 299/1176]	Time  0.094 ( 0.092)	Data  0.000 ( 0.001)	Loss 0.0000e+00 (0.0000e+00)	Acc@1 100.00 (100.00)	Acc@5 100.00 (100.00)
15-Mar-26 17:18:15 - Epoch: [82][ 399/1176]	Time  0.091 ( 0.092)	Data  0.000 ( 0.001)	Loss 0.0000e+00 (0.0000e+00)	Acc@1 100.00 (100.00)	Acc@5 100.00 (100.00)
15-Mar-26 17:18:25 - Epoch: [82][ 499/1176]	Time  0.090 ( 0.092)	Data  0.000 ( 0.001)	Loss 0.0000e+00 (0.0000e+00)	Acc@1 100.00 (100.00)	Acc@5 100.00 (100.00)
15-Mar-26 17:18:34 - Epoch: [82][ 599/1176]	Time  0.089 ( 0.092)	Data  0.000 ( 0.000)	Loss 0.0000e+00 (0.0000e+00)	Acc@1 100.00 (100.00)	Acc@5 100.00 (100.00)
15-Mar-26 17:18:43 - Epoch: [82][ 699/1176]	Time  0.088 ( 0.092)	Data  0.000 ( 0.000)	Loss 0.0000e+00 (0.0000e+00)	Acc@1 100.00 (100.00)	Acc@5 100.00 (100.00)
15-Mar-26 17:18:52 - Epoch: [82][ 799/1176]	Time  0.088 ( 0.091)	Data  0.000 ( 0.000)	Loss 0.0000e+00 (0.0000e+00)	Acc@1 100.00 (100.00)	Acc@5 100.00 (100.00)
15-Mar-26 17:19:01 - Epoch: [82][ 899/1176]	Time  0.091 ( 0.091)	Data  0.000 ( 0.000)	Loss 0.0000e+00 (0.0000e+00)	Acc@1 100.00 (100.00)	Acc@5 100.00 (100.00)
15-Mar-26 17:19:10 - Epoch: [82][ 999/1176]	Time  0.088 ( 0.091)	Data  0.000 ( 0.000)	Loss 0.0000e+00 (0.0000e+00)	Acc@1 100.00 (100.00)	Acc@5 100.00 (100.00)
15-Mar-26 17:19:19 - Epoch: [82][1099/1176]	Time  0.097 ( 0.091)	Data  0.000 ( 0.000)	Loss 0.0000e+00 (0.0000e+00)	Acc@1 100.00 (100.00)	Acc@5 100.00 (100.00)
15-Mar-26 17:19:26 -  @Training * Acc@1 100.000 Acc@5 100.000 Loss 0.000
15-Mar-26 17:19:26 - One training epoch latency: 107.5s | Avg Power: 231.7W | Energy: 24895.1545J
15-Mar-26 17:19:33 -  @Testing * Acc@1 95.486 Acc@5 99.306 Loss 1.242
15-Mar-26 17:19:33 - Best acc at epoch 82: 95.48611450195312
15-Mar-26 17:19:33 - Last learning rate: [3.0517578125e-08]
15-Mar-26 17:19:33 - 	 Epoch 83...
15-Mar-26 17:19:43 - Epoch: [83][  99/1176]	Time  0.088 ( 0.093)	Data  0.000 ( 0.002)	Loss 0.0000e+00 (0.0000e+00)	Acc@1 100.00 (100.00)	Acc@5 100.00 (100.00)
15-Mar-26 17:19:52 - Epoch: [83][ 199/1176]	Time  0.092 ( 0.092)	Data  0.001 ( 0.001)	Loss 0.0000e+00 (0.0000e+00)	Acc@1 100.00 (100.00)	Acc@5 100.00 (100.00)
15-Mar-26 17:20:01 - Epoch: [83][ 299/1176]	Time  0.090 ( 0.092)	Data  0.000 ( 0.001)	Loss 0.0000e+00 (0.0000e+00)	Acc@1 100.00 (100.00)	Acc@5 100.00 (100.00)
15-Mar-26 17:20:10 - Epoch: [83][ 399/1176]	Time  0.089 ( 0.092)	Data  0.000 ( 0.001)	Loss 0.0000e+00 (0.0000e+00)	Acc@1 100.00 (100.00)	Acc@5 100.00 (100.00)
15-Mar-26 17:20:19 - Epoch: [83][ 499/1176]	Time  0.091 ( 0.092)	Data  0.000 ( 0.001)	Loss 0.0000e+00 (0.0000e+00)	Acc@1 100.00 (100.00)	Acc@5 100.00 (100.00)
15-Mar-26 17:20:28 - Epoch: [83][ 599/1176]	Time  0.093 ( 0.092)	Data  0.000 ( 0.000)	Loss 0.0000e+00 (0.0000e+00)	Acc@1 100.00 (100.00)	Acc@5 100.00 (100.00)
15-Mar-26 17:20:38 - Epoch: [83][ 699/1176]	Time  0.091 ( 0.092)	Data  0.000 ( 0.000)	Loss 0.0000e+00 (0.0000e+00)	Acc@1 100.00 (100.00)	Acc@5 100.00 (100.00)
15-Mar-26 17:20:47 - Epoch: [83][ 799/1176]	Time  0.091 ( 0.092)	Data  0.000 ( 0.000)	Loss 0.0000e+00 (0.0000e+00)	Acc@1 100.00 (100.00)	Acc@5 100.00 (100.00)
15-Mar-26 17:20:56 - Epoch: [83][ 899/1176]	Time  0.089 ( 0.092)	Data  0.000 ( 0.000)	Loss 0.0000e+00 (0.0000e+00)	Acc@1 100.00 (100.00)	Acc@5 100.00 (100.00)
15-Mar-26 17:21:05 - Epoch: [83][ 999/1176]	Time  0.089 ( 0.092)	Data  0.000 ( 0.000)	Loss 0.0000e+00 (0.0000e+00)	Acc@1 100.00 (100.00)	Acc@5 100.00 (100.00)
15-Mar-26 17:21:14 - Epoch: [83][1099/1176]	Time  0.091 ( 0.092)	Data  0.000 ( 0.000)	Loss 0.0000e+00 (0.0000e+00)	Acc@1 100.00 (100.00)	Acc@5 100.00 (100.00)
15-Mar-26 17:21:21 -  @Training * Acc@1 100.000 Acc@5 100.000 Loss 0.000
15-Mar-26 17:21:21 - One training epoch latency: 107.7s | Avg Power: 232.0W | Energy: 24981.1229J
15-Mar-26 17:21:28 -  @Testing * Acc@1 95.486 Acc@5 99.306 Loss 1.229
15-Mar-26 17:21:28 - Best acc at epoch 83: 95.48611450195312
15-Mar-26 17:21:28 - Last learning rate: [3.0517578125e-08]
15-Mar-26 17:21:28 - 	 Epoch 84...
15-Mar-26 17:21:37 - Epoch: [84][  99/1176]	Time  0.090 ( 0.094)	Data  0.000 ( 0.002)	Loss 0.0000e+00 (0.0000e+00)	Acc@1 100.00 (100.00)	Acc@5 100.00 (100.00)
15-Mar-26 17:21:46 - Epoch: [84][ 199/1176]	Time  0.089 ( 0.093)	Data  0.000 ( 0.001)	Loss 0.0000e+00 (0.0000e+00)	Acc@1 100.00 (100.00)	Acc@5 100.00 (100.00)
15-Mar-26 17:21:56 - Epoch: [84][ 299/1176]	Time  0.088 ( 0.092)	Data  0.000 ( 0.001)	Loss 0.0000e+00 (0.0000e+00)	Acc@1 100.00 (100.00)	Acc@5 100.00 (100.00)
15-Mar-26 17:22:05 - Epoch: [84][ 399/1176]	Time  0.093 ( 0.092)	Data  0.000 ( 0.001)	Loss 0.0000e+00 (0.0000e+00)	Acc@1 100.00 (100.00)	Acc@5 100.00 (100.00)
15-Mar-26 17:22:14 - Epoch: [84][ 499/1176]	Time  0.093 ( 0.092)	Data  0.000 ( 0.000)	Loss 0.0000e+00 (0.0000e+00)	Acc@1 100.00 (100.00)	Acc@5 100.00 (100.00)
15-Mar-26 17:22:23 - Epoch: [84][ 599/1176]	Time  0.097 ( 0.092)	Data  0.000 ( 0.000)	Loss 0.0000e+00 (0.0000e+00)	Acc@1 100.00 (100.00)	Acc@5 100.00 (100.00)
15-Mar-26 17:22:32 - Epoch: [84][ 699/1176]	Time  0.094 ( 0.092)	Data  0.000 ( 0.000)	Loss 0.0000e+00 (0.0000e+00)	Acc@1 100.00 (100.00)	Acc@5 100.00 (100.00)
15-Mar-26 17:22:41 - Epoch: [84][ 799/1176]	Time  0.091 ( 0.092)	Data  0.000 ( 0.000)	Loss 0.0000e+00 (0.0000e+00)	Acc@1 100.00 (100.00)	Acc@5 100.00 (100.00)
15-Mar-26 17:22:51 - Epoch: [84][ 899/1176]	Time  0.089 ( 0.092)	Data  0.000 ( 0.000)	Loss 0.0000e+00 (0.0000e+00)	Acc@1 100.00 (100.00)	Acc@5 100.00 (100.00)
15-Mar-26 17:23:00 - Epoch: [84][ 999/1176]	Time  0.092 ( 0.092)	Data  0.000 ( 0.000)	Loss 0.0000e+00 (0.0000e+00)	Acc@1 100.00 (100.00)	Acc@5 100.00 (100.00)
15-Mar-26 17:23:09 - Epoch: [84][1099/1176]	Time  0.090 ( 0.092)	Data  0.000 ( 0.000)	Loss 0.0000e+00 (0.0000e+00)	Acc@1 100.00 (100.00)	Acc@5 100.00 (100.00)
15-Mar-26 17:23:16 -  @Training * Acc@1 100.000 Acc@5 100.000 Loss 0.000
15-Mar-26 17:23:16 - One training epoch latency: 107.8s | Avg Power: 231.7W | Energy: 24975.9162J
15-Mar-26 17:23:23 -  @Testing * Acc@1 95.486 Acc@5 99.653 Loss 1.235
15-Mar-26 17:23:23 - Best acc at epoch 84: 95.48611450195312
15-Mar-26 17:23:23 - Last learning rate: [3.0517578125e-08]
15-Mar-26 17:23:23 - 	 Epoch 85...
15-Mar-26 17:23:32 - Epoch: [85][  99/1176]	Time  0.114 ( 0.094)	Data  0.001 ( 0.002)	Loss 0.0000e+00 (0.0000e+00)	Acc@1 100.00 (100.00)	Acc@5 100.00 (100.00)
15-Mar-26 17:23:41 - Epoch: [85][ 199/1176]	Time  0.092 ( 0.093)	Data  0.000 ( 0.001)	Loss 0.0000e+00 (0.0000e+00)	Acc@1 100.00 (100.00)	Acc@5 100.00 (100.00)
15-Mar-26 17:23:50 - Epoch: [85][ 299/1176]	Time  0.090 ( 0.092)	Data  0.001 ( 0.001)	Loss 0.0000e+00 (0.0000e+00)	Acc@1 100.00 (100.00)	Acc@5 100.00 (100.00)
15-Mar-26 17:24:00 - Epoch: [85][ 399/1176]	Time  0.090 ( 0.092)	Data  0.001 ( 0.001)	Loss 0.0000e+00 (0.0000e+00)	Acc@1 100.00 (100.00)	Acc@5 100.00 (100.00)
15-Mar-26 17:24:09 - Epoch: [85][ 499/1176]	Time  0.089 ( 0.092)	Data  0.000 ( 0.001)	Loss 0.0000e+00 (0.0000e+00)	Acc@1 100.00 (100.00)	Acc@5 100.00 (100.00)
15-Mar-26 17:24:18 - Epoch: [85][ 599/1176]	Time  0.091 ( 0.092)	Data  0.000 ( 0.001)	Loss 0.0000e+00 (0.0000e+00)	Acc@1 100.00 (100.00)	Acc@5 100.00 (100.00)
15-Mar-26 17:24:27 - Epoch: [85][ 699/1176]	Time  0.087 ( 0.092)	Data  0.000 ( 0.000)	Loss 0.0000e+00 (0.0000e+00)	Acc@1 100.00 (100.00)	Acc@5 100.00 (100.00)
15-Mar-26 17:24:36 - Epoch: [85][ 799/1176]	Time  0.089 ( 0.091)	Data  0.000 ( 0.000)	Loss 0.0000e+00 (0.0000e+00)	Acc@1 100.00 (100.00)	Acc@5 100.00 (100.00)
15-Mar-26 17:24:45 - Epoch: [85][ 899/1176]	Time  0.088 ( 0.091)	Data  0.000 ( 0.000)	Loss 0.0000e+00 (0.0000e+00)	Acc@1 100.00 (100.00)	Acc@5 100.00 (100.00)
15-Mar-26 17:24:54 - Epoch: [85][ 999/1176]	Time  0.090 ( 0.091)	Data  0.000 ( 0.000)	Loss 0.0000e+00 (0.0000e+00)	Acc@1 100.00 (100.00)	Acc@5 100.00 (100.00)
15-Mar-26 17:25:03 - Epoch: [85][1099/1176]	Time  0.089 ( 0.091)	Data  0.000 ( 0.000)	Loss 0.0000e+00 (0.0000e+00)	Acc@1 100.00 (100.00)	Acc@5 100.00 (100.00)
15-Mar-26 17:25:10 -  @Training * Acc@1 100.000 Acc@5 100.000 Loss 0.000
15-Mar-26 17:25:10 - One training epoch latency: 107.1s | Avg Power: 230.9W | Energy: 24727.8800J
15-Mar-26 17:25:17 -  @Testing * Acc@1 95.486 Acc@5 99.653 Loss 1.251
15-Mar-26 17:25:17 - Best acc at epoch 85: 95.48611450195312
15-Mar-26 17:25:17 - Last learning rate: [3.0517578125e-08]
15-Mar-26 17:25:17 - 	 Epoch 86...
15-Mar-26 17:25:27 - Epoch: [86][  99/1176]	Time  0.088 ( 0.093)	Data  0.000 ( 0.002)	Loss 0.0000e+00 (0.0000e+00)	Acc@1 100.00 (100.00)	Acc@5 100.00 (100.00)
15-Mar-26 17:25:36 - Epoch: [86][ 199/1176]	Time  0.093 ( 0.092)	Data  0.001 ( 0.001)	Loss 0.0000e+00 (0.0000e+00)	Acc@1 100.00 (100.00)	Acc@5 100.00 (100.00)
15-Mar-26 17:25:45 - Epoch: [86][ 299/1176]	Time  0.091 ( 0.092)	Data  0.000 ( 0.001)	Loss 0.0000e+00 (0.0000e+00)	Acc@1 100.00 (100.00)	Acc@5 100.00 (100.00)
15-Mar-26 17:25:54 - Epoch: [86][ 399/1176]	Time  0.095 ( 0.092)	Data  0.000 ( 0.001)	Loss 0.0000e+00 (0.0000e+00)	Acc@1 100.00 (100.00)	Acc@5 100.00 (100.00)
15-Mar-26 17:26:03 - Epoch: [86][ 499/1176]	Time  0.103 ( 0.092)	Data  0.000 ( 0.001)	Loss 0.0000e+00 (0.0000e+00)	Acc@1 100.00 (100.00)	Acc@5 100.00 (100.00)
15-Mar-26 17:26:12 - Epoch: [86][ 599/1176]	Time  0.088 ( 0.092)	Data  0.001 ( 0.000)	Loss 0.0000e+00 (0.0000e+00)	Acc@1 100.00 (100.00)	Acc@5 100.00 (100.00)
15-Mar-26 17:26:21 - Epoch: [86][ 699/1176]	Time  0.091 ( 0.092)	Data  0.000 ( 0.000)	Loss 0.0000e+00 (0.0000e+00)	Acc@1 100.00 (100.00)	Acc@5 100.00 (100.00)
15-Mar-26 17:26:31 - Epoch: [86][ 799/1176]	Time  0.090 ( 0.092)	Data  0.001 ( 0.000)	Loss 0.0000e+00 (0.0000e+00)	Acc@1 100.00 (100.00)	Acc@5 100.00 (100.00)
15-Mar-26 17:26:40 - Epoch: [86][ 899/1176]	Time  0.091 ( 0.092)	Data  0.000 ( 0.000)	Loss 0.0000e+00 (0.0000e+00)	Acc@1 100.00 (100.00)	Acc@5 100.00 (100.00)
15-Mar-26 17:26:49 - Epoch: [86][ 999/1176]	Time  0.089 ( 0.092)	Data  0.000 ( 0.000)	Loss 0.0000e+00 (0.0000e+00)	Acc@1 100.00 (100.00)	Acc@5 100.00 (100.00)
15-Mar-26 17:26:58 - Epoch: [86][1099/1176]	Time  0.091 ( 0.091)	Data  0.000 ( 0.000)	Loss 0.0000e+00 (0.0000e+00)	Acc@1 100.00 (100.00)	Acc@5 100.00 (100.00)
15-Mar-26 17:27:05 -  @Training * Acc@1 100.000 Acc@5 100.000 Loss 0.000
15-Mar-26 17:27:05 - One training epoch latency: 107.6s | Avg Power: 232.4W | Energy: 25018.4679J
15-Mar-26 17:27:12 -  @Testing * Acc@1 95.486 Acc@5 99.653 Loss 1.244
15-Mar-26 17:27:12 - Best acc at epoch 86: 95.48611450195312
15-Mar-26 17:27:12 - Last learning rate: [3.0517578125e-08]
15-Mar-26 17:27:12 - 	 Epoch 87...
15-Mar-26 17:27:21 - Epoch: [87][  99/1176]	Time  0.088 ( 0.094)	Data  0.000 ( 0.002)	Loss 0.0000e+00 (0.0000e+00)	Acc@1 100.00 (100.00)	Acc@5 100.00 (100.00)
15-Mar-26 17:27:31 - Epoch: [87][ 199/1176]	Time  0.090 ( 0.093)	Data  0.000 ( 0.001)	Loss 0.0000e+00 (0.0000e+00)	Acc@1 100.00 (100.00)	Acc@5 100.00 (100.00)
15-Mar-26 17:27:40 - Epoch: [87][ 299/1176]	Time  0.092 ( 0.093)	Data  0.001 ( 0.001)	Loss 0.0000e+00 (0.0000e+00)	Acc@1 100.00 (100.00)	Acc@5 100.00 (100.00)
15-Mar-26 17:27:49 - Epoch: [87][ 399/1176]	Time  0.089 ( 0.092)	Data  0.000 ( 0.001)	Loss 0.0000e+00 (0.0000e+00)	Acc@1 100.00 (100.00)	Acc@5 100.00 (100.00)
15-Mar-26 17:27:58 - Epoch: [87][ 499/1176]	Time  0.093 ( 0.092)	Data  0.001 ( 0.001)	Loss 0.0000e+00 (0.0000e+00)	Acc@1 100.00 (100.00)	Acc@5 100.00 (100.00)
15-Mar-26 17:28:07 - Epoch: [87][ 599/1176]	Time  0.093 ( 0.092)	Data  0.000 ( 0.001)	Loss 0.0000e+00 (0.0000e+00)	Acc@1 100.00 (100.00)	Acc@5 100.00 (100.00)
15-Mar-26 17:28:16 - Epoch: [87][ 699/1176]	Time  0.110 ( 0.092)	Data  0.001 ( 0.000)	Loss 0.0000e+00 (0.0000e+00)	Acc@1 100.00 (100.00)	Acc@5 100.00 (100.00)
15-Mar-26 17:28:25 - Epoch: [87][ 799/1176]	Time  0.089 ( 0.092)	Data  0.000 ( 0.000)	Loss 0.0000e+00 (0.0000e+00)	Acc@1 100.00 (100.00)	Acc@5 100.00 (100.00)
15-Mar-26 17:28:34 - Epoch: [87][ 899/1176]	Time  0.088 ( 0.092)	Data  0.000 ( 0.000)	Loss 0.0000e+00 (0.0000e+00)	Acc@1 100.00 (100.00)	Acc@5 100.00 (100.00)
15-Mar-26 17:28:43 - Epoch: [87][ 999/1176]	Time  0.088 ( 0.092)	Data  0.000 ( 0.000)	Loss 0.0000e+00 (0.0000e+00)	Acc@1 100.00 (100.00)	Acc@5 100.00 (100.00)
15-Mar-26 17:28:53 - Epoch: [87][1099/1176]	Time  0.089 ( 0.092)	Data  0.000 ( 0.000)	Loss 0.0000e+00 (0.0000e+00)	Acc@1 100.00 (100.00)	Acc@5 100.00 (100.00)
15-Mar-26 17:29:00 -  @Training * Acc@1 100.000 Acc@5 100.000 Loss 0.000
15-Mar-26 17:29:00 - One training epoch latency: 107.7s | Avg Power: 232.3W | Energy: 25004.0728J
15-Mar-26 17:29:07 -  @Testing * Acc@1 95.486 Acc@5 99.653 Loss 1.263
15-Mar-26 17:29:07 - Best acc at epoch 87: 95.48611450195312
15-Mar-26 17:29:07 - Last learning rate: [3.0517578125e-08]
15-Mar-26 17:29:07 - 	 Epoch 88...
15-Mar-26 17:29:16 - Epoch: [88][  99/1176]	Time  0.092 ( 0.093)	Data  0.000 ( 0.002)	Loss 0.0000e+00 (0.0000e+00)	Acc@1 100.00 (100.00)	Acc@5 100.00 (100.00)
15-Mar-26 17:29:25 - Epoch: [88][ 199/1176]	Time  0.091 ( 0.092)	Data  0.000 ( 0.001)	Loss 0.0000e+00 (0.0000e+00)	Acc@1 100.00 (100.00)	Acc@5 100.00 (100.00)
15-Mar-26 17:29:34 - Epoch: [88][ 299/1176]	Time  0.099 ( 0.092)	Data  0.000 ( 0.001)	Loss 0.0000e+00 (0.0000e+00)	Acc@1 100.00 (100.00)	Acc@5 100.00 (100.00)
15-Mar-26 17:29:43 - Epoch: [88][ 399/1176]	Time  0.091 ( 0.092)	Data  0.000 ( 0.001)	Loss 0.0000e+00 (0.0000e+00)	Acc@1 100.00 (100.00)	Acc@5 100.00 (100.00)
15-Mar-26 17:29:53 - Epoch: [88][ 499/1176]	Time  0.091 ( 0.092)	Data  0.000 ( 0.000)	Loss 0.0000e+00 (0.0000e+00)	Acc@1 100.00 (100.00)	Acc@5 100.00 (100.00)
15-Mar-26 17:30:02 - Epoch: [88][ 599/1176]	Time  0.092 ( 0.092)	Data  0.000 ( 0.000)	Loss 0.0000e+00 (0.0000e+00)	Acc@1 100.00 (100.00)	Acc@5 100.00 (100.00)
15-Mar-26 17:30:11 - Epoch: [88][ 699/1176]	Time  0.093 ( 0.092)	Data  0.000 ( 0.000)	Loss 0.0000e+00 (0.0000e+00)	Acc@1 100.00 (100.00)	Acc@5 100.00 (100.00)
15-Mar-26 17:30:20 - Epoch: [88][ 799/1176]	Time  0.092 ( 0.092)	Data  0.000 ( 0.000)	Loss 0.0000e+00 (0.0000e+00)	Acc@1 100.00 (100.00)	Acc@5 100.00 (100.00)
15-Mar-26 17:30:29 - Epoch: [88][ 899/1176]	Time  0.090 ( 0.092)	Data  0.000 ( 0.000)	Loss 0.0000e+00 (0.0000e+00)	Acc@1 100.00 (100.00)	Acc@5 100.00 (100.00)
15-Mar-26 17:30:38 - Epoch: [88][ 999/1176]	Time  0.093 ( 0.092)	Data  0.000 ( 0.000)	Loss 0.0000e+00 (0.0000e+00)	Acc@1 100.00 (100.00)	Acc@5 100.00 (100.00)
15-Mar-26 17:30:47 - Epoch: [88][1099/1176]	Time  0.088 ( 0.091)	Data  0.000 ( 0.000)	Loss 0.0000e+00 (0.0000e+00)	Acc@1 100.00 (100.00)	Acc@5 100.00 (100.00)
15-Mar-26 17:30:54 -  @Training * Acc@1 100.000 Acc@5 100.000 Loss 0.000
15-Mar-26 17:30:54 - One training epoch latency: 107.6s | Avg Power: 231.4W | Energy: 24904.1829J
15-Mar-26 17:31:01 -  @Testing * Acc@1 95.486 Acc@5 99.653 Loss 1.257
15-Mar-26 17:31:01 - Best acc at epoch 88: 95.48611450195312
15-Mar-26 17:31:01 - Last learning rate: [1.52587890625e-08]
15-Mar-26 17:31:01 - 	 Epoch 89...
15-Mar-26 17:31:11 - Epoch: [89][  99/1176]	Time  0.092 ( 0.094)	Data  0.000 ( 0.002)	Loss 0.0000e+00 (0.0000e+00)	Acc@1 100.00 (100.00)	Acc@5 100.00 (100.00)
15-Mar-26 17:31:20 - Epoch: [89][ 199/1176]	Time  0.091 ( 0.093)	Data  0.000 ( 0.001)	Loss 0.0000e+00 (0.0000e+00)	Acc@1 100.00 (100.00)	Acc@5 100.00 (100.00)
15-Mar-26 17:31:29 - Epoch: [89][ 299/1176]	Time  0.091 ( 0.092)	Data  0.000 ( 0.001)	Loss 0.0000e+00 (0.0000e+00)	Acc@1 100.00 (100.00)	Acc@5 100.00 (100.00)
15-Mar-26 17:31:38 - Epoch: [89][ 399/1176]	Time  0.107 ( 0.092)	Data  0.000 ( 0.001)	Loss 0.0000e+00 (0.0000e+00)	Acc@1 100.00 (100.00)	Acc@5 100.00 (100.00)
15-Mar-26 17:31:47 - Epoch: [89][ 499/1176]	Time  0.092 ( 0.092)	Data  0.000 ( 0.001)	Loss 0.0000e+00 (0.0000e+00)	Acc@1 100.00 (100.00)	Acc@5 100.00 (100.00)
15-Mar-26 17:31:57 - Epoch: [89][ 599/1176]	Time  0.089 ( 0.092)	Data  0.000 ( 0.000)	Loss 0.0000e+00 (0.0000e+00)	Acc@1 100.00 (100.00)	Acc@5 100.00 (100.00)
15-Mar-26 17:32:06 - Epoch: [89][ 699/1176]	Time  0.088 ( 0.092)	Data  0.001 ( 0.000)	Loss 0.0000e+00 (0.0000e+00)	Acc@1 100.00 (100.00)	Acc@5 100.00 (100.00)
15-Mar-26 17:32:15 - Epoch: [89][ 799/1176]	Time  0.090 ( 0.092)	Data  0.000 ( 0.000)	Loss 0.0000e+00 (0.0000e+00)	Acc@1 100.00 (100.00)	Acc@5 100.00 (100.00)
15-Mar-26 17:32:24 - Epoch: [89][ 899/1176]	Time  0.089 ( 0.092)	Data  0.001 ( 0.000)	Loss 0.0000e+00 (0.0000e+00)	Acc@1 100.00 (100.00)	Acc@5 100.00 (100.00)
15-Mar-26 17:32:33 - Epoch: [89][ 999/1176]	Time  0.096 ( 0.092)	Data  0.000 ( 0.000)	Loss 0.0000e+00 (0.0000e+00)	Acc@1 100.00 (100.00)	Acc@5 100.00 (100.00)
15-Mar-26 17:32:42 - Epoch: [89][1099/1176]	Time  0.088 ( 0.092)	Data  0.000 ( 0.000)	Loss 0.0000e+00 (0.0000e+00)	Acc@1 100.00 (100.00)	Acc@5 100.00 (100.00)
15-Mar-26 17:32:49 -  @Training * Acc@1 100.000 Acc@5 100.000 Loss 0.000
15-Mar-26 17:32:49 - One training epoch latency: 107.9s | Avg Power: 232.0W | Energy: 25041.8350J
15-Mar-26 17:32:57 -  @Testing * Acc@1 95.486 Acc@5 99.653 Loss 1.231
15-Mar-26 17:32:57 - Best acc at epoch 89: 95.48611450195312
15-Mar-26 17:32:57 - Last learning rate: [1.52587890625e-08]
15-Mar-26 17:32:57 - 	 Epoch 90...
15-Mar-26 17:33:06 - Epoch: [90][  99/1176]	Time  0.091 ( 0.093)	Data  0.000 ( 0.002)	Loss 0.0000e+00 (0.0000e+00)	Acc@1 100.00 (100.00)	Acc@5 100.00 (100.00)
15-Mar-26 17:33:15 - Epoch: [90][ 199/1176]	Time  0.091 ( 0.093)	Data  0.000 ( 0.001)	Loss 0.0000e+00 (0.0000e+00)	Acc@1 100.00 (100.00)	Acc@5 100.00 (100.00)
15-Mar-26 17:33:24 - Epoch: [90][ 299/1176]	Time  0.091 ( 0.092)	Data  0.000 ( 0.001)	Loss 0.0000e+00 (0.0000e+00)	Acc@1 100.00 (100.00)	Acc@5 100.00 (100.00)
15-Mar-26 17:33:33 - Epoch: [90][ 399/1176]	Time  0.090 ( 0.092)	Data  0.000 ( 0.001)	Loss 0.0000e+00 (0.0000e+00)	Acc@1 100.00 (100.00)	Acc@5 100.00 (100.00)
15-Mar-26 17:33:43 - Epoch: [90][ 499/1176]	Time  0.092 ( 0.092)	Data  0.000 ( 0.001)	Loss 0.0000e+00 (0.0000e+00)	Acc@1 100.00 (100.00)	Acc@5 100.00 (100.00)
15-Mar-26 17:33:52 - Epoch: [90][ 599/1176]	Time  0.091 ( 0.092)	Data  0.000 ( 0.001)	Loss 0.0000e+00 (0.0000e+00)	Acc@1 100.00 (100.00)	Acc@5 100.00 (100.00)
15-Mar-26 17:34:01 - Epoch: [90][ 699/1176]	Time  0.091 ( 0.092)	Data  0.000 ( 0.000)	Loss 0.0000e+00 (0.0000e+00)	Acc@1 100.00 (100.00)	Acc@5 100.00 (100.00)
15-Mar-26 17:34:10 - Epoch: [90][ 799/1176]	Time  0.089 ( 0.092)	Data  0.000 ( 0.000)	Loss 0.0000e+00 (0.0000e+00)	Acc@1 100.00 (100.00)	Acc@5 100.00 (100.00)
15-Mar-26 17:34:19 - Epoch: [90][ 899/1176]	Time  0.099 ( 0.092)	Data  0.000 ( 0.000)	Loss 0.0000e+00 (0.0000e+00)	Acc@1 100.00 (100.00)	Acc@5 100.00 (100.00)
15-Mar-26 17:34:28 - Epoch: [90][ 999/1176]	Time  0.089 ( 0.092)	Data  0.000 ( 0.000)	Loss 0.0000e+00 (0.0000e+00)	Acc@1 100.00 (100.00)	Acc@5 100.00 (100.00)
15-Mar-26 17:34:37 - Epoch: [90][1099/1176]	Time  0.089 ( 0.092)	Data  0.000 ( 0.000)	Loss 0.0000e+00 (0.0000e+00)	Acc@1 100.00 (100.00)	Acc@5 100.00 (100.00)
15-Mar-26 17:34:44 -  @Training * Acc@1 100.000 Acc@5 100.000 Loss 0.000
15-Mar-26 17:34:44 - One training epoch latency: 107.7s | Avg Power: 231.7W | Energy: 24959.9425J
15-Mar-26 17:34:51 -  @Testing * Acc@1 95.486 Acc@5 99.653 Loss 1.227
15-Mar-26 17:34:51 - Best acc at epoch 90: 95.48611450195312
15-Mar-26 17:34:51 - Last learning rate: [1.52587890625e-08]
15-Mar-26 17:34:51 - 	 Epoch 91...
15-Mar-26 17:35:01 - Epoch: [91][  99/1176]	Time  0.089 ( 0.094)	Data  0.001 ( 0.002)	Loss 0.0000e+00 (0.0000e+00)	Acc@1 100.00 (100.00)	Acc@5 100.00 (100.00)
15-Mar-26 17:35:10 - Epoch: [91][ 199/1176]	Time  0.088 ( 0.093)	Data  0.000 ( 0.001)	Loss 0.0000e+00 (0.0000e+00)	Acc@1 100.00 (100.00)	Acc@5 100.00 (100.00)
15-Mar-26 17:35:19 - Epoch: [91][ 299/1176]	Time  0.091 ( 0.092)	Data  0.000 ( 0.001)	Loss 0.0000e+00 (0.0000e+00)	Acc@1 100.00 (100.00)	Acc@5 100.00 (100.00)
15-Mar-26 17:35:28 - Epoch: [91][ 399/1176]	Time  0.093 ( 0.092)	Data  0.000 ( 0.001)	Loss 0.0000e+00 (0.0000e+00)	Acc@1 100.00 (100.00)	Acc@5 100.00 (100.00)
15-Mar-26 17:35:37 - Epoch: [91][ 499/1176]	Time  0.091 ( 0.092)	Data  0.000 ( 0.000)	Loss 0.0000e+00 (0.0000e+00)	Acc@1 100.00 (100.00)	Acc@5 100.00 (100.00)
15-Mar-26 17:35:47 - Epoch: [91][ 599/1176]	Time  0.091 ( 0.092)	Data  0.001 ( 0.000)	Loss 0.0000e+00 (0.0000e+00)	Acc@1 100.00 (100.00)	Acc@5 100.00 (100.00)
15-Mar-26 17:35:56 - Epoch: [91][ 699/1176]	Time  0.088 ( 0.092)	Data  0.000 ( 0.000)	Loss 0.0000e+00 (0.0000e+00)	Acc@1 100.00 (100.00)	Acc@5 100.00 (100.00)
15-Mar-26 17:36:05 - Epoch: [91][ 799/1176]	Time  0.090 ( 0.092)	Data  0.000 ( 0.000)	Loss 0.0000e+00 (0.0000e+00)	Acc@1 100.00 (100.00)	Acc@5 100.00 (100.00)
15-Mar-26 17:36:14 - Epoch: [91][ 899/1176]	Time  0.088 ( 0.092)	Data  0.000 ( 0.000)	Loss 0.0000e+00 (0.0000e+00)	Acc@1 100.00 (100.00)	Acc@5 100.00 (100.00)
15-Mar-26 17:36:23 - Epoch: [91][ 999/1176]	Time  0.092 ( 0.092)	Data  0.000 ( 0.000)	Loss 0.0000e+00 (0.0000e+00)	Acc@1 100.00 (100.00)	Acc@5 100.00 (100.00)
15-Mar-26 17:36:32 - Epoch: [91][1099/1176]	Time  0.114 ( 0.092)	Data  0.001 ( 0.000)	Loss 0.0000e+00 (0.0000e+00)	Acc@1 100.00 (100.00)	Acc@5 100.00 (100.00)
15-Mar-26 17:36:39 -  @Training * Acc@1 100.000 Acc@5 100.000 Loss 0.000
15-Mar-26 17:36:39 - One training epoch latency: 107.9s | Avg Power: 230.4W | Energy: 24868.0920J
15-Mar-26 17:36:47 -  @Testing * Acc@1 95.486 Acc@5 99.653 Loss 1.222
15-Mar-26 17:36:47 - Best acc at epoch 91: 95.48611450195312
15-Mar-26 17:36:47 - Last learning rate: [1.52587890625e-08]
15-Mar-26 17:36:47 - 	 Epoch 92...
15-Mar-26 17:36:56 - Epoch: [92][  99/1176]	Time  0.093 ( 0.094)	Data  0.000 ( 0.002)	Loss 0.0000e+00 (0.0000e+00)	Acc@1 100.00 (100.00)	Acc@5 100.00 (100.00)
15-Mar-26 17:37:05 - Epoch: [92][ 199/1176]	Time  0.096 ( 0.093)	Data  0.000 ( 0.001)	Loss 0.0000e+00 (0.0000e+00)	Acc@1 100.00 (100.00)	Acc@5 100.00 (100.00)
15-Mar-26 17:37:14 - Epoch: [92][ 299/1176]	Time  0.091 ( 0.093)	Data  0.000 ( 0.001)	Loss 0.0000e+00 (0.0000e+00)	Acc@1 100.00 (100.00)	Acc@5 100.00 (100.00)
15-Mar-26 17:37:24 - Epoch: [92][ 399/1176]	Time  0.089 ( 0.092)	Data  0.000 ( 0.001)	Loss 0.0000e+00 (0.0000e+00)	Acc@1 100.00 (100.00)	Acc@5 100.00 (100.00)
15-Mar-26 17:37:33 - Epoch: [92][ 499/1176]	Time  0.089 ( 0.092)	Data  0.000 ( 0.000)	Loss 0.0000e+00 (0.0000e+00)	Acc@1 100.00 (100.00)	Acc@5 100.00 (100.00)
15-Mar-26 17:37:42 - Epoch: [92][ 599/1176]	Time  0.093 ( 0.092)	Data  0.000 ( 0.000)	Loss 0.0000e+00 (0.0000e+00)	Acc@1 100.00 (100.00)	Acc@5 100.00 (100.00)
15-Mar-26 17:37:51 - Epoch: [92][ 699/1176]	Time  0.092 ( 0.092)	Data  0.000 ( 0.000)	Loss 0.0000e+00 (0.0000e+00)	Acc@1 100.00 (100.00)	Acc@5 100.00 (100.00)
15-Mar-26 17:38:00 - Epoch: [92][ 799/1176]	Time  0.091 ( 0.092)	Data  0.000 ( 0.000)	Loss 0.0000e+00 (0.0000e+00)	Acc@1 100.00 (100.00)	Acc@5 100.00 (100.00)
15-Mar-26 17:38:09 - Epoch: [92][ 899/1176]	Time  0.090 ( 0.092)	Data  0.000 ( 0.000)	Loss 0.0000e+00 (0.0000e+00)	Acc@1 100.00 (100.00)	Acc@5 100.00 (100.00)
15-Mar-26 17:38:18 - Epoch: [92][ 999/1176]	Time  0.091 ( 0.092)	Data  0.000 ( 0.000)	Loss 0.0000e+00 (0.0000e+00)	Acc@1 100.00 (100.00)	Acc@5 100.00 (100.00)
15-Mar-26 17:38:28 - Epoch: [92][1099/1176]	Time  0.089 ( 0.092)	Data  0.000 ( 0.000)	Loss 0.0000e+00 (0.0000e+00)	Acc@1 100.00 (100.00)	Acc@5 100.00 (100.00)
15-Mar-26 17:38:35 -  @Training * Acc@1 100.000 Acc@5 100.000 Loss 0.000
15-Mar-26 17:38:35 - One training epoch latency: 108.0s | Avg Power: 232.0W | Energy: 25058.0528J
15-Mar-26 17:38:42 -  @Testing * Acc@1 95.486 Acc@5 99.653 Loss 1.240
15-Mar-26 17:38:42 - Best acc at epoch 92: 95.48611450195312
15-Mar-26 17:38:42 - Last learning rate: [1.52587890625e-08]
15-Mar-26 17:38:42 - 	 Epoch 93...
15-Mar-26 17:38:51 - Epoch: [93][  99/1176]	Time  0.091 ( 0.094)	Data  0.001 ( 0.002)	Loss 0.0000e+00 (0.0000e+00)	Acc@1 100.00 (100.00)	Acc@5 100.00 (100.00)
15-Mar-26 17:39:00 - Epoch: [93][ 199/1176]	Time  0.089 ( 0.093)	Data  0.000 ( 0.001)	Loss 0.0000e+00 (0.0000e+00)	Acc@1 100.00 (100.00)	Acc@5 100.00 (100.00)
15-Mar-26 17:39:10 - Epoch: [93][ 299/1176]	Time  0.091 ( 0.093)	Data  0.000 ( 0.001)	Loss 0.0000e+00 (0.0000e+00)	Acc@1 100.00 (100.00)	Acc@5 100.00 (100.00)
15-Mar-26 17:39:19 - Epoch: [93][ 399/1176]	Time  0.091 ( 0.092)	Data  0.000 ( 0.001)	Loss 0.0000e+00 (0.0000e+00)	Acc@1 100.00 (100.00)	Acc@5 100.00 (100.00)
15-Mar-26 17:39:28 - Epoch: [93][ 499/1176]	Time  0.092 ( 0.092)	Data  0.000 ( 0.001)	Loss 0.0000e+00 (0.0000e+00)	Acc@1 100.00 (100.00)	Acc@5 100.00 (100.00)
15-Mar-26 17:39:37 - Epoch: [93][ 599/1176]	Time  0.089 ( 0.092)	Data  0.000 ( 0.000)	Loss 0.0000e+00 (0.0000e+00)	Acc@1 100.00 (100.00)	Acc@5 100.00 (100.00)
15-Mar-26 17:39:46 - Epoch: [93][ 699/1176]	Time  0.099 ( 0.092)	Data  0.001 ( 0.000)	Loss 0.0000e+00 (0.0000e+00)	Acc@1 100.00 (100.00)	Acc@5 100.00 (100.00)
15-Mar-26 17:39:55 - Epoch: [93][ 799/1176]	Time  0.093 ( 0.092)	Data  0.000 ( 0.000)	Loss 0.0000e+00 (0.0000e+00)	Acc@1 100.00 (100.00)	Acc@5 100.00 (100.00)
15-Mar-26 17:40:04 - Epoch: [93][ 899/1176]	Time  0.091 ( 0.092)	Data  0.000 ( 0.000)	Loss 0.0000e+00 (0.0000e+00)	Acc@1 100.00 (100.00)	Acc@5 100.00 (100.00)
15-Mar-26 17:40:13 - Epoch: [93][ 999/1176]	Time  0.091 ( 0.092)	Data  0.000 ( 0.000)	Loss 0.0000e+00 (0.0000e+00)	Acc@1 100.00 (100.00)	Acc@5 100.00 (100.00)
15-Mar-26 17:40:23 - Epoch: [93][1099/1176]	Time  0.088 ( 0.092)	Data  0.000 ( 0.000)	Loss 0.0000e+00 (0.0000e+00)	Acc@1 100.00 (100.00)	Acc@5 100.00 (100.00)
15-Mar-26 17:40:29 -  @Training * Acc@1 100.000 Acc@5 100.000 Loss 0.000
15-Mar-26 17:40:30 - One training epoch latency: 107.7s | Avg Power: 231.7W | Energy: 24968.9554J
15-Mar-26 17:40:37 -  @Testing * Acc@1 95.139 Acc@5 99.653 Loss 1.244
15-Mar-26 17:40:37 - Best acc at epoch 93: 95.48611450195312
15-Mar-26 17:40:37 - Last learning rate: [1.52587890625e-08]
15-Mar-26 17:40:37 - 	 Epoch 94...
15-Mar-26 17:40:46 - Epoch: [94][  99/1176]	Time  0.091 ( 0.093)	Data  0.000 ( 0.002)	Loss 0.0000e+00 (0.0000e+00)	Acc@1 100.00 (100.00)	Acc@5 100.00 (100.00)
15-Mar-26 17:40:55 - Epoch: [94][ 199/1176]	Time  0.088 ( 0.093)	Data  0.000 ( 0.001)	Loss 0.0000e+00 (0.0000e+00)	Acc@1 100.00 (100.00)	Acc@5 100.00 (100.00)
15-Mar-26 17:41:04 - Epoch: [94][ 299/1176]	Time  0.091 ( 0.092)	Data  0.000 ( 0.001)	Loss 0.0000e+00 (0.0000e+00)	Acc@1 100.00 (100.00)	Acc@5 100.00 (100.00)
15-Mar-26 17:41:13 - Epoch: [94][ 399/1176]	Time  0.090 ( 0.092)	Data  0.000 ( 0.001)	Loss 0.0000e+00 (0.0000e+00)	Acc@1 100.00 (100.00)	Acc@5 100.00 (100.00)
15-Mar-26 17:41:23 - Epoch: [94][ 499/1176]	Time  0.091 ( 0.092)	Data  0.000 ( 0.001)	Loss 0.0000e+00 (0.0000e+00)	Acc@1 100.00 (100.00)	Acc@5 100.00 (100.00)
15-Mar-26 17:41:32 - Epoch: [94][ 599/1176]	Time  0.092 ( 0.092)	Data  0.000 ( 0.001)	Loss 0.0000e+00 (0.0000e+00)	Acc@1 100.00 (100.00)	Acc@5 100.00 (100.00)
15-Mar-26 17:41:41 - Epoch: [94][ 699/1176]	Time  0.092 ( 0.092)	Data  0.000 ( 0.000)	Loss 0.0000e+00 (0.0000e+00)	Acc@1 100.00 (100.00)	Acc@5 100.00 (100.00)
15-Mar-26 17:41:50 - Epoch: [94][ 799/1176]	Time  0.089 ( 0.092)	Data  0.000 ( 0.000)	Loss 0.0000e+00 (0.0000e+00)	Acc@1 100.00 (100.00)	Acc@5 100.00 (100.00)
15-Mar-26 17:41:59 - Epoch: [94][ 899/1176]	Time  0.089 ( 0.092)	Data  0.000 ( 0.000)	Loss 0.0000e+00 (0.0000e+00)	Acc@1 100.00 (100.00)	Acc@5 100.00 (100.00)
15-Mar-26 17:42:08 - Epoch: [94][ 999/1176]	Time  0.096 ( 0.092)	Data  0.000 ( 0.000)	Loss 0.0000e+00 (0.0000e+00)	Acc@1 100.00 (100.00)	Acc@5 100.00 (100.00)
15-Mar-26 17:42:17 - Epoch: [94][1099/1176]	Time  0.088 ( 0.091)	Data  0.000 ( 0.000)	Loss 0.0000e+00 (0.0000e+00)	Acc@1 100.00 (100.00)	Acc@5 100.00 (100.00)
15-Mar-26 17:42:24 -  @Training * Acc@1 100.000 Acc@5 100.000 Loss 0.000
15-Mar-26 17:42:24 - One training epoch latency: 107.6s | Avg Power: 231.5W | Energy: 24913.1453J
15-Mar-26 17:42:31 -  @Testing * Acc@1 95.139 Acc@5 99.653 Loss 1.274
15-Mar-26 17:42:31 - Best acc at epoch 94: 95.48611450195312
15-Mar-26 17:42:31 - Last learning rate: [1.52587890625e-08]
15-Mar-26 17:42:31 - 	 Epoch 95...
15-Mar-26 17:42:41 - Epoch: [95][  99/1176]	Time  0.092 ( 0.094)	Data  0.000 ( 0.002)	Loss 0.0000e+00 (0.0000e+00)	Acc@1 100.00 (100.00)	Acc@5 100.00 (100.00)
15-Mar-26 17:42:50 - Epoch: [95][ 199/1176]	Time  0.091 ( 0.093)	Data  0.000 ( 0.001)	Loss 0.0000e+00 (0.0000e+00)	Acc@1 100.00 (100.00)	Acc@5 100.00 (100.00)
15-Mar-26 17:42:59 - Epoch: [95][ 299/1176]	Time  0.093 ( 0.092)	Data  0.000 ( 0.001)	Loss 0.0000e+00 (0.0000e+00)	Acc@1 100.00 (100.00)	Acc@5 100.00 (100.00)
15-Mar-26 17:43:08 - Epoch: [95][ 399/1176]	Time  0.092 ( 0.092)	Data  0.000 ( 0.001)	Loss 0.0000e+00 (0.0000e+00)	Acc@1 100.00 (100.00)	Acc@5 100.00 (100.00)
15-Mar-26 17:43:17 - Epoch: [95][ 499/1176]	Time  0.089 ( 0.092)	Data  0.000 ( 0.001)	Loss 0.0000e+00 (0.0000e+00)	Acc@1 100.00 (100.00)	Acc@5 100.00 (100.00)
15-Mar-26 17:43:27 - Epoch: [95][ 599/1176]	Time  0.093 ( 0.092)	Data  0.000 ( 0.001)	Loss 0.0000e+00 (0.0000e+00)	Acc@1 100.00 (100.00)	Acc@5 100.00 (100.00)
15-Mar-26 17:43:36 - Epoch: [95][ 699/1176]	Time  0.089 ( 0.092)	Data  0.000 ( 0.000)	Loss 0.0000e+00 (0.0000e+00)	Acc@1 100.00 (100.00)	Acc@5 100.00 (100.00)
15-Mar-26 17:43:45 - Epoch: [95][ 799/1176]	Time  0.092 ( 0.092)	Data  0.000 ( 0.000)	Loss 0.0000e+00 (0.0000e+00)	Acc@1 100.00 (100.00)	Acc@5 100.00 (100.00)
15-Mar-26 17:43:54 - Epoch: [95][ 899/1176]	Time  0.089 ( 0.092)	Data  0.001 ( 0.000)	Loss 0.0000e+00 (0.0000e+00)	Acc@1 100.00 (100.00)	Acc@5 100.00 (100.00)
15-Mar-26 17:44:03 - Epoch: [95][ 999/1176]	Time  0.089 ( 0.092)	Data  0.000 ( 0.000)	Loss 0.0000e+00 (0.0000e+00)	Acc@1 100.00 (100.00)	Acc@5 100.00 (100.00)
15-Mar-26 17:44:12 - Epoch: [95][1099/1176]	Time  0.091 ( 0.092)	Data  0.000 ( 0.000)	Loss 0.0000e+00 (0.0000e+00)	Acc@1 100.00 (100.00)	Acc@5 100.00 (100.00)
15-Mar-26 17:44:19 -  @Training * Acc@1 100.000 Acc@5 100.000 Loss 0.000
15-Mar-26 17:44:19 - One training epoch latency: 107.7s | Avg Power: 232.2W | Energy: 25017.0741J
15-Mar-26 17:44:27 -  @Testing * Acc@1 94.792 Acc@5 99.653 Loss 1.275
15-Mar-26 17:44:27 - Best acc at epoch 95: 95.48611450195312
15-Mar-26 17:44:27 - Last learning rate: [1.52587890625e-08]
15-Mar-26 17:44:27 - 	 Epoch 96...
15-Mar-26 17:44:36 - Epoch: [96][  99/1176]	Time  0.092 ( 0.093)	Data  0.000 ( 0.002)	Loss 0.0000e+00 (0.0000e+00)	Acc@1 100.00 (100.00)	Acc@5 100.00 (100.00)
15-Mar-26 17:44:45 - Epoch: [96][ 199/1176]	Time  0.092 ( 0.092)	Data  0.001 ( 0.001)	Loss 0.0000e+00 (0.0000e+00)	Acc@1 100.00 (100.00)	Acc@5 100.00 (100.00)
15-Mar-26 17:44:54 - Epoch: [96][ 299/1176]	Time  0.092 ( 0.092)	Data  0.000 ( 0.001)	Loss 0.0000e+00 (0.0000e+00)	Acc@1 100.00 (100.00)	Acc@5 100.00 (100.00)
15-Mar-26 17:45:03 - Epoch: [96][ 399/1176]	Time  0.091 ( 0.092)	Data  0.000 ( 0.001)	Loss 0.0000e+00 (0.0000e+00)	Acc@1 100.00 (100.00)	Acc@5 100.00 (100.00)
15-Mar-26 17:45:13 - Epoch: [96][ 499/1176]	Time  0.091 ( 0.092)	Data  0.000 ( 0.001)	Loss 0.0000e+00 (0.0000e+00)	Acc@1 100.00 (100.00)	Acc@5 100.00 (100.00)
15-Mar-26 17:45:22 - Epoch: [96][ 599/1176]	Time  0.092 ( 0.092)	Data  0.000 ( 0.000)	Loss 0.0000e+00 (0.0000e+00)	Acc@1 100.00 (100.00)	Acc@5 100.00 (100.00)
15-Mar-26 17:45:31 - Epoch: [96][ 699/1176]	Time  0.092 ( 0.092)	Data  0.000 ( 0.000)	Loss 0.0000e+00 (0.0000e+00)	Acc@1 100.00 (100.00)	Acc@5 100.00 (100.00)
15-Mar-26 17:45:40 - Epoch: [96][ 799/1176]	Time  0.091 ( 0.092)	Data  0.000 ( 0.000)	Loss 0.0000e+00 (0.0000e+00)	Acc@1 100.00 (100.00)	Acc@5 100.00 (100.00)
15-Mar-26 17:45:49 - Epoch: [96][ 899/1176]	Time  0.098 ( 0.092)	Data  0.000 ( 0.000)	Loss 0.0000e+00 (0.0000e+00)	Acc@1 100.00 (100.00)	Acc@5 100.00 (100.00)
15-Mar-26 17:45:58 - Epoch: [96][ 999/1176]	Time  0.090 ( 0.092)	Data  0.000 ( 0.000)	Loss 0.0000e+00 (0.0000e+00)	Acc@1 100.00 (100.00)	Acc@5 100.00 (100.00)
15-Mar-26 17:46:07 - Epoch: [96][1099/1176]	Time  0.091 ( 0.092)	Data  0.000 ( 0.000)	Loss 0.0000e+00 (0.0000e+00)	Acc@1 100.00 (100.00)	Acc@5 100.00 (100.00)
15-Mar-26 17:46:14 -  @Training * Acc@1 100.000 Acc@5 100.000 Loss 0.000
15-Mar-26 17:46:14 - One training epoch latency: 107.7s | Avg Power: 231.3W | Energy: 24911.9166J
15-Mar-26 17:46:22 -  @Testing * Acc@1 95.139 Acc@5 99.653 Loss 1.276
15-Mar-26 17:46:22 - Best acc at epoch 96: 95.48611450195312
15-Mar-26 17:46:22 - Last learning rate: [1.52587890625e-08]
15-Mar-26 17:46:22 - 	 Epoch 97...
15-Mar-26 17:46:31 - Epoch: [97][  99/1176]	Time  0.092 ( 0.094)	Data  0.000 ( 0.002)	Loss 0.0000e+00 (0.0000e+00)	Acc@1 100.00 (100.00)	Acc@5 100.00 (100.00)
15-Mar-26 17:46:40 - Epoch: [97][ 199/1176]	Time  0.091 ( 0.093)	Data  0.000 ( 0.001)	Loss 0.0000e+00 (0.0000e+00)	Acc@1 100.00 (100.00)	Acc@5 100.00 (100.00)
15-Mar-26 17:46:49 - Epoch: [97][ 299/1176]	Time  0.092 ( 0.092)	Data  0.000 ( 0.001)	Loss 0.0000e+00 (0.0000e+00)	Acc@1 100.00 (100.00)	Acc@5 100.00 (100.00)
15-Mar-26 17:46:58 - Epoch: [97][ 399/1176]	Time  0.092 ( 0.092)	Data  0.000 ( 0.001)	Loss 0.0000e+00 (0.0000e+00)	Acc@1 100.00 (100.00)	Acc@5 100.00 (100.00)
15-Mar-26 17:47:08 - Epoch: [97][ 499/1176]	Time  0.088 ( 0.092)	Data  0.001 ( 0.001)	Loss 0.0000e+00 (0.0000e+00)	Acc@1 100.00 (100.00)	Acc@5 100.00 (100.00)
15-Mar-26 17:47:17 - Epoch: [97][ 599/1176]	Time  0.092 ( 0.092)	Data  0.000 ( 0.000)	Loss 0.0000e+00 (0.0000e+00)	Acc@1 100.00 (100.00)	Acc@5 100.00 (100.00)
15-Mar-26 17:47:26 - Epoch: [97][ 699/1176]	Time  0.092 ( 0.092)	Data  0.000 ( 0.000)	Loss 0.0000e+00 (0.0000e+00)	Acc@1 100.00 (100.00)	Acc@5 100.00 (100.00)
15-Mar-26 17:47:35 - Epoch: [97][ 799/1176]	Time  0.089 ( 0.092)	Data  0.000 ( 0.000)	Loss 0.0000e+00 (0.0000e+00)	Acc@1 100.00 (100.00)	Acc@5 100.00 (100.00)
15-Mar-26 17:47:44 - Epoch: [97][ 899/1176]	Time  0.100 ( 0.092)	Data  0.000 ( 0.000)	Loss 0.0000e+00 (0.0000e+00)	Acc@1 100.00 (100.00)	Acc@5 100.00 (100.00)
15-Mar-26 17:47:53 - Epoch: [97][ 999/1176]	Time  0.089 ( 0.092)	Data  0.000 ( 0.000)	Loss 0.0000e+00 (0.0000e+00)	Acc@1 100.00 (100.00)	Acc@5 100.00 (100.00)
15-Mar-26 17:48:02 - Epoch: [97][1099/1176]	Time  0.091 ( 0.092)	Data  0.000 ( 0.000)	Loss 0.0000e+00 (0.0000e+00)	Acc@1 100.00 (100.00)	Acc@5 100.00 (100.00)
15-Mar-26 17:48:09 -  @Training * Acc@1 100.000 Acc@5 100.000 Loss 0.000
15-Mar-26 17:48:09 - One training epoch latency: 107.9s | Avg Power: 231.7W | Energy: 24989.7938J
15-Mar-26 17:48:17 -  @Testing * Acc@1 95.139 Acc@5 99.653 Loss 1.269
15-Mar-26 17:48:17 - Best acc at epoch 97: 95.48611450195312
15-Mar-26 17:48:17 - Last learning rate: [1.52587890625e-08]
15-Mar-26 17:48:17 - 	 Epoch 98...
15-Mar-26 17:48:26 - Epoch: [98][  99/1176]	Time  0.092 ( 0.093)	Data  0.000 ( 0.002)	Loss 0.0000e+00 (0.0000e+00)	Acc@1 100.00 (100.00)	Acc@5 100.00 (100.00)
15-Mar-26 17:48:35 - Epoch: [98][ 199/1176]	Time  0.089 ( 0.093)	Data  0.000 ( 0.001)	Loss 0.0000e+00 (0.0000e+00)	Acc@1 100.00 (100.00)	Acc@5 100.00 (100.00)
15-Mar-26 17:48:44 - Epoch: [98][ 299/1176]	Time  0.090 ( 0.092)	Data  0.000 ( 0.001)	Loss 0.0000e+00 (0.0000e+00)	Acc@1 100.00 (100.00)	Acc@5 100.00 (100.00)
15-Mar-26 17:48:53 - Epoch: [98][ 399/1176]	Time  0.091 ( 0.092)	Data  0.000 ( 0.001)	Loss 0.0000e+00 (0.0000e+00)	Acc@1 100.00 (100.00)	Acc@5 100.00 (100.00)
15-Mar-26 17:49:03 - Epoch: [98][ 499/1176]	Time  0.091 ( 0.092)	Data  0.000 ( 0.000)	Loss 0.0000e+00 (0.0000e+00)	Acc@1 100.00 (100.00)	Acc@5 100.00 (100.00)
15-Mar-26 17:49:12 - Epoch: [98][ 599/1176]	Time  0.091 ( 0.092)	Data  0.000 ( 0.000)	Loss 0.0000e+00 (0.0000e+00)	Acc@1 100.00 (100.00)	Acc@5 100.00 (100.00)
15-Mar-26 17:49:21 - Epoch: [98][ 699/1176]	Time  0.092 ( 0.092)	Data  0.000 ( 0.000)	Loss 0.0000e+00 (0.0000e+00)	Acc@1 100.00 (100.00)	Acc@5 100.00 (100.00)
15-Mar-26 17:49:30 - Epoch: [98][ 799/1176]	Time  0.088 ( 0.092)	Data  0.000 ( 0.000)	Loss 0.0000e+00 (0.0000e+00)	Acc@1 100.00 (100.00)	Acc@5 100.00 (100.00)
15-Mar-26 17:49:39 - Epoch: [98][ 899/1176]	Time  0.098 ( 0.092)	Data  0.000 ( 0.000)	Loss 0.0000e+00 (0.0000e+00)	Acc@1 100.00 (100.00)	Acc@5 100.00 (100.00)
15-Mar-26 17:49:48 - Epoch: [98][ 999/1176]	Time  0.088 ( 0.092)	Data  0.000 ( 0.000)	Loss 0.0000e+00 (0.0000e+00)	Acc@1 100.00 (100.00)	Acc@5 100.00 (100.00)
15-Mar-26 17:49:57 - Epoch: [98][1099/1176]	Time  0.088 ( 0.092)	Data  0.000 ( 0.000)	Loss 0.0000e+00 (0.0000e+00)	Acc@1 100.00 (100.00)	Acc@5 100.00 (100.00)
15-Mar-26 17:50:04 -  @Training * Acc@1 100.000 Acc@5 100.000 Loss 0.000
15-Mar-26 17:50:05 - One training epoch latency: 107.9s | Avg Power: 231.6W | Energy: 24976.6984J
15-Mar-26 17:50:12 -  @Testing * Acc@1 95.139 Acc@5 99.653 Loss 1.245
15-Mar-26 17:50:12 - Best acc at epoch 98: 95.48611450195312
15-Mar-26 17:50:12 - Last learning rate: [1.52587890625e-08]
15-Mar-26 17:50:12 - 	 Epoch 99...
15-Mar-26 17:50:21 - Epoch: [99][  99/1176]	Time  0.099 ( 0.094)	Data  0.000 ( 0.002)	Loss 0.0000e+00 (0.0000e+00)	Acc@1 100.00 (100.00)	Acc@5 100.00 (100.00)
15-Mar-26 17:50:30 - Epoch: [99][ 199/1176]	Time  0.091 ( 0.093)	Data  0.000 ( 0.001)	Loss 0.0000e+00 (0.0000e+00)	Acc@1 100.00 (100.00)	Acc@5 100.00 (100.00)
15-Mar-26 17:50:40 - Epoch: [99][ 299/1176]	Time  0.091 ( 0.092)	Data  0.000 ( 0.001)	Loss 0.0000e+00 (0.0000e+00)	Acc@1 100.00 (100.00)	Acc@5 100.00 (100.00)
15-Mar-26 17:50:49 - Epoch: [99][ 399/1176]	Time  0.092 ( 0.092)	Data  0.000 ( 0.001)	Loss 0.0000e+00 (0.0000e+00)	Acc@1 100.00 (100.00)	Acc@5 100.00 (100.00)
15-Mar-26 17:50:58 - Epoch: [99][ 499/1176]	Time  0.089 ( 0.092)	Data  0.000 ( 0.001)	Loss 0.0000e+00 (0.0000e+00)	Acc@1 100.00 (100.00)	Acc@5 100.00 (100.00)
15-Mar-26 17:51:07 - Epoch: [99][ 599/1176]	Time  0.093 ( 0.092)	Data  0.001 ( 0.001)	Loss 0.0000e+00 (0.0000e+00)	Acc@1 100.00 (100.00)	Acc@5 100.00 (100.00)
15-Mar-26 17:51:16 - Epoch: [99][ 699/1176]	Time  0.097 ( 0.092)	Data  0.000 ( 0.000)	Loss 0.0000e+00 (0.0000e+00)	Acc@1 100.00 (100.00)	Acc@5 100.00 (100.00)
15-Mar-26 17:51:25 - Epoch: [99][ 799/1176]	Time  0.093 ( 0.092)	Data  0.000 ( 0.000)	Loss 0.0000e+00 (0.0000e+00)	Acc@1 100.00 (100.00)	Acc@5 100.00 (100.00)
15-Mar-26 17:51:34 - Epoch: [99][ 899/1176]	Time  0.091 ( 0.092)	Data  0.000 ( 0.000)	Loss 0.0000e+00 (0.0000e+00)	Acc@1 100.00 (100.00)	Acc@5 100.00 (100.00)
15-Mar-26 17:51:43 - Epoch: [99][ 999/1176]	Time  0.090 ( 0.092)	Data  0.000 ( 0.000)	Loss 0.0000e+00 (0.0000e+00)	Acc@1 100.00 (100.00)	Acc@5 100.00 (100.00)
15-Mar-26 17:51:53 - Epoch: [99][1099/1176]	Time  0.091 ( 0.092)	Data  0.000 ( 0.000)	Loss 0.0000e+00 (0.0000e+00)	Acc@1 100.00 (100.00)	Acc@5 100.00 (100.00)
15-Mar-26 17:51:59 -  @Training * Acc@1 100.000 Acc@5 100.000 Loss 0.000
15-Mar-26 17:52:00 - One training epoch latency: 107.7s | Avg Power: 231.7W | Energy: 24956.1878J
15-Mar-26 17:52:07 -  @Testing * Acc@1 94.792 Acc@5 99.653 Loss 1.295
15-Mar-26 17:52:07 - Best acc at epoch 99: 95.48611450195312
15-Mar-26 17:52:07 - Last learning rate: [1.52587890625e-08]
15-Mar-26 17:52:07 - 	 Epoch 100...
15-Mar-26 17:52:16 - Epoch: [100][  99/1176]	Time  0.091 ( 0.093)	Data  0.001 ( 0.002)	Loss 0.0000e+00 (0.0000e+00)	Acc@1 100.00 (100.00)	Acc@5 100.00 (100.00)
15-Mar-26 17:52:25 - Epoch: [100][ 199/1176]	Time  0.091 ( 0.093)	Data  0.000 ( 0.001)	Loss 0.0000e+00 (0.0000e+00)	Acc@1 100.00 (100.00)	Acc@5 100.00 (100.00)
15-Mar-26 17:52:34 - Epoch: [100][ 299/1176]	Time  0.088 ( 0.092)	Data  0.000 ( 0.001)	Loss 0.0000e+00 (0.0000e+00)	Acc@1 100.00 (100.00)	Acc@5 100.00 (100.00)
15-Mar-26 17:52:44 - Epoch: [100][ 399/1176]	Time  0.090 ( 0.092)	Data  0.000 ( 0.001)	Loss 0.0000e+00 (0.0000e+00)	Acc@1 100.00 (100.00)	Acc@5 100.00 (100.00)
15-Mar-26 17:52:53 - Epoch: [100][ 499/1176]	Time  0.091 ( 0.092)	Data  0.000 ( 0.001)	Loss 0.0000e+00 (0.0000e+00)	Acc@1 100.00 (100.00)	Acc@5 100.00 (100.00)
15-Mar-26 17:53:02 - Epoch: [100][ 599/1176]	Time  0.089 ( 0.092)	Data  0.000 ( 0.000)	Loss 0.0000e+00 (0.0000e+00)	Acc@1 100.00 (100.00)	Acc@5 100.00 (100.00)
15-Mar-26 17:53:11 - Epoch: [100][ 699/1176]	Time  0.090 ( 0.092)	Data  0.000 ( 0.000)	Loss 0.0000e+00 (0.0000e+00)	Acc@1 100.00 (100.00)	Acc@5 100.00 (100.00)
15-Mar-26 17:53:20 - Epoch: [100][ 799/1176]	Time  0.090 ( 0.092)	Data  0.000 ( 0.000)	Loss 0.0000e+00 (0.0000e+00)	Acc@1 100.00 (100.00)	Acc@5 100.00 (100.00)
15-Mar-26 17:53:29 - Epoch: [100][ 899/1176]	Time  0.094 ( 0.092)	Data  0.000 ( 0.000)	Loss 0.0000e+00 (0.0000e+00)	Acc@1 100.00 (100.00)	Acc@5 100.00 (100.00)
15-Mar-26 17:53:38 - Epoch: [100][ 999/1176]	Time  0.114 ( 0.092)	Data  0.000 ( 0.000)	Loss 0.0000e+00 (0.0000e+00)	Acc@1 100.00 (100.00)	Acc@5 100.00 (100.00)
15-Mar-26 17:53:47 - Epoch: [100][1099/1176]	Time  0.092 ( 0.091)	Data  0.000 ( 0.000)	Loss 0.0000e+00 (0.0000e+00)	Acc@1 100.00 (100.00)	Acc@5 100.00 (100.00)
15-Mar-26 17:53:54 -  @Training * Acc@1 100.000 Acc@5 100.000 Loss 0.000
15-Mar-26 17:53:54 - One training epoch latency: 107.6s | Avg Power: 232.8W | Energy: 25048.7452J
15-Mar-26 17:54:01 -  @Testing * Acc@1 94.792 Acc@5 99.653 Loss 1.285
15-Mar-26 17:54:01 - Best acc at epoch 100: 95.48611450195312
15-Mar-26 17:54:01 - Last learning rate: [1.52587890625e-08]
