22-Jan-26 07:29:55 - Namespace(arch='dvscifar10_tessvgg_model', cpu=False, dataset='CIFAR10DVS', save_path='./experiments/CIFAR10DVS_VGG_Lonic_wn_int4_ternary_int8', data_path='../SLTT-main/data', trials=1, epochs=100, optimizer='Adam', loss='CE', lr=1.5625e-05, lr_conv=1.5625e-05, batch_size=1, val_batch_size=64, label_encoding='class', activation='LinearSpike', seed=10, pretrained_model=None, training_mode='tess', delay_ls=10, scheduler=100, print_freq=1000, factors_stdp=[0.2, 0.5, 0.0, 1.0], pooling='MAX', weight_decay=0, lr_scheduler_type='ReduceLR', experiment_name='DVSCIFAR10', wn=True, avoid_wn=False, low_precision_training=True, forward_intx=4)
22-Jan-26 07:29:55 - => Everything will be saved to ./experiments/CIFAR10DVS_VGG_Lonic_wn_int4_ternary_int8
22-Jan-26 07:29:56 - CUDA GPU will be used for computations
22-Jan-26 07:29:56 - Training set length: 9000
22-Jan-26 07:29:56 - Test set length: 1000
22-Jan-26 07:29:56 - Activation used: None
22-Jan-26 07:29:56 - Total Parameters: 9222.3K
22-Jan-26 07:29:56 - === Model ===
22-Jan-26 07:29:56 - VGGConvModel(
  (conv_block1): LocalLearningSignalGenerationLayer(
    (block): ConvBlock(
      (pool): Identity()
      (conv): Conv2dSTDP(2, 64, kernel_size=(3, 3), stride=(1, 1), padding=(1, 1), bias=False, threshold=0.60, leak=0.50, reset=soft, grad_leak=False, grad_threshold=False, factors=tensor([0.2000, 0.5000, 0.0000, 1.0000], device='cuda:0'))
      (dropout): DropoutLIF(
        Dropout(p=0.0, inplace=False)
        (dropout): Dropout(p=0.0, inplace=False)
      )
    )
  )
  (conv_block2): LocalLearningSignalGenerationLayer(
    (block): ConvBlock(
      (pool): MaxPool2d(kernel_size=2, stride=2, padding=0, dilation=1, ceil_mode=False)
      (conv): Conv2dSTDP(64, 128, kernel_size=(3, 3), stride=(1, 1), padding=(1, 1), bias=False, threshold=0.60, leak=0.50, reset=soft, grad_leak=False, grad_threshold=False, factors=tensor([0.2000, 0.5000, 0.0000, 1.0000], device='cuda:0'))
      (dropout): DropoutLIF(
        Dropout(p=0.0, inplace=False)
        (dropout): Dropout(p=0.0, inplace=False)
      )
    )
  )
  (conv_block3): LocalLearningSignalGenerationLayer(
    (block): ConvBlock(
      (pool): Identity()
      (conv): Conv2dSTDP(128, 256, kernel_size=(3, 3), stride=(1, 1), padding=(1, 1), bias=False, threshold=0.60, leak=0.50, reset=soft, grad_leak=False, grad_threshold=False, factors=tensor([0.2000, 0.5000, 0.0000, 1.0000], device='cuda:0'))
      (dropout): DropoutLIF(
        Dropout(p=0.0, inplace=False)
        (dropout): Dropout(p=0.0, inplace=False)
      )
    )
  )
  (conv_block4): LocalLearningSignalGenerationLayer(
    (block): ConvBlock(
      (pool): MaxPool2d(kernel_size=2, stride=2, padding=0, dilation=1, ceil_mode=False)
      (conv): Conv2dSTDP(256, 256, kernel_size=(3, 3), stride=(1, 1), padding=(1, 1), bias=False, threshold=0.60, leak=0.50, reset=soft, grad_leak=False, grad_threshold=False, factors=tensor([0.2000, 0.5000, 0.0000, 1.0000], device='cuda:0'))
      (dropout): DropoutLIF(
        Dropout(p=0.0, inplace=False)
        (dropout): Dropout(p=0.0, inplace=False)
      )
    )
  )
  (conv_block5): LocalLearningSignalGenerationLayer(
    (block): ConvBlock(
      (pool): Identity()
      (conv): Conv2dSTDP(256, 512, kernel_size=(3, 3), stride=(1, 1), padding=(1, 1), bias=False, threshold=0.60, leak=0.50, reset=soft, grad_leak=False, grad_threshold=False, factors=tensor([0.2000, 0.5000, 0.0000, 1.0000], device='cuda:0'))
      (dropout): DropoutLIF(
        Dropout(p=0.0, inplace=False)
        (dropout): Dropout(p=0.0, inplace=False)
      )
    )
  )
  (conv_block6): LocalLearningSignalGenerationLayer(
    (block): ConvBlock(
      (pool): MaxPool2d(kernel_size=2, stride=2, padding=0, dilation=1, ceil_mode=False)
      (conv): Conv2dSTDP(512, 512, kernel_size=(3, 3), stride=(1, 1), padding=(1, 1), bias=False, threshold=0.60, leak=0.50, reset=soft, grad_leak=False, grad_threshold=False, factors=tensor([0.2000, 0.5000, 0.0000, 1.0000], device='cuda:0'))
      (dropout): DropoutLIF(
        Dropout(p=0.0, inplace=False)
        (dropout): Dropout(p=0.0, inplace=False)
      )
    )
  )
  (conv_block7): LocalLearningSignalGenerationLayer(
    (block): ConvBlock(
      (pool): Identity()
      (conv): Conv2dSTDP(512, 512, kernel_size=(3, 3), stride=(1, 1), padding=(1, 1), bias=False, threshold=0.60, leak=0.50, reset=soft, grad_leak=False, grad_threshold=False, factors=tensor([0.2000, 0.5000, 0.0000, 1.0000], device='cuda:0'))
      (dropout): DropoutLIF(
        Dropout(p=0.0, inplace=False)
        (dropout): Dropout(p=0.0, inplace=False)
      )
    )
  )
  (conv_block8): LocalLearningSignalGenerationLayer(
    (block): ConvBlock(
      (pool): AdaptiveAvgPool2d(output_size=1)
      (conv): Conv2dSTDP(512, 512, kernel_size=(3, 3), stride=(1, 1), padding=(1, 1), bias=False, threshold=0.60, leak=0.50, reset=soft, grad_leak=False, grad_threshold=False, factors=tensor([0.2000, 0.5000, 0.0000, 1.0000], device='cuda:0'))
      (dropout): DropoutLIF(
        Dropout(p=0.0, inplace=False)
        (dropout): Dropout(p=0.0, inplace=False)
      )
    )
  )
  (linear): Linear(in_features=512, out_features=10, bias=True)
)
22-Jan-26 07:29:56 - 
=== Starting model training with 100 epochs:

22-Jan-26 07:29:56 - 	 Epoch 1...
22-Jan-26 07:31:16 - Epoch: [1][ 999/9000]	Time  0.074 ( 0.080)	Data  0.001 ( 0.002)	Loss 1.0855e+00 (3.3321e+00)	Acc@1   0.00 ( 13.80)	Acc@5 100.00 ( 63.00)
22-Jan-26 07:32:36 - Epoch: [1][1999/9000]	Time  0.079 ( 0.080)	Data  0.001 ( 0.002)	Loss 1.9984e+00 (4.2176e+00)	Acc@1   0.00 ( 19.35)	Acc@5 100.00 ( 70.30)
22-Jan-26 07:33:55 - Epoch: [1][2999/9000]	Time  0.093 ( 0.079)	Data  0.001 ( 0.002)	Loss 3.3724e-02 (4.6886e+00)	Acc@1 100.00 ( 22.30)	Acc@5 100.00 ( 73.57)
22-Jan-26 07:35:11 - Epoch: [1][3999/9000]	Time  0.083 ( 0.079)	Data  0.001 ( 0.002)	Loss 9.9261e+00 (4.9431e+00)	Acc@1   0.00 ( 24.93)	Acc@5   0.00 ( 75.83)
22-Jan-26 07:36:29 - Epoch: [1][4999/9000]	Time  0.081 ( 0.078)	Data  0.001 ( 0.002)	Loss 1.2462e+00 (5.0904e+00)	Acc@1   0.00 ( 27.12)	Acc@5 100.00 ( 77.76)
22-Jan-26 07:37:45 - Epoch: [1][5999/9000]	Time  0.068 ( 0.078)	Data  0.001 ( 0.002)	Loss 1.8569e+00 (5.2137e+00)	Acc@1   0.00 ( 28.47)	Acc@5 100.00 ( 79.22)
22-Jan-26 07:39:03 - Epoch: [1][6999/9000]	Time  0.070 ( 0.078)	Data  0.001 ( 0.002)	Loss 8.4567e+00 (5.3145e+00)	Acc@1   0.00 ( 29.57)	Acc@5 100.00 ( 79.94)
22-Jan-26 07:40:20 - Epoch: [1][7999/9000]	Time  0.095 ( 0.078)	Data  0.003 ( 0.002)	Loss 3.9728e+00 (5.3367e+00)	Acc@1   0.00 ( 30.83)	Acc@5 100.00 ( 81.01)
22-Jan-26 07:41:37 - Epoch: [1][8999/9000]	Time  0.060 ( 0.078)	Data  0.002 ( 0.002)	Loss 1.4050e+01 (5.4362e+00)	Acc@1   0.00 ( 31.56)	Acc@5 100.00 ( 81.63)
22-Jan-26 07:41:37 -  @Training * Acc@1 31.556 Acc@5 81.633 Loss 5.436
22-Jan-26 07:41:37 - One training epoch latency: 700.2s | Avg Power: 183.4W | Energy: 128443.2141J
22-Jan-26 07:41:47 -  @Testing * Acc@1 38.100 Acc@5 86.200 Loss 6.143
22-Jan-26 07:41:47 - Best acc at epoch 1: 38.10000228881836
22-Jan-26 07:41:47 - Last learning rate: [1.5625e-05]
22-Jan-26 07:41:47 - 	 Epoch 2...
22-Jan-26 07:43:05 - Epoch: [2][ 999/9000]	Time  0.067 ( 0.078)	Data  0.001 ( 0.002)	Loss 1.2412e+00 (5.6266e+00)	Acc@1   0.00 ( 41.30)	Acc@5 100.00 ( 86.60)
22-Jan-26 07:44:22 - Epoch: [2][1999/9000]	Time  0.076 ( 0.077)	Data  0.001 ( 0.002)	Loss 3.5568e+00 (5.6328e+00)	Acc@1   0.00 ( 42.90)	Acc@5 100.00 ( 87.20)
22-Jan-26 07:45:39 - Epoch: [2][2999/9000]	Time  0.080 ( 0.077)	Data  0.001 ( 0.002)	Loss 5.3701e-04 (5.6344e+00)	Acc@1 100.00 ( 42.77)	Acc@5 100.00 ( 88.00)
22-Jan-26 07:46:56 - Epoch: [2][3999/9000]	Time  0.073 ( 0.077)	Data  0.001 ( 0.002)	Loss 3.3638e-03 (5.6179e+00)	Acc@1 100.00 ( 43.68)	Acc@5 100.00 ( 88.68)
22-Jan-26 07:48:14 - Epoch: [2][4999/9000]	Time  0.085 ( 0.077)	Data  0.002 ( 0.002)	Loss 1.9429e+00 (5.6119e+00)	Acc@1   0.00 ( 43.94)	Acc@5 100.00 ( 88.98)
22-Jan-26 07:49:31 - Epoch: [2][5999/9000]	Time  0.067 ( 0.077)	Data  0.001 ( 0.002)	Loss 2.9961e+00 (5.6497e+00)	Acc@1   0.00 ( 43.98)	Acc@5 100.00 ( 89.20)
22-Jan-26 07:50:47 - Epoch: [2][6999/9000]	Time  0.083 ( 0.077)	Data  0.001 ( 0.002)	Loss 2.5716e+01 (5.6548e+00)	Acc@1   0.00 ( 43.90)	Acc@5   0.00 ( 89.26)
22-Jan-26 07:52:05 - Epoch: [2][7999/9000]	Time  0.077 ( 0.077)	Data  0.001 ( 0.002)	Loss 3.9340e-02 (5.6639e+00)	Acc@1 100.00 ( 44.05)	Acc@5 100.00 ( 89.56)
22-Jan-26 07:53:22 - Epoch: [2][8999/9000]	Time  0.063 ( 0.077)	Data  0.002 ( 0.002)	Loss 1.9502e+01 (5.6220e+00)	Acc@1   0.00 ( 44.53)	Acc@5 100.00 ( 89.72)
22-Jan-26 07:53:22 -  @Training * Acc@1 44.533 Acc@5 89.722 Loss 5.622
22-Jan-26 07:53:22 - One training epoch latency: 694.6s | Avg Power: 185.4W | Energy: 128764.9859J
22-Jan-26 07:53:32 -  @Testing * Acc@1 46.700 Acc@5 91.700 Loss 5.029
22-Jan-26 07:53:32 - Best acc at epoch 2: 46.70000076293945
22-Jan-26 07:53:32 - Last learning rate: [1.5625e-05]
22-Jan-26 07:53:32 - 	 Epoch 3...
22-Jan-26 07:54:50 - Epoch: [3][ 999/9000]	Time  0.073 ( 0.078)	Data  0.001 ( 0.002)	Loss 0.0000e+00 (5.5119e+00)	Acc@1 100.00 ( 48.20)	Acc@5 100.00 ( 90.80)
22-Jan-26 07:56:07 - Epoch: [3][1999/9000]	Time  0.077 ( 0.078)	Data  0.001 ( 0.002)	Loss 2.6764e+01 (5.5212e+00)	Acc@1   0.00 ( 46.70)	Acc@5 100.00 ( 90.70)
22-Jan-26 07:57:25 - Epoch: [3][2999/9000]	Time  0.071 ( 0.078)	Data  0.001 ( 0.001)	Loss 2.8280e+00 (5.4369e+00)	Acc@1   0.00 ( 47.53)	Acc@5 100.00 ( 91.10)
22-Jan-26 07:58:42 - Epoch: [3][3999/9000]	Time  0.088 ( 0.077)	Data  0.001 ( 0.001)	Loss 3.3379e-06 (5.3472e+00)	Acc@1 100.00 ( 48.23)	Acc@5 100.00 ( 91.48)
22-Jan-26 08:00:00 - Epoch: [3][4999/9000]	Time  0.077 ( 0.077)	Data  0.001 ( 0.001)	Loss 5.5450e+00 (5.2831e+00)	Acc@1   0.00 ( 48.84)	Acc@5 100.00 ( 91.68)
22-Jan-26 08:01:17 - Epoch: [3][5999/9000]	Time  0.083 ( 0.077)	Data  0.001 ( 0.001)	Loss 0.0000e+00 (5.3699e+00)	Acc@1 100.00 ( 48.92)	Acc@5 100.00 ( 91.67)
22-Jan-26 08:02:34 - Epoch: [3][6999/9000]	Time  0.074 ( 0.077)	Data  0.001 ( 0.001)	Loss 1.3471e-05 (5.3973e+00)	Acc@1 100.00 ( 49.06)	Acc@5 100.00 ( 91.74)
22-Jan-26 08:03:52 - Epoch: [3][7999/9000]	Time  0.070 ( 0.077)	Data  0.001 ( 0.001)	Loss 1.8728e-02 (5.3825e+00)	Acc@1 100.00 ( 49.19)	Acc@5 100.00 ( 91.83)
22-Jan-26 08:05:09 - Epoch: [3][8999/9000]	Time  0.068 ( 0.077)	Data  0.001 ( 0.001)	Loss 4.3404e+00 (5.3783e+00)	Acc@1   0.00 ( 49.72)	Acc@5 100.00 ( 91.77)
22-Jan-26 08:05:09 -  @Training * Acc@1 49.722 Acc@5 91.767 Loss 5.378
22-Jan-26 08:05:09 - One training epoch latency: 696.7s | Avg Power: 185.1W | Energy: 128931.7301J
22-Jan-26 08:05:20 -  @Testing * Acc@1 52.500 Acc@5 92.400 Loss 5.186
22-Jan-26 08:05:20 - Best acc at epoch 3: 52.500003814697266
22-Jan-26 08:05:20 - Last learning rate: [1.5625e-05]
22-Jan-26 08:05:20 - 	 Epoch 4...
22-Jan-26 08:06:38 - Epoch: [4][ 999/9000]	Time  0.083 ( 0.078)	Data  0.001 ( 0.002)	Loss 6.3378e-02 (4.7301e+00)	Acc@1 100.00 ( 53.10)	Acc@5 100.00 ( 94.90)
22-Jan-26 08:07:55 - Epoch: [4][1999/9000]	Time  0.072 ( 0.077)	Data  0.002 ( 0.002)	Loss 7.3120e-04 (4.9360e+00)	Acc@1 100.00 ( 53.30)	Acc@5 100.00 ( 94.25)
22-Jan-26 08:09:12 - Epoch: [4][2999/9000]	Time  0.080 ( 0.077)	Data  0.003 ( 0.002)	Loss 2.4223e+01 (5.0631e+00)	Acc@1   0.00 ( 52.77)	Acc@5   0.00 ( 93.67)
22-Jan-26 08:10:29 - Epoch: [4][3999/9000]	Time  0.068 ( 0.077)	Data  0.001 ( 0.001)	Loss 1.7084e+01 (5.0793e+00)	Acc@1   0.00 ( 52.83)	Acc@5 100.00 ( 93.65)
22-Jan-26 08:11:46 - Epoch: [4][4999/9000]	Time  0.076 ( 0.077)	Data  0.002 ( 0.001)	Loss 3.5763e-07 (5.0077e+00)	Acc@1 100.00 ( 53.22)	Acc@5 100.00 ( 93.68)
22-Jan-26 08:13:04 - Epoch: [4][5999/9000]	Time  0.071 ( 0.077)	Data  0.001 ( 0.001)	Loss 0.0000e+00 (4.9860e+00)	Acc@1 100.00 ( 53.58)	Acc@5 100.00 ( 93.75)
22-Jan-26 08:14:21 - Epoch: [4][6999/9000]	Time  0.074 ( 0.077)	Data  0.001 ( 0.001)	Loss 7.2372e-01 (5.0443e+00)	Acc@1   0.00 ( 53.51)	Acc@5 100.00 ( 93.77)
22-Jan-26 08:15:38 - Epoch: [4][7999/9000]	Time  0.108 ( 0.077)	Data  0.002 ( 0.001)	Loss 1.4304e-04 (5.0970e+00)	Acc@1 100.00 ( 53.41)	Acc@5 100.00 ( 93.60)
22-Jan-26 08:16:55 - Epoch: [4][8999/9000]	Time  0.073 ( 0.077)	Data  0.005 ( 0.001)	Loss 2.5255e-01 (5.0820e+00)	Acc@1 100.00 ( 53.53)	Acc@5 100.00 ( 93.69)
22-Jan-26 08:16:55 -  @Training * Acc@1 53.533 Acc@5 93.689 Loss 5.082
22-Jan-26 08:16:55 - One training epoch latency: 695.6s | Avg Power: 185.7W | Energy: 129194.7895J
22-Jan-26 08:17:06 -  @Testing * Acc@1 56.200 Acc@5 93.700 Loss 5.097
22-Jan-26 08:17:06 - Best acc at epoch 4: 56.20000076293945
22-Jan-26 08:17:06 - Last learning rate: [1.5625e-05]
22-Jan-26 08:17:06 - 	 Epoch 5...
22-Jan-26 08:18:24 - Epoch: [5][ 999/9000]	Time  0.073 ( 0.078)	Data  0.001 ( 0.002)	Loss 7.2285e-03 (4.9787e+00)	Acc@1 100.00 ( 55.60)	Acc@5 100.00 ( 94.10)
22-Jan-26 08:19:41 - Epoch: [5][1999/9000]	Time  0.077 ( 0.078)	Data  0.002 ( 0.002)	Loss 1.4634e+01 (4.7457e+00)	Acc@1   0.00 ( 56.20)	Acc@5   0.00 ( 94.55)
22-Jan-26 08:20:59 - Epoch: [5][2999/9000]	Time  0.074 ( 0.078)	Data  0.001 ( 0.002)	Loss 1.5784e+01 (4.6636e+00)	Acc@1   0.00 ( 57.13)	Acc@5   0.00 ( 94.47)
22-Jan-26 08:22:16 - Epoch: [5][3999/9000]	Time  0.068 ( 0.078)	Data  0.001 ( 0.001)	Loss 2.6470e+01 (4.5652e+00)	Acc@1   0.00 ( 57.70)	Acc@5   0.00 ( 94.75)
22-Jan-26 08:23:34 - Epoch: [5][4999/9000]	Time  0.070 ( 0.078)	Data  0.001 ( 0.001)	Loss 3.2816e+01 (4.6289e+00)	Acc@1   0.00 ( 57.78)	Acc@5   0.00 ( 94.80)
22-Jan-26 08:24:52 - Epoch: [5][5999/9000]	Time  0.073 ( 0.078)	Data  0.001 ( 0.001)	Loss 1.5933e+01 (4.6392e+00)	Acc@1   0.00 ( 57.80)	Acc@5 100.00 ( 94.98)
22-Jan-26 08:26:09 - Epoch: [5][6999/9000]	Time  0.088 ( 0.078)	Data  0.001 ( 0.001)	Loss 6.5518e+00 (4.6656e+00)	Acc@1   0.00 ( 57.69)	Acc@5 100.00 ( 94.81)
22-Jan-26 08:27:27 - Epoch: [5][7999/9000]	Time  0.077 ( 0.078)	Data  0.002 ( 0.001)	Loss 1.1282e-02 (4.6706e+00)	Acc@1 100.00 ( 57.64)	Acc@5 100.00 ( 94.90)
22-Jan-26 08:28:44 - Epoch: [5][8999/9000]	Time  0.065 ( 0.078)	Data  0.001 ( 0.001)	Loss 1.5731e+01 (4.6974e+00)	Acc@1   0.00 ( 57.81)	Acc@5 100.00 ( 94.84)
22-Jan-26 08:28:44 -  @Training * Acc@1 57.811 Acc@5 94.844 Loss 4.697
22-Jan-26 08:28:44 - One training epoch latency: 698.3s | Avg Power: 185.4W | Energy: 129455.3840J
22-Jan-26 08:28:55 -  @Testing * Acc@1 52.700 Acc@5 93.800 Loss 6.279
22-Jan-26 08:28:55 - Best acc at epoch 5: 56.20000076293945
22-Jan-26 08:28:55 - Last learning rate: [1.5625e-05]
22-Jan-26 08:28:55 - 	 Epoch 6...
22-Jan-26 08:30:13 - Epoch: [6][ 999/9000]	Time  0.071 ( 0.078)	Data  0.001 ( 0.002)	Loss 7.1526e-07 (4.7815e+00)	Acc@1 100.00 ( 58.90)	Acc@5 100.00 ( 95.00)
22-Jan-26 08:31:30 - Epoch: [6][1999/9000]	Time  0.080 ( 0.078)	Data  0.003 ( 0.002)	Loss 0.0000e+00 (4.3825e+00)	Acc@1 100.00 ( 59.40)	Acc@5 100.00 ( 95.90)
22-Jan-26 08:32:48 - Epoch: [6][2999/9000]	Time  0.071 ( 0.078)	Data  0.001 ( 0.002)	Loss 6.7949e-06 (4.4285e+00)	Acc@1 100.00 ( 60.27)	Acc@5 100.00 ( 95.90)
22-Jan-26 08:34:05 - Epoch: [6][3999/9000]	Time  0.068 ( 0.078)	Data  0.001 ( 0.002)	Loss 0.0000e+00 (4.4860e+00)	Acc@1 100.00 ( 60.05)	Acc@5 100.00 ( 95.75)
22-Jan-26 08:35:22 - Epoch: [6][4999/9000]	Time  0.069 ( 0.077)	Data  0.001 ( 0.002)	Loss 0.0000e+00 (4.4221e+00)	Acc@1 100.00 ( 60.64)	Acc@5 100.00 ( 95.68)
22-Jan-26 08:36:40 - Epoch: [6][5999/9000]	Time  0.084 ( 0.077)	Data  0.001 ( 0.002)	Loss 5.7958e+00 (4.4172e+00)	Acc@1   0.00 ( 60.83)	Acc@5 100.00 ( 95.73)
22-Jan-26 08:37:57 - Epoch: [6][6999/9000]	Time  0.070 ( 0.077)	Data  0.002 ( 0.002)	Loss 0.0000e+00 (4.4365e+00)	Acc@1 100.00 ( 60.70)	Acc@5 100.00 ( 95.80)
22-Jan-26 08:39:14 - Epoch: [6][7999/9000]	Time  0.070 ( 0.077)	Data  0.001 ( 0.002)	Loss 1.1921e-07 (4.4069e+00)	Acc@1 100.00 ( 60.83)	Acc@5 100.00 ( 95.83)
22-Jan-26 08:40:31 - Epoch: [6][8999/9000]	Time  0.057 ( 0.077)	Data  0.001 ( 0.001)	Loss 1.3350e-03 (4.3959e+00)	Acc@1 100.00 ( 61.11)	Acc@5 100.00 ( 95.84)
22-Jan-26 08:40:31 -  @Training * Acc@1 61.111 Acc@5 95.844 Loss 4.396
22-Jan-26 08:40:31 - One training epoch latency: 696.3s | Avg Power: 185.3W | Energy: 129040.1979J
22-Jan-26 08:40:42 -  @Testing * Acc@1 57.800 Acc@5 94.600 Loss 5.529
22-Jan-26 08:40:42 - Best acc at epoch 6: 57.80000305175781
22-Jan-26 08:40:42 - Last learning rate: [1.5625e-05]
22-Jan-26 08:40:42 - 	 Epoch 7...
22-Jan-26 08:42:00 - Epoch: [7][ 999/9000]	Time  0.086 ( 0.078)	Data  0.003 ( 0.002)	Loss 1.0729e-06 (3.9255e+00)	Acc@1 100.00 ( 62.20)	Acc@5 100.00 ( 96.60)
22-Jan-26 08:43:17 - Epoch: [7][1999/9000]	Time  0.068 ( 0.078)	Data  0.001 ( 0.002)	Loss 2.3842e-07 (4.0503e+00)	Acc@1 100.00 ( 62.95)	Acc@5 100.00 ( 96.80)
22-Jan-26 08:44:35 - Epoch: [7][2999/9000]	Time  0.080 ( 0.078)	Data  0.001 ( 0.002)	Loss 2.9802e-06 (3.9797e+00)	Acc@1 100.00 ( 62.93)	Acc@5 100.00 ( 97.00)
22-Jan-26 08:45:52 - Epoch: [7][3999/9000]	Time  0.079 ( 0.078)	Data  0.002 ( 0.002)	Loss 3.0332e+00 (3.9943e+00)	Acc@1   0.00 ( 63.08)	Acc@5 100.00 ( 97.03)
22-Jan-26 08:47:09 - Epoch: [7][4999/9000]	Time  0.069 ( 0.078)	Data  0.001 ( 0.002)	Loss 1.4877e+00 (4.0039e+00)	Acc@1   0.00 ( 63.52)	Acc@5 100.00 ( 96.90)
22-Jan-26 08:48:27 - Epoch: [7][5999/9000]	Time  0.078 ( 0.078)	Data  0.002 ( 0.002)	Loss 1.2104e+01 (4.0378e+00)	Acc@1   0.00 ( 63.37)	Acc@5 100.00 ( 96.92)
22-Jan-26 08:49:45 - Epoch: [7][6999/9000]	Time  0.073 ( 0.078)	Data  0.001 ( 0.002)	Loss 7.9241e+00 (4.0583e+00)	Acc@1   0.00 ( 63.54)	Acc@5 100.00 ( 96.71)
22-Jan-26 08:51:02 - Epoch: [7][7999/9000]	Time  0.069 ( 0.078)	Data  0.001 ( 0.001)	Loss 0.0000e+00 (4.1093e+00)	Acc@1 100.00 ( 63.38)	Acc@5 100.00 ( 96.51)
22-Jan-26 08:52:19 - Epoch: [7][8999/9000]	Time  0.058 ( 0.077)	Data  0.001 ( 0.002)	Loss 1.1921e-07 (4.0959e+00)	Acc@1 100.00 ( 63.71)	Acc@5 100.00 ( 96.56)
22-Jan-26 08:52:19 -  @Training * Acc@1 63.711 Acc@5 96.556 Loss 4.096
22-Jan-26 08:52:19 - One training epoch latency: 697.6s | Avg Power: 184.9W | Energy: 128971.1627J
22-Jan-26 08:52:30 -  @Testing * Acc@1 63.000 Acc@5 95.900 Loss 4.803
22-Jan-26 08:52:30 - Best acc at epoch 7: 63.000003814697266
22-Jan-26 08:52:30 - Last learning rate: [1.5625e-05]
22-Jan-26 08:52:30 - 	 Epoch 8...
22-Jan-26 08:53:48 - Epoch: [8][ 999/9000]	Time  0.069 ( 0.078)	Data  0.001 ( 0.002)	Loss 1.1921e-06 (3.5499e+00)	Acc@1 100.00 ( 67.00)	Acc@5 100.00 ( 97.20)
22-Jan-26 08:55:05 - Epoch: [8][1999/9000]	Time  0.066 ( 0.078)	Data  0.001 ( 0.002)	Loss 1.3610e+00 (3.7489e+00)	Acc@1   0.00 ( 67.00)	Acc@5 100.00 ( 96.55)
22-Jan-26 08:56:23 - Epoch: [8][2999/9000]	Time  0.079 ( 0.078)	Data  0.001 ( 0.002)	Loss 7.6294e-06 (3.8356e+00)	Acc@1 100.00 ( 66.47)	Acc@5 100.00 ( 96.73)
22-Jan-26 08:57:40 - Epoch: [8][3999/9000]	Time  0.069 ( 0.078)	Data  0.001 ( 0.002)	Loss 0.0000e+00 (3.8239e+00)	Acc@1 100.00 ( 66.30)	Acc@5 100.00 ( 96.93)
22-Jan-26 08:58:57 - Epoch: [8][4999/9000]	Time  0.075 ( 0.078)	Data  0.001 ( 0.002)	Loss 2.2157e+01 (3.8344e+00)	Acc@1   0.00 ( 66.14)	Acc@5 100.00 ( 96.88)
22-Jan-26 09:00:15 - Epoch: [8][5999/9000]	Time  0.076 ( 0.078)	Data  0.002 ( 0.002)	Loss 3.3668e+01 (3.7963e+00)	Acc@1   0.00 ( 66.57)	Acc@5 100.00 ( 96.95)
22-Jan-26 09:01:32 - Epoch: [8][6999/9000]	Time  0.080 ( 0.077)	Data  0.001 ( 0.002)	Loss 0.0000e+00 (3.7746e+00)	Acc@1 100.00 ( 66.73)	Acc@5 100.00 ( 97.06)
22-Jan-26 09:02:49 - Epoch: [8][7999/9000]	Time  0.075 ( 0.077)	Data  0.001 ( 0.002)	Loss 7.9521e-03 (3.8535e+00)	Acc@1 100.00 ( 66.49)	Acc@5 100.00 ( 96.98)
22-Jan-26 09:04:07 - Epoch: [8][8999/9000]	Time  0.061 ( 0.077)	Data  0.001 ( 0.002)	Loss 1.7106e+01 (3.8877e+00)	Acc@1   0.00 ( 66.41)	Acc@5 100.00 ( 96.98)
22-Jan-26 09:04:07 -  @Training * Acc@1 66.411 Acc@5 96.978 Loss 3.888
22-Jan-26 09:04:07 - One training epoch latency: 697.1s | Avg Power: 185.3W | Energy: 129173.7027J
22-Jan-26 09:04:17 -  @Testing * Acc@1 63.400 Acc@5 96.200 Loss 4.389
22-Jan-26 09:04:17 - Best acc at epoch 8: 63.400001525878906
22-Jan-26 09:04:17 - Last learning rate: [1.5625e-05]
22-Jan-26 09:04:17 - 	 Epoch 9...
22-Jan-26 09:05:35 - Epoch: [9][ 999/9000]	Time  0.071 ( 0.077)	Data  0.001 ( 0.002)	Loss 0.0000e+00 (3.2792e+00)	Acc@1 100.00 ( 70.30)	Acc@5 100.00 ( 97.10)
22-Jan-26 09:06:52 - Epoch: [9][1999/9000]	Time  0.067 ( 0.077)	Data  0.001 ( 0.002)	Loss 1.2994e-05 (3.3247e+00)	Acc@1 100.00 ( 69.85)	Acc@5 100.00 ( 97.30)
22-Jan-26 09:08:09 - Epoch: [9][2999/9000]	Time  0.076 ( 0.077)	Data  0.002 ( 0.001)	Loss 9.5202e+00 (3.3663e+00)	Acc@1   0.00 ( 70.30)	Acc@5 100.00 ( 97.33)
22-Jan-26 09:09:26 - Epoch: [9][3999/9000]	Time  0.078 ( 0.077)	Data  0.001 ( 0.001)	Loss 5.1260e-06 (3.4935e+00)	Acc@1 100.00 ( 69.45)	Acc@5 100.00 ( 97.48)
22-Jan-26 09:10:43 - Epoch: [9][4999/9000]	Time  0.079 ( 0.077)	Data  0.001 ( 0.001)	Loss 0.0000e+00 (3.5808e+00)	Acc@1 100.00 ( 68.70)	Acc@5 100.00 ( 97.32)
22-Jan-26 09:12:00 - Epoch: [9][5999/9000]	Time  0.075 ( 0.077)	Data  0.002 ( 0.001)	Loss 0.0000e+00 (3.6020e+00)	Acc@1 100.00 ( 68.57)	Acc@5 100.00 ( 97.33)
22-Jan-26 09:13:17 - Epoch: [9][6999/9000]	Time  0.074 ( 0.077)	Data  0.001 ( 0.001)	Loss 5.3776e+00 (3.5894e+00)	Acc@1   0.00 ( 68.77)	Acc@5 100.00 ( 97.41)
22-Jan-26 09:14:35 - Epoch: [9][7999/9000]	Time  0.076 ( 0.077)	Data  0.001 ( 0.001)	Loss 4.3114e-02 (3.6302e+00)	Acc@1 100.00 ( 68.71)	Acc@5 100.00 ( 97.33)
22-Jan-26 09:15:53 - Epoch: [9][8999/9000]	Time  0.076 ( 0.077)	Data  0.001 ( 0.001)	Loss 2.8944e+00 (3.5607e+00)	Acc@1   0.00 ( 69.04)	Acc@5 100.00 ( 97.36)
22-Jan-26 09:15:53 -  @Training * Acc@1 69.044 Acc@5 97.356 Loss 3.561
22-Jan-26 09:15:53 - One training epoch latency: 695.5s | Avg Power: 185.4W | Energy: 128918.3745J
22-Jan-26 09:16:03 -  @Testing * Acc@1 65.600 Acc@5 96.300 Loss 4.645
22-Jan-26 09:16:03 - Best acc at epoch 9: 65.60000610351562
22-Jan-26 09:16:03 - Last learning rate: [1.5625e-05]
22-Jan-26 09:16:03 - 	 Epoch 10...
22-Jan-26 09:17:21 - Epoch: [10][ 999/9000]	Time  0.078 ( 0.078)	Data  0.001 ( 0.002)	Loss 1.7674e+01 (3.4090e+00)	Acc@1   0.00 ( 72.00)	Acc@5 100.00 ( 98.00)
22-Jan-26 09:18:38 - Epoch: [10][1999/9000]	Time  0.070 ( 0.078)	Data  0.001 ( 0.002)	Loss 8.7254e+00 (3.3803e+00)	Acc@1   0.00 ( 71.40)	Acc@5 100.00 ( 97.85)
22-Jan-26 09:19:55 - Epoch: [10][2999/9000]	Time  0.074 ( 0.077)	Data  0.001 ( 0.002)	Loss 5.8471e+00 (3.3229e+00)	Acc@1   0.00 ( 71.63)	Acc@5 100.00 ( 98.00)
22-Jan-26 09:21:13 - Epoch: [10][3999/9000]	Time  0.071 ( 0.078)	Data  0.001 ( 0.002)	Loss 1.7011e+01 (3.3654e+00)	Acc@1   0.00 ( 71.58)	Acc@5 100.00 ( 97.95)
22-Jan-26 09:22:30 - Epoch: [10][4999/9000]	Time  0.079 ( 0.077)	Data  0.002 ( 0.002)	Loss 0.0000e+00 (3.3684e+00)	Acc@1 100.00 ( 71.60)	Acc@5 100.00 ( 97.92)
22-Jan-26 09:23:47 - Epoch: [10][5999/9000]	Time  0.075 ( 0.077)	Data  0.001 ( 0.002)	Loss 1.4405e+00 (3.3335e+00)	Acc@1   0.00 ( 71.57)	Acc@5 100.00 ( 97.95)
22-Jan-26 09:25:04 - Epoch: [10][6999/9000]	Time  0.082 ( 0.077)	Data  0.001 ( 0.002)	Loss 0.0000e+00 (3.3730e+00)	Acc@1 100.00 ( 71.20)	Acc@5 100.00 ( 97.94)
22-Jan-26 09:26:22 - Epoch: [10][7999/9000]	Time  0.072 ( 0.077)	Data  0.001 ( 0.002)	Loss 0.0000e+00 (3.3620e+00)	Acc@1 100.00 ( 71.26)	Acc@5 100.00 ( 97.93)
22-Jan-26 09:27:40 - Epoch: [10][8999/9000]	Time  0.073 ( 0.077)	Data  0.002 ( 0.001)	Loss 0.0000e+00 (3.4005e+00)	Acc@1 100.00 ( 70.98)	Acc@5 100.00 ( 97.88)
22-Jan-26 09:27:40 -  @Training * Acc@1 70.978 Acc@5 97.878 Loss 3.401
22-Jan-26 09:27:40 - One training epoch latency: 697.1s | Avg Power: 185.2W | Energy: 129142.6619J
22-Jan-26 09:27:50 -  @Testing * Acc@1 66.700 Acc@5 96.300 Loss 4.538
22-Jan-26 09:27:50 - Best acc at epoch 10: 66.70000457763672
22-Jan-26 09:27:50 - Last learning rate: [1.5625e-05]
22-Jan-26 09:27:50 - 	 Epoch 11...
22-Jan-26 09:29:08 - Epoch: [11][ 999/9000]	Time  0.075 ( 0.078)	Data  0.003 ( 0.002)	Loss 1.3553e-04 (2.8163e+00)	Acc@1 100.00 ( 72.50)	Acc@5 100.00 ( 98.20)
22-Jan-26 09:30:25 - Epoch: [11][1999/9000]	Time  0.069 ( 0.078)	Data  0.001 ( 0.002)	Loss 3.1398e+00 (2.9615e+00)	Acc@1   0.00 ( 73.05)	Acc@5 100.00 ( 98.05)
22-Jan-26 09:31:42 - Epoch: [11][2999/9000]	Time  0.082 ( 0.077)	Data  0.001 ( 0.002)	Loss 0.0000e+00 (3.0249e+00)	Acc@1 100.00 ( 73.43)	Acc@5 100.00 ( 98.00)
22-Jan-26 09:33:00 - Epoch: [11][3999/9000]	Time  0.071 ( 0.077)	Data  0.001 ( 0.001)	Loss 0.0000e+00 (3.1127e+00)	Acc@1 100.00 ( 73.38)	Acc@5 100.00 ( 97.90)
22-Jan-26 09:34:17 - Epoch: [11][4999/9000]	Time  0.076 ( 0.077)	Data  0.001 ( 0.001)	Loss 4.8581e+00 (3.1681e+00)	Acc@1   0.00 ( 73.28)	Acc@5 100.00 ( 98.00)
22-Jan-26 09:35:34 - Epoch: [11][5999/9000]	Time  0.078 ( 0.077)	Data  0.003 ( 0.001)	Loss 1.4729e+00 (3.0925e+00)	Acc@1   0.00 ( 73.13)	Acc@5 100.00 ( 98.18)
22-Jan-26 09:36:51 - Epoch: [11][6999/9000]	Time  0.077 ( 0.077)	Data  0.001 ( 0.001)	Loss 0.0000e+00 (3.0971e+00)	Acc@1 100.00 ( 73.01)	Acc@5 100.00 ( 98.20)
22-Jan-26 09:38:08 - Epoch: [11][7999/9000]	Time  0.069 ( 0.077)	Data  0.001 ( 0.001)	Loss 2.3376e+00 (3.1440e+00)	Acc@1   0.00 ( 73.09)	Acc@5 100.00 ( 98.15)
22-Jan-26 09:39:25 - Epoch: [11][8999/9000]	Time  0.070 ( 0.077)	Data  0.002 ( 0.001)	Loss 0.0000e+00 (3.1853e+00)	Acc@1 100.00 ( 72.79)	Acc@5 100.00 ( 98.12)
22-Jan-26 09:39:25 -  @Training * Acc@1 72.789 Acc@5 98.122 Loss 3.185
22-Jan-26 09:39:25 - One training epoch latency: 695.0s | Avg Power: 185.7W | Energy: 129077.0058J
22-Jan-26 09:39:35 -  @Testing * Acc@1 68.300 Acc@5 97.000 Loss 4.133
22-Jan-26 09:39:35 - Best acc at epoch 11: 68.30000305175781
22-Jan-26 09:39:35 - Last learning rate: [1.5625e-05]
22-Jan-26 09:39:35 - 	 Epoch 12...
22-Jan-26 09:40:53 - Epoch: [12][ 999/9000]	Time  0.088 ( 0.077)	Data  0.001 ( 0.002)	Loss 8.8921e-02 (2.5817e+00)	Acc@1 100.00 ( 76.80)	Acc@5 100.00 ( 98.70)
22-Jan-26 09:42:10 - Epoch: [12][1999/9000]	Time  0.084 ( 0.077)	Data  0.002 ( 0.002)	Loss 3.2962e+00 (2.6807e+00)	Acc@1   0.00 ( 76.15)	Acc@5 100.00 ( 98.60)
22-Jan-26 09:43:27 - Epoch: [12][2999/9000]	Time  0.079 ( 0.077)	Data  0.002 ( 0.002)	Loss 4.6729e-05 (2.6811e+00)	Acc@1 100.00 ( 76.30)	Acc@5 100.00 ( 98.57)
22-Jan-26 09:44:45 - Epoch: [12][3999/9000]	Time  0.076 ( 0.077)	Data  0.002 ( 0.002)	Loss 0.0000e+00 (2.7769e+00)	Acc@1 100.00 ( 75.85)	Acc@5 100.00 ( 98.30)
22-Jan-26 09:46:02 - Epoch: [12][4999/9000]	Time  0.085 ( 0.077)	Data  0.002 ( 0.002)	Loss 3.5763e-07 (2.7971e+00)	Acc@1 100.00 ( 76.02)	Acc@5 100.00 ( 98.32)
22-Jan-26 09:47:20 - Epoch: [12][5999/9000]	Time  0.109 ( 0.077)	Data  0.001 ( 0.001)	Loss 0.0000e+00 (2.7806e+00)	Acc@1 100.00 ( 76.22)	Acc@5 100.00 ( 98.38)
22-Jan-26 09:48:37 - Epoch: [12][6999/9000]	Time  0.074 ( 0.077)	Data  0.002 ( 0.001)	Loss 8.5853e-04 (2.8668e+00)	Acc@1 100.00 ( 75.84)	Acc@5 100.00 ( 98.41)
22-Jan-26 09:49:54 - Epoch: [12][7999/9000]	Time  0.072 ( 0.077)	Data  0.001 ( 0.001)	Loss 0.0000e+00 (2.8795e+00)	Acc@1 100.00 ( 75.68)	Acc@5 100.00 ( 98.38)
22-Jan-26 09:51:11 - Epoch: [12][8999/9000]	Time  0.067 ( 0.077)	Data  0.001 ( 0.001)	Loss 2.7338e-03 (2.9139e+00)	Acc@1 100.00 ( 75.44)	Acc@5 100.00 ( 98.29)
22-Jan-26 09:51:11 -  @Training * Acc@1 75.444 Acc@5 98.289 Loss 2.914
22-Jan-26 09:51:11 - One training epoch latency: 695.5s | Avg Power: 185.4W | Energy: 128926.7788J
22-Jan-26 09:51:22 -  @Testing * Acc@1 69.900 Acc@5 96.600 Loss 4.454
22-Jan-26 09:51:22 - Best acc at epoch 12: 69.9000015258789
22-Jan-26 09:51:22 - Last learning rate: [1.5625e-05]
22-Jan-26 09:51:22 - 	 Epoch 13...
22-Jan-26 09:52:39 - Epoch: [13][ 999/9000]	Time  0.075 ( 0.077)	Data  0.003 ( 0.002)	Loss 8.3644e+00 (2.6922e+00)	Acc@1   0.00 ( 77.80)	Acc@5 100.00 ( 99.00)
22-Jan-26 09:53:57 - Epoch: [13][1999/9000]	Time  0.078 ( 0.078)	Data  0.002 ( 0.002)	Loss 0.0000e+00 (2.5882e+00)	Acc@1 100.00 ( 77.90)	Acc@5 100.00 ( 99.05)
22-Jan-26 09:55:16 - Epoch: [13][2999/9000]	Time  0.075 ( 0.078)	Data  0.002 ( 0.002)	Loss 0.0000e+00 (2.7435e+00)	Acc@1 100.00 ( 76.97)	Acc@5 100.00 ( 98.80)
22-Jan-26 09:56:33 - Epoch: [13][3999/9000]	Time  0.083 ( 0.078)	Data  0.001 ( 0.002)	Loss 0.0000e+00 (2.7485e+00)	Acc@1 100.00 ( 76.53)	Acc@5 100.00 ( 98.68)
22-Jan-26 09:57:50 - Epoch: [13][4999/9000]	Time  0.068 ( 0.078)	Data  0.001 ( 0.002)	Loss 0.0000e+00 (2.7685e+00)	Acc@1 100.00 ( 76.34)	Acc@5 100.00 ( 98.80)
22-Jan-26 09:59:08 - Epoch: [13][5999/9000]	Time  0.073 ( 0.078)	Data  0.001 ( 0.002)	Loss 0.0000e+00 (2.7541e+00)	Acc@1 100.00 ( 76.57)	Acc@5 100.00 ( 98.77)
22-Jan-26 10:00:25 - Epoch: [13][6999/9000]	Time  0.074 ( 0.078)	Data  0.003 ( 0.002)	Loss 0.0000e+00 (2.7944e+00)	Acc@1 100.00 ( 76.26)	Acc@5 100.00 ( 98.71)
22-Jan-26 10:01:42 - Epoch: [13][7999/9000]	Time  0.083 ( 0.078)	Data  0.001 ( 0.002)	Loss 9.5367e-07 (2.7767e+00)	Acc@1 100.00 ( 76.26)	Acc@5 100.00 ( 98.78)
22-Jan-26 10:03:00 - Epoch: [13][8999/9000]	Time  0.072 ( 0.078)	Data  0.002 ( 0.001)	Loss 0.0000e+00 (2.7583e+00)	Acc@1 100.00 ( 76.46)	Acc@5 100.00 ( 98.74)
22-Jan-26 10:03:00 -  @Training * Acc@1 76.456 Acc@5 98.744 Loss 2.758
22-Jan-26 10:03:00 - One training epoch latency: 698.1s | Avg Power: 184.7W | Energy: 128940.4839J
22-Jan-26 10:03:10 -  @Testing * Acc@1 68.900 Acc@5 96.700 Loss 4.743
22-Jan-26 10:03:10 - Best acc at epoch 13: 69.9000015258789
22-Jan-26 10:03:10 - Last learning rate: [1.5625e-05]
22-Jan-26 10:03:10 - 	 Epoch 14...
22-Jan-26 10:04:28 - Epoch: [14][ 999/9000]	Time  0.070 ( 0.077)	Data  0.002 ( 0.002)	Loss 1.0620e+00 (2.3495e+00)	Acc@1   0.00 ( 79.30)	Acc@5 100.00 ( 99.40)
22-Jan-26 10:05:45 - Epoch: [14][1999/9000]	Time  0.078 ( 0.077)	Data  0.001 ( 0.002)	Loss 4.3087e-01 (2.3227e+00)	Acc@1 100.00 ( 79.35)	Acc@5 100.00 ( 99.25)
22-Jan-26 10:07:01 - Epoch: [14][2999/9000]	Time  0.083 ( 0.077)	Data  0.001 ( 0.002)	Loss 1.1921e-07 (2.3102e+00)	Acc@1 100.00 ( 79.10)	Acc@5 100.00 ( 99.33)
22-Jan-26 10:08:18 - Epoch: [14][3999/9000]	Time  0.069 ( 0.077)	Data  0.002 ( 0.001)	Loss 0.0000e+00 (2.3271e+00)	Acc@1 100.00 ( 78.75)	Acc@5 100.00 ( 99.43)
22-Jan-26 10:09:35 - Epoch: [14][4999/9000]	Time  0.074 ( 0.077)	Data  0.001 ( 0.001)	Loss 4.0182e-03 (2.4004e+00)	Acc@1 100.00 ( 78.42)	Acc@5 100.00 ( 99.24)
22-Jan-26 10:10:51 - Epoch: [14][5999/9000]	Time  0.072 ( 0.077)	Data  0.001 ( 0.001)	Loss 7.1526e-07 (2.4350e+00)	Acc@1 100.00 ( 78.13)	Acc@5 100.00 ( 99.17)
22-Jan-26 10:12:07 - Epoch: [14][6999/9000]	Time  0.075 ( 0.077)	Data  0.002 ( 0.001)	Loss 9.6537e+00 (2.4628e+00)	Acc@1   0.00 ( 77.90)	Acc@5 100.00 ( 99.09)
22-Jan-26 10:13:23 - Epoch: [14][7999/9000]	Time  0.090 ( 0.077)	Data  0.001 ( 0.001)	Loss 0.0000e+00 (2.4864e+00)	Acc@1 100.00 ( 77.84)	Acc@5 100.00 ( 99.11)
22-Jan-26 10:14:40 - Epoch: [14][8999/9000]	Time  0.064 ( 0.077)	Data  0.001 ( 0.001)	Loss 0.0000e+00 (2.4995e+00)	Acc@1 100.00 ( 77.57)	Acc@5 100.00 ( 99.04)
22-Jan-26 10:14:40 -  @Training * Acc@1 77.567 Acc@5 99.044 Loss 2.500
22-Jan-26 10:14:40 - One training epoch latency: 689.9s | Avg Power: 185.9W | Energy: 128262.2873J
22-Jan-26 10:14:51 -  @Testing * Acc@1 68.400 Acc@5 97.000 Loss 4.778
22-Jan-26 10:14:51 - Best acc at epoch 14: 69.9000015258789
22-Jan-26 10:14:51 - Last learning rate: [1.5625e-05]
22-Jan-26 10:14:51 - 	 Epoch 15...
22-Jan-26 10:16:08 - Epoch: [15][ 999/9000]	Time  0.067 ( 0.077)	Data  0.001 ( 0.002)	Loss 1.0729e-06 (2.0193e+00)	Acc@1 100.00 ( 80.40)	Acc@5 100.00 ( 99.60)
22-Jan-26 10:17:25 - Epoch: [15][1999/9000]	Time  0.070 ( 0.077)	Data  0.001 ( 0.002)	Loss 0.0000e+00 (2.0147e+00)	Acc@1 100.00 ( 80.05)	Acc@5 100.00 ( 99.55)
22-Jan-26 10:18:41 - Epoch: [15][2999/9000]	Time  0.077 ( 0.077)	Data  0.001 ( 0.001)	Loss 2.5293e-04 (2.0672e+00)	Acc@1 100.00 ( 80.00)	Acc@5 100.00 ( 99.40)
22-Jan-26 10:19:57 - Epoch: [15][3999/9000]	Time  0.070 ( 0.077)	Data  0.001 ( 0.001)	Loss 4.9174e-04 (2.0858e+00)	Acc@1 100.00 ( 80.15)	Acc@5 100.00 ( 99.35)
22-Jan-26 10:21:14 - Epoch: [15][4999/9000]	Time  0.078 ( 0.077)	Data  0.001 ( 0.001)	Loss 1.8084e-02 (2.1609e+00)	Acc@1 100.00 ( 79.96)	Acc@5 100.00 ( 99.32)
22-Jan-26 10:22:30 - Epoch: [15][5999/9000]	Time  0.070 ( 0.077)	Data  0.001 ( 0.001)	Loss 0.0000e+00 (2.1742e+00)	Acc@1 100.00 ( 80.15)	Acc@5 100.00 ( 99.33)
22-Jan-26 10:23:46 - Epoch: [15][6999/9000]	Time  0.077 ( 0.077)	Data  0.001 ( 0.001)	Loss 2.6854e-04 (2.2384e+00)	Acc@1 100.00 ( 79.86)	Acc@5 100.00 ( 99.24)
22-Jan-26 10:25:03 - Epoch: [15][7999/9000]	Time  0.071 ( 0.076)	Data  0.001 ( 0.001)	Loss 2.7248e-04 (2.2788e+00)	Acc@1 100.00 ( 79.54)	Acc@5 100.00 ( 99.19)
22-Jan-26 10:26:20 - Epoch: [15][8999/9000]	Time  0.064 ( 0.077)	Data  0.001 ( 0.001)	Loss 3.5763e-07 (2.2864e+00)	Acc@1 100.00 ( 79.59)	Acc@5 100.00 ( 99.19)
22-Jan-26 10:26:20 -  @Training * Acc@1 79.589 Acc@5 99.189 Loss 2.286
22-Jan-26 10:26:20 - One training epoch latency: 689.4s | Avg Power: 185.7W | Energy: 128022.1228J
22-Jan-26 10:26:31 -  @Testing * Acc@1 68.500 Acc@5 96.900 Loss 5.035
22-Jan-26 10:26:31 - Best acc at epoch 15: 69.9000015258789
22-Jan-26 10:26:31 - Last learning rate: [1.5625e-05]
22-Jan-26 10:26:31 - 	 Epoch 16...
22-Jan-26 10:27:48 - Epoch: [16][ 999/9000]	Time  0.082 ( 0.077)	Data  0.001 ( 0.002)	Loss 0.0000e+00 (1.9948e+00)	Acc@1 100.00 ( 81.50)	Acc@5 100.00 ( 99.20)
22-Jan-26 10:29:04 - Epoch: [16][1999/9000]	Time  0.079 ( 0.077)	Data  0.001 ( 0.001)	Loss 1.4305e-06 (1.8571e+00)	Acc@1 100.00 ( 82.25)	Acc@5 100.00 ( 99.40)
22-Jan-26 10:30:21 - Epoch: [16][2999/9000]	Time  0.068 ( 0.077)	Data  0.001 ( 0.001)	Loss 0.0000e+00 (1.9809e+00)	Acc@1 100.00 ( 82.40)	Acc@5 100.00 ( 99.33)
22-Jan-26 10:31:37 - Epoch: [16][3999/9000]	Time  0.074 ( 0.077)	Data  0.001 ( 0.001)	Loss 6.1942e-03 (2.0333e+00)	Acc@1 100.00 ( 81.73)	Acc@5 100.00 ( 99.25)
22-Jan-26 10:32:53 - Epoch: [16][4999/9000]	Time  0.072 ( 0.077)	Data  0.001 ( 0.001)	Loss 1.1921e-07 (2.0743e+00)	Acc@1 100.00 ( 81.26)	Acc@5 100.00 ( 99.26)
22-Jan-26 10:34:10 - Epoch: [16][5999/9000]	Time  0.077 ( 0.077)	Data  0.005 ( 0.001)	Loss 1.5985e-04 (2.0939e+00)	Acc@1 100.00 ( 81.22)	Acc@5 100.00 ( 99.22)
22-Jan-26 10:35:27 - Epoch: [16][6999/9000]	Time  0.091 ( 0.077)	Data  0.001 ( 0.001)	Loss 2.3842e-07 (2.1090e+00)	Acc@1 100.00 ( 81.11)	Acc@5 100.00 ( 99.23)
22-Jan-26 10:36:44 - Epoch: [16][7999/9000]	Time  0.073 ( 0.077)	Data  0.001 ( 0.001)	Loss 1.6339e+01 (2.1459e+00)	Acc@1   0.00 ( 81.05)	Acc@5 100.00 ( 99.26)
22-Jan-26 10:38:01 - Epoch: [16][8999/9000]	Time  0.085 ( 0.077)	Data  0.001 ( 0.001)	Loss 1.2405e-01 (2.1561e+00)	Acc@1 100.00 ( 81.21)	Acc@5 100.00 ( 99.22)
22-Jan-26 10:38:02 -  @Training * Acc@1 81.211 Acc@5 99.222 Loss 2.156
22-Jan-26 10:38:02 - One training epoch latency: 690.9s | Avg Power: 185.7W | Energy: 128326.5925J
22-Jan-26 10:38:12 -  @Testing * Acc@1 70.800 Acc@5 97.600 Loss 4.547
22-Jan-26 10:38:12 - Best acc at epoch 16: 70.80000305175781
22-Jan-26 10:38:12 - Last learning rate: [1.5625e-05]
22-Jan-26 10:38:12 - 	 Epoch 17...
22-Jan-26 10:39:29 - Epoch: [17][ 999/9000]	Time  0.086 ( 0.077)	Data  0.009 ( 0.002)	Loss 1.1921e-07 (1.5291e+00)	Acc@1 100.00 ( 85.50)	Acc@5 100.00 ( 99.60)
22-Jan-26 10:40:45 - Epoch: [17][1999/9000]	Time  0.069 ( 0.077)	Data  0.001 ( 0.001)	Loss 1.0729e-06 (1.6917e+00)	Acc@1 100.00 ( 84.10)	Acc@5 100.00 ( 99.50)
22-Jan-26 10:42:01 - Epoch: [17][2999/9000]	Time  0.071 ( 0.076)	Data  0.001 ( 0.001)	Loss 0.0000e+00 (1.7743e+00)	Acc@1 100.00 ( 83.63)	Acc@5 100.00 ( 99.33)
22-Jan-26 10:43:18 - Epoch: [17][3999/9000]	Time  0.071 ( 0.076)	Data  0.001 ( 0.001)	Loss 0.0000e+00 (1.7523e+00)	Acc@1 100.00 ( 83.55)	Acc@5 100.00 ( 99.38)
22-Jan-26 10:44:34 - Epoch: [17][4999/9000]	Time  0.067 ( 0.076)	Data  0.001 ( 0.001)	Loss 2.1284e-03 (1.8076e+00)	Acc@1 100.00 ( 83.34)	Acc@5 100.00 ( 99.40)
22-Jan-26 10:45:50 - Epoch: [17][5999/9000]	Time  0.075 ( 0.076)	Data  0.001 ( 0.001)	Loss 0.0000e+00 (1.8584e+00)	Acc@1 100.00 ( 83.20)	Acc@5 100.00 ( 99.42)
22-Jan-26 10:47:07 - Epoch: [17][6999/9000]	Time  0.074 ( 0.076)	Data  0.001 ( 0.001)	Loss 0.0000e+00 (1.8892e+00)	Acc@1 100.00 ( 82.93)	Acc@5 100.00 ( 99.40)
22-Jan-26 10:48:23 - Epoch: [17][7999/9000]	Time  0.078 ( 0.076)	Data  0.001 ( 0.001)	Loss 0.0000e+00 (1.9314e+00)	Acc@1 100.00 ( 82.54)	Acc@5 100.00 ( 99.38)
22-Jan-26 10:49:39 - Epoch: [17][8999/9000]	Time  0.060 ( 0.076)	Data  0.001 ( 0.001)	Loss 0.0000e+00 (1.9577e+00)	Acc@1 100.00 ( 82.39)	Acc@5 100.00 ( 99.37)
22-Jan-26 10:49:39 -  @Training * Acc@1 82.389 Acc@5 99.367 Loss 1.958
22-Jan-26 10:49:40 - One training epoch latency: 687.7s | Avg Power: 186.3W | Energy: 128086.6718J
22-Jan-26 10:49:50 -  @Testing * Acc@1 71.500 Acc@5 97.500 Loss 4.626
22-Jan-26 10:49:50 - Best acc at epoch 17: 71.5
22-Jan-26 10:49:50 - Last learning rate: [7.8125e-06]
22-Jan-26 10:49:50 - 	 Epoch 18...
22-Jan-26 10:51:06 - Epoch: [18][ 999/9000]	Time  0.081 ( 0.076)	Data  0.002 ( 0.002)	Loss 7.1526e-07 (9.2109e-01)	Acc@1 100.00 ( 88.90)	Acc@5 100.00 ( 99.80)
22-Jan-26 10:52:23 - Epoch: [18][1999/9000]	Time  0.081 ( 0.077)	Data  0.001 ( 0.001)	Loss 0.0000e+00 (1.0547e+00)	Acc@1 100.00 ( 88.25)	Acc@5 100.00 ( 99.70)
22-Jan-26 10:53:40 - Epoch: [18][2999/9000]	Time  0.081 ( 0.077)	Data  0.001 ( 0.001)	Loss 0.0000e+00 (1.0205e+00)	Acc@1 100.00 ( 88.70)	Acc@5 100.00 ( 99.80)
22-Jan-26 10:54:56 - Epoch: [18][3999/9000]	Time  0.074 ( 0.076)	Data  0.001 ( 0.001)	Loss 0.0000e+00 (1.0879e+00)	Acc@1 100.00 ( 88.58)	Acc@5 100.00 ( 99.78)
22-Jan-26 10:56:12 - Epoch: [18][4999/9000]	Time  0.072 ( 0.076)	Data  0.001 ( 0.001)	Loss 0.0000e+00 (1.1126e+00)	Acc@1 100.00 ( 88.50)	Acc@5 100.00 ( 99.80)
22-Jan-26 10:57:29 - Epoch: [18][5999/9000]	Time  0.066 ( 0.076)	Data  0.001 ( 0.001)	Loss 7.3909e-06 (1.1150e+00)	Acc@1 100.00 ( 88.43)	Acc@5 100.00 ( 99.75)
22-Jan-26 10:58:45 - Epoch: [18][6999/9000]	Time  0.077 ( 0.076)	Data  0.001 ( 0.001)	Loss 0.0000e+00 (1.1466e+00)	Acc@1 100.00 ( 88.29)	Acc@5 100.00 ( 99.71)
22-Jan-26 11:00:02 - Epoch: [18][7999/9000]	Time  0.073 ( 0.076)	Data  0.001 ( 0.001)	Loss 0.0000e+00 (1.1562e+00)	Acc@1 100.00 ( 88.19)	Acc@5 100.00 ( 99.71)
22-Jan-26 11:01:18 - Epoch: [18][8999/9000]	Time  0.064 ( 0.076)	Data  0.001 ( 0.001)	Loss 0.0000e+00 (1.1462e+00)	Acc@1 100.00 ( 88.09)	Acc@5 100.00 ( 99.72)
22-Jan-26 11:01:18 -  @Training * Acc@1 88.089 Acc@5 99.722 Loss 1.146
22-Jan-26 11:01:18 - One training epoch latency: 688.0s | Avg Power: 186.0W | Energy: 127982.2207J
22-Jan-26 11:01:28 -  @Testing * Acc@1 72.600 Acc@5 97.900 Loss 4.374
22-Jan-26 11:01:28 - Best acc at epoch 18: 72.60000610351562
22-Jan-26 11:01:29 - Last learning rate: [7.8125e-06]
22-Jan-26 11:01:29 - 	 Epoch 19...
22-Jan-26 11:02:45 - Epoch: [19][ 999/9000]	Time  0.069 ( 0.077)	Data  0.001 ( 0.001)	Loss 0.0000e+00 (8.8746e-01)	Acc@1 100.00 ( 89.90)	Acc@5 100.00 ( 99.80)
22-Jan-26 11:04:01 - Epoch: [19][1999/9000]	Time  0.077 ( 0.076)	Data  0.001 ( 0.001)	Loss 4.1723e-06 (9.0289e-01)	Acc@1 100.00 ( 90.35)	Acc@5 100.00 ( 99.85)
22-Jan-26 11:05:18 - Epoch: [19][2999/9000]	Time  0.081 ( 0.076)	Data  0.001 ( 0.001)	Loss 0.0000e+00 (8.7148e-01)	Acc@1 100.00 ( 90.40)	Acc@5 100.00 ( 99.90)
22-Jan-26 11:06:34 - Epoch: [19][3999/9000]	Time  0.074 ( 0.076)	Data  0.002 ( 0.001)	Loss 9.5367e-07 (9.3139e-01)	Acc@1 100.00 ( 89.55)	Acc@5 100.00 ( 99.88)
22-Jan-26 11:07:51 - Epoch: [19][4999/9000]	Time  0.071 ( 0.076)	Data  0.001 ( 0.001)	Loss 0.0000e+00 (1.0009e+00)	Acc@1 100.00 ( 89.14)	Acc@5 100.00 ( 99.86)
22-Jan-26 11:09:07 - Epoch: [19][5999/9000]	Time  0.076 ( 0.076)	Data  0.002 ( 0.001)	Loss 0.0000e+00 (1.0093e+00)	Acc@1 100.00 ( 89.25)	Acc@5 100.00 ( 99.83)
22-Jan-26 11:10:23 - Epoch: [19][6999/9000]	Time  0.074 ( 0.076)	Data  0.001 ( 0.001)	Loss 0.0000e+00 (1.0171e+00)	Acc@1 100.00 ( 89.07)	Acc@5 100.00 ( 99.84)
22-Jan-26 11:11:40 - Epoch: [19][7999/9000]	Time  0.080 ( 0.076)	Data  0.003 ( 0.001)	Loss 0.0000e+00 (1.0276e+00)	Acc@1 100.00 ( 88.94)	Acc@5 100.00 ( 99.83)
22-Jan-26 11:12:56 - Epoch: [19][8999/9000]	Time  0.066 ( 0.076)	Data  0.001 ( 0.001)	Loss 0.0000e+00 (1.0240e+00)	Acc@1 100.00 ( 88.82)	Acc@5 100.00 ( 99.82)
22-Jan-26 11:12:56 -  @Training * Acc@1 88.822 Acc@5 99.822 Loss 1.024
22-Jan-26 11:12:56 - One training epoch latency: 687.8s | Avg Power: 185.8W | Energy: 127803.9108J
22-Jan-26 11:13:06 -  @Testing * Acc@1 71.700 Acc@5 97.600 Loss 4.716
22-Jan-26 11:13:06 - Best acc at epoch 19: 72.60000610351562
22-Jan-26 11:13:07 - Last learning rate: [7.8125e-06]
22-Jan-26 11:13:07 - 	 Epoch 20...
22-Jan-26 11:14:23 - Epoch: [20][ 999/9000]	Time  0.072 ( 0.077)	Data  0.002 ( 0.002)	Loss 2.5448e-04 (9.0502e-01)	Acc@1 100.00 ( 90.40)	Acc@5 100.00 ( 99.90)
22-Jan-26 11:15:40 - Epoch: [20][1999/9000]	Time  0.083 ( 0.077)	Data  0.006 ( 0.002)	Loss 0.0000e+00 (8.0680e-01)	Acc@1 100.00 ( 90.40)	Acc@5 100.00 ( 99.90)
22-Jan-26 11:16:56 - Epoch: [20][2999/9000]	Time  0.070 ( 0.077)	Data  0.001 ( 0.002)	Loss 1.8958e+00 (8.2505e-01)	Acc@1   0.00 ( 90.33)	Acc@5 100.00 ( 99.87)
22-Jan-26 11:18:13 - Epoch: [20][3999/9000]	Time  0.077 ( 0.077)	Data  0.001 ( 0.001)	Loss 0.0000e+00 (8.4707e-01)	Acc@1 100.00 ( 90.45)	Acc@5 100.00 ( 99.88)
22-Jan-26 11:19:29 - Epoch: [20][4999/9000]	Time  0.077 ( 0.077)	Data  0.001 ( 0.001)	Loss 3.1882e-02 (8.2199e-01)	Acc@1 100.00 ( 90.72)	Acc@5 100.00 ( 99.88)
22-Jan-26 11:20:45 - Epoch: [20][5999/9000]	Time  0.075 ( 0.076)	Data  0.001 ( 0.001)	Loss 0.0000e+00 (8.4144e-01)	Acc@1 100.00 ( 90.55)	Acc@5 100.00 ( 99.87)
22-Jan-26 11:22:02 - Epoch: [20][6999/9000]	Time  0.082 ( 0.076)	Data  0.003 ( 0.001)	Loss 6.7134e+00 (8.5442e-01)	Acc@1   0.00 ( 90.54)	Acc@5 100.00 ( 99.86)
22-Jan-26 11:23:18 - Epoch: [20][7999/9000]	Time  0.077 ( 0.076)	Data  0.002 ( 0.001)	Loss 0.0000e+00 (8.9528e-01)	Acc@1 100.00 ( 90.21)	Acc@5 100.00 ( 99.84)
22-Jan-26 11:24:34 - Epoch: [20][8999/9000]	Time  0.068 ( 0.076)	Data  0.001 ( 0.001)	Loss 2.6454e+00 (8.9740e-01)	Acc@1   0.00 ( 90.22)	Acc@5 100.00 ( 99.83)
22-Jan-26 11:24:34 -  @Training * Acc@1 90.222 Acc@5 99.833 Loss 0.897
22-Jan-26 11:24:34 - One training epoch latency: 687.5s | Avg Power: 186.1W | Energy: 127955.8034J
22-Jan-26 11:24:45 -  @Testing * Acc@1 71.700 Acc@5 97.900 Loss 4.722
22-Jan-26 11:24:45 - Best acc at epoch 20: 72.60000610351562
22-Jan-26 11:24:45 - Last learning rate: [7.8125e-06]
22-Jan-26 11:24:45 - 	 Epoch 21...
22-Jan-26 11:26:01 - Epoch: [21][ 999/9000]	Time  0.067 ( 0.076)	Data  0.001 ( 0.002)	Loss 0.0000e+00 (6.3227e-01)	Acc@1 100.00 ( 92.20)	Acc@5 100.00 ( 99.90)
22-Jan-26 11:27:18 - Epoch: [21][1999/9000]	Time  0.074 ( 0.077)	Data  0.003 ( 0.001)	Loss 0.0000e+00 (7.1834e-01)	Acc@1 100.00 ( 92.25)	Acc@5 100.00 ( 99.90)
22-Jan-26 11:28:34 - Epoch: [21][2999/9000]	Time  0.078 ( 0.077)	Data  0.002 ( 0.001)	Loss 0.0000e+00 (7.4233e-01)	Acc@1 100.00 ( 92.03)	Acc@5 100.00 ( 99.93)
22-Jan-26 11:29:50 - Epoch: [21][3999/9000]	Time  0.078 ( 0.076)	Data  0.001 ( 0.001)	Loss 2.2888e-05 (7.1313e-01)	Acc@1 100.00 ( 91.93)	Acc@5 100.00 ( 99.95)
22-Jan-26 11:31:07 - Epoch: [21][4999/9000]	Time  0.072 ( 0.076)	Data  0.001 ( 0.001)	Loss 7.5695e-05 (7.6050e-01)	Acc@1 100.00 ( 91.60)	Acc@5 100.00 ( 99.94)
22-Jan-26 11:32:23 - Epoch: [21][5999/9000]	Time  0.068 ( 0.076)	Data  0.001 ( 0.001)	Loss 2.3842e-07 (7.6201e-01)	Acc@1 100.00 ( 91.55)	Acc@5 100.00 ( 99.92)
22-Jan-26 11:33:39 - Epoch: [21][6999/9000]	Time  0.102 ( 0.076)	Data  0.002 ( 0.001)	Loss 1.1921e-07 (7.6242e-01)	Acc@1 100.00 ( 91.46)	Acc@5 100.00 ( 99.91)
22-Jan-26 11:34:56 - Epoch: [21][7999/9000]	Time  0.076 ( 0.076)	Data  0.002 ( 0.001)	Loss 1.1921e-07 (7.8151e-01)	Acc@1 100.00 ( 91.34)	Acc@5 100.00 ( 99.91)
22-Jan-26 11:36:12 - Epoch: [21][8999/9000]	Time  0.072 ( 0.076)	Data  0.001 ( 0.001)	Loss 2.1503e+01 (7.9042e-01)	Acc@1   0.00 ( 91.24)	Acc@5 100.00 ( 99.90)
22-Jan-26 11:36:12 -  @Training * Acc@1 91.244 Acc@5 99.900 Loss 0.790
22-Jan-26 11:36:12 - One training epoch latency: 687.2s | Avg Power: 186.2W | Energy: 127938.3955J
22-Jan-26 11:36:22 -  @Testing * Acc@1 69.800 Acc@5 97.000 Loss 5.935
22-Jan-26 11:36:22 - Best acc at epoch 21: 72.60000610351562
22-Jan-26 11:36:22 - Last learning rate: [7.8125e-06]
22-Jan-26 11:36:23 - 	 Epoch 22...
22-Jan-26 11:37:39 - Epoch: [22][ 999/9000]	Time  0.081 ( 0.077)	Data  0.001 ( 0.002)	Loss 6.9356e-04 (7.6095e-01)	Acc@1 100.00 ( 92.40)	Acc@5 100.00 ( 99.90)
22-Jan-26 11:38:55 - Epoch: [22][1999/9000]	Time  0.078 ( 0.076)	Data  0.001 ( 0.001)	Loss 4.7769e+00 (6.0697e-01)	Acc@1   0.00 ( 93.35)	Acc@5 100.00 ( 99.90)
22-Jan-26 11:40:12 - Epoch: [22][2999/9000]	Time  0.075 ( 0.076)	Data  0.001 ( 0.001)	Loss 0.0000e+00 (6.3192e-01)	Acc@1 100.00 ( 92.80)	Acc@5 100.00 ( 99.93)
22-Jan-26 11:41:28 - Epoch: [22][3999/9000]	Time  0.072 ( 0.076)	Data  0.001 ( 0.001)	Loss 0.0000e+00 (6.6715e-01)	Acc@1 100.00 ( 92.70)	Acc@5 100.00 ( 99.90)
22-Jan-26 11:42:44 - Epoch: [22][4999/9000]	Time  0.068 ( 0.076)	Data  0.002 ( 0.001)	Loss 0.0000e+00 (6.9721e-01)	Acc@1 100.00 ( 92.38)	Acc@5 100.00 ( 99.92)
22-Jan-26 11:44:01 - Epoch: [22][5999/9000]	Time  0.077 ( 0.076)	Data  0.001 ( 0.001)	Loss 0.0000e+00 (6.9939e-01)	Acc@1 100.00 ( 92.18)	Acc@5 100.00 ( 99.92)
22-Jan-26 11:45:17 - Epoch: [22][6999/9000]	Time  0.067 ( 0.076)	Data  0.001 ( 0.001)	Loss 0.0000e+00 (7.2016e-01)	Acc@1 100.00 ( 92.11)	Acc@5 100.00 ( 99.90)
22-Jan-26 11:46:34 - Epoch: [22][7999/9000]	Time  0.074 ( 0.076)	Data  0.001 ( 0.001)	Loss 0.0000e+00 (7.4091e-01)	Acc@1 100.00 ( 92.06)	Acc@5 100.00 ( 99.89)
22-Jan-26 11:47:50 - Epoch: [22][8999/9000]	Time  0.067 ( 0.076)	Data  0.001 ( 0.001)	Loss 0.0000e+00 (7.4246e-01)	Acc@1 100.00 ( 92.03)	Acc@5 100.00 ( 99.89)
22-Jan-26 11:47:50 -  @Training * Acc@1 92.033 Acc@5 99.889 Loss 0.742
22-Jan-26 11:47:51 - One training epoch latency: 687.9s | Avg Power: 186.0W | Energy: 127945.4351J
22-Jan-26 11:48:01 -  @Testing * Acc@1 73.100 Acc@5 98.100 Loss 5.158
22-Jan-26 11:48:01 - Best acc at epoch 22: 73.10000610351562
22-Jan-26 11:48:01 - Last learning rate: [7.8125e-06]
22-Jan-26 11:48:01 - 	 Epoch 23...
22-Jan-26 11:49:18 - Epoch: [23][ 999/9000]	Time  0.076 ( 0.077)	Data  0.001 ( 0.002)	Loss 0.0000e+00 (5.2962e-01)	Acc@1 100.00 ( 93.80)	Acc@5 100.00 (100.00)
22-Jan-26 11:50:34 - Epoch: [23][1999/9000]	Time  0.078 ( 0.077)	Data  0.002 ( 0.001)	Loss 7.7607e-02 (5.0775e-01)	Acc@1 100.00 ( 93.70)	Acc@5 100.00 (100.00)
22-Jan-26 11:51:50 - Epoch: [23][2999/9000]	Time  0.076 ( 0.076)	Data  0.001 ( 0.001)	Loss 1.7733e-02 (5.1634e-01)	Acc@1 100.00 ( 93.60)	Acc@5 100.00 (100.00)
22-Jan-26 11:53:07 - Epoch: [23][3999/9000]	Time  0.080 ( 0.076)	Data  0.001 ( 0.001)	Loss 5.9605e-07 (5.4962e-01)	Acc@1 100.00 ( 93.33)	Acc@5 100.00 ( 99.95)
22-Jan-26 11:54:23 - Epoch: [23][4999/9000]	Time  0.068 ( 0.076)	Data  0.001 ( 0.001)	Loss 9.0944e-01 (5.9836e-01)	Acc@1   0.00 ( 93.14)	Acc@5 100.00 ( 99.96)
22-Jan-26 11:55:39 - Epoch: [23][5999/9000]	Time  0.068 ( 0.076)	Data  0.001 ( 0.001)	Loss 0.0000e+00 (5.9760e-01)	Acc@1 100.00 ( 93.08)	Acc@5 100.00 ( 99.95)
22-Jan-26 11:56:57 - Epoch: [23][6999/9000]	Time  0.083 ( 0.077)	Data  0.001 ( 0.001)	Loss 0.0000e+00 (6.0311e-01)	Acc@1 100.00 ( 93.14)	Acc@5 100.00 ( 99.96)
22-Jan-26 11:58:14 - Epoch: [23][7999/9000]	Time  0.079 ( 0.077)	Data  0.001 ( 0.001)	Loss 0.0000e+00 (6.1331e-01)	Acc@1 100.00 ( 93.05)	Acc@5 100.00 ( 99.96)
22-Jan-26 11:59:31 - Epoch: [23][8999/9000]	Time  0.067 ( 0.077)	Data  0.001 ( 0.001)	Loss 0.0000e+00 (6.2536e-01)	Acc@1 100.00 ( 92.90)	Acc@5 100.00 ( 99.96)
22-Jan-26 11:59:31 -  @Training * Acc@1 92.900 Acc@5 99.956 Loss 0.625
22-Jan-26 11:59:32 - One training epoch latency: 690.6s | Avg Power: 185.6W | Energy: 128159.0078J
22-Jan-26 11:59:42 -  @Testing * Acc@1 72.400 Acc@5 97.700 Loss 5.020
22-Jan-26 11:59:42 - Best acc at epoch 23: 73.10000610351562
22-Jan-26 11:59:42 - Last learning rate: [3.90625e-06]
22-Jan-26 11:59:42 - 	 Epoch 24...
22-Jan-26 12:00:58 - Epoch: [24][ 999/9000]	Time  0.072 ( 0.076)	Data  0.001 ( 0.001)	Loss 0.0000e+00 (3.4621e-01)	Acc@1 100.00 ( 95.70)	Acc@5 100.00 (100.00)
22-Jan-26 12:02:15 - Epoch: [24][1999/9000]	Time  0.071 ( 0.076)	Data  0.001 ( 0.002)	Loss 2.1458e-06 (2.9497e-01)	Acc@1 100.00 ( 95.80)	Acc@5 100.00 (100.00)
22-Jan-26 12:03:31 - Epoch: [24][2999/9000]	Time  0.095 ( 0.076)	Data  0.001 ( 0.001)	Loss 0.0000e+00 (2.7888e-01)	Acc@1 100.00 ( 96.17)	Acc@5 100.00 ( 99.97)
22-Jan-26 12:04:48 - Epoch: [24][3999/9000]	Time  0.069 ( 0.076)	Data  0.001 ( 0.001)	Loss 0.0000e+00 (3.0064e-01)	Acc@1 100.00 ( 96.00)	Acc@5 100.00 ( 99.98)
22-Jan-26 12:06:04 - Epoch: [24][4999/9000]	Time  0.077 ( 0.076)	Data  0.001 ( 0.001)	Loss 0.0000e+00 (3.0501e-01)	Acc@1 100.00 ( 96.00)	Acc@5 100.00 ( 99.96)
22-Jan-26 12:07:21 - Epoch: [24][5999/9000]	Time  0.067 ( 0.076)	Data  0.001 ( 0.001)	Loss 0.0000e+00 (3.0326e-01)	Acc@1 100.00 ( 95.88)	Acc@5 100.00 ( 99.97)
22-Jan-26 12:08:37 - Epoch: [24][6999/9000]	Time  0.078 ( 0.076)	Data  0.001 ( 0.001)	Loss 0.0000e+00 (3.2647e-01)	Acc@1 100.00 ( 95.70)	Acc@5 100.00 ( 99.97)
22-Jan-26 12:09:54 - Epoch: [24][7999/9000]	Time  0.069 ( 0.076)	Data  0.001 ( 0.001)	Loss 0.0000e+00 (3.2728e-01)	Acc@1 100.00 ( 95.65)	Acc@5 100.00 ( 99.98)
22-Jan-26 12:11:10 - Epoch: [24][8999/9000]	Time  0.070 ( 0.076)	Data  0.001 ( 0.001)	Loss 0.0000e+00 (3.1835e-01)	Acc@1 100.00 ( 95.79)	Acc@5 100.00 ( 99.98)
22-Jan-26 12:11:10 -  @Training * Acc@1 95.789 Acc@5 99.978 Loss 0.318
22-Jan-26 12:11:10 - One training epoch latency: 687.9s | Avg Power: 185.6W | Energy: 127701.4208J
22-Jan-26 12:11:20 -  @Testing * Acc@1 71.900 Acc@5 98.200 Loss 5.165
22-Jan-26 12:11:20 - Best acc at epoch 24: 73.10000610351562
22-Jan-26 12:11:20 - Last learning rate: [3.90625e-06]
22-Jan-26 12:11:20 - 	 Epoch 25...
22-Jan-26 12:12:37 - Epoch: [25][ 999/9000]	Time  0.078 ( 0.077)	Data  0.001 ( 0.002)	Loss 0.0000e+00 (3.6542e-01)	Acc@1 100.00 ( 96.20)	Acc@5 100.00 (100.00)
22-Jan-26 12:13:53 - Epoch: [25][1999/9000]	Time  0.078 ( 0.076)	Data  0.001 ( 0.002)	Loss 3.9045e-04 (2.8487e-01)	Acc@1 100.00 ( 96.50)	Acc@5 100.00 (100.00)
22-Jan-26 12:15:10 - Epoch: [25][2999/9000]	Time  0.077 ( 0.076)	Data  0.001 ( 0.001)	Loss 0.0000e+00 (2.8046e-01)	Acc@1 100.00 ( 96.47)	Acc@5 100.00 (100.00)
22-Jan-26 12:16:26 - Epoch: [25][3999/9000]	Time  0.077 ( 0.076)	Data  0.002 ( 0.001)	Loss 8.9959e+00 (2.9701e-01)	Acc@1   0.00 ( 96.23)	Acc@5 100.00 (100.00)
22-Jan-26 12:17:42 - Epoch: [25][4999/9000]	Time  0.074 ( 0.076)	Data  0.001 ( 0.001)	Loss 6.5565e-06 (3.0398e-01)	Acc@1 100.00 ( 96.06)	Acc@5 100.00 (100.00)
22-Jan-26 12:18:59 - Epoch: [25][5999/9000]	Time  0.080 ( 0.076)	Data  0.001 ( 0.001)	Loss 0.0000e+00 (3.1032e-01)	Acc@1 100.00 ( 96.07)	Acc@5 100.00 (100.00)
22-Jan-26 12:20:15 - Epoch: [25][6999/9000]	Time  0.078 ( 0.076)	Data  0.001 ( 0.001)	Loss 0.0000e+00 (3.0601e-01)	Acc@1 100.00 ( 96.10)	Acc@5 100.00 ( 99.99)
22-Jan-26 12:21:31 - Epoch: [25][7999/9000]	Time  0.103 ( 0.076)	Data  0.001 ( 0.001)	Loss 0.0000e+00 (3.1490e-01)	Acc@1 100.00 ( 95.95)	Acc@5 100.00 ( 99.99)
22-Jan-26 12:22:48 - Epoch: [25][8999/9000]	Time  0.065 ( 0.076)	Data  0.003 ( 0.001)	Loss 0.0000e+00 (3.0947e-01)	Acc@1 100.00 ( 95.92)	Acc@5 100.00 ( 99.99)
22-Jan-26 12:22:48 -  @Training * Acc@1 95.922 Acc@5 99.989 Loss 0.309
22-Jan-26 12:22:48 - One training epoch latency: 687.6s | Avg Power: 185.5W | Energy: 127562.4502J
22-Jan-26 12:22:58 -  @Testing * Acc@1 73.300 Acc@5 98.500 Loss 5.146
22-Jan-26 12:22:58 - Best acc at epoch 25: 73.30000305175781
22-Jan-26 12:22:58 - Last learning rate: [3.90625e-06]
22-Jan-26 12:22:58 - 	 Epoch 26...
22-Jan-26 12:24:15 - Epoch: [26][ 999/9000]	Time  0.074 ( 0.077)	Data  0.001 ( 0.002)	Loss 0.0000e+00 (1.4624e-01)	Acc@1 100.00 ( 97.40)	Acc@5 100.00 (100.00)
22-Jan-26 12:25:32 - Epoch: [26][1999/9000]	Time  0.075 ( 0.077)	Data  0.002 ( 0.002)	Loss 0.0000e+00 (2.7537e-01)	Acc@1 100.00 ( 96.35)	Acc@5 100.00 ( 99.95)
22-Jan-26 12:26:48 - Epoch: [26][2999/9000]	Time  0.070 ( 0.077)	Data  0.001 ( 0.001)	Loss 0.0000e+00 (2.7775e-01)	Acc@1 100.00 ( 96.03)	Acc@5 100.00 ( 99.97)
22-Jan-26 12:28:05 - Epoch: [26][3999/9000]	Time  0.073 ( 0.077)	Data  0.001 ( 0.001)	Loss 0.0000e+00 (2.7189e-01)	Acc@1 100.00 ( 96.18)	Acc@5 100.00 ( 99.98)
22-Jan-26 12:29:22 - Epoch: [26][4999/9000]	Time  0.091 ( 0.077)	Data  0.001 ( 0.001)	Loss 0.0000e+00 (2.7329e-01)	Acc@1 100.00 ( 96.14)	Acc@5 100.00 ( 99.98)
22-Jan-26 12:30:38 - Epoch: [26][5999/9000]	Time  0.069 ( 0.077)	Data  0.001 ( 0.001)	Loss 0.0000e+00 (2.6062e-01)	Acc@1 100.00 ( 96.27)	Acc@5 100.00 ( 99.98)
22-Jan-26 12:31:54 - Epoch: [26][6999/9000]	Time  0.072 ( 0.077)	Data  0.001 ( 0.001)	Loss 0.0000e+00 (2.5922e-01)	Acc@1 100.00 ( 96.26)	Acc@5 100.00 ( 99.99)
22-Jan-26 12:33:11 - Epoch: [26][7999/9000]	Time  0.103 ( 0.077)	Data  0.001 ( 0.001)	Loss 0.0000e+00 (2.5583e-01)	Acc@1 100.00 ( 96.33)	Acc@5 100.00 ( 99.99)
22-Jan-26 12:34:27 - Epoch: [26][8999/9000]	Time  0.066 ( 0.077)	Data  0.001 ( 0.001)	Loss 0.0000e+00 (2.5027e-01)	Acc@1 100.00 ( 96.31)	Acc@5 100.00 ( 99.99)
22-Jan-26 12:34:27 -  @Training * Acc@1 96.311 Acc@5 99.989 Loss 0.250
22-Jan-26 12:34:27 - One training epoch latency: 689.0s | Avg Power: 185.6W | Energy: 127849.5420J
22-Jan-26 12:34:37 -  @Testing * Acc@1 74.700 Acc@5 98.000 Loss 5.032
22-Jan-26 12:34:37 - Best acc at epoch 26: 74.70000457763672
22-Jan-26 12:34:38 - Last learning rate: [3.90625e-06]
22-Jan-26 12:34:38 - 	 Epoch 27...
22-Jan-26 12:35:54 - Epoch: [27][ 999/9000]	Time  0.080 ( 0.076)	Data  0.001 ( 0.002)	Loss 0.0000e+00 (2.5491e-01)	Acc@1 100.00 ( 97.30)	Acc@5 100.00 (100.00)
22-Jan-26 12:37:11 - Epoch: [27][1999/9000]	Time  0.073 ( 0.077)	Data  0.001 ( 0.002)	Loss 0.0000e+00 (2.6620e-01)	Acc@1 100.00 ( 97.05)	Acc@5 100.00 (100.00)
22-Jan-26 12:38:27 - Epoch: [27][2999/9000]	Time  0.073 ( 0.076)	Data  0.001 ( 0.001)	Loss 5.4907e-02 (2.3231e-01)	Acc@1 100.00 ( 97.50)	Acc@5 100.00 (100.00)
22-Jan-26 12:39:43 - Epoch: [27][3999/9000]	Time  0.075 ( 0.076)	Data  0.001 ( 0.001)	Loss 1.3113e-06 (2.1609e-01)	Acc@1 100.00 ( 97.25)	Acc@5 100.00 (100.00)
22-Jan-26 12:41:00 - Epoch: [27][4999/9000]	Time  0.078 ( 0.076)	Data  0.002 ( 0.001)	Loss 0.0000e+00 (2.2353e-01)	Acc@1 100.00 ( 97.26)	Acc@5 100.00 (100.00)
22-Jan-26 12:42:16 - Epoch: [27][5999/9000]	Time  0.066 ( 0.076)	Data  0.001 ( 0.001)	Loss 0.0000e+00 (2.2209e-01)	Acc@1 100.00 ( 97.18)	Acc@5 100.00 (100.00)
22-Jan-26 12:43:33 - Epoch: [27][6999/9000]	Time  0.104 ( 0.076)	Data  0.001 ( 0.001)	Loss 0.0000e+00 (2.3583e-01)	Acc@1 100.00 ( 97.10)	Acc@5 100.00 (100.00)
22-Jan-26 12:44:49 - Epoch: [27][7999/9000]	Time  0.067 ( 0.076)	Data  0.001 ( 0.001)	Loss 0.0000e+00 (2.3579e-01)	Acc@1 100.00 ( 97.04)	Acc@5 100.00 (100.00)
22-Jan-26 12:46:05 - Epoch: [27][8999/9000]	Time  0.072 ( 0.076)	Data  0.001 ( 0.001)	Loss 3.0994e-06 (2.4003e-01)	Acc@1 100.00 ( 96.97)	Acc@5 100.00 (100.00)
22-Jan-26 12:46:05 -  @Training * Acc@1 96.967 Acc@5 100.000 Loss 0.240
22-Jan-26 12:46:05 - One training epoch latency: 687.6s | Avg Power: 185.8W | Energy: 127788.3018J
22-Jan-26 12:46:16 -  @Testing * Acc@1 73.300 Acc@5 97.900 Loss 5.110
22-Jan-26 12:46:16 - Best acc at epoch 27: 74.70000457763672
22-Jan-26 12:46:16 - Last learning rate: [3.90625e-06]
22-Jan-26 12:46:16 - 	 Epoch 28...
22-Jan-26 12:47:32 - Epoch: [28][ 999/9000]	Time  0.073 ( 0.077)	Data  0.001 ( 0.002)	Loss 0.0000e+00 (1.6076e-01)	Acc@1 100.00 ( 97.70)	Acc@5 100.00 (100.00)
22-Jan-26 12:48:49 - Epoch: [28][1999/9000]	Time  0.080 ( 0.077)	Data  0.001 ( 0.002)	Loss 3.2105e-03 (1.4955e-01)	Acc@1 100.00 ( 97.85)	Acc@5 100.00 (100.00)
22-Jan-26 12:50:06 - Epoch: [28][2999/9000]	Time  0.072 ( 0.077)	Data  0.001 ( 0.001)	Loss 0.0000e+00 (1.5723e-01)	Acc@1 100.00 ( 97.53)	Acc@5 100.00 (100.00)
22-Jan-26 12:51:22 - Epoch: [28][3999/9000]	Time  0.071 ( 0.077)	Data  0.001 ( 0.001)	Loss 0.0000e+00 (1.9349e-01)	Acc@1 100.00 ( 97.28)	Acc@5 100.00 (100.00)
22-Jan-26 12:52:39 - Epoch: [28][4999/9000]	Time  0.071 ( 0.077)	Data  0.001 ( 0.001)	Loss 1.1921e-07 (1.8799e-01)	Acc@1 100.00 ( 97.36)	Acc@5 100.00 (100.00)
22-Jan-26 12:53:55 - Epoch: [28][5999/9000]	Time  0.075 ( 0.077)	Data  0.001 ( 0.001)	Loss 0.0000e+00 (1.8120e-01)	Acc@1 100.00 ( 97.38)	Acc@5 100.00 (100.00)
22-Jan-26 12:55:11 - Epoch: [28][6999/9000]	Time  0.069 ( 0.076)	Data  0.001 ( 0.001)	Loss 0.0000e+00 (1.7928e-01)	Acc@1 100.00 ( 97.43)	Acc@5 100.00 (100.00)
22-Jan-26 12:56:28 - Epoch: [28][7999/9000]	Time  0.074 ( 0.077)	Data  0.001 ( 0.001)	Loss 0.0000e+00 (1.8503e-01)	Acc@1 100.00 ( 97.39)	Acc@5 100.00 (100.00)
22-Jan-26 12:57:44 - Epoch: [28][8999/9000]	Time  0.062 ( 0.077)	Data  0.001 ( 0.001)	Loss 0.0000e+00 (1.7901e-01)	Acc@1 100.00 ( 97.41)	Acc@5 100.00 (100.00)
22-Jan-26 12:57:44 -  @Training * Acc@1 97.411 Acc@5 100.000 Loss 0.179
22-Jan-26 12:57:44 - One training epoch latency: 688.7s | Avg Power: 185.9W | Energy: 128045.3386J
22-Jan-26 12:57:54 -  @Testing * Acc@1 73.900 Acc@5 98.000 Loss 5.098
22-Jan-26 12:57:54 - Best acc at epoch 28: 74.70000457763672
22-Jan-26 12:57:54 - Last learning rate: [3.90625e-06]
22-Jan-26 12:57:54 - 	 Epoch 29...
22-Jan-26 12:59:11 - Epoch: [29][ 999/9000]	Time  0.068 ( 0.077)	Data  0.001 ( 0.002)	Loss 0.0000e+00 (1.7461e-01)	Acc@1 100.00 ( 97.60)	Acc@5 100.00 (100.00)
22-Jan-26 13:00:27 - Epoch: [29][1999/9000]	Time  0.075 ( 0.076)	Data  0.001 ( 0.001)	Loss 0.0000e+00 (1.5028e-01)	Acc@1 100.00 ( 97.65)	Acc@5 100.00 (100.00)
22-Jan-26 13:01:43 - Epoch: [29][2999/9000]	Time  0.073 ( 0.076)	Data  0.001 ( 0.001)	Loss 2.5591e-04 (1.6812e-01)	Acc@1 100.00 ( 97.60)	Acc@5 100.00 (100.00)
22-Jan-26 13:02:59 - Epoch: [29][3999/9000]	Time  0.074 ( 0.076)	Data  0.001 ( 0.001)	Loss 0.0000e+00 (1.7103e-01)	Acc@1 100.00 ( 97.38)	Acc@5 100.00 (100.00)
22-Jan-26 13:04:16 - Epoch: [29][4999/9000]	Time  0.072 ( 0.076)	Data  0.002 ( 0.001)	Loss 0.0000e+00 (1.5623e-01)	Acc@1 100.00 ( 97.58)	Acc@5 100.00 (100.00)
22-Jan-26 13:05:31 - Epoch: [29][5999/9000]	Time  0.096 ( 0.076)	Data  0.001 ( 0.001)	Loss 0.0000e+00 (1.7102e-01)	Acc@1 100.00 ( 97.48)	Acc@5 100.00 (100.00)
22-Jan-26 13:06:48 - Epoch: [29][6999/9000]	Time  0.076 ( 0.076)	Data  0.001 ( 0.001)	Loss 0.0000e+00 (1.7672e-01)	Acc@1 100.00 ( 97.40)	Acc@5 100.00 (100.00)
22-Jan-26 13:08:04 - Epoch: [29][7999/9000]	Time  0.081 ( 0.076)	Data  0.001 ( 0.001)	Loss 0.0000e+00 (1.7829e-01)	Acc@1 100.00 ( 97.40)	Acc@5 100.00 (100.00)
22-Jan-26 13:09:20 - Epoch: [29][8999/9000]	Time  0.067 ( 0.076)	Data  0.002 ( 0.001)	Loss 5.3644e-06 (1.8937e-01)	Acc@1 100.00 ( 97.36)	Acc@5 100.00 (100.00)
22-Jan-26 13:09:20 -  @Training * Acc@1 97.356 Acc@5 100.000 Loss 0.189
22-Jan-26 13:09:20 - One training epoch latency: 685.5s | Avg Power: 186.2W | Energy: 127617.1472J
22-Jan-26 13:09:30 -  @Testing * Acc@1 75.600 Acc@5 97.700 Loss 4.986
22-Jan-26 13:09:30 - Best acc at epoch 29: 75.60000610351562
22-Jan-26 13:09:30 - Last learning rate: [1.953125e-06]
22-Jan-26 13:09:30 - 	 Epoch 30...
22-Jan-26 13:10:47 - Epoch: [30][ 999/9000]	Time  0.073 ( 0.076)	Data  0.001 ( 0.002)	Loss 9.5620e+00 (6.2766e-02)	Acc@1   0.00 ( 99.00)	Acc@5 100.00 (100.00)
22-Jan-26 13:12:03 - Epoch: [30][1999/9000]	Time  0.076 ( 0.076)	Data  0.001 ( 0.001)	Loss 0.0000e+00 (7.8134e-02)	Acc@1 100.00 ( 98.90)	Acc@5 100.00 (100.00)
22-Jan-26 13:13:20 - Epoch: [30][2999/9000]	Time  0.069 ( 0.076)	Data  0.001 ( 0.001)	Loss 0.0000e+00 (8.7203e-02)	Acc@1 100.00 ( 98.73)	Acc@5 100.00 (100.00)
22-Jan-26 13:14:36 - Epoch: [30][3999/9000]	Time  0.077 ( 0.076)	Data  0.001 ( 0.001)	Loss 0.0000e+00 (8.9523e-02)	Acc@1 100.00 ( 98.65)	Acc@5 100.00 (100.00)
22-Jan-26 13:15:52 - Epoch: [30][4999/9000]	Time  0.080 ( 0.076)	Data  0.003 ( 0.001)	Loss 0.0000e+00 (7.9223e-02)	Acc@1 100.00 ( 98.74)	Acc@5 100.00 (100.00)
22-Jan-26 13:17:09 - Epoch: [30][5999/9000]	Time  0.077 ( 0.076)	Data  0.002 ( 0.001)	Loss 0.0000e+00 (9.0805e-02)	Acc@1 100.00 ( 98.65)	Acc@5 100.00 (100.00)
22-Jan-26 13:18:25 - Epoch: [30][6999/9000]	Time  0.072 ( 0.076)	Data  0.001 ( 0.001)	Loss 0.0000e+00 (9.3219e-02)	Acc@1 100.00 ( 98.56)	Acc@5 100.00 (100.00)
22-Jan-26 13:19:42 - Epoch: [30][7999/9000]	Time  0.069 ( 0.076)	Data  0.001 ( 0.001)	Loss 0.0000e+00 (9.0963e-02)	Acc@1 100.00 ( 98.58)	Acc@5 100.00 (100.00)
22-Jan-26 13:20:58 - Epoch: [30][8999/9000]	Time  0.067 ( 0.076)	Data  0.005 ( 0.001)	Loss 0.0000e+00 (8.9805e-02)	Acc@1 100.00 ( 98.57)	Acc@5 100.00 (100.00)
22-Jan-26 13:20:58 -  @Training * Acc@1 98.567 Acc@5 100.000 Loss 0.090
22-Jan-26 13:20:58 - One training epoch latency: 687.3s | Avg Power: 185.6W | Energy: 127542.7583J
22-Jan-26 13:21:08 -  @Testing * Acc@1 73.800 Acc@5 97.700 Loss 5.303
22-Jan-26 13:21:08 - Best acc at epoch 30: 75.60000610351562
22-Jan-26 13:21:08 - Last learning rate: [1.953125e-06]
22-Jan-26 13:21:08 - 	 Epoch 31...
22-Jan-26 13:22:25 - Epoch: [31][ 999/9000]	Time  0.073 ( 0.077)	Data  0.001 ( 0.002)	Loss 0.0000e+00 (3.6290e-02)	Acc@1 100.00 ( 99.00)	Acc@5 100.00 (100.00)
22-Jan-26 13:23:41 - Epoch: [31][1999/9000]	Time  0.066 ( 0.076)	Data  0.001 ( 0.002)	Loss 0.0000e+00 (7.9038e-02)	Acc@1 100.00 ( 98.75)	Acc@5 100.00 (100.00)
22-Jan-26 13:24:58 - Epoch: [31][2999/9000]	Time  0.072 ( 0.076)	Data  0.001 ( 0.001)	Loss 2.3350e-04 (9.2365e-02)	Acc@1 100.00 ( 98.57)	Acc@5 100.00 (100.00)
22-Jan-26 13:26:14 - Epoch: [31][3999/9000]	Time  0.072 ( 0.076)	Data  0.002 ( 0.001)	Loss 0.0000e+00 (8.3531e-02)	Acc@1 100.00 ( 98.70)	Acc@5 100.00 (100.00)
22-Jan-26 13:27:30 - Epoch: [31][4999/9000]	Time  0.069 ( 0.076)	Data  0.001 ( 0.001)	Loss 0.0000e+00 (1.0087e-01)	Acc@1 100.00 ( 98.62)	Acc@5 100.00 (100.00)
22-Jan-26 13:28:46 - Epoch: [31][5999/9000]	Time  0.074 ( 0.076)	Data  0.001 ( 0.001)	Loss 0.0000e+00 (9.6864e-02)	Acc@1 100.00 ( 98.67)	Acc@5 100.00 (100.00)
22-Jan-26 13:30:03 - Epoch: [31][6999/9000]	Time  0.068 ( 0.076)	Data  0.001 ( 0.001)	Loss 1.5139e-05 (9.4785e-02)	Acc@1 100.00 ( 98.67)	Acc@5 100.00 (100.00)
22-Jan-26 13:31:18 - Epoch: [31][7999/9000]	Time  0.078 ( 0.076)	Data  0.002 ( 0.001)	Loss 0.0000e+00 (9.4707e-02)	Acc@1 100.00 ( 98.69)	Acc@5 100.00 (100.00)
22-Jan-26 13:32:34 - Epoch: [31][8999/9000]	Time  0.069 ( 0.076)	Data  0.001 ( 0.001)	Loss 0.0000e+00 (9.6500e-02)	Acc@1 100.00 ( 98.62)	Acc@5 100.00 (100.00)
22-Jan-26 13:32:34 -  @Training * Acc@1 98.622 Acc@5 100.000 Loss 0.096
22-Jan-26 13:32:34 - One training epoch latency: 685.8s | Avg Power: 185.9W | Energy: 127504.5690J
22-Jan-26 13:32:45 -  @Testing * Acc@1 74.200 Acc@5 97.700 Loss 5.426
22-Jan-26 13:32:45 - Best acc at epoch 31: 75.60000610351562
22-Jan-26 13:32:45 - Last learning rate: [1.953125e-06]
22-Jan-26 13:32:45 - 	 Epoch 32...
22-Jan-26 13:34:01 - Epoch: [32][ 999/9000]	Time  0.072 ( 0.076)	Data  0.001 ( 0.002)	Loss 0.0000e+00 (1.4451e-01)	Acc@1 100.00 ( 98.40)	Acc@5 100.00 (100.00)
22-Jan-26 13:35:17 - Epoch: [32][1999/9000]	Time  0.076 ( 0.076)	Data  0.001 ( 0.002)	Loss 0.0000e+00 (9.8593e-02)	Acc@1 100.00 ( 98.85)	Acc@5 100.00 (100.00)
22-Jan-26 13:36:33 - Epoch: [32][2999/9000]	Time  0.075 ( 0.076)	Data  0.001 ( 0.001)	Loss 0.0000e+00 (7.6576e-02)	Acc@1 100.00 ( 98.90)	Acc@5 100.00 (100.00)
22-Jan-26 13:37:50 - Epoch: [32][3999/9000]	Time  0.074 ( 0.076)	Data  0.001 ( 0.001)	Loss 0.0000e+00 (7.2403e-02)	Acc@1 100.00 ( 98.93)	Acc@5 100.00 (100.00)
22-Jan-26 13:39:06 - Epoch: [32][4999/9000]	Time  0.078 ( 0.076)	Data  0.001 ( 0.001)	Loss 0.0000e+00 (8.7438e-02)	Acc@1 100.00 ( 98.82)	Acc@5 100.00 (100.00)
22-Jan-26 13:40:22 - Epoch: [32][5999/9000]	Time  0.071 ( 0.076)	Data  0.001 ( 0.001)	Loss 0.0000e+00 (8.4671e-02)	Acc@1 100.00 ( 98.87)	Acc@5 100.00 (100.00)
22-Jan-26 13:41:39 - Epoch: [32][6999/9000]	Time  0.073 ( 0.076)	Data  0.002 ( 0.001)	Loss 0.0000e+00 (8.4967e-02)	Acc@1 100.00 ( 98.87)	Acc@5 100.00 (100.00)
22-Jan-26 13:42:55 - Epoch: [32][7999/9000]	Time  0.077 ( 0.076)	Data  0.001 ( 0.001)	Loss 0.0000e+00 (8.6518e-02)	Acc@1 100.00 ( 98.80)	Acc@5 100.00 (100.00)
22-Jan-26 13:44:11 - Epoch: [32][8999/9000]	Time  0.061 ( 0.076)	Data  0.002 ( 0.001)	Loss 0.0000e+00 (8.8553e-02)	Acc@1 100.00 ( 98.77)	Acc@5 100.00 (100.00)
22-Jan-26 13:44:11 -  @Training * Acc@1 98.767 Acc@5 100.000 Loss 0.089
22-Jan-26 13:44:11 - One training epoch latency: 686.1s | Avg Power: 186.2W | Energy: 127749.4914J
22-Jan-26 13:44:21 -  @Testing * Acc@1 74.500 Acc@5 97.800 Loss 5.208
22-Jan-26 13:44:21 - Best acc at epoch 32: 75.60000610351562
22-Jan-26 13:44:21 - Last learning rate: [1.953125e-06]
22-Jan-26 13:44:21 - 	 Epoch 33...
22-Jan-26 13:45:38 - Epoch: [33][ 999/9000]	Time  0.084 ( 0.077)	Data  0.001 ( 0.002)	Loss 0.0000e+00 (6.8504e-02)	Acc@1 100.00 ( 98.50)	Acc@5 100.00 (100.00)
22-Jan-26 13:46:54 - Epoch: [33][1999/9000]	Time  0.073 ( 0.076)	Data  0.001 ( 0.002)	Loss 7.1526e-07 (6.1558e-02)	Acc@1 100.00 ( 98.80)	Acc@5 100.00 (100.00)
22-Jan-26 13:48:11 - Epoch: [33][2999/9000]	Time  0.084 ( 0.076)	Data  0.001 ( 0.001)	Loss 0.0000e+00 (5.7397e-02)	Acc@1 100.00 ( 98.83)	Acc@5 100.00 (100.00)
22-Jan-26 13:49:27 - Epoch: [33][3999/9000]	Time  0.069 ( 0.076)	Data  0.001 ( 0.001)	Loss 2.2440e+01 (8.0011e-02)	Acc@1   0.00 ( 98.70)	Acc@5 100.00 (100.00)
22-Jan-26 13:50:43 - Epoch: [33][4999/9000]	Time  0.077 ( 0.076)	Data  0.001 ( 0.001)	Loss 0.0000e+00 (7.3009e-02)	Acc@1 100.00 ( 98.72)	Acc@5 100.00 (100.00)
22-Jan-26 13:52:00 - Epoch: [33][5999/9000]	Time  0.070 ( 0.076)	Data  0.001 ( 0.001)	Loss 0.0000e+00 (7.3070e-02)	Acc@1 100.00 ( 98.75)	Acc@5 100.00 (100.00)
22-Jan-26 13:53:16 - Epoch: [33][6999/9000]	Time  0.070 ( 0.076)	Data  0.001 ( 0.001)	Loss 0.0000e+00 (7.2388e-02)	Acc@1 100.00 ( 98.81)	Acc@5 100.00 (100.00)
22-Jan-26 13:54:32 - Epoch: [33][7999/9000]	Time  0.081 ( 0.076)	Data  0.001 ( 0.001)	Loss 0.0000e+00 (7.6930e-02)	Acc@1 100.00 ( 98.83)	Acc@5 100.00 (100.00)
22-Jan-26 13:55:49 - Epoch: [33][8999/9000]	Time  0.062 ( 0.076)	Data  0.001 ( 0.001)	Loss 0.0000e+00 (7.3957e-02)	Acc@1 100.00 ( 98.80)	Acc@5 100.00 (100.00)
22-Jan-26 13:55:49 -  @Training * Acc@1 98.800 Acc@5 100.000 Loss 0.074
22-Jan-26 13:55:49 - One training epoch latency: 687.6s | Avg Power: 186.1W | Energy: 127943.6006J
22-Jan-26 13:55:59 -  @Testing * Acc@1 74.400 Acc@5 97.700 Loss 5.174
22-Jan-26 13:55:59 - Best acc at epoch 33: 75.60000610351562
22-Jan-26 13:55:59 - Last learning rate: [1.953125e-06]
22-Jan-26 13:55:59 - 	 Epoch 34...
22-Jan-26 13:57:16 - Epoch: [34][ 999/9000]	Time  0.073 ( 0.077)	Data  0.001 ( 0.002)	Loss 0.0000e+00 (4.8123e-02)	Acc@1 100.00 ( 99.20)	Acc@5 100.00 (100.00)
22-Jan-26 13:58:32 - Epoch: [34][1999/9000]	Time  0.077 ( 0.077)	Data  0.001 ( 0.001)	Loss 1.8418e-03 (5.0304e-02)	Acc@1 100.00 ( 99.15)	Acc@5 100.00 (100.00)
22-Jan-26 13:59:48 - Epoch: [34][2999/9000]	Time  0.072 ( 0.076)	Data  0.001 ( 0.001)	Loss 0.0000e+00 (4.5652e-02)	Acc@1 100.00 ( 99.23)	Acc@5 100.00 (100.00)
22-Jan-26 14:01:05 - Epoch: [34][3999/9000]	Time  0.069 ( 0.076)	Data  0.002 ( 0.001)	Loss 0.0000e+00 (4.7620e-02)	Acc@1 100.00 ( 99.13)	Acc@5 100.00 (100.00)
22-Jan-26 14:02:20 - Epoch: [34][4999/9000]	Time  0.068 ( 0.076)	Data  0.001 ( 0.001)	Loss 0.0000e+00 (4.8047e-02)	Acc@1 100.00 ( 99.12)	Acc@5 100.00 (100.00)
22-Jan-26 14:03:37 - Epoch: [34][5999/9000]	Time  0.081 ( 0.076)	Data  0.003 ( 0.001)	Loss 0.0000e+00 (6.2551e-02)	Acc@1 100.00 ( 99.00)	Acc@5 100.00 (100.00)
22-Jan-26 14:04:53 - Epoch: [34][6999/9000]	Time  0.071 ( 0.076)	Data  0.001 ( 0.001)	Loss 0.0000e+00 (6.0443e-02)	Acc@1 100.00 ( 98.97)	Acc@5 100.00 (100.00)
22-Jan-26 14:06:09 - Epoch: [34][7999/9000]	Time  0.099 ( 0.076)	Data  0.001 ( 0.001)	Loss 0.0000e+00 (5.8330e-02)	Acc@1 100.00 ( 98.96)	Acc@5 100.00 (100.00)
22-Jan-26 14:07:26 - Epoch: [34][8999/9000]	Time  0.060 ( 0.076)	Data  0.001 ( 0.001)	Loss 0.0000e+00 (6.0269e-02)	Acc@1 100.00 ( 98.92)	Acc@5 100.00 (100.00)
22-Jan-26 14:07:26 -  @Training * Acc@1 98.922 Acc@5 100.000 Loss 0.060
22-Jan-26 14:07:26 - One training epoch latency: 687.2s | Avg Power: 185.9W | Energy: 127725.3710J
22-Jan-26 14:07:37 -  @Testing * Acc@1 74.200 Acc@5 97.600 Loss 5.222
22-Jan-26 14:07:37 - Best acc at epoch 34: 75.60000610351562
22-Jan-26 14:07:37 - Last learning rate: [1.953125e-06]
22-Jan-26 14:07:37 - 	 Epoch 35...
22-Jan-26 14:08:53 - Epoch: [35][ 999/9000]	Time  0.072 ( 0.077)	Data  0.001 ( 0.002)	Loss 0.0000e+00 (5.0000e-02)	Acc@1 100.00 ( 99.50)	Acc@5 100.00 (100.00)
22-Jan-26 14:10:10 - Epoch: [35][1999/9000]	Time  0.076 ( 0.077)	Data  0.005 ( 0.002)	Loss 0.0000e+00 (5.4475e-02)	Acc@1 100.00 ( 99.40)	Acc@5 100.00 (100.00)
22-Jan-26 14:11:26 - Epoch: [35][2999/9000]	Time  0.072 ( 0.077)	Data  0.001 ( 0.001)	Loss 0.0000e+00 (5.1992e-02)	Acc@1 100.00 ( 99.30)	Acc@5 100.00 (100.00)
22-Jan-26 14:12:43 - Epoch: [35][3999/9000]	Time  0.114 ( 0.076)	Data  0.006 ( 0.001)	Loss 0.0000e+00 (5.9580e-02)	Acc@1 100.00 ( 99.25)	Acc@5 100.00 (100.00)
22-Jan-26 14:13:59 - Epoch: [35][4999/9000]	Time  0.082 ( 0.076)	Data  0.005 ( 0.001)	Loss 0.0000e+00 (5.6171e-02)	Acc@1 100.00 ( 99.22)	Acc@5 100.00 (100.00)
22-Jan-26 14:15:15 - Epoch: [35][5999/9000]	Time  0.074 ( 0.076)	Data  0.001 ( 0.001)	Loss 0.0000e+00 (5.6078e-02)	Acc@1 100.00 ( 99.17)	Acc@5 100.00 (100.00)
22-Jan-26 14:16:32 - Epoch: [35][6999/9000]	Time  0.072 ( 0.076)	Data  0.002 ( 0.001)	Loss 0.0000e+00 (5.7696e-02)	Acc@1 100.00 ( 99.07)	Acc@5 100.00 (100.00)
22-Jan-26 14:17:49 - Epoch: [35][7999/9000]	Time  0.100 ( 0.076)	Data  0.002 ( 0.001)	Loss 0.0000e+00 (6.5403e-02)	Acc@1 100.00 ( 99.05)	Acc@5 100.00 (100.00)
22-Jan-26 14:19:04 - Epoch: [35][8999/9000]	Time  0.095 ( 0.076)	Data  0.003 ( 0.001)	Loss 0.0000e+00 (6.5780e-02)	Acc@1 100.00 ( 99.02)	Acc@5 100.00 (100.00)
22-Jan-26 14:19:05 -  @Training * Acc@1 99.022 Acc@5 100.000 Loss 0.066
22-Jan-26 14:19:05 - One training epoch latency: 688.0s | Avg Power: 185.6W | Energy: 127686.5580J
22-Jan-26 14:19:15 -  @Testing * Acc@1 74.200 Acc@5 97.800 Loss 5.372
22-Jan-26 14:19:15 - Best acc at epoch 35: 75.60000610351562
22-Jan-26 14:19:15 - Last learning rate: [9.765625e-07]
22-Jan-26 14:19:15 - 	 Epoch 36...
22-Jan-26 14:20:32 - Epoch: [36][ 999/9000]	Time  0.077 ( 0.077)	Data  0.002 ( 0.002)	Loss 0.0000e+00 (7.3518e-02)	Acc@1 100.00 ( 99.00)	Acc@5 100.00 (100.00)
22-Jan-26 14:21:48 - Epoch: [36][1999/9000]	Time  0.083 ( 0.077)	Data  0.001 ( 0.001)	Loss 0.0000e+00 (5.1975e-02)	Acc@1 100.00 ( 99.15)	Acc@5 100.00 (100.00)
22-Jan-26 14:23:05 - Epoch: [36][2999/9000]	Time  0.074 ( 0.077)	Data  0.001 ( 0.001)	Loss 0.0000e+00 (4.8107e-02)	Acc@1 100.00 ( 99.20)	Acc@5 100.00 (100.00)
22-Jan-26 14:24:21 - Epoch: [36][3999/9000]	Time  0.066 ( 0.077)	Data  0.001 ( 0.001)	Loss 0.0000e+00 (4.9999e-02)	Acc@1 100.00 ( 99.10)	Acc@5 100.00 (100.00)
22-Jan-26 14:25:38 - Epoch: [36][4999/9000]	Time  0.078 ( 0.077)	Data  0.001 ( 0.001)	Loss 1.1921e-07 (4.5102e-02)	Acc@1 100.00 ( 99.12)	Acc@5 100.00 (100.00)
22-Jan-26 14:26:54 - Epoch: [36][5999/9000]	Time  0.080 ( 0.076)	Data  0.001 ( 0.001)	Loss 0.0000e+00 (3.8231e-02)	Acc@1 100.00 ( 99.23)	Acc@5 100.00 (100.00)
22-Jan-26 14:28:11 - Epoch: [36][6999/9000]	Time  0.074 ( 0.077)	Data  0.001 ( 0.001)	Loss 0.0000e+00 (4.6315e-02)	Acc@1 100.00 ( 99.20)	Acc@5 100.00 (100.00)
22-Jan-26 14:29:28 - Epoch: [36][7999/9000]	Time  0.075 ( 0.077)	Data  0.001 ( 0.001)	Loss 0.0000e+00 (4.4847e-02)	Acc@1 100.00 ( 99.25)	Acc@5 100.00 (100.00)
22-Jan-26 14:30:44 - Epoch: [36][8999/9000]	Time  0.060 ( 0.077)	Data  0.001 ( 0.001)	Loss 0.0000e+00 (4.3767e-02)	Acc@1 100.00 ( 99.26)	Acc@5 100.00 (100.00)
22-Jan-26 14:30:45 -  @Training * Acc@1 99.256 Acc@5 100.000 Loss 0.044
22-Jan-26 14:30:45 - One training epoch latency: 689.6s | Avg Power: 185.7W | Energy: 128028.2603J
22-Jan-26 14:30:55 -  @Testing * Acc@1 74.000 Acc@5 97.900 Loss 5.305
22-Jan-26 14:30:55 - Best acc at epoch 36: 75.60000610351562
22-Jan-26 14:30:55 - Last learning rate: [9.765625e-07]
22-Jan-26 14:30:55 - 	 Epoch 37...
22-Jan-26 14:32:12 - Epoch: [37][ 999/9000]	Time  0.071 ( 0.077)	Data  0.001 ( 0.001)	Loss 0.0000e+00 (3.5474e-02)	Acc@1 100.00 ( 99.30)	Acc@5 100.00 (100.00)
22-Jan-26 14:33:28 - Epoch: [37][1999/9000]	Time  0.069 ( 0.077)	Data  0.001 ( 0.001)	Loss 0.0000e+00 (3.5459e-02)	Acc@1 100.00 ( 99.25)	Acc@5 100.00 (100.00)
22-Jan-26 14:34:45 - Epoch: [37][2999/9000]	Time  0.109 ( 0.077)	Data  0.001 ( 0.001)	Loss 0.0000e+00 (3.3817e-02)	Acc@1 100.00 ( 99.37)	Acc@5 100.00 (100.00)
22-Jan-26 14:36:01 - Epoch: [37][3999/9000]	Time  0.073 ( 0.077)	Data  0.001 ( 0.001)	Loss 0.0000e+00 (3.5498e-02)	Acc@1 100.00 ( 99.35)	Acc@5 100.00 (100.00)
22-Jan-26 14:37:17 - Epoch: [37][4999/9000]	Time  0.067 ( 0.076)	Data  0.001 ( 0.001)	Loss 0.0000e+00 (3.3149e-02)	Acc@1 100.00 ( 99.34)	Acc@5 100.00 (100.00)
22-Jan-26 14:38:34 - Epoch: [37][5999/9000]	Time  0.083 ( 0.076)	Data  0.001 ( 0.001)	Loss 0.0000e+00 (3.8132e-02)	Acc@1 100.00 ( 99.33)	Acc@5 100.00 (100.00)
22-Jan-26 14:39:50 - Epoch: [37][6999/9000]	Time  0.083 ( 0.076)	Data  0.006 ( 0.001)	Loss 0.0000e+00 (3.8775e-02)	Acc@1 100.00 ( 99.31)	Acc@5 100.00 (100.00)
22-Jan-26 14:41:07 - Epoch: [37][7999/9000]	Time  0.073 ( 0.077)	Data  0.001 ( 0.001)	Loss 0.0000e+00 (4.0037e-02)	Acc@1 100.00 ( 99.29)	Acc@5 100.00 (100.00)
22-Jan-26 14:42:23 - Epoch: [37][8999/9000]	Time  0.070 ( 0.077)	Data  0.002 ( 0.001)	Loss 0.0000e+00 (4.1074e-02)	Acc@1 100.00 ( 99.31)	Acc@5 100.00 (100.00)
22-Jan-26 14:42:23 -  @Training * Acc@1 99.311 Acc@5 100.000 Loss 0.041
22-Jan-26 14:42:24 - One training epoch latency: 688.7s | Avg Power: 185.2W | Energy: 127514.6564J
22-Jan-26 14:42:34 -  @Testing * Acc@1 74.600 Acc@5 97.600 Loss 5.279
22-Jan-26 14:42:34 - Best acc at epoch 37: 75.60000610351562
22-Jan-26 14:42:34 - Last learning rate: [9.765625e-07]
22-Jan-26 14:42:34 - 	 Epoch 38...
22-Jan-26 14:43:50 - Epoch: [38][ 999/9000]	Time  0.080 ( 0.076)	Data  0.001 ( 0.002)	Loss 0.0000e+00 (3.5749e-02)	Acc@1 100.00 ( 99.40)	Acc@5 100.00 (100.00)
22-Jan-26 14:45:07 - Epoch: [38][1999/9000]	Time  0.077 ( 0.076)	Data  0.001 ( 0.001)	Loss 2.0266e-06 (2.0952e-02)	Acc@1 100.00 ( 99.55)	Acc@5 100.00 (100.00)
22-Jan-26 14:46:24 - Epoch: [38][2999/9000]	Time  0.068 ( 0.077)	Data  0.002 ( 0.001)	Loss 0.0000e+00 (3.5302e-02)	Acc@1 100.00 ( 99.40)	Acc@5 100.00 (100.00)
22-Jan-26 14:47:40 - Epoch: [38][3999/9000]	Time  0.074 ( 0.076)	Data  0.001 ( 0.001)	Loss 0.0000e+00 (3.3516e-02)	Acc@1 100.00 ( 99.45)	Acc@5 100.00 (100.00)
22-Jan-26 14:48:56 - Epoch: [38][4999/9000]	Time  0.074 ( 0.077)	Data  0.001 ( 0.001)	Loss 0.0000e+00 (3.6677e-02)	Acc@1 100.00 ( 99.40)	Acc@5 100.00 (100.00)
22-Jan-26 14:50:12 - Epoch: [38][5999/9000]	Time  0.076 ( 0.076)	Data  0.001 ( 0.001)	Loss 0.0000e+00 (3.5130e-02)	Acc@1 100.00 ( 99.35)	Acc@5 100.00 (100.00)
22-Jan-26 14:51:29 - Epoch: [38][6999/9000]	Time  0.075 ( 0.076)	Data  0.001 ( 0.001)	Loss 0.0000e+00 (3.8392e-02)	Acc@1 100.00 ( 99.31)	Acc@5 100.00 (100.00)
22-Jan-26 14:52:45 - Epoch: [38][7999/9000]	Time  0.079 ( 0.076)	Data  0.005 ( 0.001)	Loss 0.0000e+00 (4.1011e-02)	Acc@1 100.00 ( 99.28)	Acc@5 100.00 (100.00)
22-Jan-26 14:54:01 - Epoch: [38][8999/9000]	Time  0.065 ( 0.076)	Data  0.001 ( 0.001)	Loss 0.0000e+00 (4.0649e-02)	Acc@1 100.00 ( 99.28)	Acc@5 100.00 (100.00)
22-Jan-26 14:54:02 -  @Training * Acc@1 99.278 Acc@5 100.000 Loss 0.041
22-Jan-26 14:54:02 - One training epoch latency: 687.7s | Avg Power: 186.0W | Energy: 127887.6455J
22-Jan-26 14:54:12 -  @Testing * Acc@1 73.500 Acc@5 98.100 Loss 5.514
22-Jan-26 14:54:12 - Best acc at epoch 38: 75.60000610351562
22-Jan-26 14:54:12 - Last learning rate: [9.765625e-07]
22-Jan-26 14:54:12 - 	 Epoch 39...
22-Jan-26 14:55:29 - Epoch: [39][ 999/9000]	Time  0.074 ( 0.077)	Data  0.001 ( 0.002)	Loss 0.0000e+00 (6.4609e-02)	Acc@1 100.00 ( 99.20)	Acc@5 100.00 (100.00)
22-Jan-26 14:56:45 - Epoch: [39][1999/9000]	Time  0.076 ( 0.077)	Data  0.001 ( 0.002)	Loss 0.0000e+00 (5.2965e-02)	Acc@1 100.00 ( 99.30)	Acc@5 100.00 (100.00)
22-Jan-26 14:58:02 - Epoch: [39][2999/9000]	Time  0.074 ( 0.077)	Data  0.001 ( 0.001)	Loss 0.0000e+00 (3.9375e-02)	Acc@1 100.00 ( 99.40)	Acc@5 100.00 (100.00)
22-Jan-26 14:59:18 - Epoch: [39][3999/9000]	Time  0.067 ( 0.077)	Data  0.001 ( 0.001)	Loss 0.0000e+00 (3.3363e-02)	Acc@1 100.00 ( 99.45)	Acc@5 100.00 (100.00)
22-Jan-26 15:00:34 - Epoch: [39][4999/9000]	Time  0.094 ( 0.076)	Data  0.001 ( 0.001)	Loss 0.0000e+00 (3.3404e-02)	Acc@1 100.00 ( 99.46)	Acc@5 100.00 (100.00)
22-Jan-26 15:01:51 - Epoch: [39][5999/9000]	Time  0.076 ( 0.076)	Data  0.002 ( 0.001)	Loss 0.0000e+00 (2.9849e-02)	Acc@1 100.00 ( 99.52)	Acc@5 100.00 (100.00)
22-Jan-26 15:03:07 - Epoch: [39][6999/9000]	Time  0.079 ( 0.076)	Data  0.002 ( 0.001)	Loss 0.0000e+00 (3.0536e-02)	Acc@1 100.00 ( 99.44)	Acc@5 100.00 (100.00)
22-Jan-26 15:04:24 - Epoch: [39][7999/9000]	Time  0.081 ( 0.077)	Data  0.005 ( 0.001)	Loss 0.0000e+00 (3.4048e-02)	Acc@1 100.00 ( 99.41)	Acc@5 100.00 (100.00)
22-Jan-26 15:05:41 - Epoch: [39][8999/9000]	Time  0.063 ( 0.076)	Data  0.001 ( 0.001)	Loss 0.0000e+00 (3.9639e-02)	Acc@1 100.00 ( 99.38)	Acc@5 100.00 (100.00)
22-Jan-26 15:05:41 -  @Training * Acc@1 99.378 Acc@5 100.000 Loss 0.040
22-Jan-26 15:05:41 - One training epoch latency: 688.5s | Avg Power: 185.6W | Energy: 127797.9372J
22-Jan-26 15:05:51 -  @Testing * Acc@1 74.700 Acc@5 98.200 Loss 5.377
22-Jan-26 15:05:51 - Best acc at epoch 39: 75.60000610351562
22-Jan-26 15:05:51 - Last learning rate: [9.765625e-07]
22-Jan-26 15:05:51 - 	 Epoch 40...
22-Jan-26 15:07:08 - Epoch: [40][ 999/9000]	Time  0.084 ( 0.077)	Data  0.001 ( 0.002)	Loss 0.0000e+00 (4.2784e-02)	Acc@1 100.00 ( 99.10)	Acc@5 100.00 (100.00)
22-Jan-26 15:08:24 - Epoch: [40][1999/9000]	Time  0.078 ( 0.077)	Data  0.001 ( 0.001)	Loss 0.0000e+00 (2.7859e-02)	Acc@1 100.00 ( 99.30)	Acc@5 100.00 (100.00)
22-Jan-26 15:09:40 - Epoch: [40][2999/9000]	Time  0.075 ( 0.077)	Data  0.001 ( 0.001)	Loss 0.0000e+00 (3.4176e-02)	Acc@1 100.00 ( 99.30)	Acc@5 100.00 (100.00)
22-Jan-26 15:10:57 - Epoch: [40][3999/9000]	Time  0.073 ( 0.077)	Data  0.001 ( 0.001)	Loss 0.0000e+00 (3.1353e-02)	Acc@1 100.00 ( 99.40)	Acc@5 100.00 (100.00)
22-Jan-26 15:12:14 - Epoch: [40][4999/9000]	Time  0.084 ( 0.077)	Data  0.001 ( 0.001)	Loss 0.0000e+00 (2.6366e-02)	Acc@1 100.00 ( 99.48)	Acc@5 100.00 (100.00)
22-Jan-26 15:13:32 - Epoch: [40][5999/9000]	Time  0.078 ( 0.077)	Data  0.002 ( 0.001)	Loss 0.0000e+00 (2.7639e-02)	Acc@1 100.00 ( 99.45)	Acc@5 100.00 (100.00)
22-Jan-26 15:14:49 - Epoch: [40][6999/9000]	Time  0.076 ( 0.077)	Data  0.003 ( 0.001)	Loss 0.0000e+00 (2.8510e-02)	Acc@1 100.00 ( 99.44)	Acc@5 100.00 (100.00)
22-Jan-26 15:16:06 - Epoch: [40][7999/9000]	Time  0.068 ( 0.077)	Data  0.001 ( 0.001)	Loss 5.9605e-07 (2.7212e-02)	Acc@1 100.00 ( 99.48)	Acc@5 100.00 (100.00)
22-Jan-26 15:17:24 - Epoch: [40][8999/9000]	Time  0.061 ( 0.077)	Data  0.001 ( 0.001)	Loss 0.0000e+00 (2.8576e-02)	Acc@1 100.00 ( 99.46)	Acc@5 100.00 (100.00)
22-Jan-26 15:17:25 -  @Training * Acc@1 99.456 Acc@5 100.000 Loss 0.029
22-Jan-26 15:17:25 - One training epoch latency: 693.8s | Avg Power: 185.2W | Energy: 128465.1244J
22-Jan-26 15:17:35 -  @Testing * Acc@1 73.300 Acc@5 97.400 Loss 5.502
22-Jan-26 15:17:35 - Best acc at epoch 40: 75.60000610351562
22-Jan-26 15:17:35 - Last learning rate: [9.765625e-07]
22-Jan-26 15:17:35 - 	 Epoch 41...
22-Jan-26 15:18:52 - Epoch: [41][ 999/9000]	Time  0.071 ( 0.077)	Data  0.001 ( 0.002)	Loss 0.0000e+00 (3.4939e-02)	Acc@1 100.00 ( 99.40)	Acc@5 100.00 (100.00)
22-Jan-26 15:20:10 - Epoch: [41][1999/9000]	Time  0.076 ( 0.077)	Data  0.001 ( 0.002)	Loss 0.0000e+00 (5.9900e-02)	Acc@1 100.00 ( 99.10)	Acc@5 100.00 (100.00)
22-Jan-26 15:21:27 - Epoch: [41][2999/9000]	Time  0.083 ( 0.077)	Data  0.001 ( 0.002)	Loss 0.0000e+00 (4.8566e-02)	Acc@1 100.00 ( 99.10)	Acc@5 100.00 (100.00)
22-Jan-26 15:22:44 - Epoch: [41][3999/9000]	Time  0.077 ( 0.077)	Data  0.001 ( 0.002)	Loss 0.0000e+00 (4.8932e-02)	Acc@1 100.00 ( 99.10)	Acc@5 100.00 (100.00)
22-Jan-26 15:24:02 - Epoch: [41][4999/9000]	Time  0.066 ( 0.077)	Data  0.001 ( 0.002)	Loss 0.0000e+00 (4.8098e-02)	Acc@1 100.00 ( 99.16)	Acc@5 100.00 (100.00)
22-Jan-26 15:25:19 - Epoch: [41][5999/9000]	Time  0.070 ( 0.077)	Data  0.001 ( 0.002)	Loss 0.0000e+00 (5.0692e-02)	Acc@1 100.00 ( 99.17)	Acc@5 100.00 (100.00)
22-Jan-26 15:26:36 - Epoch: [41][6999/9000]	Time  0.071 ( 0.077)	Data  0.001 ( 0.002)	Loss 0.0000e+00 (4.5347e-02)	Acc@1 100.00 ( 99.24)	Acc@5 100.00 (100.00)
22-Jan-26 15:27:53 - Epoch: [41][7999/9000]	Time  0.079 ( 0.077)	Data  0.002 ( 0.002)	Loss 0.0000e+00 (4.4960e-02)	Acc@1 100.00 ( 99.26)	Acc@5 100.00 (100.00)
22-Jan-26 15:29:11 - Epoch: [41][8999/9000]	Time  0.072 ( 0.077)	Data  0.001 ( 0.002)	Loss 0.0000e+00 (4.5031e-02)	Acc@1 100.00 ( 99.26)	Acc@5 100.00 (100.00)
22-Jan-26 15:29:11 -  @Training * Acc@1 99.256 Acc@5 100.000 Loss 0.045
22-Jan-26 15:29:11 - One training epoch latency: 696.1s | Avg Power: 184.6W | Energy: 128529.1823J
22-Jan-26 15:29:22 -  @Testing * Acc@1 74.200 Acc@5 98.000 Loss 5.438
22-Jan-26 15:29:22 - Best acc at epoch 41: 75.60000610351562
22-Jan-26 15:29:22 - Last learning rate: [4.8828125e-07]
22-Jan-26 15:29:22 - 	 Epoch 42...
22-Jan-26 15:30:39 - Epoch: [42][ 999/9000]	Time  0.071 ( 0.077)	Data  0.002 ( 0.002)	Loss 0.0000e+00 (2.5578e-02)	Acc@1 100.00 ( 99.50)	Acc@5 100.00 (100.00)
22-Jan-26 15:31:56 - Epoch: [42][1999/9000]	Time  0.087 ( 0.077)	Data  0.001 ( 0.002)	Loss 0.0000e+00 (1.4761e-02)	Acc@1 100.00 ( 99.65)	Acc@5 100.00 (100.00)
22-Jan-26 15:33:13 - Epoch: [42][2999/9000]	Time  0.079 ( 0.077)	Data  0.001 ( 0.002)	Loss 0.0000e+00 (1.8956e-02)	Acc@1 100.00 ( 99.47)	Acc@5 100.00 (100.00)
22-Jan-26 15:34:31 - Epoch: [42][3999/9000]	Time  0.073 ( 0.077)	Data  0.001 ( 0.001)	Loss 0.0000e+00 (1.6613e-02)	Acc@1 100.00 ( 99.53)	Acc@5 100.00 (100.00)
22-Jan-26 15:35:48 - Epoch: [42][4999/9000]	Time  0.079 ( 0.077)	Data  0.001 ( 0.001)	Loss 0.0000e+00 (1.7548e-02)	Acc@1 100.00 ( 99.50)	Acc@5 100.00 (100.00)
22-Jan-26 15:37:05 - Epoch: [42][5999/9000]	Time  0.075 ( 0.077)	Data  0.002 ( 0.001)	Loss 0.0000e+00 (1.5361e-02)	Acc@1 100.00 ( 99.55)	Acc@5 100.00 (100.00)
22-Jan-26 15:38:23 - Epoch: [42][6999/9000]	Time  0.078 ( 0.077)	Data  0.001 ( 0.001)	Loss 0.0000e+00 (1.5375e-02)	Acc@1 100.00 ( 99.56)	Acc@5 100.00 (100.00)
22-Jan-26 15:39:40 - Epoch: [42][7999/9000]	Time  0.074 ( 0.077)	Data  0.001 ( 0.001)	Loss 0.0000e+00 (1.4572e-02)	Acc@1 100.00 ( 99.59)	Acc@5 100.00 (100.00)
22-Jan-26 15:40:57 - Epoch: [42][8999/9000]	Time  0.066 ( 0.077)	Data  0.002 ( 0.001)	Loss 0.0000e+00 (1.6697e-02)	Acc@1 100.00 ( 99.59)	Acc@5 100.00 (100.00)
22-Jan-26 15:40:57 -  @Training * Acc@1 99.589 Acc@5 100.000 Loss 0.017
22-Jan-26 15:40:57 - One training epoch latency: 695.5s | Avg Power: 184.9W | Energy: 128580.6893J
22-Jan-26 15:41:08 -  @Testing * Acc@1 73.900 Acc@5 98.100 Loss 5.423
22-Jan-26 15:41:08 - Best acc at epoch 42: 75.60000610351562
22-Jan-26 15:41:08 - Last learning rate: [4.8828125e-07]
22-Jan-26 15:41:08 - 	 Epoch 43...
22-Jan-26 15:42:25 - Epoch: [43][ 999/9000]	Time  0.087 ( 0.078)	Data  0.004 ( 0.002)	Loss 1.4067e-05 (5.1732e-02)	Acc@1 100.00 ( 99.40)	Acc@5 100.00 (100.00)
22-Jan-26 15:43:43 - Epoch: [43][1999/9000]	Time  0.072 ( 0.078)	Data  0.001 ( 0.002)	Loss 0.0000e+00 (3.4257e-02)	Acc@1 100.00 ( 99.50)	Acc@5 100.00 (100.00)
22-Jan-26 15:45:00 - Epoch: [43][2999/9000]	Time  0.079 ( 0.078)	Data  0.001 ( 0.002)	Loss 0.0000e+00 (3.5096e-02)	Acc@1 100.00 ( 99.57)	Acc@5 100.00 (100.00)
22-Jan-26 15:46:18 - Epoch: [43][3999/9000]	Time  0.079 ( 0.078)	Data  0.001 ( 0.002)	Loss 0.0000e+00 (2.6645e-02)	Acc@1 100.00 ( 99.68)	Acc@5 100.00 (100.00)
22-Jan-26 15:47:36 - Epoch: [43][4999/9000]	Time  0.087 ( 0.078)	Data  0.001 ( 0.002)	Loss 0.0000e+00 (2.6463e-02)	Acc@1 100.00 ( 99.66)	Acc@5 100.00 (100.00)
22-Jan-26 15:48:53 - Epoch: [43][5999/9000]	Time  0.080 ( 0.078)	Data  0.002 ( 0.002)	Loss 0.0000e+00 (2.2565e-02)	Acc@1 100.00 ( 99.68)	Acc@5 100.00 (100.00)
22-Jan-26 15:50:11 - Epoch: [43][6999/9000]	Time  0.075 ( 0.078)	Data  0.002 ( 0.002)	Loss 0.0000e+00 (2.1531e-02)	Acc@1 100.00 ( 99.69)	Acc@5 100.00 (100.00)
22-Jan-26 15:51:28 - Epoch: [43][7999/9000]	Time  0.087 ( 0.078)	Data  0.001 ( 0.002)	Loss 0.0000e+00 (2.1249e-02)	Acc@1 100.00 ( 99.69)	Acc@5 100.00 (100.00)
22-Jan-26 15:52:46 - Epoch: [43][8999/9000]	Time  0.072 ( 0.078)	Data  0.001 ( 0.002)	Loss 0.0000e+00 (2.2285e-02)	Acc@1 100.00 ( 99.64)	Acc@5 100.00 (100.00)
22-Jan-26 15:52:46 -  @Training * Acc@1 99.644 Acc@5 100.000 Loss 0.022
22-Jan-26 15:52:46 - One training epoch latency: 698.6s | Avg Power: 184.8W | Energy: 129141.7843J
22-Jan-26 15:52:57 -  @Testing * Acc@1 73.700 Acc@5 97.600 Loss 5.537
22-Jan-26 15:52:57 - Best acc at epoch 43: 75.60000610351562
22-Jan-26 15:52:57 - Last learning rate: [4.8828125e-07]
22-Jan-26 15:52:57 - 	 Epoch 44...
22-Jan-26 15:54:14 - Epoch: [44][ 999/9000]	Time  0.076 ( 0.077)	Data  0.001 ( 0.002)	Loss 1.6689e-06 (1.1706e-02)	Acc@1 100.00 ( 99.90)	Acc@5 100.00 (100.00)
22-Jan-26 15:55:32 - Epoch: [44][1999/9000]	Time  0.083 ( 0.077)	Data  0.002 ( 0.002)	Loss 0.0000e+00 (1.5969e-02)	Acc@1 100.00 ( 99.80)	Acc@5 100.00 (100.00)
22-Jan-26 15:56:49 - Epoch: [44][2999/9000]	Time  0.066 ( 0.077)	Data  0.001 ( 0.002)	Loss 0.0000e+00 (2.3334e-02)	Acc@1 100.00 ( 99.70)	Acc@5 100.00 (100.00)
22-Jan-26 15:58:06 - Epoch: [44][3999/9000]	Time  0.074 ( 0.077)	Data  0.001 ( 0.002)	Loss 0.0000e+00 (1.8259e-02)	Acc@1 100.00 ( 99.73)	Acc@5 100.00 (100.00)
22-Jan-26 15:59:24 - Epoch: [44][4999/9000]	Time  0.072 ( 0.077)	Data  0.001 ( 0.002)	Loss 0.0000e+00 (2.6408e-02)	Acc@1 100.00 ( 99.66)	Acc@5 100.00 (100.00)
22-Jan-26 16:00:41 - Epoch: [44][5999/9000]	Time  0.081 ( 0.077)	Data  0.003 ( 0.002)	Loss 0.0000e+00 (2.4918e-02)	Acc@1 100.00 ( 99.68)	Acc@5 100.00 (100.00)
22-Jan-26 16:01:58 - Epoch: [44][6999/9000]	Time  0.070 ( 0.077)	Data  0.001 ( 0.002)	Loss 0.0000e+00 (2.4228e-02)	Acc@1 100.00 ( 99.66)	Acc@5 100.00 (100.00)
22-Jan-26 16:03:15 - Epoch: [44][7999/9000]	Time  0.070 ( 0.077)	Data  0.001 ( 0.001)	Loss 0.0000e+00 (2.1389e-02)	Acc@1 100.00 ( 99.69)	Acc@5 100.00 (100.00)
22-Jan-26 16:04:32 - Epoch: [44][8999/9000]	Time  0.081 ( 0.077)	Data  0.003 ( 0.001)	Loss 0.0000e+00 (2.0270e-02)	Acc@1 100.00 ( 99.68)	Acc@5 100.00 (100.00)
22-Jan-26 16:04:32 -  @Training * Acc@1 99.678 Acc@5 100.000 Loss 0.020
22-Jan-26 16:04:32 - One training epoch latency: 695.1s | Avg Power: 185.3W | Energy: 128824.7678J
22-Jan-26 16:04:43 -  @Testing * Acc@1 73.900 Acc@5 97.800 Loss 5.445
22-Jan-26 16:04:43 - Best acc at epoch 44: 75.60000610351562
22-Jan-26 16:04:43 - Last learning rate: [4.8828125e-07]
22-Jan-26 16:04:43 - 	 Epoch 45...
22-Jan-26 16:05:59 - Epoch: [45][ 999/9000]	Time  0.078 ( 0.077)	Data  0.001 ( 0.002)	Loss 0.0000e+00 (6.9374e-03)	Acc@1 100.00 ( 99.90)	Acc@5 100.00 (100.00)
22-Jan-26 16:07:17 - Epoch: [45][1999/9000]	Time  0.075 ( 0.077)	Data  0.001 ( 0.002)	Loss 0.0000e+00 (1.4936e-02)	Acc@1 100.00 ( 99.75)	Acc@5 100.00 (100.00)
22-Jan-26 16:08:35 - Epoch: [45][2999/9000]	Time  0.077 ( 0.077)	Data  0.002 ( 0.001)	Loss 1.1921e-07 (1.6065e-02)	Acc@1 100.00 ( 99.77)	Acc@5 100.00 (100.00)
22-Jan-26 16:09:52 - Epoch: [45][3999/9000]	Time  0.073 ( 0.077)	Data  0.001 ( 0.001)	Loss 0.0000e+00 (1.3951e-02)	Acc@1 100.00 ( 99.73)	Acc@5 100.00 (100.00)
22-Jan-26 16:11:09 - Epoch: [45][4999/9000]	Time  0.073 ( 0.077)	Data  0.001 ( 0.001)	Loss 0.0000e+00 (1.9129e-02)	Acc@1 100.00 ( 99.64)	Acc@5 100.00 (100.00)
22-Jan-26 16:12:26 - Epoch: [45][5999/9000]	Time  0.075 ( 0.077)	Data  0.002 ( 0.001)	Loss 0.0000e+00 (1.9671e-02)	Acc@1 100.00 ( 99.60)	Acc@5 100.00 (100.00)
22-Jan-26 16:13:44 - Epoch: [45][6999/9000]	Time  0.075 ( 0.077)	Data  0.001 ( 0.001)	Loss 0.0000e+00 (2.2016e-02)	Acc@1 100.00 ( 99.53)	Acc@5 100.00 (100.00)
22-Jan-26 16:15:01 - Epoch: [45][7999/9000]	Time  0.065 ( 0.077)	Data  0.001 ( 0.001)	Loss 0.0000e+00 (2.2920e-02)	Acc@1 100.00 ( 99.53)	Acc@5 100.00 (100.00)
22-Jan-26 16:16:18 - Epoch: [45][8999/9000]	Time  0.073 ( 0.077)	Data  0.001 ( 0.001)	Loss 0.0000e+00 (2.4958e-02)	Acc@1 100.00 ( 99.52)	Acc@5 100.00 (100.00)
22-Jan-26 16:16:18 -  @Training * Acc@1 99.522 Acc@5 100.000 Loss 0.025
22-Jan-26 16:16:18 - One training epoch latency: 695.6s | Avg Power: 185.1W | Energy: 128770.3104J
22-Jan-26 16:16:29 -  @Testing * Acc@1 73.500 Acc@5 97.500 Loss 5.460
22-Jan-26 16:16:29 - Best acc at epoch 45: 75.60000610351562
22-Jan-26 16:16:29 - Last learning rate: [4.8828125e-07]
22-Jan-26 16:16:29 - 	 Epoch 46...
22-Jan-26 16:17:46 - Epoch: [46][ 999/9000]	Time  0.066 ( 0.077)	Data  0.001 ( 0.002)	Loss 0.0000e+00 (7.2026e-03)	Acc@1 100.00 ( 99.80)	Acc@5 100.00 (100.00)
22-Jan-26 16:19:04 - Epoch: [46][1999/9000]	Time  0.071 ( 0.077)	Data  0.001 ( 0.002)	Loss 0.0000e+00 (7.9068e-03)	Acc@1 100.00 ( 99.70)	Acc@5 100.00 (100.00)
22-Jan-26 16:20:21 - Epoch: [46][2999/9000]	Time  0.076 ( 0.077)	Data  0.001 ( 0.002)	Loss 0.0000e+00 (1.0844e-02)	Acc@1 100.00 ( 99.67)	Acc@5 100.00 (100.00)
22-Jan-26 16:21:38 - Epoch: [46][3999/9000]	Time  0.076 ( 0.077)	Data  0.001 ( 0.002)	Loss 0.0000e+00 (1.7589e-02)	Acc@1 100.00 ( 99.63)	Acc@5 100.00 (100.00)
22-Jan-26 16:22:55 - Epoch: [46][4999/9000]	Time  0.072 ( 0.077)	Data  0.001 ( 0.002)	Loss 0.0000e+00 (2.5920e-02)	Acc@1 100.00 ( 99.58)	Acc@5 100.00 (100.00)
22-Jan-26 16:24:12 - Epoch: [46][5999/9000]	Time  0.082 ( 0.077)	Data  0.001 ( 0.002)	Loss 0.0000e+00 (2.8702e-02)	Acc@1 100.00 ( 99.57)	Acc@5 100.00 (100.00)
22-Jan-26 16:25:29 - Epoch: [46][6999/9000]	Time  0.074 ( 0.077)	Data  0.001 ( 0.001)	Loss 0.0000e+00 (3.0702e-02)	Acc@1 100.00 ( 99.57)	Acc@5 100.00 (100.00)
22-Jan-26 16:26:47 - Epoch: [46][7999/9000]	Time  0.071 ( 0.077)	Data  0.002 ( 0.001)	Loss 0.0000e+00 (2.7759e-02)	Acc@1 100.00 ( 99.61)	Acc@5 100.00 (100.00)
22-Jan-26 16:28:04 - Epoch: [46][8999/9000]	Time  0.063 ( 0.077)	Data  0.001 ( 0.002)	Loss 0.0000e+00 (2.8773e-02)	Acc@1 100.00 ( 99.58)	Acc@5 100.00 (100.00)
22-Jan-26 16:28:04 -  @Training * Acc@1 99.578 Acc@5 100.000 Loss 0.029
22-Jan-26 16:28:04 - One training epoch latency: 695.2s | Avg Power: 185.0W | Energy: 128651.5061J
22-Jan-26 16:28:15 -  @Testing * Acc@1 73.400 Acc@5 97.700 Loss 5.714
22-Jan-26 16:28:15 - Best acc at epoch 46: 75.60000610351562
22-Jan-26 16:28:15 - Last learning rate: [4.8828125e-07]
22-Jan-26 16:28:15 - 	 Epoch 47...
22-Jan-26 16:29:32 - Epoch: [47][ 999/9000]	Time  0.072 ( 0.078)	Data  0.001 ( 0.002)	Loss 0.0000e+00 (1.6965e-02)	Acc@1 100.00 ( 99.80)	Acc@5 100.00 (100.00)
22-Jan-26 16:30:49 - Epoch: [47][1999/9000]	Time  0.070 ( 0.077)	Data  0.001 ( 0.002)	Loss 0.0000e+00 (2.6295e-02)	Acc@1 100.00 ( 99.70)	Acc@5 100.00 (100.00)
22-Jan-26 16:32:07 - Epoch: [47][2999/9000]	Time  0.070 ( 0.077)	Data  0.001 ( 0.001)	Loss 0.0000e+00 (4.1708e-02)	Acc@1 100.00 ( 99.43)	Acc@5 100.00 (100.00)
22-Jan-26 16:33:24 - Epoch: [47][3999/9000]	Time  0.072 ( 0.077)	Data  0.003 ( 0.002)	Loss 2.3842e-07 (3.3770e-02)	Acc@1 100.00 ( 99.50)	Acc@5 100.00 (100.00)
22-Jan-26 16:34:42 - Epoch: [47][4999/9000]	Time  0.078 ( 0.077)	Data  0.003 ( 0.001)	Loss 0.0000e+00 (3.0269e-02)	Acc@1 100.00 ( 99.54)	Acc@5 100.00 (100.00)
22-Jan-26 16:35:59 - Epoch: [47][5999/9000]	Time  0.066 ( 0.077)	Data  0.001 ( 0.001)	Loss 0.0000e+00 (3.5438e-02)	Acc@1 100.00 ( 99.55)	Acc@5 100.00 (100.00)
22-Jan-26 16:37:17 - Epoch: [47][6999/9000]	Time  0.086 ( 0.077)	Data  0.001 ( 0.001)	Loss 0.0000e+00 (3.2917e-02)	Acc@1 100.00 ( 99.57)	Acc@5 100.00 (100.00)
22-Jan-26 16:38:34 - Epoch: [47][7999/9000]	Time  0.081 ( 0.077)	Data  0.001 ( 0.001)	Loss 0.0000e+00 (3.3313e-02)	Acc@1 100.00 ( 99.50)	Acc@5 100.00 (100.00)
22-Jan-26 16:39:51 - Epoch: [47][8999/9000]	Time  0.060 ( 0.077)	Data  0.001 ( 0.001)	Loss 0.0000e+00 (3.1712e-02)	Acc@1 100.00 ( 99.50)	Acc@5 100.00 (100.00)
22-Jan-26 16:39:51 -  @Training * Acc@1 99.500 Acc@5 100.000 Loss 0.032
22-Jan-26 16:39:51 - One training epoch latency: 696.5s | Avg Power: 184.7W | Energy: 128667.6405J
22-Jan-26 16:40:02 -  @Testing * Acc@1 74.400 Acc@5 98.400 Loss 5.638
22-Jan-26 16:40:02 - Best acc at epoch 47: 75.60000610351562
22-Jan-26 16:40:02 - Last learning rate: [2.44140625e-07]
22-Jan-26 16:40:02 - 	 Epoch 48...
22-Jan-26 16:41:20 - Epoch: [48][ 999/9000]	Time  0.067 ( 0.078)	Data  0.001 ( 0.002)	Loss 0.0000e+00 (9.6647e-03)	Acc@1 100.00 ( 99.60)	Acc@5 100.00 (100.00)
22-Jan-26 16:42:37 - Epoch: [48][1999/9000]	Time  0.071 ( 0.078)	Data  0.001 ( 0.002)	Loss 0.0000e+00 (7.7677e-03)	Acc@1 100.00 ( 99.70)	Acc@5 100.00 (100.00)
22-Jan-26 16:43:55 - Epoch: [48][2999/9000]	Time  0.073 ( 0.078)	Data  0.001 ( 0.002)	Loss 0.0000e+00 (9.9903e-03)	Acc@1 100.00 ( 99.70)	Acc@5 100.00 (100.00)
22-Jan-26 16:45:12 - Epoch: [48][3999/9000]	Time  0.080 ( 0.078)	Data  0.002 ( 0.002)	Loss 0.0000e+00 (1.6875e-02)	Acc@1 100.00 ( 99.60)	Acc@5 100.00 (100.00)
22-Jan-26 16:46:24 - Epoch: [48][4999/9000]	Time  0.065 ( 0.076)	Data  0.001 ( 0.001)	Loss 0.0000e+00 (1.6054e-02)	Acc@1 100.00 ( 99.60)	Acc@5 100.00 (100.00)
22-Jan-26 16:47:32 - Epoch: [48][5999/9000]	Time  0.065 ( 0.075)	Data  0.001 ( 0.001)	Loss 0.0000e+00 (1.3722e-02)	Acc@1 100.00 ( 99.65)	Acc@5 100.00 (100.00)
22-Jan-26 16:48:41 - Epoch: [48][6999/9000]	Time  0.066 ( 0.074)	Data  0.001 ( 0.001)	Loss 0.0000e+00 (1.4786e-02)	Acc@1 100.00 ( 99.67)	Acc@5 100.00 (100.00)
22-Jan-26 16:49:49 - Epoch: [48][7999/9000]	Time  0.067 ( 0.073)	Data  0.001 ( 0.001)	Loss 0.0000e+00 (1.5000e-02)	Acc@1 100.00 ( 99.66)	Acc@5 100.00 (100.00)
22-Jan-26 16:50:57 - Epoch: [48][8999/9000]	Time  0.057 ( 0.073)	Data  0.001 ( 0.001)	Loss 3.3540e-02 (1.4326e-02)	Acc@1 100.00 ( 99.69)	Acc@5 100.00 (100.00)
22-Jan-26 16:50:57 -  @Training * Acc@1 99.689 Acc@5 100.000 Loss 0.014
22-Jan-26 16:50:57 - One training epoch latency: 655.6s | Avg Power: 189.8W | Energy: 124431.4281J
22-Jan-26 16:51:07 -  @Testing * Acc@1 73.900 Acc@5 97.900 Loss 5.507
22-Jan-26 16:51:07 - Best acc at epoch 48: 75.60000610351562
22-Jan-26 16:51:07 - Last learning rate: [2.44140625e-07]
22-Jan-26 16:51:07 - 	 Epoch 49...
22-Jan-26 16:52:15 - Epoch: [49][ 999/9000]	Time  0.066 ( 0.069)	Data  0.001 ( 0.001)	Loss 0.0000e+00 (2.1024e-02)	Acc@1 100.00 ( 99.70)	Acc@5 100.00 (100.00)
22-Jan-26 16:53:24 - Epoch: [49][1999/9000]	Time  0.068 ( 0.068)	Data  0.001 ( 0.001)	Loss 0.0000e+00 (2.7541e-02)	Acc@1 100.00 ( 99.65)	Acc@5 100.00 (100.00)
22-Jan-26 16:54:32 - Epoch: [49][2999/9000]	Time  0.067 ( 0.068)	Data  0.002 ( 0.001)	Loss 0.0000e+00 (1.9877e-02)	Acc@1 100.00 ( 99.70)	Acc@5 100.00 (100.00)
22-Jan-26 16:55:40 - Epoch: [49][3999/9000]	Time  0.067 ( 0.068)	Data  0.001 ( 0.001)	Loss 0.0000e+00 (1.8268e-02)	Acc@1 100.00 ( 99.73)	Acc@5 100.00 (100.00)
22-Jan-26 16:56:49 - Epoch: [49][4999/9000]	Time  0.067 ( 0.068)	Data  0.001 ( 0.001)	Loss 2.0259e-02 (1.6240e-02)	Acc@1 100.00 ( 99.74)	Acc@5 100.00 (100.00)
22-Jan-26 16:57:57 - Epoch: [49][5999/9000]	Time  0.066 ( 0.068)	Data  0.001 ( 0.001)	Loss 0.0000e+00 (1.4164e-02)	Acc@1 100.00 ( 99.77)	Acc@5 100.00 (100.00)
22-Jan-26 16:59:06 - Epoch: [49][6999/9000]	Time  0.066 ( 0.068)	Data  0.001 ( 0.001)	Loss 0.0000e+00 (1.5148e-02)	Acc@1 100.00 ( 99.79)	Acc@5 100.00 (100.00)
22-Jan-26 17:00:14 - Epoch: [49][7999/9000]	Time  0.066 ( 0.068)	Data  0.001 ( 0.001)	Loss 0.0000e+00 (1.9959e-02)	Acc@1 100.00 ( 99.75)	Acc@5 100.00 (100.00)
22-Jan-26 17:01:22 - Epoch: [49][8999/9000]	Time  0.057 ( 0.068)	Data  0.001 ( 0.001)	Loss 0.0000e+00 (2.0393e-02)	Acc@1 100.00 ( 99.73)	Acc@5 100.00 (100.00)
22-Jan-26 17:01:23 -  @Training * Acc@1 99.733 Acc@5 100.000 Loss 0.020
22-Jan-26 17:01:23 - One training epoch latency: 615.8s | Avg Power: 195.7W | Energy: 120520.2687J
22-Jan-26 17:01:32 -  @Testing * Acc@1 74.600 Acc@5 98.000 Loss 5.487
22-Jan-26 17:01:32 - Best acc at epoch 49: 75.60000610351562
22-Jan-26 17:01:32 - Last learning rate: [2.44140625e-07]
22-Jan-26 17:01:32 - 	 Epoch 50...
22-Jan-26 17:02:41 - Epoch: [50][ 999/9000]	Time  0.070 ( 0.069)	Data  0.002 ( 0.001)	Loss 0.0000e+00 (1.5401e-02)	Acc@1 100.00 ( 99.50)	Acc@5 100.00 (100.00)
22-Jan-26 17:03:49 - Epoch: [50][1999/9000]	Time  0.066 ( 0.069)	Data  0.001 ( 0.001)	Loss 0.0000e+00 (1.4322e-02)	Acc@1 100.00 ( 99.65)	Acc@5 100.00 (100.00)
22-Jan-26 17:04:58 - Epoch: [50][2999/9000]	Time  0.091 ( 0.068)	Data  0.001 ( 0.001)	Loss 0.0000e+00 (2.0202e-02)	Acc@1 100.00 ( 99.60)	Acc@5 100.00 (100.00)
22-Jan-26 17:06:06 - Epoch: [50][3999/9000]	Time  0.065 ( 0.068)	Data  0.001 ( 0.001)	Loss 0.0000e+00 (1.6381e-02)	Acc@1 100.00 ( 99.63)	Acc@5 100.00 (100.00)
22-Jan-26 17:07:14 - Epoch: [50][4999/9000]	Time  0.065 ( 0.068)	Data  0.001 ( 0.001)	Loss 0.0000e+00 (1.4066e-02)	Acc@1 100.00 ( 99.68)	Acc@5 100.00 (100.00)
22-Jan-26 17:08:22 - Epoch: [50][5999/9000]	Time  0.066 ( 0.068)	Data  0.001 ( 0.001)	Loss 0.0000e+00 (1.3968e-02)	Acc@1 100.00 ( 99.68)	Acc@5 100.00 (100.00)
22-Jan-26 17:09:31 - Epoch: [50][6999/9000]	Time  0.066 ( 0.068)	Data  0.001 ( 0.001)	Loss 0.0000e+00 (1.2402e-02)	Acc@1 100.00 ( 99.70)	Acc@5 100.00 (100.00)
22-Jan-26 17:10:39 - Epoch: [50][7999/9000]	Time  0.066 ( 0.068)	Data  0.001 ( 0.001)	Loss 0.0000e+00 (1.1268e-02)	Acc@1 100.00 ( 99.73)	Acc@5 100.00 (100.00)
22-Jan-26 17:11:47 - Epoch: [50][8999/9000]	Time  0.058 ( 0.068)	Data  0.001 ( 0.001)	Loss 0.0000e+00 (1.1074e-02)	Acc@1 100.00 ( 99.73)	Acc@5 100.00 (100.00)
22-Jan-26 17:11:47 -  @Training * Acc@1 99.733 Acc@5 100.000 Loss 0.011
22-Jan-26 17:11:47 - One training epoch latency: 615.2s | Avg Power: 195.7W | Energy: 120433.1412J
22-Jan-26 17:11:57 -  @Testing * Acc@1 74.600 Acc@5 97.800 Loss 5.483
22-Jan-26 17:11:57 - Best acc at epoch 50: 75.60000610351562
22-Jan-26 17:11:57 - Last learning rate: [2.44140625e-07]
22-Jan-26 17:11:57 - 	 Epoch 51...
22-Jan-26 17:13:05 - Epoch: [51][ 999/9000]	Time  0.088 ( 0.069)	Data  0.001 ( 0.001)	Loss 0.0000e+00 (2.8060e-02)	Acc@1 100.00 ( 99.80)	Acc@5 100.00 (100.00)
22-Jan-26 17:14:14 - Epoch: [51][1999/9000]	Time  0.066 ( 0.068)	Data  0.001 ( 0.001)	Loss 0.0000e+00 (2.2422e-02)	Acc@1 100.00 ( 99.65)	Acc@5 100.00 (100.00)
22-Jan-26 17:15:22 - Epoch: [51][2999/9000]	Time  0.065 ( 0.068)	Data  0.001 ( 0.001)	Loss 0.0000e+00 (1.5276e-02)	Acc@1 100.00 ( 99.77)	Acc@5 100.00 (100.00)
22-Jan-26 17:16:30 - Epoch: [51][3999/9000]	Time  0.083 ( 0.068)	Data  0.001 ( 0.001)	Loss 1.2398e-05 (1.5002e-02)	Acc@1 100.00 ( 99.75)	Acc@5 100.00 (100.00)
22-Jan-26 17:17:39 - Epoch: [51][4999/9000]	Time  0.066 ( 0.068)	Data  0.001 ( 0.001)	Loss 0.0000e+00 (1.6774e-02)	Acc@1 100.00 ( 99.74)	Acc@5 100.00 (100.00)
22-Jan-26 17:18:47 - Epoch: [51][5999/9000]	Time  0.066 ( 0.068)	Data  0.001 ( 0.001)	Loss 0.0000e+00 (1.7625e-02)	Acc@1 100.00 ( 99.72)	Acc@5 100.00 (100.00)
22-Jan-26 17:19:55 - Epoch: [51][6999/9000]	Time  0.067 ( 0.068)	Data  0.001 ( 0.001)	Loss 0.0000e+00 (1.6770e-02)	Acc@1 100.00 ( 99.71)	Acc@5 100.00 (100.00)
22-Jan-26 17:21:04 - Epoch: [51][7999/9000]	Time  0.066 ( 0.068)	Data  0.001 ( 0.001)	Loss 0.0000e+00 (1.8371e-02)	Acc@1 100.00 ( 99.71)	Acc@5 100.00 (100.00)
22-Jan-26 17:22:12 - Epoch: [51][8999/9000]	Time  0.058 ( 0.068)	Data  0.001 ( 0.001)	Loss 0.0000e+00 (1.8189e-02)	Acc@1 100.00 ( 99.70)	Acc@5 100.00 (100.00)
22-Jan-26 17:22:12 -  @Training * Acc@1 99.700 Acc@5 100.000 Loss 0.018
22-Jan-26 17:22:12 - One training epoch latency: 615.2s | Avg Power: 195.7W | Energy: 120365.6157J
22-Jan-26 17:22:22 -  @Testing * Acc@1 73.800 Acc@5 98.000 Loss 5.578
22-Jan-26 17:22:22 - Best acc at epoch 51: 75.60000610351562
22-Jan-26 17:22:22 - Last learning rate: [2.44140625e-07]
22-Jan-26 17:22:22 - 	 Epoch 52...
22-Jan-26 17:23:30 - Epoch: [52][ 999/9000]	Time  0.069 ( 0.069)	Data  0.001 ( 0.001)	Loss 0.0000e+00 (8.4469e-03)	Acc@1 100.00 ( 99.70)	Acc@5 100.00 (100.00)
22-Jan-26 17:24:39 - Epoch: [52][1999/9000]	Time  0.073 ( 0.069)	Data  0.001 ( 0.001)	Loss 0.0000e+00 (8.1994e-03)	Acc@1 100.00 ( 99.65)	Acc@5 100.00 (100.00)
22-Jan-26 17:25:47 - Epoch: [52][2999/9000]	Time  0.066 ( 0.068)	Data  0.001 ( 0.001)	Loss 0.0000e+00 (6.3394e-03)	Acc@1 100.00 ( 99.73)	Acc@5 100.00 (100.00)
22-Jan-26 17:26:55 - Epoch: [52][3999/9000]	Time  0.091 ( 0.068)	Data  0.001 ( 0.001)	Loss 0.0000e+00 (4.9535e-03)	Acc@1 100.00 ( 99.80)	Acc@5 100.00 (100.00)
22-Jan-26 17:28:04 - Epoch: [52][4999/9000]	Time  0.065 ( 0.068)	Data  0.001 ( 0.001)	Loss 0.0000e+00 (7.2001e-03)	Acc@1 100.00 ( 99.78)	Acc@5 100.00 (100.00)
22-Jan-26 17:29:12 - Epoch: [52][5999/9000]	Time  0.066 ( 0.068)	Data  0.001 ( 0.001)	Loss 0.0000e+00 (8.0537e-03)	Acc@1 100.00 ( 99.73)	Acc@5 100.00 (100.00)
22-Jan-26 17:30:21 - Epoch: [52][6999/9000]	Time  0.066 ( 0.068)	Data  0.001 ( 0.001)	Loss 0.0000e+00 (6.9536e-03)	Acc@1 100.00 ( 99.77)	Acc@5 100.00 (100.00)
22-Jan-26 17:31:29 - Epoch: [52][7999/9000]	Time  0.067 ( 0.068)	Data  0.001 ( 0.001)	Loss 0.0000e+00 (1.0276e-02)	Acc@1 100.00 ( 99.74)	Acc@5 100.00 (100.00)
22-Jan-26 17:32:37 - Epoch: [52][8999/9000]	Time  0.057 ( 0.068)	Data  0.001 ( 0.001)	Loss 0.0000e+00 (9.3985e-03)	Acc@1 100.00 ( 99.76)	Acc@5 100.00 (100.00)
22-Jan-26 17:32:37 -  @Training * Acc@1 99.756 Acc@5 100.000 Loss 0.009
22-Jan-26 17:32:37 - One training epoch latency: 615.8s | Avg Power: 195.3W | Energy: 120287.5528J
22-Jan-26 17:32:47 -  @Testing * Acc@1 74.600 Acc@5 97.900 Loss 5.535
22-Jan-26 17:32:47 - Best acc at epoch 52: 75.60000610351562
22-Jan-26 17:32:47 - Last learning rate: [2.44140625e-07]
22-Jan-26 17:32:47 - 	 Epoch 53...
22-Jan-26 17:33:55 - Epoch: [53][ 999/9000]	Time  0.067 ( 0.069)	Data  0.001 ( 0.001)	Loss 0.0000e+00 (1.1676e-02)	Acc@1 100.00 ( 99.80)	Acc@5 100.00 (100.00)
22-Jan-26 17:35:04 - Epoch: [53][1999/9000]	Time  0.066 ( 0.069)	Data  0.001 ( 0.001)	Loss 0.0000e+00 (1.0752e-02)	Acc@1 100.00 ( 99.75)	Acc@5 100.00 (100.00)
22-Jan-26 17:36:12 - Epoch: [53][2999/9000]	Time  0.067 ( 0.068)	Data  0.001 ( 0.001)	Loss 0.0000e+00 (1.2813e-02)	Acc@1 100.00 ( 99.67)	Acc@5 100.00 (100.00)
22-Jan-26 17:37:21 - Epoch: [53][3999/9000]	Time  0.074 ( 0.068)	Data  0.006 ( 0.001)	Loss 0.0000e+00 (1.1472e-02)	Acc@1 100.00 ( 99.68)	Acc@5 100.00 (100.00)
22-Jan-26 17:38:29 - Epoch: [53][4999/9000]	Time  0.066 ( 0.068)	Data  0.001 ( 0.001)	Loss 0.0000e+00 (1.1842e-02)	Acc@1 100.00 ( 99.70)	Acc@5 100.00 (100.00)
22-Jan-26 17:39:37 - Epoch: [53][5999/9000]	Time  0.067 ( 0.068)	Data  0.002 ( 0.001)	Loss 0.0000e+00 (1.0440e-02)	Acc@1 100.00 ( 99.73)	Acc@5 100.00 (100.00)
22-Jan-26 17:40:46 - Epoch: [53][6999/9000]	Time  0.066 ( 0.068)	Data  0.001 ( 0.001)	Loss 0.0000e+00 (1.0082e-02)	Acc@1 100.00 ( 99.73)	Acc@5 100.00 (100.00)
22-Jan-26 17:41:54 - Epoch: [53][7999/9000]	Time  0.066 ( 0.068)	Data  0.001 ( 0.001)	Loss 0.0000e+00 (1.1667e-02)	Acc@1 100.00 ( 99.73)	Acc@5 100.00 (100.00)
22-Jan-26 17:43:02 - Epoch: [53][8999/9000]	Time  0.059 ( 0.068)	Data  0.001 ( 0.001)	Loss 0.0000e+00 (1.3272e-02)	Acc@1 100.00 ( 99.69)	Acc@5 100.00 (100.00)
22-Jan-26 17:43:02 -  @Training * Acc@1 99.689 Acc@5 100.000 Loss 0.013
22-Jan-26 17:43:02 - One training epoch latency: 615.5s | Avg Power: 195.4W | Energy: 120284.8082J
22-Jan-26 17:43:12 -  @Testing * Acc@1 73.500 Acc@5 97.600 Loss 5.721
22-Jan-26 17:43:12 - Best acc at epoch 53: 75.60000610351562
22-Jan-26 17:43:12 - Last learning rate: [1.220703125e-07]
22-Jan-26 17:43:12 - 	 Epoch 54...
22-Jan-26 17:44:21 - Epoch: [54][ 999/9000]	Time  0.093 ( 0.069)	Data  0.024 ( 0.001)	Loss 0.0000e+00 (4.7106e-03)	Acc@1 100.00 ( 99.80)	Acc@5 100.00 (100.00)
22-Jan-26 17:45:29 - Epoch: [54][1999/9000]	Time  0.068 ( 0.069)	Data  0.001 ( 0.001)	Loss 0.0000e+00 (9.4868e-03)	Acc@1 100.00 ( 99.70)	Acc@5 100.00 (100.00)
22-Jan-26 17:46:37 - Epoch: [54][2999/9000]	Time  0.066 ( 0.068)	Data  0.001 ( 0.001)	Loss 0.0000e+00 (8.1493e-03)	Acc@1 100.00 ( 99.73)	Acc@5 100.00 (100.00)
22-Jan-26 17:47:46 - Epoch: [54][3999/9000]	Time  0.068 ( 0.068)	Data  0.001 ( 0.001)	Loss 0.0000e+00 (1.0743e-02)	Acc@1 100.00 ( 99.70)	Acc@5 100.00 (100.00)
22-Jan-26 17:48:54 - Epoch: [54][4999/9000]	Time  0.067 ( 0.068)	Data  0.001 ( 0.001)	Loss 0.0000e+00 (1.2884e-02)	Acc@1 100.00 ( 99.68)	Acc@5 100.00 (100.00)
22-Jan-26 17:50:02 - Epoch: [54][5999/9000]	Time  0.067 ( 0.068)	Data  0.001 ( 0.001)	Loss 0.0000e+00 (1.3980e-02)	Acc@1 100.00 ( 99.68)	Acc@5 100.00 (100.00)
22-Jan-26 17:51:11 - Epoch: [54][6999/9000]	Time  0.066 ( 0.068)	Data  0.001 ( 0.001)	Loss 0.0000e+00 (1.5129e-02)	Acc@1 100.00 ( 99.70)	Acc@5 100.00 (100.00)
22-Jan-26 17:52:19 - Epoch: [54][7999/9000]	Time  0.066 ( 0.068)	Data  0.001 ( 0.001)	Loss 0.0000e+00 (1.4982e-02)	Acc@1 100.00 ( 99.69)	Acc@5 100.00 (100.00)
22-Jan-26 17:53:27 - Epoch: [54][8999/9000]	Time  0.058 ( 0.068)	Data  0.001 ( 0.001)	Loss 0.0000e+00 (1.4748e-02)	Acc@1 100.00 ( 99.69)	Acc@5 100.00 (100.00)
22-Jan-26 17:53:28 -  @Training * Acc@1 99.689 Acc@5 100.000 Loss 0.015
22-Jan-26 17:53:28 - One training epoch latency: 615.6s | Avg Power: 195.3W | Energy: 120204.8469J
22-Jan-26 17:53:37 -  @Testing * Acc@1 74.500 Acc@5 97.900 Loss 5.566
22-Jan-26 17:53:37 - Best acc at epoch 54: 75.60000610351562
22-Jan-26 17:53:37 - Last learning rate: [1.220703125e-07]
22-Jan-26 17:53:37 - 	 Epoch 55...
22-Jan-26 17:54:46 - Epoch: [55][ 999/9000]	Time  0.091 ( 0.068)	Data  0.022 ( 0.001)	Loss 0.0000e+00 (1.1741e-02)	Acc@1 100.00 ( 99.60)	Acc@5 100.00 (100.00)
22-Jan-26 17:55:54 - Epoch: [55][1999/9000]	Time  0.066 ( 0.068)	Data  0.001 ( 0.001)	Loss 0.0000e+00 (1.6184e-02)	Acc@1 100.00 ( 99.55)	Acc@5 100.00 (100.00)
22-Jan-26 17:57:02 - Epoch: [55][2999/9000]	Time  0.067 ( 0.068)	Data  0.001 ( 0.001)	Loss 0.0000e+00 (1.4679e-02)	Acc@1 100.00 ( 99.67)	Acc@5 100.00 (100.00)
22-Jan-26 17:58:10 - Epoch: [55][3999/9000]	Time  0.068 ( 0.068)	Data  0.001 ( 0.001)	Loss 0.0000e+00 (1.1101e-02)	Acc@1 100.00 ( 99.75)	Acc@5 100.00 (100.00)
22-Jan-26 17:59:19 - Epoch: [55][4999/9000]	Time  0.070 ( 0.068)	Data  0.002 ( 0.001)	Loss 0.0000e+00 (9.8033e-03)	Acc@1 100.00 ( 99.78)	Acc@5 100.00 (100.00)
22-Jan-26 18:00:27 - Epoch: [55][5999/9000]	Time  0.068 ( 0.068)	Data  0.001 ( 0.001)	Loss 0.0000e+00 (1.2980e-02)	Acc@1 100.00 ( 99.73)	Acc@5 100.00 (100.00)
22-Jan-26 18:01:35 - Epoch: [55][6999/9000]	Time  0.066 ( 0.068)	Data  0.001 ( 0.001)	Loss 0.0000e+00 (1.2037e-02)	Acc@1 100.00 ( 99.76)	Acc@5 100.00 (100.00)
22-Jan-26 18:02:44 - Epoch: [55][7999/9000]	Time  0.069 ( 0.068)	Data  0.001 ( 0.001)	Loss 0.0000e+00 (1.1119e-02)	Acc@1 100.00 ( 99.78)	Acc@5 100.00 (100.00)
22-Jan-26 18:03:52 - Epoch: [55][8999/9000]	Time  0.057 ( 0.068)	Data  0.001 ( 0.001)	Loss 0.0000e+00 (1.0959e-02)	Acc@1 100.00 ( 99.78)	Acc@5 100.00 (100.00)
22-Jan-26 18:03:52 -  @Training * Acc@1 99.778 Acc@5 100.000 Loss 0.011
22-Jan-26 18:03:52 - One training epoch latency: 615.0s | Avg Power: 195.3W | Energy: 120131.1143J
22-Jan-26 18:04:02 -  @Testing * Acc@1 73.700 Acc@5 98.000 Loss 5.572
22-Jan-26 18:04:02 - Best acc at epoch 55: 75.60000610351562
22-Jan-26 18:04:02 - Last learning rate: [1.220703125e-07]
22-Jan-26 18:04:02 - 	 Epoch 56...
22-Jan-26 18:05:10 - Epoch: [56][ 999/9000]	Time  0.065 ( 0.069)	Data  0.001 ( 0.001)	Loss 0.0000e+00 (1.3113e-02)	Acc@1 100.00 ( 99.80)	Acc@5 100.00 (100.00)
22-Jan-26 18:06:19 - Epoch: [56][1999/9000]	Time  0.090 ( 0.068)	Data  0.001 ( 0.001)	Loss 0.0000e+00 (2.9032e-02)	Acc@1 100.00 ( 99.60)	Acc@5 100.00 (100.00)
22-Jan-26 18:07:27 - Epoch: [56][2999/9000]	Time  0.067 ( 0.068)	Data  0.001 ( 0.001)	Loss 0.0000e+00 (1.9381e-02)	Acc@1 100.00 ( 99.73)	Acc@5 100.00 (100.00)
22-Jan-26 18:08:35 - Epoch: [56][3999/9000]	Time  0.068 ( 0.068)	Data  0.001 ( 0.001)	Loss 0.0000e+00 (1.5987e-02)	Acc@1 100.00 ( 99.75)	Acc@5 100.00 (100.00)
22-Jan-26 18:09:44 - Epoch: [56][4999/9000]	Time  0.068 ( 0.068)	Data  0.001 ( 0.001)	Loss 0.0000e+00 (1.5587e-02)	Acc@1 100.00 ( 99.76)	Acc@5 100.00 (100.00)
22-Jan-26 18:10:52 - Epoch: [56][5999/9000]	Time  0.067 ( 0.068)	Data  0.001 ( 0.001)	Loss 3.4215e-02 (1.5497e-02)	Acc@1 100.00 ( 99.77)	Acc@5 100.00 (100.00)
22-Jan-26 18:12:00 - Epoch: [56][6999/9000]	Time  0.067 ( 0.068)	Data  0.001 ( 0.001)	Loss 3.5763e-07 (1.5303e-02)	Acc@1 100.00 ( 99.77)	Acc@5 100.00 (100.00)
22-Jan-26 18:13:09 - Epoch: [56][7999/9000]	Time  0.066 ( 0.068)	Data  0.001 ( 0.001)	Loss 0.0000e+00 (1.4112e-02)	Acc@1 100.00 ( 99.78)	Acc@5 100.00 (100.00)
22-Jan-26 18:14:17 - Epoch: [56][8999/9000]	Time  0.057 ( 0.068)	Data  0.001 ( 0.001)	Loss 8.9641e-05 (1.5615e-02)	Acc@1 100.00 ( 99.77)	Acc@5 100.00 (100.00)
22-Jan-26 18:14:17 -  @Training * Acc@1 99.767 Acc@5 100.000 Loss 0.016
22-Jan-26 18:14:17 - One training epoch latency: 615.6s | Avg Power: 195.3W | Energy: 120242.0945J
22-Jan-26 18:14:27 -  @Testing * Acc@1 73.900 Acc@5 98.100 Loss 5.549
22-Jan-26 18:14:27 - Best acc at epoch 56: 75.60000610351562
22-Jan-26 18:14:27 - Last learning rate: [1.220703125e-07]
22-Jan-26 18:14:27 - 	 Epoch 57...
22-Jan-26 18:15:35 - Epoch: [57][ 999/9000]	Time  0.066 ( 0.069)	Data  0.001 ( 0.001)	Loss 0.0000e+00 (2.3356e-02)	Acc@1 100.00 ( 99.70)	Acc@5 100.00 (100.00)
22-Jan-26 18:16:44 - Epoch: [57][1999/9000]	Time  0.067 ( 0.069)	Data  0.001 ( 0.001)	Loss 0.0000e+00 (1.3190e-02)	Acc@1 100.00 ( 99.80)	Acc@5 100.00 (100.00)
22-Jan-26 18:17:52 - Epoch: [57][2999/9000]	Time  0.065 ( 0.069)	Data  0.001 ( 0.001)	Loss 0.0000e+00 (1.6735e-02)	Acc@1 100.00 ( 99.80)	Acc@5 100.00 (100.00)
22-Jan-26 18:19:01 - Epoch: [57][3999/9000]	Time  0.069 ( 0.068)	Data  0.001 ( 0.001)	Loss 0.0000e+00 (1.4096e-02)	Acc@1 100.00 ( 99.80)	Acc@5 100.00 (100.00)
22-Jan-26 18:20:09 - Epoch: [57][4999/9000]	Time  0.067 ( 0.068)	Data  0.001 ( 0.001)	Loss 0.0000e+00 (1.4703e-02)	Acc@1 100.00 ( 99.76)	Acc@5 100.00 (100.00)
22-Jan-26 18:21:18 - Epoch: [57][5999/9000]	Time  0.067 ( 0.068)	Data  0.001 ( 0.001)	Loss 0.0000e+00 (1.4016e-02)	Acc@1 100.00 ( 99.77)	Acc@5 100.00 (100.00)
22-Jan-26 18:22:26 - Epoch: [57][6999/9000]	Time  0.066 ( 0.068)	Data  0.001 ( 0.001)	Loss 0.0000e+00 (1.4990e-02)	Acc@1 100.00 ( 99.73)	Acc@5 100.00 (100.00)
22-Jan-26 18:23:35 - Epoch: [57][7999/9000]	Time  0.068 ( 0.068)	Data  0.001 ( 0.001)	Loss 0.0000e+00 (1.5016e-02)	Acc@1 100.00 ( 99.73)	Acc@5 100.00 (100.00)
22-Jan-26 18:24:43 - Epoch: [57][8999/9000]	Time  0.058 ( 0.068)	Data  0.001 ( 0.001)	Loss 0.0000e+00 (1.4306e-02)	Acc@1 100.00 ( 99.73)	Acc@5 100.00 (100.00)
22-Jan-26 18:24:43 -  @Training * Acc@1 99.733 Acc@5 100.000 Loss 0.014
22-Jan-26 18:24:43 - One training epoch latency: 616.2s | Avg Power: 195.1W | Energy: 120221.4204J
22-Jan-26 18:24:52 -  @Testing * Acc@1 74.100 Acc@5 97.500 Loss 5.576
22-Jan-26 18:24:52 - Best acc at epoch 57: 75.60000610351562
22-Jan-26 18:24:52 - Last learning rate: [1.220703125e-07]
22-Jan-26 18:24:52 - 	 Epoch 58...
22-Jan-26 18:26:01 - Epoch: [58][ 999/9000]	Time  0.066 ( 0.069)	Data  0.001 ( 0.001)	Loss 0.0000e+00 (8.5497e-03)	Acc@1 100.00 ( 99.80)	Acc@5 100.00 (100.00)
22-Jan-26 18:27:09 - Epoch: [58][1999/9000]	Time  0.068 ( 0.069)	Data  0.001 ( 0.001)	Loss 0.0000e+00 (1.4964e-02)	Acc@1 100.00 ( 99.80)	Acc@5 100.00 (100.00)
22-Jan-26 18:28:18 - Epoch: [58][2999/9000]	Time  0.067 ( 0.069)	Data  0.001 ( 0.001)	Loss 0.0000e+00 (1.5645e-02)	Acc@1 100.00 ( 99.73)	Acc@5 100.00 (100.00)
22-Jan-26 18:29:26 - Epoch: [58][3999/9000]	Time  0.067 ( 0.068)	Data  0.001 ( 0.001)	Loss 0.0000e+00 (1.9355e-02)	Acc@1 100.00 ( 99.65)	Acc@5 100.00 (100.00)
22-Jan-26 18:30:35 - Epoch: [58][4999/9000]	Time  0.067 ( 0.068)	Data  0.001 ( 0.001)	Loss 0.0000e+00 (1.8242e-02)	Acc@1 100.00 ( 99.68)	Acc@5 100.00 (100.00)
22-Jan-26 18:31:43 - Epoch: [58][5999/9000]	Time  0.066 ( 0.068)	Data  0.001 ( 0.001)	Loss 0.0000e+00 (1.7135e-02)	Acc@1 100.00 ( 99.68)	Acc@5 100.00 (100.00)
22-Jan-26 18:32:52 - Epoch: [58][6999/9000]	Time  0.068 ( 0.068)	Data  0.001 ( 0.001)	Loss 2.8610e-06 (1.5925e-02)	Acc@1 100.00 ( 99.67)	Acc@5 100.00 (100.00)
22-Jan-26 18:34:00 - Epoch: [58][7999/9000]	Time  0.066 ( 0.068)	Data  0.001 ( 0.001)	Loss 0.0000e+00 (1.5368e-02)	Acc@1 100.00 ( 99.69)	Acc@5 100.00 (100.00)
22-Jan-26 18:35:08 - Epoch: [58][8999/9000]	Time  0.058 ( 0.068)	Data  0.001 ( 0.001)	Loss 0.0000e+00 (1.7024e-02)	Acc@1 100.00 ( 99.69)	Acc@5 100.00 (100.00)
22-Jan-26 18:35:08 -  @Training * Acc@1 99.689 Acc@5 100.000 Loss 0.017
22-Jan-26 18:35:09 - One training epoch latency: 616.2s | Avg Power: 195.2W | Energy: 120303.2200J
22-Jan-26 18:35:18 -  @Testing * Acc@1 74.400 Acc@5 97.800 Loss 5.590
22-Jan-26 18:35:18 - Best acc at epoch 58: 75.60000610351562
22-Jan-26 18:35:18 - Last learning rate: [1.220703125e-07]
22-Jan-26 18:35:18 - 	 Epoch 59...
22-Jan-26 18:36:27 - Epoch: [59][ 999/9000]	Time  0.067 ( 0.069)	Data  0.001 ( 0.001)	Loss 0.0000e+00 (7.8933e-04)	Acc@1 100.00 ( 99.90)	Acc@5 100.00 (100.00)
22-Jan-26 18:37:35 - Epoch: [59][1999/9000]	Time  0.065 ( 0.069)	Data  0.001 ( 0.001)	Loss 0.0000e+00 (8.3122e-03)	Acc@1 100.00 ( 99.85)	Acc@5 100.00 (100.00)
22-Jan-26 18:38:44 - Epoch: [59][2999/9000]	Time  0.066 ( 0.069)	Data  0.001 ( 0.001)	Loss 0.0000e+00 (9.5449e-03)	Acc@1 100.00 ( 99.80)	Acc@5 100.00 (100.00)
22-Jan-26 18:39:52 - Epoch: [59][3999/9000]	Time  0.068 ( 0.068)	Data  0.001 ( 0.001)	Loss 0.0000e+00 (1.2768e-02)	Acc@1 100.00 ( 99.78)	Acc@5 100.00 (100.00)
22-Jan-26 18:41:00 - Epoch: [59][4999/9000]	Time  0.067 ( 0.068)	Data  0.001 ( 0.001)	Loss 0.0000e+00 (1.3685e-02)	Acc@1 100.00 ( 99.78)	Acc@5 100.00 (100.00)
22-Jan-26 18:42:09 - Epoch: [59][5999/9000]	Time  0.067 ( 0.068)	Data  0.001 ( 0.001)	Loss 0.0000e+00 (1.4614e-02)	Acc@1 100.00 ( 99.78)	Acc@5 100.00 (100.00)
22-Jan-26 18:43:17 - Epoch: [59][6999/9000]	Time  0.066 ( 0.068)	Data  0.001 ( 0.001)	Loss 0.0000e+00 (1.4109e-02)	Acc@1 100.00 ( 99.77)	Acc@5 100.00 (100.00)
22-Jan-26 18:44:26 - Epoch: [59][7999/9000]	Time  0.068 ( 0.068)	Data  0.001 ( 0.001)	Loss 0.0000e+00 (1.3137e-02)	Acc@1 100.00 ( 99.78)	Acc@5 100.00 (100.00)
22-Jan-26 18:45:34 - Epoch: [59][8999/9000]	Time  0.058 ( 0.068)	Data  0.001 ( 0.001)	Loss 0.0000e+00 (1.2020e-02)	Acc@1 100.00 ( 99.79)	Acc@5 100.00 (100.00)
22-Jan-26 18:45:34 -  @Training * Acc@1 99.789 Acc@5 100.000 Loss 0.012
22-Jan-26 18:45:34 - One training epoch latency: 616.1s | Avg Power: 195.3W | Energy: 120333.6333J
22-Jan-26 18:45:44 -  @Testing * Acc@1 73.800 Acc@5 97.900 Loss 5.611
22-Jan-26 18:45:44 - Best acc at epoch 59: 75.60000610351562
22-Jan-26 18:45:44 - Last learning rate: [6.103515625e-08]
22-Jan-26 18:45:44 - 	 Epoch 60...
22-Jan-26 18:46:52 - Epoch: [60][ 999/9000]	Time  0.066 ( 0.069)	Data  0.001 ( 0.001)	Loss 0.0000e+00 (1.4343e-03)	Acc@1 100.00 ( 99.90)	Acc@5 100.00 (100.00)
22-Jan-26 18:48:01 - Epoch: [60][1999/9000]	Time  0.067 ( 0.068)	Data  0.001 ( 0.001)	Loss 0.0000e+00 (1.6643e-02)	Acc@1 100.00 ( 99.70)	Acc@5 100.00 (100.00)
22-Jan-26 18:49:09 - Epoch: [60][2999/9000]	Time  0.066 ( 0.068)	Data  0.001 ( 0.001)	Loss 0.0000e+00 (1.6327e-02)	Acc@1 100.00 ( 99.70)	Acc@5 100.00 (100.00)
22-Jan-26 18:50:17 - Epoch: [60][3999/9000]	Time  0.066 ( 0.068)	Data  0.001 ( 0.001)	Loss 0.0000e+00 (1.7124e-02)	Acc@1 100.00 ( 99.70)	Acc@5 100.00 (100.00)
22-Jan-26 18:51:26 - Epoch: [60][4999/9000]	Time  0.067 ( 0.068)	Data  0.001 ( 0.001)	Loss 0.0000e+00 (1.5242e-02)	Acc@1 100.00 ( 99.72)	Acc@5 100.00 (100.00)
22-Jan-26 18:52:34 - Epoch: [60][5999/9000]	Time  0.068 ( 0.068)	Data  0.001 ( 0.001)	Loss 0.0000e+00 (1.3748e-02)	Acc@1 100.00 ( 99.73)	Acc@5 100.00 (100.00)
22-Jan-26 18:53:43 - Epoch: [60][6999/9000]	Time  0.067 ( 0.068)	Data  0.001 ( 0.001)	Loss 0.0000e+00 (1.2564e-02)	Acc@1 100.00 ( 99.76)	Acc@5 100.00 (100.00)
22-Jan-26 18:54:51 - Epoch: [60][7999/9000]	Time  0.068 ( 0.068)	Data  0.001 ( 0.001)	Loss 0.0000e+00 (1.2465e-02)	Acc@1 100.00 ( 99.73)	Acc@5 100.00 (100.00)
22-Jan-26 18:55:59 - Epoch: [60][8999/9000]	Time  0.058 ( 0.068)	Data  0.001 ( 0.001)	Loss 0.0000e+00 (1.3433e-02)	Acc@1 100.00 ( 99.72)	Acc@5 100.00 (100.00)
22-Jan-26 18:55:59 -  @Training * Acc@1 99.722 Acc@5 100.000 Loss 0.013
22-Jan-26 18:55:59 - One training epoch latency: 615.8s | Avg Power: 195.1W | Energy: 120146.3588J
22-Jan-26 18:56:09 -  @Testing * Acc@1 73.400 Acc@5 97.900 Loss 5.602
22-Jan-26 18:56:09 - Best acc at epoch 60: 75.60000610351562
22-Jan-26 18:56:09 - Last learning rate: [6.103515625e-08]
22-Jan-26 18:56:09 - 	 Epoch 61...
22-Jan-26 18:57:17 - Epoch: [61][ 999/9000]	Time  0.067 ( 0.068)	Data  0.001 ( 0.001)	Loss 0.0000e+00 (1.1048e-02)	Acc@1 100.00 ( 99.90)	Acc@5 100.00 (100.00)
22-Jan-26 18:58:26 - Epoch: [61][1999/9000]	Time  0.067 ( 0.068)	Data  0.001 ( 0.001)	Loss 0.0000e+00 (1.5365e-02)	Acc@1 100.00 ( 99.85)	Acc@5 100.00 (100.00)
22-Jan-26 18:59:34 - Epoch: [61][2999/9000]	Time  0.066 ( 0.068)	Data  0.001 ( 0.001)	Loss 0.0000e+00 (1.7379e-02)	Acc@1 100.00 ( 99.70)	Acc@5 100.00 (100.00)
22-Jan-26 19:00:42 - Epoch: [61][3999/9000]	Time  0.067 ( 0.068)	Data  0.001 ( 0.001)	Loss 2.3046e-02 (1.6056e-02)	Acc@1 100.00 ( 99.68)	Acc@5 100.00 (100.00)
22-Jan-26 19:01:50 - Epoch: [61][4999/9000]	Time  0.092 ( 0.068)	Data  0.001 ( 0.001)	Loss 0.0000e+00 (1.7067e-02)	Acc@1 100.00 ( 99.68)	Acc@5 100.00 (100.00)
22-Jan-26 19:02:59 - Epoch: [61][5999/9000]	Time  0.068 ( 0.068)	Data  0.001 ( 0.001)	Loss 0.0000e+00 (1.7631e-02)	Acc@1 100.00 ( 99.67)	Acc@5 100.00 (100.00)
22-Jan-26 19:04:07 - Epoch: [61][6999/9000]	Time  0.068 ( 0.068)	Data  0.001 ( 0.001)	Loss 0.0000e+00 (1.8345e-02)	Acc@1 100.00 ( 99.67)	Acc@5 100.00 (100.00)
22-Jan-26 19:05:15 - Epoch: [61][7999/9000]	Time  0.066 ( 0.068)	Data  0.001 ( 0.001)	Loss 0.0000e+00 (1.9222e-02)	Acc@1 100.00 ( 99.66)	Acc@5 100.00 (100.00)
22-Jan-26 19:06:23 - Epoch: [61][8999/9000]	Time  0.057 ( 0.068)	Data  0.001 ( 0.001)	Loss 0.0000e+00 (1.8562e-02)	Acc@1 100.00 ( 99.67)	Acc@5 100.00 (100.00)
22-Jan-26 19:06:23 -  @Training * Acc@1 99.667 Acc@5 100.000 Loss 0.019
22-Jan-26 19:06:24 - One training epoch latency: 614.5s | Avg Power: 195.4W | Energy: 120099.1040J
22-Jan-26 19:06:33 -  @Testing * Acc@1 73.300 Acc@5 97.900 Loss 5.542
22-Jan-26 19:06:33 - Best acc at epoch 61: 75.60000610351562
22-Jan-26 19:06:33 - Last learning rate: [6.103515625e-08]
22-Jan-26 19:06:33 - 	 Epoch 62...
22-Jan-26 19:07:41 - Epoch: [62][ 999/9000]	Time  0.066 ( 0.069)	Data  0.002 ( 0.001)	Loss 0.0000e+00 (6.1852e-03)	Acc@1 100.00 ( 99.80)	Acc@5 100.00 (100.00)
22-Jan-26 19:08:50 - Epoch: [62][1999/9000]	Time  0.066 ( 0.068)	Data  0.001 ( 0.001)	Loss 0.0000e+00 (1.0207e-02)	Acc@1 100.00 ( 99.65)	Acc@5 100.00 (100.00)
22-Jan-26 19:09:58 - Epoch: [62][2999/9000]	Time  0.066 ( 0.068)	Data  0.001 ( 0.001)	Loss 0.0000e+00 (8.2269e-03)	Acc@1 100.00 ( 99.73)	Acc@5 100.00 (100.00)
22-Jan-26 19:11:07 - Epoch: [62][3999/9000]	Time  0.091 ( 0.068)	Data  0.001 ( 0.001)	Loss 0.0000e+00 (6.7681e-03)	Acc@1 100.00 ( 99.78)	Acc@5 100.00 (100.00)
22-Jan-26 19:12:15 - Epoch: [62][4999/9000]	Time  0.066 ( 0.068)	Data  0.001 ( 0.001)	Loss 0.0000e+00 (5.6163e-03)	Acc@1 100.00 ( 99.82)	Acc@5 100.00 (100.00)
22-Jan-26 19:13:23 - Epoch: [62][5999/9000]	Time  0.066 ( 0.068)	Data  0.001 ( 0.001)	Loss 0.0000e+00 (6.1069e-03)	Acc@1 100.00 ( 99.82)	Acc@5 100.00 (100.00)
22-Jan-26 19:14:31 - Epoch: [62][6999/9000]	Time  0.090 ( 0.068)	Data  0.001 ( 0.001)	Loss 0.0000e+00 (8.9257e-03)	Acc@1 100.00 ( 99.79)	Acc@5 100.00 (100.00)
22-Jan-26 19:15:40 - Epoch: [62][7999/9000]	Time  0.066 ( 0.068)	Data  0.001 ( 0.001)	Loss 0.0000e+00 (8.7017e-03)	Acc@1 100.00 ( 99.78)	Acc@5 100.00 (100.00)
22-Jan-26 19:16:48 - Epoch: [62][8999/9000]	Time  0.057 ( 0.068)	Data  0.001 ( 0.001)	Loss 0.0000e+00 (8.8948e-03)	Acc@1 100.00 ( 99.79)	Acc@5 100.00 (100.00)
22-Jan-26 19:16:48 -  @Training * Acc@1 99.789 Acc@5 100.000 Loss 0.009
22-Jan-26 19:16:48 - One training epoch latency: 615.3s | Avg Power: 195.4W | Energy: 120227.9506J
22-Jan-26 19:16:58 -  @Testing * Acc@1 73.700 Acc@5 97.900 Loss 5.550
22-Jan-26 19:16:58 - Best acc at epoch 62: 75.60000610351562
22-Jan-26 19:16:58 - Last learning rate: [6.103515625e-08]
22-Jan-26 19:16:58 - 	 Epoch 63...
22-Jan-26 19:18:06 - Epoch: [63][ 999/9000]	Time  0.067 ( 0.069)	Data  0.001 ( 0.001)	Loss 0.0000e+00 (6.8105e-03)	Acc@1 100.00 ( 99.80)	Acc@5 100.00 (100.00)
22-Jan-26 19:19:15 - Epoch: [63][1999/9000]	Time  0.067 ( 0.069)	Data  0.001 ( 0.001)	Loss 0.0000e+00 (6.4056e-03)	Acc@1 100.00 ( 99.75)	Acc@5 100.00 (100.00)
22-Jan-26 19:20:24 - Epoch: [63][2999/9000]	Time  0.066 ( 0.069)	Data  0.001 ( 0.001)	Loss 0.0000e+00 (1.1543e-02)	Acc@1 100.00 ( 99.70)	Acc@5 100.00 (100.00)
22-Jan-26 19:21:32 - Epoch: [63][3999/9000]	Time  0.066 ( 0.069)	Data  0.001 ( 0.001)	Loss 0.0000e+00 (1.0191e-02)	Acc@1 100.00 ( 99.75)	Acc@5 100.00 (100.00)
22-Jan-26 19:22:41 - Epoch: [63][4999/9000]	Time  0.067 ( 0.069)	Data  0.001 ( 0.001)	Loss 0.0000e+00 (8.7572e-03)	Acc@1 100.00 ( 99.78)	Acc@5 100.00 (100.00)
22-Jan-26 19:23:49 - Epoch: [63][5999/9000]	Time  0.067 ( 0.069)	Data  0.001 ( 0.001)	Loss 0.0000e+00 (7.3086e-03)	Acc@1 100.00 ( 99.82)	Acc@5 100.00 (100.00)
22-Jan-26 19:24:58 - Epoch: [63][6999/9000]	Time  0.066 ( 0.069)	Data  0.001 ( 0.001)	Loss 0.0000e+00 (7.2065e-03)	Acc@1 100.00 ( 99.81)	Acc@5 100.00 (100.00)
22-Jan-26 19:26:06 - Epoch: [63][7999/9000]	Time  0.067 ( 0.069)	Data  0.001 ( 0.001)	Loss 0.0000e+00 (7.2470e-03)	Acc@1 100.00 ( 99.83)	Acc@5 100.00 (100.00)
22-Jan-26 19:27:15 - Epoch: [63][8999/9000]	Time  0.058 ( 0.069)	Data  0.001 ( 0.001)	Loss 0.0000e+00 (8.4521e-03)	Acc@1 100.00 ( 99.81)	Acc@5 100.00 (100.00)
22-Jan-26 19:27:15 -  @Training * Acc@1 99.811 Acc@5 100.000 Loss 0.008
22-Jan-26 19:27:15 - One training epoch latency: 617.4s | Avg Power: 195.1W | Energy: 120460.1925J
22-Jan-26 19:27:24 -  @Testing * Acc@1 73.500 Acc@5 97.900 Loss 5.624
22-Jan-26 19:27:24 - Best acc at epoch 63: 75.60000610351562
22-Jan-26 19:27:24 - Last learning rate: [6.103515625e-08]
22-Jan-26 19:27:24 - 	 Epoch 64...
22-Jan-26 19:28:33 - Epoch: [64][ 999/9000]	Time  0.066 ( 0.069)	Data  0.001 ( 0.001)	Loss 0.0000e+00 (2.6363e-02)	Acc@1 100.00 ( 99.50)	Acc@5 100.00 (100.00)
22-Jan-26 19:29:42 - Epoch: [64][1999/9000]	Time  0.068 ( 0.069)	Data  0.001 ( 0.001)	Loss 0.0000e+00 (1.6166e-02)	Acc@1 100.00 ( 99.70)	Acc@5 100.00 (100.00)
22-Jan-26 19:30:50 - Epoch: [64][2999/9000]	Time  0.089 ( 0.069)	Data  0.001 ( 0.001)	Loss 0.0000e+00 (1.4183e-02)	Acc@1 100.00 ( 99.73)	Acc@5 100.00 (100.00)
22-Jan-26 19:31:59 - Epoch: [64][3999/9000]	Time  0.066 ( 0.069)	Data  0.001 ( 0.001)	Loss 0.0000e+00 (2.0078e-02)	Acc@1 100.00 ( 99.65)	Acc@5 100.00 (100.00)
22-Jan-26 19:33:08 - Epoch: [64][4999/9000]	Time  0.069 ( 0.069)	Data  0.001 ( 0.001)	Loss 0.0000e+00 (1.6065e-02)	Acc@1 100.00 ( 99.72)	Acc@5 100.00 (100.00)
22-Jan-26 19:34:16 - Epoch: [64][5999/9000]	Time  0.066 ( 0.069)	Data  0.001 ( 0.001)	Loss 0.0000e+00 (1.3620e-02)	Acc@1 100.00 ( 99.75)	Acc@5 100.00 (100.00)
22-Jan-26 19:35:25 - Epoch: [64][6999/9000]	Time  0.067 ( 0.069)	Data  0.001 ( 0.001)	Loss 0.0000e+00 (1.4041e-02)	Acc@1 100.00 ( 99.74)	Acc@5 100.00 (100.00)
22-Jan-26 19:36:33 - Epoch: [64][7999/9000]	Time  0.067 ( 0.069)	Data  0.001 ( 0.001)	Loss 0.0000e+00 (1.3820e-02)	Acc@1 100.00 ( 99.76)	Acc@5 100.00 (100.00)
22-Jan-26 19:37:42 - Epoch: [64][8999/9000]	Time  0.059 ( 0.069)	Data  0.001 ( 0.001)	Loss 0.0000e+00 (1.2424e-02)	Acc@1 100.00 ( 99.79)	Acc@5 100.00 (100.00)
22-Jan-26 19:37:42 -  @Training * Acc@1 99.789 Acc@5 100.000 Loss 0.012
22-Jan-26 19:37:42 - One training epoch latency: 617.5s | Avg Power: 195.3W | Energy: 120587.1668J
22-Jan-26 19:37:51 -  @Testing * Acc@1 74.000 Acc@5 97.700 Loss 5.637
22-Jan-26 19:37:51 - Best acc at epoch 64: 75.60000610351562
22-Jan-26 19:37:51 - Last learning rate: [6.103515625e-08]
22-Jan-26 19:37:51 - 	 Epoch 65...
22-Jan-26 19:39:00 - Epoch: [65][ 999/9000]	Time  0.066 ( 0.069)	Data  0.001 ( 0.001)	Loss 0.0000e+00 (5.8465e-03)	Acc@1 100.00 ( 99.90)	Acc@5 100.00 (100.00)
22-Jan-26 19:40:09 - Epoch: [65][1999/9000]	Time  0.066 ( 0.069)	Data  0.001 ( 0.001)	Loss 0.0000e+00 (3.3099e-03)	Acc@1 100.00 ( 99.95)	Acc@5 100.00 (100.00)
22-Jan-26 19:41:18 - Epoch: [65][2999/9000]	Time  0.068 ( 0.069)	Data  0.001 ( 0.001)	Loss 0.0000e+00 (1.2756e-02)	Acc@1 100.00 ( 99.80)	Acc@5 100.00 (100.00)
22-Jan-26 19:42:26 - Epoch: [65][3999/9000]	Time  0.067 ( 0.069)	Data  0.001 ( 0.001)	Loss 0.0000e+00 (1.5318e-02)	Acc@1 100.00 ( 99.75)	Acc@5 100.00 (100.00)
22-Jan-26 19:43:35 - Epoch: [65][4999/9000]	Time  0.067 ( 0.069)	Data  0.001 ( 0.001)	Loss 0.0000e+00 (1.3199e-02)	Acc@1 100.00 ( 99.76)	Acc@5 100.00 (100.00)
22-Jan-26 19:44:44 - Epoch: [65][5999/9000]	Time  0.068 ( 0.069)	Data  0.001 ( 0.001)	Loss 2.0623e-05 (1.1148e-02)	Acc@1 100.00 ( 99.80)	Acc@5 100.00 (100.00)
22-Jan-26 19:45:52 - Epoch: [65][6999/9000]	Time  0.066 ( 0.069)	Data  0.001 ( 0.001)	Loss 0.0000e+00 (9.5953e-03)	Acc@1 100.00 ( 99.83)	Acc@5 100.00 (100.00)
22-Jan-26 19:47:01 - Epoch: [65][7999/9000]	Time  0.068 ( 0.069)	Data  0.001 ( 0.001)	Loss 0.0000e+00 (8.6809e-03)	Acc@1 100.00 ( 99.84)	Acc@5 100.00 (100.00)
22-Jan-26 19:48:09 - Epoch: [65][8999/9000]	Time  0.059 ( 0.069)	Data  0.001 ( 0.001)	Loss 0.0000e+00 (8.3832e-03)	Acc@1 100.00 ( 99.83)	Acc@5 100.00 (100.00)
22-Jan-26 19:48:09 -  @Training * Acc@1 99.833 Acc@5 100.000 Loss 0.008
22-Jan-26 19:48:09 - One training epoch latency: 617.8s | Avg Power: 195.3W | Energy: 120639.9964J
22-Jan-26 19:48:19 -  @Testing * Acc@1 73.200 Acc@5 97.900 Loss 5.719
22-Jan-26 19:48:19 - Best acc at epoch 65: 75.60000610351562
22-Jan-26 19:48:19 - Last learning rate: [3.0517578125e-08]
22-Jan-26 19:48:19 - 	 Epoch 66...
22-Jan-26 19:49:28 - Epoch: [66][ 999/9000]	Time  0.066 ( 0.069)	Data  0.001 ( 0.001)	Loss 0.0000e+00 (1.8399e-02)	Acc@1 100.00 ( 99.80)	Acc@5 100.00 (100.00)
22-Jan-26 19:50:36 - Epoch: [66][1999/9000]	Time  0.066 ( 0.069)	Data  0.001 ( 0.001)	Loss 1.1921e-06 (1.7025e-02)	Acc@1 100.00 ( 99.80)	Acc@5 100.00 (100.00)
22-Jan-26 19:51:45 - Epoch: [66][2999/9000]	Time  0.067 ( 0.069)	Data  0.001 ( 0.001)	Loss 0.0000e+00 (1.7899e-02)	Acc@1 100.00 ( 99.77)	Acc@5 100.00 (100.00)
22-Jan-26 19:52:53 - Epoch: [66][3999/9000]	Time  0.065 ( 0.069)	Data  0.001 ( 0.001)	Loss 0.0000e+00 (1.8747e-02)	Acc@1 100.00 ( 99.75)	Acc@5 100.00 (100.00)
22-Jan-26 19:54:02 - Epoch: [66][4999/9000]	Time  0.066 ( 0.069)	Data  0.001 ( 0.001)	Loss 0.0000e+00 (1.7320e-02)	Acc@1 100.00 ( 99.76)	Acc@5 100.00 (100.00)
22-Jan-26 19:55:10 - Epoch: [66][5999/9000]	Time  0.067 ( 0.069)	Data  0.001 ( 0.001)	Loss 0.0000e+00 (1.4539e-02)	Acc@1 100.00 ( 99.80)	Acc@5 100.00 (100.00)
22-Jan-26 19:56:18 - Epoch: [66][6999/9000]	Time  0.066 ( 0.069)	Data  0.001 ( 0.001)	Loss 0.0000e+00 (1.2803e-02)	Acc@1 100.00 ( 99.81)	Acc@5 100.00 (100.00)
22-Jan-26 19:57:27 - Epoch: [66][7999/9000]	Time  0.067 ( 0.069)	Data  0.001 ( 0.001)	Loss 0.0000e+00 (1.3158e-02)	Acc@1 100.00 ( 99.78)	Acc@5 100.00 (100.00)
22-Jan-26 19:58:35 - Epoch: [66][8999/9000]	Time  0.057 ( 0.068)	Data  0.001 ( 0.001)	Loss 0.0000e+00 (1.1768e-02)	Acc@1 100.00 ( 99.80)	Acc@5 100.00 (100.00)
22-Jan-26 19:58:35 -  @Training * Acc@1 99.800 Acc@5 100.000 Loss 0.012
22-Jan-26 19:58:35 - One training epoch latency: 616.6s | Avg Power: 195.7W | Energy: 120663.3613J
22-Jan-26 19:58:45 -  @Testing * Acc@1 73.600 Acc@5 98.000 Loss 5.527
22-Jan-26 19:58:45 - Best acc at epoch 66: 75.60000610351562
22-Jan-26 19:58:45 - Last learning rate: [3.0517578125e-08]
22-Jan-26 19:58:45 - 	 Epoch 67...
22-Jan-26 19:59:54 - Epoch: [67][ 999/9000]	Time  0.069 ( 0.069)	Data  0.001 ( 0.001)	Loss 7.3189e+00 (2.7574e-02)	Acc@1   0.00 ( 99.70)	Acc@5 100.00 (100.00)
22-Jan-26 20:01:02 - Epoch: [67][1999/9000]	Time  0.068 ( 0.069)	Data  0.001 ( 0.001)	Loss 0.0000e+00 (1.4166e-02)	Acc@1 100.00 ( 99.80)	Acc@5 100.00 (100.00)
22-Jan-26 20:02:11 - Epoch: [67][2999/9000]	Time  0.068 ( 0.069)	Data  0.001 ( 0.001)	Loss 0.0000e+00 (1.5705e-02)	Acc@1 100.00 ( 99.77)	Acc@5 100.00 (100.00)
22-Jan-26 20:03:19 - Epoch: [67][3999/9000]	Time  0.067 ( 0.069)	Data  0.001 ( 0.001)	Loss 0.0000e+00 (1.4808e-02)	Acc@1 100.00 ( 99.73)	Acc@5 100.00 (100.00)
22-Jan-26 20:04:28 - Epoch: [67][4999/9000]	Time  0.092 ( 0.069)	Data  0.019 ( 0.001)	Loss 0.0000e+00 (1.4498e-02)	Acc@1 100.00 ( 99.72)	Acc@5 100.00 (100.00)
22-Jan-26 20:05:36 - Epoch: [67][5999/9000]	Time  0.067 ( 0.069)	Data  0.001 ( 0.001)	Loss 4.7087e-05 (1.4057e-02)	Acc@1 100.00 ( 99.72)	Acc@5 100.00 (100.00)
22-Jan-26 20:06:44 - Epoch: [67][6999/9000]	Time  0.067 ( 0.069)	Data  0.001 ( 0.001)	Loss 0.0000e+00 (1.3323e-02)	Acc@1 100.00 ( 99.74)	Acc@5 100.00 (100.00)
22-Jan-26 20:07:53 - Epoch: [67][7999/9000]	Time  0.066 ( 0.068)	Data  0.001 ( 0.001)	Loss 0.0000e+00 (1.3069e-02)	Acc@1 100.00 ( 99.74)	Acc@5 100.00 (100.00)
22-Jan-26 20:09:01 - Epoch: [67][8999/9000]	Time  0.059 ( 0.068)	Data  0.001 ( 0.001)	Loss 0.0000e+00 (1.4770e-02)	Acc@1 100.00 ( 99.73)	Acc@5 100.00 (100.00)
22-Jan-26 20:09:01 -  @Training * Acc@1 99.733 Acc@5 100.000 Loss 0.015
22-Jan-26 20:09:01 - One training epoch latency: 616.3s | Avg Power: 195.8W | Energy: 120645.4694J
22-Jan-26 20:09:11 -  @Testing * Acc@1 73.400 Acc@5 97.900 Loss 5.687
22-Jan-26 20:09:11 - Best acc at epoch 67: 75.60000610351562
22-Jan-26 20:09:11 - Last learning rate: [3.0517578125e-08]
22-Jan-26 20:09:11 - 	 Epoch 68...
22-Jan-26 20:10:19 - Epoch: [68][ 999/9000]	Time  0.067 ( 0.069)	Data  0.001 ( 0.001)	Loss 0.0000e+00 (1.7534e-02)	Acc@1 100.00 ( 99.60)	Acc@5 100.00 (100.00)
22-Jan-26 20:11:28 - Epoch: [68][1999/9000]	Time  0.067 ( 0.069)	Data  0.001 ( 0.001)	Loss 0.0000e+00 (2.3997e-02)	Acc@1 100.00 ( 99.60)	Acc@5 100.00 (100.00)
22-Jan-26 20:12:36 - Epoch: [68][2999/9000]	Time  0.067 ( 0.068)	Data  0.001 ( 0.001)	Loss 1.1921e-07 (1.9567e-02)	Acc@1 100.00 ( 99.63)	Acc@5 100.00 (100.00)
22-Jan-26 20:13:44 - Epoch: [68][3999/9000]	Time  0.066 ( 0.068)	Data  0.001 ( 0.001)	Loss 0.0000e+00 (1.6587e-02)	Acc@1 100.00 ( 99.70)	Acc@5 100.00 (100.00)
22-Jan-26 20:14:53 - Epoch: [68][4999/9000]	Time  0.066 ( 0.068)	Data  0.001 ( 0.001)	Loss 0.0000e+00 (1.3286e-02)	Acc@1 100.00 ( 99.76)	Acc@5 100.00 (100.00)
22-Jan-26 20:16:01 - Epoch: [68][5999/9000]	Time  0.066 ( 0.068)	Data  0.001 ( 0.001)	Loss 0.0000e+00 (1.4313e-02)	Acc@1 100.00 ( 99.73)	Acc@5 100.00 (100.00)
22-Jan-26 20:17:10 - Epoch: [68][6999/9000]	Time  0.091 ( 0.068)	Data  0.001 ( 0.001)	Loss 0.0000e+00 (1.5516e-02)	Acc@1 100.00 ( 99.71)	Acc@5 100.00 (100.00)
22-Jan-26 20:18:18 - Epoch: [68][7999/9000]	Time  0.066 ( 0.068)	Data  0.001 ( 0.001)	Loss 0.0000e+00 (1.3586e-02)	Acc@1 100.00 ( 99.75)	Acc@5 100.00 (100.00)
22-Jan-26 20:19:26 - Epoch: [68][8999/9000]	Time  0.058 ( 0.068)	Data  0.001 ( 0.001)	Loss 0.0000e+00 (1.3089e-02)	Acc@1 100.00 ( 99.72)	Acc@5 100.00 (100.00)
22-Jan-26 20:19:26 -  @Training * Acc@1 99.722 Acc@5 100.000 Loss 0.013
22-Jan-26 20:19:26 - One training epoch latency: 615.5s | Avg Power: 195.6W | Energy: 120410.7596J
22-Jan-26 20:19:36 -  @Testing * Acc@1 73.600 Acc@5 97.800 Loss 5.565
22-Jan-26 20:19:36 - Best acc at epoch 68: 75.60000610351562
22-Jan-26 20:19:36 - Last learning rate: [3.0517578125e-08]
22-Jan-26 20:19:36 - 	 Epoch 69...
22-Jan-26 20:20:44 - Epoch: [69][ 999/9000]	Time  0.066 ( 0.068)	Data  0.001 ( 0.001)	Loss 0.0000e+00 (1.1135e-02)	Acc@1 100.00 ( 99.60)	Acc@5 100.00 (100.00)
22-Jan-26 20:21:52 - Epoch: [69][1999/9000]	Time  0.066 ( 0.068)	Data  0.001 ( 0.001)	Loss 0.0000e+00 (1.0524e-02)	Acc@1 100.00 ( 99.70)	Acc@5 100.00 (100.00)
22-Jan-26 20:23:01 - Epoch: [69][2999/9000]	Time  0.067 ( 0.068)	Data  0.001 ( 0.001)	Loss 0.0000e+00 (8.3133e-03)	Acc@1 100.00 ( 99.77)	Acc@5 100.00 (100.00)
22-Jan-26 20:24:09 - Epoch: [69][3999/9000]	Time  0.066 ( 0.068)	Data  0.002 ( 0.001)	Loss 0.0000e+00 (1.6069e-02)	Acc@1 100.00 ( 99.73)	Acc@5 100.00 (100.00)
22-Jan-26 20:25:17 - Epoch: [69][4999/9000]	Time  0.104 ( 0.068)	Data  0.019 ( 0.001)	Loss 0.0000e+00 (1.3989e-02)	Acc@1 100.00 ( 99.76)	Acc@5 100.00 (100.00)
22-Jan-26 20:26:26 - Epoch: [69][5999/9000]	Time  0.066 ( 0.068)	Data  0.001 ( 0.001)	Loss 0.0000e+00 (1.4614e-02)	Acc@1 100.00 ( 99.77)	Acc@5 100.00 (100.00)
22-Jan-26 20:27:34 - Epoch: [69][6999/9000]	Time  0.116 ( 0.068)	Data  0.001 ( 0.001)	Loss 0.0000e+00 (1.3192e-02)	Acc@1 100.00 ( 99.76)	Acc@5 100.00 (100.00)
22-Jan-26 20:28:42 - Epoch: [69][7999/9000]	Time  0.066 ( 0.068)	Data  0.001 ( 0.001)	Loss 0.0000e+00 (1.1699e-02)	Acc@1 100.00 ( 99.78)	Acc@5 100.00 (100.00)
22-Jan-26 20:29:51 - Epoch: [69][8999/9000]	Time  0.057 ( 0.068)	Data  0.001 ( 0.001)	Loss 0.0000e+00 (1.0864e-02)	Acc@1 100.00 ( 99.79)	Acc@5 100.00 (100.00)
22-Jan-26 20:29:51 -  @Training * Acc@1 99.789 Acc@5 100.000 Loss 0.011
22-Jan-26 20:29:51 - One training epoch latency: 615.0s | Avg Power: 195.6W | Energy: 120314.6068J
22-Jan-26 20:30:00 -  @Testing * Acc@1 73.800 Acc@5 97.700 Loss 5.635
22-Jan-26 20:30:00 - Best acc at epoch 69: 75.60000610351562
22-Jan-26 20:30:00 - Last learning rate: [3.0517578125e-08]
22-Jan-26 20:30:00 - 	 Epoch 70...
22-Jan-26 20:31:09 - Epoch: [70][ 999/9000]	Time  0.066 ( 0.069)	Data  0.001 ( 0.001)	Loss 0.0000e+00 (6.7554e-03)	Acc@1 100.00 ( 99.70)	Acc@5 100.00 (100.00)
22-Jan-26 20:32:17 - Epoch: [70][1999/9000]	Time  0.066 ( 0.068)	Data  0.001 ( 0.001)	Loss 0.0000e+00 (9.9685e-03)	Acc@1 100.00 ( 99.75)	Acc@5 100.00 (100.00)
22-Jan-26 20:33:25 - Epoch: [70][2999/9000]	Time  0.066 ( 0.068)	Data  0.001 ( 0.001)	Loss 0.0000e+00 (9.3946e-03)	Acc@1 100.00 ( 99.80)	Acc@5 100.00 (100.00)
22-Jan-26 20:34:34 - Epoch: [70][3999/9000]	Time  0.067 ( 0.068)	Data  0.001 ( 0.001)	Loss 0.0000e+00 (1.0723e-02)	Acc@1 100.00 ( 99.80)	Acc@5 100.00 (100.00)
22-Jan-26 20:35:42 - Epoch: [70][4999/9000]	Time  0.067 ( 0.068)	Data  0.001 ( 0.001)	Loss 0.0000e+00 (1.4245e-02)	Acc@1 100.00 ( 99.76)	Acc@5 100.00 (100.00)
22-Jan-26 20:36:50 - Epoch: [70][5999/9000]	Time  0.066 ( 0.068)	Data  0.001 ( 0.001)	Loss 0.0000e+00 (1.1938e-02)	Acc@1 100.00 ( 99.80)	Acc@5 100.00 (100.00)
22-Jan-26 20:37:59 - Epoch: [70][6999/9000]	Time  0.067 ( 0.068)	Data  0.001 ( 0.001)	Loss 0.0000e+00 (1.4097e-02)	Acc@1 100.00 ( 99.76)	Acc@5 100.00 (100.00)
22-Jan-26 20:39:07 - Epoch: [70][7999/9000]	Time  0.066 ( 0.068)	Data  0.001 ( 0.001)	Loss 0.0000e+00 (1.2382e-02)	Acc@1 100.00 ( 99.79)	Acc@5 100.00 (100.00)
22-Jan-26 20:40:15 - Epoch: [70][8999/9000]	Time  0.057 ( 0.068)	Data  0.001 ( 0.001)	Loss 0.0000e+00 (1.2630e-02)	Acc@1 100.00 ( 99.78)	Acc@5 100.00 (100.00)
22-Jan-26 20:40:15 -  @Training * Acc@1 99.778 Acc@5 100.000 Loss 0.013
22-Jan-26 20:40:15 - One training epoch latency: 615.0s | Avg Power: 195.9W | Energy: 120505.4391J
22-Jan-26 20:40:25 -  @Testing * Acc@1 73.400 Acc@5 98.000 Loss 5.623
22-Jan-26 20:40:25 - Best acc at epoch 70: 75.60000610351562
22-Jan-26 20:40:25 - Last learning rate: [3.0517578125e-08]
22-Jan-26 20:40:25 - 	 Epoch 71...
22-Jan-26 20:41:33 - Epoch: [71][ 999/9000]	Time  0.066 ( 0.069)	Data  0.001 ( 0.001)	Loss 0.0000e+00 (1.4323e-02)	Acc@1 100.00 ( 99.70)	Acc@5 100.00 (100.00)
22-Jan-26 20:42:42 - Epoch: [71][1999/9000]	Time  0.067 ( 0.069)	Data  0.001 ( 0.001)	Loss 0.0000e+00 (9.3327e-03)	Acc@1 100.00 ( 99.75)	Acc@5 100.00 (100.00)
22-Jan-26 20:43:50 - Epoch: [71][2999/9000]	Time  0.066 ( 0.068)	Data  0.001 ( 0.001)	Loss 0.0000e+00 (6.2489e-03)	Acc@1 100.00 ( 99.83)	Acc@5 100.00 (100.00)
22-Jan-26 20:44:59 - Epoch: [71][3999/9000]	Time  0.068 ( 0.068)	Data  0.001 ( 0.001)	Loss 0.0000e+00 (4.7411e-03)	Acc@1 100.00 ( 99.88)	Acc@5 100.00 (100.00)
22-Jan-26 20:46:07 - Epoch: [71][4999/9000]	Time  0.066 ( 0.068)	Data  0.001 ( 0.001)	Loss 0.0000e+00 (3.9985e-03)	Acc@1 100.00 ( 99.88)	Acc@5 100.00 (100.00)
22-Jan-26 20:47:15 - Epoch: [71][5999/9000]	Time  0.067 ( 0.068)	Data  0.001 ( 0.001)	Loss 0.0000e+00 (4.2892e-03)	Acc@1 100.00 ( 99.88)	Acc@5 100.00 (100.00)
22-Jan-26 20:48:24 - Epoch: [71][6999/9000]	Time  0.066 ( 0.068)	Data  0.001 ( 0.001)	Loss 0.0000e+00 (8.9787e-03)	Acc@1 100.00 ( 99.84)	Acc@5 100.00 (100.00)
22-Jan-26 20:49:32 - Epoch: [71][7999/9000]	Time  0.067 ( 0.068)	Data  0.001 ( 0.001)	Loss 0.0000e+00 (9.4299e-03)	Acc@1 100.00 ( 99.84)	Acc@5 100.00 (100.00)
22-Jan-26 20:50:41 - Epoch: [71][8999/9000]	Time  0.083 ( 0.068)	Data  0.001 ( 0.001)	Loss 0.0000e+00 (9.9616e-03)	Acc@1 100.00 ( 99.81)	Acc@5 100.00 (100.00)
22-Jan-26 20:50:41 -  @Training * Acc@1 99.811 Acc@5 100.000 Loss 0.010
22-Jan-26 20:50:41 - One training epoch latency: 615.8s | Avg Power: 196.3W | Energy: 120854.0108J
22-Jan-26 20:50:50 -  @Testing * Acc@1 73.600 Acc@5 97.700 Loss 5.631
22-Jan-26 20:50:50 - Best acc at epoch 71: 75.60000610351562
22-Jan-26 20:50:50 - Last learning rate: [1.52587890625e-08]
22-Jan-26 20:50:50 - 	 Epoch 72...
22-Jan-26 20:51:59 - Epoch: [72][ 999/9000]	Time  0.067 ( 0.069)	Data  0.001 ( 0.001)	Loss 0.0000e+00 (1.2680e-02)	Acc@1 100.00 ( 99.70)	Acc@5 100.00 (100.00)
22-Jan-26 20:53:07 - Epoch: [72][1999/9000]	Time  0.065 ( 0.069)	Data  0.001 ( 0.001)	Loss 0.0000e+00 (1.2954e-02)	Acc@1 100.00 ( 99.75)	Acc@5 100.00 (100.00)
22-Jan-26 20:54:16 - Epoch: [72][2999/9000]	Time  0.066 ( 0.068)	Data  0.001 ( 0.001)	Loss 0.0000e+00 (8.6613e-03)	Acc@1 100.00 ( 99.83)	Acc@5 100.00 (100.00)
22-Jan-26 20:55:24 - Epoch: [72][3999/9000]	Time  0.068 ( 0.068)	Data  0.001 ( 0.001)	Loss 0.0000e+00 (1.2351e-02)	Acc@1 100.00 ( 99.83)	Acc@5 100.00 (100.00)
22-Jan-26 20:56:32 - Epoch: [72][4999/9000]	Time  0.066 ( 0.068)	Data  0.001 ( 0.001)	Loss 0.0000e+00 (1.6367e-02)	Acc@1 100.00 ( 99.78)	Acc@5 100.00 (100.00)
22-Jan-26 20:57:41 - Epoch: [72][5999/9000]	Time  0.067 ( 0.068)	Data  0.002 ( 0.001)	Loss 0.0000e+00 (1.3925e-02)	Acc@1 100.00 ( 99.80)	Acc@5 100.00 (100.00)
22-Jan-26 20:58:49 - Epoch: [72][6999/9000]	Time  0.066 ( 0.068)	Data  0.001 ( 0.001)	Loss 0.0000e+00 (1.4312e-02)	Acc@1 100.00 ( 99.79)	Acc@5 100.00 (100.00)
22-Jan-26 20:59:58 - Epoch: [72][7999/9000]	Time  0.066 ( 0.068)	Data  0.001 ( 0.001)	Loss 0.0000e+00 (1.2847e-02)	Acc@1 100.00 ( 99.79)	Acc@5 100.00 (100.00)
22-Jan-26 21:01:06 - Epoch: [72][8999/9000]	Time  0.058 ( 0.068)	Data  0.001 ( 0.001)	Loss 0.0000e+00 (1.2909e-02)	Acc@1 100.00 ( 99.80)	Acc@5 100.00 (100.00)
22-Jan-26 21:01:06 -  @Training * Acc@1 99.800 Acc@5 100.000 Loss 0.013
22-Jan-26 21:01:06 - One training epoch latency: 615.9s | Avg Power: 198.6W | Energy: 122298.5752J
22-Jan-26 21:01:16 -  @Testing * Acc@1 73.900 Acc@5 97.700 Loss 5.573
22-Jan-26 21:01:16 - Best acc at epoch 72: 75.60000610351562
22-Jan-26 21:01:16 - Last learning rate: [1.52587890625e-08]
22-Jan-26 21:01:16 - 	 Epoch 73...
22-Jan-26 21:02:24 - Epoch: [73][ 999/9000]	Time  0.065 ( 0.069)	Data  0.001 ( 0.001)	Loss 0.0000e+00 (1.2307e-02)	Acc@1 100.00 ( 99.70)	Acc@5 100.00 (100.00)
22-Jan-26 21:03:33 - Epoch: [73][1999/9000]	Time  0.066 ( 0.069)	Data  0.001 ( 0.001)	Loss 0.0000e+00 (2.9677e-02)	Acc@1 100.00 ( 99.55)	Acc@5 100.00 (100.00)
22-Jan-26 21:04:41 - Epoch: [73][2999/9000]	Time  0.069 ( 0.068)	Data  0.001 ( 0.001)	Loss 0.0000e+00 (2.2424e-02)	Acc@1 100.00 ( 99.67)	Acc@5 100.00 (100.00)
22-Jan-26 21:05:49 - Epoch: [73][3999/9000]	Time  0.066 ( 0.068)	Data  0.001 ( 0.001)	Loss 0.0000e+00 (1.8717e-02)	Acc@1 100.00 ( 99.73)	Acc@5 100.00 (100.00)
22-Jan-26 21:06:58 - Epoch: [73][4999/9000]	Time  0.067 ( 0.068)	Data  0.001 ( 0.001)	Loss 0.0000e+00 (1.9830e-02)	Acc@1 100.00 ( 99.74)	Acc@5 100.00 (100.00)
22-Jan-26 21:08:06 - Epoch: [73][5999/9000]	Time  0.067 ( 0.068)	Data  0.002 ( 0.001)	Loss 0.0000e+00 (1.7002e-02)	Acc@1 100.00 ( 99.77)	Acc@5 100.00 (100.00)
22-Jan-26 21:09:14 - Epoch: [73][6999/9000]	Time  0.066 ( 0.068)	Data  0.001 ( 0.001)	Loss 0.0000e+00 (1.7134e-02)	Acc@1 100.00 ( 99.74)	Acc@5 100.00 (100.00)
22-Jan-26 21:10:23 - Epoch: [73][7999/9000]	Time  0.068 ( 0.068)	Data  0.001 ( 0.001)	Loss 0.0000e+00 (1.5576e-02)	Acc@1 100.00 ( 99.75)	Acc@5 100.00 (100.00)
22-Jan-26 21:11:31 - Epoch: [73][8999/9000]	Time  0.057 ( 0.068)	Data  0.001 ( 0.001)	Loss 0.0000e+00 (1.5583e-02)	Acc@1 100.00 ( 99.74)	Acc@5 100.00 (100.00)
22-Jan-26 21:11:31 -  @Training * Acc@1 99.744 Acc@5 100.000 Loss 0.016
22-Jan-26 21:11:31 - One training epoch latency: 615.6s | Avg Power: 198.6W | Energy: 122282.8078J
22-Jan-26 21:11:41 -  @Testing * Acc@1 74.000 Acc@5 97.900 Loss 5.575
22-Jan-26 21:11:41 - Best acc at epoch 73: 75.60000610351562
22-Jan-26 21:11:41 - Last learning rate: [1.52587890625e-08]
22-Jan-26 21:11:41 - 	 Epoch 74...
22-Jan-26 21:12:49 - Epoch: [74][ 999/9000]	Time  0.067 ( 0.069)	Data  0.001 ( 0.001)	Loss 0.0000e+00 (5.2340e-05)	Acc@1 100.00 (100.00)	Acc@5 100.00 (100.00)
22-Jan-26 21:13:58 - Epoch: [74][1999/9000]	Time  0.068 ( 0.069)	Data  0.001 ( 0.001)	Loss 0.0000e+00 (2.3734e-03)	Acc@1 100.00 ( 99.95)	Acc@5 100.00 (100.00)
22-Jan-26 21:15:06 - Epoch: [74][2999/9000]	Time  0.067 ( 0.069)	Data  0.001 ( 0.001)	Loss 0.0000e+00 (6.5860e-03)	Acc@1 100.00 ( 99.87)	Acc@5 100.00 (100.00)
22-Jan-26 21:16:15 - Epoch: [74][3999/9000]	Time  0.068 ( 0.069)	Data  0.001 ( 0.001)	Loss 0.0000e+00 (1.3448e-02)	Acc@1 100.00 ( 99.85)	Acc@5 100.00 (100.00)
22-Jan-26 21:17:23 - Epoch: [74][4999/9000]	Time  0.066 ( 0.068)	Data  0.001 ( 0.001)	Loss 0.0000e+00 (1.2264e-02)	Acc@1 100.00 ( 99.86)	Acc@5 100.00 (100.00)
22-Jan-26 21:18:32 - Epoch: [74][5999/9000]	Time  0.092 ( 0.068)	Data  0.001 ( 0.001)	Loss 0.0000e+00 (1.0240e-02)	Acc@1 100.00 ( 99.88)	Acc@5 100.00 (100.00)
22-Jan-26 21:19:40 - Epoch: [74][6999/9000]	Time  0.067 ( 0.068)	Data  0.001 ( 0.001)	Loss 0.0000e+00 (9.0500e-03)	Acc@1 100.00 ( 99.89)	Acc@5 100.00 (100.00)
22-Jan-26 21:20:48 - Epoch: [74][7999/9000]	Time  0.066 ( 0.068)	Data  0.001 ( 0.001)	Loss 0.0000e+00 (9.9686e-03)	Acc@1 100.00 ( 99.88)	Acc@5 100.00 (100.00)
22-Jan-26 21:21:57 - Epoch: [74][8999/9000]	Time  0.059 ( 0.068)	Data  0.001 ( 0.001)	Loss 0.0000e+00 (1.0350e-02)	Acc@1 100.00 ( 99.84)	Acc@5 100.00 (100.00)
22-Jan-26 21:21:57 -  @Training * Acc@1 99.844 Acc@5 100.000 Loss 0.010
22-Jan-26 21:21:57 - One training epoch latency: 616.1s | Avg Power: 198.0W | Energy: 121976.1512J
22-Jan-26 21:22:06 -  @Testing * Acc@1 74.100 Acc@5 97.800 Loss 5.587
22-Jan-26 21:22:06 - Best acc at epoch 74: 75.60000610351562
22-Jan-26 21:22:06 - Last learning rate: [1.52587890625e-08]
22-Jan-26 21:22:06 - 	 Epoch 75...
22-Jan-26 21:23:15 - Epoch: [75][ 999/9000]	Time  0.066 ( 0.069)	Data  0.001 ( 0.001)	Loss 0.0000e+00 (3.8568e-03)	Acc@1 100.00 ( 99.90)	Acc@5 100.00 (100.00)
22-Jan-26 21:24:24 - Epoch: [75][1999/9000]	Time  0.066 ( 0.069)	Data  0.001 ( 0.001)	Loss 0.0000e+00 (5.4576e-03)	Acc@1 100.00 ( 99.85)	Acc@5 100.00 (100.00)
22-Jan-26 21:25:32 - Epoch: [75][2999/9000]	Time  0.066 ( 0.069)	Data  0.001 ( 0.001)	Loss 0.0000e+00 (1.0670e-02)	Acc@1 100.00 ( 99.83)	Acc@5 100.00 (100.00)
22-Jan-26 21:26:41 - Epoch: [75][3999/9000]	Time  0.066 ( 0.069)	Data  0.001 ( 0.001)	Loss 0.0000e+00 (1.1841e-02)	Acc@1 100.00 ( 99.83)	Acc@5 100.00 (100.00)
22-Jan-26 21:27:49 - Epoch: [75][4999/9000]	Time  0.068 ( 0.069)	Data  0.001 ( 0.001)	Loss 0.0000e+00 (1.1259e-02)	Acc@1 100.00 ( 99.82)	Acc@5 100.00 (100.00)
22-Jan-26 21:28:57 - Epoch: [75][5999/9000]	Time  0.067 ( 0.069)	Data  0.001 ( 0.001)	Loss 0.0000e+00 (1.3382e-02)	Acc@1 100.00 ( 99.80)	Acc@5 100.00 (100.00)
22-Jan-26 21:30:06 - Epoch: [75][6999/9000]	Time  0.066 ( 0.069)	Data  0.001 ( 0.001)	Loss 0.0000e+00 (1.2335e-02)	Acc@1 100.00 ( 99.81)	Acc@5 100.00 (100.00)
22-Jan-26 21:31:14 - Epoch: [75][7999/9000]	Time  0.066 ( 0.068)	Data  0.001 ( 0.001)	Loss 2.8371e-05 (1.1498e-02)	Acc@1 100.00 ( 99.81)	Acc@5 100.00 (100.00)
22-Jan-26 21:32:22 - Epoch: [75][8999/9000]	Time  0.058 ( 0.068)	Data  0.001 ( 0.001)	Loss 0.0000e+00 (1.2137e-02)	Acc@1 100.00 ( 99.79)	Acc@5 100.00 (100.00)
22-Jan-26 21:32:23 -  @Training * Acc@1 99.789 Acc@5 100.000 Loss 0.012
22-Jan-26 21:32:23 - One training epoch latency: 616.2s | Avg Power: 198.2W | Energy: 122123.5767J
22-Jan-26 21:32:32 -  @Testing * Acc@1 73.400 Acc@5 97.900 Loss 5.648
22-Jan-26 21:32:32 - Best acc at epoch 75: 75.60000610351562
22-Jan-26 21:32:32 - Last learning rate: [1.52587890625e-08]
22-Jan-26 21:32:32 - 	 Epoch 76...
22-Jan-26 21:33:41 - Epoch: [76][ 999/9000]	Time  0.067 ( 0.069)	Data  0.001 ( 0.001)	Loss 0.0000e+00 (1.8743e-04)	Acc@1 100.00 (100.00)	Acc@5 100.00 (100.00)
22-Jan-26 21:34:49 - Epoch: [76][1999/9000]	Time  0.067 ( 0.068)	Data  0.001 ( 0.001)	Loss 0.0000e+00 (2.9080e-04)	Acc@1 100.00 (100.00)	Acc@5 100.00 (100.00)
22-Jan-26 21:35:57 - Epoch: [76][2999/9000]	Time  0.066 ( 0.068)	Data  0.001 ( 0.001)	Loss 0.0000e+00 (6.8650e-04)	Acc@1 100.00 (100.00)	Acc@5 100.00 (100.00)
22-Jan-26 21:37:06 - Epoch: [76][3999/9000]	Time  0.067 ( 0.068)	Data  0.001 ( 0.001)	Loss 2.0085e-04 (9.8701e-04)	Acc@1 100.00 ( 99.95)	Acc@5 100.00 (100.00)
22-Jan-26 21:38:14 - Epoch: [76][4999/9000]	Time  0.066 ( 0.068)	Data  0.001 ( 0.001)	Loss 0.0000e+00 (1.6958e-03)	Acc@1 100.00 ( 99.94)	Acc@5 100.00 (100.00)
22-Jan-26 21:39:22 - Epoch: [76][5999/9000]	Time  0.067 ( 0.068)	Data  0.001 ( 0.001)	Loss 0.0000e+00 (4.3264e-03)	Acc@1 100.00 ( 99.90)	Acc@5 100.00 (100.00)
22-Jan-26 21:40:31 - Epoch: [76][6999/9000]	Time  0.066 ( 0.068)	Data  0.001 ( 0.001)	Loss 0.0000e+00 (4.3124e-03)	Acc@1 100.00 ( 99.89)	Acc@5 100.00 (100.00)
22-Jan-26 21:41:39 - Epoch: [76][7999/9000]	Time  0.066 ( 0.068)	Data  0.001 ( 0.001)	Loss 0.0000e+00 (4.4590e-03)	Acc@1 100.00 ( 99.86)	Acc@5 100.00 (100.00)
22-Jan-26 21:42:48 - Epoch: [76][8999/9000]	Time  0.059 ( 0.068)	Data  0.002 ( 0.001)	Loss 0.0000e+00 (4.6618e-03)	Acc@1 100.00 ( 99.86)	Acc@5 100.00 (100.00)
22-Jan-26 21:42:48 -  @Training * Acc@1 99.856 Acc@5 100.000 Loss 0.005
22-Jan-26 21:42:48 - One training epoch latency: 615.5s | Avg Power: 198.2W | Energy: 122017.2877J
22-Jan-26 21:42:57 -  @Testing * Acc@1 74.400 Acc@5 98.100 Loss 5.473
22-Jan-26 21:42:57 - Best acc at epoch 76: 75.60000610351562
22-Jan-26 21:42:57 - Last learning rate: [1.52587890625e-08]
22-Jan-26 21:42:57 - 	 Epoch 77...
22-Jan-26 21:44:06 - Epoch: [77][ 999/9000]	Time  0.069 ( 0.069)	Data  0.001 ( 0.001)	Loss 0.0000e+00 (1.0605e-02)	Acc@1 100.00 ( 99.80)	Acc@5 100.00 (100.00)
22-Jan-26 21:45:14 - Epoch: [77][1999/9000]	Time  0.066 ( 0.069)	Data  0.001 ( 0.001)	Loss 0.0000e+00 (5.7124e-03)	Acc@1 100.00 ( 99.90)	Acc@5 100.00 (100.00)
22-Jan-26 21:46:23 - Epoch: [77][2999/9000]	Time  0.067 ( 0.069)	Data  0.001 ( 0.001)	Loss 0.0000e+00 (7.1476e-03)	Acc@1 100.00 ( 99.87)	Acc@5 100.00 (100.00)
22-Jan-26 21:47:31 - Epoch: [77][3999/9000]	Time  0.066 ( 0.068)	Data  0.001 ( 0.001)	Loss 2.1934e-05 (5.5507e-03)	Acc@1 100.00 ( 99.90)	Acc@5 100.00 (100.00)
22-Jan-26 21:48:39 - Epoch: [77][4999/9000]	Time  0.092 ( 0.068)	Data  0.001 ( 0.001)	Loss 0.0000e+00 (9.1238e-03)	Acc@1 100.00 ( 99.86)	Acc@5 100.00 (100.00)
22-Jan-26 21:49:48 - Epoch: [77][5999/9000]	Time  0.067 ( 0.068)	Data  0.001 ( 0.001)	Loss 0.0000e+00 (1.0331e-02)	Acc@1 100.00 ( 99.83)	Acc@5 100.00 (100.00)
22-Jan-26 21:50:56 - Epoch: [77][6999/9000]	Time  0.066 ( 0.068)	Data  0.001 ( 0.001)	Loss 0.0000e+00 (1.0748e-02)	Acc@1 100.00 ( 99.80)	Acc@5 100.00 (100.00)
22-Jan-26 21:52:05 - Epoch: [77][7999/9000]	Time  0.073 ( 0.068)	Data  0.007 ( 0.001)	Loss 0.0000e+00 (1.1196e-02)	Acc@1 100.00 ( 99.81)	Acc@5 100.00 (100.00)
22-Jan-26 21:53:13 - Epoch: [77][8999/9000]	Time  0.059 ( 0.068)	Data  0.001 ( 0.001)	Loss 0.0000e+00 (1.0758e-02)	Acc@1 100.00 ( 99.80)	Acc@5 100.00 (100.00)
22-Jan-26 21:53:13 -  @Training * Acc@1 99.800 Acc@5 100.000 Loss 0.011
22-Jan-26 21:53:13 - One training epoch latency: 615.7s | Avg Power: 198.3W | Energy: 122095.6994J
22-Jan-26 21:53:22 -  @Testing * Acc@1 72.700 Acc@5 97.900 Loss 5.544
22-Jan-26 21:53:22 - Best acc at epoch 77: 75.60000610351562
22-Jan-26 21:53:22 - Last learning rate: [1.52587890625e-08]
22-Jan-26 21:53:22 - 	 Epoch 78...
22-Jan-26 21:54:31 - Epoch: [78][ 999/9000]	Time  0.070 ( 0.068)	Data  0.001 ( 0.001)	Loss 0.0000e+00 (1.3113e-02)	Acc@1 100.00 ( 99.70)	Acc@5 100.00 (100.00)
22-Jan-26 21:55:39 - Epoch: [78][1999/9000]	Time  0.065 ( 0.068)	Data  0.001 ( 0.001)	Loss 0.0000e+00 (1.2355e-02)	Acc@1 100.00 ( 99.75)	Acc@5 100.00 (100.00)
22-Jan-26 21:56:47 - Epoch: [78][2999/9000]	Time  0.092 ( 0.068)	Data  0.001 ( 0.001)	Loss 0.0000e+00 (1.1415e-02)	Acc@1 100.00 ( 99.80)	Acc@5 100.00 (100.00)
22-Jan-26 21:57:56 - Epoch: [78][3999/9000]	Time  0.067 ( 0.068)	Data  0.001 ( 0.001)	Loss 0.0000e+00 (1.1542e-02)	Acc@1 100.00 ( 99.83)	Acc@5 100.00 (100.00)
22-Jan-26 21:59:04 - Epoch: [78][4999/9000]	Time  0.067 ( 0.068)	Data  0.001 ( 0.001)	Loss 0.0000e+00 (1.5475e-02)	Acc@1 100.00 ( 99.80)	Acc@5 100.00 (100.00)
22-Jan-26 22:00:12 - Epoch: [78][5999/9000]	Time  0.065 ( 0.068)	Data  0.001 ( 0.001)	Loss 0.0000e+00 (1.5207e-02)	Acc@1 100.00 ( 99.80)	Acc@5 100.00 (100.00)
22-Jan-26 22:01:20 - Epoch: [78][6999/9000]	Time  0.091 ( 0.068)	Data  0.001 ( 0.001)	Loss 0.0000e+00 (1.4639e-02)	Acc@1 100.00 ( 99.80)	Acc@5 100.00 (100.00)
22-Jan-26 22:02:29 - Epoch: [78][7999/9000]	Time  0.066 ( 0.068)	Data  0.001 ( 0.001)	Loss 0.0000e+00 (1.4132e-02)	Acc@1 100.00 ( 99.80)	Acc@5 100.00 (100.00)
22-Jan-26 22:03:37 - Epoch: [78][8999/9000]	Time  0.058 ( 0.068)	Data  0.001 ( 0.001)	Loss 0.0000e+00 (1.3240e-02)	Acc@1 100.00 ( 99.80)	Acc@5 100.00 (100.00)
22-Jan-26 22:03:37 -  @Training * Acc@1 99.800 Acc@5 100.000 Loss 0.013
22-Jan-26 22:03:37 - One training epoch latency: 614.6s | Avg Power: 198.8W | Energy: 122184.5413J
22-Jan-26 22:03:47 -  @Testing * Acc@1 73.000 Acc@5 97.600 Loss 5.634
22-Jan-26 22:03:47 - Best acc at epoch 78: 75.60000610351562
22-Jan-26 22:03:47 - Last learning rate: [1.52587890625e-08]
22-Jan-26 22:03:47 - 	 Epoch 79...
22-Jan-26 22:04:55 - Epoch: [79][ 999/9000]	Time  0.071 ( 0.068)	Data  0.001 ( 0.001)	Loss 0.0000e+00 (1.7073e-02)	Acc@1 100.00 ( 99.90)	Acc@5 100.00 (100.00)
22-Jan-26 22:06:03 - Epoch: [79][1999/9000]	Time  0.066 ( 0.068)	Data  0.001 ( 0.001)	Loss 0.0000e+00 (1.0376e-02)	Acc@1 100.00 ( 99.90)	Acc@5 100.00 (100.00)
22-Jan-26 22:07:12 - Epoch: [79][2999/9000]	Time  0.068 ( 0.068)	Data  0.001 ( 0.001)	Loss 0.0000e+00 (9.6905e-03)	Acc@1 100.00 ( 99.87)	Acc@5 100.00 (100.00)
22-Jan-26 22:08:20 - Epoch: [79][3999/9000]	Time  0.067 ( 0.068)	Data  0.001 ( 0.001)	Loss 4.0173e-05 (1.3319e-02)	Acc@1 100.00 ( 99.78)	Acc@5 100.00 (100.00)
22-Jan-26 22:09:28 - Epoch: [79][4999/9000]	Time  0.066 ( 0.068)	Data  0.001 ( 0.001)	Loss 0.0000e+00 (1.2143e-02)	Acc@1 100.00 ( 99.78)	Acc@5 100.00 (100.00)
22-Jan-26 22:10:36 - Epoch: [79][5999/9000]	Time  0.067 ( 0.068)	Data  0.001 ( 0.001)	Loss 0.0000e+00 (1.1281e-02)	Acc@1 100.00 ( 99.77)	Acc@5 100.00 (100.00)
22-Jan-26 22:11:45 - Epoch: [79][6999/9000]	Time  0.067 ( 0.068)	Data  0.002 ( 0.001)	Loss 0.0000e+00 (9.8198e-03)	Acc@1 100.00 ( 99.80)	Acc@5 100.00 (100.00)
22-Jan-26 22:12:53 - Epoch: [79][7999/9000]	Time  0.067 ( 0.068)	Data  0.001 ( 0.001)	Loss 0.0000e+00 (9.6272e-03)	Acc@1 100.00 ( 99.81)	Acc@5 100.00 (100.00)
22-Jan-26 22:14:01 - Epoch: [79][8999/9000]	Time  0.057 ( 0.068)	Data  0.001 ( 0.001)	Loss 0.0000e+00 (8.5578e-03)	Acc@1 100.00 ( 99.83)	Acc@5 100.00 (100.00)
22-Jan-26 22:14:01 -  @Training * Acc@1 99.833 Acc@5 100.000 Loss 0.009
22-Jan-26 22:14:01 - One training epoch latency: 614.6s | Avg Power: 198.6W | Energy: 122070.5438J
22-Jan-26 22:14:11 -  @Testing * Acc@1 73.700 Acc@5 98.000 Loss 5.640
22-Jan-26 22:14:11 - Best acc at epoch 79: 75.60000610351562
22-Jan-26 22:14:11 - Last learning rate: [1.52587890625e-08]
22-Jan-26 22:14:11 - 	 Epoch 80...
22-Jan-26 22:15:19 - Epoch: [80][ 999/9000]	Time  0.066 ( 0.069)	Data  0.001 ( 0.001)	Loss 0.0000e+00 (2.7026e-02)	Acc@1 100.00 ( 99.80)	Acc@5 100.00 (100.00)
22-Jan-26 22:16:28 - Epoch: [80][1999/9000]	Time  0.067 ( 0.068)	Data  0.001 ( 0.001)	Loss 0.0000e+00 (1.5495e-02)	Acc@1 100.00 ( 99.85)	Acc@5 100.00 (100.00)
22-Jan-26 22:17:36 - Epoch: [80][2999/9000]	Time  0.066 ( 0.068)	Data  0.001 ( 0.001)	Loss 0.0000e+00 (1.1087e-02)	Acc@1 100.00 ( 99.87)	Acc@5 100.00 (100.00)
22-Jan-26 22:18:45 - Epoch: [80][3999/9000]	Time  0.066 ( 0.068)	Data  0.001 ( 0.001)	Loss 0.0000e+00 (1.3688e-02)	Acc@1 100.00 ( 99.85)	Acc@5 100.00 (100.00)
22-Jan-26 22:19:53 - Epoch: [80][4999/9000]	Time  0.065 ( 0.068)	Data  0.001 ( 0.001)	Loss 0.0000e+00 (1.3350e-02)	Acc@1 100.00 ( 99.84)	Acc@5 100.00 (100.00)
22-Jan-26 22:21:02 - Epoch: [80][5999/9000]	Time  0.091 ( 0.068)	Data  0.001 ( 0.001)	Loss 0.0000e+00 (1.3264e-02)	Acc@1 100.00 ( 99.82)	Acc@5 100.00 (100.00)
22-Jan-26 22:22:10 - Epoch: [80][6999/9000]	Time  0.066 ( 0.068)	Data  0.001 ( 0.001)	Loss 0.0000e+00 (1.1489e-02)	Acc@1 100.00 ( 99.83)	Acc@5 100.00 (100.00)
22-Jan-26 22:23:18 - Epoch: [80][7999/9000]	Time  0.066 ( 0.068)	Data  0.001 ( 0.001)	Loss 0.0000e+00 (1.0297e-02)	Acc@1 100.00 ( 99.84)	Acc@5 100.00 (100.00)
22-Jan-26 22:24:27 - Epoch: [80][8999/9000]	Time  0.059 ( 0.068)	Data  0.001 ( 0.001)	Loss 0.0000e+00 (1.0399e-02)	Acc@1 100.00 ( 99.81)	Acc@5 100.00 (100.00)
22-Jan-26 22:24:27 -  @Training * Acc@1 99.811 Acc@5 100.000 Loss 0.010
22-Jan-26 22:24:27 - One training epoch latency: 616.0s | Avg Power: 198.3W | Energy: 122125.6196J
22-Jan-26 22:24:36 -  @Testing * Acc@1 73.700 Acc@5 98.200 Loss 5.608
22-Jan-26 22:24:36 - Best acc at epoch 80: 75.60000610351562
22-Jan-26 22:24:36 - Last learning rate: [1.52587890625e-08]
22-Jan-26 22:24:36 - 	 Epoch 81...
22-Jan-26 22:25:45 - Epoch: [81][ 999/9000]	Time  0.067 ( 0.069)	Data  0.001 ( 0.001)	Loss 0.0000e+00 (2.0295e-03)	Acc@1 100.00 ( 99.80)	Acc@5 100.00 (100.00)
22-Jan-26 22:26:53 - Epoch: [81][1999/9000]	Time  0.067 ( 0.068)	Data  0.001 ( 0.001)	Loss 0.0000e+00 (1.3496e-03)	Acc@1 100.00 ( 99.90)	Acc@5 100.00 (100.00)
22-Jan-26 22:28:02 - Epoch: [81][2999/9000]	Time  0.066 ( 0.068)	Data  0.001 ( 0.001)	Loss 0.0000e+00 (4.1610e-03)	Acc@1 100.00 ( 99.90)	Acc@5 100.00 (100.00)
22-Jan-26 22:29:10 - Epoch: [81][3999/9000]	Time  0.066 ( 0.068)	Data  0.001 ( 0.001)	Loss 0.0000e+00 (3.1709e-03)	Acc@1 100.00 ( 99.93)	Acc@5 100.00 (100.00)
22-Jan-26 22:30:18 - Epoch: [81][4999/9000]	Time  0.066 ( 0.068)	Data  0.001 ( 0.001)	Loss 0.0000e+00 (5.6865e-03)	Acc@1 100.00 ( 99.90)	Acc@5 100.00 (100.00)
22-Jan-26 22:31:27 - Epoch: [81][5999/9000]	Time  0.067 ( 0.068)	Data  0.001 ( 0.001)	Loss 0.0000e+00 (7.7707e-03)	Acc@1 100.00 ( 99.85)	Acc@5 100.00 (100.00)
22-Jan-26 22:32:35 - Epoch: [81][6999/9000]	Time  0.066 ( 0.068)	Data  0.001 ( 0.001)	Loss 0.0000e+00 (1.0145e-02)	Acc@1 100.00 ( 99.81)	Acc@5 100.00 (100.00)
22-Jan-26 22:33:43 - Epoch: [81][7999/9000]	Time  0.067 ( 0.068)	Data  0.001 ( 0.001)	Loss 0.0000e+00 (9.1111e-03)	Acc@1 100.00 ( 99.83)	Acc@5 100.00 (100.00)
22-Jan-26 22:34:52 - Epoch: [81][8999/9000]	Time  0.058 ( 0.068)	Data  0.001 ( 0.001)	Loss 0.0000e+00 (9.6578e-03)	Acc@1 100.00 ( 99.81)	Acc@5 100.00 (100.00)
22-Jan-26 22:34:52 -  @Training * Acc@1 99.811 Acc@5 100.000 Loss 0.010
22-Jan-26 22:34:52 - One training epoch latency: 615.5s | Avg Power: 198.5W | Energy: 122183.3607J
22-Jan-26 22:35:01 -  @Testing * Acc@1 73.700 Acc@5 97.800 Loss 5.687
22-Jan-26 22:35:01 - Best acc at epoch 81: 75.60000610351562
22-Jan-26 22:35:01 - Last learning rate: [1.52587890625e-08]
22-Jan-26 22:35:01 - 	 Epoch 82...
22-Jan-26 22:36:10 - Epoch: [82][ 999/9000]	Time  0.067 ( 0.069)	Data  0.001 ( 0.001)	Loss 0.0000e+00 (5.5654e-03)	Acc@1 100.00 ( 99.80)	Acc@5 100.00 (100.00)
22-Jan-26 22:37:18 - Epoch: [82][1999/9000]	Time  0.066 ( 0.068)	Data  0.001 ( 0.001)	Loss 0.0000e+00 (3.4077e-03)	Acc@1 100.00 ( 99.85)	Acc@5 100.00 (100.00)
22-Jan-26 22:38:26 - Epoch: [82][2999/9000]	Time  0.065 ( 0.068)	Data  0.001 ( 0.001)	Loss 0.0000e+00 (2.7636e-03)	Acc@1 100.00 ( 99.90)	Acc@5 100.00 (100.00)
22-Jan-26 22:39:35 - Epoch: [82][3999/9000]	Time  0.065 ( 0.068)	Data  0.001 ( 0.001)	Loss 0.0000e+00 (3.5079e-03)	Acc@1 100.00 ( 99.88)	Acc@5 100.00 (100.00)
22-Jan-26 22:40:43 - Epoch: [82][4999/9000]	Time  0.066 ( 0.068)	Data  0.001 ( 0.001)	Loss 0.0000e+00 (6.4246e-03)	Acc@1 100.00 ( 99.82)	Acc@5 100.00 (100.00)
22-Jan-26 22:41:51 - Epoch: [82][5999/9000]	Time  0.066 ( 0.068)	Data  0.001 ( 0.001)	Loss 0.0000e+00 (9.3175e-03)	Acc@1 100.00 ( 99.78)	Acc@5 100.00 (100.00)
22-Jan-26 22:43:00 - Epoch: [82][6999/9000]	Time  0.067 ( 0.068)	Data  0.002 ( 0.001)	Loss 0.0000e+00 (1.0677e-02)	Acc@1 100.00 ( 99.77)	Acc@5 100.00 (100.00)
22-Jan-26 22:44:08 - Epoch: [82][7999/9000]	Time  0.066 ( 0.068)	Data  0.001 ( 0.001)	Loss 0.0000e+00 (9.4620e-03)	Acc@1 100.00 ( 99.80)	Acc@5 100.00 (100.00)
22-Jan-26 22:45:16 - Epoch: [82][8999/9000]	Time  0.058 ( 0.068)	Data  0.001 ( 0.001)	Loss 0.0000e+00 (9.8717e-03)	Acc@1 100.00 ( 99.79)	Acc@5 100.00 (100.00)
22-Jan-26 22:45:16 -  @Training * Acc@1 99.789 Acc@5 100.000 Loss 0.010
22-Jan-26 22:45:16 - One training epoch latency: 614.9s | Avg Power: 198.4W | Energy: 121989.2845J
22-Jan-26 22:45:26 -  @Testing * Acc@1 73.400 Acc@5 97.900 Loss 5.599
22-Jan-26 22:45:26 - Best acc at epoch 82: 75.60000610351562
22-Jan-26 22:45:26 - Last learning rate: [1.52587890625e-08]
22-Jan-26 22:45:26 - 	 Epoch 83...
22-Jan-26 22:46:34 - Epoch: [83][ 999/9000]	Time  0.066 ( 0.069)	Data  0.001 ( 0.001)	Loss 0.0000e+00 (2.5725e-02)	Acc@1 100.00 ( 99.70)	Acc@5 100.00 (100.00)
22-Jan-26 22:47:42 - Epoch: [83][1999/9000]	Time  0.066 ( 0.068)	Data  0.001 ( 0.001)	Loss 0.0000e+00 (1.3437e-02)	Acc@1 100.00 ( 99.85)	Acc@5 100.00 (100.00)
22-Jan-26 22:48:51 - Epoch: [83][2999/9000]	Time  0.067 ( 0.068)	Data  0.001 ( 0.001)	Loss 0.0000e+00 (1.5285e-02)	Acc@1 100.00 ( 99.73)	Acc@5 100.00 (100.00)
22-Jan-26 22:49:59 - Epoch: [83][3999/9000]	Time  0.067 ( 0.068)	Data  0.001 ( 0.001)	Loss 0.0000e+00 (1.5943e-02)	Acc@1 100.00 ( 99.73)	Acc@5 100.00 (100.00)
22-Jan-26 22:51:07 - Epoch: [83][4999/9000]	Time  0.067 ( 0.068)	Data  0.001 ( 0.001)	Loss 0.0000e+00 (1.3035e-02)	Acc@1 100.00 ( 99.76)	Acc@5 100.00 (100.00)
22-Jan-26 22:52:16 - Epoch: [83][5999/9000]	Time  0.066 ( 0.068)	Data  0.001 ( 0.001)	Loss 0.0000e+00 (1.2253e-02)	Acc@1 100.00 ( 99.78)	Acc@5 100.00 (100.00)
22-Jan-26 22:53:24 - Epoch: [83][6999/9000]	Time  0.066 ( 0.068)	Data  0.001 ( 0.001)	Loss 0.0000e+00 (1.1646e-02)	Acc@1 100.00 ( 99.77)	Acc@5 100.00 (100.00)
22-Jan-26 22:54:32 - Epoch: [83][7999/9000]	Time  0.066 ( 0.068)	Data  0.001 ( 0.001)	Loss 0.0000e+00 (1.0192e-02)	Acc@1 100.00 ( 99.80)	Acc@5 100.00 (100.00)
22-Jan-26 22:55:41 - Epoch: [83][8999/9000]	Time  0.059 ( 0.068)	Data  0.001 ( 0.001)	Loss 0.0000e+00 (9.8326e-03)	Acc@1 100.00 ( 99.80)	Acc@5 100.00 (100.00)
22-Jan-26 22:55:41 -  @Training * Acc@1 99.800 Acc@5 100.000 Loss 0.010
22-Jan-26 22:55:41 - One training epoch latency: 615.2s | Avg Power: 198.5W | Energy: 122093.6998J
22-Jan-26 22:55:50 -  @Testing * Acc@1 74.400 Acc@5 97.700 Loss 5.549
22-Jan-26 22:55:50 - Best acc at epoch 83: 75.60000610351562
22-Jan-26 22:55:50 - Last learning rate: [1.52587890625e-08]
22-Jan-26 22:55:50 - 	 Epoch 84...
22-Jan-26 22:56:59 - Epoch: [84][ 999/9000]	Time  0.066 ( 0.068)	Data  0.001 ( 0.001)	Loss 0.0000e+00 (9.7617e-03)	Acc@1 100.00 ( 99.70)	Acc@5 100.00 (100.00)
22-Jan-26 22:58:07 - Epoch: [84][1999/9000]	Time  0.068 ( 0.068)	Data  0.001 ( 0.001)	Loss 0.0000e+00 (4.9110e-03)	Acc@1 100.00 ( 99.85)	Acc@5 100.00 (100.00)
22-Jan-26 22:59:15 - Epoch: [84][2999/9000]	Time  0.065 ( 0.068)	Data  0.001 ( 0.001)	Loss 3.5763e-07 (1.5975e-02)	Acc@1 100.00 ( 99.73)	Acc@5 100.00 (100.00)
22-Jan-26 23:00:23 - Epoch: [84][3999/9000]	Time  0.066 ( 0.068)	Data  0.001 ( 0.001)	Loss 0.0000e+00 (2.0427e-02)	Acc@1 100.00 ( 99.68)	Acc@5 100.00 (100.00)
22-Jan-26 23:01:32 - Epoch: [84][4999/9000]	Time  0.092 ( 0.068)	Data  0.001 ( 0.001)	Loss 0.0000e+00 (1.7577e-02)	Acc@1 100.00 ( 99.70)	Acc@5 100.00 (100.00)
22-Jan-26 23:02:40 - Epoch: [84][5999/9000]	Time  0.066 ( 0.068)	Data  0.001 ( 0.001)	Loss 0.0000e+00 (1.4769e-02)	Acc@1 100.00 ( 99.75)	Acc@5 100.00 (100.00)
22-Jan-26 23:03:48 - Epoch: [84][6999/9000]	Time  0.066 ( 0.068)	Data  0.001 ( 0.001)	Loss 0.0000e+00 (1.2764e-02)	Acc@1 100.00 ( 99.79)	Acc@5 100.00 (100.00)
22-Jan-26 23:04:56 - Epoch: [84][7999/9000]	Time  0.067 ( 0.068)	Data  0.001 ( 0.001)	Loss 0.0000e+00 (1.2689e-02)	Acc@1 100.00 ( 99.79)	Acc@5 100.00 (100.00)
22-Jan-26 23:06:04 - Epoch: [84][8999/9000]	Time  0.058 ( 0.068)	Data  0.001 ( 0.001)	Loss 0.0000e+00 (1.3179e-02)	Acc@1 100.00 ( 99.78)	Acc@5 100.00 (100.00)
22-Jan-26 23:06:04 -  @Training * Acc@1 99.778 Acc@5 100.000 Loss 0.013
22-Jan-26 23:06:04 - One training epoch latency: 613.7s | Avg Power: 198.7W | Energy: 121949.1040J
22-Jan-26 23:06:13 -  @Testing * Acc@1 73.500 Acc@5 98.100 Loss 5.593
22-Jan-26 23:06:13 - Best acc at epoch 84: 75.60000610351562
22-Jan-26 23:06:13 - Last learning rate: [1.52587890625e-08]
22-Jan-26 23:06:13 - 	 Epoch 85...
22-Jan-26 23:07:22 - Epoch: [85][ 999/9000]	Time  0.066 ( 0.069)	Data  0.001 ( 0.001)	Loss 0.0000e+00 (3.4838e-04)	Acc@1 100.00 (100.00)	Acc@5 100.00 (100.00)
22-Jan-26 23:08:30 - Epoch: [85][1999/9000]	Time  0.089 ( 0.068)	Data  0.001 ( 0.001)	Loss 0.0000e+00 (2.2898e-03)	Acc@1 100.00 ( 99.90)	Acc@5 100.00 (100.00)
22-Jan-26 23:09:39 - Epoch: [85][2999/9000]	Time  0.070 ( 0.068)	Data  0.001 ( 0.001)	Loss 0.0000e+00 (8.4716e-03)	Acc@1 100.00 ( 99.77)	Acc@5 100.00 (100.00)
22-Jan-26 23:10:47 - Epoch: [85][3999/9000]	Time  0.066 ( 0.068)	Data  0.001 ( 0.001)	Loss 0.0000e+00 (6.3658e-03)	Acc@1 100.00 ( 99.83)	Acc@5 100.00 (100.00)
22-Jan-26 23:11:55 - Epoch: [85][4999/9000]	Time  0.067 ( 0.068)	Data  0.002 ( 0.001)	Loss 0.0000e+00 (5.1270e-03)	Acc@1 100.00 ( 99.86)	Acc@5 100.00 (100.00)
22-Jan-26 23:13:04 - Epoch: [85][5999/9000]	Time  0.068 ( 0.068)	Data  0.001 ( 0.001)	Loss 0.0000e+00 (1.1560e-02)	Acc@1 100.00 ( 99.78)	Acc@5 100.00 (100.00)
22-Jan-26 23:14:12 - Epoch: [85][6999/9000]	Time  0.067 ( 0.068)	Data  0.001 ( 0.001)	Loss 0.0000e+00 (1.4392e-02)	Acc@1 100.00 ( 99.77)	Acc@5 100.00 (100.00)
22-Jan-26 23:15:20 - Epoch: [85][7999/9000]	Time  0.066 ( 0.068)	Data  0.001 ( 0.001)	Loss 0.0000e+00 (1.4211e-02)	Acc@1 100.00 ( 99.78)	Acc@5 100.00 (100.00)
22-Jan-26 23:16:29 - Epoch: [85][8999/9000]	Time  0.061 ( 0.068)	Data  0.001 ( 0.001)	Loss 0.0000e+00 (1.3298e-02)	Acc@1 100.00 ( 99.79)	Acc@5 100.00 (100.00)
22-Jan-26 23:16:29 -  @Training * Acc@1 99.789 Acc@5 100.000 Loss 0.013
22-Jan-26 23:16:29 - One training epoch latency: 615.1s | Avg Power: 198.8W | Energy: 122277.9881J
22-Jan-26 23:16:38 -  @Testing * Acc@1 73.400 Acc@5 97.900 Loss 5.603
22-Jan-26 23:16:38 - Best acc at epoch 85: 75.60000610351562
22-Jan-26 23:16:38 - Last learning rate: [1.52587890625e-08]
22-Jan-26 23:16:38 - 	 Epoch 86...
22-Jan-26 23:17:47 - Epoch: [86][ 999/9000]	Time  0.066 ( 0.069)	Data  0.001 ( 0.001)	Loss 0.0000e+00 (2.8628e-03)	Acc@1 100.00 ( 99.90)	Acc@5 100.00 (100.00)
22-Jan-26 23:18:55 - Epoch: [86][1999/9000]	Time  0.068 ( 0.068)	Data  0.001 ( 0.001)	Loss 0.0000e+00 (1.6370e-02)	Acc@1 100.00 ( 99.80)	Acc@5 100.00 (100.00)
22-Jan-26 23:20:03 - Epoch: [86][2999/9000]	Time  0.066 ( 0.068)	Data  0.001 ( 0.001)	Loss 0.0000e+00 (1.7634e-02)	Acc@1 100.00 ( 99.70)	Acc@5 100.00 (100.00)
22-Jan-26 23:21:12 - Epoch: [86][3999/9000]	Time  0.068 ( 0.068)	Data  0.001 ( 0.001)	Loss 0.0000e+00 (1.9086e-02)	Acc@1 100.00 ( 99.63)	Acc@5 100.00 (100.00)
22-Jan-26 23:22:20 - Epoch: [86][4999/9000]	Time  0.068 ( 0.068)	Data  0.001 ( 0.001)	Loss 0.0000e+00 (1.7561e-02)	Acc@1 100.00 ( 99.66)	Acc@5 100.00 (100.00)
22-Jan-26 23:23:28 - Epoch: [86][5999/9000]	Time  0.065 ( 0.068)	Data  0.001 ( 0.001)	Loss 0.0000e+00 (1.8571e-02)	Acc@1 100.00 ( 99.65)	Acc@5 100.00 (100.00)
22-Jan-26 23:24:37 - Epoch: [86][6999/9000]	Time  0.068 ( 0.068)	Data  0.001 ( 0.001)	Loss 0.0000e+00 (1.6208e-02)	Acc@1 100.00 ( 99.69)	Acc@5 100.00 (100.00)
22-Jan-26 23:25:45 - Epoch: [86][7999/9000]	Time  0.069 ( 0.068)	Data  0.001 ( 0.001)	Loss 0.0000e+00 (1.5794e-02)	Acc@1 100.00 ( 99.68)	Acc@5 100.00 (100.00)
22-Jan-26 23:26:53 - Epoch: [86][8999/9000]	Time  0.059 ( 0.068)	Data  0.001 ( 0.001)	Loss 0.0000e+00 (1.4319e-02)	Acc@1 100.00 ( 99.70)	Acc@5 100.00 (100.00)
22-Jan-26 23:26:53 -  @Training * Acc@1 99.700 Acc@5 100.000 Loss 0.014
22-Jan-26 23:26:54 - One training epoch latency: 615.3s | Avg Power: 198.6W | Energy: 122176.3547J
22-Jan-26 23:27:03 -  @Testing * Acc@1 73.400 Acc@5 98.000 Loss 5.702
22-Jan-26 23:27:03 - Best acc at epoch 86: 75.60000610351562
22-Jan-26 23:27:03 - Last learning rate: [1.52587890625e-08]
22-Jan-26 23:27:03 - 	 Epoch 87...
22-Jan-26 23:28:12 - Epoch: [87][ 999/9000]	Time  0.066 ( 0.069)	Data  0.001 ( 0.001)	Loss 0.0000e+00 (1.2998e-02)	Acc@1 100.00 ( 99.70)	Acc@5 100.00 (100.00)
22-Jan-26 23:29:20 - Epoch: [87][1999/9000]	Time  0.067 ( 0.069)	Data  0.001 ( 0.001)	Loss 0.0000e+00 (1.7359e-02)	Acc@1 100.00 ( 99.75)	Acc@5 100.00 (100.00)
22-Jan-26 23:30:29 - Epoch: [87][2999/9000]	Time  0.066 ( 0.069)	Data  0.001 ( 0.001)	Loss 0.0000e+00 (1.2416e-02)	Acc@1 100.00 ( 99.80)	Acc@5 100.00 (100.00)
22-Jan-26 23:31:37 - Epoch: [87][3999/9000]	Time  0.067 ( 0.069)	Data  0.001 ( 0.001)	Loss 0.0000e+00 (9.4646e-03)	Acc@1 100.00 ( 99.85)	Acc@5 100.00 (100.00)
22-Jan-26 23:32:46 - Epoch: [87][4999/9000]	Time  0.067 ( 0.069)	Data  0.001 ( 0.001)	Loss 0.0000e+00 (1.1874e-02)	Acc@1 100.00 ( 99.84)	Acc@5 100.00 (100.00)
22-Jan-26 23:33:54 - Epoch: [87][5999/9000]	Time  0.090 ( 0.069)	Data  0.001 ( 0.001)	Loss 0.0000e+00 (9.9461e-03)	Acc@1 100.00 ( 99.87)	Acc@5 100.00 (100.00)
22-Jan-26 23:35:03 - Epoch: [87][6999/9000]	Time  0.067 ( 0.069)	Data  0.001 ( 0.001)	Loss 0.0000e+00 (9.4888e-03)	Acc@1 100.00 ( 99.87)	Acc@5 100.00 (100.00)
22-Jan-26 23:36:12 - Epoch: [87][7999/9000]	Time  0.066 ( 0.069)	Data  0.001 ( 0.001)	Loss 0.0000e+00 (1.0826e-02)	Acc@1 100.00 ( 99.84)	Acc@5 100.00 (100.00)
22-Jan-26 23:37:20 - Epoch: [87][8999/9000]	Time  0.058 ( 0.069)	Data  0.001 ( 0.001)	Loss 0.0000e+00 (1.1122e-02)	Acc@1 100.00 ( 99.84)	Acc@5 100.00 (100.00)
22-Jan-26 23:37:20 -  @Training * Acc@1 99.844 Acc@5 100.000 Loss 0.011
22-Jan-26 23:37:20 - One training epoch latency: 617.2s | Avg Power: 198.0W | Energy: 122225.5533J
22-Jan-26 23:37:30 -  @Testing * Acc@1 73.900 Acc@5 98.200 Loss 5.590
22-Jan-26 23:37:30 - Best acc at epoch 87: 75.60000610351562
22-Jan-26 23:37:30 - Last learning rate: [1.52587890625e-08]
22-Jan-26 23:37:30 - 	 Epoch 88...
22-Jan-26 23:38:38 - Epoch: [88][ 999/9000]	Time  0.089 ( 0.069)	Data  0.001 ( 0.001)	Loss 0.0000e+00 (3.2873e-02)	Acc@1 100.00 ( 99.60)	Acc@5 100.00 (100.00)
22-Jan-26 23:39:47 - Epoch: [88][1999/9000]	Time  0.068 ( 0.069)	Data  0.001 ( 0.001)	Loss 0.0000e+00 (1.9308e-02)	Acc@1 100.00 ( 99.75)	Acc@5 100.00 (100.00)
22-Jan-26 23:40:56 - Epoch: [88][2999/9000]	Time  0.068 ( 0.069)	Data  0.001 ( 0.001)	Loss 0.0000e+00 (1.3071e-02)	Acc@1 100.00 ( 99.83)	Acc@5 100.00 (100.00)
22-Jan-26 23:42:04 - Epoch: [88][3999/9000]	Time  0.066 ( 0.069)	Data  0.001 ( 0.001)	Loss 0.0000e+00 (1.0515e-02)	Acc@1 100.00 ( 99.83)	Acc@5 100.00 (100.00)
22-Jan-26 23:43:13 - Epoch: [88][4999/9000]	Time  0.067 ( 0.069)	Data  0.001 ( 0.001)	Loss 0.0000e+00 (9.1265e-03)	Acc@1 100.00 ( 99.84)	Acc@5 100.00 (100.00)
22-Jan-26 23:44:21 - Epoch: [88][5999/9000]	Time  0.066 ( 0.069)	Data  0.001 ( 0.001)	Loss 0.0000e+00 (1.0733e-02)	Acc@1 100.00 ( 99.83)	Acc@5 100.00 (100.00)
22-Jan-26 23:45:30 - Epoch: [88][6999/9000]	Time  0.067 ( 0.069)	Data  0.001 ( 0.001)	Loss 0.0000e+00 (1.0577e-02)	Acc@1 100.00 ( 99.81)	Acc@5 100.00 (100.00)
22-Jan-26 23:46:38 - Epoch: [88][7999/9000]	Time  0.066 ( 0.069)	Data  0.001 ( 0.001)	Loss 0.0000e+00 (9.5613e-03)	Acc@1 100.00 ( 99.83)	Acc@5 100.00 (100.00)
22-Jan-26 23:47:47 - Epoch: [88][8999/9000]	Time  0.059 ( 0.069)	Data  0.002 ( 0.001)	Loss 0.0000e+00 (1.1946e-02)	Acc@1 100.00 ( 99.78)	Acc@5 100.00 (100.00)
22-Jan-26 23:47:47 -  @Training * Acc@1 99.778 Acc@5 100.000 Loss 0.012
22-Jan-26 23:47:47 - One training epoch latency: 617.0s | Avg Power: 195.6W | Energy: 120686.6902J
22-Jan-26 23:47:56 -  @Testing * Acc@1 74.100 Acc@5 97.900 Loss 5.615
22-Jan-26 23:47:56 - Best acc at epoch 88: 75.60000610351562
22-Jan-26 23:47:56 - Last learning rate: [1.52587890625e-08]
22-Jan-26 23:47:56 - 	 Epoch 89...
22-Jan-26 23:49:05 - Epoch: [89][ 999/9000]	Time  0.066 ( 0.069)	Data  0.001 ( 0.001)	Loss 0.0000e+00 (1.0533e-02)	Acc@1 100.00 ( 99.70)	Acc@5 100.00 (100.00)
22-Jan-26 23:50:13 - Epoch: [89][1999/9000]	Time  0.066 ( 0.069)	Data  0.001 ( 0.001)	Loss 0.0000e+00 (5.3986e-03)	Acc@1 100.00 ( 99.85)	Acc@5 100.00 (100.00)
22-Jan-26 23:51:22 - Epoch: [89][2999/9000]	Time  0.068 ( 0.068)	Data  0.001 ( 0.001)	Loss 0.0000e+00 (4.7241e-03)	Acc@1 100.00 ( 99.83)	Acc@5 100.00 (100.00)
22-Jan-26 23:52:30 - Epoch: [89][3999/9000]	Time  0.068 ( 0.068)	Data  0.001 ( 0.001)	Loss 0.0000e+00 (7.6327e-03)	Acc@1 100.00 ( 99.83)	Acc@5 100.00 (100.00)
22-Jan-26 23:53:39 - Epoch: [89][4999/9000]	Time  0.076 ( 0.068)	Data  0.001 ( 0.001)	Loss 0.0000e+00 (7.2230e-03)	Acc@1 100.00 ( 99.80)	Acc@5 100.00 (100.00)
22-Jan-26 23:54:47 - Epoch: [89][5999/9000]	Time  0.066 ( 0.068)	Data  0.001 ( 0.001)	Loss 0.0000e+00 (9.9593e-03)	Acc@1 100.00 ( 99.77)	Acc@5 100.00 (100.00)
22-Jan-26 23:55:55 - Epoch: [89][6999/9000]	Time  0.066 ( 0.068)	Data  0.001 ( 0.001)	Loss 0.0000e+00 (1.2337e-02)	Acc@1 100.00 ( 99.74)	Acc@5 100.00 (100.00)
22-Jan-26 23:57:04 - Epoch: [89][7999/9000]	Time  0.066 ( 0.068)	Data  0.001 ( 0.001)	Loss 0.0000e+00 (1.2192e-02)	Acc@1 100.00 ( 99.75)	Acc@5 100.00 (100.00)
22-Jan-26 23:58:12 - Epoch: [89][8999/9000]	Time  0.057 ( 0.068)	Data  0.001 ( 0.001)	Loss 0.0000e+00 (1.1917e-02)	Acc@1 100.00 ( 99.74)	Acc@5 100.00 (100.00)
22-Jan-26 23:58:12 -  @Training * Acc@1 99.744 Acc@5 100.000 Loss 0.012
22-Jan-26 23:58:12 - One training epoch latency: 616.1s | Avg Power: 195.8W | Energy: 120657.8702J
22-Jan-26 23:58:22 -  @Testing * Acc@1 74.400 Acc@5 98.200 Loss 5.487
22-Jan-26 23:58:22 - Best acc at epoch 89: 75.60000610351562
22-Jan-26 23:58:22 - Last learning rate: [1.52587890625e-08]
22-Jan-26 23:58:22 - 	 Epoch 90...
22-Jan-26 23:59:31 - Epoch: [90][ 999/9000]	Time  0.069 ( 0.069)	Data  0.001 ( 0.001)	Loss 0.0000e+00 (7.8189e-03)	Acc@1 100.00 ( 99.90)	Acc@5 100.00 (100.00)
23-Jan-26 00:00:39 - Epoch: [90][1999/9000]	Time  0.094 ( 0.069)	Data  0.001 ( 0.001)	Loss 0.0000e+00 (5.3979e-03)	Acc@1 100.00 ( 99.90)	Acc@5 100.00 (100.00)
23-Jan-26 00:01:48 - Epoch: [90][2999/9000]	Time  0.066 ( 0.069)	Data  0.001 ( 0.001)	Loss 0.0000e+00 (6.2115e-03)	Acc@1 100.00 ( 99.90)	Acc@5 100.00 (100.00)
23-Jan-26 00:03:02 - Epoch: [90][3999/9000]	Time  0.091 ( 0.070)	Data  0.001 ( 0.003)	Loss 0.0000e+00 (1.2429e-02)	Acc@1 100.00 ( 99.83)	Acc@5 100.00 (100.00)
23-Jan-26 00:04:11 - Epoch: [90][4999/9000]	Time  0.067 ( 0.070)	Data  0.001 ( 0.002)	Loss 2.9802e-06 (1.2753e-02)	Acc@1 100.00 ( 99.76)	Acc@5 100.00 (100.00)
23-Jan-26 00:05:20 - Epoch: [90][5999/9000]	Time  0.067 ( 0.070)	Data  0.001 ( 0.002)	Loss 0.0000e+00 (1.1550e-02)	Acc@1 100.00 ( 99.77)	Acc@5 100.00 (100.00)
23-Jan-26 00:06:29 - Epoch: [90][6999/9000]	Time  0.067 ( 0.070)	Data  0.001 ( 0.002)	Loss 0.0000e+00 (1.1965e-02)	Acc@1 100.00 ( 99.77)	Acc@5 100.00 (100.00)
23-Jan-26 00:07:37 - Epoch: [90][7999/9000]	Time  0.066 ( 0.069)	Data  0.001 ( 0.002)	Loss 0.0000e+00 (1.0972e-02)	Acc@1 100.00 ( 99.79)	Acc@5 100.00 (100.00)
23-Jan-26 00:08:46 - Epoch: [90][8999/9000]	Time  0.060 ( 0.069)	Data  0.001 ( 0.002)	Loss 0.0000e+00 (9.8657e-03)	Acc@1 100.00 ( 99.81)	Acc@5 100.00 (100.00)
23-Jan-26 00:08:46 -  @Training * Acc@1 99.811 Acc@5 100.000 Loss 0.010
23-Jan-26 00:08:46 - One training epoch latency: 624.2s | Avg Power: 196.6W | Energy: 122727.4719J
23-Jan-26 00:08:56 -  @Testing * Acc@1 74.000 Acc@5 98.000 Loss 5.607
23-Jan-26 00:08:56 - Best acc at epoch 90: 75.60000610351562
23-Jan-26 00:08:56 - Last learning rate: [1.52587890625e-08]
23-Jan-26 00:08:56 - 	 Epoch 91...
23-Jan-26 00:10:04 - Epoch: [91][ 999/9000]	Time  0.067 ( 0.069)	Data  0.001 ( 0.001)	Loss 0.0000e+00 (3.8833e-02)	Acc@1 100.00 ( 99.50)	Acc@5 100.00 (100.00)
23-Jan-26 00:11:13 - Epoch: [91][1999/9000]	Time  0.068 ( 0.069)	Data  0.001 ( 0.001)	Loss 0.0000e+00 (3.0158e-02)	Acc@1 100.00 ( 99.60)	Acc@5 100.00 (100.00)
23-Jan-26 00:12:21 - Epoch: [91][2999/9000]	Time  0.067 ( 0.069)	Data  0.001 ( 0.001)	Loss 0.0000e+00 (2.6625e-02)	Acc@1 100.00 ( 99.60)	Acc@5 100.00 (100.00)
23-Jan-26 00:13:30 - Epoch: [91][3999/9000]	Time  0.067 ( 0.069)	Data  0.001 ( 0.001)	Loss 0.0000e+00 (2.1828e-02)	Acc@1 100.00 ( 99.65)	Acc@5 100.00 (100.00)
23-Jan-26 00:14:38 - Epoch: [91][4999/9000]	Time  0.067 ( 0.069)	Data  0.001 ( 0.001)	Loss 0.0000e+00 (1.8298e-02)	Acc@1 100.00 ( 99.70)	Acc@5 100.00 (100.00)
23-Jan-26 00:15:47 - Epoch: [91][5999/9000]	Time  0.067 ( 0.069)	Data  0.001 ( 0.001)	Loss 0.0000e+00 (1.5268e-02)	Acc@1 100.00 ( 99.75)	Acc@5 100.00 (100.00)
23-Jan-26 00:16:55 - Epoch: [91][6999/9000]	Time  0.065 ( 0.069)	Data  0.001 ( 0.001)	Loss 0.0000e+00 (1.3755e-02)	Acc@1 100.00 ( 99.77)	Acc@5 100.00 (100.00)
23-Jan-26 00:18:04 - Epoch: [91][7999/9000]	Time  0.066 ( 0.069)	Data  0.001 ( 0.001)	Loss 4.9113e-05 (1.7012e-02)	Acc@1 100.00 ( 99.75)	Acc@5 100.00 (100.00)
23-Jan-26 00:19:12 - Epoch: [91][8999/9000]	Time  0.057 ( 0.068)	Data  0.001 ( 0.001)	Loss 0.0000e+00 (1.5386e-02)	Acc@1 100.00 ( 99.76)	Acc@5 100.00 (100.00)
23-Jan-26 00:19:12 -  @Training * Acc@1 99.756 Acc@5 100.000 Loss 0.015
23-Jan-26 00:19:12 - One training epoch latency: 616.6s | Avg Power: 198.3W | Energy: 122245.3892J
23-Jan-26 00:19:22 -  @Testing * Acc@1 73.800 Acc@5 98.000 Loss 5.580
23-Jan-26 00:19:22 - Best acc at epoch 91: 75.60000610351562
23-Jan-26 00:19:22 - Last learning rate: [1.52587890625e-08]
23-Jan-26 00:19:22 - 	 Epoch 92...
23-Jan-26 00:20:31 - Epoch: [92][ 999/9000]	Time  0.070 ( 0.069)	Data  0.002 ( 0.001)	Loss 0.0000e+00 (2.0744e-03)	Acc@1 100.00 ( 99.90)	Acc@5 100.00 (100.00)
23-Jan-26 00:21:39 - Epoch: [92][1999/9000]	Time  0.066 ( 0.069)	Data  0.001 ( 0.001)	Loss 0.0000e+00 (3.8113e-03)	Acc@1 100.00 ( 99.85)	Acc@5 100.00 (100.00)
23-Jan-26 00:22:48 - Epoch: [92][2999/9000]	Time  0.066 ( 0.069)	Data  0.001 ( 0.001)	Loss 0.0000e+00 (5.4100e-03)	Acc@1 100.00 ( 99.83)	Acc@5 100.00 (100.00)
23-Jan-26 00:23:56 - Epoch: [92][3999/9000]	Time  0.066 ( 0.069)	Data  0.001 ( 0.001)	Loss 0.0000e+00 (4.0931e-03)	Acc@1 100.00 ( 99.88)	Acc@5 100.00 (100.00)
23-Jan-26 00:25:05 - Epoch: [92][4999/9000]	Time  0.066 ( 0.069)	Data  0.001 ( 0.001)	Loss 0.0000e+00 (1.1710e-02)	Acc@1 100.00 ( 99.82)	Acc@5 100.00 (100.00)
23-Jan-26 00:26:14 - Epoch: [92][5999/9000]	Time  0.067 ( 0.069)	Data  0.001 ( 0.001)	Loss 0.0000e+00 (1.4424e-02)	Acc@1 100.00 ( 99.80)	Acc@5 100.00 (100.00)
23-Jan-26 00:27:22 - Epoch: [92][6999/9000]	Time  0.066 ( 0.069)	Data  0.001 ( 0.001)	Loss 0.0000e+00 (1.6129e-02)	Acc@1 100.00 ( 99.73)	Acc@5 100.00 (100.00)
23-Jan-26 00:28:31 - Epoch: [92][7999/9000]	Time  0.067 ( 0.069)	Data  0.001 ( 0.001)	Loss 0.0000e+00 (1.5228e-02)	Acc@1 100.00 ( 99.74)	Acc@5 100.00 (100.00)
23-Jan-26 00:29:39 - Epoch: [92][8999/9000]	Time  0.058 ( 0.069)	Data  0.001 ( 0.001)	Loss 0.0000e+00 (1.5063e-02)	Acc@1 100.00 ( 99.72)	Acc@5 100.00 (100.00)
23-Jan-26 00:29:39 -  @Training * Acc@1 99.722 Acc@5 100.000 Loss 0.015
23-Jan-26 00:29:39 - One training epoch latency: 617.5s | Avg Power: 198.2W | Energy: 122372.0863J
23-Jan-26 00:29:49 -  @Testing * Acc@1 73.900 Acc@5 97.800 Loss 5.668
23-Jan-26 00:29:49 - Best acc at epoch 92: 75.60000610351562
23-Jan-26 00:29:49 - Last learning rate: [1.52587890625e-08]
23-Jan-26 00:29:49 - 	 Epoch 93...
23-Jan-26 00:30:58 - Epoch: [93][ 999/9000]	Time  0.069 ( 0.069)	Data  0.001 ( 0.001)	Loss 0.0000e+00 (9.9611e-04)	Acc@1 100.00 (100.00)	Acc@5 100.00 (100.00)
23-Jan-26 00:32:06 - Epoch: [93][1999/9000]	Time  0.068 ( 0.069)	Data  0.001 ( 0.001)	Loss 0.0000e+00 (1.2813e-02)	Acc@1 100.00 ( 99.80)	Acc@5 100.00 (100.00)
23-Jan-26 00:33:15 - Epoch: [93][2999/9000]	Time  0.066 ( 0.069)	Data  0.002 ( 0.001)	Loss 0.0000e+00 (1.4743e-02)	Acc@1 100.00 ( 99.77)	Acc@5 100.00 (100.00)
23-Jan-26 00:34:23 - Epoch: [93][3999/9000]	Time  0.066 ( 0.069)	Data  0.001 ( 0.001)	Loss 0.0000e+00 (1.5318e-02)	Acc@1 100.00 ( 99.70)	Acc@5 100.00 (100.00)
23-Jan-26 00:35:32 - Epoch: [93][4999/9000]	Time  0.067 ( 0.069)	Data  0.001 ( 0.001)	Loss 0.0000e+00 (1.7379e-02)	Acc@1 100.00 ( 99.68)	Acc@5 100.00 (100.00)
23-Jan-26 00:36:41 - Epoch: [93][5999/9000]	Time  0.090 ( 0.069)	Data  0.001 ( 0.001)	Loss 0.0000e+00 (1.8716e-02)	Acc@1 100.00 ( 99.68)	Acc@5 100.00 (100.00)
23-Jan-26 00:37:49 - Epoch: [93][6999/9000]	Time  0.068 ( 0.069)	Data  0.001 ( 0.001)	Loss 0.0000e+00 (1.8948e-02)	Acc@1 100.00 ( 99.69)	Acc@5 100.00 (100.00)
23-Jan-26 00:38:58 - Epoch: [93][7999/9000]	Time  0.067 ( 0.069)	Data  0.001 ( 0.001)	Loss 0.0000e+00 (1.7663e-02)	Acc@1 100.00 ( 99.70)	Acc@5 100.00 (100.00)
23-Jan-26 00:40:06 - Epoch: [93][8999/9000]	Time  0.057 ( 0.069)	Data  0.001 ( 0.001)	Loss 0.0000e+00 (1.6444e-02)	Acc@1 100.00 ( 99.72)	Acc@5 100.00 (100.00)
23-Jan-26 00:40:06 -  @Training * Acc@1 99.722 Acc@5 100.000 Loss 0.016
23-Jan-26 00:40:06 - One training epoch latency: 617.4s | Avg Power: 197.9W | Energy: 122154.8563J
23-Jan-26 00:40:16 -  @Testing * Acc@1 74.100 Acc@5 97.800 Loss 5.661
23-Jan-26 00:40:16 - Best acc at epoch 93: 75.60000610351562
23-Jan-26 00:40:16 - Last learning rate: [1.52587890625e-08]
23-Jan-26 00:40:16 - 	 Epoch 94...
23-Jan-26 00:41:24 - Epoch: [94][ 999/9000]	Time  0.088 ( 0.069)	Data  0.001 ( 0.001)	Loss 0.0000e+00 (1.6283e-03)	Acc@1 100.00 ( 99.90)	Acc@5 100.00 (100.00)
23-Jan-26 00:42:33 - Epoch: [94][1999/9000]	Time  0.069 ( 0.069)	Data  0.001 ( 0.001)	Loss 0.0000e+00 (1.3779e-02)	Acc@1 100.00 ( 99.60)	Acc@5 100.00 (100.00)
23-Jan-26 00:43:42 - Epoch: [94][2999/9000]	Time  0.067 ( 0.069)	Data  0.001 ( 0.001)	Loss 0.0000e+00 (1.0046e-02)	Acc@1 100.00 ( 99.67)	Acc@5 100.00 (100.00)
23-Jan-26 00:44:50 - Epoch: [94][3999/9000]	Time  0.068 ( 0.069)	Data  0.001 ( 0.001)	Loss 0.0000e+00 (1.1552e-02)	Acc@1 100.00 ( 99.63)	Acc@5 100.00 (100.00)
23-Jan-26 00:45:59 - Epoch: [94][4999/9000]	Time  0.066 ( 0.069)	Data  0.001 ( 0.001)	Loss 0.0000e+00 (1.1433e-02)	Acc@1 100.00 ( 99.60)	Acc@5 100.00 (100.00)
23-Jan-26 00:47:07 - Epoch: [94][5999/9000]	Time  0.067 ( 0.069)	Data  0.001 ( 0.001)	Loss 0.0000e+00 (1.3619e-02)	Acc@1 100.00 ( 99.62)	Acc@5 100.00 (100.00)
23-Jan-26 00:48:16 - Epoch: [94][6999/9000]	Time  0.066 ( 0.069)	Data  0.001 ( 0.001)	Loss 3.5763e-07 (1.1857e-02)	Acc@1 100.00 ( 99.66)	Acc@5 100.00 (100.00)
23-Jan-26 00:49:25 - Epoch: [94][7999/9000]	Time  0.068 ( 0.069)	Data  0.001 ( 0.001)	Loss 0.0000e+00 (1.1318e-02)	Acc@1 100.00 ( 99.69)	Acc@5 100.00 (100.00)
23-Jan-26 00:50:33 - Epoch: [94][8999/9000]	Time  0.057 ( 0.069)	Data  0.001 ( 0.001)	Loss 3.9339e-06 (1.3378e-02)	Acc@1 100.00 ( 99.67)	Acc@5 100.00 (100.00)
23-Jan-26 00:50:33 -  @Training * Acc@1 99.667 Acc@5 100.000 Loss 0.013
23-Jan-26 00:50:33 - One training epoch latency: 617.5s | Avg Power: 197.7W | Energy: 122107.4827J
23-Jan-26 00:50:43 -  @Testing * Acc@1 73.700 Acc@5 97.800 Loss 5.610
23-Jan-26 00:50:43 - Best acc at epoch 94: 75.60000610351562
23-Jan-26 00:50:43 - Last learning rate: [1.52587890625e-08]
23-Jan-26 00:50:43 - 	 Epoch 95...
23-Jan-26 00:51:51 - Epoch: [95][ 999/9000]	Time  0.089 ( 0.069)	Data  0.001 ( 0.001)	Loss 0.0000e+00 (1.2906e-02)	Acc@1 100.00 ( 99.80)	Acc@5 100.00 (100.00)
23-Jan-26 00:53:00 - Epoch: [95][1999/9000]	Time  0.067 ( 0.069)	Data  0.001 ( 0.001)	Loss 0.0000e+00 (1.5254e-02)	Acc@1 100.00 ( 99.70)	Acc@5 100.00 (100.00)
23-Jan-26 00:54:09 - Epoch: [95][2999/9000]	Time  0.078 ( 0.069)	Data  0.004 ( 0.001)	Loss 0.0000e+00 (1.0818e-02)	Acc@1 100.00 ( 99.77)	Acc@5 100.00 (100.00)
23-Jan-26 00:55:17 - Epoch: [95][3999/9000]	Time  0.067 ( 0.069)	Data  0.001 ( 0.001)	Loss 0.0000e+00 (1.1690e-02)	Acc@1 100.00 ( 99.73)	Acc@5 100.00 (100.00)
23-Jan-26 00:56:26 - Epoch: [95][4999/9000]	Time  0.092 ( 0.069)	Data  0.001 ( 0.001)	Loss 0.0000e+00 (1.2087e-02)	Acc@1 100.00 ( 99.74)	Acc@5 100.00 (100.00)
23-Jan-26 00:57:34 - Epoch: [95][5999/9000]	Time  0.068 ( 0.069)	Data  0.001 ( 0.001)	Loss 0.0000e+00 (1.0405e-02)	Acc@1 100.00 ( 99.77)	Acc@5 100.00 (100.00)
23-Jan-26 00:58:43 - Epoch: [95][6999/9000]	Time  0.068 ( 0.069)	Data  0.002 ( 0.001)	Loss 0.0000e+00 (1.0878e-02)	Acc@1 100.00 ( 99.76)	Acc@5 100.00 (100.00)
23-Jan-26 00:59:51 - Epoch: [95][7999/9000]	Time  0.069 ( 0.069)	Data  0.001 ( 0.001)	Loss 0.0000e+00 (1.0936e-02)	Acc@1 100.00 ( 99.76)	Acc@5 100.00 (100.00)
23-Jan-26 01:00:59 - Epoch: [95][8999/9000]	Time  0.079 ( 0.069)	Data  0.001 ( 0.001)	Loss 2.3842e-07 (9.9378e-03)	Acc@1 100.00 ( 99.78)	Acc@5 100.00 (100.00)
23-Jan-26 01:01:00 -  @Training * Acc@1 99.778 Acc@5 100.000 Loss 0.010
23-Jan-26 01:01:00 - One training epoch latency: 616.9s | Avg Power: 198.0W | Energy: 122122.3095J
23-Jan-26 01:01:09 -  @Testing * Acc@1 73.000 Acc@5 98.200 Loss 5.619
23-Jan-26 01:01:09 - Best acc at epoch 95: 75.60000610351562
23-Jan-26 01:01:09 - Last learning rate: [1.52587890625e-08]
23-Jan-26 01:01:09 - 	 Epoch 96...
23-Jan-26 01:02:18 - Epoch: [96][ 999/9000]	Time  0.067 ( 0.069)	Data  0.001 ( 0.001)	Loss 0.0000e+00 (7.0514e-03)	Acc@1 100.00 ( 99.80)	Acc@5 100.00 (100.00)
23-Jan-26 01:03:26 - Epoch: [96][1999/9000]	Time  0.066 ( 0.068)	Data  0.001 ( 0.001)	Loss 0.0000e+00 (1.4825e-02)	Acc@1 100.00 ( 99.75)	Acc@5 100.00 (100.00)
23-Jan-26 01:04:34 - Epoch: [96][2999/9000]	Time  0.066 ( 0.068)	Data  0.001 ( 0.001)	Loss 0.0000e+00 (1.2703e-02)	Acc@1 100.00 ( 99.73)	Acc@5 100.00 (100.00)
23-Jan-26 01:05:43 - Epoch: [96][3999/9000]	Time  0.066 ( 0.068)	Data  0.001 ( 0.001)	Loss 0.0000e+00 (1.1631e-02)	Acc@1 100.00 ( 99.73)	Acc@5 100.00 (100.00)
23-Jan-26 01:06:51 - Epoch: [96][4999/9000]	Time  0.067 ( 0.068)	Data  0.001 ( 0.001)	Loss 0.0000e+00 (1.3405e-02)	Acc@1 100.00 ( 99.74)	Acc@5 100.00 (100.00)
23-Jan-26 01:07:59 - Epoch: [96][5999/9000]	Time  0.066 ( 0.068)	Data  0.001 ( 0.001)	Loss 0.0000e+00 (1.1284e-02)	Acc@1 100.00 ( 99.78)	Acc@5 100.00 (100.00)
23-Jan-26 01:09:08 - Epoch: [96][6999/9000]	Time  0.067 ( 0.068)	Data  0.001 ( 0.001)	Loss 0.0000e+00 (1.0235e-02)	Acc@1 100.00 ( 99.80)	Acc@5 100.00 (100.00)
23-Jan-26 01:10:16 - Epoch: [96][7999/9000]	Time  0.066 ( 0.068)	Data  0.001 ( 0.001)	Loss 0.0000e+00 (9.0268e-03)	Acc@1 100.00 ( 99.83)	Acc@5 100.00 (100.00)
23-Jan-26 01:11:25 - Epoch: [96][8999/9000]	Time  0.083 ( 0.068)	Data  0.001 ( 0.001)	Loss 0.0000e+00 (1.0507e-02)	Acc@1 100.00 ( 99.80)	Acc@5 100.00 (100.00)
23-Jan-26 01:11:25 -  @Training * Acc@1 99.800 Acc@5 100.000 Loss 0.011
23-Jan-26 01:11:25 - One training epoch latency: 615.6s | Avg Power: 198.3W | Energy: 122096.5973J
23-Jan-26 01:11:34 -  @Testing * Acc@1 73.200 Acc@5 97.800 Loss 5.597
23-Jan-26 01:11:34 - Best acc at epoch 96: 75.60000610351562
23-Jan-26 01:11:34 - Last learning rate: [1.52587890625e-08]
23-Jan-26 01:11:34 - 	 Epoch 97...
23-Jan-26 01:12:43 - Epoch: [97][ 999/9000]	Time  0.067 ( 0.069)	Data  0.002 ( 0.001)	Loss 0.0000e+00 (3.7101e-04)	Acc@1 100.00 (100.00)	Acc@5 100.00 (100.00)
23-Jan-26 01:13:51 - Epoch: [97][1999/9000]	Time  0.066 ( 0.069)	Data  0.001 ( 0.001)	Loss 0.0000e+00 (1.1542e-02)	Acc@1 100.00 ( 99.85)	Acc@5 100.00 (100.00)
23-Jan-26 01:15:00 - Epoch: [97][2999/9000]	Time  0.066 ( 0.069)	Data  0.001 ( 0.001)	Loss 0.0000e+00 (1.3740e-02)	Acc@1 100.00 ( 99.83)	Acc@5 100.00 (100.00)
23-Jan-26 01:16:08 - Epoch: [97][3999/9000]	Time  0.066 ( 0.069)	Data  0.001 ( 0.001)	Loss 0.0000e+00 (1.3707e-02)	Acc@1 100.00 ( 99.78)	Acc@5 100.00 (100.00)
23-Jan-26 01:17:17 - Epoch: [97][4999/9000]	Time  0.066 ( 0.069)	Data  0.001 ( 0.001)	Loss 0.0000e+00 (1.1170e-02)	Acc@1 100.00 ( 99.82)	Acc@5 100.00 (100.00)
23-Jan-26 01:18:25 - Epoch: [97][5999/9000]	Time  0.067 ( 0.069)	Data  0.001 ( 0.001)	Loss 0.0000e+00 (9.6326e-03)	Acc@1 100.00 ( 99.83)	Acc@5 100.00 (100.00)
23-Jan-26 01:19:34 - Epoch: [97][6999/9000]	Time  0.066 ( 0.069)	Data  0.001 ( 0.001)	Loss 0.0000e+00 (1.2516e-02)	Acc@1 100.00 ( 99.80)	Acc@5 100.00 (100.00)
23-Jan-26 01:20:42 - Epoch: [97][7999/9000]	Time  0.068 ( 0.069)	Data  0.001 ( 0.001)	Loss 0.0000e+00 (1.1640e-02)	Acc@1 100.00 ( 99.80)	Acc@5 100.00 (100.00)
23-Jan-26 01:21:51 - Epoch: [97][8999/9000]	Time  0.058 ( 0.069)	Data  0.001 ( 0.001)	Loss 0.0000e+00 (1.0406e-02)	Acc@1 100.00 ( 99.82)	Acc@5 100.00 (100.00)
23-Jan-26 01:21:51 -  @Training * Acc@1 99.822 Acc@5 100.000 Loss 0.010
23-Jan-26 01:21:51 - One training epoch latency: 616.9s | Avg Power: 198.0W | Energy: 122114.0310J
23-Jan-26 01:22:00 -  @Testing * Acc@1 73.900 Acc@5 97.900 Loss 5.536
23-Jan-26 01:22:00 - Best acc at epoch 97: 75.60000610351562
23-Jan-26 01:22:00 - Last learning rate: [1.52587890625e-08]
23-Jan-26 01:22:00 - 	 Epoch 98...
23-Jan-26 01:23:09 - Epoch: [98][ 999/9000]	Time  0.068 ( 0.069)	Data  0.001 ( 0.001)	Loss 0.0000e+00 (8.2887e-03)	Acc@1 100.00 ( 99.80)	Acc@5 100.00 (100.00)
23-Jan-26 01:24:18 - Epoch: [98][1999/9000]	Time  0.066 ( 0.069)	Data  0.001 ( 0.001)	Loss 0.0000e+00 (1.5854e-02)	Acc@1 100.00 ( 99.70)	Acc@5 100.00 (100.00)
23-Jan-26 01:25:27 - Epoch: [98][2999/9000]	Time  0.067 ( 0.069)	Data  0.001 ( 0.001)	Loss 0.0000e+00 (2.0011e-02)	Acc@1 100.00 ( 99.67)	Acc@5 100.00 (100.00)
23-Jan-26 01:26:36 - Epoch: [98][3999/9000]	Time  0.069 ( 0.069)	Data  0.002 ( 0.001)	Loss 0.0000e+00 (2.0691e-02)	Acc@1 100.00 ( 99.60)	Acc@5 100.00 (100.00)
23-Jan-26 01:27:44 - Epoch: [98][4999/9000]	Time  0.066 ( 0.069)	Data  0.001 ( 0.001)	Loss 0.0000e+00 (1.9801e-02)	Acc@1 100.00 ( 99.64)	Acc@5 100.00 (100.00)
23-Jan-26 01:28:53 - Epoch: [98][5999/9000]	Time  0.066 ( 0.069)	Data  0.001 ( 0.001)	Loss 0.0000e+00 (1.6819e-02)	Acc@1 100.00 ( 99.68)	Acc@5 100.00 (100.00)
23-Jan-26 01:30:02 - Epoch: [98][6999/9000]	Time  0.066 ( 0.069)	Data  0.001 ( 0.001)	Loss 0.0000e+00 (1.6360e-02)	Acc@1 100.00 ( 99.70)	Acc@5 100.00 (100.00)
23-Jan-26 01:31:10 - Epoch: [98][7999/9000]	Time  0.092 ( 0.069)	Data  0.001 ( 0.001)	Loss 0.0000e+00 (1.6193e-02)	Acc@1 100.00 ( 99.69)	Acc@5 100.00 (100.00)
23-Jan-26 01:32:19 - Epoch: [98][8999/9000]	Time  0.057 ( 0.069)	Data  0.001 ( 0.001)	Loss 0.0000e+00 (1.5247e-02)	Acc@1 100.00 ( 99.71)	Acc@5 100.00 (100.00)
23-Jan-26 01:32:19 -  @Training * Acc@1 99.711 Acc@5 100.000 Loss 0.015
23-Jan-26 01:32:19 - One training epoch latency: 618.8s | Avg Power: 197.4W | Energy: 122157.6875J
23-Jan-26 01:32:29 -  @Testing * Acc@1 73.300 Acc@5 98.100 Loss 5.546
23-Jan-26 01:32:29 - Best acc at epoch 98: 75.60000610351562
23-Jan-26 01:32:29 - Last learning rate: [1.52587890625e-08]
23-Jan-26 01:32:29 - 	 Epoch 99...
23-Jan-26 01:33:38 - Epoch: [99][ 999/9000]	Time  0.067 ( 0.069)	Data  0.001 ( 0.001)	Loss 0.0000e+00 (1.3079e-02)	Acc@1 100.00 ( 99.80)	Acc@5 100.00 (100.00)
23-Jan-26 01:34:46 - Epoch: [99][1999/9000]	Time  0.066 ( 0.069)	Data  0.001 ( 0.001)	Loss 0.0000e+00 (7.4897e-03)	Acc@1 100.00 ( 99.85)	Acc@5 100.00 (100.00)
23-Jan-26 01:35:55 - Epoch: [99][2999/9000]	Time  0.068 ( 0.069)	Data  0.001 ( 0.001)	Loss 0.0000e+00 (8.3475e-03)	Acc@1 100.00 ( 99.80)	Acc@5 100.00 (100.00)
23-Jan-26 01:37:03 - Epoch: [99][3999/9000]	Time  0.092 ( 0.069)	Data  0.001 ( 0.001)	Loss 0.0000e+00 (7.4584e-03)	Acc@1 100.00 ( 99.78)	Acc@5 100.00 (100.00)
23-Jan-26 01:38:12 - Epoch: [99][4999/9000]	Time  0.067 ( 0.069)	Data  0.001 ( 0.001)	Loss 0.0000e+00 (9.0800e-03)	Acc@1 100.00 ( 99.76)	Acc@5 100.00 (100.00)
23-Jan-26 01:39:21 - Epoch: [99][5999/9000]	Time  0.066 ( 0.069)	Data  0.001 ( 0.001)	Loss 0.0000e+00 (7.5795e-03)	Acc@1 100.00 ( 99.80)	Acc@5 100.00 (100.00)
23-Jan-26 01:40:29 - Epoch: [99][6999/9000]	Time  0.067 ( 0.069)	Data  0.001 ( 0.001)	Loss 0.0000e+00 (8.7335e-03)	Acc@1 100.00 ( 99.80)	Acc@5 100.00 (100.00)
23-Jan-26 01:41:38 - Epoch: [99][7999/9000]	Time  0.067 ( 0.069)	Data  0.001 ( 0.001)	Loss 0.0000e+00 (1.0166e-02)	Acc@1 100.00 ( 99.78)	Acc@5 100.00 (100.00)
23-Jan-26 01:42:46 - Epoch: [99][8999/9000]	Time  0.058 ( 0.069)	Data  0.001 ( 0.001)	Loss 0.0000e+00 (9.8578e-03)	Acc@1 100.00 ( 99.76)	Acc@5 100.00 (100.00)
23-Jan-26 01:42:46 -  @Training * Acc@1 99.756 Acc@5 100.000 Loss 0.010
23-Jan-26 01:42:46 - One training epoch latency: 617.7s | Avg Power: 198.0W | Energy: 122308.8347J
23-Jan-26 01:42:56 -  @Testing * Acc@1 73.500 Acc@5 97.900 Loss 5.622
23-Jan-26 01:42:56 - Best acc at epoch 99: 75.60000610351562
23-Jan-26 01:42:56 - Last learning rate: [1.52587890625e-08]
23-Jan-26 01:42:56 - 	 Epoch 100...
23-Jan-26 01:44:05 - Epoch: [100][ 999/9000]	Time  0.068 ( 0.069)	Data  0.001 ( 0.001)	Loss 0.0000e+00 (6.0875e-03)	Acc@1 100.00 ( 99.80)	Acc@5 100.00 (100.00)
23-Jan-26 01:45:13 - Epoch: [100][1999/9000]	Time  0.066 ( 0.069)	Data  0.001 ( 0.001)	Loss 0.0000e+00 (3.7966e-03)	Acc@1 100.00 ( 99.85)	Acc@5 100.00 (100.00)
23-Jan-26 01:46:22 - Epoch: [100][2999/9000]	Time  0.068 ( 0.069)	Data  0.001 ( 0.001)	Loss 0.0000e+00 (2.9581e-03)	Acc@1 100.00 ( 99.87)	Acc@5 100.00 (100.00)
23-Jan-26 01:47:31 - Epoch: [100][3999/9000]	Time  0.092 ( 0.069)	Data  0.023 ( 0.001)	Loss 0.0000e+00 (3.5141e-03)	Acc@1 100.00 ( 99.85)	Acc@5 100.00 (100.00)
23-Jan-26 01:48:39 - Epoch: [100][4999/9000]	Time  0.066 ( 0.069)	Data  0.001 ( 0.001)	Loss 0.0000e+00 (2.9362e-03)	Acc@1 100.00 ( 99.88)	Acc@5 100.00 (100.00)
23-Jan-26 01:49:48 - Epoch: [100][5999/9000]	Time  0.067 ( 0.069)	Data  0.001 ( 0.001)	Loss 0.0000e+00 (2.5517e-03)	Acc@1 100.00 ( 99.90)	Acc@5 100.00 (100.00)
23-Jan-26 01:50:56 - Epoch: [100][6999/9000]	Time  0.066 ( 0.069)	Data  0.001 ( 0.001)	Loss 0.0000e+00 (5.5806e-03)	Acc@1 100.00 ( 99.87)	Acc@5 100.00 (100.00)
23-Jan-26 01:52:05 - Epoch: [100][7999/9000]	Time  0.067 ( 0.069)	Data  0.001 ( 0.001)	Loss 0.0000e+00 (5.7658e-03)	Acc@1 100.00 ( 99.88)	Acc@5 100.00 (100.00)
23-Jan-26 01:53:14 - Epoch: [100][8999/9000]	Time  0.082 ( 0.069)	Data  0.001 ( 0.001)	Loss 0.0000e+00 (5.2150e-03)	Acc@1 100.00 ( 99.89)	Acc@5 100.00 (100.00)
23-Jan-26 01:53:14 -  @Training * Acc@1 99.889 Acc@5 100.000 Loss 0.005
23-Jan-26 01:53:14 - One training epoch latency: 617.7s | Avg Power: 198.3W | Energy: 122510.9101J
23-Jan-26 01:53:23 -  @Testing * Acc@1 74.000 Acc@5 97.900 Loss 5.541
23-Jan-26 01:53:23 - Best acc at epoch 100: 75.60000610351562
23-Jan-26 01:53:23 - Last learning rate: [1.52587890625e-08]
15-Feb-26 17:05:58 - Namespace(arch='dvscifar10_tessvgg_model', cpu=False, dataset='CIFAR10DVS', save_path='./experiments/CIFAR10DVS_VGG_Lonic_wn_int4_ternary_int8', data_path='../SLTT-main/data', trials=1, epochs=100, optimizer='Adam', loss='CE', lr=1.5625e-05, lr_conv=1.5625e-05, batch_size=1, val_batch_size=64, label_encoding='class', activation='LinearSpike', seed=10, pretrained_model=None, training_mode='tess', delay_ls=10, scheduler=100, print_freq=1000, factors_stdp=[0.2, 0.5, 0.0, 1.0], pooling='MAX', weight_decay=0, lr_scheduler_type='ReduceLR', experiment_name='DVSCIFAR10', wn=True, avoid_wn=False, low_precision_training=True, forward_intx=4)
15-Feb-26 17:05:58 - => Everything will be saved to ./experiments/CIFAR10DVS_VGG_Lonic_wn_int4_ternary_int8
15-Feb-26 17:05:59 - CUDA GPU will be used for computations
15-Feb-26 17:05:59 - Training set length: 9000
15-Feb-26 17:05:59 - Test set length: 1000
15-Feb-26 17:05:59 - Activation used: None
15-Feb-26 17:05:59 - Total Parameters: 9222.3K
15-Feb-26 17:05:59 - === Model ===
15-Feb-26 17:05:59 - VGGConvModel(
  (conv_block1): LocalLearningSignalGenerationLayer(
    (block): ConvBlock(
      (pool): Identity()
      (conv): Conv2dSTDP(2, 64, kernel_size=(3, 3), stride=(1, 1), padding=(1, 1), bias=False, threshold=0.60, leak=0.50, reset=soft, grad_leak=False, grad_threshold=False, factors=tensor([0.2000, 0.5000, 0.0000, 1.0000], device='cuda:0'))
      (dropout): DropoutLIF(
        Dropout(p=0.0, inplace=False)
        (dropout): Dropout(p=0.0, inplace=False)
      )
    )
  )
  (conv_block2): LocalLearningSignalGenerationLayer(
    (block): ConvBlock(
      (pool): MaxPool2d(kernel_size=2, stride=2, padding=0, dilation=1, ceil_mode=False)
      (conv): Conv2dSTDP(64, 128, kernel_size=(3, 3), stride=(1, 1), padding=(1, 1), bias=False, threshold=0.60, leak=0.50, reset=soft, grad_leak=False, grad_threshold=False, factors=tensor([0.2000, 0.5000, 0.0000, 1.0000], device='cuda:0'))
      (dropout): DropoutLIF(
        Dropout(p=0.0, inplace=False)
        (dropout): Dropout(p=0.0, inplace=False)
      )
    )
  )
  (conv_block3): LocalLearningSignalGenerationLayer(
    (block): ConvBlock(
      (pool): Identity()
      (conv): Conv2dSTDP(128, 256, kernel_size=(3, 3), stride=(1, 1), padding=(1, 1), bias=False, threshold=0.60, leak=0.50, reset=soft, grad_leak=False, grad_threshold=False, factors=tensor([0.2000, 0.5000, 0.0000, 1.0000], device='cuda:0'))
      (dropout): DropoutLIF(
        Dropout(p=0.0, inplace=False)
        (dropout): Dropout(p=0.0, inplace=False)
      )
    )
  )
  (conv_block4): LocalLearningSignalGenerationLayer(
    (block): ConvBlock(
      (pool): MaxPool2d(kernel_size=2, stride=2, padding=0, dilation=1, ceil_mode=False)
      (conv): Conv2dSTDP(256, 256, kernel_size=(3, 3), stride=(1, 1), padding=(1, 1), bias=False, threshold=0.60, leak=0.50, reset=soft, grad_leak=False, grad_threshold=False, factors=tensor([0.2000, 0.5000, 0.0000, 1.0000], device='cuda:0'))
      (dropout): DropoutLIF(
        Dropout(p=0.0, inplace=False)
        (dropout): Dropout(p=0.0, inplace=False)
      )
    )
  )
  (conv_block5): LocalLearningSignalGenerationLayer(
    (block): ConvBlock(
      (pool): Identity()
      (conv): Conv2dSTDP(256, 512, kernel_size=(3, 3), stride=(1, 1), padding=(1, 1), bias=False, threshold=0.60, leak=0.50, reset=soft, grad_leak=False, grad_threshold=False, factors=tensor([0.2000, 0.5000, 0.0000, 1.0000], device='cuda:0'))
      (dropout): DropoutLIF(
        Dropout(p=0.0, inplace=False)
        (dropout): Dropout(p=0.0, inplace=False)
      )
    )
  )
  (conv_block6): LocalLearningSignalGenerationLayer(
    (block): ConvBlock(
      (pool): MaxPool2d(kernel_size=2, stride=2, padding=0, dilation=1, ceil_mode=False)
      (conv): Conv2dSTDP(512, 512, kernel_size=(3, 3), stride=(1, 1), padding=(1, 1), bias=False, threshold=0.60, leak=0.50, reset=soft, grad_leak=False, grad_threshold=False, factors=tensor([0.2000, 0.5000, 0.0000, 1.0000], device='cuda:0'))
      (dropout): DropoutLIF(
        Dropout(p=0.0, inplace=False)
        (dropout): Dropout(p=0.0, inplace=False)
      )
    )
  )
  (conv_block7): LocalLearningSignalGenerationLayer(
    (block): ConvBlock(
      (pool): Identity()
      (conv): Conv2dSTDP(512, 512, kernel_size=(3, 3), stride=(1, 1), padding=(1, 1), bias=False, threshold=0.60, leak=0.50, reset=soft, grad_leak=False, grad_threshold=False, factors=tensor([0.2000, 0.5000, 0.0000, 1.0000], device='cuda:0'))
      (dropout): DropoutLIF(
        Dropout(p=0.0, inplace=False)
        (dropout): Dropout(p=0.0, inplace=False)
      )
    )
  )
  (conv_block8): LocalLearningSignalGenerationLayer(
    (block): ConvBlock(
      (pool): AdaptiveAvgPool2d(output_size=1)
      (conv): Conv2dSTDP(512, 512, kernel_size=(3, 3), stride=(1, 1), padding=(1, 1), bias=False, threshold=0.60, leak=0.50, reset=soft, grad_leak=False, grad_threshold=False, factors=tensor([0.2000, 0.5000, 0.0000, 1.0000], device='cuda:0'))
      (dropout): DropoutLIF(
        Dropout(p=0.0, inplace=False)
        (dropout): Dropout(p=0.0, inplace=False)
      )
    )
  )
  (linear): Linear(in_features=512, out_features=10, bias=True)
)
15-Feb-26 17:06:00 - 
=== Starting model training with 100 epochs:

15-Feb-26 17:06:00 - 	 Epoch 1...
16-Feb-26 18:41:34 - Namespace(arch='dvscifar10_tessvgg_model', cpu=False, dataset='CIFAR10DVS', save_path='./experiments/CIFAR10DVS_VGG_Lonic_wn_int4_ternary_int8', data_path='../SLTT-main/data', trials=1, epochs=100, optimizer='Adam', loss='CE', lr=1.5625e-05, lr_conv=1.5625e-05, batch_size=1, val_batch_size=64, label_encoding='class', activation='LinearSpike', seed=10, pretrained_model=None, training_mode='tess', delay_ls=10, scheduler=100, print_freq=1000, factors_stdp=[0.2, 0.5, 0.0, 1.0], pooling='MAX', weight_decay=0, lr_scheduler_type='ReduceLR', experiment_name='DVSCIFAR10', wn=True, avoid_wn=False, low_precision_training=True, forward_intx=4)
16-Feb-26 18:41:34 - => Everything will be saved to ./experiments/CIFAR10DVS_VGG_Lonic_wn_int4_ternary_int8
16-Feb-26 18:41:38 - CUDA GPU will be used for computations
16-Feb-26 18:41:39 - Training set length: 9000
16-Feb-26 18:41:39 - Test set length: 1000
16-Feb-26 18:41:39 - Activation used: None
16-Feb-26 18:41:39 - Total Parameters: 9222.3K
16-Feb-26 18:41:39 - === Model ===
16-Feb-26 18:41:39 - VGGConvModel(
  (conv_block1): LocalLearningSignalGenerationLayer(
    (block): ConvBlock(
      (pool): Identity()
      (conv): Conv2dSTDP(2, 64, kernel_size=(3, 3), stride=(1, 1), padding=(1, 1), bias=False, threshold=0.60, leak=0.50, reset=soft, grad_leak=False, grad_threshold=False, factors=tensor([0.2000, 0.5000, 0.0000, 1.0000], device='cuda:0'))
      (dropout): DropoutLIF(
        Dropout(p=0.0, inplace=False)
        (dropout): Dropout(p=0.0, inplace=False)
      )
    )
  )
  (conv_block2): LocalLearningSignalGenerationLayer(
    (block): ConvBlock(
      (pool): MaxPool2d(kernel_size=2, stride=2, padding=0, dilation=1, ceil_mode=False)
      (conv): Conv2dSTDP(64, 128, kernel_size=(3, 3), stride=(1, 1), padding=(1, 1), bias=False, threshold=0.60, leak=0.50, reset=soft, grad_leak=False, grad_threshold=False, factors=tensor([0.2000, 0.5000, 0.0000, 1.0000], device='cuda:0'))
      (dropout): DropoutLIF(
        Dropout(p=0.0, inplace=False)
        (dropout): Dropout(p=0.0, inplace=False)
      )
    )
  )
  (conv_block3): LocalLearningSignalGenerationLayer(
    (block): ConvBlock(
      (pool): Identity()
      (conv): Conv2dSTDP(128, 256, kernel_size=(3, 3), stride=(1, 1), padding=(1, 1), bias=False, threshold=0.60, leak=0.50, reset=soft, grad_leak=False, grad_threshold=False, factors=tensor([0.2000, 0.5000, 0.0000, 1.0000], device='cuda:0'))
      (dropout): DropoutLIF(
        Dropout(p=0.0, inplace=False)
        (dropout): Dropout(p=0.0, inplace=False)
      )
    )
  )
  (conv_block4): LocalLearningSignalGenerationLayer(
    (block): ConvBlock(
      (pool): MaxPool2d(kernel_size=2, stride=2, padding=0, dilation=1, ceil_mode=False)
      (conv): Conv2dSTDP(256, 256, kernel_size=(3, 3), stride=(1, 1), padding=(1, 1), bias=False, threshold=0.60, leak=0.50, reset=soft, grad_leak=False, grad_threshold=False, factors=tensor([0.2000, 0.5000, 0.0000, 1.0000], device='cuda:0'))
      (dropout): DropoutLIF(
        Dropout(p=0.0, inplace=False)
        (dropout): Dropout(p=0.0, inplace=False)
      )
    )
  )
  (conv_block5): LocalLearningSignalGenerationLayer(
    (block): ConvBlock(
      (pool): Identity()
      (conv): Conv2dSTDP(256, 512, kernel_size=(3, 3), stride=(1, 1), padding=(1, 1), bias=False, threshold=0.60, leak=0.50, reset=soft, grad_leak=False, grad_threshold=False, factors=tensor([0.2000, 0.5000, 0.0000, 1.0000], device='cuda:0'))
      (dropout): DropoutLIF(
        Dropout(p=0.0, inplace=False)
        (dropout): Dropout(p=0.0, inplace=False)
      )
    )
  )
  (conv_block6): LocalLearningSignalGenerationLayer(
    (block): ConvBlock(
      (pool): MaxPool2d(kernel_size=2, stride=2, padding=0, dilation=1, ceil_mode=False)
      (conv): Conv2dSTDP(512, 512, kernel_size=(3, 3), stride=(1, 1), padding=(1, 1), bias=False, threshold=0.60, leak=0.50, reset=soft, grad_leak=False, grad_threshold=False, factors=tensor([0.2000, 0.5000, 0.0000, 1.0000], device='cuda:0'))
      (dropout): DropoutLIF(
        Dropout(p=0.0, inplace=False)
        (dropout): Dropout(p=0.0, inplace=False)
      )
    )
  )
  (conv_block7): LocalLearningSignalGenerationLayer(
    (block): ConvBlock(
      (pool): Identity()
      (conv): Conv2dSTDP(512, 512, kernel_size=(3, 3), stride=(1, 1), padding=(1, 1), bias=False, threshold=0.60, leak=0.50, reset=soft, grad_leak=False, grad_threshold=False, factors=tensor([0.2000, 0.5000, 0.0000, 1.0000], device='cuda:0'))
      (dropout): DropoutLIF(
        Dropout(p=0.0, inplace=False)
        (dropout): Dropout(p=0.0, inplace=False)
      )
    )
  )
  (conv_block8): LocalLearningSignalGenerationLayer(
    (block): ConvBlock(
      (pool): AdaptiveAvgPool2d(output_size=1)
      (conv): Conv2dSTDP(512, 512, kernel_size=(3, 3), stride=(1, 1), padding=(1, 1), bias=False, threshold=0.60, leak=0.50, reset=soft, grad_leak=False, grad_threshold=False, factors=tensor([0.2000, 0.5000, 0.0000, 1.0000], device='cuda:0'))
      (dropout): DropoutLIF(
        Dropout(p=0.0, inplace=False)
        (dropout): Dropout(p=0.0, inplace=False)
      )
    )
  )
  (linear): Linear(in_features=512, out_features=10, bias=True)
)
16-Feb-26 18:41:40 - 
=== Starting model training with 100 epochs:

16-Feb-26 18:41:40 - 	 Epoch 1...
16-Feb-26 18:54:25 - Epoch: [1][ 999/9000]	Time  0.749 ( 0.765)	Data  0.002 ( 0.002)	Loss 6.5343e-01 (3.3270e+00)	Acc@1 100.00 ( 13.60)	Acc@5 100.00 ( 62.60)
16-Feb-26 19:07:06 - Epoch: [1][1999/9000]	Time  0.747 ( 0.763)	Data  0.001 ( 0.001)	Loss 1.5292e+00 (4.2041e+00)	Acc@1   0.00 ( 19.25)	Acc@5 100.00 ( 70.15)
16-Feb-26 19:19:24 - Epoch: [1][2999/9000]	Time  0.752 ( 0.755)	Data  0.001 ( 0.001)	Loss 3.2498e-02 (4.6742e+00)	Acc@1 100.00 ( 22.37)	Acc@5 100.00 ( 73.53)
16-Feb-26 19:31:46 - Epoch: [1][3999/9000]	Time  0.737 ( 0.752)	Data  0.003 ( 0.001)	Loss 8.5375e+00 (4.9318e+00)	Acc@1   0.00 ( 24.98)	Acc@5   0.00 ( 76.20)
16-Feb-26 19:44:06 - Epoch: [1][4999/9000]	Time  0.753 ( 0.749)	Data  0.001 ( 0.001)	Loss 1.8290e+00 (5.0830e+00)	Acc@1   0.00 ( 27.16)	Acc@5 100.00 ( 78.14)
16-Feb-26 19:56:29 - Epoch: [1][5999/9000]	Time  0.709 ( 0.748)	Data  0.001 ( 0.001)	Loss 2.5554e+00 (5.1975e+00)	Acc@1   0.00 ( 28.47)	Acc@5 100.00 ( 79.57)
16-Feb-26 20:08:48 - Epoch: [1][6999/9000]	Time  0.746 ( 0.747)	Data  0.001 ( 0.001)	Loss 8.7854e+00 (5.2998e+00)	Acc@1   0.00 ( 29.66)	Acc@5 100.00 ( 80.23)
16-Feb-26 20:21:08 - Epoch: [1][7999/9000]	Time  0.734 ( 0.746)	Data  0.001 ( 0.001)	Loss 3.5870e+00 (5.3232e+00)	Acc@1   0.00 ( 30.90)	Acc@5 100.00 ( 81.23)
16-Feb-26 20:33:50 - Epoch: [1][8999/9000]	Time  0.717 ( 0.748)	Data  0.001 ( 0.001)	Loss 1.2919e+01 (5.4224e+00)	Acc@1   0.00 ( 31.59)	Acc@5 100.00 ( 81.88)
16-Feb-26 20:33:50 -  @Training * Acc@1 31.589 Acc@5 81.878 Loss 5.422
16-Feb-26 20:33:50 - One training epoch latency: 6.73e+03s | Avg Power: 196.2W | Energy: 1320411.8822J
